<?xml version="1.0" encoding="UTF-8" ?><automobiles><automobile><person_id>3a4cdb61-edae-40a0-84d8-9708bec41093</person_id><license_plate>2BYW841</license_plate><vin>PWYFP3L847YA6YV2D</vin><color>DodgerBlue</color><year>1994</year></automobile><automobile><person_id>d15dafb4-6370-4830-818e-a25907d9c09a</person_id><license_plate>3BCV 31</license_plate><vin>G76WZAP9XAKN4APYC</vin><color>SeaGreen</color><year>2018</year></automobile><automobile><person_id>d15dafb4-6370-4830-818e-a25907d9c09a</person_id><license_plate>286 6FK</license_plate><vin>3XXEZHDY531NFFLHZ</vin><color>DeepSkyBlue</color><year>1989</year></automobile><automobile><person_id>d15dafb4-6370-4830-818e-a25907d9c09a</person_id><license_plate>UAQ-737</license_plate><vin>C1721AMB5RNV2HDTC</vin><color>PapayaWhip</color><year>2003</year></automobile><automobile><person_id>f9025b00-9d5b-4d7d-8b34-a6a572ea6dbe</person_id><license_plate>DPQ-8210</license_plate><vin>0C2X0W6L9Z2G51CMC</vin><color>MediumSlateBlue</color><year>2021</year></automobile><automobile><person_id>f9025b00-9d5b-4d7d-8b34-a6a572ea6dbe</person_id><license_plate>LXH 509</license_plate><vin>GDCVKGWT5LMGYDZSZ</vin><color>LightPink</color><year>2020</year></automobile><automobile><person_id>e4fbfb8a-bc54-4b96-a1ca-b369a17d6b33</person_id><license_plate>DVE 455</license_plate><vin>TVKL5RX577CXFPXAW</vin><color>Moccasin</color><year>2005</year></automobile><automobile><person_id>e4fbfb8a-bc54-4b96-a1ca-b369a17d6b33</person_id><license_plate>873 ZVK</license_plate><vin>56P5C7PY8LLNGZXCL</vin><color>PaleGreen</color><year>2016</year></automobile><automobile><person_id>67c52d20-12dd-4160-98c6-4d6e65f143da</person_id><license_plate>PW5 O5J</license_plate><vin>YC4EVN050XYF2B696</vin><color>LightGoldenRodYellow</color><year>2004</year></automobile><automobile><person_id>67c52d20-12dd-4160-98c6-4d6e65f143da</person_id><license_plate>KL6 4496</license_plate><vin>WBW4Z2XW91YKEUDRA</vin><color>ForestGreen</color><year>2005</year></automobile><automobile><person_id>c541db56-33f3-43ef-8453-1a22c5e5bb61</person_id><license_plate>91-K822</license_plate><vin>J00L9LN173UEKXU4X</vin><color>BlueViolet</color><year>2017</year></automobile><automobile><person_id>c541db56-33f3-43ef-8453-1a22c5e5bb61</person_id><license_plate>138-NWG</license_plate><vin>4D90DXGU862NZ9GNZ</vin><color>Chartreuse</color><year>2001</year></automobile><automobile><person_id>c541db56-33f3-43ef-8453-1a22c5e5bb61</person_id><license_plate>VUK-016</license_plate><vin>H2BM2RD89YX4D3NSC</vin><color>Indigo</color><year>2004</year></automobile><automobile><person_id>11713d63-f01e-4ea4-a34f-d9089f11cc9b</person_id><license_plate>42-3250O</license_plate><vin>7H8N2Z0V93N22FJD9</vin><color>Linen</color><year>2010</year></automobile><automobile><person_id>604a43dd-330e-4316-8da0-888f37329f04</person_id><license_plate>970 KB5</license_plate><vin>VZ4GNT5059J2TDJZC</vin><color>PowderBlue</color><year>2003</year></automobile><automobile><person_id>604a43dd-330e-4316-8da0-888f37329f04</person_id><license_plate>66-9127H</license_plate><vin>UEXKMB6E2W2L03Y80</vin><color>LightGreen</color><year>1974</year></automobile><automobile><person_id>e6415d39-4124-4220-947d-df59af47b5d5</person_id><license_plate>JPL-8724</license_plate><vin>TUS7SJZ64ZEL396BV</vin><color>AntiqueWhite</color><year>1994</year></automobile><automobile><person_id>e6415d39-4124-4220-947d-df59af47b5d5</person_id><license_plate>563Q9</license_plate><vin>EZS090J4862VMRUTW</vin><color>NavajoWhite</color><year>1971</year></automobile><automobile><person_id>8b258626-ae0e-44a1-8c7c-4810a3b3f821</person_id><license_plate>880 JY8</license_plate><vin>0JF5BUZK8HEVPGL2G</vin><color>PowderBlue</color><year>2012</year></automobile><automobile><person_id>700d1c64-070b-4ee2-8f42-7799f75a25df</person_id><license_plate>3C 1723N</license_plate><vin>B1P82GPT4M7HS4T5K</vin><color>LightPink</color><year>1974</year></automobile><automobile><person_id>d81bfe6a-b8db-49e9-ace9-c97a8359c6db</person_id><license_plate>748 ES4</license_plate><vin>YCNCYELZ4HY6C6F1T</vin><color>Yellow</color><year>1973</year></automobile><automobile><person_id>1f58e6b0-f9cc-4022-aff7-cd2a4c7a28b9</person_id><license_plate>841-HRC</license_plate><vin>5RLAZ01S2L8XTML94</vin><color>PaleGoldenRod</color><year>2023</year></automobile><automobile><person_id>675982d2-4c3d-4c3d-af99-4c6c08cb17b8</person_id><license_plate>ZNN-3407</license_plate><vin>BT5VFUW4653A0UJVU</vin><color>DarkTurquoise</color><year>1995</year></automobile><automobile><person_id>9344838c-a0a1-4d9e-b72d-4163450fe115</person_id><license_plate>4-3484Q</license_plate><vin>32A25X2U0EVAMM03A</vin><color>SlateBlue</color><year>2011</year></automobile><automobile><person_id>9344838c-a0a1-4d9e-b72d-4163450fe115</person_id><license_plate>272-ISY</license_plate><vin>J5AG6V322KA79GC4C</vin><color>MistyRose</color><year>2023</year></automobile><automobile><person_id>d1249b1f-d6ca-42b2-9e22-abcbdc3b4c93</person_id><license_plate>RTO 382</license_plate><vin>FKRUYX6M70M92S5Y6</vin><color>SeaShell</color><year>2016</year></automobile><automobile><person_id>d1249b1f-d6ca-42b2-9e22-abcbdc3b4c93</person_id><license_plate>8-B7831</license_plate><vin>BHH14WP3699TE601C</vin><color>Silver</color><year>2016</year></automobile><automobile><person_id>eedbb228-03bf-4169-9344-6fa968daa60f</person_id><license_plate>6-0961H</license_plate><vin>TZPWB0187X5BEZ2DD</vin><color>Moccasin</color><year>1970</year></automobile><automobile><person_id>eedbb228-03bf-4169-9344-6fa968daa60f</person_id><license_plate>CXA 405</license_plate><vin>ZEZ04W1V1A2VUE6YK</vin><color>Gray</color><year>2008</year></automobile><automobile><person_id>72c9451f-5e87-4f42-8af8-d223749a2205</person_id><license_plate>G84 9NW</license_plate><vin>V431KSNR9AUUURRP8</vin><color>Tomato</color><year>2014</year></automobile><automobile><person_id>da728859-3961-4b35-ab28-5479a2b62cad</person_id><license_plate>0CR9075</license_plate><vin>8Y36JBW04G7L6WFMW</vin><color>DarkBlue</color><year>1980</year></automobile><automobile><person_id>da728859-3961-4b35-ab28-5479a2b62cad</person_id><license_plate>74J W12</license_plate><vin>16SJJVBP0CDKLBEEW</vin><color>Gainsboro</color><year>2001</year></automobile><automobile><person_id>90196538-cd1a-4dec-84b3-f7bee7437738</person_id><license_plate>328 MMN</license_plate><vin>LTVR3BXL11MPNLT2Z</vin><color>Ivory</color><year>2003</year></automobile><automobile><person_id>90196538-cd1a-4dec-84b3-f7bee7437738</person_id><license_plate>UMY 885</license_plate><vin>2T05UBX09K916XTE1</vin><color>AliceBlue</color><year>1972</year></automobile><automobile><person_id>aeb3894c-a553-40bd-b946-3e62ed2c9c2c</person_id><license_plate>025 SUH</license_plate><vin>9LHZJFLZ3TYRJT45V</vin><color>Blue</color><year>1984</year></automobile><automobile><person_id>aeb3894c-a553-40bd-b946-3e62ed2c9c2c</person_id><license_plate>HYB9024</license_plate><vin>UB2K6RJB74WB69WZ5</vin><color>ForestGreen</color><year>1999</year></automobile><automobile><person_id>0e9ed087-7461-4d16-8aaa-959da0f7b09b</person_id><license_plate>HE 47976</license_plate><vin>T6W1B9E19ET0B18R5</vin><color>DodgerBlue</color><year>2022</year></automobile><automobile><person_id>0e9ed087-7461-4d16-8aaa-959da0f7b09b</person_id><license_plate>TDF 7660</license_plate><vin>1KVV77LV5R80X6DW6</vin><color>LightSeaGreen</color><year>2010</year></automobile><automobile><person_id>0c043f1a-0f3f-4293-a2d9-34f7d95ea9e6</person_id><license_plate>240 9GQ</license_plate><vin>3ZC8MZPE652J4EK0P</vin><color>MintCream</color><year>1978</year></automobile><automobile><person_id>0c043f1a-0f3f-4293-a2d9-34f7d95ea9e6</person_id><license_plate>175 DXI</license_plate><vin>NLYPPAM05SUH5KHPM</vin><color>LemonChiffon</color><year>1990</year></automobile><automobile><person_id>fd25c10b-0a98-4369-a86c-62bfadfcbae7</person_id><license_plate>GFJ-918</license_plate><vin>J5KL708S3RHUHZ4UB</vin><color>DarkGoldenRod</color><year>2019</year></automobile><automobile><person_id>aff5da6e-b8ad-4e2b-84d2-c066faa920dd</person_id><license_plate>CST 271</license_plate><vin>JHT8N2GG8XULY5W72</vin><color>MediumAquaMarine</color><year>2001</year></automobile><automobile><person_id>094efc8e-b620-4f6a-ab7a-c63e78e992f0</person_id><license_plate>4350 TK</license_plate><vin>6GHCFXM60XNEKHLP5</vin><color>DodgerBlue</color><year>1979</year></automobile><automobile><person_id>00a1df8f-8737-4ff3-bbd8-e8cc5936e144</person_id><license_plate>3D 29586</license_plate><vin>5G0XPFJY3GZX1FE4H</vin><color>Indigo</color><year>2011</year></automobile><automobile><person_id>00a1df8f-8737-4ff3-bbd8-e8cc5936e144</person_id><license_plate>95DC802</license_plate><vin>86X0T26S8UCWFJAWU</vin><color>Orchid</color><year>1974</year></automobile><automobile><person_id>e0dbcb02-6d46-4bce-b645-2f642db06f17</person_id><license_plate>XEY-3039</license_plate><vin>UNMYWUY78V87C9H5K</vin><color>DarkSeaGreen</color><year>1982</year></automobile><automobile><person_id>1889e559-dced-46b9-8327-8ca2302f344b</person_id><license_plate>7-52353</license_plate><vin>C9TDW7409DL4D5A6A</vin><color>LightGray</color><year>2006</year></automobile><automobile><person_id>9fb737e2-649d-4a8e-89e3-bd3720801f08</person_id><license_plate>RQK-2489</license_plate><vin>Y2BM9MV96W2DALWSC</vin><color>Plum</color><year>1993</year></automobile><automobile><person_id>9fb737e2-649d-4a8e-89e3-bd3720801f08</person_id><license_plate>2-09973V</license_plate><vin>4067XXUN9H13PLF0J</vin><color>Peru</color><year>1980</year></automobile><automobile><person_id>9fb737e2-649d-4a8e-89e3-bd3720801f08</person_id><license_plate>188-GIFH</license_plate><vin>TPLP9EE02FX43DBJ1</vin><color>Linen</color><year>2013</year></automobile><automobile><person_id>49054967-c926-48de-b1f9-b1c328ccfe55</person_id><license_plate>ARG Y95</license_plate><vin>GC7VPE847PKEFKWRS</vin><color>LightGoldenRodYellow</color><year>2007</year></automobile><automobile><person_id>d3e5daeb-545e-42f4-afac-ce09d9032d29</person_id><license_plate>537 TIR</license_plate><vin>FBPP8ECZ44YDU2YFH</vin><color>MediumOrchid</color><year>2000</year></automobile><automobile><person_id>0957299f-7fd5-4e5f-badb-bb3ee3537a6e</person_id><license_plate>416-FSM</license_plate><vin>BV1V43DT7T7WCBMS3</vin><color>Aquamarine</color><year>2018</year></automobile><automobile><person_id>c58a6f47-6214-4ec4-8bda-2018bfb778ba</person_id><license_plate>LXI 876</license_plate><vin>9TVDJFPR2FGJH30RV</vin><color>Khaki</color><year>1997</year></automobile><automobile><person_id>c58a6f47-6214-4ec4-8bda-2018bfb778ba</person_id><license_plate>QF8 P0J</license_plate><vin>LJZBL3NH0BB15WD2F</vin><color>Lavender</color><year>2015</year></automobile><automobile><person_id>f734c0c9-73d2-4ed3-91b4-98b24dda4e86</person_id><license_plate>CC8 1780</license_plate><vin>TPHV3BCY3K7E6E87X</vin><color>Peru</color><year>1994</year></automobile><automobile><person_id>f734c0c9-73d2-4ed3-91b4-98b24dda4e86</person_id><license_plate>8GX J68</license_plate><vin>Y4XBJJMX2VZ2UAVLJ</vin><color>DarkRed</color><year>1976</year></automobile><automobile><person_id>339aeb01-b7dc-4059-a3ef-3b037101d925</person_id><license_plate>T15 8UZ</license_plate><vin>LD6GV79Z7CYTHPL71</vin><color>LightBlue</color><year>1984</year></automobile><automobile><person_id>3caf8966-4d0a-45b8-b875-55b99f664198</person_id><license_plate>271-XSS</license_plate><vin>EE64N1277MWWZ74V3</vin><color>Brown</color><year>2003</year></automobile><automobile><person_id>0e65b678-ff48-40b2-a0ca-5297828f8093</person_id><license_plate>4Y118</license_plate><vin>SV3LE6UM4TJEWFXDV</vin><color>PaleGreen</color><year>1994</year></automobile><automobile><person_id>74b7ac93-ba6b-4f20-824a-5b1c932c892f</person_id><license_plate>39-1173G</license_plate><vin>X4BMZG1Z8G8R39V5Y</vin><color>Orange</color><year>1983</year></automobile><automobile><person_id>a0087b96-a2de-422f-acda-b20a45fc88e9</person_id><license_plate>4HH 040</license_plate><vin>A7970EZZ5EHUC15GU</vin><color>Teal</color><year>1977</year></automobile><automobile><person_id>a0087b96-a2de-422f-acda-b20a45fc88e9</person_id><license_plate>8ZZM689</license_plate><vin>9VCNK6AX452GH59BS</vin><color>LimeGreen</color><year>2017</year></automobile><automobile><person_id>8307d208-c539-4b32-aa9e-b555ce382186</person_id><license_plate>RFB 245</license_plate><vin>NYEM5VVV46W2D41M8</vin><color>MediumPurple</color><year>1986</year></automobile><automobile><person_id>c6eb2d84-38ef-49c9-ab79-53a2b46f3238</person_id><license_plate>478-CKH</license_plate><vin>KNBW34Y5XW3F7GM2S</vin><color>LightPink</color><year>2002</year></automobile><automobile><person_id>0d2a0591-d1f3-4582-a030-37ee080d9eec</person_id><license_plate>HSG 145</license_plate><vin>3DR5R51R6XURS7398</vin><color>Snow</color><year>1989</year></automobile><automobile><person_id>0d2a0591-d1f3-4582-a030-37ee080d9eec</person_id><license_plate>036WRH</license_plate><vin>00W39CKW0Z9CWRSAX</vin><color>SlateGray</color><year>1981</year></automobile><automobile><person_id>5f720396-6b4f-4523-8014-9da5489b0e04</person_id><license_plate>666-ATT</license_plate><vin>ZBFHF0NK19NXR65H2</vin><color>DarkViolet</color><year>1973</year></automobile><automobile><person_id>1a2cda97-bca6-45ae-9a4c-b5b7b97eb3bb</person_id><license_plate>476 0646</license_plate><vin>X8WF8U972RJFYN5Z1</vin><color>GreenYellow</color><year>2008</year></automobile><automobile><person_id>1a2cda97-bca6-45ae-9a4c-b5b7b97eb3bb</person_id><license_plate>461 ZOX</license_plate><vin>MP87LFMN0EFEXFJ96</vin><color>SeaGreen</color><year>2016</year></automobile><automobile><person_id>1a2cda97-bca6-45ae-9a4c-b5b7b97eb3bb</person_id><license_plate>SLK4124</license_plate><vin>L3E5GM047UEP2VNRX</vin><color>Khaki</color><year>1979</year></automobile><automobile><person_id>09bcbc5e-4ea4-4ef9-a052-6f14caacf018</person_id><license_plate>1LY 574</license_plate><vin>14E7CEV01J5R7SNUM</vin><color>DarkKhaki</color><year>1985</year></automobile><automobile><person_id>062c4e80-9248-40d2-87ba-b02fe4c76794</person_id><license_plate>6UIF552</license_plate><vin>2SH96FWT68GXKEEY7</vin><color>Fuchsia</color><year>1973</year></automobile><automobile><person_id>37188fc4-58ec-4a06-8d24-8234618db2fa</person_id><license_plate>WGE-6706</license_plate><vin>E11EK8PX0T5YU4SL9</vin><color>MediumOrchid</color><year>1974</year></automobile><automobile><person_id>37188fc4-58ec-4a06-8d24-8234618db2fa</person_id><license_plate>065-WUA</license_plate><vin>9E1LZJS49CSZMMLRY</vin><color>DarkTurquoise</color><year>2020</year></automobile><automobile><person_id>c4adca7e-4ed3-4ae6-8264-0703af0c1708</person_id><license_plate>443 SVR</license_plate><vin>7J80DX325DERRSS5F</vin><color>Orange</color><year>2015</year></automobile><automobile><person_id>52ef67bd-8a63-4e6c-b862-d75fa90303de</person_id><license_plate>419-KWK</license_plate><vin>9MNMBSW46ADJEH8UA</vin><color>Chocolate</color><year>1985</year></automobile><automobile><person_id>84677423-bc1e-4765-af19-6cc371b1a407</person_id><license_plate>92L M46</license_plate><vin>EVUU008B7BLH3TX0W</vin><color>Green</color><year>2017</year></automobile><automobile><person_id>6e5c1187-a1c9-43bf-b7e6-7e933c79e19f</person_id><license_plate>MLD 0409</license_plate><vin>CNEYZPV419GZG415W</vin><color>Bisque</color><year>2014</year></automobile><automobile><person_id>6e5c1187-a1c9-43bf-b7e6-7e933c79e19f</person_id><license_plate>70-9155N</license_plate><vin>LSZA2DAG3SKFDJ9L8</vin><color>SteelBlue</color><year>2005</year></automobile><automobile><person_id>6e5c1187-a1c9-43bf-b7e6-7e933c79e19f</person_id><license_plate>333 UZK</license_plate><vin>JE4D3LM99NRGABBYR</vin><color>Bisque</color><year>1975</year></automobile><automobile><person_id>dcde3a61-c454-4ff2-98d3-98fa337ab5c1</person_id><license_plate>MJF 092</license_plate><vin>TXTJXGFV5U8LNEW8X</vin><color>CornflowerBlue</color><year>1979</year></automobile><automobile><person_id>dcde3a61-c454-4ff2-98d3-98fa337ab5c1</person_id><license_plate>72OF5</license_plate><vin>NB2VVXK33SM7KBC3G</vin><color>CornflowerBlue</color><year>1993</year></automobile><automobile><person_id>4d284e55-0397-4a4e-941f-2f2582e44e1b</person_id><license_plate>G65-JUL</license_plate><vin>9ERY0SGV5KGCZV6BX</vin><color>Khaki</color><year>2005</year></automobile><automobile><person_id>4d284e55-0397-4a4e-941f-2f2582e44e1b</person_id><license_plate>TJC 503</license_plate><vin>54ZDCAHZ58X3581DA</vin><color>FireBrick</color><year>2000</year></automobile><automobile><person_id>8343fde7-da25-4053-91d6-71d6db998308</person_id><license_plate>500P</license_plate><vin>59JS082496KUA6NWA</vin><color>LimeGreen</color><year>1982</year></automobile><automobile><person_id>8343fde7-da25-4053-91d6-71d6db998308</person_id><license_plate>119-JKB</license_plate><vin>UF4FD2738FVS6TTY2</vin><color>MediumTurquoise</color><year>2004</year></automobile><automobile><person_id>ce0b30c7-3de7-451e-8d56-0529697bf1d2</person_id><license_plate>3E X0685</license_plate><vin>MVSEMEYG6PWVXNAJH</vin><color>WhiteSmoke</color><year>1975</year></automobile><automobile><person_id>ce0b30c7-3de7-451e-8d56-0529697bf1d2</person_id><license_plate>HYH-2441</license_plate><vin>KG93ALAC6FAWNFVG9</vin><color>Moccasin</color><year>1985</year></automobile><automobile><person_id>ce0b30c7-3de7-451e-8d56-0529697bf1d2</person_id><license_plate>HZA 560</license_plate><vin>UT37G6LP06EEZ1U2A</vin><color>LightGray</color><year>2011</year></automobile><automobile><person_id>d6ccb637-643a-4432-840e-0a3b7cf13c5d</person_id><license_plate>PFN 316</license_plate><vin>FPAYCV9T4F52CLWAP</vin><color>CornflowerBlue</color><year>1997</year></automobile><automobile><person_id>b5708efa-f889-4ef8-be87-7f857808b01f</person_id><license_plate>IYZ 185</license_plate><vin>YBPMDW6J8JVPB0KA5</vin><color>SlateGray</color><year>2021</year></automobile><automobile><person_id>b5708efa-f889-4ef8-be87-7f857808b01f</person_id><license_plate>416 7XF</license_plate><vin>982X21UC88C57A95T</vin><color>SpringGreen</color><year>1972</year></automobile><automobile><person_id>40324084-43c8-4c66-8273-f51ec6e69396</person_id><license_plate>87I J11</license_plate><vin>1STUSA849B4KKPDYT</vin><color>CadetBlue</color><year>1995</year></automobile><automobile><person_id>40324084-43c8-4c66-8273-f51ec6e69396</person_id><license_plate>P89-LFL</license_plate><vin>6FABSBFN70H9TZTJY</vin><color>LavenderBlush</color><year>1975</year></automobile><automobile><person_id>40324084-43c8-4c66-8273-f51ec6e69396</person_id><license_plate>BYZ-743</license_plate><vin>NF8G88UC8GNDSE9GU</vin><color>MediumPurple</color><year>1975</year></automobile><automobile><person_id>e7a553c1-ffba-4935-bd53-0a72c10660ae</person_id><license_plate>880 CHE</license_plate><vin>BHMWW45J4FBX2CXFK</vin><color>Cyan</color><year>2022</year></automobile><automobile><person_id>3d3d1930-28d0-4e51-a137-c61dc006cfa6</person_id><license_plate>9UO 892</license_plate><vin>4HYMNJHV29H0A1H5H</vin><color>DeepPink</color><year>2003</year></automobile><automobile><person_id>3d3d1930-28d0-4e51-a137-c61dc006cfa6</person_id><license_plate>ZEL-2931</license_plate><vin>7PMZNYKS0AV9GM61D</vin><color>RoyalBlue</color><year>2010</year></automobile><automobile><person_id>b1fc37a7-4ab8-49b2-97a1-6f86342f84cc</person_id><license_plate>GSW 514</license_plate><vin>2LKEVTLZ45WBM4PPW</vin><color>LightSalmon</color><year>1987</year></automobile><automobile><person_id>b1fc37a7-4ab8-49b2-97a1-6f86342f84cc</person_id><license_plate>616 CKE</license_plate><vin>69DBSAU78S7U6G2U5</vin><color>Khaki</color><year>2002</year></automobile><automobile><person_id>90d30633-250f-4c1e-9d50-1a65139e7f0f</person_id><license_plate>922 LE5</license_plate><vin>5S65XAC2XVEM3G4CV</vin><color>LemonChiffon</color><year>1994</year></automobile><automobile><person_id>90d30633-250f-4c1e-9d50-1a65139e7f0f</person_id><license_plate>868 QAB</license_plate><vin>0U1TSPLS2C9TYDSSK</vin><color>Orchid</color><year>1980</year></automobile><automobile><person_id>7ca3f120-af9e-485d-a4b0-c05bc111a255</person_id><license_plate>KMX-382</license_plate><vin>NFPGFJ101R4JDG29L</vin><color>Cyan</color><year>2019</year></automobile><automobile><person_id>7ca3f120-af9e-485d-a4b0-c05bc111a255</person_id><license_plate>79S•631</license_plate><vin>47GBTTX763L1TJWWD</vin><color>RoyalBlue</color><year>2020</year></automobile><automobile><person_id>7ca3f120-af9e-485d-a4b0-c05bc111a255</person_id><license_plate>334 MYS</license_plate><vin>KT6V1T5M0P1JVP8HG</vin><color>DarkSeaGreen</color><year>1995</year></automobile><automobile><person_id>3e5e24a9-9152-4db7-80ac-8ea68b86428f</person_id><license_plate>21-7415Q</license_plate><vin>MM38MTED2RETH3WGE</vin><color>LightCyan</color><year>1972</year></automobile><automobile><person_id>3e5e24a9-9152-4db7-80ac-8ea68b86428f</person_id><license_plate>7VXR375</license_plate><vin>5MS17WC00KDRTTAVL</vin><color>DarkRed</color><year>1997</year></automobile><automobile><person_id>b8951c91-5a20-4f98-a7c7-c543e8963804</person_id><license_plate>6WW73</license_plate><vin>M2KNASNX9VL2N2WE2</vin><color>MediumBlue</color><year>1977</year></automobile><automobile><person_id>cbbd652d-19c3-4b6f-b36d-797252b64f37</person_id><license_plate>NCL 196</license_plate><vin>NL6NZBZJ0NNESGSXM</vin><color>Maroon</color><year>1978</year></automobile><automobile><person_id>cbbd652d-19c3-4b6f-b36d-797252b64f37</person_id><license_plate>M99 7ZK</license_plate><vin>BE6CY1W4107HY53V9</vin><color>LightGray</color><year>2005</year></automobile><automobile><person_id>7885ef25-3201-45d9-a53e-36d20f039cea</person_id><license_plate>XCB 690</license_plate><vin>K1VSA5WR9DJPAREB9</vin><color>Gray</color><year>1982</year></automobile><automobile><person_id>7885ef25-3201-45d9-a53e-36d20f039cea</person_id><license_plate>932 3TW</license_plate><vin>AK0AV0SH6SEYSGW2P</vin><color>MintCream</color><year>2018</year></automobile><automobile><person_id>6a4e7b5b-101b-4077-b972-b52a9c0eed60</person_id><license_plate>M04 7AY</license_plate><vin>RU94ZATX855EPKJNW</vin><color>MediumSlateBlue</color><year>1997</year></automobile><automobile><person_id>865ebce7-64f4-4daa-8f07-3e1d527ec49d</person_id><license_plate>6E KX608</license_plate><vin>YFE7ZHD09451YYMYV</vin><color>MidnightBlue</color><year>2007</year></automobile><automobile><person_id>11ef1107-4428-4148-8b62-b5a2b87642a2</person_id><license_plate>770CDG</license_plate><vin>793MF86G0VE1DA1L4</vin><color>MediumPurple</color><year>1970</year></automobile><automobile><person_id>11ef1107-4428-4148-8b62-b5a2b87642a2</person_id><license_plate>O81 9JW</license_plate><vin>8H9TL5BE121BC6W16</vin><color>Violet</color><year>1993</year></automobile><automobile><person_id>80d3c378-64a4-4919-b534-ed0634ec9315</person_id><license_plate>J34 1GE</license_plate><vin>VCH6225T225LW5XD7</vin><color>Plum</color><year>1980</year></automobile><automobile><person_id>80d3c378-64a4-4919-b534-ed0634ec9315</person_id><license_plate>7KU 383</license_plate><vin>TWW740281DBUWSVNV</vin><color>Turquoise</color><year>2015</year></automobile><automobile><person_id>43fb946c-5020-48f6-8a3a-0943d7681057</person_id><license_plate>068-JXM</license_plate><vin>NJ5AH1M65233S5VCN</vin><color>BlueViolet</color><year>1996</year></automobile><automobile><person_id>7dccc58f-d506-4bcd-be91-810b2bf84f31</person_id><license_plate>361-BUR</license_plate><vin>0NUCR9H662WCKY5BA</vin><color>DarkGoldenRod</color><year>1987</year></automobile><automobile><person_id>b9debebb-0178-4613-a9cc-ca33006d1fbd</person_id><license_plate>3RF 312</license_plate><vin>PJ465NVV7GPPSDK7C</vin><color>LightGreen</color><year>1981</year></automobile><automobile><person_id>b57b7fbf-4362-4bdb-8655-9a30bdd6c5fb</person_id><license_plate>OKI 089</license_plate><vin>7SA01XV67RA01ESK5</vin><color>Orchid</color><year>1984</year></automobile><automobile><person_id>b659bdc7-16eb-42c6-92fc-a60a971df46b</person_id><license_plate>89L V26</license_plate><vin>TEVWGNYZ2JWUGPYGP</vin><color>MediumOrchid</color><year>1979</year></automobile><automobile><person_id>b659bdc7-16eb-42c6-92fc-a60a971df46b</person_id><license_plate>FA 58713</license_plate><vin>LUNKXJAN9SF2CKYGG</vin><color>Cornsilk</color><year>2017</year></automobile></automobiles>