<?xml version="1.0" encoding="UTF-8" ?><automobiles><automobile><person_id>fd41e6fe-e9b2-47f2-92ca-be163b752a71</person_id><license_plate>M78 9QC</license_plate><vin>TSWJGKS82UCFWGCEF</vin><color>MediumSpringGreen</color><year>2002</year></automobile><automobile><person_id>5f2b4454-d71a-48ca-8ea8-5f101503210d</person_id><license_plate>29T I89</license_plate><vin>9E6BYZ910BAS3VXCG</vin><color>ForestGreen</color><year>2002</year></automobile><automobile><person_id>9ddf8a0e-bf05-48ca-89d8-d57ede3301ff</person_id><license_plate>230-480</license_plate><vin>BVGAT0GU2C5074SVH</vin><color>BlanchedAlmond</color><year>2010</year></automobile><automobile><person_id>9ddf8a0e-bf05-48ca-89d8-d57ede3301ff</person_id><license_plate>DQ0 Y5M</license_plate><vin>0FD6UN4X1BPVW8AYW</vin><color>Orange</color><year>1970</year></automobile><automobile><person_id>bb8b11b5-95ba-4e20-99f9-cc7adddf0bc9</person_id><license_plate>3SQL 19</license_plate><vin>ANMYG5K13UXBGAU2Y</vin><color>Olive</color><year>1984</year></automobile><automobile><person_id>bb8b11b5-95ba-4e20-99f9-cc7adddf0bc9</person_id><license_plate>HDW 047</license_plate><vin>HUU5J5TD0V1FS9ZCK</vin><color>Pink</color><year>2014</year></automobile><automobile><person_id>bb8b11b5-95ba-4e20-99f9-cc7adddf0bc9</person_id><license_plate>HRS 534</license_plate><vin>R3NVFHV089C3HPSUA</vin><color>BlanchedAlmond</color><year>1974</year></automobile><automobile><person_id>22a869db-7e07-49e3-8f4c-67719ac6c877</person_id><license_plate>578432</license_plate><vin>TPDTYGWM472VPR88X</vin><color>Aquamarine</color><year>2015</year></automobile><automobile><person_id>9aa1bc8f-3de2-4886-a683-aeab5eaa8dc5</person_id><license_plate>RTC9034</license_plate><vin>EYAW751A5VH2ULXGP</vin><color>GoldenRod</color><year>1991</year></automobile><automobile><person_id>4022a733-808d-4bb6-a5d8-1bfebea80919</person_id><license_plate>UG2 J2E</license_plate><vin>KKA1A6WD1SAW8N4PY</vin><color>Wheat</color><year>2010</year></automobile><automobile><person_id>4022a733-808d-4bb6-a5d8-1bfebea80919</person_id><license_plate>6-T5359</license_plate><vin>P795Y9F94DRMKCEZV</vin><color>Purple</color><year>1973</year></automobile><automobile><person_id>94334a0f-9ed8-43e1-8f3b-d2dbe3b41ffc</person_id><license_plate>0OC L08</license_plate><vin>FX9AKWXF6K06CSGYC</vin><color>MediumSpringGreen</color><year>1994</year></automobile><automobile><person_id>94334a0f-9ed8-43e1-8f3b-d2dbe3b41ffc</person_id><license_plate>77T•659</license_plate><vin>Y5AN7F9X9L9XZR0P8</vin><color>Teal</color><year>1985</year></automobile><automobile><person_id>cc9d3af1-9133-41f0-b291-1586595f69e8</person_id><license_plate>QDQ-1835</license_plate><vin>GN8U986C55E59M3VZ</vin><color>DarkSalmon</color><year>1993</year></automobile><automobile><person_id>cc9d3af1-9133-41f0-b291-1586595f69e8</person_id><license_plate>508 5YP</license_plate><vin>CAVVGSNU7SGXF5MKH</vin><color>MidnightBlue</color><year>2000</year></automobile><automobile><person_id>29a02e8b-9d09-40a7-a345-5a632692f16a</person_id><license_plate>217DJK</license_plate><vin>Y6LF9YR21L6R2K57N</vin><color>Purple</color><year>1978</year></automobile><automobile><person_id>29a02e8b-9d09-40a7-a345-5a632692f16a</person_id><license_plate>5J 7011E</license_plate><vin>F9950RPC6S997ZR18</vin><color>CadetBlue</color><year>1974</year></automobile><automobile><person_id>09ffb244-12de-480d-a6f0-f91e5e0168e0</person_id><license_plate>6788</license_plate><vin>PDK8TJLV6WKNYN63T</vin><color>SteelBlue</color><year>1977</year></automobile><automobile><person_id>09ffb244-12de-480d-a6f0-f91e5e0168e0</person_id><license_plate>SUZ 7331</license_plate><vin>U6BBX8TA78V764SXK</vin><color>Crimson</color><year>1995</year></automobile><automobile><person_id>f59a53cc-6760-4121-a715-6ab4befe3d61</person_id><license_plate>Q88 3VA</license_plate><vin>HCVRSMHD8DFZW405Y</vin><color>DarkSlateGray</color><year>2004</year></automobile><automobile><person_id>f59a53cc-6760-4121-a715-6ab4befe3d61</person_id><license_plate>6-65705T</license_plate><vin>23YUUM4C6U0493XCL</vin><color>GoldenRod</color><year>1994</year></automobile><automobile><person_id>650e2d54-b02d-40b3-bb63-139a62e1859c</person_id><license_plate>6-R9082</license_plate><vin>WLJGJU2G6A1MNAA8T</vin><color>DarkSalmon</color><year>2016</year></automobile><automobile><person_id>650e2d54-b02d-40b3-bb63-139a62e1859c</person_id><license_plate>9DY95</license_plate><vin>RR057GTD07RRNTN2K</vin><color>LightSkyBlue</color><year>2019</year></automobile><automobile><person_id>528daed6-d7c7-4c94-a77c-5a784b1f6247</person_id><license_plate>92-3512Y</license_plate><vin>J4BYPFCZ6C8KFLTE0</vin><color>IndianRed</color><year>2003</year></automobile><automobile><person_id>528daed6-d7c7-4c94-a77c-5a784b1f6247</person_id><license_plate>224FW</license_plate><vin>TNESSYAV20XLK9NCD</vin><color>PowderBlue</color><year>2022</year></automobile><automobile><person_id>220aaa92-4745-4015-a0c3-c5fffe684265</person_id><license_plate>CAS 6980</license_plate><vin>49LZ0YY93DVGZX93T</vin><color>FireBrick</color><year>1987</year></automobile><automobile><person_id>6299724c-e4d7-460b-9d35-462ec7b66193</person_id><license_plate>4DD24</license_plate><vin>3RA57TAJ3WRXVZMT6</vin><color>DeepSkyBlue</color><year>2007</year></automobile><automobile><person_id>6299724c-e4d7-460b-9d35-462ec7b66193</person_id><license_plate>358UJ</license_plate><vin>6A18LGPW4GFU79L9S</vin><color>PaleVioletRed</color><year>2010</year></automobile><automobile><person_id>6299724c-e4d7-460b-9d35-462ec7b66193</person_id><license_plate>729MI</license_plate><vin>3BUXUXHM5CM0X0LW7</vin><color>DeepSkyBlue</color><year>1992</year></automobile><automobile><person_id>0bed0f10-2245-4611-b873-a1794e3d1fb9</person_id><license_plate>791H3</license_plate><vin>VYK729BK3GA848V35</vin><color>Tan</color><year>2017</year></automobile><automobile><person_id>0bed0f10-2245-4611-b873-a1794e3d1fb9</person_id><license_plate>E95 8LW</license_plate><vin>PFVGM85N72TEXS24J</vin><color>DarkSlateBlue</color><year>2009</year></automobile><automobile><person_id>e924cb7b-26b2-40b6-8a71-5738d604e3ef</person_id><license_plate>912 WDJ</license_plate><vin>BYRVD4B6XWZ43MJM5</vin><color>GreenYellow</color><year>1970</year></automobile><automobile><person_id>75fb5f5f-2344-457c-a516-714a10256565</person_id><license_plate>OEI 910</license_plate><vin>7S5XV7ZL26WS3FZB6</vin><color>Brown</color><year>1996</year></automobile><automobile><person_id>fcea2d5b-6c5e-4527-8008-882c4d2ccf46</person_id><license_plate>5-93837L</license_plate><vin>B6FNX2FE0NWXWN7K5</vin><color>MediumAquaMarine</color><year>2009</year></automobile><automobile><person_id>51b729f0-4ac5-4b5e-a71c-81902d2a5ce5</person_id><license_plate>4T 0V1SQL</license_plate><vin>WDK0Y5JP4JCHDDSZG</vin><color>Navy</color><year>1982</year></automobile><automobile><person_id>ffb55a9d-9216-4fbb-81cc-ecc738f97c04</person_id><license_plate>J80-77Q</license_plate><vin>4XKT4PX15HN80R7JV</vin><color>HotPink</color><year>1979</year></automobile><automobile><person_id>3510586b-b008-432e-98b8-db0cd0e03a67</person_id><license_plate>080 0768</license_plate><vin>CJTNXD66XJKB1JHZ6</vin><color>Beige</color><year>1994</year></automobile><automobile><person_id>2ac95c54-0202-486d-8626-1f74731b0e1e</person_id><license_plate>9R 40425</license_plate><vin>3VH4J4PAX184B3JHT</vin><color>Lavender</color><year>1985</year></automobile><automobile><person_id>2ac95c54-0202-486d-8626-1f74731b0e1e</person_id><license_plate>ZR7 R4H</license_plate><vin>28LD8ED80ERL7H7XG</vin><color>DarkGray</color><year>1993</year></automobile><automobile><person_id>23d0130a-a10e-4a07-aec4-577cbc7e7ede</person_id><license_plate>MQZ 551</license_plate><vin>WBMRMF535UZJVWPJF</vin><color>Brown</color><year>1973</year></automobile><automobile><person_id>ea4a7bfa-1e60-4758-b609-9bdf1c904f32</person_id><license_plate>RNW 5563</license_plate><vin>TWJ9358R3AK56F0F8</vin><color>Sienna</color><year>2015</year></automobile><automobile><person_id>ea4a7bfa-1e60-4758-b609-9bdf1c904f32</person_id><license_plate>5748 JQ</license_plate><vin>5UJ01XL88FWV1CL3Z</vin><color>BlueViolet</color><year>1980</year></automobile><automobile><person_id>ea4a7bfa-1e60-4758-b609-9bdf1c904f32</person_id><license_plate>MTK 674</license_plate><vin>ZWF2N05F1WGB5AJCM</vin><color>DarkTurquoise</color><year>1984</year></automobile><automobile><person_id>9c9e871e-81bd-456f-98d6-1c9af2085159</person_id><license_plate>RF-4715</license_plate><vin>X80BMEHU5YLXG5V3L</vin><color>Cornsilk</color><year>1990</year></automobile><automobile><person_id>d82104e3-b0a8-4c16-bf54-316785b943a5</person_id><license_plate>2SEZ557</license_plate><vin>40GTWXB22NDGTTP9B</vin><color>LightCyan</color><year>2003</year></automobile><automobile><person_id>d82104e3-b0a8-4c16-bf54-316785b943a5</person_id><license_plate>KT 1312</license_plate><vin>C6Z4DL487GWY4M1ND</vin><color>Moccasin</color><year>2018</year></automobile><automobile><person_id>d82104e3-b0a8-4c16-bf54-316785b943a5</person_id><license_plate>PCM 879</license_plate><vin>5ANJC6JN875J6404Z</vin><color>HoneyDew</color><year>1981</year></automobile><automobile><person_id>c24e16c0-be68-44f7-a7b8-6cdd327d3a51</person_id><license_plate>SB 5699</license_plate><vin>WMPWKCFBXDZ929WBT</vin><color>NavajoWhite</color><year>2008</year></automobile><automobile><person_id>c24e16c0-be68-44f7-a7b8-6cdd327d3a51</person_id><license_plate>599-NZA</license_plate><vin>0VRX4TFM2JTBCDZAR</vin><color>Blue</color><year>2000</year></automobile><automobile><person_id>d5d3eaf8-8445-40c2-8a8b-a3124111cfb0</person_id><license_plate>119 RHM</license_plate><vin>81A83GU04FZ898BRM</vin><color>Maroon</color><year>2016</year></automobile><automobile><person_id>c152e649-d12f-4f51-8553-4a367dc3f068</person_id><license_plate>FO5 R9G</license_plate><vin>6J83CUSC6SKYA613V</vin><color>Brown</color><year>2020</year></automobile><automobile><person_id>eb588a90-f068-4584-b495-39cfc7cc0865</person_id><license_plate>LTJ 332</license_plate><vin>BNA8S9RC0BK54PP0H</vin><color>PaleGoldenRod</color><year>1975</year></automobile><automobile><person_id>eb588a90-f068-4584-b495-39cfc7cc0865</person_id><license_plate>QGP 1750</license_plate><vin>J3DF2JBF4MTFUYUSV</vin><color>FloralWhite</color><year>2004</year></automobile><automobile><person_id>b042a043-5b7a-4438-84ee-8a08e38a51c2</person_id><license_plate>521 8RN</license_plate><vin>3U6V4GBV1XCY8M85W</vin><color>Violet</color><year>1975</year></automobile><automobile><person_id>ce566c17-5a1d-47d7-affb-585588ba30f9</person_id><license_plate>ZFZ 737</license_plate><vin>PDUDK0XS8X6U6VT9C</vin><color>DarkSeaGreen</color><year>2002</year></automobile><automobile><person_id>ce566c17-5a1d-47d7-affb-585588ba30f9</person_id><license_plate>LLS-7696</license_plate><vin>KT97NJYB5B2A07MW9</vin><color>OldLace</color><year>1988</year></automobile><automobile><person_id>ce566c17-5a1d-47d7-affb-585588ba30f9</person_id><license_plate>9-21875</license_plate><vin>NFNPG85C388RVY281</vin><color>MediumSpringGreen</color><year>2000</year></automobile><automobile><person_id>2cbd4573-69d5-4ac7-a10b-f120a6f06283</person_id><license_plate>HHF 833</license_plate><vin>9H5YJF4Z43R9CGGE0</vin><color>RoyalBlue</color><year>1981</year></automobile><automobile><person_id>bda603cd-a69b-4efc-a0de-7ee0fd7a5a36</person_id><license_plate>BC0 D6V</license_plate><vin>8ZZ0NE759WBXPAF0W</vin><color>CornflowerBlue</color><year>1978</year></automobile><automobile><person_id>ee2f443d-60bb-4db7-b1ef-3ea6e1fc5ded</person_id><license_plate>99X D21</license_plate><vin>X41H113L5LMDFSDXX</vin><color>DarkGray</color><year>2000</year></automobile><automobile><person_id>ee2f443d-60bb-4db7-b1ef-3ea6e1fc5ded</person_id><license_plate>MBP1376</license_plate><vin>KGT72BDM63C1CK1TJ</vin><color>RosyBrown</color><year>1975</year></automobile><automobile><person_id>1cb14be5-dcc9-45c4-ba19-4feb68fec927</person_id><license_plate>S26 8OO</license_plate><vin>LFH7H3AT65NJ9UNM2</vin><color>Navy</color><year>1977</year></automobile><automobile><person_id>d9fa7a76-68da-49a8-9698-785132718703</person_id><license_plate>SV3 O4O</license_plate><vin>Z4USU11632TF78NS7</vin><color>Aquamarine</color><year>1997</year></automobile><automobile><person_id>1c9c6646-236d-4bab-8fff-e3e9454a3092</person_id><license_plate>216 FLM</license_plate><vin>HS4B1S1R7SD8ZPP67</vin><color>LightGreen</color><year>1994</year></automobile><automobile><person_id>ac1dd54d-d2c8-41bb-86b9-e0522feafaf8</person_id><license_plate>3IY 369</license_plate><vin>N9EJV8C99TXNR0M0H</vin><color>Orange</color><year>1996</year></automobile><automobile><person_id>5cb76d43-07ec-492b-b3e5-a63dafecda58</person_id><license_plate>QX9 5878</license_plate><vin>5K7CXH5848VZNYYUW</vin><color>PaleGreen</color><year>1992</year></automobile><automobile><person_id>3eafa24a-b3c0-4c99-9837-be8b80b46720</person_id><license_plate>XKM1140</license_plate><vin>BDLB0TY763U8WVMEC</vin><color>LightPink</color><year>2002</year></automobile><automobile><person_id>3eafa24a-b3c0-4c99-9837-be8b80b46720</person_id><license_plate>3-I8707</license_plate><vin>01J64BYZ2B2J1J59Z</vin><color>Purple</color><year>2015</year></automobile><automobile><person_id>f817c5a1-a352-4cc5-aee1-77b074974b9b</person_id><license_plate>0K OH385</license_plate><vin>T5S6TGP28YYUR02G0</vin><color>Purple</color><year>1993</year></automobile><automobile><person_id>db118cc1-17ec-4e29-9f1c-9da2a887b659</person_id><license_plate>994CHB</license_plate><vin>FJBACHLS3KGFBHYNL</vin><color>LemonChiffon</color><year>2010</year></automobile><automobile><person_id>acf53edf-cd00-4232-be45-fd4605de5113</person_id><license_plate>KRY-276</license_plate><vin>H8GZBW80905WBKAE0</vin><color>Azure</color><year>2001</year></automobile><automobile><person_id>acf53edf-cd00-4232-be45-fd4605de5113</person_id><license_plate>746-892</license_plate><vin>ZJFGZT49932F6CXBM</vin><color>DarkOrchid</color><year>2018</year></automobile><automobile><person_id>8550b0e9-d3a2-4c0d-b58c-f06d2c0f22d3</person_id><license_plate>HL 4925</license_plate><vin>KYW4PMET4U4YCEDKP</vin><color>RosyBrown</color><year>1973</year></automobile><automobile><person_id>8550b0e9-d3a2-4c0d-b58c-f06d2c0f22d3</person_id><license_plate>220 7071</license_plate><vin>64LCRK2H52YGE5NFM</vin><color>MediumAquaMarine</color><year>2008</year></automobile><automobile><person_id>865b00fe-a269-4cb0-b1d8-a7974a25f3f8</person_id><license_plate>PEV 458</license_plate><vin>M8FFHA6J1HH78FWUM</vin><color>ForestGreen</color><year>2006</year></automobile><automobile><person_id>865b00fe-a269-4cb0-b1d8-a7974a25f3f8</person_id><license_plate>HEJ 824</license_plate><vin>JNE3AZ206URDC1NZZ</vin><color>LavenderBlush</color><year>2018</year></automobile><automobile><person_id>d2f366b9-0974-4b10-a96b-c6e8eabde5f5</person_id><license_plate>366 0ZF</license_plate><vin>AAD0WGCR01S2UCXXW</vin><color>LightCoral</color><year>2004</year></automobile><automobile><person_id>d2f366b9-0974-4b10-a96b-c6e8eabde5f5</person_id><license_plate>7UGF738</license_plate><vin>PDKMR27A7C0BFYJTX</vin><color>RoyalBlue</color><year>2000</year></automobile><automobile><person_id>bf04d032-7bf5-44f0-b020-ec84f1aa2c57</person_id><license_plate>VD5 3028</license_plate><vin>9JUDP1NF4AJA8W3PM</vin><color>Purple</color><year>1988</year></automobile><automobile><person_id>a0ca7577-5bc8-4cd7-a94d-5d3be1f8fe24</person_id><license_plate>714 VAH</license_plate><vin>X1FUWGE87043E6HM7</vin><color>DarkGoldenRod</color><year>1979</year></automobile><automobile><person_id>a0ca7577-5bc8-4cd7-a94d-5d3be1f8fe24</person_id><license_plate>679 1EN</license_plate><vin>7R7E06W19L4RWMX6V</vin><color>White</color><year>2019</year></automobile><automobile><person_id>2dbe28a3-7005-4e26-b93b-0be7389e7b6f</person_id><license_plate>130 NRH</license_plate><vin>WG24XNHD3AEAK9802</vin><color>DarkGreen</color><year>1977</year></automobile><automobile><person_id>2dbe28a3-7005-4e26-b93b-0be7389e7b6f</person_id><license_plate>MB 3129</license_plate><vin>AD2Z7PJ50LZYL6M2V</vin><color>Olive</color><year>1973</year></automobile><automobile><person_id>c8239180-20ac-468d-a19c-95ea7ee17c42</person_id><license_plate>18-LE08</license_plate><vin>TMSWYFMV1AH4S909E</vin><color>AntiqueWhite</color><year>1980</year></automobile><automobile><person_id>7a10cd48-c38a-435f-8a3d-04f1a679493f</person_id><license_plate>967 XJZ</license_plate><vin>84X02D218YBEAXXEZ</vin><color>Tomato</color><year>2019</year></automobile><automobile><person_id>7a10cd48-c38a-435f-8a3d-04f1a679493f</person_id><license_plate>ZOX 340</license_plate><vin>XU72475879SRVAMXZ</vin><color>Snow</color><year>2020</year></automobile><automobile><person_id>a179cfa5-e3c2-4581-88dd-0da895fd415a</person_id><license_plate>0-W1192</license_plate><vin>FFPF2A5315H4HCFXY</vin><color>MediumPurple</color><year>1973</year></automobile><automobile><person_id>57f6a6de-97fa-46fe-b2cc-304206d952bb</person_id><license_plate>7VW9903</license_plate><vin>7C2WY5ZB4DU6SKWMT</vin><color>IndianRed</color><year>1977</year></automobile><automobile><person_id>93aa4717-1fab-4391-8f1b-453b07fd724a</person_id><license_plate>FI 4566</license_plate><vin>YYTWH7VS02XC6FU7A</vin><color>Moccasin</color><year>2022</year></automobile><automobile><person_id>93aa4717-1fab-4391-8f1b-453b07fd724a</person_id><license_plate>645497</license_plate><vin>H1NYWXP40V89DVNCH</vin><color>Silver</color><year>2009</year></automobile><automobile><person_id>6b01ff3d-3873-4d0c-8bbc-41d6c8d392e5</person_id><license_plate>5A FE527</license_plate><vin>L6UVJ32Z027CKNG38</vin><color>MediumSpringGreen</color><year>2012</year></automobile><automobile><person_id>714f8b49-13a1-450a-a109-9ffab8c8396b</person_id><license_plate>I96 6MX</license_plate><vin>890N0Z3991M2BRSW7</vin><color>DarkGray</color><year>1971</year></automobile><automobile><person_id>e60a3335-55d7-4c1a-a565-695494ae1007</person_id><license_plate>KCJ 319</license_plate><vin>CEFLR08F4ZKA8UACS</vin><color>OldLace</color><year>1985</year></automobile><automobile><person_id>e60a3335-55d7-4c1a-a565-695494ae1007</person_id><license_plate>443 LA1</license_plate><vin>2PSE4PA90K6UYJXGJ</vin><color>LightSteelBlue</color><year>1985</year></automobile><automobile><person_id>6039f04b-95e1-494b-bb66-46a0b98ff9a3</person_id><license_plate>7L 1Y3NZD</license_plate><vin>0B0F20324W7XGK0V4</vin><color>CornflowerBlue</color><year>1993</year></automobile><automobile><person_id>6039f04b-95e1-494b-bb66-46a0b98ff9a3</person_id><license_plate>255X1</license_plate><vin>TW5ZC8549KE6BL4S9</vin><color>LightGoldenRodYellow</color><year>2014</year></automobile><automobile><person_id>81c12523-2acd-4b05-a3ff-267190e41d81</person_id><license_plate>H 511615</license_plate><vin>0KPZAMCE6L8410MJ4</vin><color>DarkMagenta</color><year>2004</year></automobile><automobile><person_id>7849b2c5-6a87-4960-8f50-82eae6154aa4</person_id><license_plate>3YX D96</license_plate><vin>WYCNT51N1YPWX3PY1</vin><color>AliceBlue</color><year>2009</year></automobile><automobile><person_id>7849b2c5-6a87-4960-8f50-82eae6154aa4</person_id><license_plate>7BW41</license_plate><vin>M0SBXUL13L9NV5JCV</vin><color>LightCyan</color><year>1996</year></automobile><automobile><person_id>7849b2c5-6a87-4960-8f50-82eae6154aa4</person_id><license_plate>5ZE 696</license_plate><vin>41FZVBA356PHGL2NE</vin><color>PaleVioletRed</color><year>1987</year></automobile><automobile><person_id>fb5fde1d-e617-4560-afb9-125548f038f4</person_id><license_plate>317 0AV</license_plate><vin>2AB89KLD5P8NZAD6Y</vin><color>LightSlateGray</color><year>2022</year></automobile><automobile><person_id>407c06b1-1ff0-4a2d-b509-da694594e387</person_id><license_plate>ARA R76</license_plate><vin>5K5K7MWE2583YRLC1</vin><color>DarkOrchid</color><year>1982</year></automobile><automobile><person_id>309e214a-565f-46d7-9569-fe53173ec0e9</person_id><license_plate>OZ3 9726</license_plate><vin>0Z0Z1M7T80LFAKM3U</vin><color>Indigo</color><year>1992</year></automobile><automobile><person_id>dc255874-1d03-4972-a547-b27a1a1a8736</person_id><license_plate>67Z 434</license_plate><vin>FPBA5W3R81MTG7CJ1</vin><color>FireBrick</color><year>2008</year></automobile><automobile><person_id>7c52bd20-1655-4054-9f28-438b9d3113d9</person_id><license_plate>1R R6110</license_plate><vin>Y7NEAKVL2ZE5NSUN4</vin><color>Purple</color><year>2013</year></automobile><automobile><person_id>39a4a756-132f-409b-ad66-bdd5e2092204</person_id><license_plate>332-350</license_plate><vin>7V23VCTA9JLBDFZ8K</vin><color>SaddleBrown</color><year>2008</year></automobile><automobile><person_id>39a4a756-132f-409b-ad66-bdd5e2092204</person_id><license_plate>GKB-176</license_plate><vin>D819Z8L4247AS752P</vin><color>DarkOrange</color><year>2019</year></automobile><automobile><person_id>35bdf596-1ea0-4e1a-abeb-7ad3af44d162</person_id><license_plate>G 984580</license_plate><vin>AD082T18504PK0A0U</vin><color>MidnightBlue</color><year>2002</year></automobile><automobile><person_id>35bdf596-1ea0-4e1a-abeb-7ad3af44d162</person_id><license_plate>KQL 064</license_plate><vin>9LU03TGN9KVA9KGP7</vin><color>Gray</color><year>1996</year></automobile><automobile><person_id>8c147642-7265-4832-83da-642eb3445b96</person_id><license_plate>57-8070Y</license_plate><vin>32CNBDFUXDBZWZV1W</vin><color>MediumAquaMarine</color><year>2010</year></automobile><automobile><person_id>8c147642-7265-4832-83da-642eb3445b96</person_id><license_plate>4Q A5409</license_plate><vin>DMUGM1N034EYN5FJS</vin><color>Salmon</color><year>1988</year></automobile><automobile><person_id>380ee467-4197-4094-b9fd-487c2cc40364</person_id><license_plate>2U 23312</license_plate><vin>F5T6BGUH7DJKA3J5J</vin><color>DarkBlue</color><year>1982</year></automobile><automobile><person_id>380ee467-4197-4094-b9fd-487c2cc40364</person_id><license_plate>836 RGV</license_plate><vin>XCUD91YZ2U2VNPBVF</vin><color>Turquoise</color><year>1992</year></automobile><automobile><person_id>380ee467-4197-4094-b9fd-487c2cc40364</person_id><license_plate>130 KX8</license_plate><vin>9FD7NLLK7DNV3GKK4</vin><color>MediumAquaMarine</color><year>1993</year></automobile><automobile><person_id>b5b08f28-68cd-401e-8cee-d59fd1f745b8</person_id><license_plate>KBN 032</license_plate><vin>J9GA4W3W360XV6DF3</vin><color>Snow</color><year>1974</year></automobile><automobile><person_id>b5b08f28-68cd-401e-8cee-d59fd1f745b8</person_id><license_plate>ZJB 844</license_plate><vin>HPUVZZX39TUGZ5AJU</vin><color>PeachPuff</color><year>1995</year></automobile><automobile><person_id>e4421e5c-3f55-42b4-b1c4-0c379ec0c0af</person_id><license_plate>03T J94</license_plate><vin>4BP6FLG969SKDAT5J</vin><color>RosyBrown</color><year>2011</year></automobile><automobile><person_id>e4421e5c-3f55-42b4-b1c4-0c379ec0c0af</person_id><license_plate>596 5AA</license_plate><vin>FM0R4G0B7BHL8TTXS</vin><color>SeaShell</color><year>1997</year></automobile><automobile><person_id>e4421e5c-3f55-42b4-b1c4-0c379ec0c0af</person_id><license_plate>4HO 171</license_plate><vin>VCZENL0D7CP33EGN2</vin><color>DarkOliveGreen</color><year>2014</year></automobile><automobile><person_id>659ba60c-edb3-4a8f-a3d9-4bc76369b561</person_id><license_plate>184-WUI</license_plate><vin>4EU3PNX4XGMVZZRZE</vin><color>PaleVioletRed</color><year>1971</year></automobile><automobile><person_id>659ba60c-edb3-4a8f-a3d9-4bc76369b561</person_id><license_plate>18-3117X</license_plate><vin>Y0E5Z1V26L8MFB1LX</vin><color>Orange</color><year>2014</year></automobile><automobile><person_id>1c34de2f-93d8-4ba8-91e4-75f2eefc69c5</person_id><license_plate>1-7777V</license_plate><vin>KNUC92678LZ4PW5WM</vin><color>MediumAquaMarine</color><year>1986</year></automobile><automobile><person_id>1c34de2f-93d8-4ba8-91e4-75f2eefc69c5</person_id><license_plate>875V</license_plate><vin>Y703ECT33APM27M20</vin><color>LawnGreen</color><year>1997</year></automobile><automobile><person_id>1b360d7b-d965-4946-bf33-ae1d9354388a</person_id><license_plate>ZIE-8270</license_plate><vin>CB3PL1RG2BTGKK78C</vin><color>DarkViolet</color><year>2011</year></automobile><automobile><person_id>1b360d7b-d965-4946-bf33-ae1d9354388a</person_id><license_plate>137G</license_plate><vin>C3F2F1FH6X3AUEMB8</vin><color>Moccasin</color><year>1994</year></automobile></automobiles>