"id"|"first_name"|"last_name"|"sex"|"address"|"phone_number"|"profession"|"company"|"date_of_birth"
"80d3c378-64a4-4919-b534-ed0634ec9315"|"Heather"|"Peterson"|"F"|"552 Monica Burgs Suite 695"|"573.333.7652x67606"|"Teaching laboratory technician"|"Howe, Chapman and Garcia"|"1990-05-08"
"43fb946c-5020-48f6-8a3a-0943d7681057"|"James"|"Pittman"|"M"|"99 Anderson Parkways"|"251.826.8920x42413"|"Academic librarian"|"Crosby, Stewart and Zamora"|"2017-10-28"
"7dccc58f-d506-4bcd-be91-810b2bf84f31"|"Austin"|"Mitchell"|"M"|"711 Randolph Way Suite 427"|"+1-970-581-3672x615"|"Building control surveyor"|"Fisher Inc"|"1919-06-12"
"b9debebb-0178-4613-a9cc-ca33006d1fbd"|"Cindy"|"Terry"|"F"|"811 Parks Trace Suite 497"|"(813)515-0453x46207"|"Lexicographer"|"English-Smith"|"2016-03-01"
"b57b7fbf-4362-4bdb-8655-9a30bdd6c5fb"|"Juan"|"Ryan"|"M"|"477 Anderson Parkways"|"4542361140"|"Clinical biochemist"|"Russell-Dillon"|"1960-10-23"
"b659bdc7-16eb-42c6-92fc-a60a971df46b"|"Cody"|"Jones"|"M"|"477 Weaver Haven"|"346-923-8318x668"|"Cytogeneticist"|"Sherman-Lane"|"1972-05-18"
"7d8af9df-a767-4f34-b230-fb2ca6f35c70"|"Marc"|"King"|"M"|"57 Christine Gateway"|"380-382-4212"|"Geophysical data processor"|"Lamb-Lopez"|"1935-05-29"
"fde41645-1477-488c-938f-fb6aef8df167"|"Erika"|"Faulkner"|"F"|"453 Cox Turnpike Apt. 083"|"839-481-9129x530"|"Drilling engineer"|"Trujillo, Woods and Boyd"|"1923-05-29"
"65b8dfde-bcea-4846-98ff-f296264c6199"|"Victor"|"Bryant"|"M"|"91 Monica Burgs Suite 695"|"5277033799"|"Engineer, manufacturing"|"Kim, Grant and Olson"|"1972-03-07"
"f436378c-d1b0-40da-a58a-aecaea7342c3"|"Lisa"|"Goodwin"|"F"|"478 Lynn Lake Suite 253"|"(265)828-7925x85284"|"Travel agency manager"|"Dixon-Kim"|"1929-11-25"
"55ead136-7ce0-4896-a8f6-ca9deafaa2d6"|"John"|"Mitchell"|"M"|"402 Angela Lights"|"001-654-625-3631x9259"|"Teacher, primary school"|"Chapman LLC"|"2004-04-13"
"41e8574b-1f60-46cc-b299-39033bff7b38"|"Sierra"|"Cole"|"F"|"222 Robinson Highway"|"687.936.8480"|"Chief Marketing Officer"|"Heath Inc"|"1955-10-15"
"2487ffac-d715-4b7f-9461-0aefb1101fd8"|"Leonard"|"Wood"|"M"|"228 Douglas Springs"|"690.280.7496"|"Audiological scientist"|"Adams, Dixon and Long"|"1990-08-08"
"1b2a3d06-9b53-4a8f-8a7a-5d51626899f7"|"Patel"|"Perez"|"M"|"589 Alexis Run Suite 764"|"629.335.5178"|"Clinical scientist, histocompatibility and immunogenetics"|"Golden, Boone and Brewer"|"1938-09-23"
"547964d1-c1c7-4a8d-bca4-df0246c4d885"|"Richard"|"Shields"|"M"|"864 Johnson Plains Suite 376"|"(856)852-1321"|"Insurance broker"|"Blair, Thompson and Carlson"|"1949-09-17"
"97b586a0-200d-44ab-b7a3-f63085703c76"|"Diane"|"Gates"|"F"|"700 Bruce View Suite 976"|"(808)310-4630x841"|"Marine scientist"|"Mcdaniel Ltd"|"1981-01-14"
"389adc8e-d529-43bb-bad1-640005f94c77"|"Brandi"|"Ruiz"|"F"|"616 Daniel Plaza"|"(816)604-6895"|"Doctor, general practice"|"Smith, Clark and Smith"|"1975-10-18"
"96d6c9e0-6822-4d75-9182-53bcecae71d7"|"Roy"|"Smith"|"M"|"904 Garcia Road Suite 143"|"769-684-4791"|"Television production assistant"|"Bruce, White and Aguilar"|"1918-04-16"
"920c7927-9497-4b4a-8226-b00dd26d6a86"|"Kaylee"|"Daniels"|"F"|"410 Lewis Trace"|"001-556-705-7606x738"|"Scientist, research (physical sciences)"|"Higgins-Wilkins"|"1959-03-13"
"029308c7-6a7e-42a8-9a16-b752d2592dd7"|"Robin"|"Bailey"|"F"|"588 Pham Ports"|"833-871-4378"|"Comptroller"|"Davis-Moore"|"1991-12-28"
"3101c1f6-34bd-4605-ac0a-6525d0d4313f"|"Michael"|"Smith"|"M"|"540 Daniel Plaza"|"4932666634"|"Audiological scientist"|"Lopez Inc"|"1938-12-12"
"fd42dad7-6e91-41a1-b846-66b6b7083fb8"|"Michael"|"Hurley"|"M"|"349 Wilson Locks Apt. 694"|"(854)575-7730"|"Engineer, manufacturing"|"Savage-Tate"|"1972-03-26"
"52032b6b-3116-4cfe-9b38-b15d0603130a"|"William"|"Wilson"|"M"|"818 Michelle Isle Apt. 431"|"895-570-9548"|"Forensic psychologist"|"Smith, Tapia and Allison"|"1962-10-06"
"22de650f-c681-499f-af99-03df8020b6d6"|"Kathleen"|"Spencer"|"F"|"943 Chandler Tunnel Suite 681"|"455-850-8215x3592"|"Financial risk analyst"|"Campos LLC"|"1954-03-21"
"00069fb0-9b15-45cf-99c0-1b7f7cfd879b"|"Nancy"|"Berry"|"F"|"873 Jeffery Spur Suite 411"|"(202)283-4895"|"Scientist, research (medical)"|"Malone-Pace"|"1965-09-17"
"dca85066-287c-4875-844f-58248a8fb3a6"|"Shane"|"Evans"|"M"|"807 Weaver Haven"|"880-723-8004x02993"|"Legal executive"|"Miller PLC"|"1929-04-06"
"b45675dd-8335-486d-86ed-6374331e22fa"|"Katherine"|"Spencer"|"F"|"631 Lynn Lake Suite 253"|"757-870-1344"|"Financial adviser"|"Marshall Group"|"1977-09-28"
"43243dca-21e1-47d9-bf4b-a32a956ff6b8"|"Jordan"|"Flynn"|"M"|"746 Collins Skyway"|"495-208-1331x54233"|"Advertising art director"|"Martinez-Stone"|"1960-04-17"
"75355050-d496-4f87-b33a-c202bdb212d5"|"Donald"|"Jackson"|"M"|"229 Montoya Walk Apt. 578"|"800-352-9856x0618"|"Manufacturing engineer"|"Escobar LLC"|"1946-08-17"
"f6188a9e-66d6-43a0-868d-a3d84772748d"|"Emily"|"Wallace"|"F"|"843 Jennifer Track"|"514.898.2851x94395"|"Clinical embryologist"|"Lewis Inc"|"1988-12-09"
"9e536a34-0c0a-4156-806c-ce6900b4cc4c"|"Lawson"|"Howard"|"F"|"11 Jeffrey Run"|"370-998-5882"|"Furniture conservator/restorer"|"Diaz, Gutierrez and Jackson"|"1941-07-29"
"06f9a839-2478-4b47-9a43-482b4a6e2bf0"|"Kayla"|"Casey"|"F"|"291 Luna Loop"|"(432)609-3493x045"|"Science writer"|"Harrison, Goodwin and Young"|"2001-04-06"
"5480634e-59fd-4386-b94d-8d99b06630a0"|"Kimberly"|"Anderson"|"F"|"637 Scott Valleys Suite 598"|"001-400-848-8879"|"Dancer"|"Wells-Allen"|"2018-08-17"
"af9638ff-c515-44c9-8d6d-860b0f430697"|"Bradley"|"Peterson"|"M"|"718 Martinez Grove Apt. 125"|"2657981648"|"Planning and development surveyor"|"Cantu-Stevens"|"1954-09-23"
"f97adfa3-df6d-427c-b8de-e52dea374fbe"|"Christopher"|"Christian"|"M"|"206 Elizabeth Creek Apt. 423"|"590-583-4736x35034"|"Restaurant manager"|"Nguyen-Lane"|"1911-09-24"
"01664ca6-70ad-40af-9c1b-61e64e2cbed1"|"Yvonne"|"Simon"|"F"|"244 Parks Trace Suite 497"|"+1-788-955-3990x7438"|"Radiographer, therapeutic"|"York LLC"|"2013-02-10"
"3beb80be-aa1d-446e-bd86-0567606ed9ca"|"Gomez"|"Floyd"|"M"|"647 Brian Course"|"484-531-0006x246"|"Community development worker"|"Collins, Green and Snyder"|"1958-09-17"
"6d5c53b9-d5cd-45f4-9296-29b4385983af"|"Lynn"|"Mitchell"|"F"|"972 Weeks Meadow Suite 683"|"336.826.1008x7569"|"Engineer, building services"|"Henderson, Phillips and Shepherd"|"1943-02-27"
"8f0d48f1-dd41-42c6-a8fc-9ede1109975d"|"Collin"|"Drake"|"M"|"219 Padilla Estate Suite 556"|"387.711.0583"|"Armed forces operational officer"|"Delgado-Wood"|"2020-12-29"
"0f224b75-dcbd-4edb-bd79-51b754715746"|"Chad"|"Jackson"|"M"|"620 Danielle Estates"|"001-774-712-6850x75614"|"Industrial/product designer"|"Sandoval Group"|"1967-02-21"
"71cbd386-a29d-4585-8241-01fec8fe309d"|"Angela"|"Casey"|"F"|"511 Smith Ranch Suite 211"|"001-356-295-8403x2870"|"Medical sales representative"|"Lane, Oneill and Johnson"|"1962-10-14"
"52fdae3f-9905-4997-ae5f-4b4cae71cd72"|"David"|"Stone"|"M"|"580 Gray Walks Apt. 075"|"8044962649"|"Commercial art gallery manager"|"Campbell-Hunt"|"1992-04-13"
"2f200f9f-0a72-4d08-a8e6-56ca8e353ef3"|"Amy"|"Boone"|"F"|"53 Randall Burg"|"(307)564-4422"|"Fashion designer"|"Wilson, Mathis and Brown"|"1923-12-06"
"61bc734f-7c0c-4240-b1c1-57f0482d95cd"|"Daniel"|"Dunn"|"M"|"663 Hernandez Parkways Suite 200"|"+1-564-687-5943x56643"|"Housing manager/officer"|"Adams PLC"|"2002-12-04"
"1c6df738-0f96-4e41-b4a6-d9fb7ba7a559"|"Douglas"|"Rivera"|"M"|"71 Alexandra Bridge Suite 474"|"(314)706-2837"|"Physicist, medical"|"Arnold, Gray and Murphy"|"2011-12-12"
"92b537ca-019b-4f9d-b7a5-4f56afa652ae"|"Christopher"|"Sparks"|"M"|"448 Ward Parkway Apt. 076"|"3634916910"|"Architectural technologist"|"Johnson-Kline"|"2014-11-29"
"285845ef-309e-4235-b07a-3ae285ae29bd"|"Janet"|"Castaneda"|"F"|"632 Simpson Mill Apt. 030"|"395-225-2614"|"Administrator, local government"|"Brewer, Allen and Romero"|"1965-01-31"
"ddc08746-e7c5-44a0-9fce-96b5e8063159"|"Shaun"|"Ramirez"|"M"|"846 Morales Gardens Suite 197"|"001-537-256-3081x4510"|"Engineer, control and instrumentation"|"Johnson-Robles"|"1983-02-01"
"741e13f6-7988-499b-9487-62310b8b93c3"|"Deborah"|"Roy"|"F"|"327 Rivers Squares"|"+1-303-330-8287x501"|"Risk analyst"|"Pena Inc"|"1987-07-20"
"70f30f0a-e5e5-4ba0-9eba-acc3c4ec948e"|"Barry"|"Curtis"|"M"|"408 Shelton Run"|"832-765-4675"|"IT sales professional"|"Alvarado-Morgan"|"2021-12-19"
"7201f9e6-c93d-4046-baaf-d23be56891e2"|"Bradley"|"Torres"|"M"|"247 Vincent Mountain Apt. 316"|"219-868-5112x036"|"Copy"|"Williamson-Quinn"|"1973-04-19"
"6be924c1-cc49-45af-997b-e5f9798ff42a"|"Amanda"|"Benson"|"F"|"444 Thomas Wall Suite 035"|"+1-230-950-0924x83236"|"Oceanographer"|"Palmer LLC"|"1930-03-21"
"1beb6ca8-56b2-476a-9e73-d9cfd129e63f"|"Roy"|"Pugh"|"M"|"292 Monica Burgs Suite 695"|"001-952-333-3219x051"|"Therapist, drama"|"Williams, Harvey and Bean"|"1929-02-05"
"a73f1ea1-3d6a-40e6-b2eb-cc1780bf371b"|"Tina"|"Mcdaniel"|"F"|"756 Angela Lights"|"529-835-0734"|"Cabin crew"|"Miller-Gentry"|"1957-04-13"
"86778176-965c-4072-bc10-8f21836c9fa0"|"Angel"|"Patton"|"F"|"691 Higgins Port Apt. 001"|"843.768.7224x81852"|"Programme researcher, broadcasting/film/video"|"Houston, Wilkerson and Cox"|"1958-11-18"
"134252fa-a33f-488e-902f-92ac89a0bd11"|"Heather"|"Gonzalez"|"F"|"379 Patricia Trafficway Apt. 188"|"483.708.6063x74125"|"Planning and development surveyor"|"Rivera Group"|"1942-02-28"
"82df9a01-7096-457d-b7d8-f200ddbb84cc"|"Alejandro"|"Cunningham"|"M"|"85 John Fall Apt. 476"|"511-970-0596"|"Engineer, broadcasting (operations)"|"Jones LLC"|"2005-05-24"
"c386baeb-87b6-4825-988b-051c3f1f9a2c"|"Robert"|"Fuller"|"M"|"521 King Land"|"329.396.9220x3099"|"Psychotherapist, child"|"Griffith and Sons"|"1972-07-06"
"4979441e-0883-4168-ab95-947b2c3d3fb4"|"Shawn"|"King"|"M"|"823 Martinez Grove Apt. 125"|"001-533-965-6058x859"|"Government social research officer"|"Mendez-Cochran"|"1991-04-03"
"1fbb6124-234e-4141-a372-bb3e68e12222"|"Christine"|"Norman"|"F"|"297 Robinson Highway"|"(453)424-9371"|"Development worker, international aid"|"Moore-Valdez"|"1961-01-25"
"dbd39580-4917-4029-acdc-876352fb4316"|"Jeremy"|"Rice"|"M"|"542 Tyler Knoll Apt. 752"|"(237)676-0369"|"Research scientist (maths)"|"Johnson PLC"|"1943-04-08"
"11a63c6e-c8ea-4465-8b96-db7de02346b5"|"Duncan"|"Hall"|"M"|"135 Hood Loop Apt. 276"|"(286)551-5990"|"Marine scientist"|"Jackson-Powell"|"1937-12-25"
"a9a2cfc4-03f1-4d4b-8b56-52b8e3dc5020"|"Robert"|"Lopez"|"M"|"533 Weeks Meadow Suite 683"|"(334)889-5445x1440"|"Health visitor"|"Reynolds, Brown and Chang"|"2019-03-04"
"99d1f4a6-07ac-4b6e-931a-f2dc9ea8004c"|"Carrie"|"Smith"|"F"|"631 Rivers Squares"|"518.770.9429"|"Accountant, chartered"|"Shaw-Howard"|"2013-11-27"
"41a7035d-8955-41f6-a2c1-3df6ecd1217a"|"Jillian"|"Weiss"|"F"|"995 Dakota Extensions"|"+1-740-207-9299x76936"|"Engineer, communications"|"Baird PLC"|"1928-05-24"
"5372784d-75ca-46a3-a7f5-69913399b5df"|"Carolyn"|"Burke"|"F"|"858 Jessica Mountains Suite 248"|"643.770.1916"|"Regulatory affairs officer"|"Williams Ltd"|"1988-02-29"
"62f948ad-58d8-462e-a443-a35da1f8444b"|"Alexander"|"Espinoza"|"M"|"878 Nelson Estate"|"5985736029"|"Musician"|"Mathis-Garcia"|"1917-02-08"
"b34d3ae0-4348-4f0c-b95a-4c5f668699be"|"David"|"Christian"|"M"|"964 Jessica Mountains Suite 248"|"644.669.0461x601"|"Industrial/product designer"|"Moreno Ltd"|"1976-06-03"
"62020201-a7f1-47f8-86e4-f57ed44e634b"|"Manuel"|"Henderson"|"M"|"29 Christine Gateway"|"+1-220-433-2399"|"Speech and language therapist"|"Anderson-Gonzalez"|"1943-08-29"
"668ad0c7-9ba3-451c-b541-2395c4d3d99a"|"Patricia"|"Schwartz"|"F"|"440 Angela Lights"|"786-726-4129x32014"|"Operational investment banker"|"Walker-Arnold"|"2013-08-28"
"3151b46c-1c8b-44cb-9be2-239655f61f2f"|"Tom"|"Matthews"|"M"|"828 Weaver Haven"|"+1-852-411-3029x62629"|"Mining engineer"|"Allen LLC"|"1980-03-01"
"68816e2b-050b-42c6-bb20-5d73430dbabe"|"Bryan"|"Lee"|"M"|"998 Martin Field"|"2137833040"|"Engineer, control and instrumentation"|"Jennings-Salas"|"2006-02-01"
"191bdb0e-552c-4916-88e0-f39ae7108971"|"James"|"Burke"|"M"|"129 Stacey Via Suite 001"|"331-957-2350x6650"|"Cytogeneticist"|"Mcmillan-Smith"|"1914-09-30"
"132c45f5-ece5-4058-89cb-449c0d4da5df"|"Kyle"|"Saunders"|"M"|"393 Johnson Lake"|"(327)683-9635x177"|"Training and development officer"|"Cole-Martin"|"1927-07-26"
"9ed5756e-d1f8-4e25-a419-e8a44ae5b04f"|"Amber"|"Stone"|"F"|"751 May Rest Suite 582"|"265-586-6877"|"Podiatrist"|"Kim and Sons"|"1964-11-23"
"287d73ce-c650-4a5c-abf3-a8c1cf65aaa9"|"Rachel"|"Shaffer"|"F"|"329 Amanda Curve"|"001-926-265-3197x7804"|"Regulatory affairs officer"|"Rojas Inc"|"1960-08-20"
"61eec98e-3926-4c23-9a59-d1d0aca2f6b6"|"David"|"Park"|"M"|"939 Kari Alley Suite 131"|"(985)485-1881x8440"|"Jewellery designer"|"Lopez, Cunningham and Montgomery"|"1939-10-29"
"2ab80fc2-564d-4ffd-823e-39b02deec7e6"|"Angelica"|"Murray"|"F"|"704 Anderson Parkways"|"+1-497-465-6863x778"|"Professor Emeritus"|"Kim PLC"|"1933-02-22"
"8e4812c3-ec44-43e9-80ff-baa4e02bdb53"|"Chad"|"Hubbard"|"M"|"16 Luna Loop"|"556-296-6631x661"|"Data scientist"|"Christian-Evans"|"1981-02-14"
"5d34ba26-865b-4990-86a0-45524efdda1e"|"Jonathan"|"Rivera"|"M"|"767 Patricia Trafficway Apt. 188"|"481-718-2422"|"Accommodation manager"|"Scott, Bishop and Salazar"|"1951-12-18"
"7a73d85e-d71c-426a-906c-762d5c5af804"|"Troy"|"Espinoza"|"M"|"440 Castillo Underpass Apt. 535"|"769-644-2103"|"Field seismologist"|"Robinson and Sons"|"1973-08-27"
"47606c4c-7be4-489d-a57d-9561a6fb5c80"|"Valerie"|"Jackson"|"F"|"579 Douglas Springs"|"001-507-940-6451x9548"|"Social worker"|"Barron Ltd"|"1962-01-27"
"2b4b1b46-dcd5-43e9-9446-ce025319a1b8"|"Joseph"|"Conway"|"M"|"956 Randall Burg"|"(976)940-1304"|"Materials engineer"|"Cook-Palmer"|"2005-11-30"
"3d8a916b-1ebb-4952-91ee-028405bcaf11"|"Stephanie"|"Matthews"|"F"|"878 Ashley Landing"|"540.525.0039x089"|"Geophysicist/field seismologist"|"Gutierrez-Hernandez"|"1910-10-19"
"e76a4bd3-5e50-4a0a-acad-dd3420802694"|"Kelly"|"Williams"|"M"|"806 Yates Harbor Suite 905"|"(352)531-3897x955"|"Chemist, analytical"|"Montgomery-Mitchell"|"1995-06-05"
"05ac4db1-3925-4e19-ad0b-31bc58b8a7c1"|"Jeanne"|"Jones"|"F"|"556 May Rest Suite 582"|"001-249-968-8999x3590"|"Advertising account planner"|"Jones and Sons"|"2008-08-28"
"3ab3bd35-a3c2-4c08-b531-83801c441344"|"Daniel"|"Smith"|"M"|"518 Bailey Trail"|"(809)333-7465x55891"|"Television/film/video producer"|"Johnson-Ewing"|"2002-07-16"
"14c577d5-f0ed-456d-88d3-098ab4971b6d"|"Ryan"|"Spencer"|"M"|"31 Pham Ports"|"+1-513-914-4404x06505"|"Chiropractor"|"Wood and Sons"|"1984-04-15"
"e8edbabe-275f-42e4-982a-22c008332248"|"Craig"|"Foster"|"M"|"323 Anderson Parkways"|"3758144528"|"Geophysical data processor"|"Turner, Jacobs and Paul"|"1968-12-25"
"443796c5-8119-4a9c-8884-cf67b3d6f295"|"Maria"|"Craig"|"F"|"805 Parks Trace Suite 497"|"334.203.2064"|"Public relations account executive"|"Smith, Payne and Brown"|"1919-05-20"
"db376bbc-d70d-4c64-8cc1-87bf43b9a5cb"|"Jason"|"Reyes"|"M"|"54 Shelton Run"|"+1-836-859-8386x45909"|"Location manager"|"Benson-Green"|"1982-01-11"
"1fe5f710-6bee-4724-87d5-3307ac04c90b"|"Emily"|"Hall"|"F"|"256 Tara Inlet"|"524-236-1326x094"|"Hydrologist"|"Ibarra, Luna and Nunez"|"1931-05-29"
"4b4dacc2-1b6c-446f-9ef1-ec0b7ad55755"|"Megan"|"Mills"|"F"|"2 Davenport Fords"|"8489875384"|"Mining engineer"|"Martinez Ltd"|"2023-06-30"
"9e207d2a-a1cc-43ef-8de3-0c82071ee105"|"Matthew"|"Garner"|"M"|"529 Scott Valleys Suite 598"|"+1-473-238-5418x3538"|"Special effects artist"|"Haynes and Sons"|"2019-01-19"
"aa494b96-dde2-4a58-97af-21a0d599686e"|"Cory"|"Stone"|"M"|"478 Luna Loop"|"001-432-876-5922"|"Legal secretary"|"Stone-Lindsey"|"1969-04-30"
"52be8a3e-3625-49e2-bcd9-a40e65d19fc4"|"Williams"|"Stewart"|"F"|"17 Porter Overpass"|"+1-416-715-8701x696"|"Holiday representative"|"Nichols, Beck and Russell"|"1992-07-07"
"6fa1a8b2-e81b-4187-bffc-7cafaf41442d"|"Anthony"|"Morris"|"M"|"511 Jeffrey Run"|"9487425497"|"Exhibition designer"|"Reyes, Leonard and Woods"|"1939-11-15"
"7347f588-63d5-420c-b59b-ec0af3ac4ceb"|"Linda"|"Rhodes"|"F"|"247 Rosario Loop"|"865-325-2027x73725"|"IT technical support officer"|"Thompson Inc"|"1980-01-26"
"34ec3b32-e8fc-4b0b-902d-b495b8697199"|"Jamie"|"Hicks"|"F"|"232 Christine Gateway"|"+1-439-929-3980x4759"|"Hydrologist"|"Nash-Barnett"|"1959-01-01"
"73cd2859-2e06-4ee3-bfb0-7ef89bc5f6e1"|"Kelly"|"Joseph"|"F"|"628 Aimee Circles"|"(768)938-1976"|"Herpetologist"|"Harper Group"|"2022-04-03"
"68568147-4daf-458f-b36f-dc79258ae9b0"|"Melinda"|"Jackson"|"F"|"280 Castillo Underpass Apt. 535"|"420.801.6335x731"|"Midwife"|"French PLC"|"1958-07-09"
"3f157139-467e-4d63-8b10-538a301b9ac0"|"Valerie"|"Reyes"|"F"|"87 Lee Burgs"|"+1-642-656-8529x5654"|"Administrator, charities/voluntary organisations"|"Stark Group"|"1973-03-11"
"b17a031f-68bc-4470-aa25-a01227c41386"|"Day"|"Cochran"|"F"|"609 Lee Burgs"|"408.677.3904"|"Pension scheme manager"|"Davidson-Mcgee"|"1924-06-28"
"dc78faaa-a34f-4c4d-b04f-40a69ad9391b"|"Brandon"|"Gomez"|"M"|"30 Mills Springs"|"881-889-3622x614"|"Retail manager"|"Clay-Hughes"|"2017-08-24"
"e4884798-9b4e-48fa-9cc6-0c7434f20fd2"|"Mary"|"Martinez"|"F"|"52 Davis Landing"|"9859973892"|"Engineer, chemical"|"Taylor, Waters and Houston"|"1936-09-07"
"375bdf2a-3b17-42a3-8863-6e2dd8ecfef2"|"Keith"|"Leach"|"M"|"238 Jeffery Isle"|"001-464-559-4501x247"|"Volunteer coordinator"|"Deleon, Phillips and Walker"|"2004-10-28"
"55e65163-4992-4f74-b69d-25eb24cc686e"|"Russell"|"Hooper"|"M"|"134 Jordan Vista Apt. 756"|"710.550.1456x999"|"Nurse, mental health"|"White-Williams"|"1934-04-12"
"864afee0-7f86-472d-8022-264337cf3715"|"Erika"|"Howell"|"F"|"382 Christine Gateway"|"877.628.0124"|"Glass blower/designer"|"Harris Inc"|"1912-04-29"
"d4a93268-3f20-41f5-91b7-3dfe42b3f3fd"|"Melanie"|"Gomez"|"F"|"744 Alexis Freeway Apt. 358"|"(768)705-2971"|"Engineer, mining"|"Chase-Faulkner"|"2009-08-21"
"c4fd5249-511c-4ca9-8c94-049e96aa845f"|"Nicole"|"Mills"|"F"|"762 Davis Landing"|"001-386-814-8919x774"|"Pharmacist, community"|"Gomez LLC"|"2022-08-11"
"4d777ec3-f902-413e-9645-02b34ffebf7b"|"Matthew"|"Jones"|"M"|"821 Jordan Vista Apt. 756"|"(930)480-7407x0794"|"Teaching laboratory technician"|"Gordon-Joseph"|"1979-02-15"
"dad77b01-3fc3-4903-ac77-025edda68143"|"Perry"|"Zimmerman"|"M"|"483 Amanda Curve"|"3434866270"|"Chemist, analytical"|"Mathis Ltd"|"1919-10-27"
"c785fed0-e17a-4999-ab6b-228adeda6025"|"Briana"|"Watson"|"F"|"454 Davenport Fords"|"963-626-2682x493"|"Diplomatic Services operational officer"|"Allen LLC"|"1933-05-31"
"f272b493-c109-4b68-86ad-bb9d76cd2a05"|"Dawn"|"Robinson"|"F"|"431 Diana Point"|"620.631.2902x49082"|"Dramatherapist"|"Moore Inc"|"1927-12-15"
"3191da41-1508-4431-85e4-6b0ece79a517"|"Michael"|"Mendoza"|"M"|"460 Patricia Row"|"(369)464-3386x7272"|"Publishing rights manager"|"Williams-Baker"|"1916-06-29"
"197279d4-5af1-4a9a-ab4c-4e45dbb7e787"|"Erica"|"Harding"|"F"|"813 Patricia Trafficway Apt. 188"|"(977)909-2064x57821"|"Public librarian"|"Howard, Harris and Francis"|"2008-02-22"
"8d697e28-170c-4dce-b7f7-4f9807a59d55"|"Lauren"|"Velez"|"F"|"464 Michelle Isle Apt. 431"|"+1-777-822-1430x2278"|"Horticulturist, commercial"|"York-Lowe"|"1913-03-21"
"925dca9c-79c5-4bc5-8bbe-e5fe2183b0ee"|"Audrey"|"Baxter"|"F"|"125 Martin Field"|"6544554782"|"Education officer, community"|"Thompson, Reed and Moran"|"1972-03-30"
"0d487719-4060-4876-9c74-3653845d8f4a"|"Garcia"|"Smith"|"F"|"401 Patricia Trafficway Apt. 188"|"6816818139"|"Press sub"|"Johnson Ltd"|"2015-03-09"
"bf7f2640-de05-475a-a8d7-1b55397cdb20"|"Austin"|"Baxter"|"M"|"595 King Land"|"+1-619-951-0252x1679"|"Engineer, maintenance"|"Morales LLC"|"2009-09-26"
"92b439a7-415b-4530-9985-7b758b64581a"|"Dylan"|"Davis"|"M"|"984 John Fall Apt. 476"|"001-768-346-5148x5780"|"Research officer, trade union"|"Salinas Ltd"|"1922-02-21"
"01c5c2da-64e7-4ecf-ad50-c223386863c4"|"Nathan"|"Snyder"|"M"|"192 Thomas Coves Suite 736"|"+1-385-324-8747"|"Counselling psychologist"|"Garcia, Schmidt and Pruitt"|"1944-06-10"
"23f1b8a6-b612-4ec4-8ee8-8bd1736d819a"|"William"|"Mcdaniel"|"M"|"884 Morales Gardens Suite 197"|"807.338.9640x9941"|"Rural practice surveyor"|"White-Lyons"|"1978-12-02"
"390c7943-63e4-4992-8c6a-9d0483a3d734"|"Melissa"|"Little"|"F"|"89 Cox Turnpike Apt. 083"|"+1-550-562-3747x144"|"Hydrogeologist"|"Williams PLC"|"2021-07-27"
"7e18fdde-f3e9-4553-8129-bad6054af9dd"|"Michael"|"Torres"|"M"|"502 Nathan Views"|"(456)526-6169x537"|"Accountant, chartered public finance"|"Woods, Murphy and Brady"|"2014-12-11"
"bbf9be48-ce51-4331-a9ae-59739ad4185b"|"James"|"Willis"|"M"|"439 Hart Estates Suite 718"|"335.989.5774x431"|"Occupational hygienist"|"Mann PLC"|"1956-07-02"
"db418b27-a0b7-46a2-b827-9d60130b8963"|"Jacqueline"|"Young"|"F"|"3 Danielle Estates"|"+1-639-763-6324x6870"|"Therapeutic radiographer"|"Jones-Hines"|"1940-07-30"
"95f57b75-6be9-4e6d-8d62-81ab22825525"|"Christine"|"Zuniga"|"F"|"374 Higgins Port Apt. 001"|"001-255-798-8930x96594"|"Agricultural consultant"|"Walls Inc"|"1964-11-11"
"f8c8fad2-9a52-4dd3-bda8-3440d5a3ab31"|"Jonathan"|"Fox"|"M"|"615 Haney Prairie Suite 518"|"422-676-6408x68116"|"Toxicologist"|"Garcia, Friedman and Hart"|"2009-02-01"
"11ff4c8b-c629-43bb-94b9-59d6a0f961ab"|"Brenda"|"Villanueva"|"F"|"499 Jonathan Place"|"(759)291-5782x7052"|"Engineer, manufacturing systems"|"Koch PLC"|"1997-09-29"
"ec9c14ba-c3c4-454c-a240-5d30e54cf1fa"|"Edward"|"Garner"|"M"|"280 Haney Prairie Suite 518"|"(594)465-1517"|"Volunteer coordinator"|"Lucero, Hahn and Miller"|"1971-01-11"
"fb1d6269-0742-4fdc-a0a0-4713570d3952"|"Margaret"|"Joseph"|"F"|"988 Dakota Extensions"|"001-302-837-4590x23610"|"Secondary school teacher"|"Acevedo-Johnson"|"2022-06-28"
"48ac8f4c-6ac8-429d-9a0b-1e10936f0c4f"|"Daniel"|"Ruiz"|"M"|"857 Quinn Divide"|"293.530.8337x0554"|"Engineer, agricultural"|"Sharp, Young and Walker"|"1968-09-13"
"9540ae27-8326-45eb-82ba-8bf501b29d37"|"Anthony"|"Martin"|"M"|"524 Thornton Land Suite 697"|"+1-678-907-2101"|"Administrator"|"Reyes, Lawson and Powell"|"1933-06-19"
"45b7d805-117e-4db8-97e2-8f7be1f79955"|"John"|"Johnson"|"M"|"655 Jackson Harbors Suite 257"|"868.844.5320"|"Diagnostic radiographer"|"Rodriguez, Waller and Alexander"|"2003-06-27"
"e8054546-599f-401f-b73d-16f65e93e85b"|"Lisa"|"Joseph"|"F"|"526 Jessica Mountains Suite 248"|"752-456-6777x15774"|"Presenter, broadcasting"|"Cantrell-Burke"|"1982-03-08"
"36d1e398-9953-4e75-8f2e-dc3523ac004b"|"Dean"|"Lopez"|"M"|"180 Angela Lights"|"001-355-881-7736"|"Surveyor, insurance"|"Mendez, Perry and Williams"|"1911-05-14"