<?xml version="1.0" encoding="UTF-8" ?><automobiles><automobile><person_id>da794af2-52a7-4d9a-8e50-7c9323d92ddb</person_id><license_plate>50C WO8</license_plate><vin>FV1RVY8P7HC6FBWAY</vin><color>DarkTurquoise</color><year>1973</year></automobile><automobile><person_id>7139f987-0d5f-4b47-a80a-23079d0affc0</person_id><license_plate>MA2 F7S</license_plate><vin>4ZR4811N25AWKU2GU</vin><color>DimGray</color><year>2002</year></automobile><automobile><person_id>7139f987-0d5f-4b47-a80a-23079d0affc0</person_id><license_plate>4A XT144</license_plate><vin>RATRLX8D2FPZEURVG</vin><color>DarkTurquoise</color><year>1974</year></automobile><automobile><person_id>3c5e0bc9-84cc-4f8a-8914-4dca23a8b20f</person_id><license_plate>14F 970</license_plate><vin>3XU9YXSP866DR28MR</vin><color>SkyBlue</color><year>1999</year></automobile><automobile><person_id>3c5e0bc9-84cc-4f8a-8914-4dca23a8b20f</person_id><license_plate>6RPU618</license_plate><vin>N8X1ZN8G5K7ER5KBZ</vin><color>FireBrick</color><year>1993</year></automobile><automobile><person_id>d15e491e-0135-4bd3-b6ca-42e0ee9d918d</person_id><license_plate>PBY 099</license_plate><vin>27NR63LY11ZGEKMDC</vin><color>DarkCyan</color><year>2004</year></automobile><automobile><person_id>d15e491e-0135-4bd3-b6ca-42e0ee9d918d</person_id><license_plate>2IR 296</license_plate><vin>YYN97W034G0YZWE73</vin><color>PaleTurquoise</color><year>1989</year></automobile><automobile><person_id>d15e491e-0135-4bd3-b6ca-42e0ee9d918d</person_id><license_plate>99JP5</license_plate><vin>VKYZ52SR4C059Y179</vin><color>RosyBrown</color><year>2006</year></automobile><automobile><person_id>f82b4f79-766d-4e61-866e-47e6ddd14ff8</person_id><license_plate>971 KC2</license_plate><vin>BMC575HD06SMLFXMA</vin><color>SpringGreen</color><year>2001</year></automobile><automobile><person_id>f82b4f79-766d-4e61-866e-47e6ddd14ff8</person_id><license_plate>JND N84</license_plate><vin>F09YY5ZT22NAH2WPS</vin><color>Pink</color><year>1972</year></automobile><automobile><person_id>d2140410-3174-4035-9c64-7299891f18eb</person_id><license_plate>1Y A0721</license_plate><vin>YPM49A1E5A1L44E8Y</vin><color>SpringGreen</color><year>1993</year></automobile><automobile><person_id>3d56a539-1a18-4a4b-a18b-d69d2725fc60</person_id><license_plate>LWV 200</license_plate><vin>KENWJCJP4WS2Z8CCH</vin><color>MediumSpringGreen</color><year>1979</year></automobile><automobile><person_id>3d56a539-1a18-4a4b-a18b-d69d2725fc60</person_id><license_plate>7DT 532</license_plate><vin>YB45T7A62JYNZU43A</vin><color>Plum</color><year>2019</year></automobile><automobile><person_id>8fb2c9f5-49d3-42ad-99ee-3505a17d61f7</person_id><license_plate>569-JPI</license_plate><vin>RV51GHG57M1V9S5GH</vin><color>BlueViolet</color><year>1981</year></automobile><automobile><person_id>8fb2c9f5-49d3-42ad-99ee-3505a17d61f7</person_id><license_plate>983 2EZ</license_plate><vin>C3XSFPF453WP4U9D1</vin><color>DarkBlue</color><year>2018</year></automobile><automobile><person_id>05bc37c6-e022-4fc4-9d3d-31cebcf88420</person_id><license_plate>NQZ 283</license_plate><vin>J2TGXNWJ0BGJCHDLB</vin><color>MediumVioletRed</color><year>2003</year></automobile><automobile><person_id>357e31fe-d98c-404f-9949-b25216c9fb33</person_id><license_plate>K97 2LC</license_plate><vin>0DTAM6ZC582M4M44G</vin><color>SeaGreen</color><year>1999</year></automobile><automobile><person_id>357e31fe-d98c-404f-9949-b25216c9fb33</person_id><license_plate>973 SLU</license_plate><vin>8XBKAGCJ15K5M5NPA</vin><color>Bisque</color><year>1997</year></automobile><automobile><person_id>357e31fe-d98c-404f-9949-b25216c9fb33</person_id><license_plate>550S4</license_plate><vin>SA512VUE6FSBDUUXE</vin><color>MediumSeaGreen</color><year>2020</year></automobile><automobile><person_id>fdb7f80b-caed-46c4-81be-af667d9cd8bf</person_id><license_plate>69-23184</license_plate><vin>XUPFNR0N8FG5NL4ME</vin><color>Gold</color><year>1984</year></automobile><automobile><person_id>fdb7f80b-caed-46c4-81be-af667d9cd8bf</person_id><license_plate>31PK577</license_plate><vin>TWLN6BR67TFLKNPCH</vin><color>MediumSeaGreen</color><year>2005</year></automobile><automobile><person_id>fdb7f80b-caed-46c4-81be-af667d9cd8bf</person_id><license_plate>GTA-899</license_plate><vin>YJYNVZJJ8NLFNA1BF</vin><color>Azure</color><year>2004</year></automobile><automobile><person_id>aa7016c1-cba3-4931-8463-a8cde16663df</person_id><license_plate>UPY4250</license_plate><vin>R1UJZNW028JD0ZVVL</vin><color>Bisque</color><year>1994</year></automobile><automobile><person_id>aa7016c1-cba3-4931-8463-a8cde16663df</person_id><license_plate>9LU 714</license_plate><vin>B4VM1UHD9CWU0CT84</vin><color>Coral</color><year>2002</year></automobile><automobile><person_id>97b9d8f9-0b86-4be4-b1d8-d585c72e9314</person_id><license_plate>K 021957</license_plate><vin>4C11792C56TDJ5ZF1</vin><color>LightBlue</color><year>1988</year></automobile><automobile><person_id>335f9d28-5831-44e8-abbb-b5771f1cc208</person_id><license_plate>34U 4226</license_plate><vin>ZPBSDWE61YBWHNY7S</vin><color>PaleTurquoise</color><year>2004</year></automobile><automobile><person_id>335f9d28-5831-44e8-abbb-b5771f1cc208</person_id><license_plate>248VMY</license_plate><vin>640T7K480UKC74UNC</vin><color>Aquamarine</color><year>1987</year></automobile><automobile><person_id>f8e23d8d-dcd4-4f26-853a-e815476ce0ee</person_id><license_plate>SXT-1957</license_plate><vin>T09FY6U227HDZ0PEK</vin><color>MediumBlue</color><year>2018</year></automobile><automobile><person_id>f8e23d8d-dcd4-4f26-853a-e815476ce0ee</person_id><license_plate>209 JNB</license_plate><vin>C5GSHW5C504ENPZ98</vin><color>Black</color><year>1978</year></automobile><automobile><person_id>00ba4c96-302f-4b1a-acd5-eca80d0833c6</person_id><license_plate>X70 0QZ</license_plate><vin>802DEW1Z0EXGLAGUW</vin><color>MediumSeaGreen</color><year>2016</year></automobile><automobile><person_id>00ba4c96-302f-4b1a-acd5-eca80d0833c6</person_id><license_plate>VZL-635</license_plate><vin>6AEWN3US81MCLC3FM</vin><color>MediumVioletRed</color><year>1974</year></automobile><automobile><person_id>00ba4c96-302f-4b1a-acd5-eca80d0833c6</person_id><license_plate>WTR-0012</license_plate><vin>3EBAVF1936WY34L9J</vin><color>Sienna</color><year>1979</year></automobile><automobile><person_id>c854e01b-6454-4686-b637-e7bd0976b94d</person_id><license_plate>NPS0129</license_plate><vin>KGB0VFRP2092G1VWJ</vin><color>Chocolate</color><year>1990</year></automobile><automobile><person_id>65938f81-06db-428b-9eb3-81dd29302275</person_id><license_plate>083 VK2</license_plate><vin>M185LP6LXEAPGL90J</vin><color>LightSteelBlue</color><year>2010</year></automobile><automobile><person_id>7328e369-dba1-48f2-8216-86d4186577f1</person_id><license_plate>WDZ 4822</license_plate><vin>PU1RY64X6PDJU1FPR</vin><color>Snow</color><year>1986</year></automobile><automobile><person_id>257609ca-275a-4a88-b98c-60be958c757d</person_id><license_plate>96W•700</license_plate><vin>ZJ5BJ92X67EJYPUTK</vin><color>LightPink</color><year>2010</year></automobile><automobile><person_id>32ad10e2-e27b-4e93-8feb-3566a8fb58f8</person_id><license_plate>LLW 549</license_plate><vin>WGXNKWCV2682HE4BJ</vin><color>LimeGreen</color><year>1984</year></automobile><automobile><person_id>ef30bb75-5f21-4302-8cc0-65b9f67beed5</person_id><license_plate>4-1125A</license_plate><vin>660BTBED0C093MNA0</vin><color>PeachPuff</color><year>1990</year></automobile><automobile><person_id>ef30bb75-5f21-4302-8cc0-65b9f67beed5</person_id><license_plate>5L T3955</license_plate><vin>G7B6WHKR2T6MVP8EK</vin><color>Thistle</color><year>2010</year></automobile><automobile><person_id>edb6063c-3043-40f8-97d0-a28ee1f47231</person_id><license_plate>103 YSK</license_plate><vin>1NHH29AP9B5XAXN36</vin><color>Thistle</color><year>1987</year></automobile><automobile><person_id>20551fab-483f-4ce6-ae36-b23c2bcbbaeb</person_id><license_plate>5U H9929</license_plate><vin>GUFRYV3X1UNMMZAGV</vin><color>Bisque</color><year>2022</year></automobile><automobile><person_id>20551fab-483f-4ce6-ae36-b23c2bcbbaeb</person_id><license_plate>8193</license_plate><vin>GMY1H7MLX8CT6ND17</vin><color>BlueViolet</color><year>2021</year></automobile><automobile><person_id>77246f60-c820-483d-bc8a-a7a7338a3bf2</person_id><license_plate>FYG 617</license_plate><vin>0SBM4PBSX81U5B97C</vin><color>SteelBlue</color><year>1986</year></automobile><automobile><person_id>77246f60-c820-483d-bc8a-a7a7338a3bf2</person_id><license_plate>HLC 758</license_plate><vin>9M3G17CB9YJFFBLWG</vin><color>Olive</color><year>2002</year></automobile><automobile><person_id>96a420c1-752c-49cf-9152-245a14f6b073</person_id><license_plate>XT5 0818</license_plate><vin>YDEYMNX851Y95XYX7</vin><color>LightSeaGreen</color><year>2001</year></automobile><automobile><person_id>bb40c8cb-85bf-4558-8016-966e7b07f9ee</person_id><license_plate>84-7245C</license_plate><vin>XT5BANNJXWNLJYA4R</vin><color>LightSeaGreen</color><year>2015</year></automobile><automobile><person_id>8c4869ed-4525-436c-9d68-6abaaafb1fb7</person_id><license_plate>9QH 103</license_plate><vin>K3ZVCHV509M7011DF</vin><color>Snow</color><year>1995</year></automobile><automobile><person_id>8c4869ed-4525-436c-9d68-6abaaafb1fb7</person_id><license_plate>0G 7M5ZUI</license_plate><vin>25LD70JD04UVTZPK2</vin><color>BlueViolet</color><year>2010</year></automobile><automobile><person_id>c5e4ee8e-d62b-4c27-9308-ad054eb76b3e</person_id><license_plate>33W P41</license_plate><vin>LU5BCDLE71GXF8J3L</vin><color>LightSalmon</color><year>1982</year></automobile><automobile><person_id>219f3642-3bf8-4592-9d73-cf07538d51c3</person_id><license_plate>0LL6475</license_plate><vin>RAZN7N5Z51S9S4SPL</vin><color>Beige</color><year>1997</year></automobile><automobile><person_id>219f3642-3bf8-4592-9d73-cf07538d51c3</person_id><license_plate>567-VMC</license_plate><vin>W3G9VGS60672TWFUS</vin><color>Coral</color><year>1974</year></automobile><automobile><person_id>44c3514e-63cc-4248-8884-a570e7d75467</person_id><license_plate>562 MYP</license_plate><vin>RAL530MY6JBRCEV1K</vin><color>Cyan</color><year>1978</year></automobile><automobile><person_id>44c3514e-63cc-4248-8884-a570e7d75467</person_id><license_plate>HZH 063</license_plate><vin>3MSK3NG1XVEWWE7FG</vin><color>PaleTurquoise</color><year>2003</year></automobile><automobile><person_id>3648a204-cbda-4049-a533-4a2a60017f24</person_id><license_plate>ZBA 912</license_plate><vin>VAZC612287A8HKGC2</vin><color>SandyBrown</color><year>2018</year></automobile><automobile><person_id>3648a204-cbda-4049-a533-4a2a60017f24</person_id><license_plate>RHI-3826</license_plate><vin>3ZZ8NX440895SH8C4</vin><color>BurlyWood</color><year>1977</year></automobile><automobile><person_id>3648a204-cbda-4049-a533-4a2a60017f24</person_id><license_plate>5-04543</license_plate><vin>6YJJY7T48265GM6UJ</vin><color>Navy</color><year>1995</year></automobile><automobile><person_id>d3d6b23d-254a-4500-b71b-670b857ce742</person_id><license_plate>DGL-815</license_plate><vin>V4CESMUV6GCWPYGW0</vin><color>WhiteSmoke</color><year>1988</year></automobile><automobile><person_id>7c9f53bf-8fdd-44d3-a2a4-fd00da6d14f4</person_id><license_plate>814M5</license_plate><vin>6UR2BGKPXKEYU695N</vin><color>Magenta</color><year>2023</year></automobile><automobile><person_id>6a2f711c-51e4-4973-93bb-84f3c55cbdcb</person_id><license_plate>5Z SZ163</license_plate><vin>ZMAAAJ165MLZ5AYYR</vin><color>Orange</color><year>1989</year></automobile><automobile><person_id>020b64af-7c3c-4597-8762-1e92c5897b6a</person_id><license_plate>I61 9BG</license_plate><vin>N7KUBVTC8VH3EXP8E</vin><color>Moccasin</color><year>2023</year></automobile><automobile><person_id>fa59a80c-551c-4b22-8072-e52d719c4b63</person_id><license_plate>MDU 465</license_plate><vin>HCCW1T7G9JEN4LGF3</vin><color>IndianRed</color><year>1975</year></automobile><automobile><person_id>fa59a80c-551c-4b22-8072-e52d719c4b63</person_id><license_plate>XOK 307</license_plate><vin>1WJVDUDZ9HGH8T8BF</vin><color>YellowGreen</color><year>2011</year></automobile><automobile><person_id>8ad2bc59-1b27-4b75-a6f7-e004b67db8e8</person_id><license_plate>D16-SYM</license_plate><vin>FT6K9WN1XYL3Y39X1</vin><color>WhiteSmoke</color><year>2011</year></automobile><automobile><person_id>8b100dae-7447-44a4-a9f6-d952a3da2411</person_id><license_plate>KVO 888</license_plate><vin>B121JUWV2R7EX3TD8</vin><color>GhostWhite</color><year>1999</year></automobile><automobile><person_id>8b100dae-7447-44a4-a9f6-d952a3da2411</person_id><license_plate>OB 0977</license_plate><vin>GAAY5H1396V6TYYD2</vin><color>Gainsboro</color><year>2016</year></automobile><automobile><person_id>36588b54-3fb3-4fe5-9470-276755dba53a</person_id><license_plate>755-KON</license_plate><vin>0C8CGN1R82HRZBHEC</vin><color>LightPink</color><year>1972</year></automobile><automobile><person_id>2935c7a0-9961-4bf5-81b6-e81a53da8b53</person_id><license_plate>2-75509W</license_plate><vin>GK3NRBU148RH2821U</vin><color>LightSteelBlue</color><year>1975</year></automobile><automobile><person_id>f1a362a8-99dd-4ed0-bcb0-907266985bac</person_id><license_plate>92Q W58</license_plate><vin>5L86ENBT8PY81D65P</vin><color>Fuchsia</color><year>2005</year></automobile><automobile><person_id>f1a362a8-99dd-4ed0-bcb0-907266985bac</person_id><license_plate>8J 2S2LJQ</license_plate><vin>VND23H4Y4U9FMA2Z4</vin><color>Yellow</color><year>1980</year></automobile><automobile><person_id>84fd0876-95c8-4631-8e8e-7f1e4256b4b6</person_id><license_plate>6CO 717</license_plate><vin>CMB8ENJV9EWJF4GVB</vin><color>Yellow</color><year>1983</year></automobile><automobile><person_id>84fd0876-95c8-4631-8e8e-7f1e4256b4b6</person_id><license_plate>8N DL194</license_plate><vin>2B2RUS157UFGF4JSN</vin><color>SandyBrown</color><year>1994</year></automobile><automobile><person_id>25f5b0d5-3071-40ab-ab77-43dbb46487ba</person_id><license_plate>LCI 054</license_plate><vin>14G7KS6G1RTNH9HL1</vin><color>DarkOrchid</color><year>1991</year></automobile><automobile><person_id>a9f738e8-1b23-4bae-a7f9-200f533f55e5</person_id><license_plate>3D808</license_plate><vin>XZ2VKDNB35M8BB5BF</vin><color>Violet</color><year>1988</year></automobile><automobile><person_id>a9f738e8-1b23-4bae-a7f9-200f533f55e5</person_id><license_plate>8S 9763R</license_plate><vin>3ZTK33TB81PFEH6AY</vin><color>PapayaWhip</color><year>1972</year></automobile><automobile><person_id>6c45dee5-7295-4d77-a596-7513167b8b49</person_id><license_plate>007 6682</license_plate><vin>SLY0AGNC8N08SHR3W</vin><color>LavenderBlush</color><year>2002</year></automobile><automobile><person_id>6c45dee5-7295-4d77-a596-7513167b8b49</person_id><license_plate>158EI</license_plate><vin>U588KY5295NRYVPG3</vin><color>Plum</color><year>1998</year></automobile><automobile><person_id>de55a6e9-836a-4d82-b199-059dc0f96d96</person_id><license_plate>056-GKP</license_plate><vin>W52VXSY648P2G27SD</vin><color>Orange</color><year>1995</year></automobile><automobile><person_id>f8e21038-fab6-4ff3-b974-55e726b38b11</person_id><license_plate>79I•453</license_plate><vin>PW6ZVY5P31G7MJ7LK</vin><color>Beige</color><year>1985</year></automobile><automobile><person_id>d2f246e9-f493-4e23-8cbb-7e02082aa9f3</person_id><license_plate>WBC-1709</license_plate><vin>NXUP7KHK05W4RAFEX</vin><color>BlanchedAlmond</color><year>1981</year></automobile><automobile><person_id>b56d198c-128e-44f9-b8c0-dec1fa7aba3e</person_id><license_plate>PQZ-689</license_plate><vin>GU8UBVZ45SGUA9J7W</vin><color>Orchid</color><year>2002</year></automobile><automobile><person_id>0d47c445-2cee-4a42-9a37-36bb9a81d4b5</person_id><license_plate>87P H53</license_plate><vin>89Z19HLS30B4VSWES</vin><color>PaleVioletRed</color><year>1997</year></automobile><automobile><person_id>bf9eca7b-1694-49a2-afe1-363724286ed9</person_id><license_plate>IMO-142</license_plate><vin>VHY7BJ08XH5BZ6NMS</vin><color>MidnightBlue</color><year>1973</year></automobile><automobile><person_id>5339fd3f-7fda-4b83-b870-dc7598cd5150</person_id><license_plate>VLE-4890</license_plate><vin>K51N3LMM9YM472F7P</vin><color>DarkOrange</color><year>1976</year></automobile><automobile><person_id>5339fd3f-7fda-4b83-b870-dc7598cd5150</person_id><license_plate>DUD-171</license_plate><vin>9F1C08N94GJGZHMP0</vin><color>Purple</color><year>2016</year></automobile><automobile><person_id>c0f2d105-78dd-4f85-959f-56da28c8c693</person_id><license_plate>X98-23I</license_plate><vin>AP01EJ831ELGJYBVA</vin><color>SkyBlue</color><year>2002</year></automobile><automobile><person_id>81781410-a389-4916-8671-58624aa95aeb</person_id><license_plate>LMX8925</license_plate><vin>6Z8X5NGDXKSLK7CRS</vin><color>LightGray</color><year>1981</year></automobile><automobile><person_id>afca0d40-6cb0-4926-9a05-aa1707a62696</person_id><license_plate>ZEV 9300</license_plate><vin>4NK2H2TD9W4468NTA</vin><color>LightGreen</color><year>2012</year></automobile><automobile><person_id>788edb7d-f80f-4616-a7a7-bb924a06cf13</person_id><license_plate>791GBY</license_plate><vin>J2FTHH0940DD3RK34</vin><color>Coral</color><year>1975</year></automobile><automobile><person_id>788edb7d-f80f-4616-a7a7-bb924a06cf13</person_id><license_plate>6D 34394</license_plate><vin>FLJTBMDL41ADKEUJD</vin><color>Tan</color><year>1991</year></automobile><automobile><person_id>fc5b8ed0-15e3-4daa-9b9c-1bb1d4401755</person_id><license_plate>128-YMJ</license_plate><vin>X14E76366E1WERKUN</vin><color>SeaGreen</color><year>1988</year></automobile><automobile><person_id>fc5b8ed0-15e3-4daa-9b9c-1bb1d4401755</person_id><license_plate>38Y 431</license_plate><vin>Z2U01LMY605F8HNTX</vin><color>Bisque</color><year>1978</year></automobile><automobile><person_id>edc9f95d-7b33-4588-9501-31c70d385849</person_id><license_plate>802 XGS</license_plate><vin>31RVMN269TWYW5410</vin><color>PaleTurquoise</color><year>1994</year></automobile><automobile><person_id>1f40a145-84de-48b0-9390-cc1960e13781</person_id><license_plate>JVP 209</license_plate><vin>KWS5A8D16RK04BV2H</vin><color>LightSlateGray</color><year>1992</year></automobile><automobile><person_id>1f40a145-84de-48b0-9390-cc1960e13781</person_id><license_plate>069 SFG</license_plate><vin>FWWL0D900GL5GF321</vin><color>Black</color><year>2022</year></automobile><automobile><person_id>c33a5060-4da0-4a3e-97f3-26ea22e121e8</person_id><license_plate>0ALR 82</license_plate><vin>ETDTAL765NP86WDZP</vin><color>Black</color><year>1975</year></automobile><automobile><person_id>49c47b90-ca25-4646-bb0d-07b407155e7e</person_id><license_plate>LVH 479</license_plate><vin>GL20YSNA63A5192P3</vin><color>MediumSlateBlue</color><year>2022</year></automobile><automobile><person_id>49c47b90-ca25-4646-bb0d-07b407155e7e</person_id><license_plate>42-QX60</license_plate><vin>X7ZSCS3V5JHEBATZ8</vin><color>Orchid</color><year>1977</year></automobile><automobile><person_id>a2e74d47-45ce-454e-9d6c-6c805b54a64e</person_id><license_plate>ZIU6641</license_plate><vin>90H9G7HM5DNBEA5MZ</vin><color>DarkKhaki</color><year>1980</year></automobile><automobile><person_id>453d34e2-0702-411d-86d5-f2963549c1dc</person_id><license_plate>87-NR82</license_plate><vin>BRP86SS78AVB8E4X5</vin><color>FloralWhite</color><year>2023</year></automobile><automobile><person_id>453d34e2-0702-411d-86d5-f2963549c1dc</person_id><license_plate>VB2 0697</license_plate><vin>YD7PCH333K1PB3MDL</vin><color>Salmon</color><year>2011</year></automobile><automobile><person_id>a4696493-5fd9-481e-9ac7-fadc0060a976</person_id><license_plate>UEC9420</license_plate><vin>FUKLMTN20D9E73Y0C</vin><color>Blue</color><year>1978</year></automobile><automobile><person_id>a4696493-5fd9-481e-9ac7-fadc0060a976</person_id><license_plate>53-B296</license_plate><vin>7C0CPN462BRTYLC1L</vin><color>MediumSeaGreen</color><year>1992</year></automobile><automobile><person_id>a4696493-5fd9-481e-9ac7-fadc0060a976</person_id><license_plate>8KR34</license_plate><vin>79JHBCCF8SHD5F6HB</vin><color>CadetBlue</color><year>2019</year></automobile><automobile><person_id>fd8fe0be-c6f6-4b93-9668-5e98e1e908fa</person_id><license_plate>4700 OQ</license_plate><vin>2S1C9GDV05LFT7U5A</vin><color>DodgerBlue</color><year>1999</year></automobile><automobile><person_id>13a05dff-25b5-42a6-bfb8-5b8433b46dc0</person_id><license_plate>038 XHB</license_plate><vin>FN2JXM6G5C2FX71WL</vin><color>DarkKhaki</color><year>1984</year></automobile><automobile><person_id>8f2965ba-5219-4ec0-8dcf-940a404ee78b</person_id><license_plate>076-VEC</license_plate><vin>35X28HKZ09Y6FVBGW</vin><color>DarkSlateBlue</color><year>1980</year></automobile><automobile><person_id>934b38ee-3c54-4df1-ac59-132187f88247</person_id><license_plate>5CA 975</license_plate><vin>M3U03RXP76AP0A4KN</vin><color>Gold</color><year>2010</year></automobile><automobile><person_id>fa3b42a6-75eb-4ad7-8241-8a8c80f15fd0</person_id><license_plate>8FW3006</license_plate><vin>7FCZXUK88KZBBD039</vin><color>GhostWhite</color><year>1991</year></automobile><automobile><person_id>09b4c07d-07a8-4f67-9a4e-a0ac11d1064f</person_id><license_plate>1UF08</license_plate><vin>S3PY98WB5NBVZ43WF</vin><color>Orange</color><year>2021</year></automobile><automobile><person_id>05442c0c-a445-4d58-a840-d664ed9e1ff5</person_id><license_plate>286 VMJ</license_plate><vin>33DSDB3W48DBM0TTK</vin><color>Pink</color><year>1988</year></automobile><automobile><person_id>ef597f9a-b3bd-43e5-bb62-b0ac0fa88d1a</person_id><license_plate>RAX 0949</license_plate><vin>14JF9DME28FSMPRC2</vin><color>YellowGreen</color><year>1992</year></automobile><automobile><person_id>ba26dce2-ca65-454f-9fad-6cdf9a1c5847</person_id><license_plate>622O8</license_plate><vin>MD3A1EB210LNCJVGH</vin><color>Teal</color><year>2020</year></automobile><automobile><person_id>6dd56151-c474-4708-88ef-e27b7c1ab31d</person_id><license_plate>GBA 780</license_plate><vin>YX6RARW47M4WAN0E7</vin><color>PaleGreen</color><year>1996</year></automobile><automobile><person_id>6dd56151-c474-4708-88ef-e27b7c1ab31d</person_id><license_plate>TGR 499</license_plate><vin>ZM4FNF9336V5RD99P</vin><color>DarkBlue</color><year>1987</year></automobile><automobile><person_id>39280072-62d3-4e32-bfe6-a5789c8468d5</person_id><license_plate>PMG9626</license_plate><vin>DE8V9RUT1WK5X0V59</vin><color>FireBrick</color><year>2014</year></automobile><automobile><person_id>03d9a931-c8ae-4278-a5c5-f1ab323282b5</person_id><license_plate>WYL F35</license_plate><vin>DB6UY0AC90J4EP258</vin><color>DarkRed</color><year>2005</year></automobile><automobile><person_id>d1e83007-e2ca-4a6f-b464-8c5f302ec297</person_id><license_plate>358 LOX</license_plate><vin>JXHXVNDB3TZX2E9AY</vin><color>Snow</color><year>1973</year></automobile><automobile><person_id>4b9cd79f-26cc-44a2-86d6-867938d0de81</person_id><license_plate>0-12141</license_plate><vin>BCEK7XR34H185RWPG</vin><color>Silver</color><year>1983</year></automobile><automobile><person_id>4b9cd79f-26cc-44a2-86d6-867938d0de81</person_id><license_plate>297MFQ</license_plate><vin>YDH2YUKA3XGHWZ3NZ</vin><color>Wheat</color><year>2014</year></automobile><automobile><person_id>76581690-28bd-4c82-9c89-274f61a44e73</person_id><license_plate>VBG-365</license_plate><vin>4A7Z05G03YMMC4HS7</vin><color>LimeGreen</color><year>1972</year></automobile><automobile><person_id>76581690-28bd-4c82-9c89-274f61a44e73</person_id><license_plate>2FL J70</license_plate><vin>Y9DPTZJM6D7TCD6DX</vin><color>Tomato</color><year>2012</year></automobile><automobile><person_id>76581690-28bd-4c82-9c89-274f61a44e73</person_id><license_plate>652-QYW</license_plate><vin>V8LKDP9U806NETM97</vin><color>DarkGray</color><year>2004</year></automobile><automobile><person_id>a760baad-0970-4899-b299-e3cc0c2f9db9</person_id><license_plate>152 ZKJ</license_plate><vin>E57TDLF53U5NNVVDB</vin><color>White</color><year>1984</year></automobile><automobile><person_id>30f6c08d-ce53-4c69-8faa-847648dbcd8c</person_id><license_plate>LLJ 840</license_plate><vin>5B2WUMEG4NV0PNYH5</vin><color>OldLace</color><year>2011</year></automobile><automobile><person_id>fd41e6fe-e9b2-47f2-92ca-be163b752a71</person_id><license_plate>28Y Y70</license_plate><vin>6YR1GPNR78TLJYZSR</vin><color>Navy</color><year>2019</year></automobile></automobiles>