<?xml version="1.0" encoding="UTF-8" ?><automobiles><automobile><person_id>7c6d4d0a-d5a3-44c3-a42f-4323dde6db66</person_id><license_plate>4PI2569</license_plate><vin>7CF11VWK4AZU5R1NT</vin><color>PaleTurquoise</color><year>2007</year></automobile><automobile><person_id>7c6d4d0a-d5a3-44c3-a42f-4323dde6db66</person_id><license_plate>IGN 315</license_plate><vin>07T2XW6G445RL2J3S</vin><color>SeaShell</color><year>2013</year></automobile><automobile><person_id>a4a28c0b-cd63-4c9f-b9b1-dee852af3441</person_id><license_plate>4C 5M8QVT</license_plate><vin>62N9753TXJ8T9488N</vin><color>DarkViolet</color><year>1989</year></automobile><automobile><person_id>5caa7abe-b5dc-4224-91b8-c5733afb923f</person_id><license_plate>06Q•685</license_plate><vin>G26FR0WF6VST347HU</vin><color>LightCoral</color><year>1980</year></automobile><automobile><person_id>6e346730-7734-43ab-b488-52d912b1b345</person_id><license_plate>HSE 923</license_plate><vin>R1ENPWPB8YXCJT772</vin><color>Lime</color><year>1970</year></automobile><automobile><person_id>6e346730-7734-43ab-b488-52d912b1b345</person_id><license_plate>DFE-089</license_plate><vin>ELJW4WVJ9DL4LBPZT</vin><color>SeaGreen</color><year>2018</year></automobile><automobile><person_id>4dfa9461-932f-4e42-9faa-be5d846e272a</person_id><license_plate>515-EKAI</license_plate><vin>8SJK2ZX44T3WDX8RT</vin><color>MediumAquaMarine</color><year>1992</year></automobile><automobile><person_id>4dfa9461-932f-4e42-9faa-be5d846e272a</person_id><license_plate>JT4 8174</license_plate><vin>LYS8H02W80RXVGPNJ</vin><color>DarkSlateBlue</color><year>1998</year></automobile><automobile><person_id>4dfa9461-932f-4e42-9faa-be5d846e272a</person_id><license_plate>KCL 879</license_plate><vin>B2YUG7N88ZREYWNJ5</vin><color>SpringGreen</color><year>2014</year></automobile><automobile><person_id>f5340784-1519-4d0a-b1a5-ae9cae23eb51</person_id><license_plate>KMW2808</license_plate><vin>EJ7NBCY7X4JLHR4V0</vin><color>DarkBlue</color><year>1974</year></automobile><automobile><person_id>3f45a36a-5a6c-4f8a-8d40-ff6d1ccf1846</person_id><license_plate>KSP-684</license_plate><vin>PAZACKZY87W2JAUHW</vin><color>DarkSeaGreen</color><year>1997</year></automobile><automobile><person_id>b8f89dc8-def3-4ef3-80c5-4f731e24f8b9</person_id><license_plate>LKD 103</license_plate><vin>PYWNKN1K8S4RZ98D9</vin><color>LightYellow</color><year>2001</year></automobile><automobile><person_id>527949a5-7449-4383-ab48-7806651a53f2</person_id><license_plate>2HU Z94</license_plate><vin>T4ES57V136P9PNTS5</vin><color>PowderBlue</color><year>1973</year></automobile><automobile><person_id>8d38eaee-1e5a-42be-a0a3-77da5659cc74</person_id><license_plate>825-ISU</license_plate><vin>N2BY7GJ32NBRH3W5R</vin><color>Blue</color><year>1988</year></automobile><automobile><person_id>f60c71b5-4332-4d1d-ab36-aeeefe330c46</person_id><license_plate>977ASY</license_plate><vin>0J8LN5PV36CLKXMCS</vin><color>Wheat</color><year>1971</year></automobile><automobile><person_id>f5e294f8-106e-4be5-949c-000cd8a9c780</person_id><license_plate>40-KX44</license_plate><vin>9URJY4143P6N8PTSC</vin><color>White</color><year>1992</year></automobile><automobile><person_id>f5e294f8-106e-4be5-949c-000cd8a9c780</person_id><license_plate>685 WQO</license_plate><vin>MDM7DPTYX3SANBFTM</vin><color>Maroon</color><year>1976</year></automobile><automobile><person_id>50755bac-5137-41ed-97c5-40b8de83a768</person_id><license_plate>6TO0937</license_plate><vin>259RMRKB2HDYD62FR</vin><color>LightSkyBlue</color><year>2018</year></automobile><automobile><person_id>50755bac-5137-41ed-97c5-40b8de83a768</person_id><license_plate>972-054</license_plate><vin>C4MYY1SA2AWJUAADP</vin><color>MediumVioletRed</color><year>2017</year></automobile><automobile><person_id>c7c84e0f-ee6a-404c-b694-27a961e2ac77</person_id><license_plate>4X 2O3ILX</license_plate><vin>SLU370UH3ZZJLF2JN</vin><color>Black</color><year>2007</year></automobile><automobile><person_id>a84a7917-c589-49b5-beb8-0767464e45e2</person_id><license_plate>212-YJW</license_plate><vin>8MEFJHJR2VY4GFFPB</vin><color>PapayaWhip</color><year>2023</year></automobile><automobile><person_id>a84a7917-c589-49b5-beb8-0767464e45e2</person_id><license_plate>7-42291B</license_plate><vin>0NUPW55T4P6N2P4E7</vin><color>GoldenRod</color><year>2014</year></automobile><automobile><person_id>23c2d9ba-d31f-4e2a-be29-8f42d7607b25</person_id><license_plate>732GAS</license_plate><vin>LPRETKVJ205C3SW7U</vin><color>BlueViolet</color><year>2007</year></automobile><automobile><person_id>23c2d9ba-d31f-4e2a-be29-8f42d7607b25</person_id><license_plate>689-VFO</license_plate><vin>KPEB1D9GX2SLF11P5</vin><color>ForestGreen</color><year>2010</year></automobile><automobile><person_id>07cf8e3b-8adb-47d1-ae96-46a8a3049b3b</person_id><license_plate>G24 8HO</license_plate><vin>EF83NR8U3L4CU9LEU</vin><color>Thistle</color><year>2014</year></automobile><automobile><person_id>07cf8e3b-8adb-47d1-ae96-46a8a3049b3b</person_id><license_plate>62-87211</license_plate><vin>KAMEL4271TY48FWW5</vin><color>Linen</color><year>1987</year></automobile><automobile><person_id>902e63ff-7e73-4cae-83ea-991a30960ce4</person_id><license_plate>6119 AD</license_plate><vin>T0Y6C3FS27PNB4MDZ</vin><color>DarkGoldenRod</color><year>1975</year></automobile><automobile><person_id>25578e83-dbf0-41e1-ae12-aa7c8ed5fbfe</person_id><license_plate>MJA 332</license_plate><vin>U8UHZ36C4B25V6T1C</vin><color>DarkSlateGray</color><year>1992</year></automobile><automobile><person_id>25578e83-dbf0-41e1-ae12-aa7c8ed5fbfe</person_id><license_plate>NIH-9723</license_plate><vin>LNRB5BA23GDLAJF1M</vin><color>SpringGreen</color><year>2007</year></automobile><automobile><person_id>035597db-a132-4b4f-95af-312293516af5</person_id><license_plate>219-ONS</license_plate><vin>YXGXRZRT916XVXSKZ</vin><color>DarkRed</color><year>1997</year></automobile><automobile><person_id>035597db-a132-4b4f-95af-312293516af5</person_id><license_plate>2U 4902A</license_plate><vin>N3837CM636Z8SETSE</vin><color>DarkKhaki</color><year>1983</year></automobile><automobile><person_id>20299248-52ad-49d0-8e0e-fdad55be98f3</person_id><license_plate>5C 9J5UHG</license_plate><vin>7ATLKF7Y2B1ZWF9GP</vin><color>WhiteSmoke</color><year>1981</year></automobile><automobile><person_id>20299248-52ad-49d0-8e0e-fdad55be98f3</person_id><license_plate>CYU 948</license_plate><vin>9U34S2U71ZWZ7252R</vin><color>LightGray</color><year>1994</year></automobile><automobile><person_id>20299248-52ad-49d0-8e0e-fdad55be98f3</person_id><license_plate>O22 1FI</license_plate><vin>6TM74FW03RW16BSJ5</vin><color>DarkSlateBlue</color><year>1977</year></automobile><automobile><person_id>674ac1bf-43d4-41b4-803b-1d86b7f45d0b</person_id><license_plate>46-1088F</license_plate><vin>JURJJ9XP1E73SXW4S</vin><color>Beige</color><year>2014</year></automobile><automobile><person_id>674ac1bf-43d4-41b4-803b-1d86b7f45d0b</person_id><license_plate>289 QFK</license_plate><vin>XSU7F6EK84YFW3MUS</vin><color>Gainsboro</color><year>1984</year></automobile><automobile><person_id>674ac1bf-43d4-41b4-803b-1d86b7f45d0b</person_id><license_plate>5DZ O20</license_plate><vin>LB870NWN302ZMFZLW</vin><color>LightSlateGray</color><year>2000</year></automobile><automobile><person_id>6623cfd4-7f1e-40e1-a290-57d9b60a62e9</person_id><license_plate>MY 57045</license_plate><vin>KPLWSL7N0R1C0ENYW</vin><color>ForestGreen</color><year>2022</year></automobile><automobile><person_id>64c5e6a4-8dcd-4777-adcc-4b2e19d8301c</person_id><license_plate>KCF-629</license_plate><vin>STVT28M36XU8BK0RT</vin><color>BurlyWood</color><year>1976</year></automobile><automobile><person_id>143f4a3c-fc1c-461c-8fa0-7b7bdd2c28cf</person_id><license_plate>626155</license_plate><vin>5NNTX7FJ8AKWPKL90</vin><color>LightGreen</color><year>2018</year></automobile><automobile><person_id>143f4a3c-fc1c-461c-8fa0-7b7bdd2c28cf</person_id><license_plate>KPW 110</license_plate><vin>UY0DHFL04N5J6DUW5</vin><color>DeepPink</color><year>1983</year></automobile><automobile><person_id>2b58b3bb-d7cd-485f-8d10-4f451f2dfb9e</person_id><license_plate>R85 5ZL</license_plate><vin>XVWBXX3T533BYYX13</vin><color>LightBlue</color><year>2002</year></automobile><automobile><person_id>823d1ec8-5883-4059-916f-6df8a1cb8ece</person_id><license_plate>C34-91T</license_plate><vin>2XZRKZ4YXKM230744</vin><color>ForestGreen</color><year>1995</year></automobile><automobile><person_id>d3c55a1f-e0fa-4d23-bc2a-1e585b66989c</person_id><license_plate>67-0993R</license_plate><vin>LUGVS3KD4TAZHDD3Z</vin><color>Plum</color><year>2005</year></automobile><automobile><person_id>d3c55a1f-e0fa-4d23-bc2a-1e585b66989c</person_id><license_plate>184-RQA</license_plate><vin>BBFUPG3PX8URTUGTU</vin><color>PapayaWhip</color><year>2022</year></automobile><automobile><person_id>36e06f28-20e5-4159-8395-1d1877659bf7</person_id><license_plate>1261 IS</license_plate><vin>JAEJ0G5A37N15DLZ5</vin><color>LemonChiffon</color><year>1999</year></automobile><automobile><person_id>36e06f28-20e5-4159-8395-1d1877659bf7</person_id><license_plate>2A 39339</license_plate><vin>Y4PVY8NL6CNJKTTBC</vin><color>MistyRose</color><year>2018</year></automobile><automobile><person_id>14c7ad57-2d65-421e-a14e-c1601e0b767d</person_id><license_plate>59CF2</license_plate><vin>6NABNT7L1F7WD1P42</vin><color>MediumTurquoise</color><year>1986</year></automobile><automobile><person_id>14c7ad57-2d65-421e-a14e-c1601e0b767d</person_id><license_plate>607-RRI</license_plate><vin>BSSM5SP20PRWGBDZ1</vin><color>Silver</color><year>2004</year></automobile><automobile><person_id>e6e2ba01-ced1-49ba-b763-1e1fdb0ff4fc</person_id><license_plate>27-6908H</license_plate><vin>ZY0S5C6L7BANGNX3Z</vin><color>MediumVioletRed</color><year>1980</year></automobile><automobile><person_id>e6e2ba01-ced1-49ba-b763-1e1fdb0ff4fc</person_id><license_plate>813 UI7</license_plate><vin>9B0KZK3C2EA4C08M2</vin><color>YellowGreen</color><year>1970</year></automobile><automobile><person_id>f409ceac-ae06-4d99-8858-a1ca061ac01a</person_id><license_plate>0Q I9413</license_plate><vin>G03EPELEX6E1KMDCC</vin><color>Tan</color><year>1991</year></automobile><automobile><person_id>b839c11a-5481-4e83-9819-fe947c3f9509</person_id><license_plate>URE0924</license_plate><vin>N4N1T7VD107YDNCUS</vin><color>DarkKhaki</color><year>2009</year></automobile><automobile><person_id>b839c11a-5481-4e83-9819-fe947c3f9509</person_id><license_plate>9JT 462</license_plate><vin>LZKFC4N85RZMZVHFJ</vin><color>Moccasin</color><year>1971</year></automobile><automobile><person_id>77040844-f8a0-487b-b151-7ec319e5ce80</person_id><license_plate>45J R95</license_plate><vin>PC3VDZ270A73U23U2</vin><color>SeaGreen</color><year>1985</year></automobile><automobile><person_id>47c42cbe-84ba-49bb-a19e-0a937c1f6cea</person_id><license_plate>178 PVQ</license_plate><vin>XPTVWXX80K7DNZE76</vin><color>DarkBlue</color><year>2022</year></automobile><automobile><person_id>36d98893-239c-4168-9187-5fabcf899c76</person_id><license_plate>LRW 643</license_plate><vin>5ZXSY4ES4K6C8HKLW</vin><color>RoyalBlue</color><year>1981</year></automobile><automobile><person_id>8fcdb425-d2df-4ba5-bb66-85b2763c6a25</person_id><license_plate>79X 889</license_plate><vin>32HA4PTSXYXTZ5U52</vin><color>CadetBlue</color><year>1972</year></automobile><automobile><person_id>8fcdb425-d2df-4ba5-bb66-85b2763c6a25</person_id><license_plate>245UAK</license_plate><vin>ZVVKHZLR6BUZDKKUN</vin><color>Yellow</color><year>2003</year></automobile><automobile><person_id>0b04ef5a-1d2b-48dc-bb0c-002c8ea2fee3</person_id><license_plate>435OIK</license_plate><vin>211A6TU28WEZJKZX1</vin><color>Wheat</color><year>1978</year></automobile><automobile><person_id>ae730baf-351c-4b08-bfa4-3bd756c58f58</person_id><license_plate>220 1BZ</license_plate><vin>M61WRX3S1TZK7HHTF</vin><color>White</color><year>1983</year></automobile><automobile><person_id>ae730baf-351c-4b08-bfa4-3bd756c58f58</person_id><license_plate>KRE 018</license_plate><vin>ASG58UJ84TKJRSX2S</vin><color>LightSalmon</color><year>2001</year></automobile><automobile><person_id>ae730baf-351c-4b08-bfa4-3bd756c58f58</person_id><license_plate>FDR 483</license_plate><vin>1LBE56ZC2A3T03RE8</vin><color>DarkSeaGreen</color><year>2001</year></automobile><automobile><person_id>efaae2a3-af3b-4c5b-9519-42527e6a8516</person_id><license_plate>0SNU154</license_plate><vin>AFE81TCMXTW22Y4UX</vin><color>Purple</color><year>1989</year></automobile><automobile><person_id>fb453447-634a-4498-9881-509ac30cbd0f</person_id><license_plate>W 141590</license_plate><vin>G9KJK2EG4WLSD4300</vin><color>MediumSlateBlue</color><year>1981</year></automobile><automobile><person_id>fb453447-634a-4498-9881-509ac30cbd0f</person_id><license_plate>PEB 0454</license_plate><vin>TWYA9MLJ1Y2XUV2NY</vin><color>Khaki</color><year>1976</year></automobile><automobile><person_id>92177bf5-9a3d-40b5-85ab-11aac14239d1</person_id><license_plate>95-QD03</license_plate><vin>ACSCK6W681R8VNX8L</vin><color>Navy</color><year>2010</year></automobile><automobile><person_id>ffd7a015-ff7c-4022-966c-b16d494801ea</person_id><license_plate>VBS-670</license_plate><vin>0872T4M98R84G0C9M</vin><color>Magenta</color><year>1996</year></automobile><automobile><person_id>ffd7a015-ff7c-4022-966c-b16d494801ea</person_id><license_plate>KHT 901</license_plate><vin>7DVF5BAEX9HBVYAZF</vin><color>Turquoise</color><year>2011</year></automobile><automobile><person_id>ffd7a015-ff7c-4022-966c-b16d494801ea</person_id><license_plate>887 BXM</license_plate><vin>FSVJHH433MWCYGDLL</vin><color>Ivory</color><year>2013</year></automobile><automobile><person_id>9b28e4f9-f929-4c34-b4c6-a8bb42b22763</person_id><license_plate>Q72 1PO</license_plate><vin>KJBPAU2G9ZRWEZY4U</vin><color>DarkSalmon</color><year>2013</year></automobile><automobile><person_id>9b28e4f9-f929-4c34-b4c6-a8bb42b22763</person_id><license_plate>GBK-4645</license_plate><vin>CWE6UZZR3ZCULR65D</vin><color>Navy</color><year>1970</year></automobile><automobile><person_id>32c4b0b2-8c82-46ba-af8f-729a8a0e537f</person_id><license_plate>Q47-18J</license_plate><vin>ZSWL0D837H0WRUMCC</vin><color>MediumSlateBlue</color><year>1987</year></automobile><automobile><person_id>32c4b0b2-8c82-46ba-af8f-729a8a0e537f</person_id><license_plate>999-ARU</license_plate><vin>EZH5AGVD0XTSX7L6X</vin><color>GreenYellow</color><year>2019</year></automobile><automobile><person_id>32c4b0b2-8c82-46ba-af8f-729a8a0e537f</person_id><license_plate>ZTP-184</license_plate><vin>TV8PRWMN0DUZ9DHMG</vin><color>Aquamarine</color><year>1984</year></automobile><automobile><person_id>d2475e6d-1ad6-4d87-9f4f-e116dd32f8eb</person_id><license_plate>11-1025J</license_plate><vin>RZZCW0W34SXC400NR</vin><color>Chartreuse</color><year>1992</year></automobile><automobile><person_id>d2475e6d-1ad6-4d87-9f4f-e116dd32f8eb</person_id><license_plate>IAE R64</license_plate><vin>LMZ7DGB132ZKYJALB</vin><color>Chartreuse</color><year>2014</year></automobile><automobile><person_id>6cf0381b-1da1-4ef0-bf4c-cac3048cc1d4</person_id><license_plate>87G X39</license_plate><vin>V5M4HZPC32KVBLK60</vin><color>DarkBlue</color><year>2001</year></automobile><automobile><person_id>ccdd6b72-ac8b-498f-bf12-6c6f977479a0</person_id><license_plate>113APL</license_plate><vin>MEB5VUUN0FLTW593U</vin><color>DarkKhaki</color><year>1977</year></automobile><automobile><person_id>1ff0625c-f9b6-4edd-a9a1-75b926f07db5</person_id><license_plate>17S D99</license_plate><vin>BZ3UWSZH32WEFPGWJ</vin><color>DarkMagenta</color><year>1998</year></automobile><automobile><person_id>1ff0625c-f9b6-4edd-a9a1-75b926f07db5</person_id><license_plate>32Z J94</license_plate><vin>Y599X6M16JYTLTZH4</vin><color>DarkOliveGreen</color><year>2018</year></automobile><automobile><person_id>3b0adf60-db48-426c-a4ba-0dda1ecd78cd</person_id><license_plate>240-PGE</license_plate><vin>EKK70AU978G6RUZKX</vin><color>LimeGreen</color><year>2021</year></automobile><automobile><person_id>81d7fba2-18a5-4889-9bc3-542fe6192a6c</person_id><license_plate>EMT-933</license_plate><vin>C035TNSJXAUA02GVV</vin><color>Peru</color><year>2001</year></automobile><automobile><person_id>ca71310d-b7ce-49c5-b1e7-b42f26d9ffe9</person_id><license_plate>M48 8WR</license_plate><vin>AB8GVK2C21ASSHXBC</vin><color>PaleTurquoise</color><year>2022</year></automobile><automobile><person_id>ca71310d-b7ce-49c5-b1e7-b42f26d9ffe9</person_id><license_plate>845 4DE</license_plate><vin>RJM5GDR85WF08C4DM</vin><color>DarkSlateGray</color><year>1994</year></automobile><automobile><person_id>2d4cdbc7-dce4-45ed-b8f5-8fce8187b6cf</person_id><license_plate>8UF1172</license_plate><vin>BJF2SEY645JZHP2LY</vin><color>ForestGreen</color><year>1975</year></automobile><automobile><person_id>c960adf7-8586-4b1c-b15c-c175892ce698</person_id><license_plate>KXX 452</license_plate><vin>AX8DM7HG5HRN9D019</vin><color>DarkMagenta</color><year>1982</year></automobile><automobile><person_id>0f002ab3-233d-4488-a6ae-068a1cf9651d</person_id><license_plate>793 AMZ</license_plate><vin>1RRLCBBE5N1E4ZRP4</vin><color>Navy</color><year>2022</year></automobile><automobile><person_id>4ef9c485-0b28-4627-855b-3a12552118fe</person_id><license_plate>WQO-3611</license_plate><vin>483U6KTL217J6NYZG</vin><color>MistyRose</color><year>1976</year></automobile><automobile><person_id>ac02413c-4f27-44f8-82c0-0edd0a5f1732</person_id><license_plate>4P 5Q9YZA</license_plate><vin>GJ2254UC2K2H4Y1F6</vin><color>PeachPuff</color><year>1978</year></automobile><automobile><person_id>ac02413c-4f27-44f8-82c0-0edd0a5f1732</person_id><license_plate>273 GTM</license_plate><vin>DMSYWRNF4SZE4DPHW</vin><color>Thistle</color><year>2023</year></automobile><automobile><person_id>ac02413c-4f27-44f8-82c0-0edd0a5f1732</person_id><license_plate>LWO-195</license_plate><vin>ER4GC5XY353T719RK</vin><color>Silver</color><year>2021</year></automobile><automobile><person_id>7ea6bfa1-7896-42ef-871c-c199eddb15a2</person_id><license_plate>X87-86L</license_plate><vin>E1M9LRH83R0LJZ6RE</vin><color>DarkOrchid</color><year>2005</year></automobile><automobile><person_id>7ea6bfa1-7896-42ef-871c-c199eddb15a2</person_id><license_plate>158 ZPU</license_plate><vin>3EZ4DP1BX4WE6VJNS</vin><color>DimGray</color><year>1971</year></automobile><automobile><person_id>93b98a76-b4d0-4ae5-920d-07b313aba969</person_id><license_plate>49C G69</license_plate><vin>2YWYJYHE4J0CUH98B</vin><color>SpringGreen</color><year>2012</year></automobile><automobile><person_id>93b98a76-b4d0-4ae5-920d-07b313aba969</person_id><license_plate>080-ZYP</license_plate><vin>L4DCHJRE8N2M61JJ9</vin><color>Lavender</color><year>1992</year></automobile><automobile><person_id>88b26f5c-317c-418c-842f-89c585561916</person_id><license_plate>8YI6187</license_plate><vin>6LAUC3K75TR2174YC</vin><color>GoldenRod</color><year>1978</year></automobile><automobile><person_id>88b26f5c-317c-418c-842f-89c585561916</person_id><license_plate>105-HNC</license_plate><vin>WU2GV42D4E94PLLXN</vin><color>PeachPuff</color><year>2011</year></automobile><automobile><person_id>ec92a1c6-ed06-48b6-be09-c55521030646</person_id><license_plate>8X MP016</license_plate><vin>LH8HK73P8PXMVG2HD</vin><color>Beige</color><year>1994</year></automobile><automobile><person_id>ec92a1c6-ed06-48b6-be09-c55521030646</person_id><license_plate>2QI79</license_plate><vin>PLNJY9LS0J047KLWG</vin><color>Linen</color><year>1994</year></automobile><automobile><person_id>ec92a1c6-ed06-48b6-be09-c55521030646</person_id><license_plate>85-G014</license_plate><vin>LDY4PG9WXMR31XSPK</vin><color>BurlyWood</color><year>2016</year></automobile><automobile><person_id>78d17bba-628f-4504-a1eb-d22177ca5cef</person_id><license_plate>0497</license_plate><vin>KHHS1HH79GVUU0L90</vin><color>MediumPurple</color><year>1991</year></automobile><automobile><person_id>879c0396-6e98-442f-bfbd-cb364059aeda</person_id><license_plate>85-OM25</license_plate><vin>LC2HS9D6580V7H50P</vin><color>White</color><year>2009</year></automobile><automobile><person_id>0e6fb539-5cb9-4044-999e-7175f0caff82</person_id><license_plate>4AC 458</license_plate><vin>Z5WTBADU1F0B7SM14</vin><color>SpringGreen</color><year>2018</year></automobile><automobile><person_id>0e6fb539-5cb9-4044-999e-7175f0caff82</person_id><license_plate>72S•791</license_plate><vin>ZNG16DP53KV39282D</vin><color>SteelBlue</color><year>1993</year></automobile><automobile><person_id>6577761b-34db-457c-b61f-d1bdf59c8825</person_id><license_plate>RHB-2319</license_plate><vin>096NKEKAXUKPX18YM</vin><color>Lavender</color><year>2015</year></automobile><automobile><person_id>a422b71d-f1e3-4397-9a29-6144d0c5e924</person_id><license_plate>ELG-281</license_plate><vin>BT05K08P3XZ8A9975</vin><color>Chartreuse</color><year>2007</year></automobile><automobile><person_id>a422b71d-f1e3-4397-9a29-6144d0c5e924</person_id><license_plate>COI-941</license_plate><vin>FHNU6JUVXC2S65GWG</vin><color>HoneyDew</color><year>1997</year></automobile><automobile><person_id>85eec628-77b8-4a8e-b729-71edbf79228e</person_id><license_plate>J 645487</license_plate><vin>A0YCH1MF1UVHWWKXR</vin><color>SeaShell</color><year>2013</year></automobile><automobile><person_id>85eec628-77b8-4a8e-b729-71edbf79228e</person_id><license_plate>PF5 7668</license_plate><vin>G2VEMVJY2FMMZRSMS</vin><color>LightSteelBlue</color><year>1999</year></automobile><automobile><person_id>85eec628-77b8-4a8e-b729-71edbf79228e</person_id><license_plate>7HB 785</license_plate><vin>BP0M167Y93W5EHJ30</vin><color>Olive</color><year>1974</year></automobile><automobile><person_id>3c741dba-a7b1-4b2d-85e5-6142d7f254fe</person_id><license_plate>010-LSH</license_plate><vin>P8NMRD2H7ZJNLLW5F</vin><color>Tomato</color><year>2016</year></automobile><automobile><person_id>3c741dba-a7b1-4b2d-85e5-6142d7f254fe</person_id><license_plate>11IQ558</license_plate><vin>GMEUGV1E17SMDK6EN</vin><color>MediumTurquoise</color><year>2010</year></automobile><automobile><person_id>3c741dba-a7b1-4b2d-85e5-6142d7f254fe</person_id><license_plate>565 SGZ</license_plate><vin>5TC5DB2J5W11LPZAW</vin><color>PaleGoldenRod</color><year>1981</year></automobile><automobile><person_id>89863e63-31a2-4807-9329-4863dd1797a9</person_id><license_plate>IMO-8978</license_plate><vin>JVPSN5W94KWEGZ8L8</vin><color>Lime</color><year>1993</year></automobile><automobile><person_id>37b112d8-a180-435d-a0b4-07eb4335600e</person_id><license_plate>IUN 7210</license_plate><vin>WFRZB9RY7UDE1U9CL</vin><color>Crimson</color><year>2003</year></automobile><automobile><person_id>bab1f618-6d18-4923-b29d-119abc6bd13e</person_id><license_plate>430-CUP</license_plate><vin>B3RLH60D03B4AND8G</vin><color>FloralWhite</color><year>1978</year></automobile><automobile><person_id>bab1f618-6d18-4923-b29d-119abc6bd13e</person_id><license_plate>003-341</license_plate><vin>N3W7MNUV5GVFTRC78</vin><color>Linen</color><year>2007</year></automobile><automobile><person_id>ee8e6047-9e71-4435-94bf-5604281b1aa8</person_id><license_plate>42Q R80</license_plate><vin>NYAA4U0U289UKJZ4U</vin><color>ForestGreen</color><year>1973</year></automobile><automobile><person_id>84d97f88-1d2e-4db8-b86e-a0a5f1357669</person_id><license_plate>1G 55803</license_plate><vin>RW23FEE2XT6VDERKT</vin><color>MediumSlateBlue</color><year>1996</year></automobile><automobile><person_id>a6ee8791-0111-48c4-9c5b-aba41ad06362</person_id><license_plate>14M•132</license_plate><vin>4UJCABB0X5UN9YZVE</vin><color>DarkCyan</color><year>2019</year></automobile><automobile><person_id>baea06fd-fb25-424b-a2b7-c728d6a72cc1</person_id><license_plate>QQ-7992</license_plate><vin>HM1N28AN3DFG459GD</vin><color>DarkViolet</color><year>1990</year></automobile><automobile><person_id>baea06fd-fb25-424b-a2b7-c728d6a72cc1</person_id><license_plate>7VK Z13</license_plate><vin>UBDLGR3W0FMK23Z0Y</vin><color>Gainsboro</color><year>1974</year></automobile><automobile><person_id>d955f491-f99f-4153-a705-5f5a2f84e006</person_id><license_plate>0X 0W8MPR</license_plate><vin>0DFU68MR3GGF4LDFW</vin><color>DarkKhaki</color><year>1972</year></automobile><automobile><person_id>d955f491-f99f-4153-a705-5f5a2f84e006</person_id><license_plate>473R</license_plate><vin>WKVT74FP8UJM3HT59</vin><color>Peru</color><year>2020</year></automobile></automobiles>