<?xml version="1.0" encoding="UTF-8" ?><automobiles><automobile><person_id>0f8d5b88-3b6e-4aed-9653-0ec8cd285eea</person_id><license_plate>J31 3DE</license_plate><vin>XW8XTC4KX5LHLRBXX</vin><color>Coral</color><year>1972</year></automobile><automobile><person_id>d910bff1-6c58-4ba6-8bf3-ec6955f57d2c</person_id><license_plate>903 5LP</license_plate><vin>ELL0BYMF7F4X9KVBV</vin><color>Magenta</color><year>1978</year></automobile><automobile><person_id>4ffffb19-4f8e-4a63-9173-aed334b0f533</person_id><license_plate>HWI3368</license_plate><vin>4AD1XTXH8HVVB14BM</vin><color>Indigo</color><year>2005</year></automobile><automobile><person_id>679775f6-17dc-4c59-a44a-30a563b7dfd3</person_id><license_plate>2U576</license_plate><vin>E4XYLDAM8HMNJAG2S</vin><color>Khaki</color><year>2002</year></automobile><automobile><person_id>cd07a948-7b03-4bd6-b74a-82889e3c44b5</person_id><license_plate>204 UGD</license_plate><vin>H7XR98BC1EMFETE1S</vin><color>PaleTurquoise</color><year>1998</year></automobile><automobile><person_id>cd07a948-7b03-4bd6-b74a-82889e3c44b5</person_id><license_plate>ZOC 363</license_plate><vin>S5RLTNCP2P1JCHSBG</vin><color>Gray</color><year>1993</year></automobile><automobile><person_id>77a95166-b45b-45c6-ac40-2d78b7ac37a4</person_id><license_plate>JKR1804</license_plate><vin>TD8F7TYG76TYELLFR</vin><color>Yellow</color><year>1980</year></automobile><automobile><person_id>3c52d493-5033-40cd-b3be-0243930ff1ca</person_id><license_plate>9KQ 198</license_plate><vin>W7YMCCF8X9099VWAE</vin><color>HoneyDew</color><year>2023</year></automobile><automobile><person_id>3c52d493-5033-40cd-b3be-0243930ff1ca</person_id><license_plate>NGO 446</license_plate><vin>XR20283124HPXXYGT</vin><color>LightSteelBlue</color><year>2004</year></automobile><automobile><person_id>ad2b060f-f7ea-475b-b2de-9d874e7e5779</person_id><license_plate>VAL-367</license_plate><vin>CL8V1EW13NS0LY4JG</vin><color>Salmon</color><year>1983</year></automobile><automobile><person_id>ad2b060f-f7ea-475b-b2de-9d874e7e5779</person_id><license_plate>7DEB 72</license_plate><vin>DJRJUKJR3ELSTYY0G</vin><color>AliceBlue</color><year>1973</year></automobile><automobile><person_id>4ecf2611-ba84-4d9a-9884-59f776f7e687</person_id><license_plate>RJT 363</license_plate><vin>FZMFKJK78LZ0HSHJC</vin><color>PaleVioletRed</color><year>2010</year></automobile><automobile><person_id>4ecf2611-ba84-4d9a-9884-59f776f7e687</person_id><license_plate>KKR7420</license_plate><vin>GV97A5JC1Z38KK8U8</vin><color>DarkOliveGreen</color><year>2004</year></automobile><automobile><person_id>55ec9277-63bb-439b-858f-b1818be78576</person_id><license_plate>148POX</license_plate><vin>BTU8Z47N4RE8JKZJE</vin><color>LightSalmon</color><year>1985</year></automobile><automobile><person_id>436657c8-5cf1-430f-800a-17ea3705a990</person_id><license_plate>IUB7660</license_plate><vin>RA86TACZ0RC620K90</vin><color>Maroon</color><year>1987</year></automobile><automobile><person_id>7a741af8-1736-4e90-a19f-d7760c793a63</person_id><license_plate>Q95-90B</license_plate><vin>XD7081TYX45YCT2SA</vin><color>DarkViolet</color><year>2017</year></automobile><automobile><person_id>7a741af8-1736-4e90-a19f-d7760c793a63</person_id><license_plate>302CM</license_plate><vin>6J4ZRCXLXKH8PF93B</vin><color>PaleVioletRed</color><year>1997</year></automobile><automobile><person_id>96dea763-685e-49d6-b0d0-850cd7507205</person_id><license_plate>GJR-0693</license_plate><vin>7VEXJ1F424GUM8THZ</vin><color>PaleGreen</color><year>2022</year></automobile><automobile><person_id>96dea763-685e-49d6-b0d0-850cd7507205</person_id><license_plate>8RVZ 85</license_plate><vin>J3S9ZA4Y46WZ0P15W</vin><color>Bisque</color><year>2016</year></automobile><automobile><person_id>4a435f78-913f-4899-bb6a-4ba0fb27d38c</person_id><license_plate>544-ZWN</license_plate><vin>KGDZ5CWC01M1Z24TN</vin><color>PowderBlue</color><year>2008</year></automobile><automobile><person_id>285ab7d9-a0d0-48b3-b61c-285d22e63fec</person_id><license_plate>SKN3464</license_plate><vin>NWZLEB7Z4YFWXSTB4</vin><color>FireBrick</color><year>2000</year></automobile><automobile><person_id>285ab7d9-a0d0-48b3-b61c-285d22e63fec</person_id><license_plate>HQL 822</license_plate><vin>K5VZ2FWD9DFGY63SY</vin><color>LightGreen</color><year>1988</year></automobile><automobile><person_id>1cfdd1a6-832a-4799-aea3-e69fa8d0e6a1</person_id><license_plate>338 2194</license_plate><vin>1NE4FDAE0784YK743</vin><color>Indigo</color><year>1994</year></automobile><automobile><person_id>1cfdd1a6-832a-4799-aea3-e69fa8d0e6a1</person_id><license_plate>VHJ0792</license_plate><vin>5SDDMF1A4ZVFXSKV9</vin><color>Aqua</color><year>1983</year></automobile><automobile><person_id>1cfdd1a6-832a-4799-aea3-e69fa8d0e6a1</person_id><license_plate>7JA 228</license_plate><vin>CV9KK6ZR8Y3YPV43A</vin><color>FloralWhite</color><year>1997</year></automobile><automobile><person_id>dc7fd63b-84a4-4578-a986-4ff3efbcdd2e</person_id><license_plate>830MV</license_plate><vin>B5WKTZA043GUXTHAS</vin><color>Fuchsia</color><year>1976</year></automobile><automobile><person_id>dc7fd63b-84a4-4578-a986-4ff3efbcdd2e</person_id><license_plate>242-FHO</license_plate><vin>D0KFUACU22BL7FHZ9</vin><color>HotPink</color><year>1993</year></automobile><automobile><person_id>dc7fd63b-84a4-4578-a986-4ff3efbcdd2e</person_id><license_plate>2Z 4J5VMP</license_plate><vin>FHANJPRW35TN2PMN6</vin><color>LightSteelBlue</color><year>1975</year></automobile><automobile><person_id>a655ff93-d77a-44f9-b3e6-4483fa7fbc65</person_id><license_plate>1SF 689</license_plate><vin>K752URKU4D3J98ZM5</vin><color>IndianRed</color><year>1984</year></automobile><automobile><person_id>a655ff93-d77a-44f9-b3e6-4483fa7fbc65</person_id><license_plate>830 7NR</license_plate><vin>SGEXKTAG5D5FNZK4A</vin><color>BlueViolet</color><year>1983</year></automobile><automobile><person_id>dc0d59a1-3ac5-4580-971e-0d48044e391c</person_id><license_plate>KPY 118</license_plate><vin>FGF0PD8837R1LGXTD</vin><color>LightSteelBlue</color><year>1998</year></automobile><automobile><person_id>dc0d59a1-3ac5-4580-971e-0d48044e391c</person_id><license_plate>167IJN</license_plate><vin>1ZFPAHB91WDKW5VS6</vin><color>PaleGoldenRod</color><year>1980</year></automobile><automobile><person_id>dc0d59a1-3ac5-4580-971e-0d48044e391c</person_id><license_plate>KYC-0863</license_plate><vin>XE29RFSP2HK65RJ71</vin><color>Gray</color><year>1975</year></automobile><automobile><person_id>a6692ceb-e3da-4a78-9ffc-b848b33badd1</person_id><license_plate>5Y 2X7NDA</license_plate><vin>Z5R9FSLCXACGJNE3G</vin><color>Khaki</color><year>2007</year></automobile><automobile><person_id>d0c36bf7-5bba-422e-ab6a-bd10332b5537</person_id><license_plate>258-UYI</license_plate><vin>FEE2A25F93A5M0ZJ7</vin><color>Orange</color><year>1989</year></automobile><automobile><person_id>d0c36bf7-5bba-422e-ab6a-bd10332b5537</person_id><license_plate>9-2710Y</license_plate><vin>NXTNM7CS5YCS6AKJ0</vin><color>DeepSkyBlue</color><year>2001</year></automobile><automobile><person_id>cf7ddd17-336c-4e27-b1df-09814a62c010</person_id><license_plate>1-92005</license_plate><vin>PFERHHMD7VT0LEX97</vin><color>Orange</color><year>2008</year></automobile><automobile><person_id>da17381c-68fd-4e5c-83ec-74404c546171</person_id><license_plate>ZOA 251</license_plate><vin>BYV599AF2RCTHV9W7</vin><color>OldLace</color><year>1984</year></automobile><automobile><person_id>da17381c-68fd-4e5c-83ec-74404c546171</person_id><license_plate>7PFJ 00</license_plate><vin>LXVDSTT36TZBMZLFP</vin><color>DarkMagenta</color><year>1991</year></automobile><automobile><person_id>d3028ca9-cc20-4131-81d1-38d7f394e79a</person_id><license_plate>986 0QS</license_plate><vin>C8DVWTSY5P0EK33MT</vin><color>DarkGray</color><year>2008</year></automobile><automobile><person_id>f6c8ecff-14c4-410f-ac7a-adb9214ed6b8</person_id><license_plate>39-0182E</license_plate><vin>0G47J6DD00PYG59KU</vin><color>Purple</color><year>2000</year></automobile><automobile><person_id>f6c8ecff-14c4-410f-ac7a-adb9214ed6b8</person_id><license_plate>4725 AA</license_plate><vin>SYA0D01PXBAHF2F5R</vin><color>SeaGreen</color><year>1998</year></automobile><automobile><person_id>20ab8d2e-9c9d-433a-a77c-e636e6396547</person_id><license_plate>611-QPH</license_plate><vin>HD85F45L1ZRFJZTNS</vin><color>OliveDrab</color><year>1998</year></automobile><automobile><person_id>c045d7c8-b425-464e-914b-116272a049e7</person_id><license_plate>HYA 857</license_plate><vin>TUFFCPYV6X87E7ZNG</vin><color>Turquoise</color><year>2012</year></automobile><automobile><person_id>c045d7c8-b425-464e-914b-116272a049e7</person_id><license_plate>ZQK 077</license_plate><vin>N289K9541VRRBX9B3</vin><color>Aquamarine</color><year>2010</year></automobile><automobile><person_id>5774c9fd-9103-481b-981d-22dc4361391f</person_id><license_plate>620 NKJ</license_plate><vin>35XL6B5D2HT7Z682F</vin><color>ForestGreen</color><year>2008</year></automobile><automobile><person_id>c6172f65-b408-4f58-965c-4d61c9500948</person_id><license_plate>0-1231T</license_plate><vin>SNL1WYK0X45UKL2PE</vin><color>DarkGreen</color><year>2009</year></automobile><automobile><person_id>c6172f65-b408-4f58-965c-4d61c9500948</person_id><license_plate>NCS Q95</license_plate><vin>6027ZXT947FFUKUUX</vin><color>AliceBlue</color><year>1976</year></automobile><automobile><person_id>c6172f65-b408-4f58-965c-4d61c9500948</person_id><license_plate>VOE 184</license_plate><vin>TASLDJF55WFL8VL98</vin><color>DarkSeaGreen</color><year>1977</year></automobile><automobile><person_id>2673938b-993f-4d23-b5eb-a8a2838a1f7c</person_id><license_plate>2-U1377</license_plate><vin>X9C0TW3A500CY1XHB</vin><color>OrangeRed</color><year>1975</year></automobile><automobile><person_id>2673938b-993f-4d23-b5eb-a8a2838a1f7c</person_id><license_plate>110M5</license_plate><vin>HXHYTCCH2NABMAYM8</vin><color>LightCoral</color><year>1978</year></automobile><automobile><person_id>63518ad8-f27e-43dc-a6c0-df1617d41395</person_id><license_plate>3D335</license_plate><vin>RC6XVKW46DPTXXD9B</vin><color>OliveDrab</color><year>1995</year></automobile><automobile><person_id>63518ad8-f27e-43dc-a6c0-df1617d41395</person_id><license_plate>2RJ 104</license_plate><vin>7P5A14HD1MR8V57RV</vin><color>PaleVioletRed</color><year>1992</year></automobile><automobile><person_id>63518ad8-f27e-43dc-a6c0-df1617d41395</person_id><license_plate>8-61667X</license_plate><vin>LEG6WXWJ6D8R83PAJ</vin><color>Cornsilk</color><year>2000</year></automobile><automobile><person_id>71acc251-aec6-47a8-84a0-a21d27eccf95</person_id><license_plate>5-86497</license_plate><vin>7MFB9BGPX1DSPGZ1F</vin><color>CornflowerBlue</color><year>1984</year></automobile><automobile><person_id>6bccb4a2-2785-404e-9d7a-51b6946a0dbd</person_id><license_plate>2PL 258</license_plate><vin>75PY9WDB67GWXERYJ</vin><color>MediumAquaMarine</color><year>2015</year></automobile><automobile><person_id>f56a963c-1c39-489a-b50d-03c4c9bcd156</person_id><license_plate>ZVZ 312</license_plate><vin>2WGJH5N40B6JV24A9</vin><color>Purple</color><year>1979</year></automobile><automobile><person_id>f56a963c-1c39-489a-b50d-03c4c9bcd156</person_id><license_plate>XUI-5787</license_plate><vin>LKBTPT4089PJ56X7D</vin><color>DarkRed</color><year>1991</year></automobile><automobile><person_id>f56a963c-1c39-489a-b50d-03c4c9bcd156</person_id><license_plate>287T</license_plate><vin>3VLCCMBH77Z1UXHP2</vin><color>LavenderBlush</color><year>1995</year></automobile><automobile><person_id>a3ab81b0-69f1-4a8d-bf32-7220a3e63d81</person_id><license_plate>AGL-735</license_plate><vin>E5AEF75W0ATUGLYPS</vin><color>Wheat</color><year>1981</year></automobile><automobile><person_id>a3ab81b0-69f1-4a8d-bf32-7220a3e63d81</person_id><license_plate>HYD 977</license_plate><vin>YST0N2YTXACBU16Z6</vin><color>MediumSlateBlue</color><year>1983</year></automobile><automobile><person_id>056c1e2d-e002-4e41-8f5a-5a67e15e1f37</person_id><license_plate>HFP 692</license_plate><vin>BG06XLEZ3RVTP2KSX</vin><color>Black</color><year>1974</year></automobile><automobile><person_id>0b28c6ff-f29e-48ff-bcec-6ee5d40e8f54</person_id><license_plate>3K 9780M</license_plate><vin>6G8BF6NY6NFX5YB3R</vin><color>DarkKhaki</color><year>1988</year></automobile><automobile><person_id>0b28c6ff-f29e-48ff-bcec-6ee5d40e8f54</person_id><license_plate>GMG-229</license_plate><vin>ZLMSXY9Z47XTBVNRE</vin><color>AntiqueWhite</color><year>2003</year></automobile><automobile><person_id>f87bbc4d-709d-474d-a7ff-ee694eaebf97</person_id><license_plate>206 FLE</license_plate><vin>082YDXK60HAVYSHMG</vin><color>SandyBrown</color><year>1980</year></automobile><automobile><person_id>ae2125da-db50-4568-8b48-5826d948e11e</person_id><license_plate>LY 89572</license_plate><vin>SEK9W84453AANYZ56</vin><color>Thistle</color><year>1982</year></automobile><automobile><person_id>ae2125da-db50-4568-8b48-5826d948e11e</person_id><license_plate>ZVM-434</license_plate><vin>7DJP36JV4H5FT13GY</vin><color>DarkSalmon</color><year>1996</year></automobile><automobile><person_id>ba309c89-ceb8-492b-8d31-395854736dbf</person_id><license_plate>EUD-1184</license_plate><vin>F681TTPH1T3S93Y3U</vin><color>CornflowerBlue</color><year>2002</year></automobile><automobile><person_id>ba309c89-ceb8-492b-8d31-395854736dbf</person_id><license_plate>U90-08N</license_plate><vin>3SXACVD29KPN0D307</vin><color>LightYellow</color><year>1999</year></automobile><automobile><person_id>ba309c89-ceb8-492b-8d31-395854736dbf</person_id><license_plate>ZDJ6886</license_plate><vin>2DDAL76B2J1YS0Y5R</vin><color>IndianRed</color><year>1997</year></automobile><automobile><person_id>f1317eaa-34d4-4aa9-9614-0ba3f02f7afe</person_id><license_plate>7F AX691</license_plate><vin>VG5VM41E188GBG8F6</vin><color>DarkSalmon</color><year>1977</year></automobile><automobile><person_id>f1317eaa-34d4-4aa9-9614-0ba3f02f7afe</person_id><license_plate>KNE 344</license_plate><vin>WBZZ2JWW32DW5F0F9</vin><color>SaddleBrown</color><year>2021</year></automobile><automobile><person_id>3948e0d0-d684-49e1-b9ba-9fe96226cc8b</person_id><license_plate>36U O89</license_plate><vin>HZJDU7H47A0H05RV8</vin><color>Pink</color><year>1970</year></automobile><automobile><person_id>3948e0d0-d684-49e1-b9ba-9fe96226cc8b</person_id><license_plate>83-5465C</license_plate><vin>D3KHM87D6AS21H438</vin><color>DarkOrange</color><year>2007</year></automobile><automobile><person_id>3948e0d0-d684-49e1-b9ba-9fe96226cc8b</person_id><license_plate>41N•880</license_plate><vin>DB8VV4EV4EBU2UN8J</vin><color>DarkCyan</color><year>1983</year></automobile><automobile><person_id>39c3bf83-ef1c-49b3-85f6-1fb5ced7d85b</person_id><license_plate>FWX8707</license_plate><vin>GUR3S5MC5KLAX7E5S</vin><color>NavajoWhite</color><year>1975</year></automobile><automobile><person_id>39c3bf83-ef1c-49b3-85f6-1fb5ced7d85b</person_id><license_plate>655-FQO</license_plate><vin>PE803D0U4KZT98AHM</vin><color>Orchid</color><year>1975</year></automobile><automobile><person_id>39c3bf83-ef1c-49b3-85f6-1fb5ced7d85b</person_id><license_plate>FEU 632</license_plate><vin>MVW03NX86CXJDM05R</vin><color>Orchid</color><year>2010</year></automobile><automobile><person_id>d531755c-e13f-4550-a416-aa93944bc7f6</person_id><license_plate>866-EEIT</license_plate><vin>CVRG2X9J2H6X2SZH4</vin><color>Fuchsia</color><year>1982</year></automobile><automobile><person_id>f0fb13da-57fe-4042-a17c-9535a61593ec</person_id><license_plate>S68-RFS</license_plate><vin>MWWA4C5951P13YPX2</vin><color>Purple</color><year>1994</year></automobile><automobile><person_id>3f42cafc-2d0b-4471-a10b-b48f61eecc18</person_id><license_plate>31P 304</license_plate><vin>Z9EX1J3Y6PJTH93KH</vin><color>DarkGoldenRod</color><year>1984</year></automobile><automobile><person_id>3f42cafc-2d0b-4471-a10b-b48f61eecc18</person_id><license_plate>BHV-6546</license_plate><vin>K6DW0UJS2CEHTXCJ3</vin><color>LightSteelBlue</color><year>2018</year></automobile><automobile><person_id>cf49d03a-8791-4015-9ece-9a52d421a323</person_id><license_plate>05Q•826</license_plate><vin>L4YXXKDU559BVLJJ6</vin><color>IndianRed</color><year>2008</year></automobile><automobile><person_id>d4e787a6-d518-432c-b4da-0d9d3f2d6e82</person_id><license_plate>3E QH497</license_plate><vin>JFWEHCMH6AF7Y3UP0</vin><color>PowderBlue</color><year>2010</year></automobile><automobile><person_id>d4e787a6-d518-432c-b4da-0d9d3f2d6e82</person_id><license_plate>NW-4494</license_plate><vin>R7M4ND4A473ZYG785</vin><color>LightSalmon</color><year>2015</year></automobile><automobile><person_id>d4e787a6-d518-432c-b4da-0d9d3f2d6e82</person_id><license_plate>X97-05D</license_plate><vin>4VECR4016JX6KBMTW</vin><color>DarkTurquoise</color><year>1979</year></automobile><automobile><person_id>70dbbc65-9c9f-417e-ac06-975eeebc909e</person_id><license_plate>CYU 290</license_plate><vin>K9VSYBTA8S4JYKMPA</vin><color>HotPink</color><year>1981</year></automobile><automobile><person_id>46ab1f3c-da1b-46fa-bd61-bb5ab3b494dc</person_id><license_plate>LSI-3821</license_plate><vin>735BXG8M1HUYHGDUP</vin><color>PeachPuff</color><year>1972</year></automobile><automobile><person_id>46ab1f3c-da1b-46fa-bd61-bb5ab3b494dc</person_id><license_plate>MQA 711</license_plate><vin>8H364SAU2XT8YZJ8F</vin><color>MidnightBlue</color><year>2021</year></automobile><automobile><person_id>2d1a341a-8898-4490-83b1-212f5c6aaffe</person_id><license_plate>1M M9758</license_plate><vin>NA9P0D2A9Z6SA5SFN</vin><color>Coral</color><year>1995</year></automobile><automobile><person_id>c950a6ce-7208-4906-85a1-863b33960e57</person_id><license_plate>29I 8582</license_plate><vin>4ANW8UPX36ZLCNXW1</vin><color>SandyBrown</color><year>2003</year></automobile><automobile><person_id>c950a6ce-7208-4906-85a1-863b33960e57</person_id><license_plate>283-CLS</license_plate><vin>4WH2ERF88CEE8YGBM</vin><color>Turquoise</color><year>2009</year></automobile><automobile><person_id>fb99c4b4-73c9-4817-9ae1-6908b8db813a</person_id><license_plate>74-LM15</license_plate><vin>ATK0XW4D5PF63W17Z</vin><color>SlateBlue</color><year>1990</year></automobile><automobile><person_id>fb99c4b4-73c9-4817-9ae1-6908b8db813a</person_id><license_plate>0FK W89</license_plate><vin>DV747C92X56G29F3X</vin><color>BlanchedAlmond</color><year>2001</year></automobile><automobile><person_id>4a948ae3-0f14-4a4b-a8fd-556d8fe32099</person_id><license_plate>18-78291</license_plate><vin>J7Y3V22154BE8RWDX</vin><color>Bisque</color><year>1987</year></automobile><automobile><person_id>4a948ae3-0f14-4a4b-a8fd-556d8fe32099</person_id><license_plate>778170</license_plate><vin>WSJAC3TP15KHY0FCZ</vin><color>MediumVioletRed</color><year>1984</year></automobile><automobile><person_id>2eb910cf-e4cd-4bcb-a200-7d2020f5c03f</person_id><license_plate>UCM6400</license_plate><vin>KUE2CRV68L4CF067C</vin><color>DarkBlue</color><year>2020</year></automobile><automobile><person_id>e8a30204-db66-460e-b123-29d509e269a2</person_id><license_plate>PP 01613</license_plate><vin>RN0SEBVX4JYX5J5LA</vin><color>HotPink</color><year>2010</year></automobile><automobile><person_id>e8a30204-db66-460e-b123-29d509e269a2</person_id><license_plate>41U F30</license_plate><vin>VEJ8LBNA79UDCPA7G</vin><color>Navy</color><year>1992</year></automobile><automobile><person_id>5176f0e9-0c1c-48ea-bcf8-9149bb43d775</person_id><license_plate>623 XEY</license_plate><vin>R7EVX1KM44Z3WAV3Y</vin><color>Red</color><year>1983</year></automobile><automobile><person_id>a25fbd7c-82bd-47d1-b934-dc4c0ccdf77d</person_id><license_plate>PCG 956</license_plate><vin>DUXWC2M115B9KV869</vin><color>Ivory</color><year>2006</year></automobile><automobile><person_id>a25fbd7c-82bd-47d1-b934-dc4c0ccdf77d</person_id><license_plate>6U QS315</license_plate><vin>GWEX7BACXMP1PGS3L</vin><color>SpringGreen</color><year>1973</year></automobile><automobile><person_id>b9edbcef-c854-47b9-918d-6d90798b346d</person_id><license_plate>345 GRZ</license_plate><vin>B8XKVSMC5NLXFUN9X</vin><color>Turquoise</color><year>2019</year></automobile><automobile><person_id>ee7e83c0-de37-4a35-9db7-46cf007ff850</person_id><license_plate>XAF 051</license_plate><vin>KDYWDPK56ZN7JBLU6</vin><color>Peru</color><year>1974</year></automobile><automobile><person_id>ee7e83c0-de37-4a35-9db7-46cf007ff850</person_id><license_plate>4-25056N</license_plate><vin>7FFTN8SU2MVGK0HD1</vin><color>MediumBlue</color><year>1995</year></automobile><automobile><person_id>4c16e84e-f2c0-4408-8d57-0eef836e5520</person_id><license_plate>HPB 788</license_plate><vin>RKA6ESXG9HVV2S2SF</vin><color>Chartreuse</color><year>1998</year></automobile><automobile><person_id>4c16e84e-f2c0-4408-8d57-0eef836e5520</person_id><license_plate>4T 04810</license_plate><vin>39BJKYPP2792S6XA0</vin><color>PaleTurquoise</color><year>2018</year></automobile><automobile><person_id>c89729dc-f088-4e2a-a9ba-997252cadac8</person_id><license_plate>0LM8362</license_plate><vin>6SMSJ92H7B7E7VKL5</vin><color>Gray</color><year>2005</year></automobile><automobile><person_id>c89729dc-f088-4e2a-a9ba-997252cadac8</person_id><license_plate>IKF 442</license_plate><vin>90CSDNTV2WX6W7CU4</vin><color>Beige</color><year>1982</year></automobile><automobile><person_id>c89729dc-f088-4e2a-a9ba-997252cadac8</person_id><license_plate>QZE-4558</license_plate><vin>UR25P0Y50L240AENK</vin><color>Navy</color><year>1978</year></automobile><automobile><person_id>7689b98d-2edd-47ff-857f-0decaca10f20</person_id><license_plate>553HK</license_plate><vin>DKPAGSTW503VXE641</vin><color>SkyBlue</color><year>1982</year></automobile><automobile><person_id>2670cb95-3832-4409-8fc7-13afefbd2535</person_id><license_plate>7UX X83</license_plate><vin>X28DTXNZ2KM3XX07A</vin><color>MediumSlateBlue</color><year>1980</year></automobile><automobile><person_id>2670cb95-3832-4409-8fc7-13afefbd2535</person_id><license_plate>YHP 059</license_plate><vin>25LAM2BX2NHTE4YL9</vin><color>Peru</color><year>2011</year></automobile><automobile><person_id>76ef4797-d1dc-471d-94bf-2f676b275cd6</person_id><license_plate>66Z 7451</license_plate><vin>VSXV96LT41Y02XHLC</vin><color>DarkKhaki</color><year>1990</year></automobile><automobile><person_id>d120d3f6-f9c9-4999-a01b-9e6d15007196</person_id><license_plate>ZAS-598</license_plate><vin>NTGW0WDU23NNP9U7C</vin><color>Gray</color><year>2001</year></automobile><automobile><person_id>d120d3f6-f9c9-4999-a01b-9e6d15007196</person_id><license_plate>FSJ 732</license_plate><vin>DVA6R2UU42PWTE9EU</vin><color>AntiqueWhite</color><year>2023</year></automobile><automobile><person_id>d120d3f6-f9c9-4999-a01b-9e6d15007196</person_id><license_plate>TS 40294</license_plate><vin>PXXPE5R42U4SL9J2W</vin><color>FloralWhite</color><year>2020</year></automobile><automobile><person_id>2f7e2b91-4023-44fd-96fb-bcc7968f6800</person_id><license_plate>HFL C73</license_plate><vin>9KYS3FEU71GDRCPWS</vin><color>PaleVioletRed</color><year>1972</year></automobile><automobile><person_id>2f7e2b91-4023-44fd-96fb-bcc7968f6800</person_id><license_plate>WPW9335</license_plate><vin>ZCVXSVN42TLGU5T9W</vin><color>LightSkyBlue</color><year>1982</year></automobile><automobile><person_id>31e37db1-452c-4cfd-aa7d-34baac46140e</person_id><license_plate>8123</license_plate><vin>E7P9XGW920P62XY4P</vin><color>Salmon</color><year>1996</year></automobile><automobile><person_id>31e37db1-452c-4cfd-aa7d-34baac46140e</person_id><license_plate>SUQ-333</license_plate><vin>B1XKYUES4M1N1DU13</vin><color>AliceBlue</color><year>1997</year></automobile><automobile><person_id>b64e9889-067d-4f64-9c29-12dd56707a90</person_id><license_plate>510-686</license_plate><vin>GT32U4BT24SREF3ZL</vin><color>Salmon</color><year>2019</year></automobile><automobile><person_id>74401dc0-3d9b-48f0-8a94-d4c9729ba9ab</person_id><license_plate>FJ9 8674</license_plate><vin>ZJTSFLF798Z3G67E1</vin><color>LightSteelBlue</color><year>2004</year></automobile><automobile><person_id>74401dc0-3d9b-48f0-8a94-d4c9729ba9ab</person_id><license_plate>KQJ 703</license_plate><vin>VK7TRM42XZ1L5RW0E</vin><color>OliveDrab</color><year>1998</year></automobile><automobile><person_id>6ac0982d-5865-442f-8162-39b4ad97545b</person_id><license_plate>957-HSB</license_plate><vin>XPR4SCC9737SY69A9</vin><color>WhiteSmoke</color><year>1989</year></automobile></automobiles>