<?xml version="1.0" encoding="UTF-8" ?><automobiles><automobile><person_id>8f5ae082-adfa-4177-917d-d0f03abfc5ee</person_id><license_plate>WV2 3089</license_plate><vin>YR2ZTKWL5GVGUEN4W</vin><color>Turquoise</color><year>2019</year></automobile><automobile><person_id>8f5ae082-adfa-4177-917d-d0f03abfc5ee</person_id><license_plate>32HC074</license_plate><vin>KWE7YHTTXVCDPYA3E</vin><color>LimeGreen</color><year>1990</year></automobile><automobile><person_id>8f5ae082-adfa-4177-917d-d0f03abfc5ee</person_id><license_plate>656-XEB</license_plate><vin>HYW1200W5R6K5MRNH</vin><color>DarkSalmon</color><year>2007</year></automobile><automobile><person_id>f2a63f21-68b9-4656-8d1d-aa68d679487a</person_id><license_plate>9-87400</license_plate><vin>02LLDBWF9352Y3053</vin><color>Coral</color><year>1998</year></automobile><automobile><person_id>f2a63f21-68b9-4656-8d1d-aa68d679487a</person_id><license_plate>0GJZ 12</license_plate><vin>DRAC26GX75322ZZ85</vin><color>Cyan</color><year>1980</year></automobile><automobile><person_id>dafb3038-6fda-4ed5-9c41-e1e42bba2d37</person_id><license_plate>422Q</license_plate><vin>0LY0B5SC6W3S5H3GB</vin><color>BlanchedAlmond</color><year>2015</year></automobile><automobile><person_id>23dd36a2-da61-4327-9024-1987e83ba6bb</person_id><license_plate>7U JO701</license_plate><vin>KDCC00F4X76F1HTZ3</vin><color>Navy</color><year>2008</year></automobile><automobile><person_id>7b993de7-968f-4587-af2b-20dc97761b2e</person_id><license_plate>0HP5177</license_plate><vin>KUA7SXLX0ZH6MHP3L</vin><color>Olive</color><year>2011</year></automobile><automobile><person_id>e4f8fb98-c3c7-4f26-9d6a-a9e89d471fce</person_id><license_plate>33A Y66</license_plate><vin>LLUDEEZA5VA5UR4NC</vin><color>AliceBlue</color><year>1992</year></automobile><automobile><person_id>48d343e0-a9a2-401b-89d9-bc9837ecc161</person_id><license_plate>063 SHK</license_plate><vin>07TYPJ9573GU1CMPC</vin><color>Orange</color><year>1997</year></automobile><automobile><person_id>48d343e0-a9a2-401b-89d9-bc9837ecc161</person_id><license_plate>0-Q7282</license_plate><vin>2L6HZ32767Z5WBTNS</vin><color>Thistle</color><year>2012</year></automobile><automobile><person_id>48d343e0-a9a2-401b-89d9-bc9837ecc161</person_id><license_plate>882 CVC</license_plate><vin>B8BMFF8W7DJYFXX6U</vin><color>Cornsilk</color><year>1970</year></automobile><automobile><person_id>b4061670-93de-4697-9cff-59b6a3bfa07c</person_id><license_plate>416 UCN</license_plate><vin>6S35PLUE73XUB610J</vin><color>Green</color><year>1987</year></automobile><automobile><person_id>aee5b839-511b-4dae-b37c-e0049c3d8c31</person_id><license_plate>05-XT70</license_plate><vin>W46WS83P411Y88UX9</vin><color>Red</color><year>2018</year></automobile><automobile><person_id>aee5b839-511b-4dae-b37c-e0049c3d8c31</person_id><license_plate>R63-13P</license_plate><vin>MS0BFXF13XK584N52</vin><color>DarkGoldenRod</color><year>1984</year></automobile><automobile><person_id>697477c9-3475-45de-944f-ee894b147846</person_id><license_plate>3U 6394N</license_plate><vin>RU3TVFYP21Z6D6APH</vin><color>SaddleBrown</color><year>2023</year></automobile><automobile><person_id>697477c9-3475-45de-944f-ee894b147846</person_id><license_plate>PMZ 505</license_plate><vin>ZH64BLS2XE7LKP1VK</vin><color>SlateBlue</color><year>2021</year></automobile><automobile><person_id>8353b0d6-ebda-4208-ada5-8eb437bcd2c3</person_id><license_plate>LZK 214</license_plate><vin>H6JD5F3K33GYAVY3P</vin><color>Aquamarine</color><year>1996</year></automobile><automobile><person_id>d32533d9-2df9-4813-9338-3d137b508860</person_id><license_plate>IX-4307</license_plate><vin>PLE2ATB8666TU57NC</vin><color>LightSteelBlue</color><year>2011</year></automobile><automobile><person_id>c3b749f8-d3d9-42cf-af83-c00edf9a5917</person_id><license_plate>638-KXN</license_plate><vin>EL58PAX8XL9E31H2N</vin><color>DarkOrange</color><year>2020</year></automobile><automobile><person_id>c3b749f8-d3d9-42cf-af83-c00edf9a5917</person_id><license_plate>35JO189</license_plate><vin>WY0G9TEZ5GAGKNA1M</vin><color>MistyRose</color><year>2003</year></automobile><automobile><person_id>f1e8d850-5d9e-42ad-a382-4ef1f25e4390</person_id><license_plate>5-78017</license_plate><vin>10C081CJXWZNK88GU</vin><color>LimeGreen</color><year>1973</year></automobile><automobile><person_id>6e9ffbcb-e112-476d-880c-ab309799754a</person_id><license_plate>MTX-150</license_plate><vin>XS47WGW73VBMPW8N6</vin><color>DarkOrange</color><year>2021</year></automobile><automobile><person_id>6e9ffbcb-e112-476d-880c-ab309799754a</person_id><license_plate>3IUX 18</license_plate><vin>NV3WBS9SXAB2CTKVS</vin><color>DarkGreen</color><year>2020</year></automobile><automobile><person_id>37fef749-d397-46bc-a2d8-fbcfa47c8959</person_id><license_plate>LJT 396</license_plate><vin>NL3KV26F6CK74BGU8</vin><color>OliveDrab</color><year>2007</year></automobile><automobile><person_id>8b9a33ce-4f9f-48d7-b3bf-bfc196a13394</person_id><license_plate>ZVF 931</license_plate><vin>W53R81XP6TK5SHCCD</vin><color>GhostWhite</color><year>1999</year></automobile><automobile><person_id>8b9a33ce-4f9f-48d7-b3bf-bfc196a13394</person_id><license_plate>329 NOY</license_plate><vin>9HFULA6L50CFH3T49</vin><color>Red</color><year>1973</year></automobile><automobile><person_id>573a3e6c-69f9-4f25-9979-d8cc0b6d82a6</person_id><license_plate>053 CKA</license_plate><vin>AYXCNVNX9BT57FGKU</vin><color>LemonChiffon</color><year>1976</year></automobile><automobile><person_id>573a3e6c-69f9-4f25-9979-d8cc0b6d82a6</person_id><license_plate>45OD8</license_plate><vin>XYG10U1A01BWD6CBM</vin><color>Tan</color><year>2014</year></automobile><automobile><person_id>573a3e6c-69f9-4f25-9979-d8cc0b6d82a6</person_id><license_plate>841277</license_plate><vin>WAFJZ28J40HWGG5DV</vin><color>BlueViolet</color><year>2005</year></automobile><automobile><person_id>70c5ce27-b8b1-4453-b773-3e855fce5a70</person_id><license_plate>C02 5QR</license_plate><vin>3AWWL6JE28EJ7JZD8</vin><color>LightSalmon</color><year>2014</year></automobile><automobile><person_id>46c5ccf9-6238-4a04-be1d-fdf066885d36</person_id><license_plate>049 ABV</license_plate><vin>DZ81KAEX0W8FL1GGA</vin><color>LightSteelBlue</color><year>2007</year></automobile><automobile><person_id>832be8f3-739f-4559-9b7d-2ec7fee295d2</person_id><license_plate>OAI-0808</license_plate><vin>HZ2KT9305N1XBSA01</vin><color>LemonChiffon</color><year>2010</year></automobile><automobile><person_id>bdab5dd7-4189-4aab-9498-c0937f1f3e8c</person_id><license_plate>Z32 7EP</license_plate><vin>D1PWT7SL8BPJRD641</vin><color>Orange</color><year>2010</year></automobile><automobile><person_id>bdab5dd7-4189-4aab-9498-c0937f1f3e8c</person_id><license_plate>03W G14</license_plate><vin>HZTWS0EC7ATHPRPS7</vin><color>Orchid</color><year>1990</year></automobile><automobile><person_id>8d621a86-1558-47d3-94ef-99b3cfaa1f36</person_id><license_plate>00Q 0395</license_plate><vin>U22F50AL2SW08PCUD</vin><color>RosyBrown</color><year>2001</year></automobile><automobile><person_id>8d621a86-1558-47d3-94ef-99b3cfaa1f36</person_id><license_plate>LWH 734</license_plate><vin>P15RNLZD08Z4V61VU</vin><color>DarkBlue</color><year>2008</year></automobile><automobile><person_id>958b0388-ffe8-4e5c-af80-b13ef151a5ef</person_id><license_plate>6TB 994</license_plate><vin>M64Z7GS90XPUW1ALU</vin><color>LavenderBlush</color><year>1989</year></automobile><automobile><person_id>958b0388-ffe8-4e5c-af80-b13ef151a5ef</person_id><license_plate>7XV R97</license_plate><vin>NWW17MJD2S4F7M03M</vin><color>Lime</color><year>2011</year></automobile><automobile><person_id>958b0388-ffe8-4e5c-af80-b13ef151a5ef</person_id><license_plate>JAL 697</license_plate><vin>HLPR586T7WH8DACSF</vin><color>PaleVioletRed</color><year>1999</year></automobile><automobile><person_id>49892f8e-fa13-4d75-9ba5-3666df7c7621</person_id><license_plate>TGM Z57</license_plate><vin>EXMG0UMK0L77L6UVM</vin><color>MediumSpringGreen</color><year>1988</year></automobile><automobile><person_id>656ca03c-f080-4545-a775-790fda061abc</person_id><license_plate>I36 8IS</license_plate><vin>4L8P0BG33MBGGVUX4</vin><color>Gray</color><year>2006</year></automobile><automobile><person_id>656ca03c-f080-4545-a775-790fda061abc</person_id><license_plate>243 PQK</license_plate><vin>9KTSGDWN0SGCKD3VS</vin><color>FireBrick</color><year>1985</year></automobile><automobile><person_id>60de9e4e-474f-4954-a35c-568ab8077ba4</person_id><license_plate>ERZ-0183</license_plate><vin>JZ60WZY49MH1EPZBV</vin><color>MediumBlue</color><year>1989</year></automobile><automobile><person_id>60de9e4e-474f-4954-a35c-568ab8077ba4</person_id><license_plate>033-ZMK</license_plate><vin>XX057KHA6HMB99UK3</vin><color>RoyalBlue</color><year>2014</year></automobile><automobile><person_id>60de9e4e-474f-4954-a35c-568ab8077ba4</person_id><license_plate>3PT5364</license_plate><vin>PKS8AKP00L5ETAZY5</vin><color>LightCoral</color><year>1985</year></automobile><automobile><person_id>54104752-c0c4-4d50-88f1-7651dba38039</person_id><license_plate>TJ 0711</license_plate><vin>A2WSYL0M71J84HDB9</vin><color>BurlyWood</color><year>2013</year></automobile><automobile><person_id>54104752-c0c4-4d50-88f1-7651dba38039</person_id><license_plate>LOZ 084</license_plate><vin>9UGA9GD94WFKM21Y4</vin><color>Linen</color><year>1998</year></automobile><automobile><person_id>777e2410-8de5-4125-a2f4-a942a0ff8cb0</person_id><license_plate>616-UWCW</license_plate><vin>1WGW84844MDT57G12</vin><color>AliceBlue</color><year>1997</year></automobile><automobile><person_id>82745524-ec08-4f89-a73e-8a362a7652e4</person_id><license_plate>992FZ</license_plate><vin>5FDDR1SV1C652KUH3</vin><color>Azure</color><year>2018</year></automobile><automobile><person_id>f65ffaca-46f0-4987-8c0a-9332d5cb9f03</person_id><license_plate>44RH7</license_plate><vin>1U257Z8L1BATW9R9E</vin><color>GreenYellow</color><year>1973</year></automobile><automobile><person_id>864b2567-2e47-4750-a54c-63459c65dab7</person_id><license_plate>0CV38</license_plate><vin>HDPZ3MXW1P15FGYVC</vin><color>RosyBrown</color><year>2003</year></automobile><automobile><person_id>95ad6b23-7d3f-48a4-840c-1bc6cd3fbd3e</person_id><license_plate>763-ROQ</license_plate><vin>DFXCWF4Z22YP39NYV</vin><color>Navy</color><year>1998</year></automobile><automobile><person_id>95ad6b23-7d3f-48a4-840c-1bc6cd3fbd3e</person_id><license_plate>858-GVVB</license_plate><vin>62PWFS0Z6WCTRYFCN</vin><color>DarkSlateBlue</color><year>2020</year></automobile><automobile><person_id>0452bc43-6099-4945-8a3e-fc0419e1fcc3</person_id><license_plate>1XP S61</license_plate><vin>BZ482RAP1AYFNEYAM</vin><color>Chartreuse</color><year>1985</year></automobile><automobile><person_id>0452bc43-6099-4945-8a3e-fc0419e1fcc3</person_id><license_plate>814 BJY</license_plate><vin>V8CE7B5Z2XS0EN96G</vin><color>Moccasin</color><year>2011</year></automobile><automobile><person_id>0452bc43-6099-4945-8a3e-fc0419e1fcc3</person_id><license_plate>699 JTE</license_plate><vin>4BJPFWHH9NTVV63V0</vin><color>BurlyWood</color><year>2004</year></automobile><automobile><person_id>19e3043e-26ce-4ac4-9b52-d83486069800</person_id><license_plate>QFE 989</license_plate><vin>XTYHF5J661U2X1N86</vin><color>SeaGreen</color><year>2023</year></automobile><automobile><person_id>19e3043e-26ce-4ac4-9b52-d83486069800</person_id><license_plate>7ZX60</license_plate><vin>N9SNG97082UPS3Z00</vin><color>Beige</color><year>2022</year></automobile><automobile><person_id>c2379b6d-f6a7-4516-91b0-39b3ef1b8c1b</person_id><license_plate>JLU 875</license_plate><vin>0JXFM9FS5XKCH6GCV</vin><color>Linen</color><year>1993</year></automobile><automobile><person_id>c2379b6d-f6a7-4516-91b0-39b3ef1b8c1b</person_id><license_plate>N 658095</license_plate><vin>WA9CABF01CTWY2HZ4</vin><color>ForestGreen</color><year>1989</year></automobile><automobile><person_id>1fafb19e-98d1-4dbc-a8c6-78ef7774cb69</person_id><license_plate>9-V5671</license_plate><vin>16AS0MEP5CTF4L15S</vin><color>DarkSalmon</color><year>2022</year></automobile><automobile><person_id>06cfa378-13b8-40f4-b045-9080bdcf9a6c</person_id><license_plate>PGK 851</license_plate><vin>AT0PMUHK3YWDZVBHW</vin><color>CadetBlue</color><year>1993</year></automobile><automobile><person_id>06cfa378-13b8-40f4-b045-9080bdcf9a6c</person_id><license_plate>278VMX</license_plate><vin>G0PG4YS90NGNNF59R</vin><color>Gold</color><year>1972</year></automobile><automobile><person_id>06cfa378-13b8-40f4-b045-9080bdcf9a6c</person_id><license_plate>472-039</license_plate><vin>ZKHPM8RY4VABD471T</vin><color>Linen</color><year>2001</year></automobile><automobile><person_id>5715c012-035f-4f15-a579-aa44bfb30f46</person_id><license_plate>WIO-744</license_plate><vin>KRJAF3SG3Y3H9TWLX</vin><color>DarkSalmon</color><year>1980</year></automobile><automobile><person_id>5715c012-035f-4f15-a579-aa44bfb30f46</person_id><license_plate>03Z 8670</license_plate><vin>G5W2ZXFV440B5Y3W8</vin><color>MediumAquaMarine</color><year>2021</year></automobile><automobile><person_id>d140d9d7-c677-4532-98a7-1c169936c523</person_id><license_plate>25-JO43</license_plate><vin>UF31FL9R8K7NANMP0</vin><color>Turquoise</color><year>2002</year></automobile><automobile><person_id>d140d9d7-c677-4532-98a7-1c169936c523</person_id><license_plate>186 WOR</license_plate><vin>FN4ZVSD60DELC9NM1</vin><color>Cornsilk</color><year>1970</year></automobile><automobile><person_id>30fa7db4-d97d-41e4-9159-9ea7a460fa74</person_id><license_plate>407 OST</license_plate><vin>CMYH6D519Y3G1AHSK</vin><color>Fuchsia</color><year>1997</year></automobile><automobile><person_id>30fa7db4-d97d-41e4-9159-9ea7a460fa74</person_id><license_plate>GKK-725</license_plate><vin>4G13ZV429K6DLZG0T</vin><color>DarkOrchid</color><year>1975</year></automobile><automobile><person_id>5705d067-41f8-4d3b-99ad-effd37f45999</person_id><license_plate>TH8 I1G</license_plate><vin>Z3VSDPHBXXB32GGTY</vin><color>Peru</color><year>2003</year></automobile><automobile><person_id>5705d067-41f8-4d3b-99ad-effd37f45999</person_id><license_plate>MVH 701</license_plate><vin>FNPG7L9L772LZF6E6</vin><color>GreenYellow</color><year>2022</year></automobile><automobile><person_id>4734a283-6667-4abb-87e5-e5f61d4315fa</person_id><license_plate>J50-EWY</license_plate><vin>EJ2BGNU3X4K8A44V7</vin><color>SteelBlue</color><year>1976</year></automobile><automobile><person_id>cecb0555-7b07-4ae1-ad54-17d4903549f5</person_id><license_plate>RAY Z97</license_plate><vin>KFFDYRUU3XJHJJBFG</vin><color>AntiqueWhite</color><year>1980</year></automobile><automobile><person_id>cecb0555-7b07-4ae1-ad54-17d4903549f5</person_id><license_plate>62O 0639</license_plate><vin>7R7B7Y8T9VFJARCFN</vin><color>LightSkyBlue</color><year>1998</year></automobile><automobile><person_id>6acbce6f-b4ef-4217-81b9-d58e0833a05c</person_id><license_plate>VGP 338</license_plate><vin>7EGF08GZXAPPX2C8W</vin><color>DarkGoldenRod</color><year>1984</year></automobile><automobile><person_id>a05d6773-f141-45f2-8e25-9894a44ae228</person_id><license_plate>6HH C91</license_plate><vin>YZDA816386R16VWN2</vin><color>White</color><year>2014</year></automobile><automobile><person_id>a05d6773-f141-45f2-8e25-9894a44ae228</person_id><license_plate>EP 2035</license_plate><vin>HS3RYVH930UHUCGKN</vin><color>DeepPink</color><year>2020</year></automobile><automobile><person_id>a05d6773-f141-45f2-8e25-9894a44ae228</person_id><license_plate>2L 5R5HIC</license_plate><vin>43NSNARW6YKM3BVV9</vin><color>LightCyan</color><year>2005</year></automobile><automobile><person_id>bb681b78-5780-4055-b3a6-8b3b71394d00</person_id><license_plate>EY 67837</license_plate><vin>TPETVSEJ0C636XMN6</vin><color>DarkGray</color><year>2000</year></automobile><automobile><person_id>2750fd68-fc9f-4f6e-a810-3010c99d7259</person_id><license_plate>96DL0</license_plate><vin>JJ6RN5ZH7LZULN28Y</vin><color>PaleGoldenRod</color><year>1979</year></automobile><automobile><person_id>2750fd68-fc9f-4f6e-a810-3010c99d7259</person_id><license_plate>04ST2</license_plate><vin>PEN4YCRZ751W52451</vin><color>Yellow</color><year>2015</year></automobile><automobile><person_id>2750fd68-fc9f-4f6e-a810-3010c99d7259</person_id><license_plate>3I XA138</license_plate><vin>TW0RRPSM3B5PEH56Y</vin><color>Lime</color><year>1971</year></automobile><automobile><person_id>4b3e450b-f4ce-4a34-ab7c-74e9c7399d01</person_id><license_plate>97-4201K</license_plate><vin>3UW8MXWU3UZKH6S12</vin><color>DeepSkyBlue</color><year>1992</year></automobile><automobile><person_id>4b3e450b-f4ce-4a34-ab7c-74e9c7399d01</person_id><license_plate>QJM-3263</license_plate><vin>APV7DHJL7US8YR0E2</vin><color>DimGray</color><year>2024</year></automobile><automobile><person_id>8e48d3cc-d44e-420e-a785-eb070550ff9f</person_id><license_plate>524 7780</license_plate><vin>YTJ27B8XXNV9AG2ZY</vin><color>LawnGreen</color><year>1978</year></automobile><automobile><person_id>f4a2903d-c075-45d9-83f1-493a7a30a89e</person_id><license_plate>TOH-7195</license_plate><vin>717D02HS3UZ2R3PWC</vin><color>Maroon</color><year>2002</year></automobile><automobile><person_id>f4a2903d-c075-45d9-83f1-493a7a30a89e</person_id><license_plate>KM7 0572</license_plate><vin>RYZ81DAF9HLJNPE8G</vin><color>MistyRose</color><year>1973</year></automobile><automobile><person_id>c2ebd340-41f5-44cb-b922-ca2ddc7c719d</person_id><license_plate>PT2 I4H</license_plate><vin>5TJVUK6J2Z4SGEMF6</vin><color>Chocolate</color><year>2001</year></automobile><automobile><person_id>c2ebd340-41f5-44cb-b922-ca2ddc7c719d</person_id><license_plate>NH-4993</license_plate><vin>X9VS6YPA2VY9PUA1G</vin><color>SeaGreen</color><year>2023</year></automobile><automobile><person_id>4a0347b5-4b0e-4874-96c1-a7ea9a61d26d</person_id><license_plate>750-TYM</license_plate><vin>6DL46121XHU99YUYY</vin><color>Tomato</color><year>2005</year></automobile><automobile><person_id>f046cd92-1bb8-4c8d-942d-9682977cdbb0</person_id><license_plate>VF6 9930</license_plate><vin>9FHAJBRE5NNKUCAL8</vin><color>RosyBrown</color><year>1987</year></automobile><automobile><person_id>2d6914b2-56bf-45e3-bbbc-112108a9b080</person_id><license_plate>48F ZG0</license_plate><vin>N8D61S2R4D6PXDNTN</vin><color>Salmon</color><year>1970</year></automobile><automobile><person_id>74d94b07-3d40-4ba7-8c9b-f2a6df80e841</person_id><license_plate>9UO5971</license_plate><vin>DXLC3VF82U138KGVV</vin><color>DeepPink</color><year>1986</year></automobile><automobile><person_id>01ff20ca-2cf4-4379-b0aa-4668fcc9f3a3</person_id><license_plate>898-QOC</license_plate><vin>NFRXCMK05ZFJ7B36L</vin><color>MediumSpringGreen</color><year>1975</year></automobile><automobile><person_id>01ff20ca-2cf4-4379-b0aa-4668fcc9f3a3</person_id><license_plate>292-TIF</license_plate><vin>3TNFLS3E1DZFXTD1X</vin><color>GoldenRod</color><year>2009</year></automobile><automobile><person_id>c25dabdc-300b-48ca-9dfe-962139995852</person_id><license_plate>796-HJMP</license_plate><vin>S5STUG2K0BZZ473BH</vin><color>DarkKhaki</color><year>1988</year></automobile><automobile><person_id>118bbca1-05e5-424b-a0f1-a0f0b6ee3cb7</person_id><license_plate>4Q803</license_plate><vin>4TE8WLRZXV1D7Z0HY</vin><color>PaleVioletRed</color><year>2000</year></automobile><automobile><person_id>118bbca1-05e5-424b-a0f1-a0f0b6ee3cb7</person_id><license_plate>AJI2055</license_plate><vin>HXLTVKB13YJ3PSNG4</vin><color>PaleTurquoise</color><year>1986</year></automobile><automobile><person_id>bfd96f0e-d7e6-4f2b-9558-b3752bbbab33</person_id><license_plate>463H</license_plate><vin>4WV0ARHD1ND1EVT5Z</vin><color>LawnGreen</color><year>1996</year></automobile><automobile><person_id>0a0573f8-ecc9-4a23-ae28-44d1ed989919</person_id><license_plate>730 HAW</license_plate><vin>ACZHED002HR643THS</vin><color>PaleVioletRed</color><year>1974</year></automobile><automobile><person_id>0a0573f8-ecc9-4a23-ae28-44d1ed989919</person_id><license_plate>75-96072</license_plate><vin>LBP9M9KG1ZEYY3J36</vin><color>Maroon</color><year>2023</year></automobile><automobile><person_id>37da3e7d-a489-456b-b66c-fe8389609df8</person_id><license_plate>9X 08936</license_plate><vin>M87ZL4UYXVNSGUJS7</vin><color>Crimson</color><year>2023</year></automobile><automobile><person_id>42a04b35-b959-4e1f-aaaf-da16c6b59666</person_id><license_plate>DHY 663</license_plate><vin>6WM2L13R6696PA5SP</vin><color>DarkGreen</color><year>2000</year></automobile><automobile><person_id>7f674add-0da4-48e8-b14d-345b6817cd85</person_id><license_plate>8-1331F</license_plate><vin>PU68FPNX9D1YMET0G</vin><color>OldLace</color><year>1977</year></automobile><automobile><person_id>7f674add-0da4-48e8-b14d-345b6817cd85</person_id><license_plate>195-RER</license_plate><vin>BMPMM5CJ5F9W3XZKZ</vin><color>BurlyWood</color><year>2006</year></automobile><automobile><person_id>f7a320f5-8636-4afb-b9a6-87eaee7e9fca</person_id><license_plate>660-FQI</license_plate><vin>ZY0AB62015RBT9V2X</vin><color>PaleVioletRed</color><year>1975</year></automobile><automobile><person_id>f7a320f5-8636-4afb-b9a6-87eaee7e9fca</person_id><license_plate>ETP-109</license_plate><vin>65M3YJ3W4232EP9S7</vin><color>SteelBlue</color><year>1994</year></automobile><automobile><person_id>f7a320f5-8636-4afb-b9a6-87eaee7e9fca</person_id><license_plate>627-GYE</license_plate><vin>HLAL55UR5A7U94KUD</vin><color>OliveDrab</color><year>2021</year></automobile><automobile><person_id>2771adc9-10ef-4ceb-adec-2cd55bc788ba</person_id><license_plate>611 EMT</license_plate><vin>HG9P74KX6ULT2A1ZW</vin><color>Chartreuse</color><year>2022</year></automobile><automobile><person_id>2771adc9-10ef-4ceb-adec-2cd55bc788ba</person_id><license_plate>4X 92501</license_plate><vin>2AM45SHZ6JLZZE289</vin><color>SpringGreen</color><year>2001</year></automobile><automobile><person_id>109c19b4-6a85-47f0-9ad1-c3f8533ce701</person_id><license_plate>GF-4623</license_plate><vin>AZWSCCU24U6YPVMBY</vin><color>Gold</color><year>1979</year></automobile><automobile><person_id>109c19b4-6a85-47f0-9ad1-c3f8533ce701</person_id><license_plate>0BMT934</license_plate><vin>CAS2W2CB6PRJVSYAV</vin><color>RosyBrown</color><year>1982</year></automobile><automobile><person_id>d62112aa-ab81-4a30-9e76-cf6f1b28f490</person_id><license_plate>QBY6829</license_plate><vin>T2YY6979XDB1KWZTW</vin><color>Magenta</color><year>2016</year></automobile><automobile><person_id>d62112aa-ab81-4a30-9e76-cf6f1b28f490</person_id><license_plate>61U 153</license_plate><vin>E2FKU29526LF2DGW5</vin><color>SpringGreen</color><year>1992</year></automobile><automobile><person_id>1968cbe5-664f-445c-a3b0-71f509bd4051</person_id><license_plate>264 HOE</license_plate><vin>2T9AG0HM713CZM2BB</vin><color>HoneyDew</color><year>1981</year></automobile><automobile><person_id>f7e26d0a-391f-402f-a053-5b1515594998</person_id><license_plate>1-95524</license_plate><vin>53FNB1GE45Z4ZBXH4</vin><color>BurlyWood</color><year>2016</year></automobile><automobile><person_id>bf45c090-0875-4d4b-9a8a-304492a8637e</person_id><license_plate>5F 4P5GCS</license_plate><vin>G75A8RT251YH8WW3A</vin><color>SlateGray</color><year>1977</year></automobile><automobile><person_id>bf45c090-0875-4d4b-9a8a-304492a8637e</person_id><license_plate>9J 92640</license_plate><vin>MLVJ4YU337PZSFANF</vin><color>Orchid</color><year>2017</year></automobile><automobile><person_id>4d0fe41c-96a1-48ed-a143-9b15b0261b37</person_id><license_plate>16V L57</license_plate><vin>2XPSP87J0WJKAUETC</vin><color>SlateGray</color><year>2015</year></automobile><automobile><person_id>4d0fe41c-96a1-48ed-a143-9b15b0261b37</person_id><license_plate>D 554573</license_plate><vin>ABYF85PS6Z42DRC2R</vin><color>SeaGreen</color><year>2021</year></automobile><automobile><person_id>4d0fe41c-96a1-48ed-a143-9b15b0261b37</person_id><license_plate>HDC-912</license_plate><vin>4ZY3CY7G6YV6KGEFC</vin><color>Tan</color><year>2017</year></automobile><automobile><person_id>1a0e709d-6081-4ef6-9211-76150c0258f8</person_id><license_plate>CAJ 949</license_plate><vin>APNZZKP72328RWBTT</vin><color>MediumPurple</color><year>1998</year></automobile><automobile><person_id>3e5b10ee-43bc-4624-af28-385fc186392a</person_id><license_plate>238 EZQ</license_plate><vin>CU42GK49XVXBP4UFV</vin><color>Maroon</color><year>1987</year></automobile></automobiles>