"id"|"first_name"|"last_name"|"sex"|"address"|"phone_number"|"profession"|"company"|"date_of_birth"
"109c19b4-6a85-47f0-9ad1-c3f8533ce701"|"Sarah"|"Gomez"|"F"|"533 Marquez Lane"|"+1-738-898-4548x48441"|"Astronomer"|"Lyons, Garza and Zimmerman"|"1994-11-12"
"d62112aa-ab81-4a30-9e76-cf6f1b28f490"|"Martin"|"Barnett"|"M"|"993 Jeffery Spur Suite 411"|"001-513-341-7339x9943"|"Agricultural engineer"|"Odonnell and Sons"|"1933-07-22"
"1968cbe5-664f-445c-a3b0-71f509bd4051"|"Tracy"|"Jackson"|"F"|"124 Higgins Port Apt. 001"|"+1-983-764-0592x982"|"Licensed conveyancer"|"Calhoun, Murphy and Simmons"|"1959-12-03"
"f7e26d0a-391f-402f-a053-5b1515594998"|"Jason"|"Romero"|"M"|"535 Mills Springs"|"(948)553-1241x561"|"Camera operator"|"Nelson Inc"|"1962-11-04"
"bf45c090-0875-4d4b-9a8a-304492a8637e"|"Jaime"|"Arnold"|"F"|"247 Randolph Way Suite 427"|"001-619-842-8659x37120"|"Merchandiser, retail"|"Jensen-Smith"|"1984-03-23"
"4d0fe41c-96a1-48ed-a143-9b15b0261b37"|"Sara"|"Alvarez"|"F"|"760 Bruce View Suite 976"|"981.319.5166"|"Ceramics designer"|"Smith Inc"|"1953-08-26"
"1a0e709d-6081-4ef6-9211-76150c0258f8"|"Joshua"|"Hicks"|"M"|"105 Marquez Lane"|"327-348-0617"|"Barrister's clerk"|"Wiley LLC"|"1942-12-31"
"3e5b10ee-43bc-4624-af28-385fc186392a"|"Marcus"|"Mckee"|"M"|"522 Andrew Street Apt. 107"|"867.406.5000x86625"|"Journalist, broadcasting"|"Cole LLC"|"1947-07-21"
"89561a23-6877-432f-9ac2-47e34a607df2"|"Raymond"|"Bond"|"M"|"998 Anderson Port"|"001-862-600-8196x67569"|"Merchandiser, retail"|"Miles PLC"|"1984-11-16"
"0471ac0c-7404-4d48-813d-5d7d48906a1a"|"Kevin"|"Joseph"|"M"|"979 Jessica Mountains Suite 248"|"223.680.6338"|"Horticultural consultant"|"Nguyen-Hopkins"|"1956-11-19"
"94d3024f-ecaf-4843-9245-96515d00e10a"|"Marco"|"Norman"|"M"|"454 Charles Extension Apt. 046"|"001-603-525-1098"|"Sports therapist"|"Banks-Kim"|"1940-06-16"
"e7b34d2c-2192-4602-93e1-5f43ce83eedb"|"Thomas"|"Curtis"|"M"|"681 Castillo Underpass Apt. 535"|"(819)299-8442"|"Museum/gallery conservator"|"Ortega-Cain"|"1969-12-18"
"6ec739a3-f284-4e0b-89a2-d36b2d7a6c9c"|"Lori"|"Foster"|"F"|"324 Chandler Tunnel Suite 681"|"568-371-6453"|"Production manager"|"Frazier, Carney and Watson"|"1958-10-07"
"9c5cd032-6523-4476-a117-e6498e147933"|"Dalton"|"Rice"|"M"|"703 Brown Canyon Apt. 503"|"282.443.1243x9620"|"Hospital doctor"|"Bennett, Simpson and Williams"|"1936-06-17"
"0daec45d-da21-46b0-a645-f18b4663ad5c"|"Lynn"|"Crane"|"F"|"954 Castillo Underpass Apt. 535"|"001-720-304-3516x64640"|"Podiatrist"|"Mckinney, Brown and Jacobs"|"1967-11-16"
"565c240b-606e-4219-ba8f-0d1df35e83c7"|"Sierra"|"Freeman"|"F"|"404 Alexis Run Suite 764"|"+1-746-603-5382x00230"|"Research officer, trade union"|"Parker-Johnson"|"1963-08-02"
"b3389bba-d5fc-42b9-a6c7-65b51e9e1cf8"|"Briana"|"Wilson"|"F"|"635 Robert Way"|"977-436-1442"|"Adult guidance worker"|"Freeman PLC"|"1935-10-07"
"4fa2d0f4-3243-497f-8ea6-f1d373316b90"|"Devin"|"Mcdaniel"|"M"|"273 Morales Gardens Suite 197"|"(201)251-4756x021"|"Environmental health practitioner"|"Richards-Alexander"|"1973-10-27"
"08f8ee63-6c9c-4524-9aad-3ffbb7b6490e"|"Elizabeth"|"Daniels"|"F"|"88 Davis Landing"|"+1-899-536-6442x4469"|"Aid worker"|"Smith LLC"|"1925-12-07"
"310c0266-9330-40e0-a97f-944ef98c9b75"|"Michele"|"Browning"|"F"|"639 Jackson Harbors Suite 257"|"776.367.4251x5589"|"Office manager"|"Mcguire, Walters and Edwards"|"1995-03-21"
"c3ac02cd-837f-4da2-b622-3c1993efb95f"|"Jessica"|"Simon"|"F"|"129 Hensley Park Suite 873"|"638-947-7127"|"Systems developer"|"Mills, Henderson and Cook"|"2012-01-11"
"6595dc05-30c6-4858-a660-b8782bbd020a"|"Kristin"|"Strickland"|"F"|"824 Catherine Lock"|"564-303-5191x0569"|"Production engineer"|"Vaughn, Benton and Olsen"|"1958-12-24"
"19940161-9969-4dbb-9e80-f18db072417a"|"Deborah"|"Strickland"|"F"|"413 Tyler Knoll Apt. 752"|"9614633651"|"Product manager"|"Jones Ltd"|"1991-01-12"
"6e0768aa-426b-4939-a17f-6eaacbb0d2c5"|"Warren"|"Davis"|"M"|"589 Jennifer Track"|"706.362.0112"|"Administrator, charities/voluntary organisations"|"Wallace, Wilson and Ali"|"1995-01-08"
"e589402b-3df3-4ced-acd8-05afdcad4964"|"Thomas"|"Martin"|"M"|"578 Welch Walk"|"001-377-216-2176x8762"|"Financial planner"|"Sullivan-Hernandez"|"1920-09-29"
"979c3edd-4642-4df4-9a9e-6cc51336aad9"|"Riley"|"Clark"|"M"|"576 Thornton Land Suite 697"|"553-448-8514"|"Optician, dispensing"|"Gaines Inc"|"1995-05-30"
"9e294ff2-d319-4a19-bd0e-cb684a5be737"|"Julia"|"Christian"|"F"|"951 Jonathan Place"|"648-389-1988"|"Land/geomatics surveyor"|"Smith, Scott and Clarke"|"1911-10-21"
"2a9aba44-edaf-4219-a9c4-3ed65627f09e"|"Sherry"|"May"|"F"|"728 Johnson Lake"|"597.476.5868x875"|"Secondary school teacher"|"Beasley PLC"|"1912-06-09"
"abf60600-d824-44d1-af7b-cb890b88ea20"|"John"|"Roberts"|"M"|"273 Jones Cliffs Suite 657"|"794-993-1536"|"Cartographer"|"Fletcher, Cook and Wright"|"1928-03-21"
"4306181a-2700-4e09-ac6f-66c7521c760f"|"Cathy"|"Willis"|"F"|"55 Robinson Highway"|"458.361.7149x1461"|"Metallurgist"|"Herring Ltd"|"1914-06-09"
"084b8248-2757-4bbf-af3b-7163880f8f8e"|"Leroy"|"Morgan"|"M"|"598 Newton Wall"|"515.316.6677x0607"|"Therapist, art"|"Hawkins-Moreno"|"1936-02-07"
"9caa74b4-cd65-4447-b842-9e9370c138ac"|"Mario"|"Williams"|"M"|"656 Randall Burg"|"+1-834-234-9939"|"Historic buildings inspector/conservation officer"|"Mahoney-Moore"|"1908-12-17"
"ac655dbf-5a42-4aee-b686-889248f5f2ab"|"Steven"|"Ryan"|"M"|"813 Nelson Estate"|"729-395-5632x81316"|"Secondary school teacher"|"Marquez LLC"|"1959-07-03"
"71d8e002-250f-4773-a97d-ff22321dbdc6"|"Sean"|"Fernandez"|"M"|"339 Catherine Cove"|"539-384-6134x59071"|"Actuary"|"Sellers, Holloway and Durham"|"1908-07-06"
"d74d7fbb-cbb4-4611-bcd9-fa4de0a670c9"|"Stephanie"|"Howell"|"F"|"697 Johnson Plains Suite 376"|"(974)519-5446"|"Forest/woodland manager"|"Walker Inc"|"2009-03-15"
"2cfc8459-f458-4abf-bc13-8dbaca98ed8f"|"Erik"|"Flynn"|"M"|"144 Vincent Mountain Apt. 316"|"(678)272-2330x694"|"Surveyor, rural practice"|"Walker LLC"|"1969-12-11"
"dff08e76-7184-4c56-ab9c-712194290493"|"Monica"|"Barnes"|"F"|"730 Newton Wall"|"(850)929-9793x01474"|"Chartered management accountant"|"Murphy, Dorsey and Nelson"|"1965-06-13"
"07ad80bc-b8a3-4a6a-a25a-3b9ba04abf01"|"Jacqueline"|"Wilson"|"F"|"953 Brown Canyon Apt. 503"|"001-375-259-7265"|"Psychologist, educational"|"West-Hodge"|"1960-04-26"
"cab78b93-88ff-4192-b163-0b080920054a"|"Angela"|"Matthews"|"F"|"244 Randolph Way Suite 427"|"+1-541-955-7014"|"Meteorologist"|"Hansen-Taylor"|"1916-03-07"
"0bf49cc9-0861-4772-b45c-db0b2a835dae"|"Joshua"|"Taylor"|"M"|"701 Hernandez Parkways Suite 200"|"+1-757-285-7176"|"Clinical biochemist"|"Kelly, Duncan and Mckay"|"1940-11-08"
"dc4c1a37-010b-4679-b107-e5f777c10dab"|"Aaron"|"Shields"|"M"|"252 Moore Crossroad Apt. 549"|"5092818203"|"Nature conservation officer"|"Whitehead and Sons"|"1945-11-01"
"892d278c-36a8-454b-ba15-3fbc5588a24a"|"James"|"Matthews"|"M"|"316 Weeks Meadow Suite 683"|"643-238-4254x3143"|"Production assistant, radio"|"Smith, Williamson and Ortiz"|"1980-05-30"
"de27a965-d3d2-45f4-875c-f93b6788117e"|"Ronald"|"Dunn"|"M"|"139 Day Inlet"|"001-956-312-6970x97631"|"Dance movement psychotherapist"|"Wilson-Henry"|"1947-05-26"
"65bba12f-7a99-4b60-9bd0-edc59faf5eb0"|"Lisa"|"Ryan"|"F"|"796 Troy Centers"|"6882370875"|"Public librarian"|"Anderson and Sons"|"1963-01-20"
"fa3dc32b-d5fd-4a1c-8ab3-df306242bcb2"|"Joseph"|"Foster"|"M"|"351 Newton Wall"|"+1-377-487-4228x287"|"Special effects artist"|"Wise-Payne"|"1968-08-10"
"94ffe22f-7a3b-47ea-b960-485347fc323c"|"Elizabeth"|"Smith"|"F"|"440 Ashley Landing"|"359-381-2628"|"Mental health nurse"|"Schroeder, Diaz and James"|"2023-07-03"
"9f09b8d3-13e7-46b2-822d-06f9ebc21e2b"|"Brooke"|"Pugh"|"F"|"85 Patricia Row"|"001-632-303-8795x4603"|"Engineer, petroleum"|"Harper Group"|"1935-07-14"
"e05d4e66-0a8e-4f6a-8511-de012776edae"|"Jeffrey"|"Buchanan"|"M"|"138 Hensley Park Suite 873"|"(859)868-4750"|"Editor, commissioning"|"Briggs Group"|"1920-09-26"
"61b87068-2dc7-469c-b34a-d8689c17d9dd"|"Aaron"|"Gray"|"M"|"289 Higgins Port Apt. 001"|"773-471-7675"|"Charity officer"|"Larsen-Lozano"|"2021-03-11"
"23710d3d-a29c-44de-90bd-6a514814e1ea"|"Kathryn"|"Downs"|"F"|"674 May Rest Suite 582"|"+1-980-438-6644"|"Chief of Staff"|"Mendoza and Sons"|"1970-01-04"
"4dc13e2a-d505-4945-940e-296704e6e9b0"|"John"|"Willis"|"M"|"54 Lee Burgs"|"508.548.2665"|"Tax adviser"|"Foster PLC"|"1998-04-02"
"05f7d851-f2d6-4056-b1ab-69dfc1c2f0e7"|"Amber"|"Wilson"|"F"|"474 Colleen Mount"|"512.406.5588x387"|"Surveyor, mining"|"Lowe-Garcia"|"1966-11-06"
"c1963f6e-9768-4def-b75c-66fb167f5f2c"|"Sally"|"Curry"|"F"|"37 Lewis Trace"|"447-967-0275"|"Commercial art gallery manager"|"Coleman-Garcia"|"2021-10-10"
"5215b14e-2470-4a3b-80b8-869e2116165d"|"Michelle"|"Jordan"|"F"|"212 Charles Mall Apt. 745"|"245-927-2453x1278"|"Adult guidance worker"|"Rios Ltd"|"1920-07-20"
"99d008e9-330f-49ef-a129-fc451d807eff"|"Heather"|"Ray"|"F"|"5 May Rest Suite 582"|"001-860-448-3476x49902"|"Herpetologist"|"Bailey-Morales"|"1910-02-07"
"305323ee-0509-4558-80bc-aa39e2db8834"|"Glenn"|"Mccullough"|"M"|"226 Haney Prairie Suite 518"|"+1-808-440-5150"|"Quarry manager"|"Morales Inc"|"1920-02-21"
"f3a77582-4838-4232-8dcc-311099b1ece2"|"Madison"|"Pittman"|"F"|"301 Christopher Ways"|"(583)778-4784"|"Bookseller"|"Ramos, Howe and Williams"|"2014-09-26"
"251d983c-5749-4e98-a8f9-7117f4014f36"|"David"|"Burke"|"M"|"715 Robinson Highway"|"936.793.8583x160"|"Nutritional therapist"|"Jones PLC"|"1977-07-01"
"d619a429-2419-4181-b538-044653d38868"|"Jacqueline"|"Skinner"|"F"|"270 Arnold Cliffs"|"855.721.8039"|"Radio broadcast assistant"|"Williams Inc"|"1940-12-21"
"35fb8eaa-a85d-4284-b6fc-166d796c6629"|"Phillip"|"Roberts"|"M"|"356 May Rest Suite 582"|"001-981-291-0408x39032"|"Osteopath"|"Cooper-Garza"|"1998-06-08"
"286c4fed-5c29-4c1c-84c1-47944f46afc7"|"Rebecca"|"Jackson"|"F"|"317 Day Inlet"|"680.399.5269x26709"|"Manufacturing engineer"|"Hernandez, Salazar and Powell"|"1918-11-23"
"7d2ff3c0-a0c3-4a28-83be-b3f8b4b246ec"|"Brandy"|"Jordan"|"F"|"114 Monica Burgs Suite 695"|"001-410-677-2119x727"|"Soil scientist"|"Tucker, Brown and Carter"|"2000-03-03"
"d1d57b92-8637-4ec1-a400-b36d687150a6"|"Michael"|"Allen"|"M"|"148 Randolph Way Suite 427"|"(856)238-2580"|"Exhibition designer"|"Clements PLC"|"1922-09-05"
"2b047dde-15ec-4365-8bf0-35aee3ce1438"|"Robert"|"Foster"|"M"|"356 Banks Curve Apt. 123"|"(789)335-2455"|"Administrator, Civil Service"|"Thompson, Johnson and Patrick"|"2018-07-12"
"be69b58a-6b78-4d45-8764-9e4466eec4f3"|"Jason"|"Richardson"|"M"|"920 Christopher Tunnel"|"991.704.1425x0000"|"Psychologist, educational"|"Roth-Johnson"|"1999-06-30"
"69f068c0-0d82-4456-9f75-49011977e89d"|"Catherine"|"White"|"F"|"256 Anderson Port"|"+1-546-523-4099x71558"|"Engineer, land"|"Miller and Sons"|"2018-12-22"
"3963c548-c5d9-4e4d-9c6e-bb5340b80ade"|"Carrie"|"Morgan"|"F"|"442 Danielle Estates"|"(300)458-7510x672"|"Pensions consultant"|"Hernandez Group"|"1954-09-13"
"778b2a31-1cf8-4592-b6db-4e3fd3666fd7"|"Justin"|"Howell"|"M"|"291 Ortiz Brooks"|"(244)348-4941x7752"|"Engineer, electrical"|"Lane-Miller"|"1929-05-29"
"053c03ed-b6ba-491c-9951-b97055c7aeb9"|"Connor"|"Snyder"|"M"|"172 Ortiz Brooks"|"(518)640-8601x12295"|"Secretary/administrator"|"Bennett, Gay and Murray"|"1961-07-25"
"9283b0d8-8c7e-40bf-afab-d1a188a21ee6"|"David"|"Vargas"|"M"|"116 Mills Springs"|"(629)601-0387"|"Therapist, sports"|"May-Franklin"|"2022-04-20"
"5fc18013-fcde-4432-9bac-0e79f85518a4"|"James"|"Browning"|"M"|"920 Yates Harbor Suite 905"|"(603)263-7128x6787"|"Telecommunications researcher"|"Tyler, Thompson and Joseph"|"2023-10-31"
"81225adf-74fd-40e7-a9cf-79d311a27274"|"Emily"|"Freeman"|"F"|"843 Michael Manor"|"001-951-507-3192x50427"|"Adult guidance worker"|"Clarke-Baxter"|"1963-04-25"
"a9874a18-3db4-46f7-b521-25f0ca624fb5"|"Sara"|"Scott"|"F"|"621 Barron Hollow"|"001-889-256-1472x8108"|"Scientist, biomedical"|"Taylor-Dixon"|"1963-08-31"
"4c6332ad-a285-48d3-aa6e-e7c86ba0c451"|"Christina"|"Fox"|"F"|"180 Hanson Port"|"267.754.3338"|"Engineer, agricultural"|"Davis Group"|"1937-05-24"
"060a787b-13c5-44f8-8f86-e1ffcfbc437a"|"Christopher"|"Smith"|"M"|"709 Hanson Port"|"(497)659-6623"|"Race relations officer"|"Henderson, Clark and Anderson"|"2023-02-24"
"dcf405cd-505b-47fc-a268-b7e42c65b9e1"|"Savannah"|"Roy"|"F"|"569 Johnson Throughway"|"242.394.2003x9630"|"Environmental consultant"|"Casey, Porter and Love"|"2004-09-16"
"ae59199c-4069-42cc-8cd5-a6805d3712c3"|"Jessica"|"Ramirez"|"F"|"867 Ward Parkway Apt. 076"|"001-503-949-6834x33896"|"Tour manager"|"Huerta LLC"|"1946-11-26"
"6f9c7943-910a-45b3-a842-eef89f066f4d"|"Crystal"|"Spencer"|"F"|"811 Diana Point"|"952-902-6605x6383"|"Leisure centre manager"|"Barber, Castillo and Cobb"|"1910-01-26"
"3e9e4d69-7e0f-4a90-8c2c-81ad61cd9a64"|"Alexis"|"Snyder"|"F"|"610 David Passage Suite 979"|"2543445782"|"Community education officer"|"Owen-Martinez"|"2006-05-05"
"a7497195-fdf2-4aa7-bf49-315e45d3e9e3"|"Cynthia"|"Hubbard"|"F"|"83 David Course Apt. 455"|"(568)703-1977"|"Printmaker"|"Smith-Paul"|"2001-07-31"
"8111b2a3-c5a9-41be-8233-8e8d1a4c4918"|"Brown"|"Bryant"|"F"|"267 Jones Cliffs Suite 657"|"001-253-267-2858x1219"|"Historic buildings inspector/conservation officer"|"Yang Inc"|"1994-06-24"
"a86766b4-4a04-467f-aed4-867c81ca3eff"|"Daniel"|"Ray"|"M"|"211 Oneal Underpass"|"(220)486-8281"|"Politician's assistant"|"Harris-Lopez"|"1950-11-23"
"bb8db82f-8e50-4d24-8caf-01050190ccd6"|"Wesley"|"Hurley"|"M"|"920 Collins Skyway"|"299-823-8625x2859"|"Animator"|"Brown Inc"|"1933-05-19"
"c1081ac2-1dc2-41b9-bce2-d897a9431f07"|"Eric"|"Shaffer"|"M"|"250 Diana Point"|"(990)653-4513"|"Journalist, newspaper"|"Walsh, Jackson and Gutierrez"|"1993-08-15"
"d2597edd-c92e-4065-9a0c-7794a36f0cf0"|"Matthew"|"Smith"|"M"|"322 Michelle Isle Apt. 431"|"739.284.8608x903"|"Production assistant, radio"|"Payne, Hodge and Ramos"|"1991-08-04"
"d07c5be6-84b5-4d44-9800-b535d452d59f"|"Huerta"|"Anderson"|"F"|"492 Jennifer Track"|"893.932.4689"|"Broadcast presenter"|"Bonilla-Dyer"|"2003-02-07"
"7d314b59-5a24-468b-b3a5-8166f38de53a"|"Destiny"|"Morgan"|"F"|"970 Randall Burg"|"552-212-7378x9963"|"Risk manager"|"Reid-Gomez"|"1981-09-19"
"d1ee776e-c87d-4ef8-8154-b278be489bd1"|"Travis"|"Alvarez"|"M"|"712 Matthew Valleys Suite 832"|"(940)760-9561x640"|"Occupational psychologist"|"Perez-Thomas"|"1930-05-29"
"305367e0-1fe6-4398-9507-a3abdd5a9ff6"|"Nicholas"|"Barajas"|"M"|"230 Daniel Plaza"|"(319)676-4005"|"Clinical cytogeneticist"|"Perez-Wilson"|"1910-12-14"
"dae732a4-772d-46ac-b198-40b2c8376d7c"|"Johnathan"|"Parker"|"M"|"958 Jonathan Place"|"001-607-814-8743"|"Set designer"|"Knight Ltd"|"2021-06-01"
"7483ba98-49e7-4fdb-b92c-977a0e668349"|"Jennifer"|"Smith"|"F"|"629 Scott Valleys Suite 598"|"845-691-3692x0921"|"Geoscientist"|"Hall-Clark"|"1938-08-23"
"1ca061cd-d7a0-4701-b502-aad25773a0a5"|"Robert"|"Dunn"|"M"|"851 Day Inlet"|"857-819-1322x3450"|"Development worker, community"|"Carter-Contreras"|"1916-04-26"
"b163044a-4fe4-4a02-99ec-4a9a042d8281"|"Ryan"|"Terry"|"M"|"372 Jeffery Isle"|"545-566-1718"|"Land"|"Tran, Monroe and Rice"|"1948-03-22"
"3bc50c78-48c4-4e8b-8975-dfe7654e450f"|"Aaron"|"Taylor"|"M"|"282 Monica Burgs Suite 695"|"323.907.9937x24875"|"Advice worker"|"Johnson, Foster and Miller"|"2015-11-30"
"831e5142-b446-4a21-89eb-1af9246c07eb"|"Gregg"|"Downs"|"M"|"111 Martinez Grove Apt. 125"|"314-370-7964x13441"|"Field seismologist"|"Brown-Smith"|"1999-05-10"
"c63c3000-75d0-4dcc-9691-a5ae62c36cfe"|"Jared"|"Mills"|"M"|"418 Nelson Estate"|"001-748-843-2486x7118"|"Financial risk analyst"|"Olson PLC"|"2008-07-01"
"abd70870-fb2a-4f12-ab9d-2ae34be10a29"|"Rebecca"|"Flynn"|"F"|"321 Yvette Loop"|"+1-298-330-5191"|"Fast food restaurant manager"|"Taylor, Cummings and Mcgee"|"1932-10-11"
"0bb82512-b3ab-4fbd-8e96-5320c3480b4e"|"David"|"Browning"|"M"|"960 David Course Apt. 455"|"9739006800"|"Information officer"|"Cline, Williams and Newton"|"1947-03-02"
"99670d7f-6c42-4dfe-9020-d7544e7d61cf"|"Carla"|"Mcdowell"|"F"|"84 Michael Manor"|"3667249856"|"Clinical research associate"|"Moore and Sons"|"2000-12-01"
"08c6c8ae-3152-45ed-8dad-2a14ffcd20d3"|"Brittney"|"Mendoza"|"F"|"222 Angela Lights"|"933-931-6890"|"Fashion designer"|"Dominguez-Brown"|"1967-09-13"
"3e96a67d-5019-4303-9b51-b6ddb76d938e"|"Dale"|"Wilson"|"M"|"639 May Rest Suite 582"|"001-445-699-2171"|"Engineer, water"|"Nelson, Turner and Jordan"|"2005-05-04"
"93f502af-fc7c-4bc3-a742-985d384dd5e0"|"Christina"|"Freeman"|"F"|"73 Alexis Run Suite 764"|"9368902602"|"Sports therapist"|"Taylor Ltd"|"1936-11-22"
"9bb1d22d-eaf0-45e9-bc85-201fd8fd7eb0"|"Kristin"|"Mitchell"|"F"|"585 Rachel Pine"|"838-293-2643x6553"|"Facilities manager"|"Cruz PLC"|"1922-07-19"
"a8ae1b68-4cf6-48ea-b385-2edf5f0affa4"|"Donald"|"Gonzalez"|"M"|"2 David Course Apt. 455"|"+1-967-217-3196x4196"|"Scientist, water quality"|"Jordan LLC"|"1972-12-02"
"2288e2e0-18b7-4904-a5aa-87a394459a09"|"Jacob"|"Romero"|"M"|"712 Morales Gardens Suite 197"|"386-793-3975x67104"|"Firefighter"|"Wise Inc"|"1999-09-04"
"e2680bc7-a6d4-491a-9d8e-3fdc1a3d2aa1"|"Kathleen"|"Jones"|"F"|"953 Heather Garden Suite 383"|"964-653-9600"|"Wellsite geologist"|"Jordan Group"|"1939-11-28"
"4160b909-111c-407d-af46-5b2d32e08517"|"Linda"|"Harrison"|"F"|"964 Michael Manor"|"984.249.3411"|"Financial manager"|"Peters, Wilkinson and Richmond"|"2017-07-25"
"fe5c63b5-fafe-46b4-aeb4-523f006a7dfd"|"Eric"|"Roy"|"M"|"267 Moore Crossroad Apt. 549"|"(274)597-4618x370"|"Management consultant"|"Yates, Powell and Smith"|"1953-08-28"
"e2c9ba1c-d0b8-42f9-89d5-d027e9772cc4"|"Victor"|"Good"|"M"|"458 Martin Field"|"2583344965"|"Ranger/warden"|"Barr-Tyler"|"1916-12-08"
"0bc876cd-b660-4a77-b341-14e78e75c355"|"Patricia"|"Peterson"|"F"|"899 Diana Point"|"521.406.0398x90846"|"Comptroller"|"Tyler-Jennings"|"1968-12-13"
"749153d9-c083-4b4e-945d-ad81bdbfeb30"|"Dan"|"Johnson"|"M"|"232 Robinson Highway"|"540-550-7016"|"Chief Financial Officer"|"Melton, Mills and Woods"|"1937-07-27"
"5e5dbfa0-6c70-4ffb-a920-b05bed7c8bfd"|"Curtis"|"Jones"|"M"|"358 Parks Trace Suite 497"|"+1-765-985-4930"|"Recruitment consultant"|"Terry, Martinez and Meyers"|"1940-06-26"
"f893f0b9-9758-4738-a3ae-3a23cfd18556"|"Theresa"|"Morris"|"F"|"213 Gray Walks Apt. 075"|"747.750.2806x82194"|"Personal assistant"|"Sawyer, Hooper and Whitehead"|"1948-03-17"
"ff1c51a8-343a-4b17-ae80-8c8665870296"|"Amy"|"Jones"|"F"|"995 Michelle Isle Apt. 431"|"(454)751-6579x450"|"Computer games developer"|"Love Ltd"|"1940-01-05"
"c68d1792-9958-4b15-aa1c-bee1bdcf1e91"|"Katherine"|"Mckee"|"F"|"918 Porter Overpass"|"8268905184"|"Medical sales representative"|"Peterson, Taylor and Miller"|"1940-09-07"
"53d4ad9d-84e7-43c7-8a02-dfea65d3424e"|"Rojas"|"Morris"|"M"|"305 Douglas Springs"|"(799)273-7738x55155"|"Broadcast engineer"|"Vasquez and Sons"|"2006-11-29"
"e23e0213-fd06-4adb-8147-989091e37a48"|"David"|"Williams"|"M"|"853 Jones Cliffs Suite 657"|"(450)875-8055x254"|"Commercial/residential surveyor"|"Dickson-Santos"|"1995-03-19"
"a62a171b-c5db-4d78-87f1-cc9121bc3696"|"Sandra"|"Rivera"|"F"|"970 Evans Ports Suite 383"|"+1-621-996-1027"|"Loss adjuster, chartered"|"Murillo-Kaiser"|"1949-05-14"
"a19730ae-4f7d-4296-b307-4e32cabdcec3"|"Julie"|"Henderson"|"F"|"983 Hood Loop Apt. 276"|"(638)936-6662x11273"|"Administrator, arts"|"Saunders Group"|"2020-05-29"
"6e4eda36-8a22-4df5-9fe3-d5b4e27da44a"|"Michael"|"Welch"|"M"|"108 Evans Ports Suite 383"|"544-605-5349x4713"|"Interior and spatial designer"|"Smith-Roach"|"1917-10-08"
"9935de81-5c23-4432-b482-9ebf27a88ad5"|"James"|"Tran"|"M"|"408 Jones Cliffs Suite 657"|"6255373394"|"Farm manager"|"Rice-Walker"|"1984-06-04"
"1695e0ab-4b8b-4384-8aa3-dea901ef3e15"|"Anna"|"Young"|"F"|"509 Robert Way"|"9603417482"|"Environmental education officer"|"Valenzuela and Sons"|"1921-11-24"
"c813d4a8-e6cd-4229-8e85-403f076abfc0"|"Nicholas"|"Mejia"|"M"|"271 Charles Mall Apt. 745"|"+1-343-552-0899x7256"|"Theme park manager"|"Lester, Woods and Hogan"|"1957-11-22"
"d211ba84-3ca7-4d6a-840e-7a2c559e7228"|"Barbara"|"Good"|"F"|"50 Cox Turnpike Apt. 083"|"+1-813-365-0185x5366"|"Geoscientist"|"Mathews, Hamilton and Johnson"|"1937-04-23"
"fd574cd6-eec8-4891-9797-d71c80f31ab3"|"Alexis"|"Gomez"|"F"|"243 Higgins Port Apt. 001"|"998-572-4581x89104"|"Broadcast journalist"|"Henderson-Hernandez"|"1984-07-20"
"c8e7e3ca-614a-402f-818b-39a9a7bf78b9"|"Margaret"|"Barajas"|"F"|"495 Cox Turnpike Apt. 083"|"+1-317-430-9191x8065"|"Medical secretary"|"Meza LLC"|"2017-05-08"
"7c6d47d5-38f7-47dc-9958-4d136d442571"|"Karen"|"Hall"|"F"|"921 Julia Station"|"286.858.7689x85087"|"Office manager"|"Mendoza, Hill and Lee"|"1999-01-21"
"0132c170-5954-4187-8112-f4b637c37518"|"Alyssa"|"Jackson"|"F"|"510 Colleen Mount"|"+1-665-372-2890"|"Arts administrator"|"Hooper, Santiago and Barrett"|"1929-08-08"
"6b4bbb39-074b-4bb4-b1c4-738dd36f0c5f"|"Jennifer"|"Hanson"|"F"|"397 Rosario Loop"|"(339)910-5155"|"Physiotherapist"|"Bailey, Combs and Rhodes"|"1930-05-30"
"0ce0860f-fe55-49dd-af64-6e77e3620b17"|"Stephanie"|"Fox"|"F"|"441 Patricia Trafficway Apt. 188"|"923-656-6745x20804"|"Research scientist (physical sciences)"|"Mitchell Ltd"|"1946-08-03"
"4c8c61c8-d7d3-459f-9526-fca868831d41"|"Andrea"|"Nguyen"|"F"|"410 Padilla Estate Suite 556"|"001-644-776-3799x5923"|"Medical laboratory scientific officer"|"Smith, Rubio and Walsh"|"1912-09-09"
"9a354ce3-64fa-4866-988a-d16a6580deb4"|"Seth"|"Garcia"|"M"|"837 Alexis Run Suite 764"|"+1-561-891-3447x384"|"Engineer, aeronautical"|"Brown, Flores and Clark"|"1920-07-03"
"712cf74a-c199-4141-89e4-5beba74a091b"|"Daniels"|"Smith"|"M"|"199 Martinez Grove Apt. 125"|"001-638-338-9683x3033"|"Scientist, product/process development"|"James-Daniels"|"1984-05-08"
"f43df674-7289-417a-9539-c8c07375c601"|"Jennifer"|"Anderson"|"F"|"406 Charles Extension Apt. 046"|"(997)902-5676"|"Banker"|"Schmidt, Joseph and Dixon"|"1921-07-27"
"8a809a50-fbed-483c-9d79-187399d156ba"|"Tanya"|"Brown"|"F"|"29 Jackson Harbors Suite 257"|"435-586-4026x798"|"Herpetologist"|"Walker Ltd"|"1933-12-07"
"21632861-c131-48c8-be90-a7a1391fcead"|"Holly"|"Ward"|"F"|"312 Chandler Tunnel Suite 681"|"209-395-4211x63622"|"Surveyor, minerals"|"Walker, Wagner and York"|"1961-12-16"
"27831399-b6a8-430d-9f54-0ced7702067e"|"Kramer"|"Curry"|"F"|"196 Gray Walks Apt. 075"|"9038979283"|"Secretary, company"|"Thompson and Sons"|"1946-05-07"