<?xml version="1.0" encoding="UTF-8" ?><automobiles><automobile><person_id>81d9564f-1d34-43c6-8ea0-29273f945d4e</person_id><license_plate>NX6 A2R</license_plate><vin>3EC1VUUN6NJV2EG7W</vin><color>Azure</color><year>1972</year></automobile><automobile><person_id>5715789d-363c-4f99-9379-602312b785db</person_id><license_plate>FE-9511</license_plate><vin>8KAR56559M9E16XZE</vin><color>LightCoral</color><year>2002</year></automobile><automobile><person_id>5715789d-363c-4f99-9379-602312b785db</person_id><license_plate>475 IYC</license_plate><vin>ZRE2CC9R32UMTE2J9</vin><color>MediumOrchid</color><year>1974</year></automobile><automobile><person_id>5715789d-363c-4f99-9379-602312b785db</person_id><license_plate>JZB-867</license_plate><vin>6BXB7AP83DK3G0K7H</vin><color>LightSalmon</color><year>1994</year></automobile><automobile><person_id>26c40640-e3a0-42d7-827f-a3cb872d9456</person_id><license_plate>ZD4 9909</license_plate><vin>26E4M6YJ9KZST72X9</vin><color>Tan</color><year>2008</year></automobile><automobile><person_id>26c40640-e3a0-42d7-827f-a3cb872d9456</person_id><license_plate>7WL 399</license_plate><vin>X4FNHB884EJZ7JKG3</vin><color>OldLace</color><year>2020</year></automobile><automobile><person_id>26c40640-e3a0-42d7-827f-a3cb872d9456</person_id><license_plate>ITC-3066</license_plate><vin>A1C4E33Z8JH8Y95XR</vin><color>Lavender</color><year>2021</year></automobile><automobile><person_id>b1f9e268-6028-48fe-945e-afef83fe4e15</person_id><license_plate>397KJW</license_plate><vin>NYD2EH331G2GENMVT</vin><color>LightSlateGray</color><year>2023</year></automobile><automobile><person_id>b1f9e268-6028-48fe-945e-afef83fe4e15</person_id><license_plate>VLX-1768</license_plate><vin>XD9AXR173V5C526W9</vin><color>BlueViolet</color><year>1988</year></automobile><automobile><person_id>b1f9e268-6028-48fe-945e-afef83fe4e15</person_id><license_plate>7OA5532</license_plate><vin>CYTSPLKU15JLPX3FH</vin><color>LightSeaGreen</color><year>1999</year></automobile><automobile><person_id>07bacc92-33a8-48bc-ad87-1d19eb6c9c07</person_id><license_plate>WM7 Q5W</license_plate><vin>0PSC0C9G9DSSLV00A</vin><color>Black</color><year>1986</year></automobile><automobile><person_id>07bacc92-33a8-48bc-ad87-1d19eb6c9c07</person_id><license_plate>PH 75919</license_plate><vin>LP6HVTCL7JCVEDZPP</vin><color>Lime</color><year>2015</year></automobile><automobile><person_id>fb46532e-5659-48ae-b3e7-06f9eea91748</person_id><license_plate>181 LIQ</license_plate><vin>4W112FAAX5JZMCRGY</vin><color>LightYellow</color><year>1994</year></automobile><automobile><person_id>1dd75624-ae3d-44b2-8081-8bbc61c24ec6</person_id><license_plate>QTU-9172</license_plate><vin>X71LT8YR5L7YE5NGU</vin><color>DarkSlateGray</color><year>1998</year></automobile><automobile><person_id>1dd75624-ae3d-44b2-8081-8bbc61c24ec6</person_id><license_plate>5-62585</license_plate><vin>JY85S4VN15E9FATV4</vin><color>DarkOrange</color><year>1975</year></automobile><automobile><person_id>74920d04-90bc-49ad-b736-5a327edeeddf</person_id><license_plate>HSP-474</license_plate><vin>SM78P6UB3WF8KNXR2</vin><color>LightSteelBlue</color><year>2021</year></automobile><automobile><person_id>74920d04-90bc-49ad-b736-5a327edeeddf</person_id><license_plate>859-JIA</license_plate><vin>8TN522E30M3LVG6G0</vin><color>Cornsilk</color><year>1992</year></automobile><automobile><person_id>9c53c461-b10e-40df-b36c-62ed967c3dbc</person_id><license_plate>5MA Z86</license_plate><vin>ZB9HRW5S6R09AK02H</vin><color>NavajoWhite</color><year>2013</year></automobile><automobile><person_id>13df2cf9-1824-4a68-98a6-964a99a8f141</person_id><license_plate>5M962</license_plate><vin>TZX9TJKL37E0FJJZF</vin><color>Fuchsia</color><year>2006</year></automobile><automobile><person_id>13df2cf9-1824-4a68-98a6-964a99a8f141</person_id><license_plate>SIZ 276</license_plate><vin>0FV08EK85EJG97E7V</vin><color>GreenYellow</color><year>2005</year></automobile><automobile><person_id>62198ded-e136-49da-8132-45a88172f98e</person_id><license_plate>HGB8382</license_plate><vin>MPY5EZ1E7NUXBBUJY</vin><color>LightYellow</color><year>1989</year></automobile><automobile><person_id>4d0e6b6e-29ca-4607-b944-899c60af159e</person_id><license_plate>D06 3IP</license_plate><vin>L81J0CBC079YKBJP1</vin><color>MediumTurquoise</color><year>2009</year></automobile><automobile><person_id>4d0e6b6e-29ca-4607-b944-899c60af159e</person_id><license_plate>378-556</license_plate><vin>V2TYKS5K9EZ6A97KH</vin><color>Chartreuse</color><year>2002</year></automobile><automobile><person_id>4d6fdfdc-534f-4e25-a16c-762c9b3d4963</person_id><license_plate>347 XOM</license_plate><vin>VPGUHXWJ8FCAPC39D</vin><color>Gold</color><year>1988</year></automobile><automobile><person_id>09db071b-2309-4e4b-8681-fa6791073ef3</person_id><license_plate>497595</license_plate><vin>TRNBSHF0XZ1X9SBEN</vin><color>IndianRed</color><year>1985</year></automobile><automobile><person_id>09db071b-2309-4e4b-8681-fa6791073ef3</person_id><license_plate>R76 9BH</license_plate><vin>5G325S4V8LYLYC74E</vin><color>RoyalBlue</color><year>1990</year></automobile><automobile><person_id>2f6b3f83-01be-4bf5-a269-2ce1d023c877</person_id><license_plate>HPD7209</license_plate><vin>EA2LLLR134PJENZ9K</vin><color>MediumVioletRed</color><year>1985</year></automobile><automobile><person_id>7a76d215-8f62-4ce1-98ec-91b14d237f77</person_id><license_plate>8FJ6092</license_plate><vin>1MD05VE9X8Y64469K</vin><color>DarkOliveGreen</color><year>1978</year></automobile><automobile><person_id>0480c169-508b-48fd-9005-624cab7c72d9</person_id><license_plate>095ZFR</license_plate><vin>HM16NKFL66YD4WAKZ</vin><color>OrangeRed</color><year>2012</year></automobile><automobile><person_id>0480c169-508b-48fd-9005-624cab7c72d9</person_id><license_plate>52-U749</license_plate><vin>2Y2WE6D6X7489S4RH</vin><color>DarkMagenta</color><year>1985</year></automobile><automobile><person_id>e88c4cf2-a6b8-4e40-83a4-923af527c44e</person_id><license_plate>492-UFR</license_plate><vin>6KPFNM0N8CA5KSP3K</vin><color>DeepPink</color><year>2006</year></automobile><automobile><person_id>e88c4cf2-a6b8-4e40-83a4-923af527c44e</person_id><license_plate>70B•564</license_plate><vin>BJSC2AM77V9950FFF</vin><color>DeepSkyBlue</color><year>2018</year></automobile><automobile><person_id>f33e24d8-6772-4f5b-bf6e-d1da5ba41329</person_id><license_plate>002GPU</license_plate><vin>CB1WXB970R30RESTV</vin><color>Indigo</color><year>2012</year></automobile><automobile><person_id>7eede10e-8496-4d73-ac40-9464e206535f</person_id><license_plate>VGE5663</license_plate><vin>YJFYJX0K3ESYDUK3R</vin><color>MediumTurquoise</color><year>1976</year></automobile><automobile><person_id>7eede10e-8496-4d73-ac40-9464e206535f</person_id><license_plate>95K T89</license_plate><vin>3JRGZNMP89XW0ET5W</vin><color>SlateGray</color><year>1980</year></automobile><automobile><person_id>6d50b58e-6441-41ac-bc73-c642d1000f0b</person_id><license_plate>25Z M22</license_plate><vin>7H6DZYYA17H6DA6X5</vin><color>DarkGreen</color><year>2013</year></automobile><automobile><person_id>ae5f28d2-9756-4a94-bc33-2dbe0a645454</person_id><license_plate>7HHN 86</license_plate><vin>5S35GV3H7HDKKD2C5</vin><color>DarkGreen</color><year>2003</year></automobile><automobile><person_id>b32e3dfb-78e1-47ae-ab0f-4f4d55fe4738</person_id><license_plate>427-LUM</license_plate><vin>S1B25PKH3YFGK131C</vin><color>GhostWhite</color><year>1999</year></automobile><automobile><person_id>b32e3dfb-78e1-47ae-ab0f-4f4d55fe4738</person_id><license_plate>2X HJ637</license_plate><vin>TPM6SCYR3DVFB7373</vin><color>MediumAquaMarine</color><year>2003</year></automobile><automobile><person_id>b32e3dfb-78e1-47ae-ab0f-4f4d55fe4738</person_id><license_plate>JFI-823</license_plate><vin>BMML46CF9JPKXXV6T</vin><color>GreenYellow</color><year>1976</year></automobile><automobile><person_id>0e67bfeb-8fcc-46b0-b7e1-9684838a6701</person_id><license_plate>BW9 5055</license_plate><vin>JBJKUVU73V78YSUBB</vin><color>ForestGreen</color><year>1985</year></automobile><automobile><person_id>8e57007f-82e8-40f4-b268-b72e4f6ccab8</person_id><license_plate>HT8 H7X</license_plate><vin>GT6EVC3Z51M6FK90T</vin><color>SlateGray</color><year>2019</year></automobile><automobile><person_id>8e57007f-82e8-40f4-b268-b72e4f6ccab8</person_id><license_plate>ASC 600</license_plate><vin>B4K32PV51ZF87HTAN</vin><color>Yellow</color><year>1995</year></automobile><automobile><person_id>6fe40b00-89ce-4599-adc5-f6fd6f1df3e5</person_id><license_plate>765-SEN</license_plate><vin>42GKSNSE9FUWB29WS</vin><color>Sienna</color><year>1974</year></automobile><automobile><person_id>c7c8d8fe-d874-423e-bcea-bf3e562bfbd9</person_id><license_plate>KFS-186</license_plate><vin>KCH4X6JX81XWGMEBD</vin><color>Lavender</color><year>1990</year></automobile><automobile><person_id>c7c8d8fe-d874-423e-bcea-bf3e562bfbd9</person_id><license_plate>3VB6427</license_plate><vin>6M1AT49280XGVF14U</vin><color>Cyan</color><year>2010</year></automobile><automobile><person_id>0479fe02-baf9-4bb7-9805-95eb8cf3f7fd</person_id><license_plate>510Q5</license_plate><vin>7PNNRCTT48YM8AZU2</vin><color>AntiqueWhite</color><year>2002</year></automobile><automobile><person_id>0479fe02-baf9-4bb7-9805-95eb8cf3f7fd</person_id><license_plate>212 YMS</license_plate><vin>JZ015ZTW0G59UXRNM</vin><color>Turquoise</color><year>1990</year></automobile><automobile><person_id>0479fe02-baf9-4bb7-9805-95eb8cf3f7fd</person_id><license_plate>569 XUA</license_plate><vin>P0YL78EL0L01S967H</vin><color>MidnightBlue</color><year>2004</year></automobile><automobile><person_id>aa381471-e67b-4517-9737-b415d349736b</person_id><license_plate>285 UOD</license_plate><vin>8NEEEUR81YZK5L6UL</vin><color>DarkSalmon</color><year>1982</year></automobile><automobile><person_id>0a554444-aa5f-47ac-9bfb-463000722994</person_id><license_plate>301 6KY</license_plate><vin>FR5UNS4W3PVY6VBMG</vin><color>LightSteelBlue</color><year>2020</year></automobile><automobile><person_id>10c6ffd6-6904-44dc-a516-d6b350e0a2fd</person_id><license_plate>2UIZ752</license_plate><vin>96M51SM58FV8SGGM1</vin><color>Maroon</color><year>2009</year></automobile><automobile><person_id>cd2ff72f-f47b-48b6-8a54-e30c4bd7b56c</person_id><license_plate>589 6FK</license_plate><vin>1DNXBW0P5TTUFAY3E</vin><color>OldLace</color><year>2020</year></automobile><automobile><person_id>cd2ff72f-f47b-48b6-8a54-e30c4bd7b56c</person_id><license_plate>69-9886V</license_plate><vin>J4KD0NA71K36UDB74</vin><color>DarkGreen</color><year>1993</year></automobile><automobile><person_id>dfe4a4e2-2b6c-474b-86ed-0108b152144c</person_id><license_plate>NPB-591</license_plate><vin>LMHMELFZ4J8DSFETN</vin><color>LightGreen</color><year>2021</year></automobile><automobile><person_id>dfe4a4e2-2b6c-474b-86ed-0108b152144c</person_id><license_plate>4WQ 312</license_plate><vin>L814YP967TJC8UYAZ</vin><color>Beige</color><year>1991</year></automobile><automobile><person_id>09eba336-eb48-4746-a57d-1e00f44fa002</person_id><license_plate>G 045845</license_plate><vin>JDH9SSXV7ZJA37R3J</vin><color>LightCoral</color><year>1970</year></automobile><automobile><person_id>09eba336-eb48-4746-a57d-1e00f44fa002</person_id><license_plate>346 EF6</license_plate><vin>RX8SVJ063NGS4LV43</vin><color>MistyRose</color><year>1992</year></automobile><automobile><person_id>07de8d79-4ca6-4416-bb4f-a903971032ec</person_id><license_plate>67D 6399</license_plate><vin>F7RN4JKX0FEEV6A5R</vin><color>SlateGray</color><year>2003</year></automobile><automobile><person_id>d3034930-8040-43a3-bcd8-0198274b9fac</person_id><license_plate>72W C37</license_plate><vin>ARA6A8FN8FTZ0W8LC</vin><color>MediumTurquoise</color><year>2011</year></automobile><automobile><person_id>d3034930-8040-43a3-bcd8-0198274b9fac</person_id><license_plate>07L YR2</license_plate><vin>G2TPYWUB15C8YBYUJ</vin><color>MistyRose</color><year>1995</year></automobile><automobile><person_id>f9be96b0-99dc-42b7-9974-17d5e0ba7312</person_id><license_plate>74-33081</license_plate><vin>J2FUCUHS6BZ625RJF</vin><color>DeepSkyBlue</color><year>1999</year></automobile><automobile><person_id>f9be96b0-99dc-42b7-9974-17d5e0ba7312</person_id><license_plate>8G DP790</license_plate><vin>YC9U16AL9HL2H1NZB</vin><color>SlateGray</color><year>1999</year></automobile><automobile><person_id>f9be96b0-99dc-42b7-9974-17d5e0ba7312</person_id><license_plate>2CF 314</license_plate><vin>RPHX79ZB2XNAKHTUG</vin><color>DarkKhaki</color><year>2001</year></automobile><automobile><person_id>6f39490d-f435-4c18-9ada-d47f8ecff4a5</person_id><license_plate>43S 3270</license_plate><vin>F7TWZPZT40DGX174S</vin><color>Sienna</color><year>2020</year></automobile><automobile><person_id>bd92a08a-00df-40cd-81c1-b8aab5e4c1a3</person_id><license_plate>861-393</license_plate><vin>888EP6YJ0K9TTUF7P</vin><color>GoldenRod</color><year>1985</year></automobile><automobile><person_id>2d337c15-e8e1-4997-a7a6-09bfe6b6daa6</person_id><license_plate>HLO 444</license_plate><vin>ZL0PFJMH7RZ4EX22V</vin><color>Green</color><year>1970</year></automobile><automobile><person_id>2d337c15-e8e1-4997-a7a6-09bfe6b6daa6</person_id><license_plate>2PC 129</license_plate><vin>WGHU483S7PU66AD9L</vin><color>SlateBlue</color><year>1984</year></automobile><automobile><person_id>a6bd21f8-1388-4f0b-97cd-d48e86e228d3</person_id><license_plate>HOV 070</license_plate><vin>M8RZZB1R0ZUY9AC14</vin><color>YellowGreen</color><year>1982</year></automobile><automobile><person_id>b937581f-0b6e-4d70-9cb1-e50b7c410e10</person_id><license_plate>DMC 406</license_plate><vin>7GCTX8PE2XZEU9Z9Z</vin><color>DarkGreen</color><year>2003</year></automobile><automobile><person_id>b251058f-33df-4bf7-8441-72d2765481ab</person_id><license_plate>25-W436</license_plate><vin>3VUMKVP4X0ZS5H0HJ</vin><color>Bisque</color><year>2016</year></automobile><automobile><person_id>b251058f-33df-4bf7-8441-72d2765481ab</person_id><license_plate>667SH</license_plate><vin>AF4KDFEF6B80BXT7D</vin><color>DarkBlue</color><year>2003</year></automobile><automobile><person_id>5073723c-c5df-4ae6-942e-3e874674100a</person_id><license_plate>FUD-312</license_plate><vin>YMSZ9ZXG0FECG9K28</vin><color>DarkViolet</color><year>1981</year></automobile><automobile><person_id>0be4f663-83d6-422b-af80-2aa1212a20e7</person_id><license_plate>521 6JR</license_plate><vin>8KYK6JP8XGUM4S041</vin><color>Chartreuse</color><year>1997</year></automobile><automobile><person_id>0be4f663-83d6-422b-af80-2aa1212a20e7</person_id><license_plate>056 UNV</license_plate><vin>V6VARXT50NLMFFKMH</vin><color>LightCyan</color><year>2001</year></automobile><automobile><person_id>0be4f663-83d6-422b-af80-2aa1212a20e7</person_id><license_plate>893-QQFH</license_plate><vin>8SYSK56C7MWCV9LHU</vin><color>LavenderBlush</color><year>2018</year></automobile><automobile><person_id>ec3352c8-2aba-4e56-9580-4c3cb9ed33d5</person_id><license_plate>530-QBI</license_plate><vin>XDXPYK7X3BAJPSR82</vin><color>Navy</color><year>1991</year></automobile><automobile><person_id>cf00ef52-1245-4e15-a6f0-9e310a638bd5</person_id><license_plate>EYG-024</license_plate><vin>XSWDD8R70V7H74GHP</vin><color>Violet</color><year>1983</year></automobile><automobile><person_id>e5c60225-56bc-4b3b-8d35-3794683b1909</person_id><license_plate>MWA 456</license_plate><vin>64AKR4HC0XTW6S8TY</vin><color>NavajoWhite</color><year>1974</year></automobile><automobile><person_id>7337d0af-d38b-4348-8688-315c540ebc5f</person_id><license_plate>0RST 05</license_plate><vin>A8VYU9HG8343MTXE6</vin><color>DarkGray</color><year>1976</year></automobile><automobile><person_id>97cb9258-f696-415d-b770-a3eae07c144b</person_id><license_plate>8ED2970</license_plate><vin>THF8STGY895NPL264</vin><color>PaleTurquoise</color><year>2024</year></automobile><automobile><person_id>c8a422f5-60ca-413e-8c42-50364e3c4337</person_id><license_plate>285-QXC</license_plate><vin>U8V57CHB9AKZ2H9L2</vin><color>Tan</color><year>1982</year></automobile><automobile><person_id>ef957632-d36f-47ee-bd28-c59fc2b7862f</person_id><license_plate>OAZ 139</license_plate><vin>65MU5CSW1THFLXAE8</vin><color>DarkSlateGray</color><year>2019</year></automobile><automobile><person_id>ef957632-d36f-47ee-bd28-c59fc2b7862f</person_id><license_plate>M76 9SR</license_plate><vin>D97FJV1J5MTS2FHVZ</vin><color>DarkSeaGreen</color><year>1980</year></automobile><automobile><person_id>16100a77-770e-4bff-9a4d-7cb4bdcf781c</person_id><license_plate>06-72720</license_plate><vin>RC281H8K4U9MMX3GR</vin><color>MediumPurple</color><year>1979</year></automobile><automobile><person_id>c70be594-ca73-4728-b5cb-b1e4a7cbaed8</person_id><license_plate>779 6QZ</license_plate><vin>AJJ5RDJ69DVZTXH86</vin><color>Orchid</color><year>1986</year></automobile><automobile><person_id>16f7cd70-629d-43c8-acec-6774c9798a87</person_id><license_plate>C74-66A</license_plate><vin>2DXFYHM1XUG6UR6ME</vin><color>Tomato</color><year>2020</year></automobile><automobile><person_id>16f7cd70-629d-43c8-acec-6774c9798a87</person_id><license_plate>869-NDAB</license_plate><vin>FE26BCVX5HB65VJ2T</vin><color>BlueViolet</color><year>2002</year></automobile><automobile><person_id>ed1a459e-4988-4758-ae84-427c5de76290</person_id><license_plate>4T 72195</license_plate><vin>M03BC6RG3LBPKBCXU</vin><color>DarkKhaki</color><year>1984</year></automobile><automobile><person_id>ed1a459e-4988-4758-ae84-427c5de76290</person_id><license_plate>W 615479</license_plate><vin>LBM8FD83075NFXKL4</vin><color>DarkBlue</color><year>2022</year></automobile><automobile><person_id>d82a82d1-82d2-44ae-a7f8-18f14ce9567e</person_id><license_plate>7106</license_plate><vin>CJ7NLVWJ66U9LXGSU</vin><color>MediumSlateBlue</color><year>2022</year></automobile><automobile><person_id>d82a82d1-82d2-44ae-a7f8-18f14ce9567e</person_id><license_plate>5IC5028</license_plate><vin>KACAYF9C4NPD54LVT</vin><color>MidnightBlue</color><year>2007</year></automobile><automobile><person_id>29a3e08f-bf38-4431-87d9-04855b964e7d</person_id><license_plate>WZT-7671</license_plate><vin>HH0AAG8N77RZ61LJV</vin><color>MintCream</color><year>1995</year></automobile><automobile><person_id>89e99270-7621-40f8-96e8-31d19bd3b2a2</person_id><license_plate>2775</license_plate><vin>R5AJX1YS63F3FEZPP</vin><color>PaleTurquoise</color><year>1984</year></automobile><automobile><person_id>89e99270-7621-40f8-96e8-31d19bd3b2a2</person_id><license_plate>6DI29</license_plate><vin>AJ7P7F2V7EWJ60NL1</vin><color>DarkSlateGray</color><year>2004</year></automobile><automobile><person_id>0aa00ef4-dbeb-4310-b763-db6bc3de4f80</person_id><license_plate>SYH-0515</license_plate><vin>0TCGZ2TH4RPEAD1J2</vin><color>LightSalmon</color><year>2000</year></automobile><automobile><person_id>0aa00ef4-dbeb-4310-b763-db6bc3de4f80</person_id><license_plate>3225</license_plate><vin>C4C582GMX14X1CWEX</vin><color>White</color><year>2015</year></automobile><automobile><person_id>f6c638ac-e79a-4300-8585-b6d566947238</person_id><license_plate>R 587738</license_plate><vin>1J11AG0XXW2GW78EB</vin><color>HoneyDew</color><year>2002</year></automobile><automobile><person_id>f6c638ac-e79a-4300-8585-b6d566947238</person_id><license_plate>748 TNA</license_plate><vin>3VHA6SVA2PJLZ9SRV</vin><color>LawnGreen</color><year>1976</year></automobile><automobile><person_id>f6c638ac-e79a-4300-8585-b6d566947238</person_id><license_plate>X57 2KF</license_plate><vin>UFSJJDKT1VK6UXE49</vin><color>SlateBlue</color><year>2022</year></automobile><automobile><person_id>386934f6-5730-4efd-afc3-9d9d42306340</person_id><license_plate>0-35046Z</license_plate><vin>5DWFWV4J94YLWFGFG</vin><color>LightCyan</color><year>2011</year></automobile><automobile><person_id>386934f6-5730-4efd-afc3-9d9d42306340</person_id><license_plate>UT 5088</license_plate><vin>L982945917EZEREEB</vin><color>Orange</color><year>2015</year></automobile><automobile><person_id>3e445cbc-f50a-4920-9b0c-b3172938e5f1</person_id><license_plate>2Z LF766</license_plate><vin>AER56RYF7ZDSS45S1</vin><color>Violet</color><year>1991</year></automobile><automobile><person_id>3e445cbc-f50a-4920-9b0c-b3172938e5f1</person_id><license_plate>KKD 956</license_plate><vin>ZB3C60H89HG4JR2PZ</vin><color>LightSeaGreen</color><year>2001</year></automobile><automobile><person_id>f0ca5cb3-3ad1-4e9b-bdab-ec36735ef65d</person_id><license_plate>S29 2CN</license_plate><vin>HSFLKA8K4AXMZX190</vin><color>LimeGreen</color><year>2008</year></automobile><automobile><person_id>f0ca5cb3-3ad1-4e9b-bdab-ec36735ef65d</person_id><license_plate>GWD 644</license_plate><vin>RVZYSJXR1GUYEA0HX</vin><color>Black</color><year>2018</year></automobile><automobile><person_id>62da156a-ad01-4ccf-9cee-b2be86ec871f</person_id><license_plate>777-BQO</license_plate><vin>55UKJNG601C116F3U</vin><color>MediumSpringGreen</color><year>1985</year></automobile><automobile><person_id>bc327bd0-4e67-4772-9830-b007e59b3cd2</person_id><license_plate>7J983</license_plate><vin>NHGLYH6Z7TAM1DVMB</vin><color>DarkGoldenRod</color><year>2006</year></automobile><automobile><person_id>c16282b5-0eeb-47ab-9e99-6174f2a5ed02</person_id><license_plate>9-13252</license_plate><vin>J7PYP2HY2S8FLGT0C</vin><color>LightSeaGreen</color><year>2022</year></automobile><automobile><person_id>ac93962f-15fa-4655-87e6-ceaba798ec09</person_id><license_plate>HQ 48982</license_plate><vin>K3C3ESL36ZPB906T5</vin><color>SkyBlue</color><year>2005</year></automobile><automobile><person_id>d588fa86-f5f1-4acf-b32c-0f211d1a81b5</person_id><license_plate>CNL-079</license_plate><vin>020DY4TC7P3HA9TC4</vin><color>DarkOrchid</color><year>1995</year></automobile><automobile><person_id>d588fa86-f5f1-4acf-b32c-0f211d1a81b5</person_id><license_plate>MKN-2136</license_plate><vin>RYV1AGYV4LS19T1Z9</vin><color>Indigo</color><year>1982</year></automobile><automobile><person_id>d588fa86-f5f1-4acf-b32c-0f211d1a81b5</person_id><license_plate>0362</license_plate><vin>MMG68NUH54GDEPNXZ</vin><color>DarkSlateBlue</color><year>1990</year></automobile><automobile><person_id>9018f094-6da5-4df0-a6ab-9a777eb8f126</person_id><license_plate>WCK 120</license_plate><vin>JEHMBRC48TYYZ5H1C</vin><color>DarkOrchid</color><year>1971</year></automobile><automobile><person_id>0e840317-24b5-4f5e-8602-41713cb20fe9</person_id><license_plate>LOK5284</license_plate><vin>YYHBYXWA8N432P4GJ</vin><color>Brown</color><year>1999</year></automobile><automobile><person_id>37242f85-1d63-42ec-a488-3ccd2d3b78d9</person_id><license_plate>L56 6NV</license_plate><vin>25V5R7LE7N26AUCLF</vin><color>LightSalmon</color><year>2006</year></automobile><automobile><person_id>331a63a8-9e84-425c-a10d-4ecb7c33b7af</person_id><license_plate>20G JI7</license_plate><vin>N5TUPMHK3TJX24SEY</vin><color>OrangeRed</color><year>2023</year></automobile><automobile><person_id>01a73f17-e348-442b-aa7f-92d138ba2ae6</person_id><license_plate>64G 9153</license_plate><vin>NNLHF5UC4FWJUBXC5</vin><color>Purple</color><year>2006</year></automobile><automobile><person_id>6c84cb48-7fc9-435b-8baf-0887177609b1</person_id><license_plate>MFF-6823</license_plate><vin>AVZWUWB01A0BWHCZT</vin><color>SteelBlue</color><year>2009</year></automobile><automobile><person_id>6c84cb48-7fc9-435b-8baf-0887177609b1</person_id><license_plate>7OT8555</license_plate><vin>EYVM4DU70XPYWTMTP</vin><color>YellowGreen</color><year>2000</year></automobile><automobile><person_id>6c84cb48-7fc9-435b-8baf-0887177609b1</person_id><license_plate>S48-SON</license_plate><vin>SUTN566D3082RWU6B</vin><color>Azure</color><year>1982</year></automobile><automobile><person_id>144da586-d685-4a40-a9a0-6ea06348f596</person_id><license_plate>R06 7RI</license_plate><vin>70CXPVT3XT9Y862P0</vin><color>CadetBlue</color><year>2013</year></automobile><automobile><person_id>2863bb9c-1ae2-45a2-9dbd-9108154b7668</person_id><license_plate>UOS 359</license_plate><vin>3ER4F3431AX420B38</vin><color>Chartreuse</color><year>1981</year></automobile><automobile><person_id>2863bb9c-1ae2-45a2-9dbd-9108154b7668</person_id><license_plate>PFI 221</license_plate><vin>ZNA4VRC334PGP5JWU</vin><color>DarkOrchid</color><year>1973</year></automobile><automobile><person_id>350cd1fb-46f5-477f-8e3d-9ce7105ac2ab</person_id><license_plate>NQE-290</license_plate><vin>5A59BDU10VUKPD3TR</vin><color>Beige</color><year>1988</year></automobile></automobiles>