"id"|"first_name"|"last_name"|"sex"|"address"|"phone_number"|"profession"|"company"|"date_of_birth"
"fcaaa089-1f7f-4798-9cbb-026f84f47647"|"Christopher"|"Gomez"|"M"|"449 Yates Harbor Suite 905"|"690.929.2796"|"Editor, commissioning"|"Arias, Mann and Donovan"|"1966-05-31"
"a98bf7e8-ccd3-442b-bc8f-f5dbdb064da8"|"Michele"|"Perez"|"F"|"372 Castillo Underpass Apt. 535"|"001-841-250-6571x78085"|"English as a foreign language teacher"|"Johnson Ltd"|"1976-07-08"
"ad6533b3-5334-4ae6-a8c5-a9153c023cba"|"Shelia"|"Parker"|"F"|"24 Jonathan Stravenue"|"001-646-807-2328x9812"|"Animator"|"Kelly, Goodman and Davis"|"1914-06-24"
"7d01f706-d27d-4599-bd92-defb92f5e872"|"Francisco"|"Watson"|"M"|"895 Jones Courts Apt. 083"|"+1-260-751-2918x6127"|"Pilot, airline"|"Sanders, Miller and Casey"|"1931-01-31"
"c3161749-9d6c-4426-afac-f2e0c91590c1"|"Robert"|"Phillips"|"M"|"493 Randolph Way Suite 427"|"(767)446-2051"|"Environmental health practitioner"|"Fisher Inc"|"2013-03-10"
"c033a8ef-ef41-4f9f-9c1a-a0a05933ff98"|"Gregory"|"Colon"|"M"|"113 Rosario Loop"|"546.883.2241"|"Psychologist, educational"|"Compton, Michael and Walters"|"2011-04-07"
"4be4b40a-b046-400f-baae-52c05165f77b"|"Monica"|"Pham"|"F"|"579 Murphy Creek Suite 712"|"6146786166"|"Civil Service fast streamer"|"Wood LLC"|"1982-05-21"
"8fe61abc-6960-496c-b8f7-21b13ebdf8d9"|"Darren"|"Hanson"|"M"|"937 David Course Apt. 455"|"(878)623-1424x171"|"Tourism officer"|"Rocha-Lindsey"|"1916-02-01"
"f64017bb-23c1-458d-8e4e-39c6a807dcdd"|"Corey"|"Pena"|"M"|"435 Wilson Locks Apt. 694"|"873.630.2557"|"Engineer, site"|"Dunn Group"|"1944-05-10"
"9eccb389-dc84-4f0b-8531-ddcbcfa1de61"|"Jeremy"|"Aguirre"|"M"|"574 Yates Harbor Suite 905"|"215-765-8823"|"Sales professional, IT"|"Miller, Johnson and Gibbs"|"1991-12-20"
"c89c2b5d-dca7-4005-aad9-26e83285e062"|"Stephanie"|"Smith"|"F"|"724 Higgins Port Apt. 001"|"888.342.2599x84822"|"Air broker"|"Conley, Williamson and Mcmillan"|"1969-05-28"
"c2a5ab4d-20f4-457a-a062-87360e839e42"|"Kimberly"|"Li"|"F"|"947 Donald Village Apt. 289"|"(990)968-4489"|"Audiological scientist"|"Jackson and Sons"|"1962-01-02"
"87db3407-b6d2-4028-8a13-a055e5beaee2"|"Andrew"|"Smith"|"M"|"44 Alexis Freeway Apt. 358"|"+1-410-276-1849"|"Teacher, adult education"|"Williams and Sons"|"2017-05-10"
"fa65f8e6-9c38-4dc0-ba9c-f191940f0eda"|"Steven"|"Padilla"|"M"|"41 Jonathan Place"|"743.888.4934x504"|"Sports administrator"|"Terry and Sons"|"1951-12-30"
"a93e87c3-b981-4362-a56f-a6f6f963e5be"|"Danielle"|"Pugh"|"F"|"168 Montoya Walk Apt. 578"|"547-561-8291"|"Phytotherapist"|"Page Ltd"|"1913-01-18"
"088a7382-ea93-44df-84b1-37195ae0d640"|"Dillon"|"Nichols"|"M"|"847 Yates Harbor Suite 905"|"791-609-5499x92192"|"Engineer, communications"|"Johnson Inc"|"1916-06-30"
"7f93e427-1cdf-4f16-b2b0-e3187ea40e15"|"William"|"Clark"|"M"|"658 Wyatt Pike Suite 863"|"(821)479-4111x82345"|"Field seismologist"|"Harris-White"|"1931-02-23"
"713bc402-eb42-405c-9343-d2d6ec20b5fa"|"Michael"|"Perez"|"M"|"548 Shepard Bridge"|"945.630.8652x2580"|"Air cabin crew"|"Tucker, Ellison and Ortiz"|"2020-11-15"
"d5cee850-4e5d-49fd-85b6-3637023c3074"|"Nathan"|"Barajas"|"M"|"702 Jeffery Village"|"483.365.8223"|"Industrial buyer"|"James-Buck"|"2003-02-24"
"c6bbbbd8-6032-46d0-8df8-cee2064c6d5b"|"Chris"|"Osborne"|"M"|"954 Martinez Grove Apt. 125"|"625.796.3978"|"Broadcast journalist"|"Johnson-Potts"|"1960-03-25"
"91087f62-769b-4479-8fd0-d2802c4c37c0"|"Robert"|"Holmes"|"M"|"874 Douglas Springs"|"001-359-746-6693x8424"|"Restaurant manager"|"Hall Ltd"|"1935-01-28"
"25d92d76-e7e3-4f60-9911-7d6039773c8d"|"Lisa"|"Ruiz"|"F"|"998 Simpson Mill Apt. 030"|"+1-249-819-0253"|"Systems analyst"|"Garcia-Calderon"|"1925-11-04"
"ee76fa1a-d4d2-4c8f-aea3-21bd14b26671"|"Dennis"|"Ruiz"|"M"|"37 Lynn Lake Suite 253"|"001-478-584-6625x54712"|"Theatre director"|"Baker, Mendoza and Valdez"|"2006-06-01"
"156ebede-3de6-487e-be9d-6a5cd0ece209"|"Jessica"|"Parker"|"F"|"539 Vincent Mountain Apt. 316"|"544-824-9493x8065"|"Operational researcher"|"Le and Sons"|"1999-05-24"
"7e7b1897-48ab-456b-8b06-29067491aa6e"|"Adrian"|"Mckee"|"M"|"283 Tim Avenue Apt. 437"|"533.443.6184x764"|"Air traffic controller"|"Schroeder-Dawson"|"1928-08-25"
"866c0033-3366-4ee5-817b-3c5c278fe803"|"Tonya"|"Powers"|"F"|"458 Thomas Coves Suite 736"|"213-984-5178"|"Technical brewer"|"Brown, Larson and Kennedy"|"1954-05-17"
"73f450c8-cf68-4050-9780-1e902c3337fd"|"Amy"|"Ruiz"|"F"|"504 Quinn Divide"|"001-347-514-6603x592"|"Wellsite geologist"|"Clark and Sons"|"1971-09-29"
"0ac6edf9-d0b3-4642-9b13-fd5d2d5737b6"|"Ariel"|"Hurley"|"F"|"968 Evans Ports Suite 383"|"+1-847-533-1997x49079"|"Fashion designer"|"Watkins Group"|"1948-12-26"
"de9bbbc1-870f-4d5d-a3b4-1d57508d908d"|"Justin"|"Burke"|"M"|"596 Thornton Land Suite 697"|"+1-893-949-0784x27067"|"Editorial assistant"|"Griffin and Sons"|"1921-01-29"
"b91ecd98-1413-40c7-a51d-4ed9dc869ce6"|"Laurie"|"Vargas"|"F"|"589 Tyler Knoll Apt. 752"|"001-974-645-5401x3238"|"Broadcast presenter"|"Thornton PLC"|"1914-05-24"
"30967119-8edf-4118-89a6-f49070bc0ea8"|"Taylor"|"Rivera"|"F"|"955 Nicole Via"|"876.325.9114"|"Waste management officer"|"Blake, Brown and Campos"|"2015-10-27"
"12b04ba2-a114-4846-9590-d13b787d6680"|"Michael"|"Smith"|"M"|"185 Johnson Plains Suite 376"|"+1-520-984-6293"|"Editor, film/video"|"Hernandez and Sons"|"1926-08-23"
"8a9c6146-8d2e-4948-9de4-cc18d082396d"|"Ryan"|"Gardner"|"M"|"721 Morales Gardens Suite 197"|"001-466-431-3720x5120"|"Chief Technology Officer"|"Harvey-Evans"|"2022-01-20"
"3693228b-afa4-4d9e-bc60-8fc1dfff6081"|"Ryan"|"Terry"|"M"|"464 Parks Trace Suite 497"|"908-601-5752"|"Occupational hygienist"|"Duran, David and Bailey"|"1995-01-06"
"34a25813-1fe9-4438-b154-6ba9e1848c20"|"Evelyn"|"Flynn"|"F"|"790 Shelton Run"|"984.849.4608x437"|"Data scientist"|"Perez and Sons"|"1971-11-02"
"c618a15d-5ed4-4bf8-b893-360232724236"|"Tiffany"|"Cooke"|"F"|"606 Martinez Grove Apt. 125"|"805-750-9914x9710"|"Ambulance person"|"Hernandez-Bean"|"1919-02-03"
"d267a2d8-8002-4b7e-a23c-40934091cc13"|"Jeanette"|"Hughes"|"F"|"670 Tim Avenue Apt. 437"|"001-470-214-1888x5168"|"Database administrator"|"Reilly, Bell and Walsh"|"2006-01-05"
"2d55cfc5-8ba2-4d16-86fc-26595589c079"|"Joseph"|"Welch"|"M"|"803 Shepard Bridge"|"681.748.2329"|"Camera operator"|"Williams Ltd"|"1962-08-09"
"e8c024a8-b7c2-4581-88d1-20e5e448a17c"|"Jasmine"|"Gonzalez"|"F"|"263 Brown Canyon Apt. 503"|"734.201.6050x99491"|"Textile designer"|"Miller Group"|"1911-03-06"
"a8c64af0-402a-4fd4-ba8f-d2dd1ad6cd87"|"Teresa"|"Espinoza"|"F"|"668 Higgins Port Apt. 001"|"328-985-7958"|"IT technical support officer"|"Bright PLC"|"1970-06-01"
"bf408565-dacf-45ff-a929-f70e29f68100"|"William"|"Garcia"|"M"|"362 Yvette Loop"|"+1-719-699-6383x14402"|"Applications developer"|"Floyd Group"|"1935-10-25"
"9a48cc5b-dccd-4b47-9bf4-62d7641e6901"|"Joshua"|"Allen"|"M"|"552 Haney Prairie Suite 518"|"661-890-0812x234"|"Cartographer"|"Henry-Wright"|"2018-05-28"
"0a713e75-add6-4834-b14a-7f7029e3fae9"|"Dana"|"Robbins"|"F"|"138 Amber Wells"|"648-802-7195x297"|"Town planner"|"Burns, Carter and Kelley"|"2019-09-27"
"2f090fff-bf56-46ef-aacf-20fb8124a920"|"Mackenzie"|"Rojas"|"F"|"22 Lee Burgs"|"(320)230-5753x71936"|"Historic buildings inspector/conservation officer"|"Turner PLC"|"1956-08-05"
"b858c3ca-11e4-49e6-8712-564121ce0806"|"Dwayne"|"Freeman"|"M"|"661 Davenport Fords"|"425-942-9434"|"Heritage manager"|"Walker, Brooks and Cummings"|"1983-04-24"
"e986d641-13f0-4d42-8246-36c83f9d16d8"|"Leslie"|"Williams"|"F"|"292 Morales Gardens Suite 197"|"+1-489-993-3900x6804"|"Quantity surveyor"|"Maddox, Palmer and Ray"|"1962-03-09"
"6608cd05-47cd-45aa-a00a-9e39d136367f"|"Nicholas"|"Barber"|"M"|"340 Rivers Squares"|"(415)523-1951"|"Sport and exercise psychologist"|"Jackson, Cruz and Young"|"1912-12-12"
"fb190663-bef2-471e-90d3-b10c0deca5d3"|"William"|"Weiss"|"M"|"837 Randall Burg"|"424.434.6768x488"|"Associate Professor"|"Henry PLC"|"1936-09-18"
"b662cace-f7bf-43ef-8578-efc72d29c1ca"|"Sharon"|"Harrison"|"F"|"952 Charles Extension Apt. 046"|"267.581.5084"|"Nutritional therapist"|"Moreno, Marquez and Zavala"|"2000-07-15"
"39215dd7-55c0-4493-888c-669f3ccf7eff"|"Joshua"|"Hall"|"M"|"234 Garcia Road Suite 143"|"504-692-9698x4192"|"Sport and exercise psychologist"|"Allen-Woodard"|"1970-01-18"
"555e71b4-3b11-47e4-9507-5e902da944e8"|"Michael"|"Davis"|"M"|"937 Matthew Valleys Suite 832"|"312-943-9251x634"|"Network engineer"|"Sweeney-Evans"|"1940-06-02"
"d8347e7a-fa01-455a-aa56-e2a6e30dfda5"|"Kaitlin"|"Hall"|"F"|"350 May Rest Suite 582"|"489.266.6688x278"|"Quarry manager"|"Ross-Cooper"|"1927-11-09"
"bc4b091c-a273-4ba4-9147-98ffe7df7d9c"|"Angela"|"Shaffer"|"F"|"64 Lewis Trace"|"+1-834-945-5688x82356"|"Sport and exercise psychologist"|"Romero, Walters and Smith"|"1959-10-09"
"659d6007-7122-4cce-870d-c9f1984c639c"|"Alejandro"|"Sanders"|"M"|"974 Welch Walk"|"228-950-4263"|"Investment analyst"|"Murphy and Sons"|"1968-12-10"
"3a5da532-2686-4d50-bbbb-4dc15b7dbae5"|"Johnson"|"Burns"|"M"|"281 Lewis Trace"|"(767)927-7954x50550"|"Gaffer"|"Cruz and Sons"|"1914-05-02"
"da4e4df1-231d-4f92-b0fd-a9084645e368"|"Brian"|"Powers"|"M"|"300 Banks Curve Apt. 123"|"654.912.8719x25764"|"Embryologist, clinical"|"Mullins Group"|"2017-08-06"
"e30e456d-73c9-4ae9-b627-552bd9ebca62"|"Eric"|"Mitchell"|"M"|"255 Bruce View Suite 976"|"938.857.6735x708"|"Surveyor, hydrographic"|"Johnson, Gill and Reid"|"1983-07-07"
"d4deec48-f917-458f-9fce-192771ee54b9"|"Melissa"|"Johnson"|"F"|"174 Newton Wall"|"281-725-6011"|"Fish farm manager"|"Obrien Inc"|"2013-11-11"
"9280937e-3b64-44b4-a8d8-e62163b3e2d7"|"Christopher"|"Lopez"|"M"|"364 Monica Burgs Suite 695"|"001-702-816-0433x2769"|"Best boy"|"Browning PLC"|"1913-01-31"
"7c4c29ac-a137-4d2d-bd8a-687b8a3ed928"|"Angela"|"Patrick"|"F"|"915 Chandler Tunnel Suite 681"|"(714)657-9064x179"|"Psychologist, sport and exercise"|"Moyer, Holt and Jordan"|"1996-07-09"
"80d12ad3-e4c8-4aa6-b6fc-442534498aff"|"William"|"Hall"|"M"|"266 Randall Burg"|"8854065675"|"Commissioning editor"|"Bailey LLC"|"1984-07-17"
"b708af82-9c7d-48f6-a8d6-e1445d5a3d15"|"Kristy"|"White"|"F"|"608 Alexis Run Suite 764"|"001-444-277-7551x9161"|"Engineer, site"|"Wolf-Sanders"|"1965-09-07"
"1caf9b8e-d111-4d17-a448-d67fe972d5b9"|"Joseph"|"Howard"|"M"|"240 Yates Harbor Suite 905"|"2397764517"|"Clinical biochemist"|"Adkins-Mason"|"1922-01-20"
"1568ddad-9d77-4b02-9617-1b1ec8e47bf0"|"Dustin"|"Hughes"|"M"|"188 Julia Station"|"713.606.0167x2989"|"Private music teacher"|"Cardenas, Wright and Myers"|"1957-06-08"
"acfdf3f7-8dba-4e69-818b-ded6d767b994"|"Jessica"|"Hurley"|"F"|"194 Gray Walks Apt. 075"|"564.905.1502"|"Local government officer"|"Patton Ltd"|"2023-08-03"
"ef50f228-a1a7-4844-bbf9-a8c9c07d99d8"|"David"|"Nguyen"|"M"|"987 Charles Mall Apt. 745"|"+1-960-523-0356x1516"|"Geologist, engineering"|"Walker-Hall"|"1973-02-13"
"d7aecddb-6c0d-4cfb-8ca0-0aa72be5420c"|"Perez"|"Crane"|"F"|"152 Haney Prairie Suite 518"|"001-971-578-2628x4632"|"Ranger/warden"|"Hammond, Greene and Williams"|"1927-03-25"
"4da654e4-5d53-4f66-b343-4a902a325bbb"|"Lindsay"|"Wilson"|"F"|"437 Jackson Harbors Suite 257"|"(342)204-6381"|"Publishing rights manager"|"Evans-Matthews"|"1978-03-17"
"a8131c3a-a30f-4143-876b-894bccae75af"|"Marissa"|"Suarez"|"F"|"519 Davis Landing"|"+1-712-971-8171x164"|"Civil engineer, consulting"|"Moran-Russell"|"2003-05-05"
"2c69edd4-cb0b-438c-b5e6-66ad60c6dda6"|"Michael"|"Suarez"|"M"|"233 Smith Ranch Suite 211"|"498-864-3739x7736"|"Sport and exercise psychologist"|"Rodriguez-Todd"|"1973-12-13"
"d023d1bc-83b5-41f1-a248-68f18482da97"|"Juan"|"Espinoza"|"M"|"696 Michelle Isle Apt. 431"|"578.356.9591"|"Research scientist (life sciences)"|"Evans, Jacobs and Hutchinson"|"2005-02-12"
"bb8a947d-513e-46b9-a819-800dbd2c554d"|"Gregory"|"Watson"|"M"|"748 Smith Avenue Apt. 759"|"+1-376-791-9813x456"|"Hospital pharmacist"|"Maddox-Wright"|"1994-04-12"
"3cbb79f4-9362-4285-a2a5-ffb2347f1916"|"Tyler"|"Watkins"|"M"|"870 Jonathan Place"|"(251)958-5392x468"|"Manufacturing engineer"|"Wong-Booth"|"2023-03-24"
"59d953cb-c591-48a5-9926-22f80ee60013"|"Julian"|"Jackson"|"M"|"163 Hood Loop Apt. 276"|"+1-218-958-3144x239"|"Energy manager"|"Mills, Castaneda and Montgomery"|"1940-06-20"
"09c94677-0ee0-450b-ba53-3802d660689a"|"Ashley"|"Smith"|"F"|"104 Catherine Cove"|"001-305-730-0458x181"|"Forest/woodland manager"|"Olson, Sandoval and Terry"|"1938-02-23"
"6e68c674-56a6-460f-a4e4-6066cbe1ee15"|"Renee"|"Ray"|"F"|"834 Bailey Trail"|"(593)548-3710x5391"|"Scientist, product/process development"|"Miller, Wells and Allen"|"1992-11-01"
"3f9104cd-bc4a-4efe-963b-381eef0f29d8"|"Sheila"|"Sparks"|"F"|"504 Alexandra Bridge Suite 474"|"(620)461-2349x24008"|"Special educational needs teacher"|"Miller, Gonzalez and Pitts"|"1963-06-10"
"0e69687a-bd02-4538-9209-8bcda999e776"|"Kelly"|"Riddle"|"M"|"727 Brian Course"|"838-460-9585x350"|"Historic buildings inspector/conservation officer"|"Russo, Wong and Smith"|"2004-07-14"
"4bfc2310-9f6f-48b6-b31f-c1c85f1470ab"|"Denise"|"Reyes"|"F"|"107 Welch Walk"|"001-356-496-6134x7477"|"Community education officer"|"Rodriguez-Compton"|"1925-05-24"
"a0489ccb-6fcf-4952-be6c-0ea00967f2fd"|"William"|"Holmes"|"M"|"779 Brian Course"|"(699)543-0691x1728"|"Conservator, museum/gallery"|"Patterson, Nguyen and Lopez"|"1926-04-06"
"76cde344-37ef-446b-8795-b13dbdcb8f4b"|"Pamela"|"Perez"|"F"|"294 Catherine Lock"|"534.685.3526"|"Recruitment consultant"|"Clark-Singh"|"1929-02-23"
"2e9642d8-a508-4b9b-9ce1-4eadb77bdc47"|"Brian"|"Ramirez"|"M"|"594 Shelton Run"|"355.323.2212x46190"|"Clinical research associate"|"Sparks, Aguilar and Martinez"|"1921-11-08"
"ba0b8f56-278e-47b8-be2d-b5e79fed6edf"|"Tammy"|"Parker"|"F"|"925 Hart Estates Suite 718"|"+1-926-492-3675x429"|"Financial risk analyst"|"Rodriguez, Jones and Keller"|"1933-10-31"
"a64462e8-baf9-4104-a236-32f61452dbea"|"Michelle"|"Holmes"|"F"|"961 Donald Village Apt. 289"|"503.481.5612"|"Chief Strategy Officer"|"Campbell, Thomas and Ford"|"1909-06-21"
"41ca50fe-a22f-402b-9846-455a18c02277"|"Crystal"|"Roberts"|"F"|"922 Parks Trace Suite 497"|"001-822-852-4707x697"|"Financial risk analyst"|"Compton Ltd"|"1910-11-20"
"f785351e-f94e-44b6-ad97-746b40ac782c"|"Brianna"|"Barnes"|"F"|"563 Nicole Via"|"(600)598-2289"|"Optometrist"|"Duncan-Ford"|"1998-10-11"
"748fdad6-7a24-4a79-94b7-aa0b44a4de54"|"Derek"|"Fisher"|"M"|"64 Alexandra Bridge Suite 474"|"633.297.4582x379"|"Optician, dispensing"|"Decker Group"|"1972-11-03"
"20d927d5-69f3-4e9f-9b20-92b32b157533"|"Samantha"|"Lynch"|"F"|"832 Tyler Knoll Apt. 752"|"+1-218-238-2295x4291"|"Historic buildings inspector/conservation officer"|"Romero, Martin and Patel"|"1933-04-16"
"b146fab6-caa3-424a-8f4b-78d81ab28092"|"Jermaine"|"Gonzalez"|"M"|"340 Tara Inlet"|"+1-366-636-6073x5138"|"Retail buyer"|"Dunlap and Sons"|"2005-03-04"
"fac5cc71-8884-4afe-82c8-3e38113f20d1"|"Ashley"|"Burton"|"F"|"88 Ashley Landing"|"(939)490-3412"|"Amenity horticulturist"|"Chambers PLC"|"2012-06-02"
"5a417505-c797-46fe-aa8d-b4d00f43d215"|"Daniel"|"Allen"|"M"|"857 Lynn Lake Suite 253"|"483-767-5607x17814"|"Artist"|"Page, Young and Roman"|"1946-11-27"
"7098b681-429a-430d-8521-9abdbcf70a4b"|"Destiny"|"Hall"|"F"|"751 Christopher Tunnel"|"001-878-653-9775"|"Clinical research associate"|"Torres Group"|"1967-09-02"
"d5ae7b2f-6c76-46f5-89d0-588ab0e1026a"|"Scott"|"Morris"|"M"|"285 Porter Overpass"|"001-912-849-5295x6176"|"Museum/gallery curator"|"Clark and Sons"|"1937-07-10"
"bbe0e219-d41c-4ca7-b3e2-4dd8c4bd4d23"|"Keith"|"Taylor"|"M"|"360 Catherine Lock"|"263-361-4884"|"Systems developer"|"Nelson Ltd"|"1942-08-04"
"8d79cbbe-acfc-49b7-ab2d-4ba983dce555"|"Samantha"|"Rice"|"F"|"567 Diana Point"|"365-964-5691"|"Town planner"|"Schneider LLC"|"1933-07-22"
"ea5d7c0a-48f5-48fe-a806-727f30d61af9"|"Kristy"|"Burke"|"F"|"403 Wyatt Pike Suite 863"|"+1-891-976-8378x6600"|"Chemical engineer"|"Marshall Ltd"|"1963-04-11"
"6437aab8-5102-4cd1-bce9-b709f1c76caa"|"Jennifer"|"Hubbard"|"F"|"331 Jackson Harbors Suite 257"|"821-789-4082x753"|"Insurance risk surveyor"|"Marquez-Gonzalez"|"1912-06-07"
"59b9b6b2-0d13-43c5-9840-b6cdaddedfcc"|"Sylvia"|"Holmes"|"F"|"239 Alexandra Bridge Suite 474"|"+1-750-428-3292x671"|"Production designer, theatre/television/film"|"Simpson-Carter"|"1984-09-08"
"44fa2364-5a46-4665-883f-82a1de37bef6"|"Melissa"|"Berry"|"F"|"683 Thornton Land Suite 697"|"580.946.4502x0347"|"Historic buildings inspector/conservation officer"|"Hamilton, Hoffman and Hart"|"1975-10-31"
"bfa3ba88-3634-4ede-8d9a-d2f6e47b17fb"|"Thomas"|"Garcia"|"M"|"577 Thomas Coves Suite 736"|"805.428.0601"|"Programmer, multimedia"|"Morris Group"|"1962-09-10"
"7542b84b-17d5-45ff-9f75-6cef778a40ef"|"Sean"|"Reyes"|"M"|"489 Shelton Run"|"562-667-1275x5241"|"Control and instrumentation engineer"|"Gutierrez, Walters and Allen"|"1926-12-26"
"847fe956-65c6-4323-9f40-583cfc5def71"|"Ethan"|"Lopez"|"M"|"973 Castillo Underpass Apt. 535"|"(675)778-0043x071"|"Police Officer"|"TTPD"|"2004-01-12"
"2d9e9031-b555-4ddf-a786-11dd1ecbf52d"|"Jason"|"Craig"|"M"|"598 Amanda Curve"|"+1-517-804-2532"|"Special educational needs teacher"|"Jones Inc"|"2019-06-11"
"0d968d55-9e5a-450e-8c18-fb33ba8658e6"|"Amy"|"Tyler"|"F"|"332 Alexandra Bridge Suite 474"|"(730)950-1108x05914"|"Engineer, broadcasting (operations)"|"Lee, Mendez and Jones"|"1991-09-03"
"bd6845a0-14cd-4488-9abc-139fe7066103"|"Robin"|"Powers"|"F"|"917 Brian Course"|"001-916-588-3100x46202"|"Information officer"|"Long Group"|"1958-11-17"
"158f6e72-ff5e-40de-8687-dce0e4fffea4"|"Benjamin"|"Perez"|"M"|"113 Anderson Parkways"|"702.947.3434"|"Ecologist"|"Munoz-Rice"|"2000-10-11"
"8bbebdce-0527-4e3f-a361-b8f3042da9da"|"Robert"|"Saunders"|"M"|"696 Nathan Views"|"001-662-694-6394"|"Fisheries officer"|"Espinoza, Hoffman and Cummings"|"1978-11-19"
"ace070c4-35e5-4018-90d4-6568b3b791c1"|"Patricia"|"Nichols"|"F"|"821 Jackson Harbors Suite 257"|"001-211-685-2164x983"|"Patent examiner"|"Owens-Rodriguez"|"1980-06-20"
"8d769290-b073-41a8-94ea-232d2e399143"|"Ricky"|"Cooke"|"M"|"518 Garcia Road Suite 143"|"988-724-6519x0882"|"Software engineer"|"Shaw Inc"|"1998-01-02"
"eeb080ca-8482-4bac-95fd-e21239103b10"|"William"|"Brown"|"M"|"23 Nathan Views"|"860-291-8230x912"|"Translator"|"Johnson-Diaz"|"1948-03-25"
"14f7eec8-07e2-4f7f-8207-699b3bf93d08"|"Joel"|"Smith"|"M"|"632 Jonathan Stravenue"|"(722)707-7544"|"Medical sales representative"|"Reynolds, Hester and Ramirez"|"1980-06-13"
"69115d99-4a7a-458f-a2c5-4410eec0a4f7"|"Haley"|"King"|"F"|"880 Stacey Via Suite 001"|"768.566.1537"|"Metallurgist"|"Jenkins Ltd"|"1988-01-31"
"d540c18e-faee-4ec3-b3e6-dfc80a02f9d6"|"Timothy"|"Reyes"|"M"|"887 Davenport Fords"|"907-995-4052x38124"|"Adult nurse"|"Oneal, Hebert and Finley"|"1986-10-11"
"82b1427a-4ec9-44c1-a323-bd4b5394b9ff"|"Gregory"|"Hanson"|"M"|"766 Catherine Lock"|"001-868-688-9196x06721"|"Retail banker"|"Jones-Hernandez"|"1939-01-17"
"77149367-d908-4bff-95a7-ae3ca36dc931"|"Jonathan"|"Stewart"|"M"|"163 Randall Burg"|"627.831.3433"|"Equities trader"|"Martinez, Wolf and Espinoza"|"1942-07-01"
"3546f10b-9b1d-4a74-a9ee-a1a8dc1535e6"|"Brandon"|"Bennett"|"M"|"598 Jennifer Track"|"(261)267-4445"|"Engineer, chemical"|"Rodriguez, Johnston and Robinson"|"1966-10-30"
"87efc2ec-9bf2-4152-9947-6ee96b8ea8c1"|"Jacqueline"|"Anderson"|"F"|"297 Douglas Springs"|"001-977-839-5233x537"|"Press sub"|"Johnson Group"|"1914-10-30"
"bdcc5422-0571-42df-a9dd-a02568a88702"|"Carla"|"Robinson"|"F"|"377 Patricia Row"|"(689)404-9017"|"Mining engineer"|"Caldwell-Wilson"|"1968-11-09"
"033030dd-02ab-4a74-a363-02fd94bb0c0d"|"Jason"|"Cunningham"|"M"|"923 Randall Burg"|"(500)302-0128x51019"|"Amenity horticulturist"|"Garrett-Lyons"|"1926-09-01"
"b1e05354-42f9-4c7b-abde-bea65fe4fdeb"|"Katherine"|"Walker"|"F"|"193 Dakota Extensions"|"912.791.8190x6834"|"Bonds trader"|"Vazquez LLC"|"1922-11-17"
"a9a81e17-502b-4ba7-8f7a-197c1dda82fb"|"Stephanie"|"Wilson"|"F"|"177 Weaver Haven"|"+1-843-952-8637x93143"|"Programmer, multimedia"|"Garrett-Hall"|"1979-10-30"
"d9cbb49e-3c8b-4e1f-ae82-48df3daf9e63"|"Wesley"|"Davis"|"M"|"51 Thomas Wall Suite 035"|"228.893.6920"|"Lecturer, further education"|"Jacobs, Arnold and Taylor"|"2018-04-19"
"17276532-2d73-4354-9af3-ec6c2d546b08"|"Patrick"|"Freeman"|"M"|"973 Wyatt Pike Suite 863"|"746-720-8099x7922"|"Production manager"|"Mitchell PLC"|"2010-10-29"
"0e5331ab-a859-4c41-ad62-064037c17d3f"|"Vincent"|"Hall"|"M"|"312 Michael Manor"|"001-321-914-0893x3258"|"IT technical support officer"|"Conner LLC"|"1999-04-11"
"083a20de-7beb-43a0-b244-4fbbc09c3cc5"|"Amanda"|"Roberts"|"F"|"371 Rivers Squares"|"+1-930-663-0476x8519"|"Health service manager"|"Knight LLC"|"1940-04-26"
"4f200d0c-c0df-41fc-b3d2-16e3018beeca"|"Philip"|"Burke"|"M"|"882 Colleen Mount"|"(434)832-9513"|"Software engineer"|"Schwartz-Simpson"|"1928-07-12"
"76cb7d35-2abe-4396-ac94-253cc745f348"|"Heidi"|"Reyes"|"F"|"428 Barron Hollow"|"001-875-303-3482"|"Herpetologist"|"Taylor-Larson"|"2005-04-13"
"3be79cf7-c759-4963-813f-c74fd2c02791"|"Miller"|"Ryan"|"F"|"715 Phillip Spring"|"+1-751-569-3594"|"Dispensing optician"|"Moore LLC"|"2002-02-19"
"6026f7e8-2aa9-4cf1-9ed6-ad4087638ceb"|"Frank"|"Terry"|"M"|"37 David Passage Suite 979"|"696.436.4637x651"|"Scientist, research (life sciences)"|"Ayala, Hodge and Kelly"|"2018-05-01"
"54397e76-9717-421d-a2a4-535e8f3d3fab"|"Carla"|"Wilson"|"F"|"612 Kari Alley Suite 131"|"360.900.1902x98092"|"Print production planner"|"Parker, Molina and Mcfarland"|"1938-08-26"
"1d704cbe-d695-4056-a251-4b99b5e50f95"|"Alicia"|"Romero"|"F"|"681 Ward Parkway Apt. 076"|"(549)496-2590x37582"|"Insurance underwriter"|"Silva-Poole"|"2010-10-16"
"d8b7d3f6-9ad6-41e1-a9d7-aebf52070380"|"Robert"|"Holmes"|"M"|"15 Marquez Lane"|"9475156276"|"Air traffic controller"|"Mendoza, Norris and Gonzalez"|"1982-10-09"
"4d0797ee-4d39-4372-b702-b2bb1accdd62"|"Caitlin"|"Hurley"|"F"|"956 Ashley Landing"|"(554)271-0609"|"Firefighter"|"Reese-James"|"1908-12-21"
"9f0e52e8-2a1b-4a4e-a819-73e472091f29"|"Ethan"|"Matthews"|"M"|"840 Ortiz Brooks"|"(206)712-0534x6271"|"Editor, magazine features"|"Allen, Smith and Lowery"|"1986-12-23"
"79e0d390-ac8f-49f2-a589-3f4beadb1926"|"Jamie"|"Green"|"F"|"588 Stacey Via Suite 001"|"491-352-9618x190"|"Radio broadcast assistant"|"Mendez-Arroyo"|"1916-11-10"
"4f877538-9476-49a3-a570-7b34da8725cd"|"Derek"|"Harris"|"M"|"875 Murphy Creek Suite 712"|"(700)742-3108x2712"|"Passenger transport manager"|"Whitaker Inc"|"1945-09-16"
"aaca6e9b-e1eb-4e5c-9e77-695c05fd20c1"|"Sarah"|"Hall"|"F"|"184 Mills Springs"|"3086777379"|"Editor, film/video"|"Harmon, Eaton and Gibson"|"1977-04-28"