"id"|"first_name"|"last_name"|"sex"|"address"|"phone_number"|"profession"|"company"|"date_of_birth"
"9b6f36ce-4110-42d9-868e-aea8fd2a3837"|"Peter"|"Williams"|"M"|"559 Jennifer Track"|"001-756-233-3365x890"|"Diplomatic Services operational officer"|"Sanders Inc"|"2001-08-07"
"f4ca7b0f-9862-455b-84c3-1749436d7eb2"|"Troy"|"White"|"M"|"580 Porter Overpass"|"(456)720-2764"|"Secondary school teacher"|"Hall Inc"|"1934-08-27"
"dade86c2-4883-43a6-85be-2d52935409b9"|"Bethany"|"Parker"|"F"|"150 Danielle Estates"|"737.723.2358x1709"|"Biomedical engineer"|"Davila, Craig and Ball"|"1976-02-09"
"51177bec-e50d-44c9-a0a1-c8172e07ae8c"|"Haley"|"Bryant"|"F"|"353 Douglas Springs"|"+1-748-799-0814x80360"|"Scientist, clinical (histocompatibility and immunogenetics)"|"Watson, Choi and Vasquez"|"1985-01-07"
"1e864195-d718-4a4d-992e-5d445e218201"|"Vanessa"|"Garcia"|"F"|"225 Patricia Trafficway Apt. 188"|"001-614-531-7252"|"Advertising account executive"|"Crane-Watson"|"2005-09-24"
"1eec251c-9677-4f80-a5a8-867ec824724f"|"Christopher"|"Nguyen"|"M"|"685 Rosario Loop"|"+1-992-729-5013x196"|"Farm manager"|"Mills LLC"|"1954-03-06"
"db1bb822-2432-4800-8ffe-8997a60ca599"|"Jose"|"Bryant"|"M"|"174 Jordan Vista Apt. 756"|"001-930-475-4275x0041"|"Social researcher"|"Barrera-Robinson"|"1920-01-12"
"35f471f7-859c-4e88-b9a7-7e330400afed"|"Evan"|"Shields"|"M"|"648 Castillo Underpass Apt. 535"|"670-804-7643x57491"|"Photographer"|"Watkins Group"|"1982-09-02"
"d5c35c74-25a7-4fed-b883-955fea0c0f31"|"Dylan"|"Suarez"|"M"|"929 Chandler Tunnel Suite 681"|"+1-677-649-3704x1510"|"English as a foreign language teacher"|"Jackson-Johnson"|"1989-01-28"
"96093124-c139-471c-83a2-5aab6ca4964c"|"Laura"|"Ryan"|"F"|"80 Nelson Estate"|"6874415819"|"Paramedic"|"Martin, Lewis and Tran"|"2016-03-13"
"80ac2748-6cb1-4aab-a946-e3605d2d26fe"|"Tracy"|"Hall"|"F"|"344 Johnson Throughway"|"384-480-0037x4952"|"Naval architect"|"Frost Ltd"|"1971-09-21"
"a0bc8011-3a6c-4c1b-a6b1-cc924c92f7b3"|"Jake"|"Robbins"|"M"|"594 Ross Camp Apt. 134"|"372.580.7341"|"Health visitor"|"Allen-Knight"|"1945-03-03"
"ae9dc001-7e5f-4484-b3ce-eb1c37a1ec2d"|"Vanessa"|"Rivera"|"F"|"428 Padilla Estate Suite 556"|"417.630.0726"|"Special educational needs teacher"|"Powell Ltd"|"1930-11-21"
"22b46b26-8a77-470a-9a8a-b993c271fe5e"|"Tammy"|"Gates"|"F"|"915 Jeffrey Run"|"+1-447-541-1044x6605"|"Waste management officer"|"Moore-Johnson"|"1961-03-11"
"f2c99ae5-cddc-4213-9727-e4b86b84a8aa"|"Jennifer"|"Hughes"|"F"|"534 William Avenue"|"+1-745-280-7689x7200"|"Sub"|"Ramos, Huber and Lynn"|"1981-02-28"
"839293e9-5f9a-457c-9b64-fecc6c0c7c6c"|"Julia"|"Martin"|"F"|"560 Johnson Throughway"|"463-615-4238x797"|"Systems developer"|"Barnett PLC"|"1994-06-07"
"8e778b55-63a2-48aa-813c-7655f9a32357"|"Richard"|"Osborne"|"M"|"0 Johnson Plains Suite 376"|"881.713.5970x58254"|"Insurance claims handler"|"Brown, Sampson and Harris"|"1916-07-09"
"9901f765-e9c0-4b98-922f-4d4ea7173e1a"|"Ethan"|"Green"|"M"|"135 Colleen Mount"|"230.530.9293x709"|"Secretary, company"|"Robinson Inc"|"1991-11-12"
"9dade7f1-9b48-41f3-8c70-7f8b5f071a5e"|"Katherine"|"Patton"|"F"|"993 Wilson Locks Apt. 694"|"+1-825-565-7101x31279"|"Adult nurse"|"Macias and Sons"|"2010-02-13"
"a8225d6b-bb2b-433f-8230-014a73bc5736"|"Melanie"|"Reyes"|"F"|"637 Ortiz Brooks"|"+1-768-722-1472x73396"|"Event organiser"|"Smith-Jenkins"|"1909-04-18"
"e0a327a0-f3cd-42f3-adf2-0905e5916e04"|"Andrea"|"Saunders"|"F"|"402 Michael Manor"|"+1-274-887-2474"|"Chief Marketing Officer"|"Rodriguez, Adams and Wood"|"2016-12-29"
"e9074d8e-42d8-4150-bdf0-76ded8984a2c"|"Erik"|"Sanders"|"M"|"202 Nicole Via"|"+1-971-881-6335x20031"|"Product/process development scientist"|"Robinson-Mendez"|"1932-12-28"
"dc641363-60b4-402b-8852-5f18c4d70a1b"|"Rita"|"Anderson"|"F"|"604 Andrew Street Apt. 107"|"601-405-5256"|"Producer, radio"|"Manning-Villa"|"2019-09-19"
"4eb6d3a7-25f8-4085-992d-53a9381f7887"|"Karen"|"Jones"|"F"|"515 Cox Turnpike Apt. 083"|"+1-447-912-1268x556"|"Land"|"Medina Inc"|"1947-07-14"
"eabba5bc-b2c9-48f8-8050-f6eb193ac8e0"|"Justin"|"Boone"|"M"|"498 Thomas Ford"|"510.612.0801"|"Commissioning editor"|"Reynolds-Bell"|"1908-05-22"
"482aa658-c8b7-43df-a6eb-21520521b3ab"|"Elizabeth"|"Zuniga"|"F"|"539 Shepard Bridge"|"263-468-0851x656"|"English as a second language teacher"|"Santos-Thompson"|"1937-10-29"
"c1012f0a-ce8e-4f9c-ab85-70f9b9c3a9da"|"Sean"|"Freeman"|"M"|"713 Thomas Coves Suite 736"|"558.242.1022x962"|"Health promotion specialist"|"Murillo, Garner and Hernandez"|"1922-03-31"
"8f7bc1e1-0d49-4833-85c7-c2ca5928bd6c"|"Gary"|"Jackson"|"M"|"546 Bailey Trail"|"001-484-392-1145x6289"|"Location manager"|"Sullivan PLC"|"1988-11-04"
"6ed849fb-1a85-4d65-9aff-f5d2f6f16397"|"Melissa"|"Gillespie"|"F"|"231 Thornton Land Suite 697"|"755-879-8835x71272"|"Legal executive"|"Middleton, Jackson and James"|"1927-05-22"
"febad149-3121-422b-b486-a41423b7901d"|"Morgan"|"Barnes"|"F"|"57 Marquez Lane"|"214.701.6562"|"Academic librarian"|"Mclaughlin PLC"|"1917-12-21"
"c01ee08d-ae1e-435a-936b-3e3a9f0745c4"|"William"|"Gonzalez"|"M"|"514 William Avenue"|"291.508.6148x182"|"Designer, interior/spatial"|"Morris Inc"|"1953-12-31"
"a7efa6eb-7a1f-4d62-80fd-c6e15d8d64e0"|"Evan"|"Jones"|"M"|"560 May Rest Suite 582"|"678.220.0027x86767"|"Radiographer, therapeutic"|"Ellis, Moore and Sherman"|"1928-08-16"
"632a8216-4b26-4402-85a7-fdc473a383e7"|"Holly"|"Herrera"|"F"|"782 Martinez Grove Apt. 125"|"231.851.1314x9863"|"Warehouse manager"|"Wood, Wells and Brewer"|"1929-10-04"
"181faf31-070c-47eb-b67f-3344b7576a18"|"Cheryl"|"Holmes"|"F"|"197 Wyatt Pike Suite 863"|"385.989.5306x30983"|"Programme researcher, broadcasting/film/video"|"Whitaker-Macias"|"1913-11-06"
"183751bf-b085-422c-876e-43ce5a5dca56"|"Lori"|"Tyler"|"F"|"128 Jackson Harbors Suite 257"|"714-630-3929x47145"|"Analytical chemist"|"Hoffman-Miller"|"1912-01-03"
"18178fc7-f9e3-4268-8d7d-e9574c8381e9"|"Peter"|"Floyd"|"M"|"739 Newton Wall"|"5718086917"|"Arts administrator"|"Nichols, Kerr and Boyd"|"2021-11-29"
"ff9bbea8-628b-4cf0-b4cf-d70bb789a0d6"|"Ashley"|"Anderson"|"F"|"655 Douglas Springs"|"770.200.2900x74420"|"Embryologist, clinical"|"Scott LLC"|"1988-01-18"
"4e927029-c540-4aaa-abc4-9bfce061a7f5"|"Eric"|"Freeman"|"M"|"45 Weeks Meadow Suite 683"|"001-375-872-9362x380"|"Chiropractor"|"Harrell Inc"|"1922-08-15"
"6b987f80-ac9a-4036-a53a-f54df60829ee"|"Mary"|"Lee"|"F"|"70 Amber Wells"|"925-905-9070x88574"|"Furniture designer"|"Smith, Montgomery and Patton"|"2006-06-25"
"973f5011-cd38-4d7f-857b-d4cbb627db3c"|"Khan"|"Gill"|"F"|"475 Julia Station"|"(914)533-6206"|"Chief Marketing Officer"|"Velasquez, Olson and Martinez"|"1991-02-26"
"8746ca1c-094e-4a69-b6ae-ce6dcbc24412"|"Edward"|"Jackson"|"M"|"184 Nicole Via"|"785.253.0384"|"Theme park manager"|"Stokes, Wilson and Smith"|"1952-05-18"
"5947afe0-181b-455a-bca6-5b5e5394eff4"|"David"|"Barnes"|"M"|"971 Bruce View Suite 976"|"(999)711-6717x4423"|"Mudlogger"|"Smith-Mullins"|"2019-11-25"
"7b7a9a01-ad67-47c1-a7a2-de1f73545335"|"Steven"|"Willis"|"M"|"935 Johnson Throughway"|"284.898.8655"|"Medical secretary"|"Russell, Ellis and Ellison"|"1927-02-04"
"c20064fb-b08b-4d19-891c-7376e8022940"|"Susan"|"Browning"|"F"|"393 David Course Apt. 455"|"988-375-9178x401"|"Surveyor, minerals"|"Gray LLC"|"2010-09-13"
"b937d435-34ff-4936-a232-1d3f2e4707b6"|"Sydney"|"Davis"|"F"|"294 Arnold Cliffs"|"+1-779-593-5490x099"|"Insurance broker"|"Mann, Sanchez and Gibbs"|"1920-10-23"
"ab0f9b3f-ff68-4d6c-a057-1cdd020e077d"|"Joshua"|"Howard"|"M"|"476 Patricia Row"|"862.470.3007x78864"|"Solicitor"|"Fox Group"|"1983-03-06"
"f1a50cac-1013-416b-802b-549e7d44bc0c"|"Dustin"|"Aguirre"|"M"|"279 Pham Ports"|"+1-519-439-2849x6251"|"Logistics and distribution manager"|"Phillips Group"|"1936-05-07"
"00cfe14a-8cba-4813-a80e-bdbee97403bb"|"Sandra"|"Boone"|"F"|"421 Nelson Estate"|"(236)975-8401x62658"|"Systems developer"|"Baker LLC"|"2010-11-25"
"5d7713b9-5875-4f59-960c-c0bfbfc8eaa6"|"Rick"|"Mcdaniel"|"M"|"419 Christopher Tunnel"|"+1-578-630-1446x9613"|"Art gallery manager"|"Evans-Martin"|"2005-02-09"
"4b0c53c1-b8a8-45bf-a3a8-ae3a26be48cc"|"Jessica"|"Stewart"|"F"|"998 John Fall Apt. 476"|"(825)251-1802"|"Prison officer"|"Joyce Group"|"2006-06-11"
"411594fe-fd1a-41c9-a935-851b0d20804f"|"Meghan"|"Zuniga"|"F"|"436 Jennifer Track"|"+1-326-742-7489"|"Catering manager"|"Klein PLC"|"1998-10-22"
"84693a3e-37d7-4819-a398-75f8e9375841"|"Patricia"|"Christian"|"F"|"535 Oneal Underpass"|"2547413684"|"Nature conservation officer"|"Thomas, Montes and Bonilla"|"1967-08-09"
"49da6378-7102-4fba-8e09-d8a8fca04df4"|"Michelle"|"Burke"|"F"|"731 Jeffery Village"|"602-531-9882"|"Health and safety adviser"|"Willis, Barber and Nelson"|"1949-03-03"
"b688b2db-5bde-4a71-a0b2-5420bccb38bf"|"Courtney"|"Gallagher"|"F"|"152 Luna Loop"|"402-538-3116"|"Tour manager"|"Gibson Ltd"|"2019-06-21"
"47756dc9-af2d-4e19-b76d-81c9bd490165"|"Jennifer"|"Perez"|"F"|"32 Nicole Via"|"618-905-0854x426"|"Contractor"|"Davis, Barnes and Ford"|"1981-05-20"
"d087d462-e5e1-41b0-901e-9a494f497fd5"|"Patrick"|"Ruiz"|"M"|"800 Nelson Estate"|"330-915-7604"|"Stage manager"|"Burke-Medina"|"1972-09-16"
"a7631972-3ed9-410a-804e-dff69cd55214"|"Stephen"|"Gardner"|"M"|"460 Anderson Port"|"001-279-606-7529x1614"|"English as a foreign language teacher"|"Peters, Jones and Bradley"|"1943-10-01"
"e863a0a5-246a-4674-914e-5e98145e473e"|"Brian"|"Mcdaniel"|"M"|"655 David Passage Suite 979"|"709-347-4364"|"Geneticist, molecular"|"Graham, Franco and Taylor"|"1954-09-10"
"3a4cdb61-edae-40a0-84d8-9708bec41093"|"Monique"|"Mendoza"|"F"|"742 Warner Circle"|"+1-835-650-0145x7906"|"Chief Operating Officer"|"Doyle-Campbell"|"1998-05-21"
"d15dafb4-6370-4830-818e-a25907d9c09a"|"Joshua"|"Taylor"|"M"|"743 Higgins Port Apt. 001"|"+1-265-879-4062"|"Secretary/administrator"|"Mccoy Ltd"|"1953-08-09"
"f9025b00-9d5b-4d7d-8b34-a6a572ea6dbe"|"Michael"|"Martin"|"M"|"528 Newton Wall"|"377.529.8351x82219"|"Wellsite geologist"|"Lewis, Davis and Miranda"|"1952-04-18"
"e4fbfb8a-bc54-4b96-a1ca-b369a17d6b33"|"Cabrera"|"Morris"|"M"|"568 Dakota Extensions"|"+1-604-753-9146x725"|"Counsellor"|"Walker PLC"|"1914-01-03"
"67c52d20-12dd-4160-98c6-4d6e65f143da"|"Taylor"|"Velez"|"F"|"815 Scott Valleys Suite 598"|"001-407-327-4682x3559"|"Electrical engineer"|"Washington LLC"|"1965-02-02"
"c541db56-33f3-43ef-8453-1a22c5e5bb61"|"Zachary"|"Fuller"|"M"|"354 Tim Avenue Apt. 437"|"+1-248-971-5093x100"|"Health and safety adviser"|"White, Jones and Charles"|"2017-05-21"
"d2eb1496-bd53-484d-a7d9-fd307768f93e"|"Robert"|"Green"|"M"|"349 Rivers Squares"|"+1-314-657-8370x9210"|"Public affairs consultant"|"Nguyen, Williams and Lewis"|"1994-09-26"
"11713d63-f01e-4ea4-a34f-d9089f11cc9b"|"Susan"|"Fleming"|"F"|"386 Jonathan Place"|"944.468.8951x90826"|"Copy"|"Bonilla LLC"|"1923-11-06"
"604a43dd-330e-4316-8da0-888f37329f04"|"Jerry"|"Jones"|"M"|"458 Jonathan Stravenue"|"+1-871-929-0315x1557"|"Licensed conveyancer"|"Matthews, Zimmerman and Barnes"|"1991-07-12"
"e6415d39-4124-4220-947d-df59af47b5d5"|"Dylan"|"Pittman"|"M"|"464 Jones Cliffs Suite 657"|"(955)505-9113x83704"|"Accountant, chartered certified"|"Dickerson and Sons"|"2007-12-16"
"8b258626-ae0e-44a1-8c7c-4810a3b3f821"|"Jeff"|"Allen"|"M"|"859 Elizabeth Creek Apt. 423"|"001-289-512-1883x003"|"Nurse, adult"|"Watson LLC"|"1964-05-15"
"850ae7f9-98e2-42df-afcd-e40547041e46"|"Shannon"|"Pham"|"F"|"779 Dakota Extensions"|"831-626-0284"|"Interpreter"|"Castaneda-Thomas"|"1945-12-28"
"700d1c64-070b-4ee2-8f42-7799f75a25df"|"Fitzgerald"|"Crane"|"F"|"798 Kari Alley Suite 131"|"(839)231-3909"|"Private music teacher"|"Anderson, Walton and Edwards"|"1960-03-23"
"d81bfe6a-b8db-49e9-ace9-c97a8359c6db"|"Ryan"|"Reyes"|"M"|"259 Ross Camp Apt. 134"|"618.799.1985x99632"|"Accommodation manager"|"Porter LLC"|"2003-07-12"
"86a063fd-1d29-403b-a2b8-9cca6098df5d"|"Sandra"|"Harper"|"F"|"64 Jones Courts Apt. 083"|"(492)765-3857x25974"|"Chief Technology Officer"|"Hart-Mcdaniel"|"1926-03-09"
"1f58e6b0-f9cc-4022-aff7-cd2a4c7a28b9"|"Jackie"|"Burton"|"F"|"740 Rivers Squares"|"862-249-6355x3037"|"Engineer, energy"|"Wright-Gallegos"|"1976-05-14"
"675982d2-4c3d-4c3d-af99-4c6c08cb17b8"|"Logan"|"Smith"|"M"|"322 Marquez Lane"|"6267060281"|"Art gallery manager"|"Murray-Choi"|"1947-12-01"
"9344838c-a0a1-4d9e-b72d-4163450fe115"|"Matthew"|"Hall"|"M"|"519 Padilla Estate Suite 556"|"001-320-783-5583x810"|"Research scientist (physical sciences)"|"Collier-Hamilton"|"1948-12-17"
"d1249b1f-d6ca-42b2-9e22-abcbdc3b4c93"|"Andrew"|"Jones"|"M"|"888 Montoya Walk Apt. 578"|"697.946.8741x472"|"Counsellor"|"Johnson, Hopkins and Chambers"|"1913-10-08"
"eedbb228-03bf-4169-9344-6fa968daa60f"|"Michael"|"Cordova"|"M"|"278 Phillip Spring"|"793-437-1058x8869"|"Designer, jewellery"|"Sanders-Miller"|"2017-05-27"
"72c9451f-5e87-4f42-8af8-d223749a2205"|"Jason"|"Gillespie"|"M"|"192 Parks Trace Suite 497"|"5952975696"|"Exhibitions officer, museum/gallery"|"Cardenas-Chambers"|"2022-09-05"
"da728859-3961-4b35-ab28-5479a2b62cad"|"Daniel"|"Long"|"M"|"939 Bailey Trail"|"001-270-876-4853x058"|"Call centre manager"|"Martinez, Stephenson and Robinson"|"2007-05-10"
"90196538-cd1a-4dec-84b3-f7bee7437738"|"Robert"|"Barnett"|"M"|"614 Hart Estates Suite 718"|"001-865-668-2900x10514"|"Therapist, drama"|"Garcia-Thomas"|"2014-01-23"
"aeb3894c-a553-40bd-b946-3e62ed2c9c2c"|"Murray"|"Pena"|"M"|"464 David Course Apt. 455"|"+1-873-202-9391x844"|"Race relations officer"|"Oconnor Inc"|"1962-03-06"
"0e9ed087-7461-4d16-8aaa-959da0f7b09b"|"Gabriella"|"Fisher"|"F"|"858 Patricia Row"|"290.980.6709x72254"|"Art gallery manager"|"Hurst-Young"|"1956-04-05"
"0c043f1a-0f3f-4293-a2d9-34f7d95ea9e6"|"Yesenia"|"Garcia"|"F"|"393 Nelson Estate"|"(807)285-0070x36612"|"Artist"|"Taylor-Daniels"|"1909-02-24"
"fd25c10b-0a98-4369-a86c-62bfadfcbae7"|"Sandra"|"Shields"|"F"|"465 Warner Circle"|"864.288.8309x37791"|"Herbalist"|"Elliott, Allen and Lynch"|"1933-09-01"
"aff5da6e-b8ad-4e2b-84d2-c066faa920dd"|"Casey"|"Jackson"|"M"|"988 Padilla Estate Suite 556"|"821.475.3574"|"Learning disability nurse"|"Young PLC"|"1979-12-12"
"094efc8e-b620-4f6a-ab7a-c63e78e992f0"|"Allen"|"Snyder"|"M"|"213 Elizabeth Creek Apt. 423"|"+1-417-742-3969x06229"|"Solicitor"|"Chen, Robinson and Stephenson"|"1947-05-05"
"00a1df8f-8737-4ff3-bbd8-e8cc5936e144"|"Adam"|"Mills"|"M"|"603 Aimee Circles"|"429.559.9579x431"|"Estate agent"|"Bond, Glass and Torres"|"1968-04-14"
"e0dbcb02-6d46-4bce-b645-2f642db06f17"|"Jessica"|"Henderson"|"F"|"304 Robin Junctions Apt. 618"|"+1-779-488-3651x0312"|"Architectural technologist"|"Sims Ltd"|"1953-04-17"
"1889e559-dced-46b9-8327-8ca2302f344b"|"Erin"|"Gomez"|"F"|"66 Montoya Walk Apt. 578"|"(533)840-1952x602"|"Social research officer, government"|"Kennedy, Lewis and Martinez"|"1952-06-10"
"9fb737e2-649d-4a8e-89e3-bd3720801f08"|"Kimberly"|"Howell"|"F"|"109 Luna Loop"|"001-926-731-0669x39063"|"Advertising account executive"|"Fields-Smith"|"1951-06-05"
"49054967-c926-48de-b1f9-b1c328ccfe55"|"Richard"|"Downs"|"M"|"75 Patricia Row"|"895.794.7664"|"Engineer, agricultural"|"George-Stone"|"1917-01-14"
"d3e5daeb-545e-42f4-afac-ce09d9032d29"|"Zachary"|"Jones"|"M"|"541 Cox Turnpike Apt. 083"|"263-945-9210x31417"|"Surveyor, building"|"Friedman LLC"|"1942-02-05"
"0957299f-7fd5-4e5f-badb-bb3ee3537a6e"|"John"|"Hale"|"M"|"356 Patricia Trafficway Apt. 188"|"+1-330-377-6849x8495"|"Programmer, systems"|"Juarez-Cooper"|"1912-07-23"
"c58a6f47-6214-4ec4-8bda-2018bfb778ba"|"Clarence"|"Hayden"|"M"|"447 Jonathan Place"|"963.914.8549x349"|"Therapist, drama"|"Chavez PLC"|"2008-10-17"
"f734c0c9-73d2-4ed3-91b4-98b24dda4e86"|"Jason"|"Terry"|"M"|"362 Thornton Land Suite 697"|"461-700-6965x98008"|"Chief Strategy Officer"|"Jackson LLC"|"1977-07-28"
"339aeb01-b7dc-4059-a3ef-3b037101d925"|"Alex"|"Christian"|"M"|"595 Ward Parkway Apt. 076"|"001-613-689-7137x06248"|"Engineer, technical sales"|"Jones and Sons"|"2011-01-05"
"3caf8966-4d0a-45b8-b875-55b99f664198"|"Jacqueline"|"Fisher"|"F"|"389 Gray Walks Apt. 075"|"629-971-2831"|"Physiotherapist"|"Ware, Ayers and Martinez"|"1913-06-28"
"0e65b678-ff48-40b2-a0ca-5297828f8093"|"Daniel"|"Torres"|"M"|"709 Daniel Plaza"|"836.214.4589"|"Armed forces logistics/support/administrative officer"|"Owen and Sons"|"2007-05-16"
"74b7ac93-ba6b-4f20-824a-5b1c932c892f"|"Kayla"|"Pittman"|"F"|"322 Dakota Extensions"|"(270)346-7919"|"Seismic interpreter"|"Humphrey and Sons"|"1991-04-23"
"0ee041f9-094c-41c5-bc3d-8bdce9a8fbf7"|"Kimberly"|"Barber"|"F"|"209 Castillo Underpass Apt. 535"|"(453)710-2918"|"Astronomer"|"Nolan-Parker"|"1963-01-25"
"a0087b96-a2de-422f-acda-b20a45fc88e9"|"Timothy"|"Harding"|"M"|"687 Alexandra Bridge Suite 474"|"(899)830-2387x88831"|"Advice worker"|"Stout-Strong"|"2013-04-21"
"8307d208-c539-4b32-aa9e-b555ce382186"|"Wesley"|"Zuniga"|"M"|"940 Colleen Mount"|"248-882-2775x519"|"Museum/gallery conservator"|"Clark-Cruz"|"1908-09-07"
"c6eb2d84-38ef-49c9-ab79-53a2b46f3238"|"Gregory"|"White"|"M"|"102 Michael Circles Suite 720"|"901.543.8188x122"|"Applications developer"|"Higgins Ltd"|"2007-05-26"
"f676b625-c004-4cef-9ea9-1ad915111144"|"Kyle"|"Brown"|"M"|"618 Robinson Highway"|"489-457-5849x3127"|"Mental health nurse"|"Ramirez, Anderson and Hill"|"1972-02-04"
"0d2a0591-d1f3-4582-a030-37ee080d9eec"|"Jason"|"Hanson"|"M"|"393 Jackson Harbors Suite 257"|"001-466-456-0330x26608"|"Furniture conservator/restorer"|"Atkinson-Burton"|"1933-01-02"
"8294f26c-70d8-459b-89df-6124a165e6ca"|"Lindsey"|"Green"|"F"|"726 Oneal Underpass"|"001-874-819-5395x36819"|"Lobbyist"|"Parker, Tanner and Robinson"|"1989-01-26"
"5f720396-6b4f-4523-8014-9da5489b0e04"|"James"|"Crane"|"M"|"806 Gabriel Hill Apt. 094"|"(922)786-3997x7334"|"Insurance claims handler"|"Jones Ltd"|"2019-08-03"
"1a2cda97-bca6-45ae-9a4c-b5b7b97eb3bb"|"Sergio"|"Mendoza"|"M"|"139 John Fall Apt. 476"|"631.254.8984x3709"|"Private music teacher"|"Johnson, Harris and Munoz"|"1936-04-10"
"09bcbc5e-4ea4-4ef9-a052-6f14caacf018"|"Michael"|"Baker"|"M"|"884 Lynn Lake Suite 253"|"722.991.8582"|"Chartered certified accountant"|"Todd Group"|"1999-07-17"
"0c9025db-32ab-4d42-80ed-4c8f0b464dcf"|"Vanessa"|"Harper"|"F"|"877 Padilla Estate Suite 556"|"001-362-717-9650"|"Gaffer"|"Stephens-Matthews"|"1997-11-20"
"062c4e80-9248-40d2-87ba-b02fe4c76794"|"Brandon"|"Romero"|"M"|"698 Christopher Ways"|"409.572.9766x4576"|"Physicist, medical"|"Woodard, Cox and Ramirez"|"2020-06-14"
"37188fc4-58ec-4a06-8d24-8234618db2fa"|"Amber"|"Willis"|"F"|"902 Higgins Port Apt. 001"|"711.473.7756"|"Embryologist, clinical"|"Powell Group"|"1994-12-16"
"c4adca7e-4ed3-4ae6-8264-0703af0c1708"|"Richard"|"Tyler"|"M"|"274 Simpson Mill Apt. 030"|"(383)951-7294"|"Social research officer, government"|"Johnson, Sloan and Hughes"|"1945-09-26"
"52ef67bd-8a63-4e6c-b862-d75fa90303de"|"Linda"|"Joseph"|"F"|"829 Tim Avenue Apt. 437"|"503-599-8604x423"|"Translator"|"Hernandez-Bush"|"2007-10-15"
"84677423-bc1e-4765-af19-6cc371b1a407"|"Pamela"|"Lee"|"F"|"831 Johnson Lake"|"320.249.2376x596"|"Production assistant, radio"|"Smith-Rodriguez"|"1974-04-18"
"6e5c1187-a1c9-43bf-b7e6-7e933c79e19f"|"Dominic"|"Floyd"|"M"|"718 Christopher Ways"|"001-737-492-3575x8148"|"Community education officer"|"Tucker LLC"|"1967-07-17"
"dcde3a61-c454-4ff2-98d3-98fa337ab5c1"|"Lopez"|"Mitchell"|"M"|"243 Rachel Pine"|"+1-966-931-6619x5788"|"Osteopath"|"Sanchez LLC"|"1962-01-08"
"4d284e55-0397-4a4e-941f-2f2582e44e1b"|"Reginald"|"Strickland"|"M"|"25 Ortiz Brooks"|"001-652-381-7029x31432"|"Mechanical engineer"|"Webster, Pierce and Oliver"|"2003-04-29"
"8343fde7-da25-4053-91d6-71d6db998308"|"Samuel"|"Garcia"|"M"|"613 Robinson Highway"|"976.787.9473x8995"|"Exhibition designer"|"Miller and Sons"|"1913-12-01"
"ce0b30c7-3de7-451e-8d56-0529697bf1d2"|"Megan"|"Jones"|"F"|"535 Lewis Trace"|"2259671118"|"Development worker, community"|"Carr, Webster and Torres"|"1922-04-20"
"d6ccb637-643a-4432-840e-0a3b7cf13c5d"|"Kelly"|"Smith"|"F"|"405 Jeffery Isle"|"+1-216-630-0136x83902"|"Garment/textile technologist"|"Smith, Houston and Sampson"|"2023-11-27"
"b5708efa-f889-4ef8-be87-7f857808b01f"|"Sheryl"|"Gardner"|"F"|"806 Padilla Estate Suite 556"|"+1-681-884-5257x05288"|"Seismic interpreter"|"Simmons-Smith"|"1992-08-19"
"40324084-43c8-4c66-8273-f51ec6e69396"|"Justin"|"Allen"|"M"|"54 Arnold Cliffs"|"+1-759-636-9012x62076"|"Technical author"|"Nelson-Norris"|"2013-08-07"
"e7a553c1-ffba-4935-bd53-0a72c10660ae"|"Brittany"|"Barajas"|"F"|"260 Yvette Loop"|"001-368-625-7219"|"Publishing copy"|"Huang Group"|"1993-11-02"
"3d3d1930-28d0-4e51-a137-c61dc006cfa6"|"John"|"Jackson"|"M"|"846 Ortiz Brooks"|"987.793.3329"|"Prison officer"|"Kelly, Martin and Lane"|"2022-09-22"
"062ad43e-3a74-4526-aa59-c72fe4a58482"|"Adrienne"|"Matthews"|"F"|"761 Ward Parkway Apt. 076"|"688-318-4333"|"Medical physicist"|"Wilson Ltd"|"1919-02-12"
"b1fc37a7-4ab8-49b2-97a1-6f86342f84cc"|"Kristen"|"Walker"|"F"|"346 Lynn Lake Suite 253"|"7802523070"|"Television camera operator"|"Freeman, Brown and Lawrence"|"1989-03-17"
"90d30633-250f-4c1e-9d50-1a65139e7f0f"|"Tonya"|"Cordova"|"F"|"107 Phillip Spring"|"001-277-469-7989"|"Petroleum engineer"|"Mcbride, Bennett and Wagner"|"1911-07-27"
"7ca3f120-af9e-485d-a4b0-c05bc111a255"|"Charles"|"Johnston"|"M"|"690 Hart Estates Suite 718"|"001-430-715-4402x75465"|"Community development worker"|"Roth and Sons"|"1993-04-09"
"3e5e24a9-9152-4db7-80ac-8ea68b86428f"|"Anna"|"Johnson"|"F"|"203 Lynn Lake Suite 253"|"+1-607-337-6544x754"|"Podiatrist"|"English-Hernandez"|"1972-02-23"
"b8951c91-5a20-4f98-a7c7-c543e8963804"|"Dana"|"Joseph"|"F"|"956 Christopher Ways"|"(396)566-4181"|"Manufacturing engineer"|"Wilson PLC"|"1932-05-19"
"cbbd652d-19c3-4b6f-b36d-797252b64f37"|"John"|"Harris"|"M"|"64 Patricia Row"|"001-962-731-4199x462"|"Oncologist"|"Silva-Brown"|"1958-10-24"
"7885ef25-3201-45d9-a53e-36d20f039cea"|"Joel"|"Burke"|"M"|"176 Hernandez Parkways Suite 200"|"436-594-4438x9737"|"Geologist, wellsite"|"Pearson-Castro"|"1984-11-07"
"6a4e7b5b-101b-4077-b972-b52a9c0eed60"|"William"|"Blair"|"M"|"554 Smith Avenue Apt. 759"|"001-831-518-2716x943"|"Exercise physiologist"|"Martin-Jensen"|"1937-08-18"
"865ebce7-64f4-4daa-8f07-3e1d527ec49d"|"Mark"|"Hall"|"M"|"649 Oneal Underpass"|"894.477.0202x307"|"Forensic scientist"|"Jackson, Orozco and Burch"|"1985-04-20"
"11ef1107-4428-4148-8b62-b5a2b87642a2"|"Andrew"|"Ramirez"|"M"|"964 Montoya Walk Apt. 578"|"+1-564-787-0280x67518"|"Research officer, government"|"Hall, Gonzalez and Richardson"|"1956-01-13"