<?xml version="1.0" encoding="UTF-8" ?><automobiles><automobile><person_id>51766ffd-17a9-4f82-b0b3-1bbc8871d1b9</person_id><license_plate>496 OBX</license_plate><vin>2G4XT3X3815TDKES4</vin><color>Brown</color><year>1980</year></automobile><automobile><person_id>b84a3823-4cbd-4d34-a81a-519a4bb75ab9</person_id><license_plate>NEK 349</license_plate><vin>YEMDNR846ML7PD89X</vin><color>Turquoise</color><year>1985</year></automobile><automobile><person_id>aca3f621-8fcc-4c6a-a2de-eb0d05ee665f</person_id><license_plate>72X 134</license_plate><vin>LXCJXNY726366Y4NW</vin><color>PowderBlue</color><year>2010</year></automobile><automobile><person_id>aca3f621-8fcc-4c6a-a2de-eb0d05ee665f</person_id><license_plate>4T 25330</license_plate><vin>W5GMPWVJ3AB09MJHT</vin><color>MidnightBlue</color><year>2002</year></automobile><automobile><person_id>aca3f621-8fcc-4c6a-a2de-eb0d05ee665f</person_id><license_plate>326 IDW</license_plate><vin>H7AWV23V2556MMFVW</vin><color>Bisque</color><year>2014</year></automobile><automobile><person_id>d0025432-f74e-4562-ac44-de62c402cca1</person_id><license_plate>3HH0472</license_plate><vin>PHSPDPWN3EGB65HHM</vin><color>DeepSkyBlue</color><year>1981</year></automobile><automobile><person_id>d0025432-f74e-4562-ac44-de62c402cca1</person_id><license_plate>8UOV056</license_plate><vin>C3LRJ9ASX24NSKHEX</vin><color>RoyalBlue</color><year>1997</year></automobile><automobile><person_id>0e4e014e-62c4-416b-bceb-31629c946869</person_id><license_plate>067-AKT</license_plate><vin>0V6U51BL4M0CBU5TJ</vin><color>Wheat</color><year>2005</year></automobile><automobile><person_id>0e4e014e-62c4-416b-bceb-31629c946869</person_id><license_plate>CYY 105</license_plate><vin>LHD00F7C46V5G42DW</vin><color>PowderBlue</color><year>2017</year></automobile><automobile><person_id>dbc50d4b-6495-43b2-a9e1-f88b101225e0</person_id><license_plate>AYR-526</license_plate><vin>5H16UDAV4HE2KLDFW</vin><color>Teal</color><year>2021</year></automobile><automobile><person_id>7b327dac-387c-4b4b-ab89-abe26eebb90e</person_id><license_plate>224 8UG</license_plate><vin>FCGHGUK11G0K8L2V9</vin><color>LightSeaGreen</color><year>2016</year></automobile><automobile><person_id>005b4d13-6c83-4179-aa8a-be74d2e32a89</person_id><license_plate>301 PVP</license_plate><vin>TK1JYCWS14HLMD1GU</vin><color>Aquamarine</color><year>1998</year></automobile><automobile><person_id>8d091cc4-f5dc-421d-883b-6fc25b350632</person_id><license_plate>JAK-9625</license_plate><vin>H08GUK206V16BLXZU</vin><color>FireBrick</color><year>2017</year></automobile><automobile><person_id>eeaf6371-5342-41ba-a799-debd7978cbc0</person_id><license_plate>33G I63</license_plate><vin>72FC8WEZ0VMVTKKY4</vin><color>MediumSeaGreen</color><year>1975</year></automobile><automobile><person_id>90f0648d-47f5-4a77-9953-1b42a6a43c15</person_id><license_plate>ZXY 013</license_plate><vin>D5AK07SK56XL29MC8</vin><color>LightGreen</color><year>2006</year></automobile><automobile><person_id>ec7dca5b-3148-4c63-be90-f5e198440169</person_id><license_plate>9KD 416</license_plate><vin>29YJR0WPXNRNK5KLH</vin><color>Gold</color><year>1993</year></automobile><automobile><person_id>0e51bff8-77f7-44b7-a7f5-fc1f11c5be21</person_id><license_plate>288 2518</license_plate><vin>3YMF0P4W7YZ943MLM</vin><color>LightSlateGray</color><year>2011</year></automobile><automobile><person_id>38a8cc86-fd1f-4f13-a930-63bab5cd1809</person_id><license_plate>606 XR1</license_plate><vin>DB7BTL9B7F85TBZG4</vin><color>DarkGreen</color><year>2024</year></automobile><automobile><person_id>4dd4ef64-daad-4d77-bff2-8f0cf741d083</person_id><license_plate>799 POF</license_plate><vin>DRAN5UXN3E5SUV9Z5</vin><color>LightSteelBlue</color><year>1973</year></automobile><automobile><person_id>4dd4ef64-daad-4d77-bff2-8f0cf741d083</person_id><license_plate>447 3321</license_plate><vin>Z5RTBKT92Y1LCRHZV</vin><color>Violet</color><year>2006</year></automobile><automobile><person_id>d4630be1-5f99-40ad-be75-618fddb9e665</person_id><license_plate>XSU 809</license_plate><vin>6RDFV9FS8WYK5GKKK</vin><color>LightGray</color><year>2015</year></automobile><automobile><person_id>d4630be1-5f99-40ad-be75-618fddb9e665</person_id><license_plate>WXW O48</license_plate><vin>J6BAA8L726GT4EY3T</vin><color>LightGreen</color><year>1997</year></automobile><automobile><person_id>d4611db8-3b9e-4013-a5bf-8354ef9f55eb</person_id><license_plate>HXD 934</license_plate><vin>60CS3HXF3JJ26RJ5H</vin><color>LightSlateGray</color><year>2001</year></automobile><automobile><person_id>368eb483-c619-4c08-9421-4168d1b78625</person_id><license_plate>C 452232</license_plate><vin>CGM6WJNJ7Z58CZ59M</vin><color>BurlyWood</color><year>1984</year></automobile><automobile><person_id>368eb483-c619-4c08-9421-4168d1b78625</person_id><license_plate>2R 7323H</license_plate><vin>H3LTRTJ77AE06MJAF</vin><color>LightPink</color><year>1970</year></automobile><automobile><person_id>c7c8a1a2-8c67-4a05-b4e5-c1f53a7f0af7</person_id><license_plate>503 KJI</license_plate><vin>2VE97VNL34HX1ZXJP</vin><color>GhostWhite</color><year>2003</year></automobile><automobile><person_id>c7c8a1a2-8c67-4a05-b4e5-c1f53a7f0af7</person_id><license_plate>803 FTK</license_plate><vin>90GRWTJV32L437ZW0</vin><color>Plum</color><year>2001</year></automobile><automobile><person_id>bcd34445-d630-4cfe-93fb-d3b5db4482b0</person_id><license_plate>2W 8H5CEB</license_plate><vin>JCHGVZTH5072CTGGS</vin><color>Chocolate</color><year>1988</year></automobile><automobile><person_id>b0bd5b4f-f4a4-4e55-b098-b60d4e8d54cf</person_id><license_plate>AUG9229</license_plate><vin>EHPNLHL96ZW2RRM2M</vin><color>NavajoWhite</color><year>1999</year></automobile><automobile><person_id>433b9f5a-4479-4616-91fc-d560d0cb54f6</person_id><license_plate>KYG2425</license_plate><vin>MXP8C6776Y1UBAHC7</vin><color>LightSkyBlue</color><year>2019</year></automobile><automobile><person_id>433b9f5a-4479-4616-91fc-d560d0cb54f6</person_id><license_plate>MYS-100</license_plate><vin>VN2V7DD88EYG0GRU0</vin><color>SlateGray</color><year>2004</year></automobile><automobile><person_id>cb6d894a-3ac7-4436-974f-2a5cdda3900c</person_id><license_plate>B44 2DY</license_plate><vin>WZRC7NAY5UEKG2PMA</vin><color>ForestGreen</color><year>2005</year></automobile><automobile><person_id>4a6d3097-8d6d-4755-a5b1-aa474e2bea84</person_id><license_plate>K20-LMV</license_plate><vin>9E7F9G9P91PF10AES</vin><color>RoyalBlue</color><year>1995</year></automobile><automobile><person_id>8ee400db-2b4a-42d8-96b1-8ed98a920394</person_id><license_plate>996 RXD</license_plate><vin>ZC8EDDZS7GDWVXJ7N</vin><color>Purple</color><year>1989</year></automobile><automobile><person_id>400d10c9-a872-4766-b237-5fd5bc6d5d53</person_id><license_plate>3-7705G</license_plate><vin>D46WYYSA7YXXCENJD</vin><color>DarkKhaki</color><year>2008</year></automobile><automobile><person_id>ce5f35e0-2131-4e12-be1b-ca8b993bf7fe</person_id><license_plate>DU2 M4M</license_plate><vin>FZBCXJA53TCSRKLD7</vin><color>CornflowerBlue</color><year>1997</year></automobile><automobile><person_id>ce5f35e0-2131-4e12-be1b-ca8b993bf7fe</person_id><license_plate>57R C60</license_plate><vin>W8UGGER818CMM917R</vin><color>Silver</color><year>1994</year></automobile><automobile><person_id>e9c9a70b-a7cc-4244-81c8-cab9083d66ba</person_id><license_plate>8GJ Q82</license_plate><vin>NYTYZCTA1Z9BHBLPW</vin><color>DarkOrchid</color><year>1982</year></automobile><automobile><person_id>c76c2bfb-e650-461f-bafc-d6825a60c178</person_id><license_plate>E57-KWD</license_plate><vin>BT920PC96WAE72VLT</vin><color>FloralWhite</color><year>2019</year></automobile><automobile><person_id>5effb2c1-e10e-4745-a0f9-e1e8853c7b03</person_id><license_plate>081H</license_plate><vin>GWKCCJT44Y12H9XE3</vin><color>BlanchedAlmond</color><year>2017</year></automobile><automobile><person_id>5effb2c1-e10e-4745-a0f9-e1e8853c7b03</person_id><license_plate>LVE 764</license_plate><vin>9P5ND4DBXFBNR2E60</vin><color>AntiqueWhite</color><year>2014</year></automobile><automobile><person_id>a4da06e3-5cad-48ae-ab0a-94340e2d6938</person_id><license_plate>IQM-2970</license_plate><vin>WD53Z11A95VFS4T4C</vin><color>Wheat</color><year>2022</year></automobile><automobile><person_id>a4da06e3-5cad-48ae-ab0a-94340e2d6938</person_id><license_plate>9JN66</license_plate><vin>DPM0DKHW9HNHYX9EE</vin><color>SeaShell</color><year>1981</year></automobile><automobile><person_id>9679888c-d368-4013-92c9-5337e2a1423c</person_id><license_plate>835 OMO</license_plate><vin>Z9VM56LT7MVH9V87F</vin><color>LemonChiffon</color><year>1976</year></automobile><automobile><person_id>4624a25e-e2d7-4629-9183-506f11d30952</person_id><license_plate>EUJ0524</license_plate><vin>SG3GJVZVX37MECCN9</vin><color>HoneyDew</color><year>2017</year></automobile><automobile><person_id>4624a25e-e2d7-4629-9183-506f11d30952</person_id><license_plate>8Z 00664</license_plate><vin>93KSLW9C7NDBZPAU7</vin><color>Lavender</color><year>2024</year></automobile><automobile><person_id>4624a25e-e2d7-4629-9183-506f11d30952</person_id><license_plate>0E R8741</license_plate><vin>0PUDVC4E6K4JDPZ8J</vin><color>Lavender</color><year>2020</year></automobile><automobile><person_id>6d890d14-09be-4a0c-92aa-d2e19d5e81d6</person_id><license_plate>89-Y087</license_plate><vin>779VB9WC31B7K2HZY</vin><color>SlateBlue</color><year>1971</year></automobile><automobile><person_id>6d890d14-09be-4a0c-92aa-d2e19d5e81d6</person_id><license_plate>JRQ-582</license_plate><vin>V01SDXDW4WZHGYBPF</vin><color>MistyRose</color><year>1977</year></automobile><automobile><person_id>6d890d14-09be-4a0c-92aa-d2e19d5e81d6</person_id><license_plate>LD1 F9T</license_plate><vin>V6EVRU5V6HDJ1R17X</vin><color>HotPink</color><year>1992</year></automobile><automobile><person_id>95932f8a-0797-4f5f-ac83-520b03d98d05</person_id><license_plate>7GG T08</license_plate><vin>XPARZ8YUX3A3PGKCT</vin><color>Maroon</color><year>2022</year></automobile><automobile><person_id>95932f8a-0797-4f5f-ac83-520b03d98d05</person_id><license_plate>5-90969</license_plate><vin>485Z90MZ6N7T3Y53L</vin><color>ForestGreen</color><year>2005</year></automobile><automobile><person_id>95932f8a-0797-4f5f-ac83-520b03d98d05</person_id><license_plate>5-6371S</license_plate><vin>PMNYANW66PTM3SZWS</vin><color>DarkOrange</color><year>1995</year></automobile><automobile><person_id>d06b924a-3be4-4b6d-a892-5a08f0feb3e0</person_id><license_plate>VEF 900</license_plate><vin>WF9KAXGE4EGP5MFJR</vin><color>AliceBlue</color><year>2010</year></automobile><automobile><person_id>d06b924a-3be4-4b6d-a892-5a08f0feb3e0</person_id><license_plate>7993 JL</license_plate><vin>DE3KT9E04KRNVGM8K</vin><color>Olive</color><year>2000</year></automobile><automobile><person_id>c5a85c1d-3119-4bfd-b6b7-6be2fb8729df</person_id><license_plate>225 GSD</license_plate><vin>WVY067KJ3D0MLZ43J</vin><color>LightSeaGreen</color><year>1997</year></automobile><automobile><person_id>c5a85c1d-3119-4bfd-b6b7-6be2fb8729df</person_id><license_plate>BUW-5789</license_plate><vin>4B1FD8E226R15CM2J</vin><color>DarkKhaki</color><year>1981</year></automobile><automobile><person_id>c206bc86-3bcc-4351-8f59-59e0704a8b52</person_id><license_plate>690919</license_plate><vin>SDL2L1EW2ERG3L0AT</vin><color>PeachPuff</color><year>2011</year></automobile><automobile><person_id>c206bc86-3bcc-4351-8f59-59e0704a8b52</person_id><license_plate>155EQ</license_plate><vin>935SBE5A3SSFV4Y98</vin><color>MediumSpringGreen</color><year>1982</year></automobile><automobile><person_id>fe99bfdf-d001-46a6-8814-7618afe07ac4</person_id><license_plate>516 YF9</license_plate><vin>3S3DSKU2787STFAYW</vin><color>DarkGoldenRod</color><year>2019</year></automobile><automobile><person_id>78d19814-018e-4e24-ab08-fb1af87316af</person_id><license_plate>S27 0DG</license_plate><vin>6TV23NNK385XJ6YWM</vin><color>Plum</color><year>1995</year></automobile><automobile><person_id>7bc58162-7440-473f-b2ed-a8f7a68e6817</person_id><license_plate>412 ZRP</license_plate><vin>J26W424NX11JLK58N</vin><color>PaleGoldenRod</color><year>1980</year></automobile><automobile><person_id>fe82d657-4188-465a-98a1-d4b291efcafd</person_id><license_plate>45V 7134</license_plate><vin>ES9GUTRD5GLU3P54M</vin><color>DarkViolet</color><year>1992</year></automobile><automobile><person_id>17cb421b-a45a-4bef-b8d2-3ea8b8c4f329</person_id><license_plate>135 9SP</license_plate><vin>L4G0TKMT71WUBVHX6</vin><color>Aquamarine</color><year>1979</year></automobile><automobile><person_id>17cb421b-a45a-4bef-b8d2-3ea8b8c4f329</person_id><license_plate>MFW U40</license_plate><vin>XY0K44162J5Y6A00R</vin><color>BurlyWood</color><year>2007</year></automobile><automobile><person_id>3c67e468-8756-497f-bc1e-47939316c4d8</person_id><license_plate>735-RDJ</license_plate><vin>E4TUN6CH6JGZ47HNS</vin><color>MediumPurple</color><year>1996</year></automobile><automobile><person_id>3c67e468-8756-497f-bc1e-47939316c4d8</person_id><license_plate>IWU-623</license_plate><vin>L5D144NC2RNR66L0J</vin><color>DimGray</color><year>2004</year></automobile><automobile><person_id>eebf8a06-f103-4afa-b77b-af48389e02b6</person_id><license_plate>0792 AE</license_plate><vin>69YTP7J99WVHWMV5X</vin><color>DarkKhaki</color><year>2003</year></automobile><automobile><person_id>eebf8a06-f103-4afa-b77b-af48389e02b6</person_id><license_plate>69M G99</license_plate><vin>ZW1E1RZ71UV0N59EC</vin><color>YellowGreen</color><year>1993</year></automobile><automobile><person_id>b1e45d8b-5573-4f71-9b4e-de8d9365e55e</person_id><license_plate>PAD 296</license_plate><vin>F62CCCCZ5U3PGH2HE</vin><color>DarkOliveGreen</color><year>2018</year></automobile><automobile><person_id>975775d3-965f-4f54-889c-fbcd997fb444</person_id><license_plate>XKU 630</license_plate><vin>0G5MRLMA8DDX6URU5</vin><color>Silver</color><year>1981</year></automobile><automobile><person_id>a2436563-cc61-4727-96fb-95a3a8450773</person_id><license_plate>DUV 351</license_plate><vin>DJHPPMZT1955BJ4EH</vin><color>BlanchedAlmond</color><year>2015</year></automobile><automobile><person_id>a2436563-cc61-4727-96fb-95a3a8450773</person_id><license_plate>RJB 785</license_plate><vin>6LR8LD4G1SBXW8W95</vin><color>WhiteSmoke</color><year>1975</year></automobile><automobile><person_id>1f3f34d7-186b-4ed3-8b68-d9d9fca93bc1</person_id><license_plate>TXN-339</license_plate><vin>SRDWPMNS8SS5GT0GV</vin><color>Magenta</color><year>1974</year></automobile><automobile><person_id>1f3f34d7-186b-4ed3-8b68-d9d9fca93bc1</person_id><license_plate>9-67641</license_plate><vin>LABW9STE8YMRD1LPK</vin><color>Indigo</color><year>1995</year></automobile><automobile><person_id>d59917fb-a0ac-4ef0-944e-0ecf84cc2d17</person_id><license_plate>144 LXY</license_plate><vin>X77RY61H9F63FX6JX</vin><color>LightPink</color><year>1973</year></automobile><automobile><person_id>6b9554cf-3d89-4daf-b6ec-3259287fcfe2</person_id><license_plate>0P G9276</license_plate><vin>SC1K6XA52A7WA178W</vin><color>LightSteelBlue</color><year>1978</year></automobile><automobile><person_id>6b9554cf-3d89-4daf-b6ec-3259287fcfe2</person_id><license_plate>398 JME</license_plate><vin>ED82E3CC8R0326B0C</vin><color>LightSeaGreen</color><year>1994</year></automobile><automobile><person_id>6b9554cf-3d89-4daf-b6ec-3259287fcfe2</person_id><license_plate>TY 66258</license_plate><vin>K38C18US24FHLM35K</vin><color>PaleTurquoise</color><year>2011</year></automobile><automobile><person_id>5a46949f-6dea-4e01-b7b4-f0b28b00beab</person_id><license_plate>G02 4MI</license_plate><vin>HU6NJDU9875FD5R51</vin><color>Plum</color><year>1992</year></automobile><automobile><person_id>5a46949f-6dea-4e01-b7b4-f0b28b00beab</person_id><license_plate>3F E5929</license_plate><vin>9H4MX1N758ANZSJZR</vin><color>Olive</color><year>1971</year></automobile><automobile><person_id>483b744e-0de1-4101-bd40-6d31b32d7d3c</person_id><license_plate>DRB-7513</license_plate><vin>AM2VDJ0R4XX0DL7T6</vin><color>Peru</color><year>1974</year></automobile><automobile><person_id>67007038-f257-4794-b683-ac0e149ec349</person_id><license_plate>WQ-4409</license_plate><vin>5ZPPCWB47NZC5FW47</vin><color>DarkGoldenRod</color><year>2014</year></automobile><automobile><person_id>6734c8eb-a5f9-4d70-b5d5-3bef7736a120</person_id><license_plate>RRO-3577</license_plate><vin>A7MEJCMU934WDN1AB</vin><color>Gray</color><year>1999</year></automobile><automobile><person_id>86cbe086-65da-47f1-a777-54d4d1261e70</person_id><license_plate>570ZGE</license_plate><vin>RJZ2720Z0APSCUZ7N</vin><color>Brown</color><year>1989</year></automobile><automobile><person_id>e9c83b68-0d8c-4fa4-9ffd-7996ccea2e72</person_id><license_plate>4-82716</license_plate><vin>LNLJSCYT7M176T677</vin><color>Bisque</color><year>1995</year></automobile><automobile><person_id>ec4e69bd-1670-414a-bb92-03de0f6048e9</person_id><license_plate>VOJ-083</license_plate><vin>7SZ8X27J4MXJ4K2FD</vin><color>Silver</color><year>1982</year></automobile><automobile><person_id>ec4e69bd-1670-414a-bb92-03de0f6048e9</person_id><license_plate>7J DR926</license_plate><vin>LLGF9ZN782RPSKG0E</vin><color>Salmon</color><year>1996</year></automobile><automobile><person_id>7d955762-da92-4df2-bbf6-806f8e4f3139</person_id><license_plate>99J•391</license_plate><vin>PAM3YNHM6VXU9AKHV</vin><color>LavenderBlush</color><year>1979</year></automobile><automobile><person_id>997074a4-fa98-4dfc-aa95-a26918a1fc19</person_id><license_plate>DBB6054</license_plate><vin>9AY40LXR2975JVHGX</vin><color>HotPink</color><year>1980</year></automobile><automobile><person_id>a4cd4fbc-a528-4750-b896-b7c0602834fb</person_id><license_plate>803 GCZ</license_plate><vin>WCAHUBK42UH7UWV7T</vin><color>DarkKhaki</color><year>1976</year></automobile><automobile><person_id>984c8864-df24-4712-be4d-2240307f4c17</person_id><license_plate>6B X2481</license_plate><vin>M0L0NUV53RKCKK8V2</vin><color>DarkTurquoise</color><year>1983</year></automobile><automobile><person_id>984c8864-df24-4712-be4d-2240307f4c17</person_id><license_plate>MM4 5643</license_plate><vin>3RH8Y2JA7ACG1SA6P</vin><color>MediumBlue</color><year>2016</year></automobile><automobile><person_id>c16fcbce-f83a-466b-ba91-8f2328abe60b</person_id><license_plate>PIN-0807</license_plate><vin>8JS0UKY807X0C679L</vin><color>OliveDrab</color><year>2001</year></automobile><automobile><person_id>d91b5bfb-43f3-42e0-ad46-4a9c83770bd6</person_id><license_plate>792-IPX</license_plate><vin>RBYUDCZW8S3A7ECMZ</vin><color>Violet</color><year>2013</year></automobile><automobile><person_id>19a293a0-ff7b-457d-8857-f51e131c5331</person_id><license_plate>KGQ7836</license_plate><vin>XZSBJHDV7KF5YE5MP</vin><color>SlateGray</color><year>1991</year></automobile><automobile><person_id>19a293a0-ff7b-457d-8857-f51e131c5331</person_id><license_plate>M 391310</license_plate><vin>SEBENUXLXM82977FS</vin><color>SlateBlue</color><year>1980</year></automobile><automobile><person_id>19a293a0-ff7b-457d-8857-f51e131c5331</person_id><license_plate>9GG 609</license_plate><vin>7X31YZ5X4DGUGSAED</vin><color>Salmon</color><year>1982</year></automobile><automobile><person_id>0bb01309-b063-4051-9376-9286803c0df0</person_id><license_plate>XZP 387</license_plate><vin>H4JLDSPZ2XD63AMNW</vin><color>Orchid</color><year>1992</year></automobile><automobile><person_id>0bb01309-b063-4051-9376-9286803c0df0</person_id><license_plate>968 RSR</license_plate><vin>GEM5D3K99NA66732L</vin><color>DarkOrange</color><year>1997</year></automobile><automobile><person_id>472787de-0690-4ae3-8d12-f6a48c343877</person_id><license_plate>LTH 472</license_plate><vin>WJYT6RCC6806XEUW2</vin><color>Coral</color><year>2015</year></automobile><automobile><person_id>c9ab18ee-4dcd-48a6-af67-d32291ff7972</person_id><license_plate>6UR 804</license_plate><vin>UU9P256W7SHEUJWSH</vin><color>DarkOrchid</color><year>1984</year></automobile><automobile><person_id>74c788c6-9c24-4cac-8ff6-2e3415d70c23</person_id><license_plate>25-GG44</license_plate><vin>THH8R1J95XA60PRCD</vin><color>Blue</color><year>1984</year></automobile><automobile><person_id>47b00e19-bf0d-4aa8-84e1-e2d9af4d251b</person_id><license_plate>TIT B49</license_plate><vin>EZPZLLBD9NFN22W4U</vin><color>LimeGreen</color><year>1996</year></automobile><automobile><person_id>aa98142d-757f-4fa0-a398-16dd596c8922</person_id><license_plate>338-VNH</license_plate><vin>LP2ALBTP77K5JWYL3</vin><color>LightSalmon</color><year>1995</year></automobile><automobile><person_id>aa98142d-757f-4fa0-a398-16dd596c8922</person_id><license_plate>LS 76279</license_plate><vin>NNYECGEP8VDBF46DK</vin><color>LightSalmon</color><year>1972</year></automobile><automobile><person_id>fb342680-8ea4-4a4f-8f89-7800952e8e0c</person_id><license_plate>724 JS9</license_plate><vin>V7WVP7MB7W988NE3A</vin><color>Wheat</color><year>1994</year></automobile><automobile><person_id>7eddab4f-7a04-477a-a18c-5f99b7ea244a</person_id><license_plate>DV 2314</license_plate><vin>P23NNEN93ZB43PBBG</vin><color>DarkMagenta</color><year>2019</year></automobile><automobile><person_id>7eddab4f-7a04-477a-a18c-5f99b7ea244a</person_id><license_plate>7VKL602</license_plate><vin>45W7URZD5G096ZVNM</vin><color>DarkKhaki</color><year>1992</year></automobile><automobile><person_id>686f4e55-c278-4c2c-85f1-7e4fac6fcd1e</person_id><license_plate>0WQ7550</license_plate><vin>P3T99AP39SMTNPFUE</vin><color>Green</color><year>2013</year></automobile><automobile><person_id>431dca0d-bb26-4512-95ed-44ebb572ce70</person_id><license_plate>152364</license_plate><vin>FTUCGYVE478CHZWKM</vin><color>YellowGreen</color><year>1992</year></automobile><automobile><person_id>a005306b-c8d9-46f6-9f01-8ad44fe8bcd8</person_id><license_plate>KKZ 219</license_plate><vin>8ZD76JY65NT24XMXV</vin><color>DarkMagenta</color><year>2007</year></automobile><automobile><person_id>a005306b-c8d9-46f6-9f01-8ad44fe8bcd8</person_id><license_plate>C63 8VU</license_plate><vin>5Z6LJ7DX0YPGY95X2</vin><color>Moccasin</color><year>1993</year></automobile><automobile><person_id>a005306b-c8d9-46f6-9f01-8ad44fe8bcd8</person_id><license_plate>FKF 290</license_plate><vin>HA2035M26VZ9CMB8P</vin><color>Purple</color><year>1976</year></automobile><automobile><person_id>03455585-a9a7-4ff4-a8f3-2cd2253b78bc</person_id><license_plate>HXL 202</license_plate><vin>NDWBN5AL7X8E4XEMA</vin><color>LightSkyBlue</color><year>2017</year></automobile><automobile><person_id>03455585-a9a7-4ff4-a8f3-2cd2253b78bc</person_id><license_plate>CYK 559</license_plate><vin>MAECP54V2JJVXXLLD</vin><color>DarkCyan</color><year>1976</year></automobile><automobile><person_id>0c319027-4750-45f5-bf22-028c349109cc</person_id><license_plate>MTC 283</license_plate><vin>AF34SD380V3V9FE42</vin><color>Indigo</color><year>2003</year></automobile><automobile><person_id>2e9ca828-5264-45b6-95fe-50da715f020a</person_id><license_plate>TDT 891</license_plate><vin>7AHXRBCN795K1L8UG</vin><color>LightSeaGreen</color><year>1980</year></automobile><automobile><person_id>b6bbaac9-b1a8-4df0-b251-fa4c0c4ff79e</person_id><license_plate>979 RLU</license_plate><vin>4FA25DMLXRH89S9CA</vin><color>DeepPink</color><year>2004</year></automobile><automobile><person_id>b6bbaac9-b1a8-4df0-b251-fa4c0c4ff79e</person_id><license_plate>363 2FO</license_plate><vin>NUFS8KMF3G6C4Y2B1</vin><color>Gainsboro</color><year>1991</year></automobile><automobile><person_id>b6bbaac9-b1a8-4df0-b251-fa4c0c4ff79e</person_id><license_plate>256ZNP</license_plate><vin>9P3YK1023TXZ3ZWRL</vin><color>MediumOrchid</color><year>1978</year></automobile><automobile><person_id>330238d8-2471-42c0-be52-a639f90f4857</person_id><license_plate>952-ULD</license_plate><vin>0JR9C2WE71J938WNZ</vin><color>SlateGray</color><year>1971</year></automobile><automobile><person_id>84582a1b-1134-4d50-af57-7c5da40c29b5</person_id><license_plate>F20 6GN</license_plate><vin>7WM5WKTS58C1UL7NA</vin><color>Black</color><year>1971</year></automobile><automobile><person_id>84582a1b-1134-4d50-af57-7c5da40c29b5</person_id><license_plate>KCS 258</license_plate><vin>JS3JRFF621LH2X1R8</vin><color>LawnGreen</color><year>2012</year></automobile><automobile><person_id>345809fa-53cd-4746-b265-c48abde4b890</person_id><license_plate>3EZQ 14</license_plate><vin>YHKH9PY12SDHM2MEH</vin><color>LavenderBlush</color><year>1986</year></automobile></automobiles>