"id"|"first_name"|"last_name"|"sex"|"address"|"phone_number"|"profession"|"company"|"date_of_birth"
"11da6145-afe1-4d66-97a3-98f441d47ff2"|"Jonathan"|"Morris"|"M"|"132 Cox Turnpike Apt. 083"|"(963)371-9085x5770"|"Geologist, engineering"|"Meyers, Martinez and Turner"|"1909-06-04"
"5683fe0f-c9c2-469c-aaff-5726593e0e48"|"Jacob"|"Miller"|"M"|"770 Warner Circle"|"001-771-395-4690x638"|"Contracting civil engineer"|"Barrett-Harding"|"1923-03-29"
"2da5ef00-c71d-4e20-9eac-e1c299405b4b"|"Black"|"Pham"|"M"|"754 Robin Junctions Apt. 618"|"805-254-9972"|"Counselling psychologist"|"Mendez-Shelton"|"1926-11-17"
"745ae96e-1476-46a4-b1fc-a050dba84d32"|"Terry"|"Anderson"|"F"|"88 Michael Manor"|"794-862-9497x116"|"Analytical chemist"|"Williams-Garcia"|"2006-02-22"
"643f0bcc-3b53-4fb8-b997-7c8f280a0848"|"Peter"|"Howard"|"M"|"729 Yates Harbor Suite 905"|"(455)524-9708x01778"|"Transport planner"|"Johnson-Campbell"|"1909-11-11"
"c3e08626-c033-42dc-9bf5-0df2d0b5a07e"|"Daniel"|"Cole"|"M"|"926 Michelle Isle Apt. 431"|"001-850-803-9127x10274"|"Aeronautical engineer"|"Marshall, Long and Lambert"|"1937-03-31"
"14d8d778-8aa7-43b2-8a92-be45ffdfbf2d"|"Stacey"|"Smith"|"F"|"896 Colleen Mount"|"+1-519-653-2344x20529"|"Recruitment consultant"|"Green-Taylor"|"1974-08-28"
"780abddc-c2d9-46f2-90bd-1140dc5948fd"|"Jill"|"Ray"|"F"|"361 Douglas Springs"|"221-631-1605x54562"|"Conservation officer, historic buildings"|"Perez Inc"|"1998-09-27"
"aa0c9752-c72f-45ec-baea-c8b77b6151d2"|"Amanda"|"Ward"|"F"|"744 Shelton Run"|"(315)296-3016x06033"|"Chemical engineer"|"Blankenship-Garcia"|"2002-07-06"
"8c33106f-f5c1-497e-8729-5c1ba484c652"|"Caroline"|"Johnson"|"F"|"826 Weeks Meadow Suite 683"|"8457467756"|"Scientist, physiological"|"Lawson-Kirk"|"1981-06-03"
"75cf54e9-4cb7-4e44-a2a4-b992dda23c6c"|"David"|"Burke"|"M"|"857 Jones Courts Apt. 083"|"(299)508-3136x288"|"Designer, jewellery"|"Farmer PLC"|"1925-02-21"
"42fc0299-c346-4161-8b6f-bdaedf888ab6"|"Donald"|"Weiss"|"M"|"166 Weeks Meadow Suite 683"|"+1-916-860-4233x55086"|"Programmer, systems"|"Nelson-Lowe"|"1950-07-12"
"769e783d-114d-4915-90ab-e3dd41fe2b07"|"Susan"|"Patton"|"F"|"485 Christine Gateway"|"5784911733"|"Designer, exhibition/display"|"Smith, Jennings and Francis"|"1958-11-11"
"c9658259-9b1d-4136-bcc4-1a6396b16750"|"Joel"|"Craig"|"M"|"40 Alexis Freeway Apt. 358"|"001-389-336-1924x706"|"Geophysical data processor"|"Poole, Duarte and Warren"|"1917-10-21"
"55647259-a1ca-454d-be15-c1228d671965"|"Lauren"|"Weaver"|"F"|"977 Collins Skyway"|"966-911-7418x6755"|"IT trainer"|"Shah-Clark"|"1909-09-14"
"ff1bc5a3-310d-4245-a253-5bc1236f79fa"|"Tracy"|"Berry"|"F"|"883 Amanda Curve"|"+1-708-459-7625x384"|"Surveyor, insurance"|"Stephens PLC"|"1969-08-21"
"7ace4950-d1f5-4b45-b713-ee7edffd4895"|"Steven"|"Miller"|"M"|"877 Ortiz Brooks"|"274.815.1698"|"Accountant, chartered public finance"|"Ramirez-Schmitt"|"1995-08-04"
"55525649-a477-4cc4-98e5-aa335f118cb3"|"Ryan"|"Smith"|"M"|"526 Quinn Divide"|"535.442.4700x1666"|"Producer, radio"|"Harvey, Perry and Thompson"|"1986-02-04"
"23ab4040-3c1e-45e9-9272-20339a57b940"|"Tiffany"|"Fernandez"|"F"|"532 Murphy Creek Suite 712"|"001-953-852-7186x69587"|"Geologist, engineering"|"Harris and Sons"|"2016-04-15"
"62b342ed-b991-42f6-9bfa-ddb10cda366d"|"Sara"|"Smith"|"F"|"772 Nicole Via"|"001-735-210-3043x46025"|"Advertising copywriter"|"Ray, Jones and James"|"1918-02-28"
"46b8c685-0322-47de-856a-ff7c49d48c6a"|"Bradford"|"Nguyen"|"M"|"263 Weeks Meadow Suite 683"|"(749)850-1765x6047"|"Estate manager/land agent"|"Salinas, Garcia and Espinoza"|"2015-07-09"
"177fcf79-6afc-4b2b-9973-f4978e3e7fb3"|"Elizabeth"|"Johnson"|"F"|"60 Ortiz Brooks"|"001-306-892-9826x618"|"Surveyor, planning and development"|"Kelley-Christian"|"1941-07-19"
"b318d895-4025-4413-8177-2984c3ceff05"|"Ashley"|"Davis"|"F"|"345 Randolph Way Suite 427"|"254-906-0994"|"Garment/textile technologist"|"Hernandez and Sons"|"1929-11-05"
"d319955d-e423-4672-8911-dd41cfc90add"|"Jason"|"Richardson"|"M"|"649 Gray Walks Apt. 075"|"(760)903-2537"|"Office manager"|"Schwartz PLC"|"1922-03-16"
"c9a18cea-35af-4772-8f33-0005b8d66f12"|"Scott"|"Cervantes"|"M"|"941 John Fall Apt. 476"|"8203818628"|"Oncologist"|"Owens, Morgan and Lang"|"2001-02-27"
"371d1d07-e7cc-44d7-b56a-fed7b2f2ba6f"|"Willie"|"Norman"|"M"|"460 Simpson Mill Apt. 030"|"633.641.6437x63840"|"Telecommunications researcher"|"Flynn Group"|"1988-04-16"
"15b194ea-b4e6-4377-8d2c-bcd2138757aa"|"Mark"|"Harrison"|"M"|"302 Jordan Vista Apt. 756"|"442.231.9135x5713"|"Marine scientist"|"Sims, Torres and Stone"|"1975-08-06"
"152b92eb-47a5-4a74-897f-801ecdf6d2c1"|"Nicole"|"Garcia"|"F"|"146 Phillip Spring"|"001-258-664-7536x303"|"Special educational needs teacher"|"Huerta LLC"|"2023-05-26"
"9d8b030a-1f5e-4d33-9678-7c5b2612656e"|"Eric"|"Fuller"|"M"|"354 Davenport Fords"|"686-584-1728"|"Animal technologist"|"Schneider-Yu"|"2016-02-12"
"6242366e-2bb6-4e7a-bcae-0dfc510e2dde"|"Paul"|"Crawford"|"M"|"757 Lee Burgs"|"001-356-385-7091"|"Airline pilot"|"Clark LLC"|"1924-09-25"
"554edf3b-bc46-454f-9bb1-7518f17be4f1"|"Kathy"|"Cordova"|"F"|"945 Smith Avenue Apt. 759"|"001-224-798-2147"|"Field seismologist"|"Chambers, Gonzalez and Andrews"|"1967-01-23"
"2ce77a5f-0bed-4921-a291-5ff391fc608b"|"Robert"|"Harris"|"M"|"415 Arnold Cliffs"|"(268)745-7726"|"Air broker"|"Rice LLC"|"2004-05-20"
"ddf3794d-280f-4754-886c-b442eba44cfc"|"Karen"|"Mitchell"|"F"|"942 Lee Burgs"|"991-585-4231x809"|"Homeopath"|"Rodriguez-Palmer"|"1938-03-19"
"e9f6a7f5-cf77-436b-90db-11a67fb254e7"|"Clifford"|"Foster"|"M"|"571 Johnson Throughway"|"471-444-6804x06762"|"Secondary school teacher"|"Bates, Rice and Brown"|"2018-02-15"
"80f54e38-dea7-4931-a79e-09a9cfd113e9"|"Diana"|"Patrick"|"F"|"81 Angela Lights"|"(668)344-2876x7961"|"Scientist, water quality"|"Stewart PLC"|"2003-05-30"
"c4a92a19-e53c-404e-bed1-af16f904a60f"|"Benjamin"|"Fisher"|"M"|"37 Ward Parkway Apt. 076"|"620-639-4359x440"|"Theatre director"|"Williams-Johnson"|"2012-08-11"
"3ffa8e4d-c2da-46d4-9652-0454c940d837"|"Kimberly"|"Welch"|"F"|"790 Stacey Via Suite 001"|"(663)311-6074x794"|"Editorial assistant"|"White PLC"|"1962-06-06"
"06aa42e6-41f5-46a2-badc-0136899f4ffe"|"Christian"|"Daniels"|"M"|"518 Hernandez Parkways Suite 200"|"431.996.2606x032"|"Firefighter"|"Sanchez, Stokes and Harris"|"1962-10-14"
"a6c95dcb-ec32-4b78-89c5-33fb4f964f4a"|"Joseph"|"Snyder"|"M"|"405 Jeffery Spur Suite 411"|"(740)625-3971x320"|"Engineer, manufacturing systems"|"Vasquez, Turner and Valdez"|"1953-01-25"
"61e33467-efc3-4854-9967-e6f053c27c18"|"Daniel"|"Shields"|"M"|"779 Bruce View Suite 976"|"652-892-7913x715"|"Production manager"|"Odonnell Group"|"1943-08-01"
"8485d3b7-0db6-46c3-940f-392519c40a90"|"Wesley"|"Rojas"|"M"|"96 Jacobs Ports Suite 715"|"+1-323-645-3217x22927"|"Engineer, chemical"|"Garrett-Moran"|"1935-05-09"
"bb1925cd-c69d-43c0-adcf-3bed93daa614"|"Stacey"|"Cannon"|"F"|"894 Jordan Vista Apt. 756"|"(706)379-3875x60238"|"Leisure centre manager"|"Horton Ltd"|"1911-08-01"
"6de5694f-d8b6-448f-a3c6-98aaa759b3b5"|"Jacob"|"Curtis"|"M"|"253 Rosario Loop"|"(803)551-5707"|"Civil engineer, contracting"|"Berger Inc"|"1926-09-30"
"89ac56d5-45fb-4424-963b-70ed77f2b11c"|"Lindsey"|"Russell"|"F"|"631 Dakota Extensions"|"001-294-651-0972x907"|"Surveyor, minerals"|"Owens PLC"|"1980-11-12"
"b85da369-9fcd-4279-b1d0-01b4111a3ab0"|"Whitney"|"Buchanan"|"F"|"159 Weaver Haven"|"472-904-2677x185"|"Mudlogger"|"Barber, King and Blackwell"|"1910-11-23"
"0ca753fe-9523-476b-b5f5-d920014f6969"|"Katie"|"Bryant"|"F"|"884 Colleen Mount"|"+1-417-838-8568"|"Production assistant, television"|"Stone-Singleton"|"1939-10-07"
"babeab4f-c974-4da9-bb4a-0e2009d45b54"|"Matthew"|"Jackson"|"M"|"67 King Land"|"+1-858-972-8617"|"Armed forces technical officer"|"Baker, Hurley and Potts"|"1939-08-24"
"436de496-ce24-46ba-9e77-b4ba154bd11c"|"Thomas"|"Cochran"|"M"|"204 Matthew Valleys Suite 832"|"960.886.4880x74410"|"Exhibitions officer, museum/gallery"|"Flores, Cox and Logan"|"2013-10-22"
"ad0e123a-2cc9-4294-9b51-5e6490a36201"|"Jeremy"|"Johnson"|"M"|"466 Chandler Tunnel Suite 681"|"989-326-5040x584"|"Research scientist (medical)"|"Johnson-Parrish"|"1951-08-12"
"458a9a15-6d30-4155-8a3f-c3660a06daff"|"Timothy"|"Sanders"|"M"|"635 Cooley Dam Apt. 601"|"+1-327-451-6956x5582"|"Music tutor"|"Cox, Ritter and Castro"|"1996-11-08"
"ba3d3f1f-0842-4256-b6d3-9406cd52fef6"|"Susan"|"Watkins"|"F"|"310 Thomas Coves Suite 736"|"(966)283-0290x820"|"Glass blower/designer"|"Koch Ltd"|"1910-12-12"
"d6f5890b-03ee-4dc5-8762-c9937e3a8865"|"Alex"|"Curtis"|"M"|"305 Chandler Tunnel Suite 681"|"001-626-507-5986x9762"|"Forensic psychologist"|"Martinez, King and Lewis"|"2002-03-16"
"350e21eb-2d27-4fdd-98bc-04e3b4459441"|"Linda"|"Glover"|"F"|"837 Robinson Highway"|"329.246.0665x44471"|"Accommodation manager"|"Thompson Group"|"1937-09-17"
"63f28426-c539-4544-8bc9-189d1478e6c2"|"Heather"|"Baxter"|"F"|"255 Weeks Meadow Suite 683"|"3649343209"|"Conference centre manager"|"Strickland and Sons"|"1909-04-24"
"c505ef84-6152-4ed0-baf9-45df2470680e"|"Oscar"|"Dunn"|"M"|"171 Stacey Via Suite 001"|"384.594.9749x672"|"Wellsite geologist"|"Bird, Mathis and Perez"|"1967-07-13"
"b39ba3af-35bb-497c-80cb-4ce1712e4969"|"Robert"|"Sparks"|"M"|"542 Evans Ports Suite 383"|"916-793-8382x293"|"Doctor, hospital"|"Humphrey, Mitchell and Carter"|"1927-06-22"
"4d654ed8-2e18-4fc8-8e20-21c8abdbc2f6"|"Mitchell"|"Cunningham"|"M"|"508 Shepard Bridge"|"(953)920-1045x82597"|"Research scientist (maths)"|"Herrera-Adkins"|"1971-03-20"
"1c70e5b0-5fc2-4483-b4ad-242a9b2c1593"|"Rachel"|"Jones"|"F"|"612 Anderson Port"|"(631)740-2724x7434"|"Primary school teacher"|"Gomez, Fuentes and Gomez"|"2013-11-15"
"b0f9a3a8-bcbe-41ba-9cb4-7eb9888eabee"|"Tracy"|"Bryant"|"F"|"477 Yates Harbor Suite 905"|"292.977.5273x75635"|"Medical secretary"|"Lopez, Wood and Mccann"|"2013-01-23"
"f3e06063-6e25-42ae-87f1-f9e65b34a243"|"Jennifer"|"Green"|"F"|"515 Morales Gardens Suite 197"|"001-531-634-1485x63380"|"Health and safety inspector"|"Price-Bowen"|"1913-12-21"
"e35e4095-4486-41e9-84bf-2c87288d6714"|"Breanna"|"Foster"|"F"|"771 Patricia Trafficway Apt. 188"|"001-728-661-4641x0236"|"Lighting technician, broadcasting/film/video"|"Ferguson, Burns and Joseph"|"1917-08-26"
"ca13f50b-e473-4934-bf71-acfa6d60205a"|"Terri"|"Jackson"|"F"|"702 Jackson Harbors Suite 257"|"732.930.2829x149"|"Advice worker"|"Horton Group"|"1979-01-28"
"45f59d13-500d-4a97-8305-f0b9937e2d0d"|"Tracy"|"Castaneda"|"F"|"727 Luna Loop"|"(974)870-0042"|"Programmer, multimedia"|"Andrews, Armstrong and Barnes"|"1915-04-16"
"31522401-308a-460f-b76d-0e94d33240dd"|"Crystal"|"Jones"|"F"|"359 Jonathan Place"|"001-680-960-5276x185"|"Designer, industrial/product"|"Grant-Lin"|"1911-02-07"
"48bfd234-3bbf-44f2-9559-79e48fd43abe"|"Katelyn"|"Roberts"|"F"|"877 Day Inlet"|"7866087917"|"Trade union research officer"|"Hopkins-Lopez"|"1922-01-26"
"852280cf-cea9-4bfd-b449-a69d46bc64a5"|"Joseph"|"Davis"|"M"|"131 Padilla Estate Suite 556"|"208-322-9746x51878"|"Sales executive"|"Boyd LLC"|"1917-07-17"
"0aa85207-30de-40f6-95f3-009e99d91af0"|"Danielle"|"Reyes"|"F"|"193 Garcia Road Suite 143"|"3142905348"|"Administrator, education"|"Hall PLC"|"1989-04-14"
"63cd0014-1017-42e5-9945-8d846ffcae44"|"Kyle"|"Cochran"|"M"|"809 Phillip Spring"|"3336356520"|"Animal nutritionist"|"Evans Inc"|"1924-11-25"
"4f21c3a2-82a3-4ae4-9fb8-4c729fb055a3"|"Hector"|"White"|"M"|"993 Jeffery Spur Suite 411"|"475-967-9526"|"Television floor manager"|"Butler-Gonzalez"|"2007-09-23"
"106ba002-48c3-4cb7-9f5c-e4f2a9aa7e9a"|"Christine"|"Pham"|"F"|"748 Arnold Cliffs"|"615-980-4543"|"Administrator, education"|"Johnson Inc"|"1937-03-29"
"84971362-ea8b-45e5-9ff3-a1736ac870b9"|"Riley"|"Norman"|"M"|"861 Christopher Ways"|"201.447.3125"|"Public relations officer"|"Finley-Hamilton"|"1938-09-28"
"9dd23601-0a81-4449-9adf-19630af74e2c"|"Johnny"|"Casey"|"M"|"970 Alexis Run Suite 764"|"+1-666-300-8036x521"|"Editor, film/video"|"Brooks, Gonzalez and Moore"|"1954-06-22"
"c610786d-8add-4136-94c4-3b4b9fa2d5c6"|"Justin"|"Steele"|"M"|"761 Christopher Tunnel"|"+1-960-618-1566x66072"|"Dramatherapist"|"Rodriguez, Brown and Williams"|"1914-03-13"
"f3b4d372-9d41-49a1-8b71-3c9837f69c88"|"Corey"|"Padilla"|"M"|"30 Yvette Loop"|"+1-837-903-2672"|"Psychotherapist, child"|"Mills-Bishop"|"2017-12-22"
"38be0aff-89de-4cb8-bb98-2116f4b5ab53"|"Peter"|"Fuller"|"M"|"506 Hart Estates Suite 718"|"(649)590-6483x8803"|"Nature conservation officer"|"Jackson, Irwin and Reid"|"2004-04-05"
"57a0291d-c9bb-4f29-9874-1c632016fa2b"|"Jonathan"|"Ruiz"|"M"|"959 Patricia Trafficway Apt. 188"|"001-787-386-7903"|"Community development worker"|"Chandler-Sanford"|"1919-05-18"
"dbb8b700-5cfd-4e74-82d7-fa8e37d2251a"|"Janet"|"Hernandez"|"F"|"142 John Fall Apt. 476"|"(450)220-7006x80348"|"Paramedic"|"Wilson, Martin and Cabrera"|"1921-04-11"
"56aeb207-6739-4c3d-8e21-ac80f86cc3cb"|"Amy"|"Gill"|"F"|"182 Johnson Plains Suite 376"|"9402922741"|"Medical laboratory scientific officer"|"Warren and Sons"|"2014-01-12"
"9d97194c-e723-4dfb-9917-0d0116f315b3"|"Fernando"|"Drake"|"M"|"324 Luna Loop"|"801-828-6876"|"Research scientist (maths)"|"Brown, Lee and Mccarthy"|"1914-06-08"
"221b2a6a-9b30-46c5-a489-6c784a388618"|"Jeremy"|"Tyler"|"M"|"766 May Rest Suite 582"|"738.514.0760"|"Consulting civil engineer"|"Myers, Briggs and Jones"|"1999-07-09"
"d838e1c6-e77f-4b1d-9f87-cb977fafa5c2"|"John"|"Marquez"|"M"|"661 Colleen Mount"|"(755)497-6169"|"Arboriculturist"|"Mitchell, Moore and Ingram"|"1975-06-25"
"030559dc-24ae-47a6-a308-88a9c225b482"|"Russell"|"Baker"|"M"|"604 Alexandra Bridge Suite 474"|"+1-307-334-9878"|"Sports coach"|"Anderson-Stephens"|"1942-04-08"
"7ff05941-5f71-4b0b-b052-f87691954562"|"Antonio"|"Harrison"|"M"|"117 Shepard Bridge"|"655-880-3249x505"|"Historic buildings inspector/conservation officer"|"Bird Ltd"|"2007-01-24"
"9fd9d17a-6049-48b1-8cf4-92eea9be9401"|"Jill"|"Hanson"|"F"|"825 Alexandra Bridge Suite 474"|"001-442-592-1228x407"|"Horticultural therapist"|"Watson, Adams and Oneal"|"1931-01-04"
"3ef09583-ce5b-4625-864c-64b53760b398"|"Heather"|"Willis"|"F"|"925 Haney Prairie Suite 518"|"001-873-591-5624x6483"|"Community arts worker"|"Good-Bridges"|"1969-05-12"
"5a9004b8-a9ae-4afb-9ad2-f49780123777"|"Morgan"|"Mendoza"|"F"|"420 Randolph Way Suite 427"|"001-937-432-4633x415"|"Publishing rights manager"|"Frost Inc"|"1939-02-07"
"9f2e0889-76e7-4e03-9a9e-09ffd537a17a"|"John"|"Garrison"|"M"|"607 Luna Loop"|"001-234-256-3653"|"Herbalist"|"Wilson LLC"|"1929-12-22"
"05cb78d4-0e67-4430-ae36-e73a07036504"|"James"|"Smith"|"M"|"86 Martin Field"|"(791)841-9093x730"|"Agricultural engineer"|"Thomas and Sons"|"1933-04-11"
"87f44ecc-86a3-4c7b-bbe7-bd86e5fe2052"|"Angela"|"Buchanan"|"F"|"562 Lynn Lake Suite 253"|"001-318-765-2120x92426"|"Armed forces technical officer"|"Smith-Campbell"|"2015-05-11"
"3d8a3f0d-703a-43e9-987e-0bb7a8bfe28e"|"Cory"|"Cannon"|"M"|"754 Matthew Keys"|"001-607-245-6049x51231"|"Archaeologist"|"Harris PLC"|"1918-03-12"
"61fb5c7c-45c0-42f8-b2b6-1feae4b9b3ef"|"Blake"|"White"|"M"|"782 Smith Ranch Suite 211"|"(895)500-8841x2936"|"Engineer, building services"|"Willis-Simmons"|"1911-07-25"
"b6bb7ebe-7df5-4e78-babc-972f7c9f408e"|"Kathy"|"Hanson"|"F"|"13 Ross Camp Apt. 134"|"456.954.1423"|"Garment/textile technologist"|"Weber Ltd"|"1985-04-22"
"046afa8d-32eb-4d79-a60d-a7f0b6e55a31"|"Tina"|"Phillips"|"F"|"720 Matthew Keys"|"001-705-876-5363"|"Building services engineer"|"Meyer, Hansen and Alexander"|"1987-09-08"
"32f764ae-c8a5-4106-9339-d9020c4254dd"|"Jesus"|"Terry"|"M"|"58 Catherine Cove"|"555.413.5294x3727"|"Risk manager"|"Lowe-Hernandez"|"1938-09-21"
"09f127ec-3b39-4900-b7bb-b30b328a27de"|"Chad"|"Curtis"|"M"|"358 Michelle Isle Apt. 431"|"975.215.5554"|"Quantity surveyor"|"Thomas-Jackson"|"1992-06-12"
"fadbcfef-4e70-4811-9189-cb9d294ee0d8"|"Peter"|"Bailey"|"M"|"807 Diana Point"|"832.510.9523x70929"|"Airline pilot"|"Paul, Park and Moore"|"1926-11-23"
"81fc5f82-cc93-4a5d-886d-f9a9eccb7a61"|"Bradley"|"Smith"|"M"|"833 May Rest Suite 582"|"(271)918-1938"|"Chiropodist"|"Allen LLC"|"2023-04-09"
"204510c1-d3da-4323-a1d9-d09337a2b652"|"Chad"|"Reyes"|"M"|"880 Jeffery Isle"|"664-611-5027x07407"|"Designer, television/film set"|"Dawson, Henry and Harris"|"2010-12-10"
"9a72ca98-dee9-4949-918b-775576d1208c"|"Bryan"|"Clark"|"M"|"899 Mills Springs"|"319-379-6721x33882"|"Higher education lecturer"|"Reyes, Smith and White"|"1952-02-07"
"d73eac0c-985b-45a2-9123-52e7ae740ce2"|"Michelle"|"Morgan"|"F"|"609 Hanson Port"|"551.944.0698"|"Recycling officer"|"Hickman, Roberts and Daugherty"|"1916-11-10"
"3ee926c3-cb0d-4244-bdbd-8ef64544eb36"|"James"|"Aguilar"|"M"|"602 Hensley Park Suite 873"|"(787)555-1538x00388"|"Warden/ranger"|"Jones, Wagner and Davis"|"1998-12-04"
"0d655fd9-3fe5-4654-a146-4dbf1ba729db"|"David"|"Pham"|"M"|"948 Tara Inlet"|"(510)993-1328"|"Engineer, automotive"|"Vaughn, Baldwin and Chang"|"2013-06-13"
"2802f214-89bc-4cf1-ac32-e252cfd80ea5"|"Steven"|"Benson"|"M"|"659 Anderson Port"|"9949032377"|"Heritage manager"|"Miller-King"|"1913-05-22"
"c3e1e3cc-24e3-41bc-9922-d0723f70082a"|"Julie"|"Dunn"|"F"|"746 Thomas Ford"|"5799224950"|"Passenger transport manager"|"Watts Inc"|"1971-11-16"
"be22aba0-ecfe-4eb2-8b64-036ddb30f82b"|"George"|"Gardner"|"M"|"14 Diana Point"|"001-688-955-6813x47265"|"Midwife"|"Jones and Sons"|"1964-05-18"
"31fd95a1-7a1e-43cc-9b21-09af1dc65aac"|"Damon"|"Torres"|"M"|"181 Davenport Fords"|"920.704.5815x4038"|"Dancer"|"Floyd-Mckinney"|"1987-09-22"
"1da35b9a-cfee-4442-ae63-0fb54962a4a0"|"Lori"|"Morrison"|"F"|"930 Lee Burgs"|"001-459-901-2306x5718"|"Engineer, land"|"Moore-May"|"1923-06-29"
"fde97783-95b3-4706-920b-b6689efb58a0"|"Frances"|"Daniels"|"F"|"688 Jeffrey Run"|"001-560-693-4683"|"Heritage manager"|"Powell, Lucas and Brewer"|"1936-03-10"
"2505f0d3-6848-4046-8093-952e59dced43"|"William"|"Ward"|"M"|"649 Hernandez Parkways Suite 200"|"555-751-6731x390"|"Medical sales representative"|"Frey, Carter and Nicholson"|"1949-05-02"
"bdd5987b-231c-4385-9a4a-6fe9eb74e5e3"|"Jason"|"Smith"|"M"|"257 Michael Manor"|"001-927-287-2389x7064"|"Marine scientist"|"Roberts, Bell and Gregory"|"1985-05-11"
"6be3f3f5-5f2c-42a1-9d8e-7f85bd7722ee"|"Brian"|"Colon"|"M"|"759 Monica Burgs Suite 695"|"(594)846-1797x4144"|"Corporate treasurer"|"Daniels Inc"|"1919-05-31"
"99764e43-9879-4408-9899-821fc512a00d"|"Jonathan"|"Morrison"|"M"|"689 Amber Wells"|"001-387-773-5504x48923"|"Designer, textile"|"Barton Group"|"1929-05-09"
"c9eda985-99f7-4d8c-8b65-31de8c185200"|"Jennifer"|"Patrick"|"F"|"658 Lewis Trace"|"001-971-237-4658x7879"|"Armed forces operational officer"|"Scott Group"|"1993-01-09"
"62ab9f58-82c6-4df0-9b3a-8ea6eabbb627"|"Christian"|"Gates"|"M"|"812 Gray Walks Apt. 075"|"(844)275-7819"|"Retail manager"|"Moran Group"|"1912-10-15"
"bedb4498-2db1-45c5-a7c3-08d0eccbf182"|"Eric"|"Pugh"|"M"|"678 Jonathan Stravenue"|"(632)961-5572x9482"|"Race relations officer"|"Hodges, Johnson and Ryan"|"1931-01-11"
"d4479ac2-7740-4734-ac8d-09942dacf840"|"Nicole"|"Lynch"|"F"|"131 Martinez Grove Apt. 125"|"326.969.9144"|"Personnel officer"|"Khan PLC"|"1956-07-13"
"3008b519-b1ac-40c5-ae59-32fe093b7228"|"Kayla"|"Hall"|"F"|"954 Amanda Curve"|"+1-806-722-4730x38899"|"Music tutor"|"Doyle Inc"|"1911-11-16"
"dc6522a1-eb0b-4952-8254-fd1c13e67d33"|"Jennifer"|"Allen"|"F"|"132 Banks Curve Apt. 123"|"+1-843-366-6198"|"Phytotherapist"|"Hunt-Figueroa"|"1950-08-14"
"80cc6f8c-a3ff-4c44-8ec6-14a405d7a5bb"|"Antonio"|"Good"|"M"|"333 Ashley Landing"|"(787)742-0888x13517"|"Herbalist"|"Taylor-Payne"|"1929-07-16"
"4886ffcc-cd2d-478a-ab5d-b567dbb98e3a"|"Sara"|"Franklin"|"F"|"46 Bruce View Suite 976"|"6534029862"|"Technical sales engineer"|"Ferrell-Garcia"|"2006-09-14"
"c01612ba-fed8-478d-8ed0-c8ccef11e32d"|"Patrick"|"Perez"|"M"|"191 Tara Inlet"|"298-210-9129x79948"|"Chartered loss adjuster"|"Cortez-Frederick"|"1936-01-24"
"98b5390e-3061-444a-b4a8-b179018ed901"|"Crystal"|"Christian"|"F"|"101 Donald Village Apt. 289"|"+1-832-932-4394x29589"|"Scientist, research (physical sciences)"|"Jones Group"|"1981-12-20"
"2dd5bc50-42cb-4d37-ab0a-630f88daad0c"|"Chelsea"|"Smith"|"F"|"212 Gabriel Hill Apt. 094"|"564.318.1462x021"|"Lighting technician, broadcasting/film/video"|"Gibbs, Hayes and Carlson"|"2019-07-11"
"256847e5-5b8e-4803-826a-ded3183e5b42"|"Martin"|"Bond"|"M"|"244 Anderson Parkways"|"996.900.5288x461"|"Agricultural consultant"|"Price-Thompson"|"1938-07-20"
"c9ee7476-9b10-43d5-b3b5-3688563c135c"|"Kelsey"|"Robbins"|"F"|"586 Johnson Throughway"|"(376)665-8415x2861"|"Aeronautical engineer"|"Murphy, Baker and Nicholson"|"1954-09-04"
"7ee7022e-0686-4825-bbe7-99385b7fb12d"|"Sarah"|"Barnett"|"F"|"697 Porter Overpass"|"+1-768-445-2069x401"|"Editor, magazine features"|"Hernandez, Craig and Miller"|"1923-08-14"
"1662af28-2566-424e-9f74-bf86ede41015"|"Meagan"|"Freeman"|"F"|"458 Christine Gateway"|"613.728.5099"|"Naval architect"|"Shepard, Lowery and Arellano"|"1921-10-01"
"d693d81f-da40-4b6c-a72b-1fcaafaaa44b"|"Donna"|"Fernandez"|"F"|"717 Charles Mall Apt. 745"|"915.777.2861x39144"|"Geologist, wellsite"|"Taylor Inc"|"1950-08-01"
"d64d53ba-192b-4d0c-b38e-4b0ff131fb8f"|"Adam"|"Bryant"|"M"|"123 Johnson Lake"|"001-394-419-5906x9570"|"Pharmacologist"|"Underwood, Wilson and Benjamin"|"2001-06-22"
"73aae25a-1d13-42dc-8c3b-f635a30e5871"|"Allison"|"Wilson"|"F"|"3 Nelson Estate"|"+1-600-842-3030x3038"|"Investment banker, operational"|"Rojas-Rodriguez"|"1933-01-03"
"993056d2-31a1-4654-b3aa-b7c971a43994"|"Nicholas"|"Booth"|"M"|"334 Arnold Cliffs"|"(351)293-7130"|"Nurse, learning disability"|"Klein Inc"|"2007-04-18"
"050f6dea-349e-49cf-99db-d773ddbca0af"|"David"|"Terry"|"M"|"480 Bruce View Suite 976"|"001-842-606-8221x0876"|"Tax adviser"|"Harris, Walter and Larsen"|"1980-07-13"
"2579bd22-6be7-4752-8ffd-7e3ec978465a"|"Emily"|"Williams"|"F"|"291 Collins Skyway"|"337.547.0028x07237"|"Administrator, arts"|"Hall-Meyers"|"2018-11-26"
"8f11c9d3-957a-4f12-8c9c-e693bb7aaa1e"|"Ashley"|"Freeman"|"F"|"565 Johnson Plains Suite 376"|"(465)803-4225x464"|"Teacher, secondary school"|"Lawson, May and Watkins"|"1944-05-16"
"b118d69d-616b-426a-aa1e-7dedfb301be8"|"Daniel"|"Ruiz"|"M"|"211 Lewis Trace"|"(267)639-6754x5362"|"Designer, industrial/product"|"Martin-Moran"|"2002-10-30"
"0ac8eea2-424f-4bad-9381-9c4780356249"|"Dennis"|"Glover"|"M"|"203 Bailey Trail"|"(798)831-1349"|"Engineer, civil (contracting)"|"Bennett, Bean and Brown"|"1953-10-17"
"0c01a289-9eee-4a08-a331-a6269ddaed02"|"Brian"|"Simon"|"M"|"88 Ross Camp Apt. 134"|"(943)760-3245x44835"|"Dietitian"|"Stein, Armstrong and Robertson"|"1985-11-14"