<?xml version="1.0" encoding="UTF-8" ?><automobiles><automobile><person_id>4d0133ec-8f25-4a69-934d-210ce18403bb</person_id><license_plate>VSR 817</license_plate><vin>6GZNBD7U385DZGPP7</vin><color>MistyRose</color><year>1999</year></automobile><automobile><person_id>2b4059a8-ae99-42df-a9c3-dc6c8bb760e6</person_id><license_plate>441-367</license_plate><vin>1Y9BFPTF1K8RWHM4U</vin><color>PapayaWhip</color><year>1974</year></automobile><automobile><person_id>2b4059a8-ae99-42df-a9c3-dc6c8bb760e6</person_id><license_plate>SKG8339</license_plate><vin>5ZVW3M0RXSXNR8KTU</vin><color>LightGreen</color><year>2018</year></automobile><automobile><person_id>2b4059a8-ae99-42df-a9c3-dc6c8bb760e6</person_id><license_plate>W44-ZDJ</license_plate><vin>SUU6MNAC7UM37K6W2</vin><color>YellowGreen</color><year>1988</year></automobile><automobile><person_id>7511c806-c986-4af4-9d51-52c6403efacd</person_id><license_plate>KRV 935</license_plate><vin>52D6MYW09HBL7TSDB</vin><color>Maroon</color><year>1992</year></automobile><automobile><person_id>7511c806-c986-4af4-9d51-52c6403efacd</person_id><license_plate>MVD 671</license_plate><vin>SRUDUU8J0EZSM1UWP</vin><color>Olive</color><year>2019</year></automobile><automobile><person_id>7511c806-c986-4af4-9d51-52c6403efacd</person_id><license_plate>ZWN-5916</license_plate><vin>FRZ2DN237RN6CCPDK</vin><color>Cyan</color><year>2014</year></automobile><automobile><person_id>00f3a702-3478-45ec-b506-0bea336897b3</person_id><license_plate>QEX2929</license_plate><vin>AB2F0CNX7VBXCT6CM</vin><color>DarkSeaGreen</color><year>1982</year></automobile><automobile><person_id>00f3a702-3478-45ec-b506-0bea336897b3</person_id><license_plate>XDJ-485</license_plate><vin>5N5G8VUB3H1YKMFXK</vin><color>PaleGreen</color><year>2019</year></automobile><automobile><person_id>e77d6831-dc13-4985-bba6-e6ced4c60334</person_id><license_plate>9OM H97</license_plate><vin>UTUADYMX00YW7C6T0</vin><color>Pink</color><year>2003</year></automobile><automobile><person_id>e77d6831-dc13-4985-bba6-e6ced4c60334</person_id><license_plate>458PRY</license_plate><vin>PM537NA62TPPHEH6D</vin><color>MediumTurquoise</color><year>1988</year></automobile><automobile><person_id>e77d6831-dc13-4985-bba6-e6ced4c60334</person_id><license_plate>LVJ-7515</license_plate><vin>81LFF84H28FGV0MKE</vin><color>SkyBlue</color><year>2022</year></automobile><automobile><person_id>bee46038-a7a2-4575-affe-a1f6a63598aa</person_id><license_plate>MRW 918</license_plate><vin>UPFLFDPE86WENV323</vin><color>Lavender</color><year>2012</year></automobile><automobile><person_id>d695444f-7b02-4154-bb24-432bb3ebafb7</person_id><license_plate>1NZ E25</license_plate><vin>LNFXG9MW7SBBNGKH8</vin><color>ForestGreen</color><year>2000</year></automobile><automobile><person_id>d695444f-7b02-4154-bb24-432bb3ebafb7</person_id><license_plate>704 SWW</license_plate><vin>WMTYV7D76L4H6XMBR</vin><color>DarkMagenta</color><year>2007</year></automobile><automobile><person_id>96d5dbdb-d239-4f16-a5e8-fcaeeac5436d</person_id><license_plate>J76 4YK</license_plate><vin>7EJVKA90160MFNV8B</vin><color>LightBlue</color><year>1987</year></automobile><automobile><person_id>02cf7c33-518d-4d69-841b-7cc4d405854f</person_id><license_plate>HJY3953</license_plate><vin>S1DFM2LV4LS7MYXAG</vin><color>YellowGreen</color><year>2014</year></automobile><automobile><person_id>02cf7c33-518d-4d69-841b-7cc4d405854f</person_id><license_plate>757PL</license_plate><vin>A2HDZNSR43N5D61U2</vin><color>Gray</color><year>1972</year></automobile><automobile><person_id>b66d007d-b890-4010-909d-27e3eda0f9cb</person_id><license_plate>ZCK 097</license_plate><vin>1N5MN6SH4NV5YLZFP</vin><color>LawnGreen</color><year>1973</year></automobile><automobile><person_id>c7a5334a-7792-4106-98f0-17c8edc2fd53</person_id><license_plate>3-3272R</license_plate><vin>EW1TG0EE0UW9FUP5G</vin><color>ForestGreen</color><year>1993</year></automobile><automobile><person_id>c7a5334a-7792-4106-98f0-17c8edc2fd53</person_id><license_plate>8996 VU</license_plate><vin>G21U8H56XEASNKHC7</vin><color>DarkOrange</color><year>2007</year></automobile><automobile><person_id>0d13c1bc-30e1-49a1-84ee-022a62175c2d</person_id><license_plate>C27-86K</license_plate><vin>B63BLJZS3K9XZNCTV</vin><color>OrangeRed</color><year>1977</year></automobile><automobile><person_id>0d13c1bc-30e1-49a1-84ee-022a62175c2d</person_id><license_plate>980 ZTD</license_plate><vin>J4HPEB1X4624DN37X</vin><color>Aqua</color><year>1986</year></automobile><automobile><person_id>5426f39d-14e1-4081-90cb-3fa689412e0d</person_id><license_plate>DDZ 588</license_plate><vin>D3694MP94TKET1X2E</vin><color>SlateBlue</color><year>1994</year></automobile><automobile><person_id>5426f39d-14e1-4081-90cb-3fa689412e0d</person_id><license_plate>ZCC 635</license_plate><vin>PPJW820Y44B37R15L</vin><color>Navy</color><year>2022</year></automobile><automobile><person_id>9b9b02b0-3de8-4cd5-b25c-a3c6350f1278</person_id><license_plate>CIW 867</license_plate><vin>6YD345848FSWPKHR3</vin><color>GhostWhite</color><year>2019</year></automobile><automobile><person_id>9b9b02b0-3de8-4cd5-b25c-a3c6350f1278</person_id><license_plate>0XA L75</license_plate><vin>SAZLUF7N4BKCHTASY</vin><color>SeaShell</color><year>1973</year></automobile><automobile><person_id>6610fbf6-3470-4e83-8909-49eec1d78ccf</person_id><license_plate>DAQ 721</license_plate><vin>C4139C0A0HP5B920Z</vin><color>MediumPurple</color><year>2022</year></automobile><automobile><person_id>6610fbf6-3470-4e83-8909-49eec1d78ccf</person_id><license_plate>DXV9281</license_plate><vin>R8SHFTGT78XYABR8Z</vin><color>LightCoral</color><year>1980</year></automobile><automobile><person_id>e6586db4-d54c-4859-a6ee-69d8daa9e802</person_id><license_plate>504-ZGX</license_plate><vin>TP8DY296X3R15EA5J</vin><color>MediumPurple</color><year>1981</year></automobile><automobile><person_id>90ed38ef-133e-4f4a-baf4-0c6b422ba8e8</person_id><license_plate>ZAL 865</license_plate><vin>V7DY91WB9NBDEMX7S</vin><color>LightYellow</color><year>1985</year></automobile><automobile><person_id>90ed38ef-133e-4f4a-baf4-0c6b422ba8e8</person_id><license_plate>8-53276L</license_plate><vin>ZZ72CGP03EATGCEW9</vin><color>Purple</color><year>1978</year></automobile><automobile><person_id>aa4fa9f5-d605-4e86-b5e1-170f35b393bf</person_id><license_plate>228 VBR</license_plate><vin>MC30PU5R2CG48DFLU</vin><color>DarkOliveGreen</color><year>2015</year></automobile><automobile><person_id>aa4fa9f5-d605-4e86-b5e1-170f35b393bf</person_id><license_plate>783 PTP</license_plate><vin>F8S32KNW2KM897ELP</vin><color>Olive</color><year>1998</year></automobile><automobile><person_id>c9cc8722-4109-46cc-b2af-42ac36ef6dfc</person_id><license_plate>311 LLH</license_plate><vin>93WWKH7L5DUZ8B4L9</vin><color>MediumSeaGreen</color><year>1977</year></automobile><automobile><person_id>0bfc3cbe-69e9-41b4-bb06-00dcfdecef08</person_id><license_plate>3ER X48</license_plate><vin>AFH5SCHE3KTMHPCYK</vin><color>Ivory</color><year>2006</year></automobile><automobile><person_id>7367cd96-5d7a-4aca-915b-f0858296f55b</person_id><license_plate>I 776903</license_plate><vin>PHKYFZJH4SPMMYSDH</vin><color>AntiqueWhite</color><year>1974</year></automobile><automobile><person_id>7367cd96-5d7a-4aca-915b-f0858296f55b</person_id><license_plate>6YM 327</license_plate><vin>K0BHR1V80A970PF1R</vin><color>LemonChiffon</color><year>2002</year></automobile><automobile><person_id>11b2b3b5-27b0-49aa-96e9-55a68c483d86</person_id><license_plate>KHU-0433</license_plate><vin>PD05L1ZK7ERNRMU8D</vin><color>Cyan</color><year>1989</year></automobile><automobile><person_id>58daf282-51db-4bf3-b3e0-27832410af8d</person_id><license_plate>16-2628H</license_plate><vin>8AYBKZ6P1Y759CCLD</vin><color>IndianRed</color><year>1986</year></automobile><automobile><person_id>58daf282-51db-4bf3-b3e0-27832410af8d</person_id><license_plate>5V PW479</license_plate><vin>PLHD0D2863CBC9SPB</vin><color>MistyRose</color><year>1988</year></automobile><automobile><person_id>7299dea1-7e8c-48d4-bde2-cb8f77f26926</person_id><license_plate>LMC 077</license_plate><vin>C4VC97KF1A8KZSB2P</vin><color>Wheat</color><year>1983</year></automobile><automobile><person_id>7299dea1-7e8c-48d4-bde2-cb8f77f26926</person_id><license_plate>27G QO0</license_plate><vin>4F3ENYMW86J8MXTTV</vin><color>Teal</color><year>2018</year></automobile><automobile><person_id>ce9d79ae-fe9d-41e6-8feb-377fd0b10e89</person_id><license_plate>274 XAJ</license_plate><vin>Z1S2NTTX8F5CXDPMX</vin><color>HotPink</color><year>1993</year></automobile><automobile><person_id>0bddc1f2-2481-4d23-a493-8b747704c175</person_id><license_plate>6830</license_plate><vin>7DWCE4FT5W8XNB9N0</vin><color>LightCyan</color><year>1977</year></automobile><automobile><person_id>0bddc1f2-2481-4d23-a493-8b747704c175</person_id><license_plate>48-A205</license_plate><vin>1M856J4W2GSS388EZ</vin><color>FireBrick</color><year>1974</year></automobile><automobile><person_id>6725dde1-6a8a-4f29-92a7-6238e3a0744d</person_id><license_plate>LWP 808</license_plate><vin>5ER5ZPA846W0PNRRZ</vin><color>Lavender</color><year>1987</year></automobile><automobile><person_id>6725dde1-6a8a-4f29-92a7-6238e3a0744d</person_id><license_plate>449 JBR</license_plate><vin>3R51LT3YXM34R9G0C</vin><color>Indigo</color><year>1988</year></automobile><automobile><person_id>6725dde1-6a8a-4f29-92a7-6238e3a0744d</person_id><license_plate>HHG 298</license_plate><vin>AWPZY0ZB7MW63KAM2</vin><color>MistyRose</color><year>1989</year></automobile><automobile><person_id>8e217fb9-72c6-4201-87b8-2f1c23df563d</person_id><license_plate>YV7 M3A</license_plate><vin>8TJDNKGF8J6SJ29A6</vin><color>Teal</color><year>1973</year></automobile><automobile><person_id>96cd2e00-62ed-410b-ba16-45968f10d23f</person_id><license_plate>6YH 901</license_plate><vin>Z1CCB7Z22W8TU4TMF</vin><color>Brown</color><year>2009</year></automobile><automobile><person_id>96cd2e00-62ed-410b-ba16-45968f10d23f</person_id><license_plate>38-03464</license_plate><vin>BR8F68UW9ZM1EVGHK</vin><color>Gray</color><year>2009</year></automobile><automobile><person_id>96cd2e00-62ed-410b-ba16-45968f10d23f</person_id><license_plate>KQK9702</license_plate><vin>FVB4NZ75XVM7BM0SY</vin><color>GreenYellow</color><year>2006</year></automobile><automobile><person_id>879f5acf-90ea-4856-992d-b4e1f7ebe219</person_id><license_plate>493-PIG</license_plate><vin>DE2TVJ2A8816TR6VY</vin><color>MediumSlateBlue</color><year>1994</year></automobile><automobile><person_id>879f5acf-90ea-4856-992d-b4e1f7ebe219</person_id><license_plate>91QQ449</license_plate><vin>CRKZHP9284WNJW7H3</vin><color>Chocolate</color><year>2014</year></automobile><automobile><person_id>a4418def-fa53-484a-847f-d4ef4c2d09e8</person_id><license_plate>432-NBP</license_plate><vin>6K6D65YM41B418EFL</vin><color>DarkOrange</color><year>1996</year></automobile><automobile><person_id>ec8591b9-dfd0-4af3-b714-944b07dddd94</person_id><license_plate>SZ2 1629</license_plate><vin>S0KFUWK64HBP51BFJ</vin><color>LightSeaGreen</color><year>1983</year></automobile><automobile><person_id>ec8591b9-dfd0-4af3-b714-944b07dddd94</person_id><license_plate>R97 3VM</license_plate><vin>7F4G5XC53BNSH8494</vin><color>MediumTurquoise</color><year>2013</year></automobile><automobile><person_id>ee9d0aed-858e-46f5-9085-c25181bb2998</person_id><license_plate>ZWN 925</license_plate><vin>K673P7TZ1VCMVGWWN</vin><color>CornflowerBlue</color><year>1988</year></automobile><automobile><person_id>fe898aa5-6acf-45d1-9f4f-ef940defbb40</person_id><license_plate>M11 8NJ</license_plate><vin>EGFV4PYC0WV8KJ3G9</vin><color>LightSteelBlue</color><year>2009</year></automobile><automobile><person_id>1e1d3910-7b09-4291-a3a5-26b75e63dc68</person_id><license_plate>074WUQ</license_plate><vin>DX1B8Z0C9G0U6WYDZ</vin><color>GoldenRod</color><year>1997</year></automobile><automobile><person_id>1e1d3910-7b09-4291-a3a5-26b75e63dc68</person_id><license_plate>8R FW157</license_plate><vin>ESLX3F22X6H7BTTF5</vin><color>DarkSlateBlue</color><year>1978</year></automobile><automobile><person_id>a2029421-3760-49b0-87bb-2b428647f1f2</person_id><license_plate>TWL4828</license_plate><vin>YLEXPWW01G06YM75L</vin><color>Linen</color><year>2013</year></automobile><automobile><person_id>a2029421-3760-49b0-87bb-2b428647f1f2</person_id><license_plate>923 YUH</license_plate><vin>RSTT7UDG3MBEN4413</vin><color>MediumTurquoise</color><year>2019</year></automobile><automobile><person_id>a2029421-3760-49b0-87bb-2b428647f1f2</person_id><license_plate>4OQ Y01</license_plate><vin>HR3L9X252SVG39D5G</vin><color>Crimson</color><year>1997</year></automobile><automobile><person_id>2bab7af1-4b38-469c-81ac-60cfce3b0a97</person_id><license_plate>197ME</license_plate><vin>YBJPEMY11RNZ2DSPM</vin><color>SaddleBrown</color><year>1990</year></automobile><automobile><person_id>5921f804-1bd1-4b38-82b2-1ca5ecc30245</person_id><license_plate>ZAM 869</license_plate><vin>X6S6NXRT0AZJKXJY2</vin><color>Bisque</color><year>1971</year></automobile><automobile><person_id>5921f804-1bd1-4b38-82b2-1ca5ecc30245</person_id><license_plate>ERW 356</license_plate><vin>PUF2WDEF01FKGBVJP</vin><color>Green</color><year>1982</year></automobile><automobile><person_id>5921f804-1bd1-4b38-82b2-1ca5ecc30245</person_id><license_plate>AAA-035</license_plate><vin>UUV63BS00W76WHFLS</vin><color>GhostWhite</color><year>1982</year></automobile><automobile><person_id>c11914a9-9654-42e8-a16f-d4f652b9173f</person_id><license_plate>DCY-4051</license_plate><vin>S6C87B982EX5744JV</vin><color>MidnightBlue</color><year>2011</year></automobile><automobile><person_id>f5d0828e-406f-44e6-9b0b-dc66f6cd43fd</person_id><license_plate>953 ZK1</license_plate><vin>0LZCYZGD1DCMZ7GA4</vin><color>LimeGreen</color><year>1983</year></automobile><automobile><person_id>93bd4361-748b-498a-ae57-411d5ce9c5d5</person_id><license_plate>OKA 411</license_plate><vin>3DT1W5AM84F5PSV7G</vin><color>LightSeaGreen</color><year>1989</year></automobile><automobile><person_id>93bd4361-748b-498a-ae57-411d5ce9c5d5</person_id><license_plate>XDC9541</license_plate><vin>719THEDW1LXAWS3RM</vin><color>LavenderBlush</color><year>2016</year></automobile><automobile><person_id>e0782186-73a9-4c28-8bb7-c08f21956855</person_id><license_plate>NM 1460</license_plate><vin>1N9059K93XYW6WV0Y</vin><color>ForestGreen</color><year>1987</year></automobile><automobile><person_id>e0782186-73a9-4c28-8bb7-c08f21956855</person_id><license_plate>66-ME48</license_plate><vin>2A7YA200058YGSV1U</vin><color>Violet</color><year>2003</year></automobile><automobile><person_id>e0782186-73a9-4c28-8bb7-c08f21956855</person_id><license_plate>41-52656</license_plate><vin>BBM7AKWT5T0XJRJR7</vin><color>Indigo</color><year>1973</year></automobile><automobile><person_id>7163378d-9e67-46f9-b252-30b9b5c23e67</person_id><license_plate>2AR 659</license_plate><vin>CSVNCCNC19G1RAHYC</vin><color>Fuchsia</color><year>1980</year></automobile><automobile><person_id>7163378d-9e67-46f9-b252-30b9b5c23e67</person_id><license_plate>519876</license_plate><vin>ZYRLV4SH7BB2ZX9YP</vin><color>LightYellow</color><year>2005</year></automobile><automobile><person_id>41e5a239-e95a-4a5e-8837-b6cc8e91ee7c</person_id><license_plate>M53 6AX</license_plate><vin>29WAREJ58AWMKD3S1</vin><color>SlateGray</color><year>2018</year></automobile><automobile><person_id>41e5a239-e95a-4a5e-8837-b6cc8e91ee7c</person_id><license_plate>2HI R50</license_plate><vin>P1AMNXHTX1Z3S0E97</vin><color>AliceBlue</color><year>2012</year></automobile><automobile><person_id>41e5a239-e95a-4a5e-8837-b6cc8e91ee7c</person_id><license_plate>204 GRJ</license_plate><vin>YMAX42679J0WVC9E5</vin><color>LightGray</color><year>1992</year></automobile><automobile><person_id>542baf50-6ef9-4f51-860d-3f07a827ea8d</person_id><license_plate>EEQ 669</license_plate><vin>K3WPN4DX6PDRY3P6Y</vin><color>Chocolate</color><year>2003</year></automobile><automobile><person_id>44b73cd0-abe1-459b-9a43-6c62baa3483e</person_id><license_plate>450 FUI</license_plate><vin>4EDVTU549PL9YV4AT</vin><color>MediumVioletRed</color><year>2012</year></automobile><automobile><person_id>4c8060d5-1f43-4651-9321-714b711abd16</person_id><license_plate>50-E900</license_plate><vin>N9BJ0NXM7REXZ4DK7</vin><color>DarkGoldenRod</color><year>2015</year></automobile><automobile><person_id>4c8060d5-1f43-4651-9321-714b711abd16</person_id><license_plate>CMZ-1420</license_plate><vin>2C6U2HXR0066W1SWN</vin><color>LightGray</color><year>2011</year></automobile><automobile><person_id>fef58660-da4f-4c00-9b51-534f67037686</person_id><license_plate>UBT 716</license_plate><vin>4VNCPZXJ7MUAWPCHD</vin><color>LightGreen</color><year>1981</year></automobile><automobile><person_id>fef58660-da4f-4c00-9b51-534f67037686</person_id><license_plate>443189</license_plate><vin>NA8LSHXG3S28GV6B4</vin><color>DarkOrange</color><year>1992</year></automobile><automobile><person_id>4cfe3f02-825b-4e8d-a778-1d9a89a74064</person_id><license_plate>0LRY 37</license_plate><vin>4PMGR14UXP98E1LML</vin><color>LightSeaGreen</color><year>2019</year></automobile><automobile><person_id>9f09d206-8a50-44b6-87b7-271f189c2c81</person_id><license_plate>8WD 615</license_plate><vin>BNZLGCZL3PBE9CCZH</vin><color>FloralWhite</color><year>1997</year></automobile><automobile><person_id>9f09d206-8a50-44b6-87b7-271f189c2c81</person_id><license_plate>089 KGJ</license_plate><vin>7RHKVPPDXF5AR133M</vin><color>Olive</color><year>1980</year></automobile><automobile><person_id>820f0c46-b56c-4fc6-9ccd-de68cd77bfbb</person_id><license_plate>007-WYY</license_plate><vin>1PKC74MD6TWMEC0YP</vin><color>LightSeaGreen</color><year>1990</year></automobile><automobile><person_id>820f0c46-b56c-4fc6-9ccd-de68cd77bfbb</person_id><license_plate>584 XLK</license_plate><vin>PH4TX3M69E36EDPAW</vin><color>SeaGreen</color><year>2000</year></automobile><automobile><person_id>423a7bdc-35af-4be2-b2df-f2ba9329e93d</person_id><license_plate>RZC 830</license_plate><vin>5PFG7EHEXDXB1LG1F</vin><color>Magenta</color><year>2013</year></automobile><automobile><person_id>92ab7967-40f6-4390-8b54-c27acfc9eff7</person_id><license_plate>921 BBY</license_plate><vin>9J1P97004HRH2JDST</vin><color>MistyRose</color><year>2004</year></automobile><automobile><person_id>b0cf74f6-9ae1-455e-a5e6-6d517ae24393</person_id><license_plate>8LL3204</license_plate><vin>DTGC1G6D8915HU072</vin><color>SkyBlue</color><year>1978</year></automobile><automobile><person_id>b0cf74f6-9ae1-455e-a5e6-6d517ae24393</person_id><license_plate>MTX 262</license_plate><vin>A078690X2D3GR3T21</vin><color>PowderBlue</color><year>1995</year></automobile><automobile><person_id>fef431f5-55da-4f4f-a006-98181902abcc</person_id><license_plate>RSK 076</license_plate><vin>NP2DU6HV1DAEUJ5TT</vin><color>Fuchsia</color><year>1981</year></automobile><automobile><person_id>fef431f5-55da-4f4f-a006-98181902abcc</person_id><license_plate>RQ9 1647</license_plate><vin>ATVWCXU3XU3A8LARD</vin><color>RoyalBlue</color><year>1989</year></automobile><automobile><person_id>1c3810d3-2a32-436a-842c-50cfb74adec3</person_id><license_plate>GRO-4407</license_plate><vin>903SHTUV5335Y47SX</vin><color>RoyalBlue</color><year>2003</year></automobile><automobile><person_id>e7242535-3b89-453a-bbeb-ec2475257740</person_id><license_plate>PU1 9580</license_plate><vin>H9RX8R1NXW0FJEW0H</vin><color>Coral</color><year>2004</year></automobile><automobile><person_id>22401c57-57f5-4e58-b937-55b5e8fae286</person_id><license_plate>369 3EN</license_plate><vin>H1824Z0Z33UJVCA6K</vin><color>Ivory</color><year>1980</year></automobile><automobile><person_id>22401c57-57f5-4e58-b937-55b5e8fae286</person_id><license_plate>ZTF 207</license_plate><vin>3KRZC4MZ2LJFD14WE</vin><color>RoyalBlue</color><year>1976</year></automobile><automobile><person_id>fb01f212-8cb0-4f73-89ec-70e7b51cf476</person_id><license_plate>4UH 728</license_plate><vin>X0JH78W41ANUVNF4W</vin><color>Cornsilk</color><year>2014</year></automobile><automobile><person_id>fb01f212-8cb0-4f73-89ec-70e7b51cf476</person_id><license_plate>4X S8793</license_plate><vin>MGL0S3UN9V7JH4Y2T</vin><color>PaleGreen</color><year>1989</year></automobile><automobile><person_id>3b4c1197-a470-4913-a73f-191dc51cdf7b</person_id><license_plate>86Q•266</license_plate><vin>FYZTJFJN7FS8K9F4G</vin><color>Indigo</color><year>2007</year></automobile><automobile><person_id>622627f2-d384-4f24-9b66-2e9cde3c058d</person_id><license_plate>3-8919L</license_plate><vin>0T4PSAD3X5K3A26YE</vin><color>DarkGreen</color><year>1987</year></automobile><automobile><person_id>622627f2-d384-4f24-9b66-2e9cde3c058d</person_id><license_plate>3-H9606</license_plate><vin>MTCL33UC36TBKVBW0</vin><color>DodgerBlue</color><year>1985</year></automobile><automobile><person_id>25bb624d-5c15-4c1c-9491-67c48f75d63e</person_id><license_plate>166 QOP</license_plate><vin>1GU6NA2VXK47R45WR</vin><color>LightSalmon</color><year>1973</year></automobile><automobile><person_id>25bb624d-5c15-4c1c-9491-67c48f75d63e</person_id><license_plate>996 UEJ</license_plate><vin>VGNURTGC4D3WLF06K</vin><color>LightSkyBlue</color><year>2003</year></automobile><automobile><person_id>25bb624d-5c15-4c1c-9491-67c48f75d63e</person_id><license_plate>95M 2915</license_plate><vin>BVK32B1P01WW42DHS</vin><color>Yellow</color><year>2008</year></automobile><automobile><person_id>dc0e085a-aba4-4f86-862d-2578d405b416</person_id><license_plate>003U0</license_plate><vin>XRERJXA356EX5JMG6</vin><color>MediumTurquoise</color><year>2020</year></automobile><automobile><person_id>dc0e085a-aba4-4f86-862d-2578d405b416</person_id><license_plate>HTB 237</license_plate><vin>FUX37GLB66A3VEJ3N</vin><color>DimGray</color><year>2004</year></automobile><automobile><person_id>59f92044-73bf-4b32-b174-d2aae1ebc10d</person_id><license_plate>924 FBU</license_plate><vin>UVG9WTME56C0C3A21</vin><color>Gray</color><year>2011</year></automobile><automobile><person_id>59f92044-73bf-4b32-b174-d2aae1ebc10d</person_id><license_plate>565I9</license_plate><vin>R46S4MFW50RHE91P2</vin><color>Gold</color><year>2000</year></automobile><automobile><person_id>c43de4c1-5711-43f3-81cf-6725bf9aae01</person_id><license_plate>KKS7663</license_plate><vin>X3DKDV8E7BW5Z8EFL</vin><color>SeaShell</color><year>1984</year></automobile><automobile><person_id>c43de4c1-5711-43f3-81cf-6725bf9aae01</person_id><license_plate>30R L73</license_plate><vin>U2XYYPVD7PZ0A8Z0N</vin><color>SkyBlue</color><year>2002</year></automobile><automobile><person_id>445150bf-bb2d-4141-aad4-5a1a2d15511f</person_id><license_plate>PDT-4698</license_plate><vin>9TG8BSBGX2511L04F</vin><color>Brown</color><year>1970</year></automobile><automobile><person_id>445150bf-bb2d-4141-aad4-5a1a2d15511f</person_id><license_plate>5JN05</license_plate><vin>YF7PG8SU89PZ5YZRF</vin><color>LemonChiffon</color><year>1982</year></automobile><automobile><person_id>445150bf-bb2d-4141-aad4-5a1a2d15511f</person_id><license_plate>780UQ</license_plate><vin>5A9927EM5ES8765NZ</vin><color>Thistle</color><year>1974</year></automobile><automobile><person_id>9b29fd00-502b-443d-9ba8-b9061913f7d7</person_id><license_plate>NOP-2877</license_plate><vin>U64HZD4Z3HYNTCL9K</vin><color>LightGoldenRodYellow</color><year>2003</year></automobile><automobile><person_id>9b29fd00-502b-443d-9ba8-b9061913f7d7</person_id><license_plate>122-VZM</license_plate><vin>YV087DK07DK0FEPFL</vin><color>HotPink</color><year>1973</year></automobile><automobile><person_id>9b29fd00-502b-443d-9ba8-b9061913f7d7</person_id><license_plate>6-9236S</license_plate><vin>NB7335657DGNNLEXF</vin><color>DodgerBlue</color><year>1974</year></automobile><automobile><person_id>cdef97cf-4931-48fc-a20e-9f1b31017b72</person_id><license_plate>LEP 152</license_plate><vin>SKMXMW381FXGUMWDB</vin><color>MediumVioletRed</color><year>2021</year></automobile><automobile><person_id>a3397aa6-19a8-41db-8ba6-59b6f6e9cb7d</person_id><license_plate>I52-15G</license_plate><vin>VVNDZJ3899LFGL2FA</vin><color>CadetBlue</color><year>1998</year></automobile><automobile><person_id>e3486d27-fc06-4436-b2e2-224b6bd3ba93</person_id><license_plate>KEC 871</license_plate><vin>90ZUE6965GZ4XJ7MV</vin><color>Azure</color><year>1992</year></automobile></automobiles>