<?xml version="1.0" encoding="UTF-8" ?><automobiles><automobile><person_id>62ab9f58-82c6-4df0-9b3a-8ea6eabbb627</person_id><license_plate>35ZQ2</license_plate><vin>NV9PHKKJ1F22R256T</vin><color>LightGray</color><year>2006</year></automobile><automobile><person_id>62ab9f58-82c6-4df0-9b3a-8ea6eabbb627</person_id><license_plate>618-JJN</license_plate><vin>9VZUSSLH0WLF17WF0</vin><color>SlateBlue</color><year>2018</year></automobile><automobile><person_id>bedb4498-2db1-45c5-a7c3-08d0eccbf182</person_id><license_plate>WU1 2967</license_plate><vin>YCFUKMDVXUFMH8CES</vin><color>Thistle</color><year>1991</year></automobile><automobile><person_id>d4479ac2-7740-4734-ac8d-09942dacf840</person_id><license_plate>361535</license_plate><vin>8NFE7S9U9SWN1N6V2</vin><color>OrangeRed</color><year>2002</year></automobile><automobile><person_id>d4479ac2-7740-4734-ac8d-09942dacf840</person_id><license_plate>CUI-410</license_plate><vin>YGU3KWAB1NXKGM1XT</vin><color>Snow</color><year>2022</year></automobile><automobile><person_id>3008b519-b1ac-40c5-ae59-32fe093b7228</person_id><license_plate>5ZK 353</license_plate><vin>985L4FKJ9C847W5G9</vin><color>MediumBlue</color><year>2007</year></automobile><automobile><person_id>dc6522a1-eb0b-4952-8254-fd1c13e67d33</person_id><license_plate>745-ANL</license_plate><vin>LN5J3JTA16L0S2VW1</vin><color>MediumBlue</color><year>1984</year></automobile><automobile><person_id>dc6522a1-eb0b-4952-8254-fd1c13e67d33</person_id><license_plate>174 REY</license_plate><vin>8UGGRXFH7FG6YFU8A</vin><color>ForestGreen</color><year>2006</year></automobile><automobile><person_id>80cc6f8c-a3ff-4c44-8ec6-14a405d7a5bb</person_id><license_plate>OEP-893</license_plate><vin>ER73H0XC3MPVRV1A8</vin><color>MediumSlateBlue</color><year>1996</year></automobile><automobile><person_id>80cc6f8c-a3ff-4c44-8ec6-14a405d7a5bb</person_id><license_plate>GDT-0480</license_plate><vin>32YC8HMN1XB3JFG60</vin><color>Magenta</color><year>2017</year></automobile><automobile><person_id>80cc6f8c-a3ff-4c44-8ec6-14a405d7a5bb</person_id><license_plate>AP4 D9I</license_plate><vin>TB5BL5GBXBJ8LCR20</vin><color>LawnGreen</color><year>2012</year></automobile><automobile><person_id>4886ffcc-cd2d-478a-ab5d-b567dbb98e3a</person_id><license_plate>769 IPQ</license_plate><vin>701H02171KKRSKFD9</vin><color>SaddleBrown</color><year>2016</year></automobile><automobile><person_id>4886ffcc-cd2d-478a-ab5d-b567dbb98e3a</person_id><license_plate>65-KS94</license_plate><vin>BZZ68GNX9DYYFHD9V</vin><color>Khaki</color><year>2012</year></automobile><automobile><person_id>4886ffcc-cd2d-478a-ab5d-b567dbb98e3a</person_id><license_plate>T21-IZI</license_plate><vin>K92DRVJK6ADTZU87R</vin><color>Plum</color><year>2017</year></automobile><automobile><person_id>c01612ba-fed8-478d-8ed0-c8ccef11e32d</person_id><license_plate>702SIG</license_plate><vin>7V3MVF660FWFR22AS</vin><color>Cyan</color><year>1970</year></automobile><automobile><person_id>98b5390e-3061-444a-b4a8-b179018ed901</person_id><license_plate>KLJ7536</license_plate><vin>RB8PKP540XT6RJT0P</vin><color>Orchid</color><year>2015</year></automobile><automobile><person_id>98b5390e-3061-444a-b4a8-b179018ed901</person_id><license_plate>DRT-2381</license_plate><vin>UDG8GT985TGNDLZKJ</vin><color>PowderBlue</color><year>1989</year></automobile><automobile><person_id>2dd5bc50-42cb-4d37-ab0a-630f88daad0c</person_id><license_plate>NCV2205</license_plate><vin>WTZ5H5CS90BCCCNJX</vin><color>RoyalBlue</color><year>2001</year></automobile><automobile><person_id>2dd5bc50-42cb-4d37-ab0a-630f88daad0c</person_id><license_plate>9G 0108K</license_plate><vin>5YXV75R79ZST9JAF0</vin><color>LimeGreen</color><year>1991</year></automobile><automobile><person_id>2dd5bc50-42cb-4d37-ab0a-630f88daad0c</person_id><license_plate>OJP4788</license_plate><vin>93ER60DG3PT9FWE6Z</vin><color>Lime</color><year>1976</year></automobile><automobile><person_id>256847e5-5b8e-4803-826a-ded3183e5b42</person_id><license_plate>616 QQE</license_plate><vin>SX7D0YS27TVH0S169</vin><color>SkyBlue</color><year>2004</year></automobile><automobile><person_id>c9ee7476-9b10-43d5-b3b5-3688563c135c</person_id><license_plate>PMR 692</license_plate><vin>F3MLKTKY49M816GSR</vin><color>Black</color><year>1975</year></automobile><automobile><person_id>7ee7022e-0686-4825-bbe7-99385b7fb12d</person_id><license_plate>3WI65</license_plate><vin>SN3TE6X89HFM3FMZH</vin><color>DarkOliveGreen</color><year>2012</year></automobile><automobile><person_id>1662af28-2566-424e-9f74-bf86ede41015</person_id><license_plate>CUU 614</license_plate><vin>RMWTR8TX8K6GHW02T</vin><color>Silver</color><year>1970</year></automobile><automobile><person_id>d693d81f-da40-4b6c-a72b-1fcaafaaa44b</person_id><license_plate>XIV6854</license_plate><vin>RPWNV9FVXWZXSW4BU</vin><color>Yellow</color><year>2008</year></automobile><automobile><person_id>d693d81f-da40-4b6c-a72b-1fcaafaaa44b</person_id><license_plate>EHH-7491</license_plate><vin>90UE31MU3AGR8TC06</vin><color>PapayaWhip</color><year>2015</year></automobile><automobile><person_id>d693d81f-da40-4b6c-a72b-1fcaafaaa44b</person_id><license_plate>VQ-7550</license_plate><vin>MX31Y76C0WF49BFNM</vin><color>RoyalBlue</color><year>1971</year></automobile><automobile><person_id>d64d53ba-192b-4d0c-b38e-4b0ff131fb8f</person_id><license_plate>644H</license_plate><vin>J6ATKXZJ3J4XPKTMC</vin><color>PowderBlue</color><year>1981</year></automobile><automobile><person_id>73aae25a-1d13-42dc-8c3b-f635a30e5871</person_id><license_plate>YNH-686</license_plate><vin>GLPMY1Y60E5B3LR9T</vin><color>Orange</color><year>1990</year></automobile><automobile><person_id>73aae25a-1d13-42dc-8c3b-f635a30e5871</person_id><license_plate>G 011471</license_plate><vin>5CHYVZKY9JD4GPSG8</vin><color>Chartreuse</color><year>2010</year></automobile><automobile><person_id>73aae25a-1d13-42dc-8c3b-f635a30e5871</person_id><license_plate>255392</license_plate><vin>9WG63AYY4E76ZBJF3</vin><color>Azure</color><year>1998</year></automobile><automobile><person_id>993056d2-31a1-4654-b3aa-b7c971a43994</person_id><license_plate>41-NJ29</license_plate><vin>64SVE7EY1S6WGMA68</vin><color>DeepPink</color><year>2006</year></automobile><automobile><person_id>8f11c9d3-957a-4f12-8c9c-e693bb7aaa1e</person_id><license_plate>7-A2945</license_plate><vin>J7DUJPWF18S0VALAT</vin><color>HotPink</color><year>1979</year></automobile><automobile><person_id>b118d69d-616b-426a-aa1e-7dedfb301be8</person_id><license_plate>2T613</license_plate><vin>5XKWKB945VSBPGSDS</vin><color>DarkMagenta</color><year>1991</year></automobile><automobile><person_id>0ac8eea2-424f-4bad-9381-9c4780356249</person_id><license_plate>8EOL541</license_plate><vin>U7DWXF7EX78EP97LR</vin><color>DeepSkyBlue</color><year>2020</year></automobile><automobile><person_id>0c01a289-9eee-4a08-a331-a6269ddaed02</person_id><license_plate>519 UJS</license_plate><vin>681F2GGR7BRTUPJME</vin><color>Bisque</color><year>2023</year></automobile><automobile><person_id>6e7cd6a4-d7d6-44a0-8719-0cd156775754</person_id><license_plate>SK3 S0A</license_plate><vin>D23RNMR25T72XBRL3</vin><color>Maroon</color><year>1971</year></automobile><automobile><person_id>6e7cd6a4-d7d6-44a0-8719-0cd156775754</person_id><license_plate>016 9VT</license_plate><vin>H2S7GV2L77D1KH26N</vin><color>Purple</color><year>2002</year></automobile><automobile><person_id>6e7cd6a4-d7d6-44a0-8719-0cd156775754</person_id><license_plate>LAX 608</license_plate><vin>AKZ0C37S02LJ9VNYY</vin><color>MidnightBlue</color><year>1994</year></automobile><automobile><person_id>30b2afc8-a18c-4a7c-8977-e4ba68511b92</person_id><license_plate>NFL-260</license_plate><vin>R7NKE7Z18DVXXKHZB</vin><color>Gainsboro</color><year>2000</year></automobile><automobile><person_id>dbf6a65a-7654-413c-8c74-e6f9493130a0</person_id><license_plate>453 VEZ</license_plate><vin>R5V0G4SU59GCGV5LX</vin><color>MistyRose</color><year>1988</year></automobile><automobile><person_id>dbf6a65a-7654-413c-8c74-e6f9493130a0</person_id><license_plate>828-SSF</license_plate><vin>4J10KYC39V1017YTX</vin><color>PaleTurquoise</color><year>1977</year></automobile><automobile><person_id>e521c997-c660-4d54-9e67-ebbad86fe37b</person_id><license_plate>UST-2460</license_plate><vin>8G5CFWJX2ZU0AFX9V</vin><color>LemonChiffon</color><year>2006</year></automobile><automobile><person_id>e521c997-c660-4d54-9e67-ebbad86fe37b</person_id><license_plate>951 JCX</license_plate><vin>RE7GUGCL7UKDC5F84</vin><color>ForestGreen</color><year>1971</year></automobile><automobile><person_id>840c124b-d254-4a2a-a6e3-26551002eec7</person_id><license_plate>VOC2935</license_plate><vin>HG4CK1DX0RDV09YPU</vin><color>IndianRed</color><year>1997</year></automobile><automobile><person_id>8b45cb31-56a3-40e4-b2f5-fc5cacde3c7b</person_id><license_plate>ENY2419</license_plate><vin>MVLKJCT35G4JTKGW2</vin><color>LightGoldenRodYellow</color><year>2020</year></automobile><automobile><person_id>d5c4863b-ac2d-4202-8ba9-82ade372c553</person_id><license_plate>0KF 171</license_plate><vin>97R8MZRTXDM8U0ZYJ</vin><color>Cyan</color><year>2015</year></automobile><automobile><person_id>bf743f31-1528-4ba0-8dff-138f1882249a</person_id><license_plate>UAC 4067</license_plate><vin>TR10BCU15L3KPL69W</vin><color>Lime</color><year>2017</year></automobile><automobile><person_id>bbc2e1d6-4bc7-4df0-aeb9-d592b68a4511</person_id><license_plate>87-37042</license_plate><vin>JFVFP9RPXF8LRA9Y8</vin><color>Tan</color><year>2001</year></automobile><automobile><person_id>1b15b579-0690-47e6-acde-f2de325306b2</person_id><license_plate>341OWN</license_plate><vin>UFJ4ADTG3BFAVPY4X</vin><color>DarkCyan</color><year>2002</year></automobile><automobile><person_id>a1181693-c2e0-4ddc-b117-2591226f04b3</person_id><license_plate>9D 65806</license_plate><vin>G5A25G9M48AV9C0P0</vin><color>Wheat</color><year>1974</year></automobile><automobile><person_id>fd6e1290-611e-4057-80b8-d5b8de37ba9f</person_id><license_plate>8SN B48</license_plate><vin>A24RDUAM2KEDSM0DM</vin><color>Wheat</color><year>1981</year></automobile><automobile><person_id>41ae80ae-aa82-4dd6-a51c-7fc796fbba0a</person_id><license_plate>SPF 405</license_plate><vin>8D5F8K2N3UE3FKTF2</vin><color>Green</color><year>1978</year></automobile><automobile><person_id>9cc24bdd-1cda-4b1c-a8b7-9350ba4e61aa</person_id><license_plate>583-NOS</license_plate><vin>JDA6P1AD0Y05Z5RGD</vin><color>GhostWhite</color><year>2011</year></automobile><automobile><person_id>e6bec254-407d-43e9-bbb6-1e2869360d4d</person_id><license_plate>198Q7</license_plate><vin>X87X2CCA1GPJFSVDB</vin><color>White</color><year>1982</year></automobile><automobile><person_id>f21e4617-9cef-4b8b-b72a-ea630d10f2bf</person_id><license_plate>CXK8455</license_plate><vin>WS40XT2L8E43KB7KH</vin><color>CornflowerBlue</color><year>2008</year></automobile><automobile><person_id>465bce8a-ff74-4bf2-bb5d-4884858440fb</person_id><license_plate>INT-518</license_plate><vin>5RBLY3179SW3YEAC0</vin><color>Cyan</color><year>1985</year></automobile><automobile><person_id>465bce8a-ff74-4bf2-bb5d-4884858440fb</person_id><license_plate>1F 14496</license_plate><vin>24MGE0D91T7G5KLD1</vin><color>Fuchsia</color><year>2021</year></automobile><automobile><person_id>240aeb3b-7e7c-4f65-b41e-d8eca65c5dc6</person_id><license_plate>CLB-9825</license_plate><vin>8L6VK8GR6LXU0SW83</vin><color>BurlyWood</color><year>1992</year></automobile><automobile><person_id>fd5846ba-960b-488c-9df7-1ccdddf353a0</person_id><license_plate>7LO 058</license_plate><vin>A5SUKRWD6ZSZ0RU5B</vin><color>CadetBlue</color><year>2023</year></automobile><automobile><person_id>fd5846ba-960b-488c-9df7-1ccdddf353a0</person_id><license_plate>27-BH46</license_plate><vin>JT4NXWMD9CGN1M0U0</vin><color>DarkSeaGreen</color><year>2010</year></automobile><automobile><person_id>592ef82a-a278-4e5e-8c48-56ef2901ca4e</person_id><license_plate>89CD1</license_plate><vin>YPWHFA857G1MMUN6T</vin><color>DarkSeaGreen</color><year>1982</year></automobile><automobile><person_id>8e62fc42-c16f-4948-9053-1c6d2356a8ca</person_id><license_plate>993-KUO</license_plate><vin>3N8FL9WHX4Y1LVSA5</vin><color>Violet</color><year>2021</year></automobile><automobile><person_id>d7711015-096c-4940-a1e3-9ea56cdb233e</person_id><license_plate>DPQ 027</license_plate><vin>739P1NSU77LJZSU9L</vin><color>Magenta</color><year>1970</year></automobile><automobile><person_id>d7711015-096c-4940-a1e3-9ea56cdb233e</person_id><license_plate>191-ITM</license_plate><vin>3GN33XBY1ZKU6S9NT</vin><color>HoneyDew</color><year>1998</year></automobile><automobile><person_id>d7711015-096c-4940-a1e3-9ea56cdb233e</person_id><license_plate>FA7 5525</license_plate><vin>HPDD4SDT8X0FAJ1SC</vin><color>CornflowerBlue</color><year>2007</year></automobile><automobile><person_id>0c16d3e7-6f3d-42f2-9b96-463dd303a2e6</person_id><license_plate>SIQ K20</license_plate><vin>RYUH36AU1HTNEPLAV</vin><color>OldLace</color><year>2009</year></automobile><automobile><person_id>0c16d3e7-6f3d-42f2-9b96-463dd303a2e6</person_id><license_plate>71-6433V</license_plate><vin>T7CM0FA17JS63YL8A</vin><color>LimeGreen</color><year>2004</year></automobile><automobile><person_id>571364fc-90c6-4380-9da3-03941f88e45a</person_id><license_plate>022-YAQ</license_plate><vin>V04XDRWZ8F21TY52N</vin><color>Peru</color><year>1992</year></automobile><automobile><person_id>571364fc-90c6-4380-9da3-03941f88e45a</person_id><license_plate>46Y VQ6</license_plate><vin>2XXMZ4NZ6K1YXLU2E</vin><color>Beige</color><year>2014</year></automobile><automobile><person_id>571364fc-90c6-4380-9da3-03941f88e45a</person_id><license_plate>MDJ 724</license_plate><vin>87V9NFC28DYSS9H1F</vin><color>Fuchsia</color><year>1998</year></automobile><automobile><person_id>3189be3e-1b99-4561-846c-2cbf5c1511ec</person_id><license_plate>4K 5615K</license_plate><vin>A8E8XBAK2XTYY30J5</vin><color>DodgerBlue</color><year>2021</year></automobile><automobile><person_id>3189be3e-1b99-4561-846c-2cbf5c1511ec</person_id><license_plate>328 YIT</license_plate><vin>9NB1HXK34KEWZZ05D</vin><color>MediumOrchid</color><year>2020</year></automobile><automobile><person_id>3189be3e-1b99-4561-846c-2cbf5c1511ec</person_id><license_plate>45Q 292</license_plate><vin>ZTX245BD9UY55TX19</vin><color>PeachPuff</color><year>1993</year></automobile><automobile><person_id>ef57c368-d66e-4bd7-a608-316cb2b6dd18</person_id><license_plate>C 424988</license_plate><vin>T3BDFZPZ1ZGDD0K54</vin><color>Orange</color><year>2002</year></automobile><automobile><person_id>a8a92144-41c9-4977-94d8-624573f56f18</person_id><license_plate>063 LHM</license_plate><vin>9JFXCJNH9ZEUU69WP</vin><color>DarkBlue</color><year>2015</year></automobile><automobile><person_id>a8a92144-41c9-4977-94d8-624573f56f18</person_id><license_plate>2WU 248</license_plate><vin>N8W9CHL34SD568AN2</vin><color>Lavender</color><year>1970</year></automobile><automobile><person_id>a8a92144-41c9-4977-94d8-624573f56f18</person_id><license_plate>4ZF 321</license_plate><vin>HU23LKAV7B8X7L54H</vin><color>DodgerBlue</color><year>1970</year></automobile><automobile><person_id>f7898cd5-20f3-42f5-be60-284849b45cde</person_id><license_plate>398-252</license_plate><vin>XSPGWK9E1D4NB59UM</vin><color>Moccasin</color><year>1979</year></automobile><automobile><person_id>f7898cd5-20f3-42f5-be60-284849b45cde</person_id><license_plate>ZJF-3592</license_plate><vin>AYL684D11WSYL2PD9</vin><color>LightGray</color><year>1979</year></automobile><automobile><person_id>f0b07e91-d4ae-4e05-a98e-fa1954904360</person_id><license_plate>MP2 H0R</license_plate><vin>M86DMVK33FW780FD5</vin><color>DarkGray</color><year>1999</year></automobile><automobile><person_id>68eaacfd-ca9e-4f39-910d-7e585053fb62</person_id><license_plate>115V</license_plate><vin>M01GP8UG5YXPT9550</vin><color>SeaGreen</color><year>2015</year></automobile><automobile><person_id>68eaacfd-ca9e-4f39-910d-7e585053fb62</person_id><license_plate>PG 2473</license_plate><vin>NKLC3Z6M6SLCL8M2K</vin><color>BlanchedAlmond</color><year>1979</year></automobile><automobile><person_id>68eaacfd-ca9e-4f39-910d-7e585053fb62</person_id><license_plate>6I 4S4KVF</license_plate><vin>67SDBXAK8BYRMSSP8</vin><color>Violet</color><year>1978</year></automobile><automobile><person_id>6919540a-8f18-4126-86a9-0fd262d9d736</person_id><license_plate>74-0058W</license_plate><vin>K25SJ7V53T7FWS5P5</vin><color>DarkMagenta</color><year>1990</year></automobile><automobile><person_id>13c7bbec-7675-4ea1-a1b9-c6eac2c6f613</person_id><license_plate>341-ZJA</license_plate><vin>CE8NWHB31VJ71CM14</vin><color>Turquoise</color><year>1985</year></automobile><automobile><person_id>13c7bbec-7675-4ea1-a1b9-c6eac2c6f613</person_id><license_plate>P20 5EN</license_plate><vin>946XB4ZP9K6P3XP12</vin><color>DeepSkyBlue</color><year>1970</year></automobile><automobile><person_id>13c7bbec-7675-4ea1-a1b9-c6eac2c6f613</person_id><license_plate>EHG 962</license_plate><vin>9Y8DY52X79Y455DVG</vin><color>Green</color><year>2011</year></automobile><automobile><person_id>7267cd8a-4028-4658-bc76-4f78bc261264</person_id><license_plate>0Z N9427</license_plate><vin>EW4C1RNV2ZX2M0UTM</vin><color>SandyBrown</color><year>1994</year></automobile><automobile><person_id>7267cd8a-4028-4658-bc76-4f78bc261264</person_id><license_plate>377 DTL</license_plate><vin>YSWYNG5V12CUH2YPY</vin><color>LightGoldenRodYellow</color><year>1976</year></automobile><automobile><person_id>4ba760ca-0d91-4ee0-aeb5-b6d77891b9ac</person_id><license_plate>99V•622</license_plate><vin>KZA75YB28Y6VK2XFB</vin><color>LightSeaGreen</color><year>1993</year></automobile><automobile><person_id>d8dee085-f3d6-46d6-965b-e7974e7b5c4b</person_id><license_plate>605XC</license_plate><vin>92JYGHZEXRUVYBKEA</vin><color>LightSeaGreen</color><year>1984</year></automobile><automobile><person_id>d8dee085-f3d6-46d6-965b-e7974e7b5c4b</person_id><license_plate>KSR 069</license_plate><vin>GTREEXVG0MAKJJKD4</vin><color>Cyan</color><year>2014</year></automobile><automobile><person_id>d8dee085-f3d6-46d6-965b-e7974e7b5c4b</person_id><license_plate>738 1933</license_plate><vin>0L5LESYN2JN02GTV9</vin><color>LightYellow</color><year>2002</year></automobile><automobile><person_id>39ffa1d1-6a72-4f40-b534-f6b540592267</person_id><license_plate>9OW 251</license_plate><vin>YVL1257W1FGDUNY3Y</vin><color>SeaShell</color><year>2020</year></automobile><automobile><person_id>747df3be-f08a-4ba3-9b08-623e6f2ef782</person_id><license_plate>VVB 544</license_plate><vin>N6EEAREY5239579SD</vin><color>SteelBlue</color><year>1985</year></automobile><automobile><person_id>747df3be-f08a-4ba3-9b08-623e6f2ef782</person_id><license_plate>GMI8532</license_plate><vin>FWG0NHK70JKA3Z480</vin><color>Lime</color><year>1996</year></automobile><automobile><person_id>2b61ae46-ce5a-446b-be88-faaad1421e8b</person_id><license_plate>714 DMW</license_plate><vin>BMYU0RPM45U5S3DJ8</vin><color>SeaGreen</color><year>1983</year></automobile><automobile><person_id>5019c078-dc33-4cb8-aff1-5713ee0fb92a</person_id><license_plate>RPI 297</license_plate><vin>PYTKGWPHX7F47KSUG</vin><color>Sienna</color><year>2007</year></automobile><automobile><person_id>d17699d9-bb2a-4499-8a04-283689e4ce70</person_id><license_plate>962 JOW</license_plate><vin>3DNCK3FT0L20J5PLD</vin><color>DarkMagenta</color><year>1994</year></automobile><automobile><person_id>d17699d9-bb2a-4499-8a04-283689e4ce70</person_id><license_plate>UAR 494</license_plate><vin>32J3A3067YAR7E5E2</vin><color>DarkMagenta</color><year>1978</year></automobile><automobile><person_id>d17699d9-bb2a-4499-8a04-283689e4ce70</person_id><license_plate>990A3</license_plate><vin>ZRP7BECN99NHWJMD0</vin><color>LightCyan</color><year>2008</year></automobile><automobile><person_id>598278ec-bd69-4089-aa2a-ff3aac75a663</person_id><license_plate>1-M8694</license_plate><vin>4JYWJHYG19HK1WJF2</vin><color>AliceBlue</color><year>2009</year></automobile><automobile><person_id>c4b5af9f-f5c9-4883-89b8-2b973233ec72</person_id><license_plate>QAL 788</license_plate><vin>BNMHL1SW8BB1KEWGN</vin><color>LavenderBlush</color><year>1991</year></automobile><automobile><person_id>c4b5af9f-f5c9-4883-89b8-2b973233ec72</person_id><license_plate>DWD-8845</license_plate><vin>U4LK53LZ7PHCM8GJJ</vin><color>DeepPink</color><year>1984</year></automobile><automobile><person_id>59b1c512-6f44-4079-93db-1ba8b990ad91</person_id><license_plate>SYW4509</license_plate><vin>U5LAVXGW8MS330R8B</vin><color>Azure</color><year>1986</year></automobile><automobile><person_id>a4e78628-d374-4585-bf67-530de810c53e</person_id><license_plate>MDJ 681</license_plate><vin>LU04WACX945T6D5PG</vin><color>YellowGreen</color><year>1975</year></automobile><automobile><person_id>f7143c78-658b-41ea-8957-2323f09f7df1</person_id><license_plate>XS 23493</license_plate><vin>MZS8TVBT7L505WXBF</vin><color>Pink</color><year>1984</year></automobile><automobile><person_id>d4aa5f2f-0dea-49da-8ba7-0ab513d5502d</person_id><license_plate>07H 2806</license_plate><vin>LWCBVXZW4UUG13V4T</vin><color>Teal</color><year>2006</year></automobile><automobile><person_id>d4aa5f2f-0dea-49da-8ba7-0ab513d5502d</person_id><license_plate>7B HE914</license_plate><vin>2U4G35162U8SFT0DR</vin><color>OldLace</color><year>1982</year></automobile><automobile><person_id>775fe813-fcaa-4ec9-9e2c-1d72020e0c81</person_id><license_plate>B08-96E</license_plate><vin>DN0ZLU086S17YWH5D</vin><color>DimGray</color><year>2023</year></automobile><automobile><person_id>775fe813-fcaa-4ec9-9e2c-1d72020e0c81</person_id><license_plate>5-0615C</license_plate><vin>0T102Y2618YBM4DXV</vin><color>Sienna</color><year>2008</year></automobile><automobile><person_id>775fe813-fcaa-4ec9-9e2c-1d72020e0c81</person_id><license_plate>8A 3759C</license_plate><vin>DN6US8M143MSHA4LN</vin><color>PeachPuff</color><year>1973</year></automobile><automobile><person_id>1ee91258-2371-4205-b6da-0211817072b7</person_id><license_plate>59Y 6102</license_plate><vin>52VR4YTV7H0E7SL43</vin><color>Gold</color><year>1971</year></automobile><automobile><person_id>5d0d7de3-d8fc-491e-bdfa-da116bec66d2</person_id><license_plate>8KE8607</license_plate><vin>K5F5MN971NG18HDUD</vin><color>Aqua</color><year>2003</year></automobile><automobile><person_id>5d0d7de3-d8fc-491e-bdfa-da116bec66d2</person_id><license_plate>76E 542</license_plate><vin>NBXNUVJS7DV6MR9P9</vin><color>LightBlue</color><year>2004</year></automobile><automobile><person_id>f445ce8f-2eb1-4a6b-bd14-438b03c3d099</person_id><license_plate>250-CYK</license_plate><vin>0H0N40N58T748VL0R</vin><color>Peru</color><year>2010</year></automobile><automobile><person_id>f445ce8f-2eb1-4a6b-bd14-438b03c3d099</person_id><license_plate>HZH 030</license_plate><vin>PXS9SG0S914EM6XUA</vin><color>Khaki</color><year>1984</year></automobile><automobile><person_id>9cb344b3-c2c2-4ca8-9b8e-2d1295b5905a</person_id><license_plate>7-89917A</license_plate><vin>6ZPZA2XBXLHZHCRBS</vin><color>Peru</color><year>1985</year></automobile><automobile><person_id>55f12f9d-82fa-40b0-9478-87bcd7c7fd4f</person_id><license_plate>421-HLI</license_plate><vin>XH2WG90J6KAPVJ5PN</vin><color>LightCyan</color><year>2011</year></automobile><automobile><person_id>2c379bad-45a3-4afb-bf3a-6a6886a0fba2</person_id><license_plate>1JF M17</license_plate><vin>TZYHWRVS2B1AAR721</vin><color>MediumOrchid</color><year>1979</year></automobile><automobile><person_id>d3a49f62-cecb-4349-862f-bd12a2a4b6c7</person_id><license_plate>XK 16142</license_plate><vin>VR40LB9T7JBLZLLA7</vin><color>Ivory</color><year>1986</year></automobile><automobile><person_id>21adb9c4-33d5-468e-98b6-85800b8c0069</person_id><license_plate>25V 332</license_plate><vin>NP0GYG3M5U1SL4LUP</vin><color>PowderBlue</color><year>2020</year></automobile><automobile><person_id>21adb9c4-33d5-468e-98b6-85800b8c0069</person_id><license_plate>369 WYO</license_plate><vin>SY5N64U11300LER5R</vin><color>Yellow</color><year>1997</year></automobile><automobile><person_id>fe1ea23e-9ca4-4d38-81c0-d5c31b46fd6b</person_id><license_plate>37-WK77</license_plate><vin>PE6UENFF2YG9TBP7U</vin><color>Chocolate</color><year>2022</year></automobile></automobiles>