<?xml version="1.0" encoding="UTF-8" ?><automobiles><automobile><person_id>a8ae1b68-4cf6-48ea-b385-2edf5f0affa4</person_id><license_plate>3UDF828</license_plate><vin>YWTUTLCU7GM1BYUM5</vin><color>MediumAquaMarine</color><year>1999</year></automobile><automobile><person_id>2288e2e0-18b7-4904-a5aa-87a394459a09</person_id><license_plate>2XN Z71</license_plate><vin>B821CCR228WUXJH23</vin><color>LightGreen</color><year>1994</year></automobile><automobile><person_id>e2680bc7-a6d4-491a-9d8e-3fdc1a3d2aa1</person_id><license_plate>TGV 595</license_plate><vin>TSYPX5YA5S5EDJ4XU</vin><color>SlateBlue</color><year>1998</year></automobile><automobile><person_id>e2680bc7-a6d4-491a-9d8e-3fdc1a3d2aa1</person_id><license_plate>2-05675</license_plate><vin>SB7MWLPW0AD20Z3V2</vin><color>Turquoise</color><year>2022</year></automobile><automobile><person_id>e2680bc7-a6d4-491a-9d8e-3fdc1a3d2aa1</person_id><license_plate>631-SYH</license_plate><vin>DLCTY5C8XGR0A6KU9</vin><color>Gold</color><year>1999</year></automobile><automobile><person_id>4160b909-111c-407d-af46-5b2d32e08517</person_id><license_plate>997-AQN</license_plate><vin>0UMJK0388664PVBFD</vin><color>Bisque</color><year>1970</year></automobile><automobile><person_id>4160b909-111c-407d-af46-5b2d32e08517</person_id><license_plate>52Y H29</license_plate><vin>P7X378ZH8ZVE9TXT3</vin><color>LightCyan</color><year>1985</year></automobile><automobile><person_id>e2c9ba1c-d0b8-42f9-89d5-d027e9772cc4</person_id><license_plate>YHV 135</license_plate><vin>WWP7ADTA972AU0DB4</vin><color>DeepPink</color><year>2011</year></automobile><automobile><person_id>e2c9ba1c-d0b8-42f9-89d5-d027e9772cc4</person_id><license_plate>54-4224S</license_plate><vin>UEP75TTE2DZ9D88NU</vin><color>GoldenRod</color><year>1992</year></automobile><automobile><person_id>e2c9ba1c-d0b8-42f9-89d5-d027e9772cc4</person_id><license_plate>NPK-536</license_plate><vin>492VSCL4XMKPPT6NX</vin><color>LightGreen</color><year>2000</year></automobile><automobile><person_id>0bc876cd-b660-4a77-b341-14e78e75c355</person_id><license_plate>OOK-000</license_plate><vin>BF75ZP4T9HSZ6NRN5</vin><color>MediumBlue</color><year>2001</year></automobile><automobile><person_id>0bc876cd-b660-4a77-b341-14e78e75c355</person_id><license_plate>EXC-019</license_plate><vin>TF37ZFAM8VHR674HY</vin><color>Red</color><year>1985</year></automobile><automobile><person_id>749153d9-c083-4b4e-945d-ad81bdbfeb30</person_id><license_plate>CSA 295</license_plate><vin>UX6Y68CB2YZWBY7RT</vin><color>LightSteelBlue</color><year>2014</year></automobile><automobile><person_id>5e5dbfa0-6c70-4ffb-a920-b05bed7c8bfd</person_id><license_plate>76N D25</license_plate><vin>MCRWEXK311J0N7J7F</vin><color>OrangeRed</color><year>1979</year></automobile><automobile><person_id>5e5dbfa0-6c70-4ffb-a920-b05bed7c8bfd</person_id><license_plate>3ED D60</license_plate><vin>AW5CSY6N1CYNBL28W</vin><color>LightCoral</color><year>1982</year></automobile><automobile><person_id>5e5dbfa0-6c70-4ffb-a920-b05bed7c8bfd</person_id><license_plate>20-T391</license_plate><vin>2MH6J0528M4TWT5VR</vin><color>SeaShell</color><year>2023</year></automobile><automobile><person_id>ff1c51a8-343a-4b17-ae80-8c8665870296</person_id><license_plate>ZPH 465</license_plate><vin>LZSSHF5L8TVHCCWDA</vin><color>PaleVioletRed</color><year>2014</year></automobile><automobile><person_id>ff1c51a8-343a-4b17-ae80-8c8665870296</person_id><license_plate>55TR254</license_plate><vin>TPZF2R1JX276B7P9L</vin><color>DarkKhaki</color><year>2002</year></automobile><automobile><person_id>c68d1792-9958-4b15-aa1c-bee1bdcf1e91</person_id><license_plate>HBP 134</license_plate><vin>MB79FJA76HHLZRG7U</vin><color>DeepPink</color><year>1989</year></automobile><automobile><person_id>c68d1792-9958-4b15-aa1c-bee1bdcf1e91</person_id><license_plate>438 BML</license_plate><vin>S4WBW3951E8ZST5RS</vin><color>LightSlateGray</color><year>2002</year></automobile><automobile><person_id>c68d1792-9958-4b15-aa1c-bee1bdcf1e91</person_id><license_plate>PXM 088</license_plate><vin>8PA5T33R80WWZ0YV9</vin><color>DarkOrchid</color><year>1985</year></automobile><automobile><person_id>53d4ad9d-84e7-43c7-8a02-dfea65d3424e</person_id><license_plate>8BS0549</license_plate><vin>DBZVTCET03RXW87TB</vin><color>SteelBlue</color><year>1988</year></automobile><automobile><person_id>53d4ad9d-84e7-43c7-8a02-dfea65d3424e</person_id><license_plate>2X203</license_plate><vin>ZY0A8TKL5VXP9832D</vin><color>Peru</color><year>1976</year></automobile><automobile><person_id>e23e0213-fd06-4adb-8147-989091e37a48</person_id><license_plate>PED-8874</license_plate><vin>PLY5FEAS1MKF1SXCC</vin><color>White</color><year>1976</year></automobile><automobile><person_id>a62a171b-c5db-4d78-87f1-cc9121bc3696</person_id><license_plate>9656</license_plate><vin>DUXA5GK28PYM0XNTA</vin><color>DimGray</color><year>2001</year></automobile><automobile><person_id>a19730ae-4f7d-4296-b307-4e32cabdcec3</person_id><license_plate>Y99 9ER</license_plate><vin>VZWHVGR825V0EU8CP</vin><color>Azure</color><year>1998</year></automobile><automobile><person_id>a19730ae-4f7d-4296-b307-4e32cabdcec3</person_id><license_plate>IJ 38081</license_plate><vin>Z9GDXEEJ35XK9BV9F</vin><color>GreenYellow</color><year>2013</year></automobile><automobile><person_id>6e4eda36-8a22-4df5-9fe3-d5b4e27da44a</person_id><license_plate>BGW 908</license_plate><vin>9JUFEMLTXP77UPWPE</vin><color>OrangeRed</color><year>1987</year></automobile><automobile><person_id>9935de81-5c23-4432-b482-9ebf27a88ad5</person_id><license_plate>779-JAU</license_plate><vin>ZU9CPYH0927NX2TT4</vin><color>DarkMagenta</color><year>1980</year></automobile><automobile><person_id>9935de81-5c23-4432-b482-9ebf27a88ad5</person_id><license_plate>7DDF 22</license_plate><vin>PWNS2XTV18BPAUBEE</vin><color>Chartreuse</color><year>1976</year></automobile><automobile><person_id>1695e0ab-4b8b-4384-8aa3-dea901ef3e15</person_id><license_plate>105-ISW</license_plate><vin>3D3XNDKN3P0KNWLUX</vin><color>GhostWhite</color><year>1980</year></automobile><automobile><person_id>c813d4a8-e6cd-4229-8e85-403f076abfc0</person_id><license_plate>8SX 068</license_plate><vin>Z1HX51S97TNA8AJJF</vin><color>LightCyan</color><year>1990</year></automobile><automobile><person_id>c813d4a8-e6cd-4229-8e85-403f076abfc0</person_id><license_plate>271 1CF</license_plate><vin>04N5HPY80AY2AAE1N</vin><color>Bisque</color><year>2019</year></automobile><automobile><person_id>d211ba84-3ca7-4d6a-840e-7a2c559e7228</person_id><license_plate>1YD3895</license_plate><vin>8T2U0LTF7R6LXH1UR</vin><color>Chocolate</color><year>1976</year></automobile><automobile><person_id>d211ba84-3ca7-4d6a-840e-7a2c559e7228</person_id><license_plate>W09 0CC</license_plate><vin>MF8USHM23P98UUR5V</vin><color>Cyan</color><year>1979</year></automobile><automobile><person_id>fd574cd6-eec8-4891-9797-d71c80f31ab3</person_id><license_plate>JJD 263</license_plate><vin>A0CFGTYR91281DMY2</vin><color>BlanchedAlmond</color><year>1989</year></automobile><automobile><person_id>c8e7e3ca-614a-402f-818b-39a9a7bf78b9</person_id><license_plate>ULS8870</license_plate><vin>2CGFJ9US494X7WN9T</vin><color>BlanchedAlmond</color><year>1978</year></automobile><automobile><person_id>7c6d47d5-38f7-47dc-9958-4d136d442571</person_id><license_plate>582-QAG</license_plate><vin>9YCVHY7H1F0XZCZTJ</vin><color>DarkGray</color><year>2022</year></automobile><automobile><person_id>0132c170-5954-4187-8112-f4b637c37518</person_id><license_plate>05W TR8</license_plate><vin>59LAGC1G1983223V1</vin><color>GoldenRod</color><year>2018</year></automobile><automobile><person_id>0132c170-5954-4187-8112-f4b637c37518</person_id><license_plate>619 8IW</license_plate><vin>5UADRAWS327FL57G2</vin><color>MidnightBlue</color><year>2001</year></automobile><automobile><person_id>0132c170-5954-4187-8112-f4b637c37518</person_id><license_plate>V85 2DD</license_plate><vin>A736HR925ERBJ21AF</vin><color>MediumSeaGreen</color><year>2024</year></automobile><automobile><person_id>0ce0860f-fe55-49dd-af64-6e77e3620b17</person_id><license_plate>MSR 854</license_plate><vin>98Z59FBU5M9BZAKMH</vin><color>Maroon</color><year>1978</year></automobile><automobile><person_id>4c8c61c8-d7d3-459f-9526-fca868831d41</person_id><license_plate>R68-OJJ</license_plate><vin>GCH35GRG2V16DYG6F</vin><color>SlateBlue</color><year>1995</year></automobile><automobile><person_id>9a354ce3-64fa-4866-988a-d16a6580deb4</person_id><license_plate>6RV 633</license_plate><vin>7NENUABJ54TUB28PS</vin><color>LightGreen</color><year>2015</year></automobile><automobile><person_id>9a354ce3-64fa-4866-988a-d16a6580deb4</person_id><license_plate>I64 7OH</license_plate><vin>NMTGH0R55FTSF6R49</vin><color>DarkKhaki</color><year>2008</year></automobile><automobile><person_id>712cf74a-c199-4141-89e4-5beba74a091b</person_id><license_plate>4BR 696</license_plate><vin>8M66PD5A4SVA9KU78</vin><color>DarkKhaki</color><year>1978</year></automobile><automobile><person_id>712cf74a-c199-4141-89e4-5beba74a091b</person_id><license_plate>LSM 046</license_plate><vin>XXKE3GBT7KENK6FH0</vin><color>DarkOrange</color><year>1983</year></automobile><automobile><person_id>f43df674-7289-417a-9539-c8c07375c601</person_id><license_plate>694-YXZ</license_plate><vin>954T68VY0ZDG150PD</vin><color>LightSlateGray</color><year>1986</year></automobile><automobile><person_id>8a809a50-fbed-483c-9d79-187399d156ba</person_id><license_plate>13H 2633</license_plate><vin>M9ENL6080T560LXWE</vin><color>Crimson</color><year>1995</year></automobile><automobile><person_id>21632861-c131-48c8-be90-a7a1391fcead</person_id><license_plate>141 7DB</license_plate><vin>AKW2J6Y97B3RWWKUH</vin><color>MediumTurquoise</color><year>2002</year></automobile><automobile><person_id>27831399-b6a8-430d-9f54-0ced7702067e</person_id><license_plate>043 PWZ</license_plate><vin>07X9560X8P806EB3N</vin><color>Linen</color><year>1970</year></automobile><automobile><person_id>27831399-b6a8-430d-9f54-0ced7702067e</person_id><license_plate>CNV 202</license_plate><vin>VZAEBFA40EPMVSXEK</vin><color>BlanchedAlmond</color><year>2008</year></automobile><automobile><person_id>f83d5eeb-8343-4197-8fe4-fd93a086fea9</person_id><license_plate>333-FZV</license_plate><vin>FLXAFESE7C947MA6Y</vin><color>Chartreuse</color><year>2004</year></automobile><automobile><person_id>244e323b-a74c-412e-a1b6-72d2fe200f26</person_id><license_plate>903-MGRQ</license_plate><vin>115YYR9Y1C8221L5T</vin><color>Cornsilk</color><year>1978</year></automobile><automobile><person_id>244e323b-a74c-412e-a1b6-72d2fe200f26</person_id><license_plate>PQI1688</license_plate><vin>MT3BHSNK4M8K0LXRF</vin><color>Maroon</color><year>1973</year></automobile><automobile><person_id>244e323b-a74c-412e-a1b6-72d2fe200f26</person_id><license_plate>36-SR97</license_plate><vin>TMVVLJ498LC9EWNNU</vin><color>SeaGreen</color><year>1990</year></automobile><automobile><person_id>db9108c4-2727-4fbd-9398-2d5ba4e46353</person_id><license_plate>304K</license_plate><vin>Y8W4ZKGP3N4TU1ENW</vin><color>WhiteSmoke</color><year>2004</year></automobile><automobile><person_id>db9108c4-2727-4fbd-9398-2d5ba4e46353</person_id><license_plate>LTI 730</license_plate><vin>PZE6WTWT209KS7HFH</vin><color>LawnGreen</color><year>1980</year></automobile><automobile><person_id>7afb0c8b-9439-4fd8-a3e6-6e904a298600</person_id><license_plate>591 PZS</license_plate><vin>F1Y4T9PB7CDKKN1BE</vin><color>Linen</color><year>1973</year></automobile><automobile><person_id>5cf81768-239d-4c22-881c-32fe5f3114dc</person_id><license_plate>24N N46</license_plate><vin>6ULMD8SR6H9ZB4ALF</vin><color>MediumSeaGreen</color><year>2024</year></automobile><automobile><person_id>5cf81768-239d-4c22-881c-32fe5f3114dc</person_id><license_plate>4NQE944</license_plate><vin>4AMYMSBX8WNU0PH3Z</vin><color>Khaki</color><year>2015</year></automobile><automobile><person_id>2ba284b1-8a11-447c-871c-7b5450aebefb</person_id><license_plate>3H C3540</license_plate><vin>9G9Y3UJ2XD5J0XN1S</vin><color>SandyBrown</color><year>1971</year></automobile><automobile><person_id>2ba284b1-8a11-447c-871c-7b5450aebefb</person_id><license_plate>84P•190</license_plate><vin>7G1NZ95K2H4K5WWNZ</vin><color>Lavender</color><year>1990</year></automobile><automobile><person_id>529b49d5-4b20-40e4-914a-3322f5f85101</person_id><license_plate>91Q J70</license_plate><vin>B4KKNUER9CG9MJBJ5</vin><color>Pink</color><year>1982</year></automobile><automobile><person_id>ce37ee52-1b25-4d13-b913-561b11776f6e</person_id><license_plate>4JN L99</license_plate><vin>E1RY2DSP50W69NW34</vin><color>AntiqueWhite</color><year>2005</year></automobile><automobile><person_id>bd4a9e5e-db94-46b6-9252-176fd9e26300</person_id><license_plate>YG6 F8O</license_plate><vin>SPUY0TY095P0VRHE3</vin><color>MistyRose</color><year>1988</year></automobile><automobile><person_id>bd4a9e5e-db94-46b6-9252-176fd9e26300</person_id><license_plate>826 AKB</license_plate><vin>KB0UZTBV9F925DCJ9</vin><color>BlueViolet</color><year>1980</year></automobile><automobile><person_id>8667cc94-9ec7-42f9-a429-59571badd54b</person_id><license_plate>HWT-722</license_plate><vin>X7N7HV2B3JE7M59CE</vin><color>Yellow</color><year>2011</year></automobile><automobile><person_id>8667cc94-9ec7-42f9-a429-59571badd54b</person_id><license_plate>WXP-1714</license_plate><vin>BJSRNP7E1CJM8WZ1E</vin><color>SlateGray</color><year>2013</year></automobile><automobile><person_id>8667cc94-9ec7-42f9-a429-59571badd54b</person_id><license_plate>8IP P70</license_plate><vin>RTSXZNVA7FP4DLJS8</vin><color>OrangeRed</color><year>1996</year></automobile><automobile><person_id>dbe9e543-69e3-4260-a4f6-f28f70798c41</person_id><license_plate>KTL 969</license_plate><vin>U1LGB8H441K7PXMS7</vin><color>PapayaWhip</color><year>1992</year></automobile><automobile><person_id>f06de48b-d5a0-4c53-ad61-31fe809165c0</person_id><license_plate>UU0 0651</license_plate><vin>XYJGMHH895ZRR7HR4</vin><color>PaleGreen</color><year>2012</year></automobile><automobile><person_id>f06de48b-d5a0-4c53-ad61-31fe809165c0</person_id><license_plate>5-Q3947</license_plate><vin>X8377PZ6838B6P5AF</vin><color>Tan</color><year>1996</year></automobile><automobile><person_id>a3a4f3b2-9ce2-45ff-b7a8-5865f0af17ff</person_id><license_plate>160 VIH</license_plate><vin>P82P07D04RX229P4M</vin><color>Lavender</color><year>2022</year></automobile><automobile><person_id>06b26d8c-c3da-4274-b86a-e56eed0764fc</person_id><license_plate>56N 7927</license_plate><vin>MD0AYG0J3M5UW49JL</vin><color>SeaGreen</color><year>2000</year></automobile><automobile><person_id>0adae7e4-faef-47a0-ac26-f53fe4968ea8</person_id><license_plate>WFK 286</license_plate><vin>WS4A18WX9DM40EAL2</vin><color>OrangeRed</color><year>1996</year></automobile><automobile><person_id>0adae7e4-faef-47a0-ac26-f53fe4968ea8</person_id><license_plate>GMA-566</license_plate><vin>9JX7345U40JRYZSKX</vin><color>SandyBrown</color><year>1987</year></automobile><automobile><person_id>c471d11e-beb5-4b27-931f-eed94ec3fa59</person_id><license_plate>JDV-527</license_plate><vin>BUXJ0ZD21SHYTN856</vin><color>LightYellow</color><year>1978</year></automobile><automobile><person_id>c471d11e-beb5-4b27-931f-eed94ec3fa59</person_id><license_plate>2-F4108</license_plate><vin>W9V4U6GR6DAUXNGZ4</vin><color>Brown</color><year>1997</year></automobile><automobile><person_id>c6a2baf3-d64c-4437-8fc0-b3010e52832b</person_id><license_plate>8N 8K9TOC</license_plate><vin>C1041VM596SRKEC0Z</vin><color>CornflowerBlue</color><year>1992</year></automobile><automobile><person_id>419d6ea6-9545-45ca-bc7d-717a88ca556a</person_id><license_plate>472 HXD</license_plate><vin>H2FYS91440TJDXKEW</vin><color>DarkKhaki</color><year>1974</year></automobile><automobile><person_id>273e2c01-85d4-4958-b1c3-0f83e8886452</person_id><license_plate>ZRK 334</license_plate><vin>BE5T9FW2X8E2KHCLG</vin><color>DeepSkyBlue</color><year>1975</year></automobile><automobile><person_id>5cb20c93-408e-48a4-8821-33382649d17b</person_id><license_plate>46-SF18</license_plate><vin>N4CDSW9J6LH5DTMFV</vin><color>Blue</color><year>2016</year></automobile><automobile><person_id>5cb20c93-408e-48a4-8821-33382649d17b</person_id><license_plate>IV8 0336</license_plate><vin>SW0EKHDC7TXKUCHNF</vin><color>DodgerBlue</color><year>2006</year></automobile><automobile><person_id>5cb20c93-408e-48a4-8821-33382649d17b</person_id><license_plate>VI 1425</license_plate><vin>UKMLF60W260ZWTYSY</vin><color>LightGreen</color><year>1974</year></automobile><automobile><person_id>194ad62c-7064-45c5-9f4b-18c02b881cde</person_id><license_plate>2Q653</license_plate><vin>SD31Y4305W73FUKFY</vin><color>LimeGreen</color><year>1974</year></automobile><automobile><person_id>194ad62c-7064-45c5-9f4b-18c02b881cde</person_id><license_plate>GRN 930</license_plate><vin>MGMBGUDH2V6T62XAD</vin><color>PaleGreen</color><year>2020</year></automobile><automobile><person_id>8dd50796-3d81-497b-afcd-179f4d3b057f</person_id><license_plate>441 RPM</license_plate><vin>T2VJ2XBC299CDRRAA</vin><color>FloralWhite</color><year>1976</year></automobile><automobile><person_id>569c6121-0178-4008-9338-ce98b58ef19e</person_id><license_plate>444-YZJ</license_plate><vin>EB5XG4SA83W0W6Z05</vin><color>Moccasin</color><year>1971</year></automobile><automobile><person_id>5f073c34-1cff-4841-9b56-a316ed792a70</person_id><license_plate>262 XOR</license_plate><vin>T10U7HB59XH4DZXPM</vin><color>BlueViolet</color><year>2021</year></automobile><automobile><person_id>2c6f9d91-e435-4c70-8b33-f811838d32b1</person_id><license_plate>NXE 473</license_plate><vin>BN25EDUFXF39Z290V</vin><color>MediumPurple</color><year>2023</year></automobile><automobile><person_id>dd90ade7-063e-429a-960c-689caf025500</person_id><license_plate>2-0748J</license_plate><vin>RRN4HG0A8SRJRSZFR</vin><color>Lime</color><year>1978</year></automobile><automobile><person_id>dd90ade7-063e-429a-960c-689caf025500</person_id><license_plate>3ZNU 12</license_plate><vin>JHVKUE1684DV9J3X6</vin><color>DarkGoldenRod</color><year>1979</year></automobile><automobile><person_id>aab39e0e-2148-4ba7-90cf-ea9e285979bc</person_id><license_plate>621 XFD</license_plate><vin>41WX64VYXU3RAB6HH</vin><color>DimGray</color><year>1994</year></automobile><automobile><person_id>7b226f34-5c11-4751-9fe1-bc9bf894fa51</person_id><license_plate>353 2NN</license_plate><vin>MR6WDNVH8YEKC12DM</vin><color>MediumSpringGreen</color><year>1989</year></automobile><automobile><person_id>95561cfe-1b65-4ec8-8dd3-57ec69ced802</person_id><license_plate>145D</license_plate><vin>8HJD6Y0V0AV9PVC5F</vin><color>IndianRed</color><year>2007</year></automobile><automobile><person_id>95561cfe-1b65-4ec8-8dd3-57ec69ced802</person_id><license_plate>ZDM 952</license_plate><vin>UUX0DN6X52TE09LTE</vin><color>LimeGreen</color><year>2020</year></automobile><automobile><person_id>853c2405-8264-4f83-87e6-c43c64efd2d2</person_id><license_plate>598 DKI</license_plate><vin>Z0GVLWBU256H4TAXH</vin><color>Lime</color><year>1986</year></automobile><automobile><person_id>d4049a27-b5e4-49a0-9dc9-f253eeff79c9</person_id><license_plate>RCE 045</license_plate><vin>89ZLUC7K2Z5HJMLBV</vin><color>SandyBrown</color><year>1989</year></automobile><automobile><person_id>d4049a27-b5e4-49a0-9dc9-f253eeff79c9</person_id><license_plate>830 6DA</license_plate><vin>MDL35KX66X01B59S8</vin><color>ForestGreen</color><year>2014</year></automobile><automobile><person_id>d4049a27-b5e4-49a0-9dc9-f253eeff79c9</person_id><license_plate>155-DQH</license_plate><vin>VEGJSMKJ6PN7YNHV9</vin><color>Orange</color><year>1978</year></automobile><automobile><person_id>171a5ded-09db-48ef-b774-4022717c32b4</person_id><license_plate>PIS5807</license_plate><vin>T1TPKRJM1NG6RGXDM</vin><color>MediumPurple</color><year>2022</year></automobile><automobile><person_id>0d77fe59-8224-4fa4-9f4c-4408686933ad</person_id><license_plate>88PY2</license_plate><vin>21DHCB7Y129SL49RK</vin><color>DarkSlateBlue</color><year>1975</year></automobile><automobile><person_id>0d77fe59-8224-4fa4-9f4c-4408686933ad</person_id><license_plate>8Q 6L2MED</license_plate><vin>TMDHYDSE3YJAYXGL0</vin><color>DeepSkyBlue</color><year>1984</year></automobile><automobile><person_id>a36e52d5-3397-423c-9d54-4260a3fb9b44</person_id><license_plate>EHG 215</license_plate><vin>3BSV8B6C2W1TN3KNB</vin><color>Blue</color><year>1972</year></automobile><automobile><person_id>9bdb75ef-955f-4369-b995-99a918c8dbf6</person_id><license_plate>FOK 258</license_plate><vin>S9J1YPC70SYWFPUFG</vin><color>MintCream</color><year>2012</year></automobile><automobile><person_id>9bdb75ef-955f-4369-b995-99a918c8dbf6</person_id><license_plate>LDI 074</license_plate><vin>5V69CP5M82GM54E6M</vin><color>SeaShell</color><year>2000</year></automobile><automobile><person_id>0ae58258-5e5c-451b-874d-5845e0beb3fa</person_id><license_plate>1-1627Z</license_plate><vin>SRD23HFZ21VE8FUZD</vin><color>MediumBlue</color><year>1977</year></automobile><automobile><person_id>0ae58258-5e5c-451b-874d-5845e0beb3fa</person_id><license_plate>NHR 786</license_plate><vin>4MV9NF8M9THXF6ZP6</vin><color>PaleGoldenRod</color><year>2019</year></automobile><automobile><person_id>39a0cd18-d99d-4ea1-9e52-c39dd118e664</person_id><license_plate>7MD 344</license_plate><vin>VKGR3AJ265URCNRKE</vin><color>Indigo</color><year>1993</year></automobile><automobile><person_id>39a0cd18-d99d-4ea1-9e52-c39dd118e664</person_id><license_plate>CNM-416</license_plate><vin>TJ73VCF73BLC2ACZS</vin><color>MediumAquaMarine</color><year>1993</year></automobile><automobile><person_id>e5c56065-2542-4076-b46e-1e7fb8667c5f</person_id><license_plate>FYN-505</license_plate><vin>KG7J0C539GHCXVBWX</vin><color>DarkOrange</color><year>1994</year></automobile><automobile><person_id>e5c56065-2542-4076-b46e-1e7fb8667c5f</person_id><license_plate>FJJ-3896</license_plate><vin>G4K07T4M6UUYMZVMZ</vin><color>LightGray</color><year>1970</year></automobile><automobile><person_id>9a11691f-6db7-4d38-804a-0f6fbdc0525c</person_id><license_plate>HSW 603</license_plate><vin>54Z24G658WK80FM6Y</vin><color>Thistle</color><year>1970</year></automobile><automobile><person_id>0ab7349e-25ef-4680-9dfa-15ca0219d1f7</person_id><license_plate>7L 7I8IOS</license_plate><vin>2Z76FD1V5FV85DWR5</vin><color>LightGreen</color><year>1980</year></automobile><automobile><person_id>0ab7349e-25ef-4680-9dfa-15ca0219d1f7</person_id><license_plate>UJK-775</license_plate><vin>GDNHC44K9NB0UE6AR</vin><color>PaleVioletRed</color><year>1992</year></automobile><automobile><person_id>0ab7349e-25ef-4680-9dfa-15ca0219d1f7</person_id><license_plate>G38-37J</license_plate><vin>6567PVWD8JR1XAJGL</vin><color>MediumAquaMarine</color><year>2009</year></automobile><automobile><person_id>7e3ac5d0-e101-48d7-bcc3-6375647997fc</person_id><license_plate>1YB7787</license_plate><vin>5TU1V6755LPUCRPUL</vin><color>HoneyDew</color><year>1997</year></automobile><automobile><person_id>7e3ac5d0-e101-48d7-bcc3-6375647997fc</person_id><license_plate>OO 2899</license_plate><vin>41HC4CUU2HAX58E95</vin><color>IndianRed</color><year>1989</year></automobile><automobile><person_id>7e3ac5d0-e101-48d7-bcc3-6375647997fc</person_id><license_plate>0F KI863</license_plate><vin>H6DC4AFS53U48X5PH</vin><color>Green</color><year>2014</year></automobile><automobile><person_id>bf9643a5-d8a5-4d7e-9ece-4adb57d2df02</person_id><license_plate>TRX-1649</license_plate><vin>5P62B72A1UZNDAC29</vin><color>Fuchsia</color><year>1994</year></automobile><automobile><person_id>bf9643a5-d8a5-4d7e-9ece-4adb57d2df02</person_id><license_plate>154-914</license_plate><vin>KV5FPA907H8BFDMH4</vin><color>LightPink</color><year>1973</year></automobile><automobile><person_id>dec28f17-771f-40be-a442-0f7b28633908</person_id><license_plate>WRB 445</license_plate><vin>DFTU2A4W05HVD6XYV</vin><color>PaleTurquoise</color><year>1996</year></automobile><automobile><person_id>dec28f17-771f-40be-a442-0f7b28633908</person_id><license_plate>AXW 246</license_plate><vin>H65B3KPV6P8AFLW4M</vin><color>PowderBlue</color><year>2005</year></automobile><automobile><person_id>80d09491-aac2-4394-a657-17a99660f23c</person_id><license_plate>9HH 353</license_plate><vin>032KRA93XATJ9TJDM</vin><color>Black</color><year>1973</year></automobile></automobiles>