<?xml version="1.0" encoding="UTF-8" ?><automobiles><automobile><person_id>5c6a8630-d2bc-4514-b2b5-6466e190908a</person_id><license_plate>LDA-952</license_plate><vin>HFJVDULD9C97GLV0A</vin><color>PeachPuff</color><year>1998</year></automobile><automobile><person_id>2bf42225-6b2e-42c0-9c4f-b2ff0182bbdb</person_id><license_plate>51B 707</license_plate><vin>8BBUF6S08KD8B4HVD</vin><color>BlanchedAlmond</color><year>2015</year></automobile><automobile><person_id>2bf42225-6b2e-42c0-9c4f-b2ff0182bbdb</person_id><license_plate>U95 1YM</license_plate><vin>V5AJTHTRX8W2V2RGW</vin><color>LightCyan</color><year>2009</year></automobile><automobile><person_id>f844be4c-2a40-4c38-84c4-517251e8f884</person_id><license_plate>616RDF</license_plate><vin>D2DCKH6D2C531MSHL</vin><color>PaleVioletRed</color><year>1978</year></automobile><automobile><person_id>791d2e3d-50ce-492e-9062-275a11877eda</person_id><license_plate>LQH8968</license_plate><vin>82MSTV613AR1HCNYE</vin><color>ForestGreen</color><year>2019</year></automobile><automobile><person_id>a7050c1e-b5d1-4cd5-891a-90831ed5c7d9</person_id><license_plate>354-CPN</license_plate><vin>XAFRTBEG6PM3UXH2J</vin><color>LightGreen</color><year>2009</year></automobile><automobile><person_id>a7050c1e-b5d1-4cd5-891a-90831ed5c7d9</person_id><license_plate>H20 3AG</license_plate><vin>91NNYZ5K27203BZ9H</vin><color>DarkOliveGreen</color><year>1987</year></automobile><automobile><person_id>d1a35901-b201-4e4d-b438-934df8fc60aa</person_id><license_plate>562 ORF</license_plate><vin>9MX5RR6L5ZW84BE31</vin><color>NavajoWhite</color><year>2014</year></automobile><automobile><person_id>d1a35901-b201-4e4d-b438-934df8fc60aa</person_id><license_plate>93-16785</license_plate><vin>E8V2L5580PDYD6FGP</vin><color>SeaGreen</color><year>2006</year></automobile><automobile><person_id>3cafa6e6-825d-45fa-a54e-bd8733220b45</person_id><license_plate>A47-MKU</license_plate><vin>68V73ND449XYYKV8B</vin><color>Violet</color><year>1986</year></automobile><automobile><person_id>c86311a5-2e72-4475-9f02-ec705a900b72</person_id><license_plate>5OOJ 99</license_plate><vin>4N0RKP9H3UL7YKBMT</vin><color>DodgerBlue</color><year>1992</year></automobile><automobile><person_id>c86311a5-2e72-4475-9f02-ec705a900b72</person_id><license_plate>194 FTO</license_plate><vin>N08LDV584LYXDN7VE</vin><color>SpringGreen</color><year>2017</year></automobile><automobile><person_id>daabc4d4-49ac-4d6e-9664-a25f49925a07</person_id><license_plate>69R D77</license_plate><vin>X219A54F9LA7HHMMD</vin><color>SandyBrown</color><year>2000</year></automobile><automobile><person_id>daabc4d4-49ac-4d6e-9664-a25f49925a07</person_id><license_plate>EAM H01</license_plate><vin>JH1F9U0R690HZGXY9</vin><color>MediumVioletRed</color><year>2009</year></automobile><automobile><person_id>daabc4d4-49ac-4d6e-9664-a25f49925a07</person_id><license_plate>9-34896O</license_plate><vin>2N31RV2B278XK6K0F</vin><color>SeaGreen</color><year>2003</year></automobile><automobile><person_id>6b33c8df-99f7-4275-8c61-6a6fe85fb60e</person_id><license_plate>8J ZZ020</license_plate><vin>US57Z0S24KXCS9W1L</vin><color>LightYellow</color><year>2020</year></automobile><automobile><person_id>6b33c8df-99f7-4275-8c61-6a6fe85fb60e</person_id><license_plate>1LU 426</license_plate><vin>NEXT2M3R2SH2YP310</vin><color>DarkMagenta</color><year>1977</year></automobile><automobile><person_id>f30dc9b7-dca9-4bd9-9d62-77233a60979f</person_id><license_plate>335-RPU</license_plate><vin>CAKKX4JM3EY34HG58</vin><color>DodgerBlue</color><year>2005</year></automobile><automobile><person_id>f30dc9b7-dca9-4bd9-9d62-77233a60979f</person_id><license_plate>124-TXS</license_plate><vin>13ZPCBJN23W8M5NLF</vin><color>DeepPink</color><year>1998</year></automobile><automobile><person_id>f30dc9b7-dca9-4bd9-9d62-77233a60979f</person_id><license_plate>CEG G22</license_plate><vin>X75NTKUZ00T9T4VCN</vin><color>Cyan</color><year>2000</year></automobile><automobile><person_id>beb2e97c-6c90-4025-9c2b-f916bc7a0099</person_id><license_plate>08J I30</license_plate><vin>HUDMVNCS88YBWSNKZ</vin><color>AliceBlue</color><year>2015</year></automobile><automobile><person_id>beb2e97c-6c90-4025-9c2b-f916bc7a0099</person_id><license_plate>7GT C12</license_plate><vin>F088FKXB6FNP6C3S6</vin><color>LightSlateGray</color><year>1999</year></automobile><automobile><person_id>beb2e97c-6c90-4025-9c2b-f916bc7a0099</person_id><license_plate>91G YJ2</license_plate><vin>KUBPXENL3R5HDB7R7</vin><color>OrangeRed</color><year>1976</year></automobile><automobile><person_id>a38e1162-d1cb-46a3-9a07-9420e9fb40db</person_id><license_plate>691-630</license_plate><vin>WL4EH6MH3DK4XD8ZU</vin><color>HoneyDew</color><year>1996</year></automobile><automobile><person_id>a38e1162-d1cb-46a3-9a07-9420e9fb40db</person_id><license_plate>572-HKH</license_plate><vin>TFZXK6JG8YWBDFA5V</vin><color>Thistle</color><year>2010</year></automobile><automobile><person_id>07428dc7-00cf-48f9-94c6-25803724fa5f</person_id><license_plate>PMU-083</license_plate><vin>1H9ZCMZ709D71VKES</vin><color>LightGreen</color><year>1976</year></automobile><automobile><person_id>07428dc7-00cf-48f9-94c6-25803724fa5f</person_id><license_plate>716 7YY</license_plate><vin>6BR82UWM1458SAMUX</vin><color>SandyBrown</color><year>1974</year></automobile><automobile><person_id>07428dc7-00cf-48f9-94c6-25803724fa5f</person_id><license_plate>576 SAF</license_plate><vin>9EMLALMB5U2KP5PNH</vin><color>PaleGoldenRod</color><year>1989</year></automobile><automobile><person_id>f95344b7-d478-47a9-a8f9-2364ea5c8475</person_id><license_plate>084-XAY</license_plate><vin>G0ENTKL98JYF7RALU</vin><color>LightSkyBlue</color><year>2009</year></automobile><automobile><person_id>5364600b-a9c0-45b4-9546-7d6fc1a91942</person_id><license_plate>85-G608</license_plate><vin>S8UA942D1YHGPC5RG</vin><color>LightCoral</color><year>1995</year></automobile><automobile><person_id>85828d3a-57cb-4736-97ff-45cb3cc410e5</person_id><license_plate>MJP 220</license_plate><vin>SE586H6Z3GMTRNSK9</vin><color>Orchid</color><year>2007</year></automobile><automobile><person_id>40720629-05ee-47bb-9543-ae05e0c9c164</person_id><license_plate>951 HMW</license_plate><vin>G5EFKKHG913JZ4477</vin><color>Lavender</color><year>1974</year></automobile><automobile><person_id>d4fb8a85-03f3-41a0-b1fa-c2abc0c2ffa7</person_id><license_plate>603 FQS</license_plate><vin>78C4BSJ56TXVX2Z0J</vin><color>MediumAquaMarine</color><year>1985</year></automobile><automobile><person_id>d4fb8a85-03f3-41a0-b1fa-c2abc0c2ffa7</person_id><license_plate>EC1 8907</license_plate><vin>S51BLJXE4XVSVLHBN</vin><color>DarkRed</color><year>2008</year></automobile><automobile><person_id>213e1194-7a70-4b55-93a5-4b83a64b8a91</person_id><license_plate>AXR 672</license_plate><vin>ZEC64CWE7WZ5FHZZ2</vin><color>MediumSlateBlue</color><year>2010</year></automobile><automobile><person_id>327def23-cc31-4b3d-a95b-44ce37a68fe9</person_id><license_plate>989PZI</license_plate><vin>R66TKFBG78YGUE0P2</vin><color>Wheat</color><year>2022</year></automobile><automobile><person_id>c0820ed1-9aa7-4b27-907c-9774020aa761</person_id><license_plate>BH-6335</license_plate><vin>F7CA32M74P11HHL03</vin><color>Khaki</color><year>1978</year></automobile><automobile><person_id>c0820ed1-9aa7-4b27-907c-9774020aa761</person_id><license_plate>1RP7393</license_plate><vin>WE54M3FB3NW7J3NU7</vin><color>Snow</color><year>1970</year></automobile><automobile><person_id>3e99107e-ed1c-4895-b78a-85d270e0559a</person_id><license_plate>7AW 670</license_plate><vin>13PNVZL2X3TN5MNE0</vin><color>DarkGreen</color><year>2010</year></automobile><automobile><person_id>873a4fcc-e12a-463c-bfae-0d35e30476f0</person_id><license_plate>20G•124</license_plate><vin>JYHR44XK82WD6FKJP</vin><color>MistyRose</color><year>2016</year></automobile><automobile><person_id>f225b0cb-db31-4de4-a206-c8f1187dc25c</person_id><license_plate>LZK9468</license_plate><vin>VU7KL41M6B7XC1X9B</vin><color>CornflowerBlue</color><year>2003</year></automobile><automobile><person_id>58f774c0-4b34-4737-a031-a7de0445c01a</person_id><license_plate>645 RUO</license_plate><vin>P7EMJHBZXGNBTCJFF</vin><color>SpringGreen</color><year>1980</year></automobile><automobile><person_id>0ef426b3-b43a-4bcb-a7f7-4894534577c9</person_id><license_plate>926 SH7</license_plate><vin>C8MG4SA78HGGN2GV5</vin><color>DarkGreen</color><year>2009</year></automobile><automobile><person_id>0ef426b3-b43a-4bcb-a7f7-4894534577c9</person_id><license_plate>LEO 257</license_plate><vin>T5F3A0SB971LZTB70</vin><color>MediumOrchid</color><year>1975</year></automobile><automobile><person_id>1a7224e6-1f3c-485f-a913-ce8ad3253d90</person_id><license_plate>60-2831Z</license_plate><vin>BT6V417R3YSAYG3HM</vin><color>MidnightBlue</color><year>1970</year></automobile><automobile><person_id>1a7224e6-1f3c-485f-a913-ce8ad3253d90</person_id><license_plate>Q81 3IT</license_plate><vin>JCVX2REH5C00YCL3H</vin><color>DarkMagenta</color><year>2011</year></automobile><automobile><person_id>ce72dbb1-88ca-4425-b0c8-bce64bd44fea</person_id><license_plate>82-3573U</license_plate><vin>YWVLKDY32PVBXT1C8</vin><color>PeachPuff</color><year>2021</year></automobile><automobile><person_id>ce72dbb1-88ca-4425-b0c8-bce64bd44fea</person_id><license_plate>41-3400U</license_plate><vin>4YG0LFHA1K5D4T9AX</vin><color>OliveDrab</color><year>2013</year></automobile><automobile><person_id>5db81874-707e-42da-a62b-ac27dfa1f0fd</person_id><license_plate>3Z 6X1KPF</license_plate><vin>YKTJSUWR7K1DU8X3X</vin><color>DarkMagenta</color><year>1981</year></automobile><automobile><person_id>5db81874-707e-42da-a62b-ac27dfa1f0fd</person_id><license_plate>IYV-2785</license_plate><vin>Z9Y31JWB7DTTFYF9A</vin><color>SteelBlue</color><year>1976</year></automobile><automobile><person_id>5db81874-707e-42da-a62b-ac27dfa1f0fd</person_id><license_plate>467 MFL</license_plate><vin>RR7V8RBW0WDF4HRBJ</vin><color>GhostWhite</color><year>2012</year></automobile><automobile><person_id>5a88af8d-cf1c-433b-8277-fc47311d1fb3</person_id><license_plate>270-PMJ</license_plate><vin>6YV2N1ZN5VNL6G48K</vin><color>LightPink</color><year>1970</year></automobile><automobile><person_id>5a88af8d-cf1c-433b-8277-fc47311d1fb3</person_id><license_plate>UYV4115</license_plate><vin>MGFR3T1F2L0LB6MA0</vin><color>IndianRed</color><year>2007</year></automobile><automobile><person_id>89f9f2b1-9298-4463-90a8-6408fee80a52</person_id><license_plate>LU 51718</license_plate><vin>Z6NHHC2K93B1D0YG9</vin><color>SkyBlue</color><year>2008</year></automobile><automobile><person_id>89f9f2b1-9298-4463-90a8-6408fee80a52</person_id><license_plate>61-60156</license_plate><vin>975SFURJ3B5K0M5DT</vin><color>DarkViolet</color><year>1991</year></automobile><automobile><person_id>292f8578-77e4-4b31-8f71-2aca57adea91</person_id><license_plate>LR 30303</license_plate><vin>J4JG7BS79JDNC3LLJ</vin><color>Indigo</color><year>2013</year></automobile><automobile><person_id>292f8578-77e4-4b31-8f71-2aca57adea91</person_id><license_plate>2JN0234</license_plate><vin>E3BFG1JJXMZ81MX30</vin><color>Maroon</color><year>1988</year></automobile><automobile><person_id>d806a1f7-2a9d-46b3-b116-730888a9eb5b</person_id><license_plate>P88-JUF</license_plate><vin>J3FTZWH13ZSHSMTNH</vin><color>DimGray</color><year>1973</year></automobile><automobile><person_id>dbd107a4-6756-486a-9b8f-ccc6af189fe3</person_id><license_plate>53R Y64</license_plate><vin>S18JKSV96GZ6MH520</vin><color>SandyBrown</color><year>2006</year></automobile><automobile><person_id>dbd107a4-6756-486a-9b8f-ccc6af189fe3</person_id><license_plate>4CJ 647</license_plate><vin>KLLSDVY65YVYXKM64</vin><color>Snow</color><year>2017</year></automobile><automobile><person_id>dbd107a4-6756-486a-9b8f-ccc6af189fe3</person_id><license_plate>38M X11</license_plate><vin>RNZBRHLR7SER9EHMU</vin><color>Cyan</color><year>1987</year></automobile><automobile><person_id>23a33bfe-3e34-414b-8b00-d7ac56f60fdc</person_id><license_plate>WED-424</license_plate><vin>X4A2NZ7M5ALVELW0U</vin><color>ForestGreen</color><year>1985</year></automobile><automobile><person_id>23a33bfe-3e34-414b-8b00-d7ac56f60fdc</person_id><license_plate>21-H023</license_plate><vin>XLB3V6VT3KYABDDBU</vin><color>MidnightBlue</color><year>2019</year></automobile><automobile><person_id>d04ed00f-42ee-472b-ac9d-d19030fe1ef3</person_id><license_plate>522 WXF</license_plate><vin>B58AKRS09FCRHHV9D</vin><color>Green</color><year>1996</year></automobile><automobile><person_id>d04ed00f-42ee-472b-ac9d-d19030fe1ef3</person_id><license_plate>48Z 6058</license_plate><vin>C7TZX26F0S09NRKND</vin><color>LightSlateGray</color><year>2016</year></automobile><automobile><person_id>db4e926d-0ad6-461c-a170-264acf260ec1</person_id><license_plate>ASZ 095</license_plate><vin>W3SK73461ZZV33HKD</vin><color>LightSlateGray</color><year>1987</year></automobile><automobile><person_id>5f55f198-e70c-4218-8e67-45e4e31f0aee</person_id><license_plate>UGD 133</license_plate><vin>X3D6S0VU8J74CF37M</vin><color>LightCoral</color><year>2020</year></automobile><automobile><person_id>be430d76-2389-4e81-9131-597b92365d8e</person_id><license_plate>819 OMN</license_plate><vin>L5L37V85XPNG55111</vin><color>DarkGoldenRod</color><year>1979</year></automobile><automobile><person_id>d31feda6-6954-4054-a766-23413b53a31a</person_id><license_plate>3EZ 930</license_plate><vin>64P8290BXR6PGF91G</vin><color>OrangeRed</color><year>1970</year></automobile><automobile><person_id>00fce509-b967-45ba-841f-17d76b3445c8</person_id><license_plate>196 0MF</license_plate><vin>9KWLU9WD8BZL2P50Y</vin><color>LightSteelBlue</color><year>2019</year></automobile><automobile><person_id>9d1f5fa5-d523-4cf4-beda-74c5263cfe07</person_id><license_plate>350 XEW</license_plate><vin>KL23HJN47TVLEB68W</vin><color>RoyalBlue</color><year>1981</year></automobile><automobile><person_id>937b7c86-af48-4fb3-af10-099f8f31a7d9</person_id><license_plate>BUU-5937</license_plate><vin>B8YF8BJC2CKCT93U8</vin><color>Chocolate</color><year>1979</year></automobile><automobile><person_id>800d1a31-8cf3-4aff-85c8-e9fe8834e6a0</person_id><license_plate>ZHS 317</license_plate><vin>DBT6KU3A30GV9CPZN</vin><color>Violet</color><year>2002</year></automobile><automobile><person_id>800d1a31-8cf3-4aff-85c8-e9fe8834e6a0</person_id><license_plate>917-FQD</license_plate><vin>XTS42ZW07Y3GTFEBT</vin><color>Green</color><year>1989</year></automobile><automobile><person_id>2add487a-810a-4c39-bca9-90b8cda0bce1</person_id><license_plate>375 CN1</license_plate><vin>2V36HCJD4PAGMZS19</vin><color>LawnGreen</color><year>1983</year></automobile><automobile><person_id>443d297f-5f53-4c35-a6f7-e61645002039</person_id><license_plate>51VJ021</license_plate><vin>3LX4RTFH0CB8HKFFU</vin><color>ForestGreen</color><year>2021</year></automobile><automobile><person_id>0ac66aea-ad47-46f9-b27c-25a43fd2df2f</person_id><license_plate>653-PTY</license_plate><vin>U610FKG007WC4S9YA</vin><color>LightSkyBlue</color><year>2012</year></automobile><automobile><person_id>0ac66aea-ad47-46f9-b27c-25a43fd2df2f</person_id><license_plate>Q10 2ZL</license_plate><vin>0JZK1YZJ07GWHTU5X</vin><color>DarkSalmon</color><year>1997</year></automobile><automobile><person_id>cde05b93-e53e-42a2-8548-e6ec390146a0</person_id><license_plate>Q79 6TK</license_plate><vin>J71820BT1276K66CC</vin><color>Yellow</color><year>1992</year></automobile><automobile><person_id>cde05b93-e53e-42a2-8548-e6ec390146a0</person_id><license_plate>907971</license_plate><vin>VU5EXU8B1LBTACK20</vin><color>DarkRed</color><year>2021</year></automobile><automobile><person_id>fa4f6535-6e59-4c43-8eef-bf532681ab4b</person_id><license_plate>106 XUL</license_plate><vin>CR6L2W997BRNH0B2E</vin><color>RoyalBlue</color><year>1996</year></automobile><automobile><person_id>605c97ba-87c7-4e86-b25a-588fa85fc200</person_id><license_plate>852CL</license_plate><vin>6Y3AYP969LAM9JB34</vin><color>DeepPink</color><year>2002</year></automobile><automobile><person_id>605c97ba-87c7-4e86-b25a-588fa85fc200</person_id><license_plate>HMR 363</license_plate><vin>5H1MBFGH822WZV575</vin><color>AliceBlue</color><year>2007</year></automobile><automobile><person_id>665a4b7a-7c9c-43db-9120-b4e126ac3701</person_id><license_plate>EDF-158</license_plate><vin>RLZZXK2G136199GVY</vin><color>White</color><year>1975</year></automobile><automobile><person_id>665a4b7a-7c9c-43db-9120-b4e126ac3701</person_id><license_plate>2QU 552</license_plate><vin>UW20J91187ZX6HDNC</vin><color>OliveDrab</color><year>1984</year></automobile><automobile><person_id>7e6be74f-2bd2-4602-941a-832aa513443e</person_id><license_plate>LY3 5144</license_plate><vin>V9CW78MP1BM3PMS9X</vin><color>LightBlue</color><year>1970</year></automobile><automobile><person_id>7e6be74f-2bd2-4602-941a-832aa513443e</person_id><license_plate>EW3 E4P</license_plate><vin>H6GDN3JKX5UX21871</vin><color>Plum</color><year>1988</year></automobile><automobile><person_id>d33a0edf-4f3a-49ae-94f1-2ea57fada133</person_id><license_plate>391 PWJ</license_plate><vin>8506YEL25KU7PS37K</vin><color>Orange</color><year>2006</year></automobile><automobile><person_id>dfe28834-9a7e-4729-85b9-2a47b6ae26dd</person_id><license_plate>206 DRY</license_plate><vin>2UGJ94PN98XNTM82R</vin><color>DarkKhaki</color><year>1991</year></automobile><automobile><person_id>dc8a88da-28d9-46cf-af4b-2840a1da42c0</person_id><license_plate>IYT-4737</license_plate><vin>1A1VRAE61FYPAGV3Y</vin><color>FireBrick</color><year>1981</year></automobile><automobile><person_id>76c0ef54-cff7-4cb2-9d50-8d46cd21b2d5</person_id><license_plate>04-98628</license_plate><vin>M4SDZ5M15PGXT1R32</vin><color>Gainsboro</color><year>1996</year></automobile><automobile><person_id>76c0ef54-cff7-4cb2-9d50-8d46cd21b2d5</person_id><license_plate>WJU5417</license_plate><vin>DFMNPH9RXTBGK86NC</vin><color>Turquoise</color><year>2003</year></automobile><automobile><person_id>76c0ef54-cff7-4cb2-9d50-8d46cd21b2d5</person_id><license_plate>8U 35323</license_plate><vin>CSKJDPJL86K3X5VP2</vin><color>Red</color><year>2012</year></automobile><automobile><person_id>a4f4d26f-3bcf-410b-9bfb-57a53f859f05</person_id><license_plate>7R 32354</license_plate><vin>D5N8U21A0CASNSCEN</vin><color>LawnGreen</color><year>1993</year></automobile><automobile><person_id>1f7c67b8-5cf5-4688-9e13-bb6a790aaa7a</person_id><license_plate>11M E97</license_plate><vin>DDP92FK85SRMAKJVJ</vin><color>DarkBlue</color><year>2014</year></automobile><automobile><person_id>1f7c67b8-5cf5-4688-9e13-bb6a790aaa7a</person_id><license_plate>354-GFHK</license_plate><vin>4FNG574Y8SD13B2WG</vin><color>GoldenRod</color><year>1976</year></automobile><automobile><person_id>5c39cf0e-a81a-45ca-9c0e-f7590147ed2c</person_id><license_plate>GBE6303</license_plate><vin>3S4UK4XR9B6YPN652</vin><color>LimeGreen</color><year>1984</year></automobile><automobile><person_id>d1dea427-8037-4622-ad11-7efb043d2fc0</person_id><license_plate>ATH5195</license_plate><vin>W3MFBVGU5KMJLNJF1</vin><color>Linen</color><year>2008</year></automobile><automobile><person_id>674dda01-a171-4024-916e-a135fc646fe8</person_id><license_plate>160-WSV</license_plate><vin>R9G95HBR9ATP6VEPS</vin><color>White</color><year>2006</year></automobile><automobile><person_id>6f2760cd-faed-4a5f-b073-e8fca6455ae4</person_id><license_plate>KBY 282</license_plate><vin>7VDXZ7XZ9ZTHVEDYP</vin><color>MediumSlateBlue</color><year>2006</year></automobile><automobile><person_id>c3c85ac1-d8b1-443b-9c6f-61b3b30359ed</person_id><license_plate>T81-AXF</license_plate><vin>1F1Y5MLK1GUEVZ3CC</vin><color>RosyBrown</color><year>1985</year></automobile><automobile><person_id>c3c85ac1-d8b1-443b-9c6f-61b3b30359ed</person_id><license_plate>27-W696</license_plate><vin>1S8KPY4M4E2S4EF1G</vin><color>MediumPurple</color><year>1989</year></automobile><automobile><person_id>e4090fd0-1cef-4908-87b7-d24fdb6b4061</person_id><license_plate>0-2273O</license_plate><vin>3F2070EP82AWCRMJA</vin><color>Orange</color><year>1976</year></automobile><automobile><person_id>b8cc9c97-c05c-475e-9b3f-5792c48ef364</person_id><license_plate>819A0</license_plate><vin>050YB3WY9W955KRYB</vin><color>Indigo</color><year>2018</year></automobile><automobile><person_id>b8cc9c97-c05c-475e-9b3f-5792c48ef364</person_id><license_plate>992 KKJ</license_plate><vin>Y8Y6NUSB110Z4CFL5</vin><color>MistyRose</color><year>1999</year></automobile><automobile><person_id>e27fcf20-78fe-4ec8-bd40-bc03cab7b23a</person_id><license_plate>95-YP55</license_plate><vin>FZF6CN8640SJXU67F</vin><color>Tan</color><year>1979</year></automobile><automobile><person_id>749fdce0-6b00-456d-9ead-f75a36dc191d</person_id><license_plate>452 PMZ</license_plate><vin>K2TZD9D98UNHFY82W</vin><color>GoldenRod</color><year>1971</year></automobile><automobile><person_id>749fdce0-6b00-456d-9ead-f75a36dc191d</person_id><license_plate>2CT M47</license_plate><vin>D855P6HW6RXVCRDH8</vin><color>Plum</color><year>1988</year></automobile><automobile><person_id>5642f69b-bb52-4980-83dc-bc6e6a5d9b15</person_id><license_plate>41-J623</license_plate><vin>DG0GRDNN4ZRXHZV8A</vin><color>DeepSkyBlue</color><year>2017</year></automobile><automobile><person_id>ca03ec7f-3803-491a-badf-e0e900665a86</person_id><license_plate>89LM747</license_plate><vin>SLVS8XF6XNJP1GSPN</vin><color>Gray</color><year>1972</year></automobile><automobile><person_id>e01ef531-50c5-45d2-921f-8dd62e42a4e3</person_id><license_plate>66W•484</license_plate><vin>L22E6MWFX6X15LRA0</vin><color>Plum</color><year>2002</year></automobile><automobile><person_id>e01ef531-50c5-45d2-921f-8dd62e42a4e3</person_id><license_plate>ZWQ-791</license_plate><vin>DSW4ZL3K82AHPMMJJ</vin><color>Moccasin</color><year>1983</year></automobile><automobile><person_id>540064db-f32d-44a4-961b-d2a08155c87b</person_id><license_plate>A73-64Z</license_plate><vin>6BLX3GJB7K7LULV2Z</vin><color>MistyRose</color><year>1994</year></automobile><automobile><person_id>39ab3440-79a8-4c8b-84bd-e66f81910b24</person_id><license_plate>LOS 724</license_plate><vin>DX31EGSU7HYX67595</vin><color>Lime</color><year>2005</year></automobile><automobile><person_id>7d830f4e-e45b-481d-ba9f-4a53e213fdf6</person_id><license_plate>1-83913N</license_plate><vin>W22370048S6ANXUKE</vin><color>DarkTurquoise</color><year>2013</year></automobile><automobile><person_id>4ea87dc6-a4ec-4966-90e1-276dc202f891</person_id><license_plate>VRQ 243</license_plate><vin>J5F1PBLT63UGKDZEJ</vin><color>YellowGreen</color><year>1999</year></automobile><automobile><person_id>555696d3-331a-436e-a8f8-0401c9492fb6</person_id><license_plate>PA-5041</license_plate><vin>E5RH335Y9Z3LKYX43</vin><color>LightBlue</color><year>1991</year></automobile><automobile><person_id>c7396d50-96a2-48d2-9bc7-3d7519ecf815</person_id><license_plate>PV 0333</license_plate><vin>0NS1VN5E57VTTH6YA</vin><color>BurlyWood</color><year>2015</year></automobile><automobile><person_id>c7396d50-96a2-48d2-9bc7-3d7519ecf815</person_id><license_plate>6DJ 847</license_plate><vin>BMSFL6V72RUX72GRV</vin><color>OliveDrab</color><year>2013</year></automobile><automobile><person_id>c7396d50-96a2-48d2-9bc7-3d7519ecf815</person_id><license_plate>6J 8Q8NNZ</license_plate><vin>G3TC0T5F704D0EE2B</vin><color>Aquamarine</color><year>1970</year></automobile><automobile><person_id>e493463f-75f7-4d56-81e4-85841f98b2d8</person_id><license_plate>672 0VF</license_plate><vin>D32EYST452JTBHRTT</vin><color>Gold</color><year>1987</year></automobile><automobile><person_id>cac7b9c2-2f33-4940-98d0-5248a7f0c357</person_id><license_plate>ZBF-4616</license_plate><vin>DXH16WPP2ZZ0J51S5</vin><color>Gainsboro</color><year>2014</year></automobile><automobile><person_id>cac7b9c2-2f33-4940-98d0-5248a7f0c357</person_id><license_plate>357 ZFL</license_plate><vin>0HRTM8VS8Z6U4CTHE</vin><color>CadetBlue</color><year>2020</year></automobile><automobile><person_id>8446dc83-fc10-4864-88f3-a41195bcb79f</person_id><license_plate>MEB 358</license_plate><vin>FMNZNNM68N8NPWHLX</vin><color>DarkCyan</color><year>2020</year></automobile><automobile><person_id>8446dc83-fc10-4864-88f3-a41195bcb79f</person_id><license_plate>5-37262</license_plate><vin>5T8Z5LCT52G0RYE73</vin><color>SlateGray</color><year>1974</year></automobile></automobiles>