"id"|"first_name"|"last_name"|"sex"|"address"|"phone_number"|"profession"|"company"|"date_of_birth"
"f83d5eeb-8343-4197-8fe4-fd93a086fea9"|"Stephanie"|"White"|"F"|"5 Lewis Trace"|"+1-794-756-1598x4534"|"Nutritional therapist"|"Richards PLC"|"1948-03-24"
"244e323b-a74c-412e-a1b6-72d2fe200f26"|"Angela"|"Park"|"F"|"248 Catherine Cove"|"(353)897-6401x06730"|"Facilities manager"|"Long-David"|"1917-10-20"
"db9108c4-2727-4fbd-9398-2d5ba4e46353"|"Jesus"|"Espinoza"|"M"|"502 Hanson Port"|"288-945-9008"|"Outdoor activities/education manager"|"Nichols LLC"|"1912-02-26"
"b7bf2226-1126-4ec1-b6cb-f4454010c31f"|"Lori"|"Barnes"|"F"|"897 Wyatt Pike Suite 863"|"847.413.8636"|"Homeopath"|"Williams, Flores and Mclaughlin"|"1953-05-31"
"7afb0c8b-9439-4fd8-a3e6-6e904a298600"|"Douglas"|"Howell"|"M"|"849 Aimee Circles"|"530.295.6773"|"Chartered public finance accountant"|"Harper and Sons"|"1983-10-31"
"5cf81768-239d-4c22-881c-32fe5f3114dc"|"Gina"|"Hayden"|"F"|"933 Murphy Creek Suite 712"|"+1-496-244-1664x98887"|"Surveyor, insurance"|"Douglas-Hanson"|"1956-11-18"
"2ba284b1-8a11-447c-871c-7b5450aebefb"|"Brittany"|"Gates"|"F"|"29 Day Inlet"|"524.662.9877"|"Buyer, industrial"|"Clark LLC"|"1918-05-10"
"529b49d5-4b20-40e4-914a-3322f5f85101"|"James"|"Ramirez"|"M"|"578 Porter Overpass"|"001-366-863-9944x2855"|"Diagnostic radiographer"|"Ramos Group"|"1997-11-10"
"ce37ee52-1b25-4d13-b913-561b11776f6e"|"Robert"|"Anderson"|"M"|"221 Jones Cliffs Suite 657"|"976-743-9403x448"|"Psychologist, occupational"|"Patton Group"|"2019-06-07"
"bd4a9e5e-db94-46b6-9252-176fd9e26300"|"Roberto"|"Ruiz"|"M"|"400 Christopher Tunnel"|"(489)296-1856x56001"|"Health and safety inspector"|"Murray Ltd"|"1909-06-25"
"8667cc94-9ec7-42f9-a429-59571badd54b"|"Welch"|"Howard"|"M"|"679 Johnson Throughway"|"(280)291-4325x0946"|"Engineer, biomedical"|"Reyes-Merritt"|"1975-04-24"
"dbe9e543-69e3-4260-a4f6-f28f70798c41"|"Angela"|"Green"|"F"|"311 Amanda Curve"|"(287)637-1948"|"Midwife"|"Sexton-Norris"|"2000-02-11"
"f06de48b-d5a0-4c53-ad61-31fe809165c0"|"Jacob"|"Mills"|"M"|"71 Alexis Run Suite 764"|"557.242.3551"|"Engineer, production"|"Morales, Aguirre and Barker"|"1972-06-24"
"a3a4f3b2-9ce2-45ff-b7a8-5865f0af17ff"|"Brenda"|"Matthews"|"F"|"158 Douglas Springs"|"862-305-8640x16109"|"Risk analyst"|"Chan, Dean and Morgan"|"1917-04-21"
"9f4a4222-2b1c-4912-8295-76c5359ca9c5"|"John"|"Barnett"|"M"|"250 Weeks Meadow Suite 683"|"249.905.2806x206"|"Scientist, audiological"|"Graham-King"|"1984-09-22"
"06b26d8c-c3da-4274-b86a-e56eed0764fc"|"Megan"|"Booth"|"F"|"106 Porter Overpass"|"292.280.8676"|"Architect"|"Duncan Ltd"|"1984-10-11"
"0adae7e4-faef-47a0-ac26-f53fe4968ea8"|"Emily"|"Romero"|"F"|"482 Alexis Freeway Apt. 358"|"(981)710-5433x78155"|"Journalist, magazine"|"Stephens PLC"|"1940-03-26"
"c471d11e-beb5-4b27-931f-eed94ec3fa59"|"Nathaniel"|"Gardner"|"M"|"422 Jessica Mountains Suite 248"|"(778)419-2858x17943"|"Animal nutritionist"|"Miller-Casey"|"2020-10-31"
"c6a2baf3-d64c-4437-8fc0-b3010e52832b"|"Adam"|"Ryan"|"M"|"79 Hood Loop Apt. 276"|"623-757-1955x9765"|"Futures trader"|"Mills PLC"|"1997-01-25"
"419d6ea6-9545-45ca-bc7d-717a88ca556a"|"John"|"Aguilar"|"M"|"447 Wilson Locks Apt. 694"|"652.347.1489x27443"|"Network engineer"|"Figueroa-Williams"|"2008-08-19"
"273e2c01-85d4-4958-b1c3-0f83e8886452"|"Michael"|"Dean"|"M"|"486 Newton Wall"|"(367)885-5328"|"Commercial horticulturist"|"Campbell Ltd"|"1976-02-05"
"5cb20c93-408e-48a4-8821-33382649d17b"|"Tom"|"Hanson"|"M"|"750 Bruce View Suite 976"|"627.211.8113x87305"|"Housing manager/officer"|"Williams, Rose and Smith"|"1995-07-23"
"d02e23a6-d49a-461a-9ce4-6f69884901ea"|"Jeremy"|"Lopez"|"M"|"480 Hart Estates Suite 718"|"278.540.0172x3513"|"Lobbyist"|"Lewis, Wilson and Miller"|"2008-02-15"
"194ad62c-7064-45c5-9f4b-18c02b881cde"|"Michael"|"Espinoza"|"M"|"253 Pham Ports"|"349.670.9303"|"Diagnostic radiographer"|"Caldwell-Stewart"|"1990-02-22"
"8dd50796-3d81-497b-afcd-179f4d3b057f"|"Brenda"|"Rivera"|"F"|"314 Higgins Port Apt. 001"|"+1-623-628-3530x29197"|"Press sub"|"Russell Inc"|"1998-02-08"
"569c6121-0178-4008-9338-ce98b58ef19e"|"Kayla"|"Holmes"|"F"|"230 Jennifer Track"|"001-808-378-0571x240"|"Personal assistant"|"Matthews, Wood and Roman"|"1977-08-16"
"5f073c34-1cff-4841-9b56-a316ed792a70"|"Paul"|"Ramos"|"M"|"333 Charles Mall Apt. 745"|"958.694.8345x61097"|"Quarry manager"|"Sanders-Taylor"|"1939-01-09"
"2c6f9d91-e435-4c70-8b33-f811838d32b1"|"Cole"|"Zimmerman"|"M"|"690 Hernandez Parkways Suite 200"|"001-201-561-4738x442"|"Video editor"|"Banks LLC"|"1955-07-26"
"dd90ade7-063e-429a-960c-689caf025500"|"Carpenter"|"Floyd"|"F"|"174 Collins Skyway"|"459.385.0751x6733"|"Herpetologist"|"Johnson LLC"|"1943-06-25"
"aab39e0e-2148-4ba7-90cf-ea9e285979bc"|"Kevin"|"Adams"|"M"|"351 Ashley Landing"|"776-722-6723"|"Pilot, airline"|"Lee, Sanford and Jackson"|"1947-12-22"
"7b226f34-5c11-4751-9fe1-bc9bf894fa51"|"William"|"Drake"|"M"|"146 Hanson Port"|"001-816-611-1703"|"Translator"|"Davis-Smith"|"1919-03-26"
"95561cfe-1b65-4ec8-8dd3-57ec69ced802"|"Michael"|"Green"|"M"|"976 Jones Cliffs Suite 657"|"564-972-3546x801"|"Surveyor, mining"|"Wilson Group"|"2023-03-02"
"853c2405-8264-4f83-87e6-c43c64efd2d2"|"Tamara"|"Jackson"|"F"|"741 Martin Field"|"901.505.2336x703"|"Research scientist (physical sciences)"|"Williams Ltd"|"1969-11-06"
"d4049a27-b5e4-49a0-9dc9-f253eeff79c9"|"Kirsten"|"Welch"|"F"|"867 Tyler Knoll Apt. 752"|"(403)717-4851"|"Copy"|"Johnson, Gay and Grant"|"1927-11-21"
"171a5ded-09db-48ef-b774-4022717c32b4"|"Donna"|"Torres"|"F"|"356 Michael Manor"|"453.465.4714x2175"|"Community pharmacist"|"Rodriguez, Weiss and Ortiz"|"1915-12-21"
"0d77fe59-8224-4fa4-9f4c-4408686933ad"|"Javier"|"Evans"|"M"|"619 Garcia Road Suite 143"|"+1-442-255-2863x47286"|"Exhibition designer"|"Mullins-Goodwin"|"1918-10-15"
"a36e52d5-3397-423c-9d54-4260a3fb9b44"|"Tracy"|"Berry"|"F"|"968 Ashley Landing"|"001-995-263-4906x521"|"Seismic interpreter"|"Ford, Robinson and Lambert"|"1939-09-25"
"9bdb75ef-955f-4369-b995-99a918c8dbf6"|"Michelle"|"Anderson"|"F"|"981 Johnson Lake"|"634-203-7918x7912"|"Retail merchandiser"|"Mcdonald-Lee"|"1991-08-28"
"0ae58258-5e5c-451b-874d-5845e0beb3fa"|"Shawn"|"Mills"|"M"|"118 Day Inlet"|"524.453.9787x652"|"Art gallery manager"|"Simon, Mcguire and Sanders"|"1989-06-06"
"39a0cd18-d99d-4ea1-9e52-c39dd118e664"|"Rachel"|"Fleming"|"F"|"369 Michael Manor"|"858.879.4664x2980"|"Stage manager"|"Conrad, Eaton and Horn"|"1991-10-06"
"e5c56065-2542-4076-b46e-1e7fb8667c5f"|"Matthew"|"Hernandez"|"M"|"339 Nathan Views"|"(365)505-1248x09389"|"Animal technologist"|"White Inc"|"1946-11-17"
"9a11691f-6db7-4d38-804a-0f6fbdc0525c"|"Jennifer"|"Mckee"|"F"|"39 Anderson Parkways"|"435.395.6472"|"Tax inspector"|"Herrera-Melton"|"1934-04-18"
"0ab7349e-25ef-4680-9dfa-15ca0219d1f7"|"Brian"|"Jones"|"M"|"537 Welch Walk"|"+1-249-332-1619x234"|"Town planner"|"Casey-Cortez"|"1975-05-15"
"7e3ac5d0-e101-48d7-bcc3-6375647997fc"|"Michael"|"Barnes"|"M"|"41 Shelton Run"|"(805)460-0499"|"Hydrographic surveyor"|"Brown Ltd"|"2018-06-03"
"bf9643a5-d8a5-4d7e-9ece-4adb57d2df02"|"Richard"|"Jordan"|"M"|"866 Welch Walk"|"641-415-9342"|"Seismic interpreter"|"Ramirez, Hayes and Peterson"|"2015-09-27"
"dec28f17-771f-40be-a442-0f7b28633908"|"Andrew"|"Green"|"M"|"904 Day Inlet"|"(575)320-8860"|"Engineer, aeronautical"|"Stewart, Barnes and Lee"|"1944-07-25"
"80d09491-aac2-4394-a657-17a99660f23c"|"Toni"|"Jordan"|"F"|"617 Castillo Underpass Apt. 535"|"001-207-415-0772x88099"|"Psychiatric nurse"|"Hunter-Olson"|"1995-09-02"
"0b167440-2726-40b8-98cd-3d6fded9b818"|"Harold"|"Conway"|"M"|"908 Barron Hollow"|"616.545.2371x0326"|"Emergency planning/management officer"|"Stanley, Chase and Richard"|"1923-01-14"
"e0b64705-b80f-4927-a63a-a6b9934ae7ba"|"Kayla"|"Gallagher"|"F"|"800 Ross Camp Apt. 134"|"504-630-0269"|"Herpetologist"|"Meyer, Martin and Hernandez"|"1987-08-25"
"d1976cf2-2651-4772-b978-fa8212f4299a"|"Lisa"|"Solomon"|"F"|"199 Quinn Divide"|"(237)534-5927x136"|"Regulatory affairs officer"|"Warren-Mcguire"|"2016-09-12"
"a4846576-9513-42ab-999e-4c3f396305c2"|"Michael"|"Orozco"|"M"|"69 Jonathan Place"|"+1-712-745-1069"|"Astronomer"|"Bullock-Garrett"|"1973-03-12"
"aa242e40-ff1f-46f2-84e4-69a6182e9e6a"|"Jose"|"Smith"|"M"|"406 Jessica Mountains Suite 248"|"+1-385-689-3216"|"Embryologist, clinical"|"Brown, Kim and Hicks"|"2003-03-15"
"7765724e-9a48-44d3-b71c-392e87783f7b"|"Andrew"|"Riley"|"M"|"695 William Avenue"|"001-606-256-2336x1978"|"Press sub"|"Weaver-Taylor"|"1978-10-24"
"077df3c8-0c89-410c-8be5-e0b54991011f"|"Scott"|"Taylor"|"M"|"34 Welch Walk"|"3435149782"|"Graphic designer"|"Jackson, Richards and Rosario"|"1935-05-21"
"7c46f2a9-2aa2-462f-9ef6-b1ccf913bd56"|"Aaron"|"Cordova"|"M"|"280 Hernandez Parkways Suite 200"|"2456949109"|"Politician's assistant"|"Kent, Fischer and Nelson"|"1970-06-19"
"51a77994-235c-4c53-9f7d-40241e95b490"|"Nicholas"|"White"|"M"|"806 Oneal Underpass"|"(514)249-9726"|"Homeopath"|"Haas, Bates and Harris"|"1955-05-05"
"0490c685-98d9-401d-bce5-ac98c9635635"|"Michael"|"Howard"|"M"|"969 Jeffery Isle"|"(362)745-7292"|"Orthoptist"|"Figueroa-Mcdonald"|"1944-11-19"
"59d39291-3156-467d-90ec-416ba4b47173"|"Wade"|"Green"|"F"|"797 Chandler Tunnel Suite 681"|"282.881.1783"|"Town planner"|"Horne-Frederick"|"1955-04-09"
"f7951764-a8f5-4769-be5e-5ee1cec4c0de"|"Jaime"|"Murray"|"F"|"558 Haney Prairie Suite 518"|"398-933-8152x689"|"Radiation protection practitioner"|"Oconnor-Curry"|"1957-08-07"
"b3b37b78-1522-4d96-ba7d-4f5a17b7ce7e"|"Judith"|"Morgan"|"F"|"518 Ward Parkway Apt. 076"|"260-947-5124x353"|"Psychologist, occupational"|"Duran-Wilson"|"1996-12-11"
"4108e960-91b0-4719-972b-0e24b375a27d"|"Natasha"|"Padilla"|"F"|"864 Tiffany Gateway"|"206.344.1155"|"Special effects artist"|"Bailey and Sons"|"2011-02-25"
"0291ef01-c0f4-4b61-a3e0-e96d943bfde8"|"Susan"|"Hall"|"F"|"561 Anderson Port"|"001-758-736-5772x271"|"Accountant, chartered management"|"Jones Ltd"|"1973-11-06"
"97e4df72-f070-4473-8b95-a91500cac864"|"Penny"|"Parker"|"F"|"329 Robert Way"|"762.981.6628x91650"|"Analytical chemist"|"Gregory Ltd"|"1940-09-04"
"178f358b-c008-488b-b1b6-0c5e17d11e84"|"Tammy"|"Howard"|"F"|"332 Montoya Walk Apt. 578"|"+1-510-401-5813x82956"|"Photographer"|"Bowman, Gomez and Lewis"|"2001-10-06"
"89be76ee-02ad-44ed-9ecb-7632d5384225"|"Anthony"|"Foster"|"M"|"271 Robert Way"|"469.391.4713x163"|"Office manager"|"Smith Group"|"1921-05-05"
"83084d1b-ba08-4a35-842b-f60900bf5474"|"Eric"|"Padilla"|"M"|"192 Brian Course"|"+1-561-341-6469x9764"|"Product designer"|"Valdez-Williams"|"2006-02-16"
"a8957d5a-3b26-41ad-bd87-3983fe1d2bab"|"Patrick"|"Perez"|"M"|"956 Christine Gateway"|"314.490.9314"|"Patent attorney"|"Jackson, Montgomery and Taylor"|"1985-08-21"
"a7a8eb83-b23e-4d90-98e7-1a26f52ecb21"|"Justin"|"Morris"|"M"|"15 Jeffery Spur Suite 411"|"+1-610-413-8731x42511"|"Contractor"|"Weber LLC"|"1956-08-23"
"3cbcde5b-4552-4464-9d31-789ca79bb401"|"Dawn"|"Gray"|"F"|"761 Martinez Grove Apt. 125"|"+1-695-592-1784x390"|"Forest/woodland manager"|"Baldwin-Meyers"|"1909-01-19"
"26822836-0399-41d2-8974-30b9e24339fb"|"Leslie"|"Smith"|"F"|"212 Rachel Pine"|"(656)573-3458"|"Community arts worker"|"Nelson Inc"|"1958-08-05"
"cb30625d-fdf1-408b-98a9-a8a90614d58d"|"Karen"|"Barnett"|"F"|"278 Christopher Tunnel"|"(816)873-7692"|"Engineer, drilling"|"Brown, Lawson and Lambert"|"1993-06-17"
"bffb62cd-c1c8-4fc2-9033-9c69abf90165"|"Johnathan"|"Smith"|"M"|"737 Marquez Lane"|"773.578.6586x68953"|"Amenity horticulturist"|"Lester LLC"|"1978-08-05"
"183cd890-0d93-45a1-9d9a-bdd552334eb3"|"Luke"|"Fuller"|"M"|"331 Tiffany Gateway"|"+1-932-957-7876x551"|"Editorial assistant"|"Mendoza Ltd"|"2023-06-11"
"20fd45b3-ac1e-449c-80b2-fd750692b93c"|"Joanna"|"Davis"|"F"|"378 Quinn Divide"|"611-946-9281x448"|"Armed forces training and education officer"|"Morris, Perry and Jordan"|"1926-08-23"
"05d57263-5952-454c-ba85-4fd2fd8cc61b"|"Richard"|"Garcia"|"M"|"964 Barry Shoal Suite 612"|"983.496.7867"|"Trade union research officer"|"Conner-Knight"|"1972-06-12"
"1db18316-c082-4ccf-b025-aeea4db20d7e"|"Nicholas"|"Baker"|"M"|"141 Pham Ports"|"+1-519-814-8148x9272"|"Osteopath"|"Ritter LLC"|"1947-08-06"
"d146b1a4-12b0-4749-b4d8-b9c34be0372a"|"Amanda"|"Torres"|"F"|"448 Wyatt Pike Suite 863"|"242-231-9484x9846"|"Chartered management accountant"|"Hudson-Waters"|"1910-04-15"
"6b931416-9a38-4139-8295-80c2ae9fd1b1"|"Matthew"|"Weiss"|"M"|"559 Robert Way"|"615-730-7350"|"Armed forces logistics/support/administrative officer"|"Keller Group"|"1995-04-19"
"ca48ad17-571d-4bef-8390-608950d96f70"|"Jonathan"|"Matthews"|"M"|"989 Weaver Haven"|"+1-446-787-5936x39614"|"Dancer"|"Bell-Yang"|"1964-09-15"
"812dd4c1-ff89-405d-bd1b-9e6af3b25181"|"Vernon"|"Howard"|"M"|"792 Danielle Estates"|"+1-836-453-0019x4518"|"Phytotherapist"|"Morgan-Clark"|"1921-03-20"
"71dff2fe-a729-4cde-97ca-74febd8994fb"|"Ashley"|"Jones"|"F"|"122 Parks Trace Suite 497"|"943.805.3998"|"Comptroller"|"Cunningham-Richards"|"2008-10-06"
"57210503-6ba9-4da8-b133-c83a2f263264"|"Russell"|"Conway"|"M"|"196 Oneal Underpass"|"315.997.3449"|"Development worker, international aid"|"Powell-Jimenez"|"1956-02-14"
"651909cf-d117-4798-9b57-aced366ba2e1"|"Victoria"|"Hernandez"|"F"|"964 Anderson Port"|"001-851-711-2312x1323"|"Theatre stage manager"|"Hickman, Rivera and Lopez"|"1993-07-27"
"61d775ee-5e26-4249-b9fb-02bad5a34560"|"Isabel"|"Colon"|"F"|"838 Higgins Port Apt. 001"|"001-927-236-1346"|"Advertising art director"|"Brown, Wood and Barnett"|"1931-06-07"
"74f122c1-4c1d-4669-ab9a-f35208d38e81"|"Lauren"|"Williams"|"F"|"592 Banks Curve Apt. 123"|"+1-666-453-4660"|"Call centre manager"|"Orr, Mccoy and Bailey"|"1991-06-20"
"2cadcae1-450c-4bbb-913e-401410480f4a"|"Holly"|"Andrews"|"F"|"888 Mills Springs"|"396.568.7578x39962"|"Designer, multimedia"|"Howard LLC"|"1965-09-25"
"a1d6bda4-7847-45d9-9042-2935ce4674bf"|"Steven"|"Stone"|"M"|"952 Ross Camp Apt. 134"|"(425)485-8691"|"Artist"|"Hill-Smith"|"1945-03-17"
"dea1bda5-178d-481c-84de-f5f169b54088"|"James"|"Hooper"|"M"|"73 Rosario Loop"|"8154746202"|"Administrator, Civil Service"|"Barrett LLC"|"1998-01-23"
"11e0ccc3-b036-419e-b76c-74da370e2ed2"|"Mary"|"Martin"|"F"|"403 Jordan Vista Apt. 756"|"647-714-4920"|"Volunteer coordinator"|"Hart PLC"|"1909-02-04"
"422e6a9f-73dc-49fa-931d-c7c57bf9171c"|"Paula"|"Williams"|"F"|"850 Jonathan Place"|"584-860-9320"|"Tourism officer"|"Jones, Hamilton and Smith"|"1937-07-23"
"5dd35f30-98d9-48bb-81b5-82ac5f732931"|"Wendy"|"Smith"|"F"|"594 Bruce View Suite 976"|"585-906-6867"|"Immigration officer"|"Meyer PLC"|"1944-06-15"
"25717ace-6aec-4f54-b8fe-cfebe292aa62"|"James"|"Williams"|"M"|"526 Jacobs Ports Suite 715"|"3436878872"|"Audiological scientist"|"Daugherty-Johnson"|"1972-10-26"
"68928c1f-2417-45cf-b241-2abe3c8cf7f2"|"Peter"|"Freeman"|"M"|"763 Catherine Lock"|"001-741-558-3147"|"Optometrist"|"Estes PLC"|"2007-03-15"
"2ea98d36-d0bb-43ba-a40b-d68330e7d698"|"Martin"|"Romero"|"M"|"512 Patricia Trafficway Apt. 188"|"001-657-463-5601"|"Music therapist"|"Conrad, Leon and Robinson"|"1910-01-06"
"24f972fd-0e9a-4f28-bed2-ed151743def8"|"Carolyn"|"Roberts"|"F"|"907 Matthew Keys"|"(456)893-8348x67692"|"Estate manager/land agent"|"Williams, Sanders and Greene"|"2003-11-03"
"5a9e3ae8-a248-480b-9d18-d470d20cee4c"|"David"|"Hanson"|"M"|"519 Thomas Coves Suite 736"|"(232)840-0221"|"Marketing executive"|"Key LLC"|"1945-02-15"
"2174bd0a-0416-491f-ab51-d9a9b8fd9a61"|"Rodriguez"|"Freeman"|"F"|"56 Christopher Ways"|"321-661-2155x42425"|"Teacher, English as a foreign language"|"Ponce-Hernandez"|"1982-01-26"
"cae1a129-fea4-4fd8-84cd-7f331d741a16"|"Nancy"|"Lee"|"F"|"336 Shepard Bridge"|"417.849.5311"|"Administrator, sports"|"Johnson, Abbott and Barber"|"1984-12-08"
"95851704-fde0-4431-afda-d9acb1fa9a32"|"Sabrina"|"Flynn"|"F"|"326 Jones Cliffs Suite 657"|"(312)245-1018x0185"|"Clinical psychologist"|"Flores-Calhoun"|"2002-01-27"
"13b53774-4c7b-4a04-88a3-c44c06e1629a"|"Tracey"|"Benson"|"F"|"385 Jeffery Spur Suite 411"|"001-454-390-5926x594"|"Nutritional therapist"|"Boone Group"|"1944-08-18"
"8ed1236a-c55f-41a7-a4e0-feb8427617d2"|"Jessica"|"Garrison"|"F"|"638 Tiffany Gateway"|"471-757-2268"|"Paediatric nurse"|"Hogan LLC"|"1943-02-15"
"7c951e8e-9a93-4230-9fe2-aff70a79b684"|"Tracy"|"Boone"|"M"|"39 Scott Valleys Suite 598"|"001-338-349-6603x6611"|"English as a second language teacher"|"Petersen PLC"|"1955-09-20"
"0b16d489-f55d-4d8e-9dd2-9d0d361b46e6"|"Daniel"|"Franklin"|"M"|"29 Jeffery Spur Suite 411"|"001-681-667-7170x2631"|"Surveyor, insurance"|"Ortega, Mann and Anderson"|"1914-02-04"
"307a76de-5782-4396-879e-dd6fdd2419a3"|"Elijah"|"Joseph"|"M"|"784 Hensley Park Suite 873"|"001-950-212-3685"|"Warehouse manager"|"Hudson, Johnson and Turner"|"2002-01-05"
"ec3ebfe7-35fa-49c2-820f-bf21fe0cf33a"|"Matthew"|"Mckee"|"M"|"650 Haney Prairie Suite 518"|"+1-526-674-0586x3734"|"Sports therapist"|"Hudson Group"|"1912-10-26"
"7acfa11a-376d-4ffc-83bd-3c41659266cc"|"Tracy"|"Tyler"|"F"|"611 Nathan Views"|"001-967-478-7683"|"Interpreter"|"Vasquez-Ward"|"1995-12-25"
"c14f9051-2b36-4766-a0db-6850d92d2f6d"|"William"|"Pittman"|"M"|"457 Morales Gardens Suite 197"|"(859)566-1794x2312"|"Surveyor, commercial/residential"|"Long-Fowler"|"1981-10-07"
"ba794e89-d793-4b1e-8bb5-8d3e2cb22f90"|"James"|"Vargas"|"M"|"674 Bruce View Suite 976"|"(202)838-8969x196"|"Conservation officer, historic buildings"|"Ford-Neal"|"1965-12-10"
"d76e24c5-96f3-4046-9677-c3c21b74bdc7"|"Brittany"|"Barnes"|"F"|"434 Davenport Fords"|"959-788-7765x7542"|"Copy"|"Thompson Inc"|"1980-06-28"
"a6a2bf05-a473-4dab-82a9-1f404d5eb6b9"|"Adrian"|"Smith"|"M"|"27 David Passage Suite 979"|"550-951-0988"|"Leisure centre manager"|"Hernandez-Pratt"|"1977-04-05"
"5abefa7d-4a0a-496c-b410-89c78e77255c"|"Hannah"|"Crane"|"F"|"564 Anderson Parkways"|"+1-380-447-0284x17459"|"Learning disability nurse"|"Smith-Cook"|"1968-01-08"
"79fd6f01-fa29-4c89-b506-b3a2eb21825e"|"Kristine"|"Powers"|"F"|"49 Catherine Cove"|"958.347.6824"|"Clinical biochemist"|"Garrison, Phillips and Martin"|"1977-06-18"
"aa9a1547-5f82-48fd-aff4-83b83d9314b4"|"Matthew"|"Barnett"|"M"|"514 Brian Course"|"+1-853-764-6053x7853"|"Insurance underwriter"|"Wells Ltd"|"1981-02-19"
"bef2f44b-7012-470a-862d-397258b7e805"|"Craig"|"Young"|"M"|"178 Davis Landing"|"561-586-9484"|"Public relations account executive"|"Cain PLC"|"1991-12-08"
"f8cb9cf8-a72a-4d27-973f-617ea8e98717"|"Dan"|"Wilson"|"M"|"378 Lee Burgs"|"(657)264-0490x3026"|"Forensic scientist"|"Norton Ltd"|"2022-03-21"
"bf860a4d-5851-48c9-bdd2-6de283894f9c"|"Jacob"|"Ryan"|"M"|"787 Murphy Creek Suite 712"|"801.535.6502x070"|"Exhibitions officer, museum/gallery"|"Jackson, Patel and Armstrong"|"2018-06-06"
"29281a9f-2f39-469e-a39f-8c7725a0fe4f"|"Laurie"|"Shaffer"|"F"|"776 Simpson Mill Apt. 030"|"6946066188"|"Warden/ranger"|"Bean, Delgado and Mendoza"|"1985-03-07"
"1c7178bb-d1a3-4a8c-bcf2-0f2a1d12b4e6"|"David"|"Smith"|"M"|"846 May Rest Suite 582"|"+1-319-456-2851x1021"|"Risk manager"|"Evans, Rivera and Banks"|"1932-10-03"
"ad406b8c-a477-4efe-abb6-59185c6a6be6"|"Anthony"|"Williams"|"M"|"311 Tim Avenue Apt. 437"|"+1-583-730-9242x6451"|"Copywriter, advertising"|"Sims and Sons"|"1971-10-07"
"251942fe-cc81-4570-8c22-d84e697d2a5f"|"Kelly"|"Bryant"|"F"|"62 Patricia Row"|"927-696-9629x26329"|"Human resources officer"|"Anderson LLC"|"1947-07-14"
"49a6f422-d650-4afc-8301-35260de4d4e8"|"Wendy"|"Mitchell"|"F"|"684 Luna Loop"|"001-325-810-2962x922"|"Meteorologist"|"Fleming LLC"|"1986-12-05"
"b04203f5-6fc6-442d-8570-3535a36a2b4b"|"Margaret"|"Foster"|"F"|"122 Jessica Mountains Suite 248"|"413.353.6629x7581"|"Academic librarian"|"Allen, Blackburn and Hutchinson"|"1978-07-03"
"56329179-83b8-4cc0-9491-2d7f9ee71687"|"Andrea"|"Cervantes"|"F"|"985 Rivers Squares"|"001-767-567-3883x978"|"Conference centre manager"|"Jones-Turner"|"1928-06-27"
"ca34f60e-378d-49a3-a657-a6fa16ed2a53"|"Brandon"|"Zimmerman"|"M"|"87 Troy Centers"|"+1-725-456-9334x57341"|"Jewellery designer"|"Jones Group"|"1992-12-24"
"b6924d72-e052-4e21-8cab-399a1c8e16b9"|"Ryan"|"Curtis"|"M"|"806 Porter Overpass"|"001-837-843-8949x652"|"Insurance risk surveyor"|"Garcia-Robinson"|"1940-06-26"
"54acec94-d9e2-4275-82d7-4e6e74bb7692"|"Robert"|"Ryan"|"M"|"814 Catherine Lock"|"515.315.9259"|"Embryologist, clinical"|"Garcia-Lambert"|"1972-01-28"
"4b50c562-19c6-435b-a6ed-44a11bdf2f63"|"Daniel"|"Wilson"|"M"|"97 Brian Course"|"+1-354-992-2017x7357"|"Therapist, music"|"Williams and Sons"|"1962-03-27"
"766ff9a4-d6c5-4b48-bf3b-84bfabfdb5ef"|"Jason"|"Martinez"|"M"|"59 Jeffery Isle"|"939-587-2557x849"|"Sports development officer"|"George Ltd"|"1931-10-19"
"2242d279-5888-456e-abf5-34f625696534"|"Kristen"|"Shaffer"|"F"|"459 Moore Crossroad Apt. 549"|"+1-216-714-4016x85269"|"Network engineer"|"Palmer and Sons"|"1951-10-16"
"520b428c-a542-4677-b087-d6b6046463c9"|"Carla"|"Orozco"|"F"|"296 Thomas Ford"|"(610)372-4745"|"Legal secretary"|"Anthony-Brewer"|"2017-08-31"
"006b1673-af9a-4712-92f2-5b857a7d5d72"|"Steven"|"Perez"|"M"|"309 Smith Avenue Apt. 759"|"+1-815-650-8974x2382"|"Dispensing optician"|"King Inc"|"2008-09-06"
"af529678-7f72-47d7-b37b-f2f0e5e674a2"|"Joshua"|"Roberts"|"M"|"739 Davenport Fords"|"(278)959-8116"|"Planning and development surveyor"|"Smith-Hardin"|"2010-03-27"
"e6f54f65-283e-45f9-bdef-e4031c83e133"|"Cassandra"|"Shaffer"|"F"|"337 Gabriel Hill Apt. 094"|"478-780-8493x429"|"Phytotherapist"|"Brown, Hernandez and Bonilla"|"1977-05-31"
"f500dbce-d1e1-40e9-a27a-59523224f281"|"Rebecca"|"Fernandez"|"F"|"385 Hanson Port"|"(340)950-1545x9367"|"Orthoptist"|"Hutchinson-Copeland"|"1943-06-01"
"9970e220-97e1-4d6e-9c6f-1007dd0d9ea8"|"Angelica"|"Torres"|"F"|"490 Wilson Locks Apt. 694"|"987-587-6010x9044"|"Counsellor"|"Merritt-Miller"|"2023-04-22"
"c96d9f2f-5639-4845-abf8-3f2b8be739e3"|"Daniel"|"Floyd"|"M"|"884 David Course Apt. 455"|"388.866.8491x636"|"Mental health nurse"|"Harvey-Hooper"|"1952-02-05"
"028b237f-092f-4950-9dbb-adb490e65c26"|"Diana"|"Ramirez"|"F"|"128 Jeffery Isle"|"338-586-6315x535"|"Conservator, furniture"|"Medina-Bush"|"1912-06-06"