"id"|"first_name"|"last_name"|"sex"|"address"|"phone_number"|"profession"|"company"|"date_of_birth"
"84582a1b-1134-4d50-af57-7c5da40c29b5"|"Daniel"|"Dean"|"M"|"592 Aimee Circles"|"4169180751"|"Risk analyst"|"Mitchell Group"|"2000-12-07"
"cc1f27a9-5fb3-4a82-be24-1ea365f2016f"|"Gabriela"|"Faulkner"|"F"|"934 Marquez Lane"|"+1-813-507-4153"|"Surveyor, quantity"|"Wilson LLC"|"2010-08-10"
"345809fa-53cd-4746-b265-c48abde4b890"|"Whitney"|"Gill"|"F"|"106 Evans Ports Suite 383"|"(749)489-8348"|"Chief Operating Officer"|"Watkins Inc"|"2011-10-25"
"40126b8c-4713-420b-9b25-35a3acce89ee"|"Alex"|"Hughes"|"M"|"860 Martinez Grove Apt. 125"|"703.593.6263x10251"|"Conservation officer, historic buildings"|"Gomez, Brown and Castillo"|"1981-08-23"
"6c314bb0-3cf8-40bd-b4ae-77bd911c9351"|"Richard"|"Hubbard"|"M"|"38 Michael Manor"|"001-493-431-1286x86266"|"Clinical molecular geneticist"|"Fritz LLC"|"1924-02-24"
"2783ef2c-7244-4f81-ae25-4bbc7269d01d"|"Robin"|"Cooke"|"F"|"696 Wyatt Pike Suite 863"|"(605)511-8928x4424"|"Geographical information systems officer"|"Edwards-Shields"|"1924-03-19"
"b8e9d14c-cf25-4c32-849f-25ced92d1254"|"Andrea"|"Freeman"|"F"|"500 Diana Point"|"657-404-2388x083"|"Advice worker"|"Gordon PLC"|"1922-10-13"
"07acc4f1-b8dc-413d-a289-8869265b698b"|"Sarah"|"Gray"|"F"|"417 Douglas Springs"|"(454)680-2595"|"Civil engineer, contracting"|"Foster, George and Fry"|"1929-12-13"
"ef732491-233f-43b5-80ef-09eb06625be7"|"Lisa"|"Jones"|"F"|"295 Haney Prairie Suite 518"|"892-439-9970x4791"|"Agricultural consultant"|"Morris-Clarke"|"1985-03-07"
"1104d973-9240-46d5-b49d-6cacf7eae29e"|"Amanda"|"Burton"|"F"|"589 Anderson Port"|"+1-828-399-0511x7170"|"Social researcher"|"Castillo, Oneill and Mitchell"|"1993-02-03"
"e70522d8-ecf8-471f-9fcf-8714a0c602cc"|"Allison"|"Green"|"F"|"888 Monica Burgs Suite 695"|"+1-469-672-8319x39149"|"Translator"|"Beard-Edwards"|"1942-05-15"
"62bace23-95ce-4e31-8438-647b640f316b"|"Tina"|"Clark"|"F"|"158 Gabriel Hill Apt. 094"|"383-246-8342"|"Programmer, systems"|"Callahan, Nguyen and Jones"|"1967-10-08"
"dde88549-a5a7-4d7a-ad80-dee59db8f185"|"Keith"|"Wood"|"M"|"139 Shepard Bridge"|"923-263-1789x4658"|"Editor, commissioning"|"Miller-Fernandez"|"1972-02-04"
"60f034a9-a030-4ba5-a3b9-a7fff4452d2f"|"Christy"|"Dean"|"F"|"404 Robin Junctions Apt. 618"|"+1-269-763-2581"|"Psychiatric nurse"|"Roberts Ltd"|"1917-03-05"
"bbf638af-7ee8-4012-a8e0-215a6a3083dc"|"Heather"|"Mitchell"|"F"|"582 Parks Trace Suite 497"|"416-926-9668"|"Prison officer"|"Williamson, Stephens and Smith"|"2022-05-21"
"5a55e7a1-ac7f-426f-aee9-bb5a4cedec6f"|"Tracy"|"Ramirez"|"M"|"801 Tyler Knoll Apt. 752"|"402-652-6656"|"Counselling psychologist"|"Miller and Sons"|"1961-04-14"
"162a13b2-3e92-44e4-b09d-acdc28d526e8"|"Jasmine"|"Murray"|"F"|"57 Bruce View Suite 976"|"001-287-651-7376"|"Music therapist"|"Rubio-Wilson"|"1929-01-12"
"617e011d-edf8-447a-8f54-39b3eb99b029"|"Cynthia"|"Jackson"|"F"|"759 Morales Gardens Suite 197"|"+1-884-512-0433"|"Electronics engineer"|"Anderson Ltd"|"1993-01-17"
"fba0b8d0-af2a-46bf-9b16-34ad9b014096"|"Mary"|"Johnston"|"F"|"691 Angela Lights"|"(431)641-0211x3217"|"Art therapist"|"Mendez-Ramos"|"1981-06-11"
"cfebbdcb-37af-40ba-8945-7adbaabb7a9a"|"Mary"|"White"|"F"|"190 Montoya Walk Apt. 578"|"2793763114"|"Call centre manager"|"Henry-Soto"|"1918-05-06"
"4ef73e83-db88-4a22-b7ff-d4e1a456b1d7"|"Jeanette"|"Mitchell"|"F"|"209 Gabriel Hill Apt. 094"|"987.459.0480x2163"|"Facilities manager"|"Gonzales, Wade and Acosta"|"2019-05-13"
"44bc3b95-ab94-4910-ae69-33d703280e6e"|"Reynolds"|"Steele"|"F"|"533 Kari Alley Suite 131"|"726.282.3143x568"|"Advertising account planner"|"Smith, Mora and Howard"|"1996-04-13"
"4545317b-13f6-4830-a274-25a45eeb6dfd"|"Brandon"|"Mills"|"M"|"723 King Land"|"5597450578"|"Librarian, public"|"Potter, Dean and Mcknight"|"1933-05-03"
"ea7782ab-6d0b-4ca8-9833-488e76d32749"|"Jonathan"|"Willis"|"M"|"99 Weeks Meadow Suite 683"|"+1-418-791-4315x15612"|"Retail manager"|"Carney, Lopez and Perkins"|"1992-02-01"
"d95ad597-ed6a-4ace-a6e1-cc761ee7c79c"|"Samantha"|"Curtis"|"F"|"179 Thomas Coves Suite 736"|"906-331-3380"|"Engineer, chemical"|"Jackson-Skinner"|"1912-12-13"
"ca654756-fdc2-4285-9a8c-a0c8d445e197"|"Teresa"|"Young"|"F"|"263 Elizabeth Creek Apt. 423"|"+1-919-775-2307x67533"|"Financial planner"|"Thompson, Klein and Carrillo"|"1998-04-11"
"4ea60633-c900-467b-9b86-68fff2a7d45b"|"Cindy"|"Holmes"|"F"|"755 Robinson Highway"|"001-833-974-9789x92411"|"Magazine journalist"|"Guerrero, Lane and Simpson"|"1950-10-16"
"af86339f-be43-4de3-84e8-45d1069bd418"|"Mason"|"Ramirez"|"F"|"768 Johnson Throughway"|"813.284.0632"|"Consulting civil engineer"|"Robinson-Gonzales"|"2002-09-25"
"95149fde-ce68-43ef-82a6-313e438b1c40"|"Ethan"|"Rice"|"M"|"312 Thomas Coves Suite 736"|"280.889.5951x405"|"Pension scheme manager"|"Johnson, Ewing and Jackson"|"2021-12-01"
"6c6b84f0-a228-4ee1-ae30-7816c68481b1"|"Mark"|"Zimmerman"|"M"|"206 Padilla Estate Suite 556"|"985.917.9366"|"Bookseller"|"Richards-Russo"|"2001-09-06"
"7187545b-41fd-4b7e-acd0-114e4561e07e"|"Christopher"|"Shaffer"|"M"|"432 Julia Station"|"+1-316-811-0152x34725"|"Merchant navy officer"|"Bruce-Patton"|"2005-10-29"
"c8f8ed09-8371-4b7a-9d4a-0be0bfc34434"|"Cameron"|"Cannon"|"M"|"922 Cox Turnpike Apt. 083"|"(334)268-6306"|"Social research officer, government"|"Lane, Young and Wright"|"1956-02-12"
"bee0739f-8694-4b53-a0ac-d145e1681c05"|"Michael"|"Gray"|"M"|"254 Thomas Coves Suite 736"|"(400)893-9739x126"|"Psychotherapist, child"|"Morales-Phillips"|"1935-01-10"
"c5d1e77a-9760-45dd-b996-a1651f8fa58e"|"Martha"|"Gonzales"|"F"|"268 Luna Loop"|"8433616606"|"Health visitor"|"Ferrell-Rice"|"1985-06-22"
"3950df28-16b1-4b4e-9211-f34a443d47ec"|"Vicki"|"Velez"|"F"|"825 Amanda Curve"|"940.355.1872"|"Energy manager"|"Phillips, Johnson and Brown"|"1920-02-04"
"709c18b4-aea6-4ac4-b987-3aae98627405"|"Katherine"|"Reyes"|"F"|"235 King Land"|"001-317-426-6836"|"Fashion designer"|"Graham PLC"|"1961-08-28"
"ab109fe3-3991-46d6-b8cd-e357e922ca8b"|"Manuel"|"Gonzales"|"M"|"794 Nathan Views"|"452-868-5942x1071"|"Copywriter, advertising"|"Lewis Inc"|"1963-12-27"
"5b39eed6-6336-45ee-b4b1-7ce7c70261e6"|"Pamela"|"Phillips"|"F"|"509 Aimee Circles"|"+1-256-355-9091x636"|"Teacher, early years/pre"|"Bates-Griffin"|"2001-09-19"
"3038e3e1-13e3-4aa4-8eed-cf8b3fbc6ac1"|"Duane"|"Spence"|"M"|"46 Donald Village Apt. 289"|"376-222-8478"|"Chartered legal executive (England and Wales)"|"Taylor-Jones"|"1948-05-23"
"d8ba151f-3700-43c1-ad3b-faff521499eb"|"Travis"|"Roberts"|"M"|"84 Johnson Throughway"|"(460)591-8334x804"|"Occupational psychologist"|"Tanner Ltd"|"1991-04-17"
"8f38a534-1b4d-4abd-8f96-2a8edca32791"|"Shannon"|"Drake"|"F"|"538 Martinez Grove Apt. 125"|"433.390.3482x7763"|"Estate manager/land agent"|"Martin, Russell and Lucas"|"1996-11-11"
"380ce56d-660d-445f-9f6f-f8ed17511c8c"|"Amber"|"Gates"|"F"|"219 Jessica Mountains Suite 248"|"909-345-9510x49089"|"Publishing copy"|"Grant-Howard"|"1983-02-18"
"90c4db84-767b-4731-9e72-65729a3d403f"|"Michael"|"Bryant"|"M"|"498 Thomas Ford"|"+1-998-715-5395x121"|"Surveyor, building control"|"Christian-Reilly"|"1960-11-29"
"b4395d4b-9e17-4aaa-aecd-538a3f76ffa8"|"Michael"|"Roberts"|"M"|"298 Robin Junctions Apt. 618"|"+1-850-809-9610x453"|"Paramedic"|"Dominguez, Thompson and Rodgers"|"1958-01-30"
"09b5f371-a221-434f-baa2-896aef8857fc"|"Kimberly"|"Morris"|"F"|"591 Jeffery Isle"|"231-280-0483"|"Programmer, systems"|"Griffin-Kent"|"1965-07-10"
"432aae2b-92ae-429d-9eb2-36902deb4b90"|"Robin"|"Howell"|"F"|"814 Catherine Lock"|"468-641-9159"|"Sport and exercise psychologist"|"Graves, Barry and Potts"|"1954-05-23"
"7df21286-0fc4-4883-a473-cf5ab5e6baa2"|"Ellen"|"Bond"|"F"|"746 Quinn Divide"|"+1-799-200-8115"|"Psychologist, educational"|"Pineda, Marshall and Miller"|"2002-09-01"
"ed54f694-45ec-4690-b627-7d564a889ce7"|"Dwayne"|"Williams"|"M"|"768 Cox Turnpike Apt. 083"|"(676)495-7624x706"|"Private music teacher"|"Thomas PLC"|"1937-06-09"
"d331f588-aa34-44f2-b600-bec5885033b1"|"Anthony"|"Crane"|"M"|"953 Patricia Row"|"+1-512-337-3774x6822"|"Osteopath"|"Hanson, Weber and Rivers"|"1935-12-14"
"13d1fbc4-ae61-4918-830d-84c6038ad0fa"|"Katie"|"Allen"|"F"|"278 Gabriel Hill Apt. 094"|"963.497.7693"|"Museum education officer"|"Parker and Sons"|"1991-11-08"
"06e33bf8-5933-4c57-b34e-cf0368919bdf"|"Spencer"|"Perez"|"F"|"158 Mills Springs"|"001-556-678-8069"|"Public house manager"|"Wallace PLC"|"1999-06-01"
"05ce54fb-765e-4caa-8518-49687e98cdb9"|"Kristin"|"Mccullough"|"F"|"768 Jeffrey Run"|"869-843-0892"|"Product manager"|"Wilcox-Cooper"|"1919-05-18"
"440d5287-7d83-4ffe-8bae-db0b8765d936"|"Nicholas"|"Smith"|"M"|"661 Douglas Springs"|"(713)511-8635x593"|"Herbalist"|"Jones and Sons"|"2010-04-09"
"7d42d1cf-0f6a-40eb-8c61-0ef7c97cd5e6"|"Angela"|"Morris"|"F"|"390 Brian Course"|"229-973-1818"|"Civil engineer, contracting"|"Logan-Wolfe"|"1962-06-11"
"90847c72-2935-44e8-bf7c-eb9b71ab21c6"|"Robert"|"Barnes"|"M"|"60 Weeks Meadow Suite 683"|"001-897-982-2179x99161"|"Scientist, research (life sciences)"|"Mathis LLC"|"1919-01-13"
"b2d1173f-215f-4fca-a2a1-26c8b046d896"|"Julia"|"Herrera"|"F"|"851 Hanson Port"|"208.393.4009"|"Engineer, technical sales"|"Welch-Brown"|"1992-05-27"
"c0992dd1-6118-4f5c-87fb-80477ba0248f"|"Kevin"|"Howard"|"M"|"308 Alexandra Bridge Suite 474"|"(402)801-0553x25399"|"Librarian, public"|"Cortez-Moore"|"2016-01-05"
"e6f42a6b-d696-4183-8502-9903b8ca9052"|"Deborah"|"Mendoza"|"F"|"281 Montoya Walk Apt. 578"|"(227)719-2695x2279"|"Aeronautical engineer"|"Lyons, Sparks and Willis"|"1979-04-19"
"99e309ab-42f1-4ec2-8609-f4e5426fbd6b"|"Kathleen"|"Patton"|"F"|"67 Day Inlet"|"425.974.5679x63055"|"Chief Marketing Officer"|"Baker, Boone and Dickerson"|"1941-04-05"
"72eee97e-0462-410d-9554-48c2693a2cfe"|"Michael"|"Smith"|"M"|"695 Tara Inlet"|"+1-690-976-2029"|"Cytogeneticist"|"Welch, Holmes and Marshall"|"2001-01-01"
"eadb5212-cea1-4184-a243-5b2ed01864df"|"John"|"Gonzalez"|"M"|"976 Lee Burgs"|"001-986-871-5714"|"Lecturer, further education"|"Davis-Sullivan"|"1909-04-23"
"63d39e8b-8413-4f83-9686-c4ed7b901320"|"John"|"Anderson"|"M"|"56 Jeffery Isle"|"001-210-859-2111x8121"|"Presenter, broadcasting"|"Merritt, Arnold and Trevino"|"1955-03-16"
"628b9d59-f8e1-47fa-9f85-5c7a268e4020"|"Sara"|"Solomon"|"F"|"357 Andrew Street Apt. 107"|"6924650295"|"Marine scientist"|"Moss Inc"|"1951-04-27"
"6e86fa8f-aada-451e-b467-d034a4b93a73"|"Tyler"|"Phillips"|"M"|"430 Moore Crossroad Apt. 549"|"310-510-5035x194"|"Child psychotherapist"|"Oliver LLC"|"2012-01-11"
"f3388a4f-2b60-40bc-b69b-c16924a0c7f8"|"Michael"|"Barnes"|"M"|"427 Heather Garden Suite 383"|"001-526-511-0045x671"|"Theatre stage manager"|"Williams Ltd"|"1995-06-02"
"4eff58b3-5e07-4976-bd69-7f126d9c957a"|"Austin"|"Gates"|"M"|"579 Weaver Haven"|"+1-504-799-0172x789"|"Office manager"|"Goodwin, Smith and Kirk"|"1948-01-30"
"6def55f8-bb44-443d-8ed5-d4daa6c3ce09"|"Dennis"|"Snyder"|"M"|"166 Bailey Trail"|"(476)325-4194x9439"|"Medical illustrator"|"Wilson LLC"|"1927-06-06"
"fc97a956-e4e5-40c2-b824-b8d7276460fd"|"Angela"|"Martin"|"F"|"511 Anderson Port"|"3997309173"|"Police Officer"|"TTPD"|"1983-02-03"
"cd183672-edbf-4b00-88d8-d948c03228b8"|"Adam"|"Murray"|"M"|"662 Johnson Throughway"|"001-847-873-4875"|"Firefighter"|"Stafford, Collins and Martinez"|"1973-05-17"
"f6507483-81c6-4b4d-8736-7ffc36e475fd"|"Jacob"|"Welch"|"M"|"971 Banks Curve Apt. 123"|"001-962-794-9026"|"Operational investment banker"|"Schneider and Sons"|"2010-06-30"
"8387e1f2-f629-40be-b5fc-3e31ea67fc7e"|"Pamela"|"Smith"|"F"|"579 Shepard Bridge"|"229-237-8591"|"Hydrographic surveyor"|"Mccarty-Whitaker"|"1918-04-17"
"db1e7ba9-64bd-4fb5-8754-38a923996a41"|"John"|"Freeman"|"M"|"973 Wilson Locks Apt. 694"|"2699400323"|"Solicitor, Scotland"|"Black-Rice"|"1917-07-05"
"2e3842a2-7eef-428e-9a6f-6730f4e9db65"|"Christopher"|"Morris"|"M"|"578 Jeffrey Run"|"+1-236-529-2922x662"|"Applications developer"|"Castillo-Fisher"|"1980-05-29"
"b92601dc-82a3-499c-9702-edfad9fd313f"|"Ricky"|"Velez"|"M"|"700 Johnson Throughway"|"(921)783-7524"|"Education officer, community"|"Parker-Lowe"|"1918-02-21"
"2d3d41c3-5e9c-4486-acf6-98a05d384575"|"Eric"|"Hurley"|"M"|"941 Michelle Isle Apt. 431"|"(883)547-2078"|"Architect"|"Wilkerson Ltd"|"1968-11-22"
"366daa61-3459-44c5-aede-362842365d30"|"Scott"|"Jackson"|"M"|"246 Brian Course"|"+1-266-918-8487x124"|"Insurance broker"|"Brewer-Meyer"|"1987-07-15"
"c1dd2126-b2aa-45b7-8e17-2979ace534fc"|"Nathan"|"Garrison"|"M"|"964 Randolph Way Suite 427"|"(454)949-2076"|"Broadcast presenter"|"Ramirez-Richards"|"2012-05-02"
"7f64632d-1783-4e27-9c1a-483ba3b67f78"|"Steve"|"Lynch"|"M"|"3 William Avenue"|"408.257.4172x0808"|"Curator"|"Hall, Wilson and Smith"|"2001-02-18"
"3a75c8f4-9cd5-4cd5-b06c-bda6f9c63fe7"|"Lauren"|"Sparks"|"F"|"943 Mills Springs"|"(815)930-5792"|"Buyer, industrial"|"Leon Ltd"|"1993-11-21"
"e17b859a-7b48-42d7-89d0-057175194367"|"Christopher"|"Flynn"|"M"|"402 Welch Walk"|"908-427-8978x8251"|"Government social research officer"|"Carson, Nichols and Rivera"|"1947-05-16"
"fd5fd0b8-7e4d-4221-8563-b52f3f272233"|"Aaron"|"Riddle"|"M"|"674 Johnson Lake"|"001-963-455-5700"|"Surveyor, insurance"|"Cantrell LLC"|"1988-09-07"
"fceb23eb-75fe-49b5-865d-e50012651237"|"Tracy"|"Matthews"|"F"|"807 Kari Alley Suite 131"|"001-851-791-8436x685"|"Engineer, site"|"White-Copeland"|"2017-10-25"
"14ca68e2-8fd5-454b-ab9c-cdfabb6e3b56"|"Michael"|"Fisher"|"M"|"262 Rachel Pine"|"001-547-782-5130x111"|"Therapist, horticultural"|"Grant, Anderson and Escobar"|"1962-11-26"
"ccbad0f4-4922-4bc9-b97f-fa7e25c0ac3b"|"Donna"|"Villanueva"|"F"|"408 Andrew Street Apt. 107"|"900.673.9519"|"Research officer, political party"|"Clark-Leonard"|"2023-06-09"
"d843d6d1-2548-4f54-9180-9aabca0a22e7"|"Timothy"|"Green"|"M"|"236 Jordan Vista Apt. 756"|"826-765-0264x513"|"Advertising account executive"|"Valdez Group"|"1945-09-26"
"7e8f1958-17d8-4960-a6a7-bbfdd4dc53d0"|"Linda"|"Roberts"|"F"|"575 Aimee Circles"|"+1-976-501-1055x071"|"Personnel officer"|"Bell-Johnson"|"1910-11-11"
"b9d7301b-af24-4a73-8e53-7e06377f44e1"|"Colleen"|"Perez"|"F"|"964 Arnold Cliffs"|"+1-482-570-2648x842"|"Landscape architect"|"Weiss-Rollins"|"1964-02-08"
"3b57f480-69ee-4514-9cdf-6f9cda84854e"|"Russell"|"Gardner"|"M"|"30 Michael Manor"|"(853)528-4036x35031"|"Engineer, civil (consulting)"|"Garcia Inc"|"1991-11-10"
"a4bd989c-7955-4223-912f-3b86316cf1d9"|"Pamela"|"Jones"|"F"|"485 Jennifer Track"|"(348)392-1552"|"Mechanical engineer"|"Singh Ltd"|"1989-05-23"
"17252ac8-8d17-4742-a775-f00fa34ea388"|"Joan"|"Anderson"|"F"|"175 Colleen Mount"|"001-645-785-3447x057"|"Petroleum engineer"|"Robinson, White and Lopez"|"2008-05-24"
"5a15c551-6431-4e83-92b8-b5d8b9639337"|"Jacqueline"|"Hicks"|"F"|"214 Thornton Land Suite 697"|"+1-555-479-9805"|"Engineer, maintenance"|"Flynn, Johnson and Sullivan"|"1965-01-26"
"1c02aa3e-4d1d-4242-b699-984bae8f803e"|"Thomas"|"Torres"|"M"|"566 Yates Harbor Suite 905"|"644-555-7733x782"|"Equities trader"|"Wilkins-Sims"|"2016-06-17"
"5afa8c7f-7b81-4c7f-8d6c-79a5c9a57762"|"Jeff"|"Cordova"|"M"|"465 Martinez Grove Apt. 125"|"(308)545-9733x2177"|"Designer, blown glass/stained glass"|"Watson-Moore"|"2007-03-27"
"66fe9ccc-5176-481c-ad89-f191bcda380a"|"Aaron"|"Padilla"|"M"|"14 Jonathan Stravenue"|"(538)249-3520x459"|"Doctor, hospital"|"Morgan and Sons"|"2016-10-27"
"fc2496b6-984c-4051-835d-b8bf978531b6"|"Vanessa"|"Jackson"|"F"|"902 Smith Avenue Apt. 759"|"(832)817-8832"|"Cartographer"|"Owens LLC"|"1978-09-10"
"cdae0e9d-9316-4d85-91d7-5dba208962ae"|"Kimberly"|"Peterson"|"F"|"67 Kari Alley Suite 131"|"001-257-264-4974x46408"|"Graphic designer"|"Guzman Group"|"1928-06-27"
"d4261e59-cf97-4ae7-b8fa-e39aa35a2d43"|"Brian"|"Goodwin"|"M"|"329 Martinez Grove Apt. 125"|"5658299486"|"Farm manager"|"Torres-Hernandez"|"1969-04-23"
"75cf6d7c-8b09-4b40-8968-670591c0ebda"|"April"|"Clark"|"F"|"810 Bailey Trail"|"001-214-320-9780"|"Radio broadcast assistant"|"Simmons, Mann and Garcia"|"1915-04-29"
"4ba64124-9fd1-4c5d-9e49-4460afed00bb"|"Sandra"|"Barnett"|"F"|"227 Davis Landing"|"921-666-1096x913"|"Plant breeder/geneticist"|"Taylor LLC"|"1927-01-12"
"a9a0da16-de41-4ca8-a649-cbb7f37ad5c1"|"Todd"|"Garcia"|"M"|"244 Amber Wells"|"+1-516-387-6497"|"Health service manager"|"Scott and Sons"|"2004-02-13"
"a472aafa-a5de-4229-a524-5badd7eee157"|"Courtney"|"May"|"F"|"530 Hensley Park Suite 873"|"396-540-7973x598"|"Volunteer coordinator"|"David, Jackson and Harmon"|"1977-05-09"
"54d00701-65ee-4048-9446-68733eceb3f6"|"Erin"|"Buchanan"|"F"|"953 Ortiz Brooks"|"+1-861-771-4357x88935"|"Ophthalmologist"|"Torres, Lowery and Hill"|"1971-02-26"
"eafc3065-ffa4-449a-9c1b-6f79eb0c5d34"|"Bryan"|"Velez"|"M"|"399 Colleen Mount"|"+1-853-427-6951x6950"|"Information officer"|"Thomas-Tucker"|"1933-11-27"
"86ae95aa-c39c-4620-9070-9321c205696d"|"Daniel"|"Velez"|"M"|"991 Andrew Street Apt. 107"|"529-549-3485x009"|"Clinical embryologist"|"Mann Inc"|"1978-11-02"
"044a500b-19a4-48e3-9dbf-8b42585dc97b"|"Kevin"|"Smith"|"M"|"152 Michael Circles Suite 720"|"001-712-533-4394"|"Insurance risk surveyor"|"Thompson, Frederick and White"|"2005-02-18"
"2fc2a885-e259-4ff9-ae46-deef60ac4aa3"|"Roger"|"Barnett"|"M"|"319 Kari Alley Suite 131"|"(384)954-2388x50105"|"Personnel officer"|"Garrett, Rodriguez and Watts"|"1910-09-22"
"699fc409-972f-442f-8c23-400044620604"|"Shawn"|"Orozco"|"M"|"347 Weaver Haven"|"662.563.3463x2815"|"Insurance broker"|"Warren and Sons"|"1966-11-02"
"26c40efa-831a-4113-a7e5-f9eeca5d5d59"|"John"|"Matthews"|"M"|"344 Michelle Isle Apt. 431"|"271.411.4177x89191"|"Plant breeder/geneticist"|"Small, Garcia and Griffin"|"1964-02-06"
"79c9ed64-0758-4588-aff4-d30ee5c0321d"|"Danielle"|"Stone"|"F"|"812 Scott Valleys Suite 598"|"001-650-897-7355x46678"|"Lecturer, higher education"|"Baker Inc"|"1913-08-21"
"5f4adaac-f5cd-4ae2-8593-f169fa5a7577"|"Rose"|"Hall"|"F"|"273 Rachel Pine"|"450-493-8100"|"Stage manager"|"Edwards, Rubio and Jones"|"1978-03-31"
"2f8167e1-a3b5-489b-9114-366a23a1a8ab"|"James"|"Daniels"|"M"|"589 Nelson Estate"|"964-344-2146x877"|"Estate agent"|"Leon-Molina"|"1913-02-13"
"0c530510-36b1-49b4-8709-d08b3f05f914"|"Dorothy"|"Rivera"|"F"|"343 Heather Garden Suite 383"|"719-523-6654"|"Geochemist"|"Mendez-Sanchez"|"2020-11-11"
"d9bbdd08-caaa-42ad-a6a8-c94fe6375519"|"Zachary"|"Espinoza"|"M"|"397 Marquez Lane"|"358-213-5123"|"Scientist, audiological"|"Floyd, Sanders and Sherman"|"1990-10-09"
"6d8e2f1c-cc87-490e-a669-6fd1cb85dd19"|"Erica"|"Tran"|"F"|"517 Johnson Throughway"|"829.928.5467x6616"|"Chief Financial Officer"|"Brown, Smith and Trevino"|"1940-11-16"
"70eade74-c312-4d21-b25d-e1ae3665f660"|"Scott"|"Mendoza"|"M"|"620 Hanson Port"|"(928)741-4686x369"|"Broadcast engineer"|"Baker, Smith and Duffy"|"1945-04-30"
"401df249-efd6-434a-b5af-bd3c422e6b84"|"Ashley"|"Perez"|"F"|"503 Heather Garden Suite 383"|"519.732.1943x117"|"Civil Service administrator"|"Bennett, Green and Jones"|"1909-11-29"
"6c750133-e652-43db-bc29-0caecb2af643"|"Cynthia"|"Fox"|"F"|"990 Bailey Trail"|"210.769.5802"|"Embryologist, clinical"|"Gates, Phillips and Owens"|"1945-10-20"
"218f4a94-26ba-4bed-b3ee-8c4f1b918e0d"|"Debra"|"Smith"|"F"|"325 Weaver Haven"|"973.648.9358x3642"|"Optician, dispensing"|"Jones-Ortiz"|"1946-09-27"
"5823ed84-fb00-4dcf-bca8-c87b78b7c9b8"|"Anthony"|"Fuller"|"M"|"740 Garcia Road Suite 143"|"262-796-6517"|"Tourist information centre manager"|"Young-Coleman"|"1980-10-15"
"78eecc18-e98e-49ef-9e23-25f05d829ccb"|"Tammy"|"Barnes"|"F"|"313 Thomas Ford"|"539.321.0794"|"Trade mark attorney"|"Rojas and Sons"|"1955-12-02"
"809c9920-b665-463a-b378-2d42477a9377"|"Michelle"|"Christian"|"F"|"806 Oneal Underpass"|"001-254-532-3823x3925"|"Scientist, audiological"|"Lewis-Gentry"|"1930-01-18"
"6fa43b47-1237-46a4-985a-b5cfcb1d234d"|"Michelle"|"Gates"|"F"|"231 Donald Village Apt. 289"|"767-409-0077x5499"|"Arts development officer"|"Jennings, Edwards and Allen"|"1935-10-13"
"240ecc3b-e415-4ae6-a2f4-24433dcf40a3"|"Mary"|"Zuniga"|"F"|"911 Hart Estates Suite 718"|"+1-394-577-2172x041"|"Industrial buyer"|"Rodriguez-Miller"|"1918-02-20"
"557079cd-2bfa-47d1-9ba2-5b16ae49be10"|"Melanie"|"Hayden"|"F"|"569 Oneal Underpass"|"203-400-7834"|"Ceramics designer"|"Rodriguez Inc"|"1974-10-11"
"bb4467c5-ec13-44fe-8e99-34872671d792"|"Tammy"|"Li"|"F"|"821 Brown Canyon Apt. 503"|"001-871-777-3895"|"Financial adviser"|"Morris and Sons"|"1987-02-18"
"722bb6a9-95e6-4d6e-b5f5-79a565f45146"|"Jeffery"|"Perez"|"M"|"528 Nelson Estate"|"(534)271-2603x73958"|"Site engineer"|"Evans-Bowers"|"1978-09-07"
"7eeddea6-9835-4b36-80cb-7b772f5169aa"|"Randy"|"Jones"|"M"|"382 Jordan Vista Apt. 756"|"+1-980-525-8646x636"|"Water quality scientist"|"Singleton Group"|"1921-12-24"
"eb73a50a-9209-4c42-87a3-0acce2b611c9"|"John"|"Little"|"M"|"30 Nicole Via"|"+1-903-541-9333x128"|"Analytical chemist"|"Watts-Pace"|"1920-06-02"
"d4f76cbb-3476-4136-bbd5-ebabd6892d8c"|"Jacqueline"|"Young"|"F"|"120 Randall Burg"|"352-701-7034x720"|"Cartographer"|"Alexander, Jennings and Jacobs"|"1968-08-22"
"6a0a3636-d108-4421-8609-6ae317d86a0c"|"Peter"|"Goodwin"|"M"|"631 Porter Overpass"|"(345)536-9722x58653"|"Quarry manager"|"Hood Inc"|"1925-12-31"
"5ffd5344-e439-47dc-97dd-0589ce79f264"|"Harold"|"Espinoza"|"M"|"408 Ward Parkway Apt. 076"|"(561)851-2118x55932"|"Production assistant, radio"|"Wilson Inc"|"1917-03-09"
"caa85612-fc51-45c0-b5e7-52bb18a58c11"|"Julie"|"Morgan"|"F"|"635 Welch Walk"|"796.259.6465x4258"|"Retail manager"|"Ashley, Perez and Newman"|"1979-02-16"
"a876aecb-3aba-45e4-94c9-e9b0b5498eeb"|"Sergio"|"Gillespie"|"M"|"250 Pham Ports"|"427-495-7607"|"Geophysicist/field seismologist"|"Ortiz, Jimenez and Richards"|"1914-12-28"
"bf04d780-4ee5-409b-8f8a-95e8bb15ac56"|"Keith"|"Cooke"|"M"|"8 Shepard Bridge"|"792.494.6998"|"Oncologist"|"Hayes, Johnson and James"|"2024-01-10"
"63409b2d-7e04-4e5c-a2a3-cc9cfdc77564"|"Charles"|"Harris"|"M"|"547 Brown Canyon Apt. 503"|"454.368.2148x2856"|"Civil Service fast streamer"|"Lopez-Evans"|"1950-07-15"
"932c3e41-a0ac-49c9-b6cd-ffd8d852f481"|"Abigail"|"Torres"|"F"|"289 Arnold Cliffs"|"484.885.4540x79429"|"Farm manager"|"Berry-Rush"|"1957-02-08"
"3aa11ce6-0196-4dcd-9ce1-2ac7e3f9e231"|"David"|"Zimmerman"|"M"|"670 Vincent Mountain Apt. 316"|"8775745656"|"Horticulturist, commercial"|"Richards-Wu"|"2009-07-09"