<?xml version="1.0" encoding="UTF-8" ?><automobiles><automobile><person_id>d3a5cb57-2ed9-44b9-a5ce-44ebefc7321e</person_id><license_plate>XS0 N2M</license_plate><vin>F0FF51JU605XWU20S</vin><color>MediumOrchid</color><year>1975</year></automobile><automobile><person_id>b0646adc-5260-49fb-9763-28cb5ea7483e</person_id><license_plate>396AAZ</license_plate><vin>VF4AWHB79U2EKSX1E</vin><color>PeachPuff</color><year>2021</year></automobile><automobile><person_id>a428bd87-3c40-4291-b21c-94662832a9fb</person_id><license_plate>034-VNU</license_plate><vin>V28W0RVE6RCC1M2TG</vin><color>LightSlateGray</color><year>2002</year></automobile><automobile><person_id>a428bd87-3c40-4291-b21c-94662832a9fb</person_id><license_plate>7TU X14</license_plate><vin>VBMZWTZF7Y3PTEEZ0</vin><color>SkyBlue</color><year>1971</year></automobile><automobile><person_id>eb0c4c4d-986d-4ade-befa-3587e5b5202d</person_id><license_plate>MLW 5179</license_plate><vin>8HNU82GP2ZUKJTDZX</vin><color>LemonChiffon</color><year>2002</year></automobile><automobile><person_id>daed57a0-0aa7-4450-bd93-a040c2a4f4ef</person_id><license_plate>0WN 849</license_plate><vin>WXW26GGK72B9DKRH6</vin><color>DarkOrange</color><year>1977</year></automobile><automobile><person_id>e33749dd-58d9-4a00-a6e7-f8b17975ce8a</person_id><license_plate>474-OMA</license_plate><vin>Z2CLNFYY4VTA6C5E9</vin><color>DarkOliveGreen</color><year>1983</year></automobile><automobile><person_id>21d6397f-f3c5-4a20-9007-5565bbedae6e</person_id><license_plate>488 7UM</license_plate><vin>WLP23L6R8M4VVSK2G</vin><color>Yellow</color><year>1986</year></automobile><automobile><person_id>21d6397f-f3c5-4a20-9007-5565bbedae6e</person_id><license_plate>6F642</license_plate><vin>GLS47ZUC47L70N88X</vin><color>DeepSkyBlue</color><year>2005</year></automobile><automobile><person_id>705f2329-eed6-470d-83de-0aaaed5f34b9</person_id><license_plate>5XW9228</license_plate><vin>3JW609EC914YAZE1S</vin><color>Olive</color><year>2011</year></automobile><automobile><person_id>705f2329-eed6-470d-83de-0aaaed5f34b9</person_id><license_plate>D72-GND</license_plate><vin>HJ8BTGVL0CC5T6UN9</vin><color>CornflowerBlue</color><year>1972</year></automobile><automobile><person_id>d0235d3c-976c-4aa5-93a4-b72b0501b65e</person_id><license_plate>FHF 2974</license_plate><vin>D0HR5YEX48087MW0P</vin><color>ForestGreen</color><year>1997</year></automobile><automobile><person_id>d0235d3c-976c-4aa5-93a4-b72b0501b65e</person_id><license_plate>284 SAE</license_plate><vin>2XRGF4AB7ZWUZY4GJ</vin><color>LightGray</color><year>2021</year></automobile><automobile><person_id>04669508-8cec-4aa2-be40-066f1e9cadd1</person_id><license_plate>554YO</license_plate><vin>N18F76LG9PFZHU1PF</vin><color>DarkOrange</color><year>1978</year></automobile><automobile><person_id>04669508-8cec-4aa2-be40-066f1e9cadd1</person_id><license_plate>4-I8354</license_plate><vin>94AET61X5Z6NT42MF</vin><color>LightYellow</color><year>2016</year></automobile><automobile><person_id>04669508-8cec-4aa2-be40-066f1e9cadd1</person_id><license_plate>14-4430N</license_plate><vin>14TC4ZF640L0EGB4M</vin><color>HotPink</color><year>1973</year></automobile><automobile><person_id>025a5e5f-6754-4ba0-910f-2f6ab1d74c3a</person_id><license_plate>60-7325E</license_plate><vin>X4X1HT018TJSH4V0D</vin><color>MediumTurquoise</color><year>2015</year></automobile><automobile><person_id>141fdbc0-4ce4-4768-8c74-06680db3b331</person_id><license_plate>SF9 F9X</license_plate><vin>YSZHH22302Y7ZYDAR</vin><color>MidnightBlue</color><year>1977</year></automobile><automobile><person_id>141fdbc0-4ce4-4768-8c74-06680db3b331</person_id><license_plate>223R6</license_plate><vin>KR4HPYTS0RP2WSPLR</vin><color>Plum</color><year>2021</year></automobile><automobile><person_id>aef0b969-278a-4bbb-a108-00fd41c23f28</person_id><license_plate>DBK 468</license_plate><vin>MNKC0U3M6PSU8DKD0</vin><color>Azure</color><year>2013</year></automobile><automobile><person_id>aef0b969-278a-4bbb-a108-00fd41c23f28</person_id><license_plate>867 VLF</license_plate><vin>D48W0GTG9D2V8H1SR</vin><color>Azure</color><year>2007</year></automobile><automobile><person_id>e1b55163-68df-4994-aef4-c89a8f653b77</person_id><license_plate>906 WUF</license_plate><vin>STK5ZNFF6CB17HLXZ</vin><color>Sienna</color><year>2006</year></automobile><automobile><person_id>e1b55163-68df-4994-aef4-c89a8f653b77</person_id><license_plate>2LL 872</license_plate><vin>ER68SVHJ3NWB2XLZ0</vin><color>Green</color><year>1982</year></automobile><automobile><person_id>f59e3ef0-0b00-4778-84ff-fb3fb12b16d1</person_id><license_plate>41-63765</license_plate><vin>NUZD2JBX24GLYU1S1</vin><color>Bisque</color><year>1976</year></automobile><automobile><person_id>46583859-8ea4-49c1-af87-72aa00c3b243</person_id><license_plate>067-GQT</license_plate><vin>MBGSNE4H887XH5CHR</vin><color>SlateGray</color><year>1973</year></automobile><automobile><person_id>46583859-8ea4-49c1-af87-72aa00c3b243</person_id><license_plate>2JG O60</license_plate><vin>77GNGSBA6V8FFTY7B</vin><color>FloralWhite</color><year>1995</year></automobile><automobile><person_id>ebd614cd-8cd7-488b-9866-df934239d8f1</person_id><license_plate>2825 QB</license_plate><vin>9466GM0R8UEABEL8Z</vin><color>GreenYellow</color><year>1973</year></automobile><automobile><person_id>8d1330e4-89bb-44c7-bf71-dd5d651cb432</person_id><license_plate>OMI-915</license_plate><vin>LLPK94HD1NJ6WBWT0</vin><color>Peru</color><year>1974</year></automobile><automobile><person_id>8d1330e4-89bb-44c7-bf71-dd5d651cb432</person_id><license_plate>15P•160</license_plate><vin>BAJDUXEK5P6A8CYK0</vin><color>DarkSlateBlue</color><year>2019</year></automobile><automobile><person_id>8d1330e4-89bb-44c7-bf71-dd5d651cb432</person_id><license_plate>ORU 173</license_plate><vin>4EDUZDX44DKUCKZNL</vin><color>DarkOliveGreen</color><year>1992</year></automobile><automobile><person_id>e3f10d23-bb6f-44f1-959b-30cccfee7b20</person_id><license_plate>3-H0103</license_plate><vin>GMN7HZJ53CURGW12F</vin><color>DarkSalmon</color><year>1996</year></automobile><automobile><person_id>01d77eb9-afc6-4059-8ced-2a435efff859</person_id><license_plate>NQR-7283</license_plate><vin>TY355A035VSL1XBYS</vin><color>LightSalmon</color><year>2013</year></automobile><automobile><person_id>01d77eb9-afc6-4059-8ced-2a435efff859</person_id><license_plate>958D</license_plate><vin>Y36142K344FW4UA1M</vin><color>DarkRed</color><year>2001</year></automobile><automobile><person_id>01d77eb9-afc6-4059-8ced-2a435efff859</person_id><license_plate>8449 VO</license_plate><vin>6XWZTTKG9RE0W0ZAJ</vin><color>MediumSeaGreen</color><year>1975</year></automobile><automobile><person_id>373282fb-0693-417d-afbf-2642abe46ae6</person_id><license_plate>207-BUV</license_plate><vin>BGJ2DLF5XC2F1X3S3</vin><color>Orchid</color><year>2016</year></automobile><automobile><person_id>eaf7fbdf-81bc-4674-adad-e024bafd1f62</person_id><license_plate>725 WBP</license_plate><vin>BAUMKC0P2XXEN28GM</vin><color>DarkOliveGreen</color><year>2017</year></automobile><automobile><person_id>eaf7fbdf-81bc-4674-adad-e024bafd1f62</person_id><license_plate>217-KBV</license_plate><vin>1CFHSHS45GL4D4V0D</vin><color>PaleVioletRed</color><year>1993</year></automobile><automobile><person_id>3bbe641e-8f57-45e5-a445-c57962ab5c29</person_id><license_plate>604348</license_plate><vin>1KZGXZF47XHBBTY0Z</vin><color>LawnGreen</color><year>1985</year></automobile><automobile><person_id>abc78286-893f-4f51-a21b-574000c4fc0f</person_id><license_plate>25LF334</license_plate><vin>FZECBT608K9LTB41C</vin><color>DarkGray</color><year>2010</year></automobile><automobile><person_id>abc78286-893f-4f51-a21b-574000c4fc0f</person_id><license_plate>58D•382</license_plate><vin>6LSVSAM73UKGTXDSL</vin><color>Cornsilk</color><year>1994</year></automobile><automobile><person_id>2cc9e602-cccb-43fd-9017-e860176c29c2</person_id><license_plate>684 5UI</license_plate><vin>Y085DFT42CMT5TBL3</vin><color>SteelBlue</color><year>1973</year></automobile><automobile><person_id>2cc9e602-cccb-43fd-9017-e860176c29c2</person_id><license_plate>BMC-727</license_plate><vin>3BJ0L4271ABYTKWW8</vin><color>NavajoWhite</color><year>1992</year></automobile><automobile><person_id>3056a807-daff-4919-97d4-e40a3937d7dc</person_id><license_plate>669-747</license_plate><vin>UD9NYH8M8PL7WRY2D</vin><color>BlanchedAlmond</color><year>2007</year></automobile><automobile><person_id>3056a807-daff-4919-97d4-e40a3937d7dc</person_id><license_plate>3375</license_plate><vin>3MZ0DYTL3NVUP9NAY</vin><color>LavenderBlush</color><year>2001</year></automobile><automobile><person_id>c762ac27-a9a2-4edb-b144-c07c2374a1c8</person_id><license_plate>24-E239</license_plate><vin>RFS1K0BW8K6JCJZNN</vin><color>Brown</color><year>1980</year></automobile><automobile><person_id>c762ac27-a9a2-4edb-b144-c07c2374a1c8</person_id><license_plate>76A NA5</license_plate><vin>G5YR6CH69PRA2RF0N</vin><color>Lime</color><year>1977</year></automobile><automobile><person_id>c1c8a2c4-b493-429c-83a2-3d92de8450f7</person_id><license_plate>064-RSJH</license_plate><vin>3FKRG68H51UYNSGTC</vin><color>MintCream</color><year>1987</year></automobile><automobile><person_id>c1112aba-af77-4c6e-a598-52cf4b422389</person_id><license_plate>7HH4778</license_plate><vin>3YUE0WSK0EMF9RN8R</vin><color>Brown</color><year>1970</year></automobile><automobile><person_id>c1112aba-af77-4c6e-a598-52cf4b422389</person_id><license_plate>04P 326</license_plate><vin>7TGSFWZFXSGP4CKC0</vin><color>NavajoWhite</color><year>1999</year></automobile><automobile><person_id>36450efb-d355-4f13-82dc-a6623f54dde6</person_id><license_plate>382-839</license_plate><vin>F2C1105878ZDUE6S3</vin><color>Azure</color><year>1980</year></automobile><automobile><person_id>36450efb-d355-4f13-82dc-a6623f54dde6</person_id><license_plate>6-59409</license_plate><vin>VF81YVXK29795TZUE</vin><color>PaleGreen</color><year>1999</year></automobile><automobile><person_id>e87b14da-091c-4a74-965a-bd7f4d783706</person_id><license_plate>WOT-419</license_plate><vin>51955NX800DLYGGCW</vin><color>Pink</color><year>2010</year></automobile><automobile><person_id>6bb5a4a5-225d-41eb-a730-1ca1f6903cb8</person_id><license_plate>HDZ M97</license_plate><vin>GPYGCTD970R88U358</vin><color>PowderBlue</color><year>1978</year></automobile><automobile><person_id>6bb5a4a5-225d-41eb-a730-1ca1f6903cb8</person_id><license_plate>MJF 999</license_plate><vin>HBDHY6EX91PFGG5A7</vin><color>GoldenRod</color><year>1998</year></automobile><automobile><person_id>44170154-8358-453c-ad31-6b7b71334d1f</person_id><license_plate>7JNI382</license_plate><vin>FT9R66WW8HU4XSG8Z</vin><color>SeaShell</color><year>2016</year></automobile><automobile><person_id>44170154-8358-453c-ad31-6b7b71334d1f</person_id><license_plate>48-TV28</license_plate><vin>5D1U1T5E16RH624K1</vin><color>Coral</color><year>2004</year></automobile><automobile><person_id>81f938c4-8c35-460a-b60c-25e82fa6ce61</person_id><license_plate>0EA58</license_plate><vin>74JW2M8369D9R0GL2</vin><color>DarkMagenta</color><year>1987</year></automobile><automobile><person_id>ff11fc84-3c81-4f0d-9ca7-93fd38e686f4</person_id><license_plate>7G M3286</license_plate><vin>H5BYR0DG90CYXW179</vin><color>MediumVioletRed</color><year>1994</year></automobile><automobile><person_id>ff11fc84-3c81-4f0d-9ca7-93fd38e686f4</person_id><license_plate>44X 9251</license_plate><vin>XJUYHZ9MXAUYSV32N</vin><color>BlanchedAlmond</color><year>2007</year></automobile><automobile><person_id>4364e008-7823-43a4-84ea-668b4599fa0c</person_id><license_plate>BTV 337</license_plate><vin>JHXH3GWS57R88H6EB</vin><color>Lavender</color><year>1984</year></automobile><automobile><person_id>2f39333c-40ce-439f-b605-c531d78711ca</person_id><license_plate>NY2 3693</license_plate><vin>3R2GSSCA5CE34M0Z6</vin><color>LemonChiffon</color><year>1999</year></automobile><automobile><person_id>2f39333c-40ce-439f-b605-c531d78711ca</person_id><license_plate>XGS-514</license_plate><vin>5GYE44VF5R9DU8PAU</vin><color>LightSlateGray</color><year>1978</year></automobile><automobile><person_id>2f39333c-40ce-439f-b605-c531d78711ca</person_id><license_plate>3046</license_plate><vin>7JHAKLFPX9Z504S5K</vin><color>LightYellow</color><year>2002</year></automobile><automobile><person_id>65e7ec67-0362-4484-9a10-c8d0e452ae61</person_id><license_plate>568 6AX</license_plate><vin>488F882K6U4UHZ4WN</vin><color>Violet</color><year>1983</year></automobile><automobile><person_id>0418bc0c-30c9-48d4-9b5f-4440d686a131</person_id><license_plate>875 SZ1</license_plate><vin>8T4MK0J73LSFEHZS2</vin><color>Brown</color><year>1983</year></automobile><automobile><person_id>faa43d34-b504-4bde-a0d3-0cbd3b0e60d3</person_id><license_plate>WQY 898</license_plate><vin>RWFP95ND0YTHMC2TW</vin><color>DeepSkyBlue</color><year>1998</year></automobile><automobile><person_id>faa43d34-b504-4bde-a0d3-0cbd3b0e60d3</person_id><license_plate>06-34826</license_plate><vin>LMSFFTVZ2KMFWUFLW</vin><color>Chartreuse</color><year>1994</year></automobile><automobile><person_id>73d7e2c9-7c4a-48ca-bf50-ee1df7f3148a</person_id><license_plate>287-GIY</license_plate><vin>325PPJK58KFTKF92W</vin><color>MediumBlue</color><year>1993</year></automobile><automobile><person_id>73d7e2c9-7c4a-48ca-bf50-ee1df7f3148a</person_id><license_plate>808 9GG</license_plate><vin>YB9WESPJ523JSEYHX</vin><color>Sienna</color><year>2005</year></automobile><automobile><person_id>183e25e9-fa3d-42ae-85e3-5705802dba41</person_id><license_plate>193-ODW</license_plate><vin>73BR0ST28LCB6UL96</vin><color>DarkTurquoise</color><year>2011</year></automobile><automobile><person_id>cecac6f6-4203-47d6-b8a3-90b9c69a47da</person_id><license_plate>439DR</license_plate><vin>4VPPP1VA2Z0B003AH</vin><color>DeepPink</color><year>1989</year></automobile><automobile><person_id>cecac6f6-4203-47d6-b8a3-90b9c69a47da</person_id><license_plate>62Z YW7</license_plate><vin>306SXZ7L9G2D6SSRK</vin><color>RosyBrown</color><year>2009</year></automobile><automobile><person_id>cecac6f6-4203-47d6-b8a3-90b9c69a47da</person_id><license_plate>GL 9570</license_plate><vin>WKX3W26K6M186NHEJ</vin><color>Brown</color><year>1977</year></automobile><automobile><person_id>2f422cf5-9967-4caa-b354-45bb35283ccc</person_id><license_plate>501-UYT</license_plate><vin>L6BNTRGC6XZ47SJ1Y</vin><color>LightBlue</color><year>2018</year></automobile><automobile><person_id>bfddf157-c3ca-4996-a3c9-4ab2cde41c98</person_id><license_plate>846-NGG</license_plate><vin>X452VLJ20B216ZUGR</vin><color>PaleTurquoise</color><year>2018</year></automobile><automobile><person_id>bfddf157-c3ca-4996-a3c9-4ab2cde41c98</person_id><license_plate>433420</license_plate><vin>BMS6U7YZ0SR2GHEKN</vin><color>DodgerBlue</color><year>2024</year></automobile><automobile><person_id>6e68c6a6-817c-464e-a113-2d679be97e8b</person_id><license_plate>ZTE-552</license_plate><vin>RDL9T7RYXFK1DG0H9</vin><color>Indigo</color><year>1974</year></automobile><automobile><person_id>6e68c6a6-817c-464e-a113-2d679be97e8b</person_id><license_plate>EMU 645</license_plate><vin>UDBCHT8CX5JW45BC8</vin><color>MediumSpringGreen</color><year>2013</year></automobile><automobile><person_id>1b2e61ab-994b-4653-8129-abc8b26db71a</person_id><license_plate>96S 4466</license_plate><vin>C7ACSFDM48KEGX8X6</vin><color>LightSeaGreen</color><year>1974</year></automobile><automobile><person_id>495834c6-c0ff-4f3d-80e2-94face59ab45</person_id><license_plate>JSL4559</license_plate><vin>SZSXGEA79FMHMB473</vin><color>AliceBlue</color><year>2007</year></automobile><automobile><person_id>a4a62b03-5a65-472c-818c-b9b3a3eb7ad9</person_id><license_plate>ZHJ 436</license_plate><vin>V7PNPY4F9V9D4TUPR</vin><color>SandyBrown</color><year>2014</year></automobile><automobile><person_id>a4a62b03-5a65-472c-818c-b9b3a3eb7ad9</person_id><license_plate>EPK 1423</license_plate><vin>JUYTWHEHXE1SREU5G</vin><color>HoneyDew</color><year>1994</year></automobile><automobile><person_id>7863a0e1-9d09-4f81-a8a3-8455291046c3</person_id><license_plate>XW6 2904</license_plate><vin>BWV32LW61EWJ4AJVA</vin><color>DarkSlateBlue</color><year>1991</year></automobile><automobile><person_id>7863a0e1-9d09-4f81-a8a3-8455291046c3</person_id><license_plate>53-ZI36</license_plate><vin>0MW0UT1G2YD8M26V2</vin><color>OldLace</color><year>2002</year></automobile><automobile><person_id>32b2732a-f9c7-4ffa-b439-cb0e6bc8a40c</person_id><license_plate>693-VRX</license_plate><vin>N3X3X63725J589BFT</vin><color>MediumPurple</color><year>1980</year></automobile><automobile><person_id>32b2732a-f9c7-4ffa-b439-cb0e6bc8a40c</person_id><license_plate>PG4 I4U</license_plate><vin>09PC245R9TM53XZ8A</vin><color>DeepPink</color><year>1979</year></automobile><automobile><person_id>32b2732a-f9c7-4ffa-b439-cb0e6bc8a40c</person_id><license_plate>ZAO 116</license_plate><vin>HE97EFM84ZVCDX6HJ</vin><color>SkyBlue</color><year>2019</year></automobile><automobile><person_id>8b646552-bab0-43c9-98d8-c3e38c988e92</person_id><license_plate>R95-69M</license_plate><vin>2HK3Z71Y457N1KRGU</vin><color>LightSkyBlue</color><year>2018</year></automobile><automobile><person_id>8b646552-bab0-43c9-98d8-c3e38c988e92</person_id><license_plate>04-F582</license_plate><vin>YNRMBXRC6V4YPXLR1</vin><color>RosyBrown</color><year>1971</year></automobile><automobile><person_id>08302bcb-73dc-431e-bd52-01175bb72c92</person_id><license_plate>AZ 1394</license_plate><vin>ZH2V0V85122S3WZHT</vin><color>MistyRose</color><year>1983</year></automobile><automobile><person_id>08302bcb-73dc-431e-bd52-01175bb72c92</person_id><license_plate>IJO-2435</license_plate><vin>HSESHTLV7MKAY3XGL</vin><color>Wheat</color><year>1982</year></automobile><automobile><person_id>684071fc-61a6-4242-b99e-efae714991f3</person_id><license_plate>SHN 6221</license_plate><vin>ZZSAMS60X037YVYAL</vin><color>LightCoral</color><year>1998</year></automobile><automobile><person_id>a178baa0-48af-496b-9c42-3e192012528e</person_id><license_plate>6VO 578</license_plate><vin>PGVM3XUZ12ZD7SG0F</vin><color>LemonChiffon</color><year>2023</year></automobile><automobile><person_id>a178baa0-48af-496b-9c42-3e192012528e</person_id><license_plate>W15-05Q</license_plate><vin>2YBYW5HZ9L5C1JFJV</vin><color>DeepPink</color><year>2021</year></automobile><automobile><person_id>853ad2a5-7d9a-411e-8d94-56da4a06eca1</person_id><license_plate>9-86108</license_plate><vin>PG6XYKFTX37KHA2X2</vin><color>Orange</color><year>1982</year></automobile><automobile><person_id>853ad2a5-7d9a-411e-8d94-56da4a06eca1</person_id><license_plate>9HU 324</license_plate><vin>42R5Y1TDX4XEV1C3T</vin><color>LightYellow</color><year>2017</year></automobile><automobile><person_id>2e1d6f94-34d2-483b-80db-34b0116f4859</person_id><license_plate>624-WCGS</license_plate><vin>XRCWK75P0G5R8CB1W</vin><color>Bisque</color><year>1972</year></automobile><automobile><person_id>d0b249f3-7ecf-41a8-9aab-aaa579e51a53</person_id><license_plate>90F 279</license_plate><vin>UM4R947014R2SKPZ9</vin><color>Aqua</color><year>2014</year></automobile><automobile><person_id>d0b249f3-7ecf-41a8-9aab-aaa579e51a53</person_id><license_plate>F41 2EZ</license_plate><vin>RG2CRR4K2KSG726XF</vin><color>RosyBrown</color><year>1986</year></automobile><automobile><person_id>4deb05bb-e634-4b46-affc-8b437aa2c2dc</person_id><license_plate>Z60-44R</license_plate><vin>AY98HXPL8D7F2XAD9</vin><color>MediumSlateBlue</color><year>2022</year></automobile><automobile><person_id>202b9664-029f-4d28-9ca9-10dd88ec47df</person_id><license_plate>HXS 812</license_plate><vin>61HT0M1E3CMZW8BT1</vin><color>Tan</color><year>2016</year></automobile><automobile><person_id>9b0d5f02-dec9-4d51-9ff0-a63e10920024</person_id><license_plate>HFQ-384</license_plate><vin>X3E09Y346ENTLB88V</vin><color>SteelBlue</color><year>2004</year></automobile><automobile><person_id>bacbbe8b-e084-4c83-9ccf-d773f15ddd77</person_id><license_plate>158 YPH</license_plate><vin>ZRXGXNNT2BF5E489X</vin><color>PeachPuff</color><year>1995</year></automobile><automobile><person_id>bacbbe8b-e084-4c83-9ccf-d773f15ddd77</person_id><license_plate>WID-9826</license_plate><vin>ZW0HYGU25W7GAMVPL</vin><color>DarkOrchid</color><year>1993</year></automobile><automobile><person_id>bc32d2f9-f7e9-4314-b92a-71144eb7741e</person_id><license_plate>6VLL 47</license_plate><vin>4WLGAF3E7YD06ADMG</vin><color>LimeGreen</color><year>2006</year></automobile><automobile><person_id>bc32d2f9-f7e9-4314-b92a-71144eb7741e</person_id><license_plate>028-KFV</license_plate><vin>D9MMUNKH1HEJDN2WK</vin><color>MediumVioletRed</color><year>1989</year></automobile><automobile><person_id>97bab825-89c4-4075-98f4-a514a9f52d64</person_id><license_plate>1-3412C</license_plate><vin>8J0JEARE00FJ8W5Y4</vin><color>Green</color><year>1985</year></automobile><automobile><person_id>ee53f8b3-8c8e-492f-bda4-1409068b025a</person_id><license_plate>HZH 864</license_plate><vin>L1WFWL5W8JBBME5ZP</vin><color>Azure</color><year>1975</year></automobile><automobile><person_id>ee53f8b3-8c8e-492f-bda4-1409068b025a</person_id><license_plate>44GV747</license_plate><vin>U3MM2CYE5V8DJ8V7M</vin><color>LightGoldenRodYellow</color><year>2019</year></automobile><automobile><person_id>3ea1db63-2169-4edc-9814-c0f8ce1ede09</person_id><license_plate>1UA 756</license_plate><vin>RD21G11J6ARA6Y4V7</vin><color>MediumSeaGreen</color><year>1975</year></automobile><automobile><person_id>21ef47e7-7782-4ec7-9056-d6bf710aeaa4</person_id><license_plate>535 XSD</license_plate><vin>M13BXYVGXN6WH279G</vin><color>Teal</color><year>2019</year></automobile><automobile><person_id>21ef47e7-7782-4ec7-9056-d6bf710aeaa4</person_id><license_plate>691 UTI</license_plate><vin>SC6DUHU9XDX4DPVNH</vin><color>Moccasin</color><year>2004</year></automobile><automobile><person_id>eb2bb092-4177-4c51-abcf-a899134b8a10</person_id><license_plate>ZNB 853</license_plate><vin>7LAE8GB68KRMNWX1G</vin><color>MediumTurquoise</color><year>2000</year></automobile><automobile><person_id>46dc6d78-6a4a-403c-be20-7eaa2d25ff83</person_id><license_plate>4Z621</license_plate><vin>5YDALVZY7Z67PXSCJ</vin><color>LightBlue</color><year>2019</year></automobile><automobile><person_id>46dc6d78-6a4a-403c-be20-7eaa2d25ff83</person_id><license_plate>68F 9365</license_plate><vin>J28CD2826D8BZJZ5A</vin><color>AntiqueWhite</color><year>1990</year></automobile><automobile><person_id>e4a90f7d-5030-4ccc-9541-db8628dc0429</person_id><license_plate>598 WEG</license_plate><vin>Y240H9XV59AXM18KB</vin><color>DarkGreen</color><year>1980</year></automobile><automobile><person_id>e4a90f7d-5030-4ccc-9541-db8628dc0429</person_id><license_plate>158 RQP</license_plate><vin>W6NS7B763BBBANS8T</vin><color>YellowGreen</color><year>2007</year></automobile><automobile><person_id>e4f32048-fa33-4bea-b2bc-6c708130110d</person_id><license_plate>03BJ094</license_plate><vin>U09M213G86J6PW54G</vin><color>SteelBlue</color><year>2017</year></automobile><automobile><person_id>aa1c04cb-38a3-4523-8e84-bee936a53071</person_id><license_plate>XYI 565</license_plate><vin>BBE7KXVX7MMK20FDG</vin><color>SpringGreen</color><year>1989</year></automobile><automobile><person_id>aa1c04cb-38a3-4523-8e84-bee936a53071</person_id><license_plate>7ED5043</license_plate><vin>3Z9X3Y4M8GZCLZSMK</vin><color>PaleVioletRed</color><year>2013</year></automobile><automobile><person_id>e78018e4-105b-43ce-9f15-65434482350e</person_id><license_plate>HRX 026</license_plate><vin>18MAC1VW7YRWFGNKU</vin><color>Aqua</color><year>1991</year></automobile><automobile><person_id>e78018e4-105b-43ce-9f15-65434482350e</person_id><license_plate>DXL-153</license_plate><vin>37P6N2H21MFZCNM6V</vin><color>Brown</color><year>1999</year></automobile><automobile><person_id>0c777376-ce72-4f26-a7bb-4e0f09db995b</person_id><license_plate>PCU 4806</license_plate><vin>8P5Y47PAXAK63MRF7</vin><color>DarkKhaki</color><year>1994</year></automobile><automobile><person_id>0c777376-ce72-4f26-a7bb-4e0f09db995b</person_id><license_plate>HUK 507</license_plate><vin>6AZH65W858VESZZK9</vin><color>YellowGreen</color><year>1986</year></automobile><automobile><person_id>29adf99b-e648-4cf1-a434-1b9f7a4a19fc</person_id><license_plate>771-NXH</license_plate><vin>JK9026NR3XL73MAM9</vin><color>SeaShell</color><year>1987</year></automobile></automobiles>