<?xml version="1.0" encoding="UTF-8" ?><automobiles><automobile><person_id>b84d5036-2a8c-4f7b-86d2-3995a0cf3c1d</person_id><license_plate>9-M1097</license_plate><vin>KF9LHLC12KCVCUVSR</vin><color>MediumVioletRed</color><year>2020</year></automobile><automobile><person_id>b84d5036-2a8c-4f7b-86d2-3995a0cf3c1d</person_id><license_plate>7-P1289</license_plate><vin>11PRDJH84PB6NW36H</vin><color>Indigo</color><year>1975</year></automobile><automobile><person_id>40f553c9-3448-4036-9af2-a15b4072f6bb</person_id><license_plate>977 8ZM</license_plate><vin>DZ2394433H1HXXHRR</vin><color>LightCoral</color><year>2014</year></automobile><automobile><person_id>40f553c9-3448-4036-9af2-a15b4072f6bb</person_id><license_plate>TUL2524</license_plate><vin>VZCZRD0VX2LFKKEDS</vin><color>Wheat</color><year>1993</year></automobile><automobile><person_id>40f553c9-3448-4036-9af2-a15b4072f6bb</person_id><license_plate>MGL-507</license_plate><vin>CLE5V3AR9FJGCL9DX</vin><color>Aqua</color><year>1975</year></automobile><automobile><person_id>3d510b0c-7306-46bb-ab3d-0640b3ce24db</person_id><license_plate>976 YDD</license_plate><vin>DS7ADV4G8L3CPL2RH</vin><color>LavenderBlush</color><year>1999</year></automobile><automobile><person_id>17bbe265-9344-4439-bfb2-e1bbd5379656</person_id><license_plate>0COJ 96</license_plate><vin>9AV971J13Y3HMDYV7</vin><color>CadetBlue</color><year>1973</year></automobile><automobile><person_id>7569c3f0-5bde-4416-86fe-da5fbd252ff2</person_id><license_plate>459 MUC</license_plate><vin>REYFUS7F3CE5XZVDZ</vin><color>Turquoise</color><year>1976</year></automobile><automobile><person_id>7569c3f0-5bde-4416-86fe-da5fbd252ff2</person_id><license_plate>944 JBD</license_plate><vin>TFM6RNC36P0SM5Y3C</vin><color>AliceBlue</color><year>2013</year></automobile><automobile><person_id>c85732d6-2ffc-44ca-bdaa-d71a380a9f2e</person_id><license_plate>4S692</license_plate><vin>UNZP544Z6VUL4W86J</vin><color>Coral</color><year>1991</year></automobile><automobile><person_id>9a3a0574-157c-4fb9-90b9-048c2532f199</person_id><license_plate>BYK2146</license_plate><vin>4KTJDUUE8AM54GZ8V</vin><color>MediumVioletRed</color><year>1985</year></automobile><automobile><person_id>97078868-2c4c-4764-a4f0-54a94dd49b43</person_id><license_plate>06M AU3</license_plate><vin>PAF7WHYS1HXLBTRJU</vin><color>DarkOrange</color><year>1979</year></automobile><automobile><person_id>74931999-355a-429c-811e-4bc9f4207265</person_id><license_plate>CLY 898</license_plate><vin>ZJ815TE65VA5T5NVS</vin><color>SandyBrown</color><year>2001</year></automobile><automobile><person_id>a8e9ea49-9ccb-4fe0-80c0-501aab9055b8</person_id><license_plate>QLI6158</license_plate><vin>LSESDSS700M73DTV5</vin><color>Cornsilk</color><year>1988</year></automobile><automobile><person_id>ce4a7d2a-5f7a-4023-a3ae-3107f6b50b5b</person_id><license_plate>BHR 145</license_plate><vin>LAJ1V4FV1L46323Y4</vin><color>Red</color><year>1975</year></automobile><automobile><person_id>c246e85e-4b21-49f1-beb8-d81e52b2faec</person_id><license_plate>625-HSY</license_plate><vin>P1MDGVXD91XF6AA90</vin><color>Lavender</color><year>1992</year></automobile><automobile><person_id>d305fc37-961f-4a6e-96e8-ba6ffdad79c5</person_id><license_plate>180 3ED</license_plate><vin>UHHXT4310R37DRFH1</vin><color>HoneyDew</color><year>2022</year></automobile><automobile><person_id>d305fc37-961f-4a6e-96e8-ba6ffdad79c5</person_id><license_plate>934 JYJ</license_plate><vin>Y5F6KFCJ3FRD6K7KJ</vin><color>PaleVioletRed</color><year>1981</year></automobile><automobile><person_id>49d8dd0b-5598-4608-b30d-2967958c65db</person_id><license_plate>86-70984</license_plate><vin>533LS8MPXY2JGEYDR</vin><color>Black</color><year>1990</year></automobile><automobile><person_id>e3dd2c42-164a-4c8f-aab1-28c0160ec98a</person_id><license_plate>AWP 340</license_plate><vin>8CBTNE6Z4S2YK0T47</vin><color>Cyan</color><year>1978</year></automobile><automobile><person_id>e3dd2c42-164a-4c8f-aab1-28c0160ec98a</person_id><license_plate>RFV 234</license_plate><vin>WEMV1RA67BAMZHP1E</vin><color>SlateBlue</color><year>2023</year></automobile><automobile><person_id>41715a0b-ccca-4196-b143-44a30314b25f</person_id><license_plate>1GI 315</license_plate><vin>Z9KDUUTJ2MJYMZHWF</vin><color>DeepPink</color><year>1984</year></automobile><automobile><person_id>606b734f-7114-4f6a-8bf7-1d793a3e8c89</person_id><license_plate>1230</license_plate><vin>VTAPF9L30TN1YZ46T</vin><color>MediumVioletRed</color><year>2014</year></automobile><automobile><person_id>633bff74-8a1f-433d-82a1-7f7300bccd06</person_id><license_plate>816 KHW</license_plate><vin>MK6KU7477ZXT4YGX1</vin><color>Navy</color><year>1979</year></automobile><automobile><person_id>633bff74-8a1f-433d-82a1-7f7300bccd06</person_id><license_plate>418 JMQ</license_plate><vin>4S4UM8FB8JL9BER88</vin><color>Olive</color><year>2004</year></automobile><automobile><person_id>3b22b47f-bb4a-4043-bbd9-81ea77f29105</person_id><license_plate>ASJ-6151</license_plate><vin>1HY8C5FG3AHSPB7ZE</vin><color>Tomato</color><year>1970</year></automobile><automobile><person_id>1b6e7421-6544-4a50-9f0f-5fb70668556c</person_id><license_plate>BLS-2041</license_plate><vin>P10TY5E57C2C86APR</vin><color>SaddleBrown</color><year>2012</year></automobile><automobile><person_id>70898475-2882-49d3-a08d-0bbe6db9881e</person_id><license_plate>310GTP</license_plate><vin>PS89HTN58GTR3M3UY</vin><color>GhostWhite</color><year>2000</year></automobile><automobile><person_id>a61a95ff-b6ca-48f5-9a83-3af67567db1b</person_id><license_plate>253-KHYJ</license_plate><vin>RXLR8ETE3B6RYH2JY</vin><color>BlanchedAlmond</color><year>1991</year></automobile><automobile><person_id>90a179d3-4448-4269-b06f-5f4bed6383cf</person_id><license_plate>562 IYI</license_plate><vin>CF4CLNYG0LKW9F0T0</vin><color>Linen</color><year>2002</year></automobile><automobile><person_id>6d73ee79-5603-43e9-b3fa-dd1f2d8fa058</person_id><license_plate>KNA 657</license_plate><vin>6383G9PX89L34FG3S</vin><color>CadetBlue</color><year>2023</year></automobile><automobile><person_id>6d73ee79-5603-43e9-b3fa-dd1f2d8fa058</person_id><license_plate>815-VOR</license_plate><vin>FSG8MBRZ9R4UKUSTR</vin><color>DarkViolet</color><year>2015</year></automobile><automobile><person_id>52f814ca-ffb7-4ea5-a8fb-b8647ce246cb</person_id><license_plate>ZLB 421</license_plate><vin>M12S4MYB6NVBN5D9G</vin><color>Ivory</color><year>1974</year></automobile><automobile><person_id>52f814ca-ffb7-4ea5-a8fb-b8647ce246cb</person_id><license_plate>D58-RCJ</license_plate><vin>6LZDE2VH1GZ50Z6UD</vin><color>DarkTurquoise</color><year>1974</year></automobile><automobile><person_id>52f814ca-ffb7-4ea5-a8fb-b8647ce246cb</person_id><license_plate>ZTH 370</license_plate><vin>EYFGEZRF4TNXRKH0L</vin><color>DarkCyan</color><year>1992</year></automobile><automobile><person_id>6d3671a8-3508-4e5e-a4ce-10bbe70829b8</person_id><license_plate>53D DE0</license_plate><vin>PLYDMX7L4X4C81MVZ</vin><color>LightSteelBlue</color><year>2006</year></automobile><automobile><person_id>90c2e399-2f53-46af-b8fc-b17a373dbc99</person_id><license_plate>0RR87</license_plate><vin>EU7DU0K78PH2NT30U</vin><color>MediumTurquoise</color><year>2000</year></automobile><automobile><person_id>6d949951-d67d-4327-9009-69c8c0487395</person_id><license_plate>8-56968F</license_plate><vin>9V9ZS1GD7WUX1R4ZA</vin><color>PeachPuff</color><year>2008</year></automobile><automobile><person_id>8788fc01-1791-4491-aa2d-f4a1427146d3</person_id><license_plate>147 6FJ</license_plate><vin>W4J5XTNB4KBGDKXV0</vin><color>Green</color><year>1982</year></automobile><automobile><person_id>8788fc01-1791-4491-aa2d-f4a1427146d3</person_id><license_plate>01V O34</license_plate><vin>N1SW45MY000XGAFBR</vin><color>Violet</color><year>1980</year></automobile><automobile><person_id>6f74944b-9e7a-4bac-b135-3c7b64902dab</person_id><license_plate>282 NME</license_plate><vin>J4AE4AMZ0ZRAESGTD</vin><color>DarkOliveGreen</color><year>1985</year></automobile><automobile><person_id>93d5a2b3-25d9-4da6-a8a4-252d2b54130e</person_id><license_plate>LFK 592</license_plate><vin>0MR756ZV6D3GHD4TE</vin><color>SandyBrown</color><year>1994</year></automobile><automobile><person_id>93d5a2b3-25d9-4da6-a8a4-252d2b54130e</person_id><license_plate>414 AGE</license_plate><vin>BN6TU0Z4675AA55W7</vin><color>MediumAquaMarine</color><year>2018</year></automobile><automobile><person_id>385b3c32-7d2c-42ef-8f7e-4e804756831f</person_id><license_plate>H42 6TS</license_plate><vin>WPKAXA477UTXR4WD8</vin><color>Olive</color><year>2000</year></automobile><automobile><person_id>385b3c32-7d2c-42ef-8f7e-4e804756831f</person_id><license_plate>050 8IF</license_plate><vin>294AE45G3UCC5X3HU</vin><color>GoldenRod</color><year>1984</year></automobile><automobile><person_id>372d94bb-4c2b-4b2a-ae6f-0b71cf418fa2</person_id><license_plate>1S 61048</license_plate><vin>JSV829B3X66HNNTXV</vin><color>MintCream</color><year>1977</year></automobile><automobile><person_id>bdaa2353-8326-4d55-94f9-93cdb2edb4b6</person_id><license_plate>1FC1797</license_plate><vin>3KXBKNKB9365NUBEM</vin><color>PapayaWhip</color><year>1970</year></automobile><automobile><person_id>3c59bcef-7343-4f1c-9d5d-c1c63a9d1928</person_id><license_plate>273-JQO</license_plate><vin>Z4W28CR71E82ZJCGC</vin><color>Magenta</color><year>2015</year></automobile><automobile><person_id>42a13e4a-5c44-4b63-b22f-7f31d0a83c19</person_id><license_plate>305BH</license_plate><vin>CKLWM2K17CPY023EL</vin><color>Chartreuse</color><year>2001</year></automobile><automobile><person_id>3c7e8582-6e82-4351-887a-8fa473fbf2a1</person_id><license_plate>6L SD065</license_plate><vin>SW9SJXM646BX7EGLT</vin><color>Gold</color><year>2020</year></automobile><automobile><person_id>3c7e8582-6e82-4351-887a-8fa473fbf2a1</person_id><license_plate>KTK-8637</license_plate><vin>0FD3UD2E8TDEBAYNT</vin><color>GreenYellow</color><year>1973</year></automobile><automobile><person_id>982e9e86-9735-41d8-a7e9-74e4db880e17</person_id><license_plate>105-YRU</license_plate><vin>90SHA1WC7HFXEXLMY</vin><color>IndianRed</color><year>1996</year></automobile><automobile><person_id>c3593534-26f1-438d-9b7a-d6856406c6cd</person_id><license_plate>U69-00D</license_plate><vin>LF4ZJPM29ABYNCFEM</vin><color>LightSalmon</color><year>2023</year></automobile><automobile><person_id>c3593534-26f1-438d-9b7a-d6856406c6cd</person_id><license_plate>4QK 940</license_plate><vin>7AMX1HJK7ZNZV8TL0</vin><color>Sienna</color><year>1979</year></automobile><automobile><person_id>dd38b566-0209-4c59-81ae-aa115619ebcb</person_id><license_plate>6M 5871H</license_plate><vin>GASK444Y7N799MJYA</vin><color>MediumSlateBlue</color><year>2011</year></automobile><automobile><person_id>dd38b566-0209-4c59-81ae-aa115619ebcb</person_id><license_plate>70O•509</license_plate><vin>VRXZ882L45L21GDKZ</vin><color>HoneyDew</color><year>1974</year></automobile><automobile><person_id>dd38b566-0209-4c59-81ae-aa115619ebcb</person_id><license_plate>LOJ 057</license_plate><vin>7MP5H42A7J2HADD7T</vin><color>MediumTurquoise</color><year>2016</year></automobile><automobile><person_id>c43e88ab-511d-4927-b1d5-5e74ac1bbb13</person_id><license_plate>JLS 2539</license_plate><vin>FJZVNN5H0E9406C5W</vin><color>RosyBrown</color><year>1973</year></automobile><automobile><person_id>c43e88ab-511d-4927-b1d5-5e74ac1bbb13</person_id><license_plate>FIR-4738</license_plate><vin>P470Y7Z70JR5D6Y6U</vin><color>ForestGreen</color><year>1973</year></automobile><automobile><person_id>c43e88ab-511d-4927-b1d5-5e74ac1bbb13</person_id><license_plate>8H 89737</license_plate><vin>UWNKAJSA76VXVZJDF</vin><color>SpringGreen</color><year>2021</year></automobile><automobile><person_id>77cd2993-b34c-45ec-9e1e-6cf89cbd6381</person_id><license_plate>8AK I80</license_plate><vin>MW3C9TXL00YASEWTB</vin><color>Tomato</color><year>2008</year></automobile><automobile><person_id>060aea88-6c5d-47b1-a41c-156c0cfad797</person_id><license_plate>9UK 140</license_plate><vin>9D5814FR1CR5BF60M</vin><color>HoneyDew</color><year>1979</year></automobile><automobile><person_id>086e299a-7e9a-49e6-836e-4971c192bf79</person_id><license_plate>MEY 629</license_plate><vin>XEA5ASJ26XAG5XLAK</vin><color>DarkSeaGreen</color><year>1990</year></automobile><automobile><person_id>1335912e-f185-468a-84de-341806d0c1a8</person_id><license_plate>596 IFT</license_plate><vin>GV2FB4JT9DN9PWCLE</vin><color>LightSalmon</color><year>2010</year></automobile><automobile><person_id>1335912e-f185-468a-84de-341806d0c1a8</person_id><license_plate>XLV 906</license_plate><vin>GUWDNMGL4VESPWYFZ</vin><color>LightCoral</color><year>1981</year></automobile><automobile><person_id>1335912e-f185-468a-84de-341806d0c1a8</person_id><license_plate>372 SLY</license_plate><vin>HCRB9ALH5SXPVJY7K</vin><color>Azure</color><year>2014</year></automobile><automobile><person_id>d048bd5e-3eff-4e5a-9f97-79fef178d78b</person_id><license_plate>08S 455</license_plate><vin>GG2BCF3V2A340GX8K</vin><color>Gray</color><year>1977</year></automobile><automobile><person_id>d048bd5e-3eff-4e5a-9f97-79fef178d78b</person_id><license_plate>369 2WU</license_plate><vin>Z9XNGYMAXGY4TTABA</vin><color>DimGray</color><year>1996</year></automobile><automobile><person_id>1c5cc591-ec6e-4d37-9052-73fcaecb51d1</person_id><license_plate>1E 22723</license_plate><vin>7ATGWFE94DURE5Z8L</vin><color>WhiteSmoke</color><year>2008</year></automobile><automobile><person_id>1c5cc591-ec6e-4d37-9052-73fcaecb51d1</person_id><license_plate>0N VY488</license_plate><vin>ZC58N0D923UM6X45H</vin><color>SlateBlue</color><year>1975</year></automobile><automobile><person_id>349e7019-955e-4deb-be5a-6240a4aea98b</person_id><license_plate>8VS R00</license_plate><vin>JMXHM62P47LD7CXXM</vin><color>Turquoise</color><year>1973</year></automobile><automobile><person_id>349e7019-955e-4deb-be5a-6240a4aea98b</person_id><license_plate>619 HDW</license_plate><vin>DABKLD797ZPP4NJB1</vin><color>WhiteSmoke</color><year>1979</year></automobile><automobile><person_id>349e7019-955e-4deb-be5a-6240a4aea98b</person_id><license_plate>UDM-989</license_plate><vin>FT0UZ5ZJ3W4ZVBD4X</vin><color>Sienna</color><year>1987</year></automobile><automobile><person_id>a6e82863-d767-4a84-aa8f-e41adb37efb6</person_id><license_plate>780 7728</license_plate><vin>5GMB69EN534TS5CJJ</vin><color>LightGoldenRodYellow</color><year>2001</year></automobile><automobile><person_id>a6e82863-d767-4a84-aa8f-e41adb37efb6</person_id><license_plate>3RX54</license_plate><vin>JV62AR4S7EYKM8XSW</vin><color>PaleTurquoise</color><year>1972</year></automobile><automobile><person_id>a6e82863-d767-4a84-aa8f-e41adb37efb6</person_id><license_plate>926ZJJ</license_plate><vin>P3XX5LUM1H27GCY34</vin><color>DarkOrchid</color><year>1978</year></automobile><automobile><person_id>bc14e294-d0ba-4248-af06-5dddd41fe97d</person_id><license_plate>1EC6091</license_plate><vin>LE1DS6G51ZTLTTGC2</vin><color>OliveDrab</color><year>1984</year></automobile><automobile><person_id>526d22f6-3c83-4032-bd4e-8dc28cf27d0e</person_id><license_plate>5-V4856</license_plate><vin>4HMR512V7RWT4BYSJ</vin><color>RoyalBlue</color><year>1992</year></automobile><automobile><person_id>526d22f6-3c83-4032-bd4e-8dc28cf27d0e</person_id><license_plate>FND-718</license_plate><vin>XSSPXUCD6XWK0SMMX</vin><color>Magenta</color><year>1992</year></automobile><automobile><person_id>eef00ed7-a0a9-44f5-b38f-fc24dcbf4594</person_id><license_plate>7JP84</license_plate><vin>ALDXN2EWX2X86S95T</vin><color>GhostWhite</color><year>2015</year></automobile><automobile><person_id>04a57e49-cdea-4017-89f0-319d446157cb</person_id><license_plate>962AS</license_plate><vin>802G6UK94RS01B65Z</vin><color>Purple</color><year>2019</year></automobile><automobile><person_id>04a57e49-cdea-4017-89f0-319d446157cb</person_id><license_plate>84-8259V</license_plate><vin>7R5P8LTC9B4EXPS9J</vin><color>Gainsboro</color><year>2020</year></automobile><automobile><person_id>019dde2b-b3f1-45f2-bc2b-fcdbfdeb6bad</person_id><license_plate>D77-84P</license_plate><vin>2XD9HPTK3YX2FF4TU</vin><color>MediumSpringGreen</color><year>1988</year></automobile><automobile><person_id>019dde2b-b3f1-45f2-bc2b-fcdbfdeb6bad</person_id><license_plate>JKL-6557</license_plate><vin>0XALPZZB4FBCTXYH2</vin><color>NavajoWhite</color><year>2006</year></automobile><automobile><person_id>148dfc0f-3077-4881-a63c-e9b90cf20f7b</person_id><license_plate>6BVS693</license_plate><vin>CRE6WFCM94XFJ84D3</vin><color>Teal</color><year>1991</year></automobile><automobile><person_id>148dfc0f-3077-4881-a63c-e9b90cf20f7b</person_id><license_plate>594 LO7</license_plate><vin>L2H3AP0T5J7842ZR8</vin><color>Aqua</color><year>1996</year></automobile><automobile><person_id>23b1bfa2-0b46-4ad4-b214-3955cc2bcf19</person_id><license_plate>94-87950</license_plate><vin>Z4WH4NHAXXFJY0253</vin><color>Khaki</color><year>1972</year></automobile><automobile><person_id>5c2ff25b-6bb2-4304-95f8-6f049cb70c34</person_id><license_plate>128 KQE</license_plate><vin>74JSFEA028M3M8HGS</vin><color>Teal</color><year>2002</year></automobile><automobile><person_id>baa7a5f1-64cb-425d-8f68-14b2c73db08a</person_id><license_plate>NYE 957</license_plate><vin>LKPCD3ZA81FWFMKJ1</vin><color>DarkOrange</color><year>2021</year></automobile><automobile><person_id>e4455267-efc3-4eb4-8ee0-b9635b5e0021</person_id><license_plate>954 IVZ</license_plate><vin>PAFZ0EJ53BMN7SGVD</vin><color>DarkRed</color><year>1982</year></automobile><automobile><person_id>1113a3eb-9de4-4fb4-bd15-6add2762f9cf</person_id><license_plate>RXQ-3877</license_plate><vin>9WUWN3NT0LAG1SSJB</vin><color>DeepSkyBlue</color><year>1997</year></automobile><automobile><person_id>55a998aa-6827-4302-9217-46956c7c5d68</person_id><license_plate>4YK 557</license_plate><vin>4877W1MJ2PRVE66U5</vin><color>DodgerBlue</color><year>1979</year></automobile><automobile><person_id>2632d2e0-b1b6-48df-ada7-1e8c72ac9a50</person_id><license_plate>YJW 5848</license_plate><vin>TRNLCL1W6VKTRRRYF</vin><color>Lime</color><year>2014</year></automobile><automobile><person_id>20590481-2cfb-491b-a60f-e8385b4e8936</person_id><license_plate>I91 1ZX</license_plate><vin>VGGG7EB65ZKEET3UB</vin><color>SeaShell</color><year>2003</year></automobile><automobile><person_id>20590481-2cfb-491b-a60f-e8385b4e8936</person_id><license_plate>978 YLV</license_plate><vin>91NWGKF862KV8Y2EW</vin><color>DarkMagenta</color><year>1985</year></automobile><automobile><person_id>89e642ed-27b8-4d2a-8809-e1086cf3dd2b</person_id><license_plate>072132</license_plate><vin>U1BUMUFA9RVPX3GVX</vin><color>LightGreen</color><year>1973</year></automobile><automobile><person_id>89e642ed-27b8-4d2a-8809-e1086cf3dd2b</person_id><license_plate>928-KNY</license_plate><vin>7J913UYT9CC0F6P46</vin><color>LightSeaGreen</color><year>2000</year></automobile><automobile><person_id>46fe51ac-0bce-479d-affd-5f0816f0ff31</person_id><license_plate>XXT0522</license_plate><vin>ZCR190PW3Z8EXN1ZJ</vin><color>BlueViolet</color><year>2010</year></automobile><automobile><person_id>46fe51ac-0bce-479d-affd-5f0816f0ff31</person_id><license_plate>KUP 094</license_plate><vin>WJ9SYYAC7EXBTMJXZ</vin><color>Silver</color><year>1977</year></automobile><automobile><person_id>aea5da06-4d71-4e2f-b15f-2c1b5020f48e</person_id><license_plate>09IM436</license_plate><vin>GKZM4HT469D0TMACD</vin><color>Khaki</color><year>1975</year></automobile><automobile><person_id>aea5da06-4d71-4e2f-b15f-2c1b5020f48e</person_id><license_plate>1IN 350</license_plate><vin>W0CW4TX23WWGZFBCX</vin><color>Aqua</color><year>2021</year></automobile><automobile><person_id>d53f3fcf-54fd-4a18-afea-4143e4434b48</person_id><license_plate>VSV 7684</license_plate><vin>DD5UN5VW4Z04D9NRB</vin><color>MediumBlue</color><year>1990</year></automobile><automobile><person_id>9a6270de-c963-45a6-9229-be6e16ea72ef</person_id><license_plate>16-17217</license_plate><vin>9Z1K0UNR0670PTSDF</vin><color>OliveDrab</color><year>2019</year></automobile><automobile><person_id>0fa1e08c-5d92-435f-8ebb-a2fa0eb30440</person_id><license_plate>387-YXW</license_plate><vin>A95H29GH8ZM54NEDB</vin><color>Chartreuse</color><year>1982</year></automobile><automobile><person_id>7c52ae6d-476e-4357-a573-dfbbff4718c1</person_id><license_plate>XA 96383</license_plate><vin>TS5MF9DA2LFU9JERN</vin><color>DarkMagenta</color><year>1980</year></automobile><automobile><person_id>7c52ae6d-476e-4357-a573-dfbbff4718c1</person_id><license_plate>43-0224G</license_plate><vin>A8YWXYBJ2FUZTFGX5</vin><color>MistyRose</color><year>1994</year></automobile><automobile><person_id>133e391d-9de9-4ccf-8e74-d91521455cdf</person_id><license_plate>6-07238Z</license_plate><vin>RG4W8VDUX4K7CK284</vin><color>Indigo</color><year>1982</year></automobile><automobile><person_id>78670f50-7c95-4a9e-b599-2ffad784de3a</person_id><license_plate>16U Y23</license_plate><vin>NU6SUV9S8GY89GSKF</vin><color>PaleGreen</color><year>2007</year></automobile><automobile><person_id>a770158e-2389-4540-a547-26da8aadd1b9</person_id><license_plate>ZWM 410</license_plate><vin>R20EHDY23PWRYE1FY</vin><color>Tan</color><year>1972</year></automobile><automobile><person_id>a770158e-2389-4540-a547-26da8aadd1b9</person_id><license_plate>1-06244</license_plate><vin>M6ZPTNWE69E4TBGWK</vin><color>MediumTurquoise</color><year>1984</year></automobile><automobile><person_id>1c91ace0-e01c-4bc7-97ce-f69ac101e6c1</person_id><license_plate>9-1731X</license_plate><vin>GY6R7RFC9K3FAZV9V</vin><color>Magenta</color><year>1976</year></automobile><automobile><person_id>c58787ed-91b7-4616-9b11-9cd2bc43d98a</person_id><license_plate>QCP7772</license_plate><vin>FHUFXLKH3RPLERHHR</vin><color>GoldenRod</color><year>2016</year></automobile><automobile><person_id>c58787ed-91b7-4616-9b11-9cd2bc43d98a</person_id><license_plate>3H 51238</license_plate><vin>FEA1N0VP6YWGZB5B2</vin><color>IndianRed</color><year>1972</year></automobile><automobile><person_id>3187a2ed-9176-4962-86dc-9289b0ed5988</person_id><license_plate>SMH 076</license_plate><vin>MXGTP67A6MDVR4ULG</vin><color>LightPink</color><year>1977</year></automobile><automobile><person_id>3187a2ed-9176-4962-86dc-9289b0ed5988</person_id><license_plate>9V 3636O</license_plate><vin>LS2HHN623PC8D220F</vin><color>HoneyDew</color><year>2017</year></automobile><automobile><person_id>1850648c-ed96-4fbb-8802-3dcbf8308d83</person_id><license_plate>OZN 832</license_plate><vin>3MHTK51G73YVEN829</vin><color>YellowGreen</color><year>2015</year></automobile><automobile><person_id>93cdb3d1-b02d-4534-86c7-82f783828528</person_id><license_plate>311AA</license_plate><vin>RH87LGE33G4GC9CEA</vin><color>CornflowerBlue</color><year>2022</year></automobile><automobile><person_id>86bf79ee-83df-4f2a-b4a9-5aa5bba0048f</person_id><license_plate>097526</license_plate><vin>S9S86B665RE0V95PU</vin><color>SandyBrown</color><year>1973</year></automobile><automobile><person_id>e7326631-acd9-4b94-93be-3fc3633a72ed</person_id><license_plate>14E 968</license_plate><vin>ZJM1KP0B0BMW2UNXU</vin><color>GhostWhite</color><year>1977</year></automobile><automobile><person_id>e7326631-acd9-4b94-93be-3fc3633a72ed</person_id><license_plate>944-BVY</license_plate><vin>1536S33Z6VH92VVC2</vin><color>PaleVioletRed</color><year>1990</year></automobile><automobile><person_id>273e00f6-08bd-44e8-9755-a8435f4f7c85</person_id><license_plate>33L N86</license_plate><vin>ERWSE6096TYDF5SXS</vin><color>SkyBlue</color><year>1993</year></automobile><automobile><person_id>273e00f6-08bd-44e8-9755-a8435f4f7c85</person_id><license_plate>HYT-550</license_plate><vin>PU9GE75S59GK37HM4</vin><color>PaleVioletRed</color><year>2002</year></automobile><automobile><person_id>379eee5f-5119-4489-9dc7-b6e35081fce8</person_id><license_plate>8T DO684</license_plate><vin>CYRMZ4JC5GVUB7YD0</vin><color>DarkViolet</color><year>2017</year></automobile><automobile><person_id>60573856-cec6-42a1-b020-c400e0726946</person_id><license_plate>6-16466</license_plate><vin>J8U9MBK03MEL8686S</vin><color>Crimson</color><year>1989</year></automobile><automobile><person_id>0f82bdea-2190-41d1-8f0b-8822cae14dc8</person_id><license_plate>YBM-6346</license_plate><vin>RA06JU497MT9PJVSC</vin><color>PowderBlue</color><year>2001</year></automobile></automobiles>