<?xml version="1.0" encoding="UTF-8" ?><automobiles><automobile><person_id>ac8df79f-4292-4e43-8b28-bf0dddb69562</person_id><license_plate>O35 4FK</license_plate><vin>MEHRCRZV9HDXC5MY6</vin><color>DarkViolet</color><year>1970</year></automobile><automobile><person_id>ac8df79f-4292-4e43-8b28-bf0dddb69562</person_id><license_plate>MKG 771</license_plate><vin>DE87MT4X0JAMDTD5L</vin><color>Silver</color><year>1989</year></automobile><automobile><person_id>3391d823-e5c2-4548-b45d-5dc3a3760f5e</person_id><license_plate>HUX 4408</license_plate><vin>EAW04ZT66MCKFJB0N</vin><color>GoldenRod</color><year>1993</year></automobile><automobile><person_id>3391d823-e5c2-4548-b45d-5dc3a3760f5e</person_id><license_plate>921-095</license_plate><vin>7LJJ2T5U411RNVT19</vin><color>LightSteelBlue</color><year>2009</year></automobile><automobile><person_id>3391d823-e5c2-4548-b45d-5dc3a3760f5e</person_id><license_plate>540-786</license_plate><vin>HYC2MWPK7VU5550ZB</vin><color>Orange</color><year>1988</year></automobile><automobile><person_id>e277f417-1489-4bd6-aab9-2fc1282028ed</person_id><license_plate>36R S47</license_plate><vin>062VZGJD727K1WYC8</vin><color>PowderBlue</color><year>1996</year></automobile><automobile><person_id>817c130d-876b-4734-be0f-0f55aa008587</person_id><license_plate>6TY2837</license_plate><vin>BHHVCUV58YV99MGWF</vin><color>Wheat</color><year>2008</year></automobile><automobile><person_id>4eb93050-ae1d-40d8-9e36-99d2a4e25685</person_id><license_plate>L21-OFG</license_plate><vin>MR2K9YMV87ZCE83SA</vin><color>SeaShell</color><year>1975</year></automobile><automobile><person_id>4eb93050-ae1d-40d8-9e36-99d2a4e25685</person_id><license_plate>900DDW</license_plate><vin>L23R0N9WXN5H1JJZ9</vin><color>Brown</color><year>2012</year></automobile><automobile><person_id>af0feaf1-126e-454e-bba2-7fc1967369f9</person_id><license_plate>94Z 732</license_plate><vin>JULAUAK958JMVPKLC</vin><color>LightYellow</color><year>1997</year></automobile><automobile><person_id>49034f12-07f6-46e7-906d-968c07620875</person_id><license_plate>FI 39387</license_plate><vin>724A422F4KCTB87V1</vin><color>LightSkyBlue</color><year>1985</year></automobile><automobile><person_id>eaa39fbc-42a8-49de-9928-3b0ab824770c</person_id><license_plate>97MK389</license_plate><vin>1VU24GTC2NY4HBP7B</vin><color>CornflowerBlue</color><year>1991</year></automobile><automobile><person_id>8fcfb98c-d820-44e1-a252-54967ce7c05c</person_id><license_plate>79-F533</license_plate><vin>GPVB0UY40SS614GA3</vin><color>OrangeRed</color><year>1977</year></automobile><automobile><person_id>3eae305f-88a2-46ee-8218-5bdfce595f38</person_id><license_plate>3K372</license_plate><vin>DUX0ZZV37MDRKFVAA</vin><color>FloralWhite</color><year>2019</year></automobile><automobile><person_id>cc121052-ad02-4c4a-ac98-5d997f8df9c1</person_id><license_plate>333 KTO</license_plate><vin>VU386VAM4BWTYHK05</vin><color>Orange</color><year>2017</year></automobile><automobile><person_id>eda79663-1ae5-4384-ac1c-6c328c469809</person_id><license_plate>085W</license_plate><vin>1KWA0HK9XZC37XFNH</vin><color>Snow</color><year>2023</year></automobile><automobile><person_id>eda79663-1ae5-4384-ac1c-6c328c469809</person_id><license_plate>0PQE840</license_plate><vin>4YN75CEL6UD1JE9NF</vin><color>SandyBrown</color><year>1983</year></automobile><automobile><person_id>7bfdeac6-2bb4-4f60-9ded-edbff763c9bb</person_id><license_plate>15-DS89</license_plate><vin>MDZLRUN882UUDDDG0</vin><color>Brown</color><year>1971</year></automobile><automobile><person_id>7bfdeac6-2bb4-4f60-9ded-edbff763c9bb</person_id><license_plate>QKN 2807</license_plate><vin>4T5808TMXBZ5UTRRM</vin><color>LightGreen</color><year>2012</year></automobile><automobile><person_id>7bfdeac6-2bb4-4f60-9ded-edbff763c9bb</person_id><license_plate>CYT 341</license_plate><vin>SEGKY4LY455N5RGCW</vin><color>CornflowerBlue</color><year>2003</year></automobile><automobile><person_id>74bdb589-49fc-499c-aa27-6415dd16f926</person_id><license_plate>YFU-369</license_plate><vin>V2V8RFM28Y6JCY3KL</vin><color>MediumSpringGreen</color><year>2015</year></automobile><automobile><person_id>a5b6ebb7-3170-44bb-ab88-a55635ce736e</person_id><license_plate>6O 2C4EHW</license_plate><vin>048Z70EM73NKN5EC3</vin><color>LightGoldenRodYellow</color><year>1982</year></automobile><automobile><person_id>df133253-4174-401d-8786-8577a21fa5ae</person_id><license_plate>913-RUQS</license_plate><vin>TBDTVUAZ0AJD3T1EN</vin><color>Magenta</color><year>2005</year></automobile><automobile><person_id>df133253-4174-401d-8786-8577a21fa5ae</person_id><license_plate>2N800</license_plate><vin>3HKU6R5R4CXVKXNML</vin><color>GreenYellow</color><year>1995</year></automobile><automobile><person_id>5354e864-8361-42d8-b284-faf65eed1e89</person_id><license_plate>3LXB 69</license_plate><vin>0352HHPL23KZ3RZVC</vin><color>Red</color><year>2002</year></automobile><automobile><person_id>01d1df7e-789e-45a1-b839-95a8d5b8b478</person_id><license_plate>7-8306K</license_plate><vin>WZEKS0179EKKH0P3G</vin><color>LightSkyBlue</color><year>2009</year></automobile><automobile><person_id>cb737c22-470e-4e6e-af0a-dc9ab3ce4ad6</person_id><license_plate>135 2BO</license_plate><vin>XJ7TM15K0FXXY3HU8</vin><color>HoneyDew</color><year>1970</year></automobile><automobile><person_id>cb737c22-470e-4e6e-af0a-dc9ab3ce4ad6</person_id><license_plate>0FX 021</license_plate><vin>G2ULEBTH0NUA1AN1A</vin><color>Beige</color><year>2002</year></automobile><automobile><person_id>e9951533-0e5c-45a4-bd5b-cc24200ec9c3</person_id><license_plate>043EBR</license_plate><vin>BMT5CA6712TYAAFSM</vin><color>FloralWhite</color><year>2019</year></automobile><automobile><person_id>e9951533-0e5c-45a4-bd5b-cc24200ec9c3</person_id><license_plate>7T 08176</license_plate><vin>YWNDZAL37YXR8805E</vin><color>MediumSpringGreen</color><year>2002</year></automobile><automobile><person_id>0a0bcb33-2569-4ce9-9e09-8ba8f6da6e6d</person_id><license_plate>0547 KX</license_plate><vin>HFG5392PX2B09WU9P</vin><color>LawnGreen</color><year>2009</year></automobile><automobile><person_id>9e16efa7-2945-4178-a9c3-879fb251cfff</person_id><license_plate>7749 DV</license_plate><vin>Y1ASPW2E9BLDRFV4V</vin><color>LimeGreen</color><year>1994</year></automobile><automobile><person_id>4a18eb29-0632-45e8-8296-317b2f82b5cc</person_id><license_plate>Z62 0CM</license_plate><vin>RMZ3B29B3KR4K3DL4</vin><color>RosyBrown</color><year>2012</year></automobile><automobile><person_id>4a18eb29-0632-45e8-8296-317b2f82b5cc</person_id><license_plate>3ZU 392</license_plate><vin>C1SC08FM1X7MEG0W0</vin><color>MediumOrchid</color><year>1998</year></automobile><automobile><person_id>67b8de04-ef87-457a-b6f4-54d1176dccb9</person_id><license_plate>MEW 327</license_plate><vin>HMPRZT143M0ZJ9BKJ</vin><color>PaleGreen</color><year>1994</year></automobile><automobile><person_id>67b8de04-ef87-457a-b6f4-54d1176dccb9</person_id><license_plate>70F I54</license_plate><vin>TXWLX69A3G83V7UYG</vin><color>Green</color><year>2004</year></automobile><automobile><person_id>3c4cd740-6c3d-4a7f-a01a-7d8c7c63357b</person_id><license_plate>56M•820</license_plate><vin>11VAFX7F8RXCNF8DL</vin><color>Aqua</color><year>1999</year></automobile><automobile><person_id>cbd820be-37f2-4f3e-8e91-b1bd757b524c</person_id><license_plate>485875</license_plate><vin>RK5CK7PE981NKR0EY</vin><color>Sienna</color><year>1998</year></automobile><automobile><person_id>a67b8006-5d3f-4912-9229-24b16f287d30</person_id><license_plate>48-49192</license_plate><vin>W7EWUA1K7C2CNK8YW</vin><color>SlateBlue</color><year>1981</year></automobile><automobile><person_id>a67b8006-5d3f-4912-9229-24b16f287d30</person_id><license_plate>DYM 930</license_plate><vin>CL3D7WPC7JCHZ266A</vin><color>MintCream</color><year>1972</year></automobile><automobile><person_id>1975ba60-f642-4bca-b997-9b9d5dce73a0</person_id><license_plate>589 NNW</license_plate><vin>3BV49AM84V5KUZVA8</vin><color>PaleGreen</color><year>2005</year></automobile><automobile><person_id>1975ba60-f642-4bca-b997-9b9d5dce73a0</person_id><license_plate>873-714</license_plate><vin>X0JWL5E54WPEJM7UV</vin><color>MediumBlue</color><year>1993</year></automobile><automobile><person_id>f14bc9d8-1940-46b0-99d4-40b816ca3c87</person_id><license_plate>454I6</license_plate><vin>LD23WV4R4ZEXKK8WU</vin><color>DodgerBlue</color><year>1973</year></automobile><automobile><person_id>279c503c-b051-4130-9ef7-a50f2e87af7e</person_id><license_plate>T47 6NI</license_plate><vin>0E8HPJM43KR3A1VG6</vin><color>FloralWhite</color><year>2024</year></automobile><automobile><person_id>279c503c-b051-4130-9ef7-a50f2e87af7e</person_id><license_plate>IKZ 601</license_plate><vin>3J1RTLYK18JC2MGZB</vin><color>Lime</color><year>2020</year></automobile><automobile><person_id>4f02b51d-f955-4e45-ab27-30c1c6bd53cd</person_id><license_plate>KHP 144</license_plate><vin>Z2P3KAYM4U0AEBMYW</vin><color>PeachPuff</color><year>2007</year></automobile><automobile><person_id>4f02b51d-f955-4e45-ab27-30c1c6bd53cd</person_id><license_plate>ABB 703</license_plate><vin>W8K6WEWZ4YA1K5H0W</vin><color>Orange</color><year>1972</year></automobile><automobile><person_id>4f02b51d-f955-4e45-ab27-30c1c6bd53cd</person_id><license_plate>022 FTJ</license_plate><vin>W8NVBWSD2VUZ8YXHE</vin><color>SteelBlue</color><year>1988</year></automobile><automobile><person_id>6e0b92c4-ccaf-42f5-9d54-e7857a989229</person_id><license_plate>394-TVK</license_plate><vin>HNRCCS6L4ZJ31JN9B</vin><color>DarkViolet</color><year>1972</year></automobile><automobile><person_id>44a645b2-3227-4efd-9a31-c7d4bed88692</person_id><license_plate>KI 14128</license_plate><vin>ZMM2CE1769RVX5HTH</vin><color>Tomato</color><year>1971</year></automobile><automobile><person_id>44a645b2-3227-4efd-9a31-c7d4bed88692</person_id><license_plate>AL 17794</license_plate><vin>G6KDGR653YG3ZSJ85</vin><color>LightYellow</color><year>2009</year></automobile><automobile><person_id>ea7e7c6d-5eda-4dea-8be9-119d4cfbd463</person_id><license_plate>368 FOT</license_plate><vin>C9WUUALV2FBM4WKKP</vin><color>OrangeRed</color><year>2019</year></automobile><automobile><person_id>e96fc6f0-5d1c-4342-886f-24cac26bfb64</person_id><license_plate>698 GBW</license_plate><vin>LFYPYP4665DC8K69A</vin><color>MediumTurquoise</color><year>2011</year></automobile><automobile><person_id>e96fc6f0-5d1c-4342-886f-24cac26bfb64</person_id><license_plate>2ID 172</license_plate><vin>R0GM2FKSXXAUCRYYS</vin><color>OldLace</color><year>1986</year></automobile><automobile><person_id>ab036a18-12e1-4a08-8914-9e9ce3e65596</person_id><license_plate>8EX C81</license_plate><vin>3WRJM2720ZWLYDZBV</vin><color>Sienna</color><year>1978</year></automobile><automobile><person_id>8d6a873b-b490-4ddd-80c2-dddfedb00f6d</person_id><license_plate>ZUD 572</license_plate><vin>119CBEDS9R7C5LTK8</vin><color>Fuchsia</color><year>2001</year></automobile><automobile><person_id>8d6a873b-b490-4ddd-80c2-dddfedb00f6d</person_id><license_plate>6AN9412</license_plate><vin>T8BEV3HS82FJWZGAK</vin><color>Ivory</color><year>1979</year></automobile><automobile><person_id>0fc4a295-8d6e-4fe6-837f-0b6ca9bbc993</person_id><license_plate>492C1</license_plate><vin>K77M88C415C4FVD8G</vin><color>Blue</color><year>2021</year></automobile><automobile><person_id>0fc4a295-8d6e-4fe6-837f-0b6ca9bbc993</person_id><license_plate>WFS3773</license_plate><vin>75EEML6850M2Z9EMH</vin><color>PaleGreen</color><year>1993</year></automobile><automobile><person_id>0c82049b-91e4-4f48-9856-4769e927d880</person_id><license_plate>123 6FQ</license_plate><vin>6Y46SNSJ3M4SWGXX1</vin><color>LightSalmon</color><year>1971</year></automobile><automobile><person_id>0c82049b-91e4-4f48-9856-4769e927d880</person_id><license_plate>6-02152</license_plate><vin>6PLREPC88D9YMAJFW</vin><color>DarkSalmon</color><year>2005</year></automobile><automobile><person_id>0c82049b-91e4-4f48-9856-4769e927d880</person_id><license_plate>127 IVZ</license_plate><vin>PEEKDU8A48MN8B9DP</vin><color>AntiqueWhite</color><year>1984</year></automobile><automobile><person_id>90241407-dffc-439b-89c2-75536b8bfc81</person_id><license_plate>248 NNT</license_plate><vin>0YB9YW5477PGPEF1H</vin><color>Red</color><year>1974</year></automobile><automobile><person_id>90241407-dffc-439b-89c2-75536b8bfc81</person_id><license_plate>WKU-746</license_plate><vin>DA9HXPL57N9Z17WRG</vin><color>LawnGreen</color><year>2010</year></automobile><automobile><person_id>6825b0fb-20a7-43ec-9a56-72a728ecd6e1</person_id><license_plate>DFS 526</license_plate><vin>AXMYY1JNX6GPJH7MM</vin><color>LightGray</color><year>2004</year></automobile><automobile><person_id>6045c358-d03b-4643-96a2-0e88d2cb1c07</person_id><license_plate>AT 3882</license_plate><vin>DE3Z9MC96TXWTS326</vin><color>Thistle</color><year>1980</year></automobile><automobile><person_id>db3a5177-6b84-4b3f-aadf-26ba74503440</person_id><license_plate>0WV 232</license_plate><vin>86KSMU4B8E0SPC7E3</vin><color>Beige</color><year>1976</year></automobile><automobile><person_id>db3a5177-6b84-4b3f-aadf-26ba74503440</person_id><license_plate>HNS 400</license_plate><vin>71F4RR9F7CU00U2PA</vin><color>SpringGreen</color><year>1984</year></automobile><automobile><person_id>b5d1312f-f1bd-45da-b5e0-a37bd130bc6d</person_id><license_plate>I23 7DX</license_plate><vin>U83RH9B462MG5209B</vin><color>DarkSlateGray</color><year>2013</year></automobile><automobile><person_id>b08fd601-437b-483c-8c3a-a52ef8a26216</person_id><license_plate>538 1974</license_plate><vin>M8JMA3SL7F40ZUKVS</vin><color>Chocolate</color><year>1992</year></automobile><automobile><person_id>75d82630-b68d-48cb-bb6f-31f029590808</person_id><license_plate>MHT 102</license_plate><vin>3F2M7U6Y59ZBZDY3V</vin><color>DarkGray</color><year>1977</year></automobile><automobile><person_id>dc91a9cb-c0ea-4950-8c37-51f6d006e794</person_id><license_plate>669 TJF</license_plate><vin>JVJNPABD9VFK5DNBR</vin><color>Teal</color><year>1974</year></automobile><automobile><person_id>dc91a9cb-c0ea-4950-8c37-51f6d006e794</person_id><license_plate>MDV 220</license_plate><vin>JDFD8MEV5AMM08N67</vin><color>Maroon</color><year>1974</year></automobile><automobile><person_id>dc91a9cb-c0ea-4950-8c37-51f6d006e794</person_id><license_plate>WC4 2544</license_plate><vin>C7U4T6SJ5PAMEX6C5</vin><color>Gainsboro</color><year>2006</year></automobile><automobile><person_id>26495f2c-a38a-4987-86bb-bf7e9fdf99ad</person_id><license_plate>DXM3288</license_plate><vin>Y4KUZFE01HVB2Y85L</vin><color>Peru</color><year>1970</year></automobile><automobile><person_id>26495f2c-a38a-4987-86bb-bf7e9fdf99ad</person_id><license_plate>339 URZ</license_plate><vin>5JNPJJ2VXM1MREBMZ</vin><color>DeepPink</color><year>1979</year></automobile><automobile><person_id>ed64b122-476e-42a7-a96c-8ec093d8c31a</person_id><license_plate>JDL 1977</license_plate><vin>8MALU8JK25BTHXRE9</vin><color>Cyan</color><year>2005</year></automobile><automobile><person_id>429f8d60-3994-4b35-be68-6263e28283c5</person_id><license_plate>ROI 742</license_plate><vin>8UFBAKTH6HZ9EAR9L</vin><color>PaleGoldenRod</color><year>2017</year></automobile><automobile><person_id>429f8d60-3994-4b35-be68-6263e28283c5</person_id><license_plate>NG1 9486</license_plate><vin>XJY88H7Z1SHGKZJDP</vin><color>RoyalBlue</color><year>1972</year></automobile><automobile><person_id>b640d7b9-5306-4835-b854-455972439c4d</person_id><license_plate>3-7799Y</license_plate><vin>SGPGK1YL2A697G98M</vin><color>SkyBlue</color><year>1988</year></automobile><automobile><person_id>b640d7b9-5306-4835-b854-455972439c4d</person_id><license_plate>940 GNJ</license_plate><vin>2U37VNKB3VTL23XHM</vin><color>DarkSalmon</color><year>2011</year></automobile><automobile><person_id>d2fe29bb-52ef-4bcb-a90d-f7ea7cf401de</person_id><license_plate>095 2JX</license_plate><vin>C6UWBHU254NUXC4BH</vin><color>Violet</color><year>1983</year></automobile><automobile><person_id>8f60376f-0693-4caa-884c-3dfc7b71b983</person_id><license_plate>39T 290</license_plate><vin>77MV0L5841RA1AETU</vin><color>Chocolate</color><year>2015</year></automobile><automobile><person_id>8f60376f-0693-4caa-884c-3dfc7b71b983</person_id><license_plate>QZ4 9814</license_plate><vin>GVKYGNHM7MWXWLHWS</vin><color>RosyBrown</color><year>1976</year></automobile><automobile><person_id>8f60376f-0693-4caa-884c-3dfc7b71b983</person_id><license_plate>3C NS267</license_plate><vin>TGK0K99U7DV3DA1EX</vin><color>Gray</color><year>1992</year></automobile><automobile><person_id>ffa6b52c-beff-4819-9016-351297d7d648</person_id><license_plate>8Z 2415J</license_plate><vin>GLAS9NJ59MTHHFGK7</vin><color>Orange</color><year>1995</year></automobile><automobile><person_id>ffa6b52c-beff-4819-9016-351297d7d648</person_id><license_plate>FZH 346</license_plate><vin>YU7G665Y06221KCMS</vin><color>CadetBlue</color><year>1983</year></automobile><automobile><person_id>bfe42fc5-bb72-4b7c-9fd1-72e74748eeee</person_id><license_plate>645-YPV</license_plate><vin>A36AKX3L8EFHXUUU4</vin><color>LightGoldenRodYellow</color><year>1993</year></automobile><automobile><person_id>20cd632d-2fb8-40da-a33d-e28a84d2dcf4</person_id><license_plate>150 EDG</license_plate><vin>593F14941VPZXM9T0</vin><color>Silver</color><year>1992</year></automobile><automobile><person_id>20cd632d-2fb8-40da-a33d-e28a84d2dcf4</person_id><license_plate>325 DU3</license_plate><vin>H8T3SNW9X3D2GLMJF</vin><color>Chocolate</color><year>2012</year></automobile><automobile><person_id>cf9c9685-b97d-4d2e-b19b-a86babd79746</person_id><license_plate>17-B988</license_plate><vin>W1BTPJGN9ZPNPYCE1</vin><color>AntiqueWhite</color><year>1992</year></automobile><automobile><person_id>cf9c9685-b97d-4d2e-b19b-a86babd79746</person_id><license_plate>GTO 300</license_plate><vin>MKYKU5SL3P4J3XBM0</vin><color>Wheat</color><year>1996</year></automobile><automobile><person_id>3c99c018-63a2-4244-9f2c-31d2ff14f1fb</person_id><license_plate>3-81283G</license_plate><vin>7RKDD8UJ07AJJ0SVP</vin><color>MediumSpringGreen</color><year>1982</year></automobile><automobile><person_id>3c99c018-63a2-4244-9f2c-31d2ff14f1fb</person_id><license_plate>718-UPR</license_plate><vin>W64NPHZC7YZSKZASY</vin><color>DarkCyan</color><year>1996</year></automobile><automobile><person_id>cc124bfb-5b66-4a23-a594-621cf90d0c2d</person_id><license_plate>COI 077</license_plate><vin>0DCDUA3S95UJ6EXNZ</vin><color>Black</color><year>2023</year></automobile><automobile><person_id>938029b7-6afa-4df8-bdac-fabba4bccfc8</person_id><license_plate>447-IIV</license_plate><vin>KTA46S458R2SNUS5G</vin><color>MediumTurquoise</color><year>2015</year></automobile><automobile><person_id>d0c4f165-0531-487a-a9c0-c8bf0f9c1843</person_id><license_plate>546 1AR</license_plate><vin>KZKV1Z6D7K3YZ57CF</vin><color>Aquamarine</color><year>2004</year></automobile><automobile><person_id>d0c4f165-0531-487a-a9c0-c8bf0f9c1843</person_id><license_plate>7NT 817</license_plate><vin>MX8MYKC81S1W7266C</vin><color>LightCoral</color><year>1999</year></automobile><automobile><person_id>e849cdc2-e1d5-47ae-9361-44cc5e873cdb</person_id><license_plate>9B714</license_plate><vin>RY8SZ3CM3XY7Z7XDB</vin><color>LightGoldenRodYellow</color><year>2012</year></automobile><automobile><person_id>e849cdc2-e1d5-47ae-9361-44cc5e873cdb</person_id><license_plate>9K 18937</license_plate><vin>4U25XC2G7BMZ51WGA</vin><color>Salmon</color><year>1998</year></automobile><automobile><person_id>c08e31c2-74b5-4840-a6e2-6eece46192bf</person_id><license_plate>03-C684</license_plate><vin>HNKV4FGB6G2MJV83U</vin><color>BurlyWood</color><year>2021</year></automobile><automobile><person_id>07f3c2d1-27a1-468e-ac15-374ce01aa38b</person_id><license_plate>887ZOL</license_plate><vin>PALM0ET154U5RZAU9</vin><color>PeachPuff</color><year>1990</year></automobile><automobile><person_id>07f3c2d1-27a1-468e-ac15-374ce01aa38b</person_id><license_plate>4P NM350</license_plate><vin>SEGDRMN913Z75UWJ5</vin><color>Tomato</color><year>1986</year></automobile><automobile><person_id>07f3c2d1-27a1-468e-ac15-374ce01aa38b</person_id><license_plate>1VV1600</license_plate><vin>LDAZ76D49DXENK6JP</vin><color>Indigo</color><year>2021</year></automobile><automobile><person_id>8c19a09f-a379-4794-a85e-a308a10b45a3</person_id><license_plate>57-NC57</license_plate><vin>JFZ790AB35CE8SF8P</vin><color>SaddleBrown</color><year>2012</year></automobile><automobile><person_id>8c19a09f-a379-4794-a85e-a308a10b45a3</person_id><license_plate>927-GSN</license_plate><vin>45DCDUX14RPPSLTTM</vin><color>LightPink</color><year>2024</year></automobile><automobile><person_id>3a1e4fde-791b-4c08-b241-e105f2dc0220</person_id><license_plate>DW 09395</license_plate><vin>DYEL51E15DN0P0JMX</vin><color>Beige</color><year>1994</year></automobile><automobile><person_id>021757c7-63e7-42be-b029-87c9b3879fea</person_id><license_plate>83Y T30</license_plate><vin>TUWKGR538NUT2FY20</vin><color>BlueViolet</color><year>1998</year></automobile><automobile><person_id>021757c7-63e7-42be-b029-87c9b3879fea</person_id><license_plate>ZBX-926</license_plate><vin>1W4LLK7846CXUGTRR</vin><color>Blue</color><year>1991</year></automobile><automobile><person_id>48d1209c-8e2e-48fb-b395-27727a10e0fe</person_id><license_plate>407-QXA</license_plate><vin>L2YA8HFMXNWMTFMLA</vin><color>DarkGreen</color><year>1981</year></automobile><automobile><person_id>496c7f0b-7cdc-4079-8174-cf0105ca6578</person_id><license_plate>3M EK392</license_plate><vin>0P4VHSLN8KLHNAVHJ</vin><color>DarkOliveGreen</color><year>1998</year></automobile><automobile><person_id>a6e461f2-72d5-4eec-afc3-0a7ee9157c6f</person_id><license_plate>FNS3743</license_plate><vin>EYVN17WK3DUGWTR2P</vin><color>Indigo</color><year>1997</year></automobile><automobile><person_id>044ceee3-2308-48f3-9286-81c878b58af3</person_id><license_plate>CU 7241</license_plate><vin>B83WHZU64A525NV02</vin><color>OldLace</color><year>2004</year></automobile><automobile><person_id>3673f3fb-39a9-45a7-9846-398b448e67e1</person_id><license_plate>PVE-8584</license_plate><vin>T1CTSFWY6HERN62P0</vin><color>CornflowerBlue</color><year>2017</year></automobile><automobile><person_id>3673f3fb-39a9-45a7-9846-398b448e67e1</person_id><license_plate>321-SUI</license_plate><vin>W5D2CLY26YFSLFHJ0</vin><color>Red</color><year>2014</year></automobile><automobile><person_id>3673f3fb-39a9-45a7-9846-398b448e67e1</person_id><license_plate>QGS 230</license_plate><vin>BAVDZ9UG4T73G0TV1</vin><color>Indigo</color><year>2015</year></automobile><automobile><person_id>e87401aa-8297-46d8-932f-524244946469</person_id><license_plate>7ID4369</license_plate><vin>8C0EMARE6FEK4XNDL</vin><color>GoldenRod</color><year>2001</year></automobile><automobile><person_id>391353d3-7cdd-4752-b096-33755dc7c0ac</person_id><license_plate>6-82923</license_plate><vin>TJGPX5MH4R3FDJHD9</vin><color>DeepPink</color><year>2016</year></automobile><automobile><person_id>391353d3-7cdd-4752-b096-33755dc7c0ac</person_id><license_plate>HEO 894</license_plate><vin>F2GG7LX120Z0CLDPW</vin><color>WhiteSmoke</color><year>1978</year></automobile><automobile><person_id>4804c651-f8ff-4189-a275-86655f8c021a</person_id><license_plate>832 9110</license_plate><vin>EY0K84894855C5VM5</vin><color>MediumOrchid</color><year>2017</year></automobile><automobile><person_id>699e26c9-076d-4576-8d13-5635e2a8d71c</person_id><license_plate>B43 5FF</license_plate><vin>ZU7UWDU52CTUL567U</vin><color>Violet</color><year>2005</year></automobile><automobile><person_id>699e26c9-076d-4576-8d13-5635e2a8d71c</person_id><license_plate>92M O93</license_plate><vin>PN4MA84473GGXB03V</vin><color>Black</color><year>1991</year></automobile><automobile><person_id>d8e619d6-184a-4fad-ae8c-4bb9df4630ac</person_id><license_plate>TBH-3887</license_plate><vin>1UFZVPLW6BJ75VS4C</vin><color>Aqua</color><year>1987</year></automobile><automobile><person_id>9b81819d-b000-4bb0-aa6c-91fc2b365c35</person_id><license_plate>3O 2667R</license_plate><vin>89RTVPJN47ZYNN617</vin><color>DimGray</color><year>1999</year></automobile><automobile><person_id>9b81819d-b000-4bb0-aa6c-91fc2b365c35</person_id><license_plate>85-0641J</license_plate><vin>LNKHUVXB0GBNH0HA6</vin><color>Wheat</color><year>1970</year></automobile></automobiles>