"id"|"first_name"|"last_name"|"sex"|"address"|"phone_number"|"profession"|"company"|"date_of_birth"
"ea0f4986-2d8a-49d7-9910-29f4986f0c51"|"Johnny"|"Velez"|"M"|"475 Parks Trace Suite 497"|"(589)924-9961"|"Film/video editor"|"Sullivan, Rodriguez and Rivera"|"1953-12-21"
"0be3216e-9ef2-4787-8339-459b70b7e2ee"|"Steven"|"Lee"|"M"|"426 Barry Shoal Suite 612"|"6259552675"|"Loss adjuster, chartered"|"White-Crane"|"2013-05-19"
"67c7258f-3581-4766-bb0c-a3e01680725f"|"Hector"|"Gates"|"M"|"274 Nicole Via"|"216-459-6989"|"Architect"|"Calhoun-Palmer"|"1923-04-04"
"50ec7e99-48bb-4af8-98a5-0e1f5ef9e471"|"Tyler"|"Rojas"|"M"|"330 Anderson Parkways"|"001-910-398-6234"|"Programmer, applications"|"Combs Ltd"|"1977-06-13"
"52a6c10a-1215-4779-bd01-52e1497fb312"|"Jordan"|"Torres"|"F"|"176 Haney Prairie Suite 518"|"396-787-7918x47824"|"Architectural technologist"|"Collins-Cooper"|"1920-12-24"
"9ee87038-f8e3-4e3a-8c66-3342f91956dc"|"Rebecca"|"Richardson"|"F"|"647 Hernandez Parkways Suite 200"|"(942)216-0234"|"Clinical research associate"|"Davis LLC"|"1998-02-04"
"ce82af5f-14b8-43be-af44-077b041f223f"|"Walter"|"Parker"|"M"|"632 Parks Trace Suite 497"|"(771)393-6318"|"Broadcast presenter"|"Hamilton Group"|"1958-03-13"
"e05ab3b5-7920-462e-b81c-27df417d9490"|"Laura"|"Shields"|"F"|"716 Lewis Trace"|"(694)727-2896"|"Bookseller"|"Burke PLC"|"1931-01-03"
"a424e0f7-4372-4143-888a-2264071b0e29"|"Daniel"|"Gillespie"|"M"|"787 Weaver Haven"|"(496)532-9375x161"|"Operational investment banker"|"Bell, Brooks and Middleton"|"1938-07-15"
"94ba7928-b52e-4eb5-9cf7-6a01424d06d1"|"Stephanie"|"Hooper"|"F"|"675 Garcia Road Suite 143"|"611-576-6650x1759"|"Retail manager"|"Adams PLC"|"2014-12-23"
"12c77bf5-234f-4477-8076-adebf93bf0c3"|"Diane"|"Casey"|"F"|"689 Padilla Estate Suite 556"|"001-481-670-7002x66992"|"Best boy"|"Williams and Sons"|"1989-06-12"
"b087983c-f5c4-4ae9-a5f3-90360dd94cc5"|"Daniel"|"Welch"|"M"|"293 Elizabeth Creek Apt. 423"|"+1-412-464-4927x163"|"Maintenance engineer"|"Stevens-Schneider"|"1993-09-16"
"a3b85515-7a1d-410a-b877-401798c4f6e0"|"Danielle"|"Shaffer"|"F"|"353 Cox Turnpike Apt. 083"|"421-589-1661x002"|"Pharmacist, community"|"Lee, Ryan and Scott"|"1937-05-12"
"7b662f02-3dc0-494c-b94e-758442de94c6"|"Christopher"|"Garcia"|"M"|"806 Matthew Keys"|"001-669-427-6896"|"IT sales professional"|"Alexander Ltd"|"1928-11-02"
"6e13a55c-31c0-48bd-bb1f-fabab9f0c3b4"|"Charles"|"Jones"|"M"|"144 Ward Parkway Apt. 076"|"(752)444-5192"|"Clothing/textile technologist"|"Reyes-Montgomery"|"1974-10-29"
"a9acbb9c-67f6-4313-9f2b-c4fc4bb65e42"|"Veronica"|"Weiss"|"F"|"982 Chandler Tunnel Suite 681"|"986-650-7819x930"|"Forest/woodland manager"|"Pacheco Ltd"|"1971-12-08"
"f80b94c5-4b42-41b3-9fe4-7c9d4cd0a99f"|"Michael"|"Mejia"|"M"|"950 Charles Mall Apt. 745"|"+1-786-730-7695x270"|"Forensic psychologist"|"Douglas, Cox and Hunt"|"2010-02-11"
"3bfa9253-d26c-413f-b004-8e8a8aecc6c7"|"Jesse"|"Willis"|"M"|"798 Jeffery Spur Suite 411"|"+1-225-773-3648x4479"|"Optician, dispensing"|"Evans Group"|"1944-10-16"
"8e6d676c-f486-404b-85d4-4b3dc9bcc406"|"Philip"|"Aguilar"|"M"|"254 Johnson Plains Suite 376"|"7106521726"|"Land"|"Mendoza, Santiago and Pearson"|"2002-03-12"
"7e3a8af7-b310-4ec2-aad2-43789a135212"|"Diana"|"Sanders"|"F"|"186 Shelton Run"|"709.785.6743x28724"|"Psychotherapist, child"|"Ramos, Miller and Rodriguez"|"1998-07-01"
"6ce7aebf-44ec-403e-b28a-b9aa551f8347"|"Casey"|"Snyder"|"M"|"269 Ward Parkway Apt. 076"|"265-887-4074x413"|"Dance movement psychotherapist"|"Scott, Peterson and Davila"|"1962-06-04"
"f5874c08-7dfa-4a2d-a213-942429a4c0a3"|"Felicia"|"Baxter"|"F"|"992 Quinn Divide"|"001-306-546-5729"|"Careers adviser"|"Ponce, Smith and Gutierrez"|"1956-04-28"
"49e1c189-2905-464a-b8e0-b039abccadff"|"Felicia"|"Henderson"|"F"|"23 Bailey Trail"|"001-931-483-5436x422"|"Journalist, magazine"|"Preston-Owens"|"1980-11-13"
"f565f627-cfe8-4c60-b8fc-3fbd4ddaa2a5"|"Peggy"|"Vargas"|"F"|"138 Rivers Squares"|"001-505-447-2309"|"Multimedia specialist"|"Harris-King"|"1967-08-12"
"1301a76c-fe56-433f-9114-3f49a2eb8123"|"William"|"Garrison"|"M"|"733 Bailey Trail"|"306-288-0672"|"Probation officer"|"Williams, Bailey and Brady"|"1925-01-12"
"e62fe365-4732-4f77-9807-428d7041a928"|"James"|"Osborne"|"M"|"944 Matthew Keys"|"965-843-7850x373"|"Scientific laboratory technician"|"Jackson, Campbell and Vaughn"|"1915-01-09"
"cea77dc2-65df-4498-b595-4fa0318a6150"|"Mark"|"Phillips"|"M"|"480 Christopher Ways"|"730-990-3440"|"Wellsite geologist"|"Walls Inc"|"2019-06-14"
"5170f2ef-0b27-4e6c-ae91-6205d098041f"|"Todd"|"Harris"|"M"|"177 Catherine Lock"|"(947)529-1771x831"|"Recruitment consultant"|"Sanders LLC"|"1952-12-11"
"c352dfe4-e6b4-43fc-a8ea-33cc12bdc7b1"|"Rachel"|"Jordan"|"F"|"909 Jones Courts Apt. 083"|"(222)509-3428"|"Accounting technician"|"Jones-Reeves"|"1971-07-08"
"336f916c-3e28-458f-936b-aba42f7d9f31"|"Cynthia"|"Clark"|"F"|"635 Aimee Circles"|"+1-810-576-8738x7434"|"Biomedical engineer"|"Hunt and Sons"|"2020-08-05"
"79e09b7c-8033-4f60-8ed3-c77ab903cb19"|"Ana"|"Conway"|"F"|"506 Ortiz Brooks"|"484.423.1934"|"Futures trader"|"Collins-Dunn"|"1934-12-12"
"34044ffe-bba0-4a98-b291-acfce38cdf27"|"Molly"|"Gonzalez"|"F"|"768 Arnold Cliffs"|"+1-300-357-4976"|"Dealer"|"Torres, Smith and Murphy"|"1944-09-25"
"6f8adc69-b67f-49ed-aa26-0e774afa3553"|"Tara"|"Little"|"F"|"99 Murphy Creek Suite 712"|"4175515835"|"Chief Marketing Officer"|"Taylor-Lindsey"|"2001-01-18"
"fc5c79db-163d-42d2-8af4-274a78f989b7"|"Elizabeth"|"Hanson"|"F"|"32 Kari Alley Suite 131"|"(931)546-6543x9936"|"Licensed conveyancer"|"Freeman, Jackson and Hernandez"|"1979-07-01"
"fe2c5aac-f749-4cdf-b91e-95c059200fc0"|"Shaun"|"Clark"|"M"|"234 Morales Gardens Suite 197"|"701-373-2616x880"|"Editor, magazine features"|"Torres-Jones"|"1993-03-20"
"5774476c-4a1b-49cc-bc2a-3b047d4555fe"|"William"|"Ruiz"|"M"|"106 Tiffany Gateway"|"8972613471"|"Education administrator"|"Thompson-Pearson"|"1914-02-23"
"212d26e5-d721-451d-b2de-1755a5e81c72"|"Brian"|"Roy"|"M"|"280 Catherine Lock"|"702-901-5987x26046"|"Historic buildings inspector/conservation officer"|"Drake, Maynard and Knight"|"1932-05-26"
"5e761346-f427-4854-b5c9-28c6817f6e81"|"Destiny"|"Blair"|"F"|"687 Weeks Meadow Suite 683"|"001-714-259-6926x2290"|"Engineer, manufacturing systems"|"Barron, Warner and Church"|"1925-08-09"
"6f44c8e2-9c51-4a2e-8473-4631af369a41"|"Charles"|"Mitchell"|"M"|"894 Evans Ports Suite 383"|"888-406-8191x1813"|"Animal technologist"|"Moore, Bell and Williams"|"1969-03-10"
"ba0bb0f9-598a-4bfe-9f88-d3a3e7e2b1ed"|"Jennifer"|"Ramirez"|"F"|"485 Mills Springs"|"7986960484"|"Trade mark attorney"|"Diaz, Reese and Mcdonald"|"1936-05-11"
"aec8a185-bd93-4192-bc8e-c437eb1770a9"|"James"|"Fleming"|"M"|"324 Johnson Throughway"|"836.645.3820"|"Dealer"|"Nelson-Bates"|"1934-11-10"
"76e65f24-9e1b-4fa0-8b38-7a067211d9fa"|"Patrick"|"Johnson"|"M"|"592 Jeffery Village"|"(837)733-7673"|"Sports therapist"|"Franklin-Hernandez"|"1947-12-19"
"ad3f5301-d90f-4a66-94aa-4b9bd0b585b2"|"Michael"|"Floyd"|"M"|"838 Monica Burgs Suite 695"|"001-674-881-5643x534"|"Theatre stage manager"|"Brown PLC"|"1950-01-20"
"6bfd3d8c-71ae-45b8-a419-891ee1007549"|"Derrick"|"May"|"M"|"397 Thornton Land Suite 697"|"936.211.7973x8523"|"Maintenance engineer"|"Ramirez-Charles"|"1915-11-15"
"0f244b8f-9117-45ba-b0b3-308a9a66a0d6"|"Donald"|"May"|"M"|"38 Alexis Freeway Apt. 358"|"(390)745-5154"|"Engineer, land"|"Long-Jacobs"|"2020-04-06"
"acede462-2ded-4328-bf34-26d71af9c461"|"Cindy"|"Russell"|"F"|"320 Lewis Trace"|"602-957-2101"|"Surgeon"|"Harvey and Sons"|"1946-04-12"
"8624a2a5-2978-495b-b3c0-47b86ac076d3"|"Wendy"|"Osborne"|"F"|"164 Lee Burgs"|"384.903.7268"|"Geographical information systems officer"|"Jackson and Sons"|"2006-05-15"
"59c066a6-73b1-4631-9963-84963666c3bc"|"Kevin"|"Solomon"|"M"|"709 Wyatt Pike Suite 863"|"387-488-4790"|"Bonds trader"|"Montes-Henderson"|"1928-11-03"
"dff57c5c-d52d-4e12-8643-d34a37dfea0d"|"David"|"Aguilar"|"M"|"552 Nicole Via"|"730.294.3383x5707"|"Broadcast presenter"|"Munoz, Graves and Larson"|"2005-12-14"
"af0d67d7-590c-4799-9938-721189ff974d"|"Philip"|"Jones"|"M"|"76 Michelle Isle Apt. 431"|"4177974755"|"Quantity surveyor"|"Roberts, Peters and Larson"|"2015-08-31"
"47ffe163-b532-4b51-906b-c9955cc83690"|"Karen"|"Jordan"|"F"|"607 Tyler Knoll Apt. 752"|"(545)914-3860x7937"|"Wellsite geologist"|"Cruz-Henderson"|"1940-07-30"
"fe09864e-6a11-4e97-a2db-c21f345561e2"|"Taylor"|"Johnston"|"F"|"802 Lewis Trace"|"(555)682-1575x441"|"Musician"|"Ward Inc"|"1964-07-25"
"70927cf7-9c19-4c92-b55a-627b159e1987"|"Heather"|"Green"|"F"|"840 Thornton Land Suite 697"|"797-969-5389"|"Musician"|"Reese Ltd"|"1926-10-30"
"d3726682-f7e8-4df7-a577-af72bb39210c"|"Tyler"|"Bennett"|"M"|"728 Lee Burgs"|"788-247-6213"|"Agricultural engineer"|"Walsh, Jenkins and White"|"2014-09-14"
"9c8d3261-379e-4672-a89a-471653a414e6"|"Charles"|"Jackson"|"M"|"901 Andrew Street Apt. 107"|"001-682-882-9546"|"Industrial buyer"|"Henry Group"|"1939-05-07"
"a5ad32ec-aaf7-4c93-9b86-b1665833823d"|"Brian"|"Fernandez"|"M"|"550 Shepard Bridge"|"001-281-790-3846x69553"|"Associate Professor"|"Gilbert, Monroe and Stanley"|"2024-02-23"
"8481cae4-35eb-40d7-95ae-9c1aba0ec0a1"|"Allen"|"Willis"|"F"|"110 Elizabeth Creek Apt. 423"|"948.541.3117"|"Therapist, nutritional"|"Salazar-Cole"|"2014-07-21"
"2bb21aef-e648-46c6-a24d-2fc57e723092"|"Chris"|"Solomon"|"M"|"79 Nathan Views"|"+1-796-609-9466x63366"|"Surveyor, commercial/residential"|"Griffin-Rivera"|"1923-11-23"
"9ebdae02-5680-4701-985d-9af7891de2b3"|"Nicholas"|"Ryan"|"M"|"833 Ward Parkway Apt. 076"|"956-694-4010x00959"|"Immunologist"|"Mueller, Espinoza and Dawson"|"1943-07-28"
"73edc01a-dc98-4a10-814d-9d079e4b08de"|"Deborah"|"Davis"|"F"|"483 Thomas Ford"|"+1-343-334-5376x7391"|"Air broker"|"Combs, Lee and Miller"|"1969-09-17"
"f6a71776-b9d7-4f03-9ca2-3bb82ee26751"|"Joseph"|"Clark"|"M"|"211 Ashley Landing"|"(749)982-6371"|"Forest/woodland manager"|"Nielsen, Powell and Norman"|"1958-12-20"
"d1975bba-416c-4ef3-80ce-041542d738c0"|"Angel"|"Miller"|"M"|"932 Cox Turnpike Apt. 083"|"497.561.8897"|"Visual merchandiser"|"Baxter Ltd"|"1946-06-16"
"d602e4ab-c41d-4aed-8893-107086509b39"|"Brian"|"Howard"|"M"|"265 Garcia Road Suite 143"|"+1-835-326-8334x87548"|"Associate Professor"|"Simmons PLC"|"2010-06-14"
"1836d5c7-8251-4435-a415-70aad0e30347"|"Andrew"|"Brown"|"M"|"938 Andrew Street Apt. 107"|"(303)929-2707x97449"|"Solicitor"|"Guzman, Montgomery and Malone"|"1953-09-21"
"a322af29-0703-44ac-8f07-ba841488c6d3"|"Charles"|"Moore"|"M"|"897 Tiffany Gateway"|"301.761.5933x81886"|"Oceanographer"|"Zuniga and Sons"|"2006-01-23"
"02c3558c-c861-4d54-b931-0b5069dc555e"|"Stephanie"|"Davis"|"F"|"835 Christopher Tunnel"|"001-679-223-0672x235"|"Education officer, community"|"Williams, Nelson and Hampton"|"1952-07-02"
"6272012b-8be3-43cf-acf7-a1e42b580499"|"Dana"|"Davis"|"F"|"204 Jones Cliffs Suite 657"|"(216)258-3733x41409"|"Marine scientist"|"Davis, Allen and Leonard"|"1940-06-07"
"8162961d-87b2-4f51-a59c-fd7a6004cdbb"|"William"|"Li"|"M"|"903 Jeffery Isle"|"422.909.8482"|"Police officer"|"Jenkins, Rose and Turner"|"1920-09-28"
"593265d5-4354-45a0-8daf-996f697e47d5"|"David"|"Shields"|"M"|"210 Thornton Land Suite 697"|"4472123729"|"Visual merchandiser"|"Palmer-Bridges"|"1915-12-17"
"5b45a475-2699-406a-ac15-350d7db8e30e"|"Timothy"|"Floyd"|"M"|"623 Martin Field"|"7493957564"|"Teacher, special educational needs"|"Williams, Hernandez and Terry"|"1989-11-23"
"490c6bec-edcd-415c-b007-ed15cb7aa891"|"Jason"|"Davis"|"M"|"827 Newton Wall"|"(822)964-7825"|"Therapist, speech and language"|"Mueller LLC"|"1947-09-30"
"3a37a8c3-20f7-4a45-9460-87575c3b033b"|"Melissa"|"Lynch"|"F"|"508 Jeffery Village"|"(284)845-7776"|"Editorial assistant"|"Espinoza Ltd"|"1929-01-15"
"c04197f0-954e-4eba-816d-42dd2fb5dc4a"|"Jennifer"|"Harding"|"F"|"37 Tiffany Gateway"|"001-407-899-1621x277"|"Engineer, production"|"Williams-Rodriguez"|"1964-10-02"
"b62e0182-7a7c-4d2b-9781-51a1ba39af12"|"Nicholas"|"Spence"|"M"|"161 Thomas Coves Suite 736"|"001-212-904-7862x555"|"Customer service manager"|"Rose, Wallace and Martinez"|"1959-12-28"
"7069993d-1074-4d34-aafd-eb602e6f5451"|"John"|"Smith"|"M"|"719 Oneal Underpass"|"001-216-457-9801"|"Engineer, automotive"|"Franco Inc"|"1960-03-23"
"689deb25-d03c-4989-a236-1f84c38568a9"|"Justin"|"Mckee"|"M"|"883 Nelson Estate"|"(809)473-0298x34010"|"International aid/development worker"|"Chapman-Grant"|"2008-12-05"
"96a37b46-8388-4a16-824f-104f0a47a7dd"|"Tonya"|"Johnston"|"F"|"86 Christopher Ways"|"998.782.9722"|"Computer games developer"|"Pena, Avila and Brown"|"1909-12-14"
"0d8f4ded-24cf-404d-b666-ae28855491d5"|"Tami"|"Marquez"|"F"|"929 Murphy Creek Suite 712"|"631-405-4179x9012"|"General practice doctor"|"Johnson and Sons"|"2003-05-04"
"acd9a151-78c7-4884-8aab-70b40e03061b"|"Brandon"|"Lynch"|"M"|"574 Amanda Curve"|"001-564-624-7560x881"|"Call centre manager"|"Rivera, Smith and Murphy"|"1997-01-22"
"a5d3cc7a-6c66-410f-ae0a-5729babf755a"|"Rachel"|"Smith"|"F"|"278 Ortiz Brooks"|"403-616-9925x57729"|"Waste management officer"|"Mckenzie Ltd"|"1923-09-05"
"885a4d79-c844-4c43-ab92-3bd1d1af5587"|"Paula"|"Gomez"|"F"|"181 Moore Crossroad Apt. 549"|"(671)537-1011"|"Research scientist (life sciences)"|"Chen and Sons"|"2014-07-18"
"f0c25388-46f8-4ff4-aa96-750c6627f5e1"|"Joseph"|"Taylor"|"M"|"469 Colleen Mount"|"(552)711-0427x961"|"Museum/gallery curator"|"Roy, Combs and Nash"|"1971-11-15"
"dd994672-fe47-403c-bb5b-bbf4822a8b44"|"Jonathan"|"Mills"|"M"|"785 Cox Turnpike Apt. 083"|"(792)611-5673x97201"|"Passenger transport manager"|"Burke, Whitney and Bean"|"2020-11-16"
"ad4f5e45-309a-4ae0-af26-42f5aab208ae"|"Joan"|"Morgan"|"F"|"483 Jackson Harbors Suite 257"|"+1-356-914-6432x53612"|"Sound technician, broadcasting/film/video"|"Torres-Martin"|"2012-09-15"
"1631bf8d-0232-418e-aa14-93dbe2157ebf"|"James"|"Garcia"|"M"|"77 Jackson Harbors Suite 257"|"+1-471-992-2332x3034"|"Scientist, forensic"|"Woods Inc"|"1935-09-29"
"ef7e634f-f2fc-41d7-8513-b3dc41efa207"|"Williams"|"Buchanan"|"F"|"950 Vincent Mountain Apt. 316"|"(750)698-9778"|"Radiographer, diagnostic"|"Wells, Moran and Evans"|"1970-03-20"
"6203d6cf-f6c1-46b4-b97c-117f725c98cb"|"Susan"|"May"|"F"|"399 Anderson Port"|"+1-816-686-1737"|"Editor, commissioning"|"Roth, Riddle and Black"|"2018-11-08"
"68b3dd42-22d1-4012-86b7-7e237ff531ef"|"Samantha"|"Wilson"|"F"|"155 Collins Skyway"|"676.662.9542x912"|"Ergonomist"|"Austin-Nguyen"|"1938-11-21"
"c9a20d6b-6a6b-4543-adb1-5539b44194dd"|"Michael"|"Ray"|"M"|"641 Jessica Mountains Suite 248"|"(686)834-7449"|"Statistician"|"Obrien, Butler and Reeves"|"1959-06-27"
"e0e94f86-8048-4dca-8fb9-a3fb76cc605c"|"Chad"|"Roberts"|"M"|"461 Catherine Cove"|"+1-809-403-7412x0087"|"Visual merchandiser"|"Phillips-Cannon"|"1962-12-23"
"fff616b7-a86b-4041-b4b7-fc7d0417abfa"|"Antonio"|"Morris"|"M"|"532 Douglas Springs"|"(524)341-1372"|"Accounting technician"|"Gonzalez, Li and Chapman"|"1999-02-20"
"f7adb50a-ab7f-438f-84a2-2ad327ab1383"|"Michelle"|"Richardson"|"F"|"521 May Rest Suite 582"|"+1-860-270-1253x126"|"General practice doctor"|"Martinez LLC"|"1996-11-10"
"6a15007c-04ac-4a9f-9a9b-178a02ef06be"|"Rose"|"Crane"|"F"|"14 Jeffrey Run"|"(259)558-2035"|"Chemist, analytical"|"Hunter, Jackson and Hatfield"|"1960-07-12"
"0b1532f5-44bb-4353-a6fd-5660bd7ad6d9"|"Todd"|"Gallagher"|"M"|"918 May Rest Suite 582"|"833.244.9199"|"Set designer"|"Murray-Hicks"|"1986-08-04"
"fe8d31fc-5086-48c4-af42-54a795b89609"|"Todd"|"Browning"|"M"|"747 David Course Apt. 455"|"001-553-774-3412x71902"|"Horticulturist, commercial"|"Reyes PLC"|"1956-06-14"
"fc94093d-f2b6-447b-a0bb-5815f3a7b40d"|"Linda"|"Roy"|"F"|"748 Jeffery Isle"|"(237)778-8383"|"Applications developer"|"Garrison, Evans and Buck"|"1998-05-08"
"90be4fec-6586-42e3-8e56-fa20232a64fe"|"Nicholas"|"Patrick"|"M"|"18 Michael Circles Suite 720"|"9909079849"|"Ergonomist"|"Potter, Brock and Pierce"|"1926-12-11"
"0fe63e8c-ade7-4105-8247-4a6d56c29a0d"|"Samantha"|"Johnson"|"F"|"744 Lewis Trace"|"001-500-846-4021"|"Phytotherapist"|"Howell, Gonzalez and Warren"|"1913-02-17"
"e87bfce2-74b6-4be0-b256-06fcabd5e296"|"Crystal"|"Cochran"|"F"|"603 Elizabeth Creek Apt. 423"|"+1-719-537-9489x99392"|"Musician"|"Stevenson-Williams"|"1919-10-21"
"286e392b-e119-4bc7-9aae-a315e55a1467"|"Stacy"|"Norman"|"F"|"921 Yates Harbor Suite 905"|"305.412.0472x1846"|"Applications developer"|"Hernandez Inc"|"1941-05-09"
"40e3e523-58d3-44ac-888a-63b013e4eecc"|"Brandi"|"Sanders"|"F"|"30 Donald Village Apt. 289"|"907-739-6772"|"Diplomatic Services operational officer"|"Barnes Ltd"|"2023-06-26"
"976e7c50-cf63-43be-825f-74b1ed7a18ac"|"Amanda"|"Zhang"|"F"|"284 Ward Parkway Apt. 076"|"(257)921-1660"|"Careers information officer"|"Boyd, Gay and Rhodes"|"1947-05-11"
"99887aa3-5bbc-4fad-8632-6311f7d0acbb"|"Joe"|"Shields"|"M"|"641 Tiffany Gateway"|"001-789-480-6317"|"Exhibitions officer, museum/gallery"|"Weiss Group"|"1945-07-14"
"88bee4bc-d69e-40f5-9188-8cd64e33cbb8"|"Aimee"|"Allen"|"F"|"247 Porter Overpass"|"8915158766"|"Company secretary"|"Beard and Sons"|"1953-12-12"
"08717174-dc86-409b-b6af-8ba8aa512eff"|"Jordan"|"Barnes"|"M"|"301 Catherine Cove"|"001-686-338-6879x7422"|"Retail merchandiser"|"Robinson, Ellison and Hughes"|"2013-12-24"
"cc0fb551-6821-4486-822d-39baace7e197"|"Denise"|"Freeman"|"F"|"506 May Rest Suite 582"|"5532257823"|"Event organiser"|"Holloway, Le and Jones"|"2018-10-05"
"4638b88a-5324-426d-ac2b-beac8cc46abc"|"Andrew"|"Barber"|"M"|"684 David Course Apt. 455"|"788-505-1246"|"Product/process development scientist"|"Tran-Evans"|"2000-04-20"
"9e80fe90-cb7c-49ac-95a7-7596012cc50f"|"Michelle"|"Gray"|"F"|"107 Douglas Springs"|"497.885.4438x561"|"Police Officer"|"TTPD"|"1969-08-30"
"4c925dc8-b718-468c-89be-81d39e1bcd07"|"Tommy"|"Goodwin"|"M"|"268 Alexandra Bridge Suite 474"|"5554091497"|"Sub"|"Scott-Hendrix"|"1931-10-10"
"5d89f398-3aba-408f-ba4d-5a8eb7058efa"|"Joshua"|"Goodwin"|"M"|"127 Cooley Dam Apt. 601"|"001-670-608-8268x3939"|"Engineer, materials"|"Banks-Galloway"|"1931-01-28"
"2edaac78-062c-49da-86a7-b6d2c9e4a18c"|"Gregory"|"Rice"|"M"|"449 Brian Course"|"(535)589-7359x293"|"Biomedical engineer"|"Carpenter-Wall"|"1955-12-23"
"80a611fe-7143-42e6-803a-14175b36354f"|"Christine"|"Crane"|"F"|"656 Welch Walk"|"+1-882-365-1033"|"Insurance broker"|"Brown Group"|"1983-02-08"
"5068a04e-4f5f-4f7e-9622-9478f50ada26"|"Michael"|"Orozco"|"M"|"931 Matthew Valleys Suite 832"|"403-440-3202x8832"|"Investment banker, corporate"|"Miller, Camacho and Mitchell"|"2005-01-01"
"cdc3742c-d9df-4540-9e17-29b9974953d7"|"Stephanie"|"Ray"|"F"|"790 Nathan Views"|"664.952.2093"|"Designer, exhibition/display"|"Oliver and Sons"|"1910-05-20"
"0fe0453b-850c-4ed2-9754-2014a4784239"|"Ryan"|"Parker"|"M"|"359 Troy Centers"|"331.508.3996x143"|"Surveyor, hydrographic"|"Price-Simpson"|"1918-05-05"
"7e4efa4e-3c0b-47b7-926b-062c8c2d51b3"|"Troy"|"Hooper"|"M"|"954 Douglas Springs"|"+1-776-501-7086x5035"|"Multimedia specialist"|"Curtis-Mccarty"|"1983-10-28"
"afced60d-a34d-4fb8-a1dc-d2bfe2bccbfd"|"Elizabeth"|"Bryant"|"F"|"79 Charles Mall Apt. 745"|"+1-285-581-5233"|"Commissioning editor"|"Daniels LLC"|"1924-12-11"
"73c99771-5931-4018-a00f-6eec59aabdd0"|"Christine"|"Craig"|"F"|"684 Douglas Springs"|"6874710567"|"Editor, commissioning"|"Price, Knapp and Bonilla"|"1983-07-17"
"d1dbc5ec-e230-4a8c-8a35-5d3959806f5a"|"Benjamin"|"Ramirez"|"M"|"497 Davis Landing"|"342-780-7798"|"Arts administrator"|"Gray, Hill and Smith"|"1909-05-03"
"7d5e3f1f-76dd-4a2c-942d-0b66c237e71b"|"Gregory"|"Jackson"|"M"|"220 Randolph Way Suite 427"|"849-633-7098"|"Fitness centre manager"|"Taylor-Wilson"|"2005-09-28"
"1b1fde24-b53c-41a6-bb57-bdb5b1af7f31"|"Samantha"|"Berry"|"F"|"469 Christopher Tunnel"|"(434)822-5476x20879"|"Accountant, chartered management"|"Barnes-Hobbs"|"1978-01-24"
"fe150f1c-dd1c-469a-89e9-7a0114306732"|"Alexis"|"Weaver"|"F"|"458 Hernandez Parkways Suite 200"|"(491)958-3055x1440"|"Therapist, sports"|"Williams-Martinez"|"2000-04-24"
"6afa8162-7ec4-4525-8772-e188a60409a5"|"Adam"|"Foster"|"M"|"209 Garcia Road Suite 143"|"3944663164"|"Designer, interior/spatial"|"Rodriguez-Murphy"|"2006-06-19"
"7dba7657-2b82-410e-89de-5a7e9b35e07d"|"Angel"|"Rivera"|"M"|"486 Gray Walks Apt. 075"|"(890)262-6667x9835"|"Broadcast journalist"|"Santana, Ingram and Huang"|"1920-11-06"
"d5efd4aa-daa8-4513-b964-f82f2e77e1a5"|"Christopher"|"Cervantes"|"M"|"29 David Course Apt. 455"|"8407534048"|"Optometrist"|"Landry-Calderon"|"2021-08-28"
"b26113fe-ea08-4170-9282-2e0da1616026"|"Robin"|"Williams"|"F"|"742 Scott Valleys Suite 598"|"(515)286-9652"|"Patent examiner"|"Haynes, Martin and Walker"|"1977-02-23"
"458dc2ae-3eb3-4541-ba89-3ff23ebd1ab3"|"James"|"Wilson"|"M"|"32 Bruce View Suite 976"|"286-635-5838"|"Programme researcher, broadcasting/film/video"|"Klein-Williams"|"1983-11-14"
"1e36587e-6cd1-47d2-815d-7efb49d4a396"|"Donald"|"Jackson"|"M"|"728 Scott Valleys Suite 598"|"001-416-932-6337x93414"|"Community development worker"|"Edwards, Webb and Walker"|"1977-05-20"
"326d2b6e-d73a-4697-8d4e-7d2612c0acbd"|"Nicole"|"Morgan"|"F"|"552 Jackson Harbors Suite 257"|"611.309.3932x19652"|"Legal executive"|"Jackson LLC"|"2003-08-05"
"d3b1c2d2-072b-4dec-803f-9b1f736ba357"|"Kaitlyn"|"Watkins"|"F"|"838 David Course Apt. 455"|"741.275.8225"|"Administrator, education"|"Russell, Powell and Gilbert"|"2023-07-19"
"83737b71-b822-4021-bbe1-ef6aa9e7a9a9"|"Laura"|"Barajas"|"F"|"758 Luna Loop"|"425-844-7803"|"Psychologist, clinical"|"Dyer Inc"|"1974-03-18"
"0e1f5d48-2bb1-45fb-9b46-01a907d6f546"|"Kenneth"|"Gardner"|"M"|"618 Garcia Road Suite 143"|"382-663-3984"|"Police Officer"|"TTPD"|"1923-02-10"
"49c889a1-61ce-4524-8c36-64f9c6438608"|"Ashley"|"Taylor"|"F"|"100 Jeffery Isle"|"+1-527-383-6411x845"|"Herbalist"|"Owens-Tapia"|"1998-08-15"
"e64a0b7b-6fb2-49ca-8612-d43224c5942f"|"Bruce"|"King"|"M"|"83 Matthew Valleys Suite 832"|"+1-336-982-3965"|"Advertising account executive"|"Jackson-Ortega"|"1956-12-24"
"3deb6a88-566f-4b6e-9288-bb8fe4e33957"|"Emily"|"Barnes"|"F"|"388 Mills Springs"|"+1-397-545-5953x381"|"Barrister"|"Day-Boyer"|"2021-08-03"
"2ef835cc-1bbe-4357-8e66-6237ed30ffaf"|"Lisa"|"Lee"|"F"|"789 Welch Walk"|"+1-769-902-9447x89358"|"Radio producer"|"Jackson-Williams"|"1925-05-04"
"b1800a72-add9-4580-abde-71c278ac8da9"|"Michelle"|"Norman"|"F"|"653 Parks Trace Suite 497"|"771.774.9340x1283"|"Occupational hygienist"|"Raymond, Neal and Kelley"|"1943-10-04"