<?xml version="1.0" encoding="UTF-8" ?><automobiles><automobile><person_id>fe1ea23e-9ca4-4d38-81c0-d5c31b46fd6b</person_id><license_plate>328 WYH</license_plate><vin>Y0Y521W236K098X42</vin><color>Coral</color><year>2016</year></automobile><automobile><person_id>381f1b5a-1aa1-4a6b-bd46-ec4eef5eb93c</person_id><license_plate>042-WEN</license_plate><vin>946G5N2F6XA60V73W</vin><color>PaleVioletRed</color><year>1988</year></automobile><automobile><person_id>381f1b5a-1aa1-4a6b-bd46-ec4eef5eb93c</person_id><license_plate>487 1762</license_plate><vin>E645PPRM82XC5BXS4</vin><color>MediumPurple</color><year>1997</year></automobile><automobile><person_id>684eba9e-284b-4570-9eda-576a6ee6d445</person_id><license_plate>JTO6377</license_plate><vin>REUYM8LN1HZSYJJ2D</vin><color>Chocolate</color><year>2019</year></automobile><automobile><person_id>684eba9e-284b-4570-9eda-576a6ee6d445</person_id><license_plate>RZY-828</license_plate><vin>B89797295JRACNGAS</vin><color>PeachPuff</color><year>1970</year></automobile><automobile><person_id>70f3b077-61f7-4ad4-9d43-9451c172f9a8</person_id><license_plate>426SMF</license_plate><vin>6HMP7XKY9K6S50A9F</vin><color>MediumPurple</color><year>1997</year></automobile><automobile><person_id>70f3b077-61f7-4ad4-9d43-9451c172f9a8</person_id><license_plate>898-URSV</license_plate><vin>EMDP8DP6779UT38AK</vin><color>Chocolate</color><year>1977</year></automobile><automobile><person_id>555402fd-dc38-4004-8455-c324b929d6e4</person_id><license_plate>187 HBQ</license_plate><vin>ZX9XJETX6N4ZKKYMW</vin><color>Azure</color><year>1976</year></automobile><automobile><person_id>cdf11b8d-bcb7-4b7b-a24c-f209a07bd956</person_id><license_plate>97H 3430</license_plate><vin>NMA0KD26802U491W6</vin><color>Thistle</color><year>2004</year></automobile><automobile><person_id>cdf11b8d-bcb7-4b7b-a24c-f209a07bd956</person_id><license_plate>4R K4567</license_plate><vin>3NJG1WP49TXUR1X4D</vin><color>LightGoldenRodYellow</color><year>1992</year></automobile><automobile><person_id>cdf11b8d-bcb7-4b7b-a24c-f209a07bd956</person_id><license_plate>30D Y25</license_plate><vin>JBDG0TTF4FPC5HANJ</vin><color>Ivory</color><year>1983</year></automobile><automobile><person_id>407e08c6-7059-4252-aa5c-2af76ec8c49f</person_id><license_plate>94-SX48</license_plate><vin>SBNJY1HS96HSXEDB2</vin><color>BlueViolet</color><year>1997</year></automobile><automobile><person_id>407e08c6-7059-4252-aa5c-2af76ec8c49f</person_id><license_plate>553-AMJH</license_plate><vin>04L7NAU35BG5LV553</vin><color>GhostWhite</color><year>1990</year></automobile><automobile><person_id>34c415b4-3244-401b-8d03-fb2414b9e8a8</person_id><license_plate>MP1 1032</license_plate><vin>J9DPNTUY2TTJXJ07G</vin><color>DarkGoldenRod</color><year>1980</year></automobile><automobile><person_id>34c415b4-3244-401b-8d03-fb2414b9e8a8</person_id><license_plate>699-BOI</license_plate><vin>H9C8TFHUXRZHRFH0D</vin><color>Navy</color><year>2012</year></automobile><automobile><person_id>180a688d-b616-41c5-a338-3ccb19167bcc</person_id><license_plate>0E P8636</license_plate><vin>4G5T607D2WM0S4G16</vin><color>SandyBrown</color><year>2006</year></automobile><automobile><person_id>180a688d-b616-41c5-a338-3ccb19167bcc</person_id><license_plate>413-KHX</license_plate><vin>H4SCANFB55Z226TCK</vin><color>Purple</color><year>1978</year></automobile><automobile><person_id>508a60d9-5781-4d6a-9a21-c27e4ab0f155</person_id><license_plate>4-01832L</license_plate><vin>MLRXV4ZA075C5CEYG</vin><color>DarkKhaki</color><year>1982</year></automobile><automobile><person_id>58162e8a-457e-4dfc-9606-009464955531</person_id><license_plate>MDB 789</license_plate><vin>WR06LJY17HXB26PRS</vin><color>MediumOrchid</color><year>2022</year></automobile><automobile><person_id>3be9cd2c-ced2-4bf5-bb6d-03197b935de2</person_id><license_plate>7KM 336</license_plate><vin>DWKNH0DW6YMFRURKT</vin><color>LightGray</color><year>1998</year></automobile><automobile><person_id>3be9cd2c-ced2-4bf5-bb6d-03197b935de2</person_id><license_plate>12-W281</license_plate><vin>KSDE6Z3P0V1HC175B</vin><color>Lime</color><year>1970</year></automobile><automobile><person_id>3be9cd2c-ced2-4bf5-bb6d-03197b935de2</person_id><license_plate>0-50629E</license_plate><vin>DXE4506K2F69AY0PH</vin><color>Navy</color><year>1993</year></automobile><automobile><person_id>6b01e6b0-6e6d-494d-bf4e-ea2ec9d2bbc9</person_id><license_plate>07V•487</license_plate><vin>4BMXZ9G674PN5L0UN</vin><color>Silver</color><year>2008</year></automobile><automobile><person_id>6b01e6b0-6e6d-494d-bf4e-ea2ec9d2bbc9</person_id><license_plate>ZXB 484</license_plate><vin>MMWJ47FN2TFPH72VW</vin><color>Chartreuse</color><year>1993</year></automobile><automobile><person_id>4702dda1-6963-452f-8c6a-b2258374a4ee</person_id><license_plate>131-TJD</license_plate><vin>WRY48SVK9YKUTCFHH</vin><color>MediumPurple</color><year>1975</year></automobile><automobile><person_id>4702dda1-6963-452f-8c6a-b2258374a4ee</person_id><license_plate>98-9818X</license_plate><vin>GJP2ETJ87DRGXBT45</vin><color>DarkOrchid</color><year>2018</year></automobile><automobile><person_id>4702dda1-6963-452f-8c6a-b2258374a4ee</person_id><license_plate>560 FHU</license_plate><vin>M4E3VRUX83Z22NRAZ</vin><color>PaleGreen</color><year>2014</year></automobile><automobile><person_id>db3bef89-8971-423d-b04c-e52ca69a88cc</person_id><license_plate>424 VXF</license_plate><vin>NLWCJK2U0CVUJ97YN</vin><color>Blue</color><year>2005</year></automobile><automobile><person_id>db3bef89-8971-423d-b04c-e52ca69a88cc</person_id><license_plate>ZTJ 954</license_plate><vin>D4T92A0Z49NBF1EAE</vin><color>Magenta</color><year>1975</year></automobile><automobile><person_id>4e273eb0-843a-4314-999d-00f2fbfa32a0</person_id><license_plate>Q 392301</license_plate><vin>KCGFB0XV5VFT73TWM</vin><color>Plum</color><year>1973</year></automobile><automobile><person_id>f1e2d8aa-9a58-49d0-aaa3-8be868aba3af</person_id><license_plate>569 5PQ</license_plate><vin>CHPY6Z8X48TE89TLV</vin><color>White</color><year>2010</year></automobile><automobile><person_id>cea32a56-34d6-4ed0-9912-b77ba72ce980</person_id><license_plate>54Q E40</license_plate><vin>JH6HYBWL04NKAXHF3</vin><color>Wheat</color><year>1984</year></automobile><automobile><person_id>983764c6-e08b-4c12-96c5-4f425efbd980</person_id><license_plate>312P</license_plate><vin>XLYXP6LA7AMCCZCX6</vin><color>Lavender</color><year>1977</year></automobile><automobile><person_id>983764c6-e08b-4c12-96c5-4f425efbd980</person_id><license_plate>2VII930</license_plate><vin>5BBCJT2G6F1CU8UBE</vin><color>BurlyWood</color><year>1970</year></automobile><automobile><person_id>9188b2fd-234d-49a6-8020-5e7fbdbd9373</person_id><license_plate>7Q 0I3IFZ</license_plate><vin>35YZ9PFL3ABV3NXJP</vin><color>MediumAquaMarine</color><year>1977</year></automobile><automobile><person_id>9188b2fd-234d-49a6-8020-5e7fbdbd9373</person_id><license_plate>5Y557</license_plate><vin>2C6Z7T2X8W95HHALF</vin><color>Red</color><year>1993</year></automobile><automobile><person_id>000d309f-64e6-4a38-9ce6-f3fb2ab7dbe8</person_id><license_plate>NLP 217</license_plate><vin>D5ZCPVR3797D2JM14</vin><color>Gray</color><year>1982</year></automobile><automobile><person_id>76cd5035-244d-4df7-bbda-65527e208cb9</person_id><license_plate>346 TXH</license_plate><vin>D0G1TNJR3CMC9NFZ1</vin><color>Teal</color><year>1998</year></automobile><automobile><person_id>76cd5035-244d-4df7-bbda-65527e208cb9</person_id><license_plate>68-87654</license_plate><vin>SMKAR22T137C70Z8N</vin><color>MediumVioletRed</color><year>1995</year></automobile><automobile><person_id>76cd5035-244d-4df7-bbda-65527e208cb9</person_id><license_plate>099-PND</license_plate><vin>GAZV30Z26L9XNETF5</vin><color>NavajoWhite</color><year>2000</year></automobile><automobile><person_id>655c7d98-33bb-4578-bfa2-8005c0fee04c</person_id><license_plate>178Q</license_plate><vin>NH4RN5JR9CJ3D8BM3</vin><color>DarkGreen</color><year>1999</year></automobile><automobile><person_id>655c7d98-33bb-4578-bfa2-8005c0fee04c</person_id><license_plate>639-831</license_plate><vin>B640X7EU4JUDXTS5B</vin><color>Lavender</color><year>2003</year></automobile><automobile><person_id>655c7d98-33bb-4578-bfa2-8005c0fee04c</person_id><license_plate>3-39125U</license_plate><vin>ANMTGRBV9RUHS71J1</vin><color>LightSlateGray</color><year>2002</year></automobile><automobile><person_id>fccb9a75-26e8-4ab9-8d3e-1b9563ced682</person_id><license_plate>FQH 024</license_plate><vin>DJZVRGAC1URF2DPZD</vin><color>White</color><year>1970</year></automobile><automobile><person_id>bb1c5513-08bf-4c0d-a54e-870f2b2c3f0f</person_id><license_plate>ECH-761</license_plate><vin>9KNVR8GE0MWYF5C9F</vin><color>MediumTurquoise</color><year>1978</year></automobile><automobile><person_id>69bc41a2-bd49-425f-a743-5de28a5a9a4c</person_id><license_plate>150 OMO</license_plate><vin>JT900XA37FBNS5R23</vin><color>LightGoldenRodYellow</color><year>1989</year></automobile><automobile><person_id>96a0e301-2fdf-4cc7-8a7c-4ff1bc51b272</person_id><license_plate>U54 4HI</license_plate><vin>G1L0PS075KTALWM1W</vin><color>Brown</color><year>2007</year></automobile><automobile><person_id>d586585d-02ab-405d-880a-9e43c094df10</person_id><license_plate>FGG-230</license_plate><vin>3TPG80RJ649BH7XZB</vin><color>Snow</color><year>1986</year></automobile><automobile><person_id>d586585d-02ab-405d-880a-9e43c094df10</person_id><license_plate>BER7169</license_plate><vin>CRCJAJH82UALHSTFE</vin><color>MidnightBlue</color><year>2003</year></automobile><automobile><person_id>d586585d-02ab-405d-880a-9e43c094df10</person_id><license_plate>SQA-780</license_plate><vin>9B1GW90K4NS3MXSH9</vin><color>DarkOrange</color><year>1993</year></automobile><automobile><person_id>f1e837b5-dab6-415c-9d00-bd8e12de8a75</person_id><license_plate>40-6331X</license_plate><vin>JTG1Y7M6X6A47HMET</vin><color>PapayaWhip</color><year>1996</year></automobile><automobile><person_id>3d425984-4c26-4c20-96ad-fae0aa3eb6da</person_id><license_plate>SV0 M5T</license_plate><vin>MTMG8DUY6NVZ7LS6S</vin><color>HoneyDew</color><year>1987</year></automobile><automobile><person_id>3d425984-4c26-4c20-96ad-fae0aa3eb6da</person_id><license_plate>7548 KR</license_plate><vin>WGR2F0M57CGTU1TXY</vin><color>LightGreen</color><year>1997</year></automobile><automobile><person_id>6e5a47af-5040-4537-8850-6bb1b28564cd</person_id><license_plate>731A</license_plate><vin>8305SY279B9HGE47Y</vin><color>MediumSeaGreen</color><year>1970</year></automobile><automobile><person_id>136ab6b1-9ec9-4b2e-ac8a-25f8d6ebe6a3</person_id><license_plate>107 7CG</license_plate><vin>3M72FHZFX6EUJJCKG</vin><color>LightSteelBlue</color><year>1998</year></automobile><automobile><person_id>136ab6b1-9ec9-4b2e-ac8a-25f8d6ebe6a3</person_id><license_plate>71B 301</license_plate><vin>KT6ZX3LK4B1SDRH3X</vin><color>DarkGreen</color><year>2015</year></automobile><automobile><person_id>2c3640cf-73de-461e-939c-7a60b036d857</person_id><license_plate>XCY 307</license_plate><vin>SJ75YNUG3TCFDLTX4</vin><color>DarkSlateGray</color><year>1974</year></automobile><automobile><person_id>2c3640cf-73de-461e-939c-7a60b036d857</person_id><license_plate>421-QBK</license_plate><vin>GS5U52TU3R4AY6XLH</vin><color>Tomato</color><year>2020</year></automobile><automobile><person_id>3073408d-4f54-445e-8867-bc2f82240e0a</person_id><license_plate>602878</license_plate><vin>P1KAVFHNXLE7BN2E1</vin><color>Peru</color><year>1975</year></automobile><automobile><person_id>ed59620c-a660-4289-9b7c-a2a0176e0e28</person_id><license_plate>WOZ 540</license_plate><vin>H4LALZWN3SHW064PP</vin><color>LimeGreen</color><year>2022</year></automobile><automobile><person_id>ed59620c-a660-4289-9b7c-a2a0176e0e28</person_id><license_plate>ICG-053</license_plate><vin>LVFCZ8AV8V34AKWT7</vin><color>PaleVioletRed</color><year>1971</year></automobile><automobile><person_id>354a3593-f06d-4e99-81f5-d25f6586e0e0</person_id><license_plate>408-FIB</license_plate><vin>ELRTFY3978VCZE865</vin><color>LightSlateGray</color><year>1985</year></automobile><automobile><person_id>d36ef9bd-0e8f-425f-bc48-d345eb1af89b</person_id><license_plate>ETC 906</license_plate><vin>KHNXYALX08HZ1DUNJ</vin><color>SeaGreen</color><year>2008</year></automobile><automobile><person_id>3b5ad681-f2fd-4d31-a1b8-e10fddb36763</person_id><license_plate>861PG</license_plate><vin>79GLGG8K2GPV9E1Z8</vin><color>Aquamarine</color><year>1996</year></automobile><automobile><person_id>593bd9bf-dafd-43fd-84f8-8272233541ed</person_id><license_plate>3NZ 476</license_plate><vin>YESTH0K09J5VGANZ5</vin><color>BlanchedAlmond</color><year>2004</year></automobile><automobile><person_id>ffd5a236-68cc-4595-a20f-54aa4c6a4c34</person_id><license_plate>053-KMT</license_plate><vin>407LS6UT9YBFV8PFT</vin><color>LightBlue</color><year>1972</year></automobile><automobile><person_id>ffd5a236-68cc-4595-a20f-54aa4c6a4c34</person_id><license_plate>FUR 199</license_plate><vin>MFNF39WC7EM9PC7SF</vin><color>GreenYellow</color><year>1981</year></automobile><automobile><person_id>96184c45-f01b-4b10-8ac4-c26cac201084</person_id><license_plate>ZBY 810</license_plate><vin>7865TDJUXMWDJSDRZ</vin><color>PowderBlue</color><year>1992</year></automobile><automobile><person_id>bd459466-a4f5-478f-b61e-3b8c6ec7891d</person_id><license_plate>0-82661S</license_plate><vin>5F1MAT5S8U0Z685L8</vin><color>MediumSlateBlue</color><year>1995</year></automobile><automobile><person_id>665445e7-433c-4e6f-b73d-fe5bc3038d56</person_id><license_plate>749 YVM</license_plate><vin>99LX6RJBXWY4PFZ6H</vin><color>PowderBlue</color><year>1981</year></automobile><automobile><person_id>a85af433-e858-43f6-a37a-8d61434215ff</person_id><license_plate>L07-KNT</license_plate><vin>WW6UPWLA5AVA3KMLZ</vin><color>DarkOliveGreen</color><year>1989</year></automobile><automobile><person_id>f5601c83-e5bf-4a8d-8482-fe840019913f</person_id><license_plate>DY 94625</license_plate><vin>JVAS4K3444BLBSDWF</vin><color>Teal</color><year>2012</year></automobile><automobile><person_id>f5601c83-e5bf-4a8d-8482-fe840019913f</person_id><license_plate>2-9527X</license_plate><vin>VZVEX0KM11KKGCTDP</vin><color>GoldenRod</color><year>2013</year></automobile><automobile><person_id>153ac0c0-6786-4550-ac83-9e0036c555e2</person_id><license_plate>E 421087</license_plate><vin>B4SUXJ0J8MUB8PYR4</vin><color>SkyBlue</color><year>1981</year></automobile><automobile><person_id>153ac0c0-6786-4550-ac83-9e0036c555e2</person_id><license_plate>299-ALC</license_plate><vin>YEKJCUT827LCGB1C5</vin><color>Crimson</color><year>2016</year></automobile><automobile><person_id>16310748-44e0-4ac8-a0d4-d29c00a6af3f</person_id><license_plate>SHQ 674</license_plate><vin>SMBSSLYF3VXGZ2MNL</vin><color>RoyalBlue</color><year>1983</year></automobile><automobile><person_id>caeaa071-6a27-4f02-9659-62e5420d9a12</person_id><license_plate>4QK L79</license_plate><vin>DH2D345C5X3UVEJWG</vin><color>DarkOliveGreen</color><year>2024</year></automobile><automobile><person_id>caeaa071-6a27-4f02-9659-62e5420d9a12</person_id><license_plate>027-048</license_plate><vin>XM8MYC6L1CGK0C2EY</vin><color>DarkRed</color><year>2011</year></automobile><automobile><person_id>caeaa071-6a27-4f02-9659-62e5420d9a12</person_id><license_plate>521-HEQ</license_plate><vin>VWHBPBMX2UV2PY0U3</vin><color>LightSeaGreen</color><year>2008</year></automobile><automobile><person_id>4f5f6529-586e-4153-b1a5-ebd462079c2c</person_id><license_plate>P42 9QU</license_plate><vin>RVZ7PRUW216SGVZPY</vin><color>Khaki</color><year>2000</year></automobile><automobile><person_id>4f5f6529-586e-4153-b1a5-ebd462079c2c</person_id><license_plate>551 1OJ</license_plate><vin>M3UEUFNU2VX64UAP0</vin><color>BlanchedAlmond</color><year>2014</year></automobile><automobile><person_id>104cd348-aa73-40d6-b616-173cdfb165ad</person_id><license_plate>AEY X04</license_plate><vin>YJ87KXG52PGE2NGBG</vin><color>Coral</color><year>2015</year></automobile><automobile><person_id>5a40d496-f39b-4f13-94f1-be60dba112f9</person_id><license_plate>603 BY2</license_plate><vin>9XBEM7PD1WC0N9JAE</vin><color>Gainsboro</color><year>2006</year></automobile><automobile><person_id>86927bd7-2b44-4e16-8964-003ed2eae959</person_id><license_plate>3O 2086F</license_plate><vin>FT431L338ZAH92C7H</vin><color>DimGray</color><year>1972</year></automobile><automobile><person_id>86927bd7-2b44-4e16-8964-003ed2eae959</person_id><license_plate>496 ZBW</license_plate><vin>HZ77HYEL5NXJNMD81</vin><color>MistyRose</color><year>1977</year></automobile><automobile><person_id>8f986a47-a834-4615-a884-64ebee9d717d</person_id><license_plate>4244</license_plate><vin>AASUW4HB8SLGYA2YV</vin><color>BlueViolet</color><year>2020</year></automobile><automobile><person_id>42858e6c-f629-4be7-92b8-522d8665a406</person_id><license_plate>06-98926</license_plate><vin>KEN23BK05AKDCB8WP</vin><color>SkyBlue</color><year>2020</year></automobile><automobile><person_id>d4487a97-2a5a-4386-86ba-f57e82e94ac0</person_id><license_plate>466 GV0</license_plate><vin>ZF3RRM2F57EWZZHPA</vin><color>DarkViolet</color><year>2006</year></automobile><automobile><person_id>e3c862df-58df-4ff3-8caa-ce5cdd1c1f9b</person_id><license_plate>YAQ 008</license_plate><vin>XJGR6W0LXXE6ZDTAY</vin><color>BurlyWood</color><year>1999</year></automobile><automobile><person_id>e3c862df-58df-4ff3-8caa-ce5cdd1c1f9b</person_id><license_plate>884-GMBX</license_plate><vin>WS1XGF6N6RBK2XZLV</vin><color>Lime</color><year>1988</year></automobile><automobile><person_id>e3c862df-58df-4ff3-8caa-ce5cdd1c1f9b</person_id><license_plate>1S W5589</license_plate><vin>FVGXHG9S7DFJSNXYY</vin><color>Orchid</color><year>1997</year></automobile><automobile><person_id>dd4ed435-823b-44dd-bff0-eef00603b04a</person_id><license_plate>FGF 678</license_plate><vin>Y7V23D7GXW2PJRKEZ</vin><color>Yellow</color><year>1980</year></automobile><automobile><person_id>dd4ed435-823b-44dd-bff0-eef00603b04a</person_id><license_plate>VTE 979</license_plate><vin>W52L2LNK6CMFS95LP</vin><color>DarkGoldenRod</color><year>1970</year></automobile><automobile><person_id>7f30e23f-59fe-4f92-b6a4-a5e83c75bd9f</person_id><license_plate>6BC 499</license_plate><vin>0R1CF2M96R2W60A5Z</vin><color>Green</color><year>1992</year></automobile><automobile><person_id>8055adfe-03da-49f6-b098-102d2710a4b3</person_id><license_plate>254 9GA</license_plate><vin>CNFYCEGX2N7WK72YR</vin><color>Cyan</color><year>1991</year></automobile><automobile><person_id>543bdd5b-deb0-4995-8afa-a5a025f877a9</person_id><license_plate>337 MSJ</license_plate><vin>YU1M9XYR0891845UR</vin><color>DarkSeaGreen</color><year>1989</year></automobile><automobile><person_id>543bdd5b-deb0-4995-8afa-a5a025f877a9</person_id><license_plate>RQN2946</license_plate><vin>NK2CA9N29APGULGUS</vin><color>DeepPink</color><year>2012</year></automobile><automobile><person_id>19d290c7-3cd5-4aa2-a50e-badfe889b618</person_id><license_plate>6GE N03</license_plate><vin>TACM5BTC5YCS3GHB7</vin><color>FloralWhite</color><year>1993</year></automobile><automobile><person_id>f997654f-bf68-4861-b744-d52085dd6c5b</person_id><license_plate>MGW 705</license_plate><vin>2CWG3S0F70WG40YGV</vin><color>DarkOrange</color><year>2003</year></automobile><automobile><person_id>44a6c77f-ae4f-491c-b78d-002dd81ce315</person_id><license_plate>836L</license_plate><vin>XXC5AE468LESV4Y03</vin><color>DarkSlateBlue</color><year>1985</year></automobile><automobile><person_id>7555feaa-3c44-4c61-95b1-ca3236aa25f1</person_id><license_plate>123 ALQ</license_plate><vin>20WLA92W94WFH9A5Y</vin><color>Moccasin</color><year>1986</year></automobile><automobile><person_id>7555feaa-3c44-4c61-95b1-ca3236aa25f1</person_id><license_plate>G97-SMT</license_plate><vin>ER85SWA40Y32YE56M</vin><color>LightSalmon</color><year>1994</year></automobile><automobile><person_id>7555feaa-3c44-4c61-95b1-ca3236aa25f1</person_id><license_plate>7WG 220</license_plate><vin>PM3JZXAZ02ZGU585B</vin><color>SaddleBrown</color><year>1991</year></automobile><automobile><person_id>da03f8e4-bca7-4ebd-9589-e93603d03db1</person_id><license_plate>7C FE730</license_plate><vin>JVGGWFSZ40RRUR4S3</vin><color>DarkTurquoise</color><year>1978</year></automobile><automobile><person_id>da03f8e4-bca7-4ebd-9589-e93603d03db1</person_id><license_plate>226 BTY</license_plate><vin>CWCYBY8KXS2VRBUNC</vin><color>DeepSkyBlue</color><year>1978</year></automobile><automobile><person_id>ef607664-a566-4c01-a54f-1394f81d0efe</person_id><license_plate>93-N030</license_plate><vin>NDZ7NA5M7ZEDHLPJZ</vin><color>Peru</color><year>2020</year></automobile><automobile><person_id>ef607664-a566-4c01-a54f-1394f81d0efe</person_id><license_plate>172AE</license_plate><vin>ZZX039H35L4U357CY</vin><color>White</color><year>1973</year></automobile><automobile><person_id>d80b11e3-77a9-48b0-995f-2e950c280dfc</person_id><license_plate>8XH 447</license_plate><vin>TPU4KR142M438RNRU</vin><color>OliveDrab</color><year>1985</year></automobile><automobile><person_id>604eebe8-80d6-47ac-bff7-b2590fcd118d</person_id><license_plate>075 EO2</license_plate><vin>ACWYCZLF6C1M1DBXM</vin><color>LavenderBlush</color><year>1971</year></automobile><automobile><person_id>798c2ab4-0fb8-499a-842c-d90e60d0ec8d</person_id><license_plate>POY3950</license_plate><vin>K2Z9PNZNX6041W9T7</vin><color>HotPink</color><year>2013</year></automobile><automobile><person_id>798c2ab4-0fb8-499a-842c-d90e60d0ec8d</person_id><license_plate>50-65753</license_plate><vin>JMWRN0319WJTJSKJN</vin><color>LightCyan</color><year>1974</year></automobile><automobile><person_id>de512741-d4eb-4912-83ac-840115948050</person_id><license_plate>491 0GO</license_plate><vin>GLP3J62Y311K6DZS4</vin><color>NavajoWhite</color><year>2024</year></automobile><automobile><person_id>56ec719d-0aa4-4968-97b6-9b2c48777600</person_id><license_plate>VO 6609</license_plate><vin>LKA19K1S36ZJWYV1V</vin><color>LightSteelBlue</color><year>2022</year></automobile><automobile><person_id>56ec719d-0aa4-4968-97b6-9b2c48777600</person_id><license_plate>56J 337</license_plate><vin>VU6X0CFN1LGLSAGKE</vin><color>DarkOrchid</color><year>1981</year></automobile><automobile><person_id>56ec719d-0aa4-4968-97b6-9b2c48777600</person_id><license_plate>147 UZT</license_plate><vin>FDN2B1J84K1HDKXWZ</vin><color>AliceBlue</color><year>1970</year></automobile><automobile><person_id>8d068d44-1f7a-431f-a4f1-d9d255954df2</person_id><license_plate>UW 51002</license_plate><vin>W195NYYS01LW0PZS4</vin><color>MediumBlue</color><year>2016</year></automobile><automobile><person_id>8a32777a-2104-4d7e-87d5-eadb8d9ac768</person_id><license_plate>080-ALV</license_plate><vin>Y2G6S6VG1WGCXLGWL</vin><color>Olive</color><year>1997</year></automobile><automobile><person_id>8db6fb11-f740-40ba-8e03-331fd1d7260d</person_id><license_plate>8PS7157</license_plate><vin>1L6RK7X5XYHZV81F0</vin><color>DarkSlateGray</color><year>1987</year></automobile><automobile><person_id>8db6fb11-f740-40ba-8e03-331fd1d7260d</person_id><license_plate>43-29560</license_plate><vin>LDJBY5B173R86LXEX</vin><color>LightYellow</color><year>1981</year></automobile><automobile><person_id>8db6fb11-f740-40ba-8e03-331fd1d7260d</person_id><license_plate>24-4702Y</license_plate><vin>7PB31X513HZ64LGBZ</vin><color>Salmon</color><year>1996</year></automobile><automobile><person_id>1635adcb-7873-42d1-bec7-00740c800c8d</person_id><license_plate>2MTG 46</license_plate><vin>KMYVY1CA3DZN1BKSG</vin><color>DarkOrchid</color><year>1976</year></automobile><automobile><person_id>6c1ac9dc-a393-47b3-af3f-0e7490ea8131</person_id><license_plate>2P866</license_plate><vin>2B1MUKET048C1UX47</vin><color>PaleGoldenRod</color><year>1979</year></automobile><automobile><person_id>6c1ac9dc-a393-47b3-af3f-0e7490ea8131</person_id><license_plate>RNZ-7376</license_plate><vin>S4XEHB2983WXB3WEK</vin><color>MediumSeaGreen</color><year>2009</year></automobile><automobile><person_id>4bbf416e-d908-445b-ae12-201f7712fb4a</person_id><license_plate>3-N8263</license_plate><vin>K7H6CA9Z43765GE06</vin><color>Linen</color><year>2003</year></automobile><automobile><person_id>4bbf416e-d908-445b-ae12-201f7712fb4a</person_id><license_plate>EKW-0053</license_plate><vin>LNW4R4HBXEXNXHXPC</vin><color>Lime</color><year>1993</year></automobile></automobiles>