"id"|"first_name"|"last_name"|"sex"|"address"|"phone_number"|"profession"|"company"|"date_of_birth"
"9b85038a-e89d-423b-884d-2828ee2b1ef0"|"Richard"|"Rodriguez"|"M"|"555 Hood Loop Apt. 276"|"791-201-3442"|"Barrister"|"Rios, Hall and Thompson"|"1945-05-28"
"974df8b7-1889-431d-9869-490fce664619"|"Jennifer"|"Morrison"|"F"|"50 Oneal Underpass"|"+1-755-834-6268x0683"|"Engineer, aeronautical"|"Foster, Campos and Henry"|"1919-12-04"
"5dbb6625-12be-4eff-808b-f84448cbcb23"|"Sarah"|"Flynn"|"F"|"819 Anderson Port"|"+1-700-391-3021x65447"|"Sports therapist"|"Campos Inc"|"1992-12-28"
"731ad16d-ef43-4440-bec2-92145fa3de1c"|"Hailey"|"Wilson"|"F"|"148 Rosario Loop"|"001-238-816-5259"|"Librarian, public"|"Carroll-Morris"|"2002-09-22"
"d2474b5f-6184-4e90-a7e1-1b9f7815f80d"|"Robert"|"Garcia"|"M"|"548 Tara Inlet"|"986-958-0134x977"|"Psychologist, occupational"|"Barnes Ltd"|"1936-02-17"
"3d32bfff-43f2-42b6-841f-10fb9425e85e"|"Joseph"|"Sanders"|"M"|"127 Hensley Park Suite 873"|"290-248-7008x8321"|"Information officer"|"Graham Inc"|"2003-05-14"
"84d5ed65-5305-4d5e-b8dd-0c525eb5399d"|"Scott"|"Watson"|"M"|"169 Jessica Mountains Suite 248"|"641-767-1019x9438"|"Scientific laboratory technician"|"Mitchell, Thompson and Rivera"|"2023-07-09"
"8cedba54-376e-417a-89d6-75ecad3c4026"|"Tina"|"Park"|"F"|"345 Brown Canyon Apt. 503"|"(590)467-7570x91329"|"Interior and spatial designer"|"Mcgrath, Bailey and Coleman"|"1931-06-25"
"0e756f65-14f8-4e95-98b2-1e8b876d832f"|"Meredith"|"Roberts"|"F"|"128 Christopher Ways"|"(966)322-5625x91822"|"Solicitor"|"Butler LLC"|"1976-09-26"
"6f8c41f0-b5b3-4213-8ea9-e677c6b8816f"|"Allison"|"Smith"|"F"|"724 Christopher Ways"|"916-894-2500x0800"|"Radiographer, therapeutic"|"King-Martin"|"1951-09-30"
"cea317b7-8499-45cb-ac7c-8524ad137001"|"Sandra"|"Patrick"|"F"|"622 Castillo Underpass Apt. 535"|"279-963-1474"|"Public librarian"|"Taylor PLC"|"1935-01-30"
"d5a39fac-981f-43a2-a776-7e9397cbc2cf"|"Sarah"|"Dean"|"F"|"633 Danielle Estates"|"+1-571-637-0956x979"|"Land/geomatics surveyor"|"Ramos, Johnson and Porter"|"1946-02-26"
"76114d55-53a4-4c8d-8a37-1e5af3256211"|"Stacey"|"Peterson"|"F"|"285 Smith Ranch Suite 211"|"001-395-846-6811x2984"|"Retail merchandiser"|"Jackson, Bennett and Burns"|"1938-08-06"
"2623fab0-34c5-4f74-a5a3-337924d48357"|"Michael"|"Joseph"|"M"|"120 Jonathan Stravenue"|"+1-582-512-2042x841"|"Production assistant, television"|"Mullins, Manning and Lane"|"1931-03-11"
"4ee02185-3e98-4648-ad23-26337224fd10"|"Matthew"|"Tyler"|"M"|"507 Hood Loop Apt. 276"|"705.612.6008x503"|"Company secretary"|"Wagner-Perez"|"1978-08-26"
"8c4605a2-4165-46ca-8d07-a06a7ef93113"|"Jack"|"Harding"|"M"|"308 Martinez Grove Apt. 125"|"001-582-368-3875"|"Company secretary"|"Briggs Inc"|"2022-11-23"
"2f706239-3b31-4627-a13c-a7bce4d0b2fc"|"James"|"Garrison"|"M"|"645 Barron Hollow"|"(614)771-3198x1731"|"Quality manager"|"Silva Inc"|"1946-08-06"
"d710d35e-aef9-4bbd-8de1-d4d7ad89e6aa"|"Mary"|"Norman"|"F"|"422 Lee Burgs"|"+1-425-412-5718x27959"|"Film/video editor"|"Cox, Turner and Khan"|"1958-04-12"
"df73f3c1-3e1d-41e2-899f-4bb93f0f94c1"|"Michael"|"Brown"|"M"|"575 Lynn Lake Suite 253"|"001-786-458-9029"|"Set designer"|"Holmes-Leonard"|"1958-10-15"
"39146bca-74df-45e7-a901-fe665afebd32"|"Anthony"|"Perez"|"M"|"569 Jeffery Isle"|"919.434.1714x209"|"Scientist, forensic"|"Duncan-Lopez"|"2010-07-08"
"07882b3d-41a2-4025-973d-f066b4778527"|"Craig"|"Mcdaniel"|"M"|"638 Simpson Mill Apt. 030"|"+1-726-529-5241x559"|"Advice worker"|"Pratt PLC"|"1989-11-06"
"4980e711-5f05-4b83-baf3-7a232ee839e7"|"Desiree"|"Johnston"|"F"|"577 Evans Ports Suite 383"|"001-711-968-6994x68593"|"Insurance underwriter"|"Young-Johnson"|"1944-09-04"
"11f098ed-f872-46a5-b751-7173425cefd0"|"Steven"|"Smith"|"M"|"665 Mills Springs"|"(493)254-7947x875"|"Health promotion specialist"|"Clayton PLC"|"1911-09-02"
"1d547484-595e-40df-a20f-e74b7f6c6b3b"|"Bruce"|"Padilla"|"M"|"11 Jeffery Spur Suite 411"|"715-421-3674"|"Mining engineer"|"Jones LLC"|"1981-10-21"
"d3b325e4-7644-4a36-8d40-6a5fa67b1438"|"Mark"|"Andrews"|"M"|"994 Parks Trace Suite 497"|"+1-362-928-7738x0160"|"Midwife"|"Harmon-Bowen"|"1968-02-20"
"2340e288-5526-4d69-9daa-443d56834e4a"|"Derrick"|"Anderson"|"M"|"581 Gray Walks Apt. 075"|"+1-861-806-0380"|"Health and safety adviser"|"Gardner and Sons"|"1935-08-27"
"aed51f16-a6af-4beb-94f0-25bc63090fc8"|"Peter"|"Drake"|"M"|"463 Simpson Mill Apt. 030"|"(919)482-5867x99943"|"Early years teacher"|"Ayers Ltd"|"1961-04-07"
"05887a8b-c993-4a8d-8e6f-3db257596665"|"Stephen"|"Gates"|"M"|"191 Ortiz Brooks"|"804-205-2201"|"Clinical scientist, histocompatibility and immunogenetics"|"Chambers PLC"|"2014-08-06"
"e02108f1-75d3-45ca-a6c6-e81d8fb3163c"|"John"|"Parker"|"M"|"342 Gabriel Hill Apt. 094"|"224-259-7686x151"|"Administrator, local government"|"Mcdonald Inc"|"1983-11-08"
"d2d79a62-7749-41d3-9e03-2c393cc14d17"|"Victor"|"Ramirez"|"M"|"643 Pham Ports"|"242.962.4545x747"|"Engineer, site"|"Eaton, Evans and Smith"|"2010-11-07"
"074fa071-3a23-433d-bafc-aa38ade57982"|"Ronald"|"Hurley"|"M"|"875 Jeffery Village"|"(517)370-2740x22377"|"Exhibitions officer, museum/gallery"|"Bernard LLC"|"1924-12-22"
"ddc761f4-88bf-46a2-8d3a-496377caf757"|"Samantha"|"Gonzalez"|"F"|"809 Day Inlet"|"001-769-850-2129x2069"|"Statistician"|"Wright Group"|"1925-07-25"
"da738943-1bb4-42af-abb5-d49a316d1026"|"John"|"Wilson"|"M"|"894 Wilson Locks Apt. 694"|"850-616-0737"|"Insurance underwriter"|"Kaiser Group"|"2006-08-13"
"69fb7155-7333-407b-86d1-6fc124a19ab5"|"Beth"|"Spence"|"F"|"264 Castillo Underpass Apt. 535"|"688-826-9401"|"Seismic interpreter"|"Archer, Fox and Hughes"|"1982-10-12"
"6544a60e-c100-4746-9572-c6697d84ea79"|"Jason"|"Torres"|"M"|"667 Elizabeth Creek Apt. 423"|"337.929.6192"|"Estate agent"|"Smith, Aguilar and Jones"|"1944-09-09"
"62bc1085-ff9f-4bb2-afc3-367b1e8b317b"|"Thomas"|"Martin"|"M"|"802 Thomas Wall Suite 035"|"556-429-9494x839"|"Housing manager/officer"|"Green, Mathis and Hopkins"|"2023-12-21"
"c62b31d8-dd3b-41ce-9648-e7fe79cd49ac"|"Anthony"|"Crawford"|"M"|"349 David Passage Suite 979"|"461.630.2477x250"|"Arts administrator"|"Silva, Fleming and Barnett"|"1939-07-16"
"1e335190-0e8f-4bd0-99c7-3ca2cc951f99"|"Barbara"|"Torres"|"F"|"526 Parks Trace Suite 497"|"+1-819-649-9202x50538"|"Private music teacher"|"Miller PLC"|"2015-04-15"
"561cacd7-7586-417f-8d59-2c5b8d8fcc57"|"Brian"|"Li"|"M"|"840 Thornton Land Suite 697"|"+1-472-571-7190x044"|"Animal technologist"|"Barnes, Howard and Flores"|"2000-06-25"
"0e1584d4-fe61-448e-858c-8c8d2b48dbd4"|"Jacob"|"Snyder"|"M"|"273 Patricia Row"|"001-459-205-5158"|"Dance movement psychotherapist"|"Guzman Ltd"|"1980-02-25"
"4b97872f-95f8-4960-89f6-f454d979ddea"|"Jamie"|"Rice"|"F"|"794 Higgins Port Apt. 001"|"321.907.4947"|"Engineer, control and instrumentation"|"Thompson, Avila and Jones"|"1927-11-03"
"2466ffc0-1d90-4819-ae3d-08eecb67827a"|"Julia"|"Romero"|"F"|"924 Bailey Trail"|"(512)947-6918"|"Journalist, broadcasting"|"Hudson, Sanchez and Hines"|"2023-12-05"
"74cbdd4d-35e0-4160-ab56-1034b7f64e67"|"Katherine"|"Tyler"|"F"|"341 Weeks Meadow Suite 683"|"001-395-343-6916x545"|"Haematologist"|"Griffin-Robinson"|"1943-10-28"
"683b5ff7-2229-4881-90f9-0cc35f8e0909"|"Brittany"|"Roberts"|"F"|"446 Michael Circles Suite 720"|"(214)855-2242x9310"|"Licensed conveyancer"|"Davis LLC"|"1968-03-13"
"230ca0e3-cc67-4444-a169-cbca092f8ce5"|"Scott"|"Harrison"|"M"|"114 Alexis Run Suite 764"|"+1-411-957-4567"|"Archaeologist"|"Everett LLC"|"1913-11-17"
"7209a5eb-6ac0-4d56-8469-feaecfb0ea04"|"Christopher"|"Williams"|"M"|"440 Mills Springs"|"(929)844-3990x352"|"Exercise physiologist"|"Craig Inc"|"2009-02-28"
"8838d7d9-525b-4a98-ab30-58e4c096f6f2"|"Jerry"|"Willis"|"M"|"21 Ashley Landing"|"789.543.7022x856"|"Writer"|"Bruce Ltd"|"2008-10-20"
"974e12ab-16da-4c15-b769-7b10d0316d56"|"Jonathon"|"Little"|"M"|"943 Smith Ranch Suite 211"|"6819272223"|"Personal assistant"|"Cross Ltd"|"1990-12-01"
"5de84e76-ff6c-4423-be58-9aa9a7a08fd9"|"Collin"|"Sanders"|"M"|"331 Pham Ports"|"778.992.5171x7451"|"Maintenance engineer"|"Rose, Molina and Scott"|"1950-07-01"
"f6a5b24d-79f6-4e24-a12f-80111632a965"|"Cynthia"|"Stone"|"F"|"403 Jones Courts Apt. 083"|"001-823-663-5599x93029"|"Theatre manager"|"Munoz-Clark"|"1953-05-24"
"0c9cedc2-f07e-4fa5-8c55-c5c06a5a5d40"|"Steven"|"Ramirez"|"M"|"251 Tiffany Gateway"|"513.520.8843x546"|"Broadcast presenter"|"Hill Ltd"|"2002-06-13"
"443cb1dc-735a-4fc3-bd44-4e545174398b"|"John"|"Blair"|"M"|"150 Robert Way"|"360.455.8333x570"|"Forest/woodland manager"|"Ponce-Walsh"|"2006-12-09"
"a55e919d-28bb-47c2-a5c5-848a76b9c016"|"Ronald"|"Barnes"|"M"|"752 Pham Ports"|"(263)913-0467x422"|"Planning and development surveyor"|"Miller-Johnson"|"1915-04-18"
"779e3e72-b3f8-4ca3-8718-3c9b460b44ab"|"Susan"|"Lee"|"F"|"444 Aimee Circles"|"398-481-6838"|"Restaurant manager"|"Barnes Group"|"1997-04-24"
"c79b9d8a-ba03-45ad-a907-5dff32c769ed"|"Erica"|"Barnes"|"F"|"187 Johnson Throughway"|"(412)345-2694"|"Arboriculturist"|"Ortiz, Flores and Robertson"|"1987-10-14"
"4d0ecea5-bd46-41b7-8307-55c61b3e940f"|"Marissa"|"Roy"|"F"|"388 Aimee Circles"|"803.303.5718x1606"|"Production manager"|"Wise-Vasquez"|"1986-12-24"
"21b7e628-22a6-4f48-962c-414a964fb39c"|"Becky"|"Hicks"|"F"|"968 Thomas Coves Suite 736"|"(965)766-0369x799"|"Physicist, medical"|"Francis-Watts"|"1930-05-02"
"60f0bb9c-a5af-4155-ba35-92b6387aaf02"|"Juan"|"Haas"|"M"|"772 Morales Gardens Suite 197"|"(383)751-3673"|"Waste management officer"|"Norton-Gonzalez"|"1920-03-01"
"0b075f2d-4672-4c8b-9f12-6dc52b7bba82"|"Emily"|"Evans"|"F"|"267 Robin Junctions Apt. 618"|"776.604.5641x7826"|"Geneticist, molecular"|"Fischer-Chang"|"2012-02-29"
"c6bac616-9226-4bbe-9235-bac27767c0b4"|"Karen"|"Cunningham"|"F"|"630 Matthew Keys"|"309.677.1552x2413"|"Oncologist"|"Sweeney Group"|"1937-06-24"
"e4f49e86-052e-4b5f-b64c-e540780cd162"|"Kevin"|"Cooke"|"M"|"414 Montoya Walk Apt. 578"|"223-745-9314x86235"|"Science writer"|"Brown, Robinson and Phillips"|"1957-01-07"
"830f2d06-bd23-4e6e-b98b-b691f5c10512"|"James"|"Ruiz"|"M"|"104 John Fall Apt. 476"|"590-801-4352"|"Teacher, special educational needs"|"Wiley-Johnson"|"2003-09-02"
"9a92f33d-20ff-47b6-baaf-e52295c39ef4"|"Jennifer"|"Craig"|"F"|"143 Gray Walks Apt. 075"|"226.851.0303x3557"|"Consulting civil engineer"|"Davis, Hernandez and Lopez"|"1934-07-25"
"ce31ab37-0e59-42db-8345-82de3769f329"|"Flynn"|"Watkins"|"F"|"895 Michelle Isle Apt. 431"|"397-477-8514"|"Investment banker, corporate"|"Williams PLC"|"1942-09-18"
"4b880aaf-a339-4d48-8096-70b10eac2412"|"Joel"|"Jordan"|"M"|"456 Ward Parkway Apt. 076"|"203.504.3414x3395"|"Museum education officer"|"Beard-Brown"|"1976-04-04"
"686cf382-2852-459c-ab4a-c2673987b5b7"|"Kimberly"|"Young"|"F"|"915 Padilla Estate Suite 556"|"(859)347-6050x39817"|"Network engineer"|"Vaughn Group"|"1919-08-26"
"b66d85f6-772a-4eee-83e9-43bfd03b3400"|"Brandon"|"Barnes"|"M"|"126 Martinez Grove Apt. 125"|"001-287-314-0795x6775"|"Clinical molecular geneticist"|"Johnson PLC"|"2015-10-11"
"f829a945-92a4-4211-a9b9-0bee6d09c522"|"Shawn"|"Terry"|"M"|"788 Mills Springs"|"(648)333-4320"|"Teaching laboratory technician"|"Rosario, Lee and Owens"|"1929-07-03"
"101b17bc-4d32-4db1-a72c-2b2396dfb85d"|"Jason"|"Mejia"|"M"|"854 Randall Burg"|"+1-339-736-9466"|"Museum/gallery conservator"|"Lopez, Martinez and Gonzalez"|"1977-06-09"
"ae743a21-ac5f-4030-951e-a6086bb00d7f"|"John"|"Fernandez"|"M"|"944 Jacobs Ports Suite 715"|"001-704-467-0204"|"Press sub"|"Frye, Mahoney and Sanchez"|"1922-01-03"
"a6d24189-1409-4f6c-a008-a82f57afaa69"|"James"|"Johnson"|"M"|"247 Jones Courts Apt. 083"|"(366)814-5304x334"|"Newspaper journalist"|"Rodriguez, Coffey and Parker"|"2008-01-20"
"0e4eb09a-e37d-4fe0-bab5-341b3496ef70"|"Billy"|"Downs"|"M"|"852 Banks Curve Apt. 123"|"+1-962-541-7669"|"Archivist"|"Henry and Sons"|"1974-08-06"
"99f9a9b5-3073-4e4e-858b-9b44679b2375"|"Kathleen"|"Jones"|"F"|"618 Nicole Via"|"239-300-2620x3944"|"Comptroller"|"Wagner-Rice"|"1972-05-19"
"4014cf48-5cc6-4781-b09b-3a9f00291356"|"Yolanda"|"Mejia"|"F"|"820 Ward Parkway Apt. 076"|"547-807-5698x608"|"Archaeologist"|"Carter PLC"|"1925-10-20"
"0621ede5-9394-4da7-87d7-7aca406410e1"|"Charles"|"Harrison"|"M"|"937 Phillip Spring"|"717-883-2967"|"IT consultant"|"Ramirez-Bell"|"1983-02-23"
"e86d783c-302d-4413-97bb-b162f44364f2"|"Michael"|"Lee"|"M"|"377 Vincent Mountain Apt. 316"|"509-681-5019x4698"|"Stage manager"|"Weber, Page and Mcdonald"|"2000-10-27"
"9dbdc3ef-222d-4ecd-af39-091fa2397f03"|"Timothy"|"Mckee"|"M"|"558 Ward Parkway Apt. 076"|"247-719-2906"|"Engineer, aeronautical"|"Allen-Clark"|"1963-11-22"
"c73f6f58-f565-413c-96ba-a03c5356482f"|"Kimberly"|"Mejia"|"F"|"823 Nicole Via"|"(715)594-5972"|"Financial adviser"|"Clarke Inc"|"1971-01-19"
"c9c000cf-f604-448e-bda1-4e7dab8a72c5"|"Julie"|"Jackson"|"F"|"248 Troy Centers"|"001-479-823-4374x273"|"Production designer, theatre/television/film"|"Colon, Ramos and Castillo"|"1948-07-09"
"e2d70d1a-c9df-4530-8f0a-8439734bd68a"|"Pamela"|"Smith"|"F"|"464 Welch Walk"|"515-399-1984x112"|"Accountant, chartered"|"Faulkner, Scott and Lynch"|"2012-06-15"
"a0ac7c47-2c1f-4ebc-a428-7da6f52289fe"|"Rebecca"|"Mcdaniel"|"F"|"280 Ward Parkway Apt. 076"|"(722)303-2023"|"Programmer, systems"|"Dominguez Inc"|"1998-11-15"
"8fe06ff6-9a49-4721-a07b-644133625e47"|"Scott"|"Skinner"|"M"|"313 Phillip Spring"|"8398990837"|"Sports therapist"|"Robinson-Hancock"|"1974-03-26"
"0fc298fc-9107-42b3-adf8-63c3c130eaed"|"Murillo"|"Harper"|"M"|"391 Vincent Mountain Apt. 316"|"787-346-0552"|"Insurance claims handler"|"Williamson Group"|"1963-09-14"
"f911f34c-6200-4a86-a42f-625f9daae823"|"Amanda"|"Gray"|"F"|"373 Scott Valleys Suite 598"|"(333)534-4125"|"Exhibition designer"|"Cisneros and Sons"|"1999-02-13"
"59e85b2c-74b2-485e-89f9-8a9409c128b1"|"Zachary"|"Bailey"|"M"|"106 Patricia Row"|"+1-872-719-7147"|"Fish farm manager"|"Moore PLC"|"2012-08-14"
"dbfb4d8f-9f32-4738-9bc6-ce376ba17807"|"Amanda"|"Gardner"|"F"|"300 Stacey Via Suite 001"|"(841)624-5747"|"Health physicist"|"Cooley, Donovan and Hall"|"1973-02-06"
"41447a3d-0544-4342-8e49-4b0ab4d5c587"|"Brittney"|"Mcdaniel"|"F"|"574 Thomas Wall Suite 035"|"(238)438-8392"|"Market researcher"|"Manning LLC"|"1970-03-30"
"fe150beb-36c2-4b66-bd42-8a80f1938ef4"|"Melissa"|"Baxter"|"F"|"34 Quinn Divide"|"917.388.2449x621"|"Recycling officer"|"Lutz-Thompson"|"1924-05-21"
"8ece7505-8d88-4e79-8941-6b1c0f8a544c"|"Michelle"|"Welch"|"F"|"600 Donald Village Apt. 289"|"(646)693-0805"|"Psychiatric nurse"|"Ford Inc"|"1929-06-04"
"41c0e5c4-fa87-47b2-a4bf-f5ed010c545c"|"George"|"Arnold"|"M"|"873 Catherine Lock"|"(856)298-5356"|"Chief Marketing Officer"|"Clay, Robinson and Anderson"|"1989-07-26"
"23b0c752-c942-4e16-b1a9-73a351929736"|"Kathleen"|"Garcia"|"F"|"371 Michelle Isle Apt. 431"|"(812)760-1961"|"Exhibition designer"|"Sanchez, Robertson and Wilson"|"2015-07-27"
"d2dd2ea2-fda3-49fc-923a-8a74f184b83c"|"Dickerson"|"Taylor"|"M"|"31 Barron Hollow"|"(820)737-9279"|"Scientist, marine"|"Hopkins LLC"|"1985-05-30"
"bab7f1d2-e416-4402-9188-9473bdb84ba2"|"Amanda"|"Ramirez"|"F"|"711 Higgins Port Apt. 001"|"763.751.4917"|"Science writer"|"Ward, Wright and Smith"|"2005-06-25"
"093edaff-cf75-499e-acf1-3c469854bb1b"|"Antonio"|"Wilson"|"M"|"478 Mills Springs"|"001-454-914-9725x1667"|"Producer, radio"|"Schneider, Stewart and Mata"|"1926-08-22"
"c602dd8d-e1aa-4762-b649-05e1d6b0a522"|"Nicole"|"Ray"|"F"|"636 Tyler Knoll Apt. 752"|"001-593-791-9273x82169"|"Broadcast engineer"|"Martinez-Jackson"|"2017-01-09"
"fe449151-52d6-4c88-8669-c9890c112f4c"|"Amanda"|"Riley"|"F"|"296 Gray Walks Apt. 075"|"784-823-4124"|"Biomedical engineer"|"Abbott and Sons"|"1970-03-08"
"b3e2411d-a73a-4ef2-a278-bf129599434a"|"Tracy"|"Walker"|"F"|"988 Chandler Tunnel Suite 681"|"393-285-5048x0903"|"Geographical information systems officer"|"Price, Dixon and James"|"1931-11-06"
"0327d8ca-9e23-44da-a75d-bb55181905b5"|"Rachel"|"Mcdaniel"|"F"|"809 Michael Manor"|"+1-376-321-0676x4988"|"Engineer, energy"|"Campbell Ltd"|"1991-03-11"
"e9b7dcc0-d2e9-4eb5-ba15-b4e6cd631c54"|"Rhonda"|"Weiss"|"F"|"626 Hensley Park Suite 873"|"(474)840-2998"|"Mechanical engineer"|"Lewis-Olson"|"1942-12-11"
"09ea01e6-ec02-45ed-bf96-abcfd636c2bb"|"Kevin"|"Adams"|"M"|"214 Montoya Walk Apt. 578"|"623.486.1806x5746"|"Animal technologist"|"Shea Group"|"2015-09-01"
"d68dd1a7-97f2-4f1e-8344-0aa87a1103f6"|"Jessica"|"Herrera"|"F"|"911 Lewis Trace"|"287.985.4609x251"|"Pathologist"|"Herman, Wu and Waters"|"2023-03-15"
"c07ae0d7-a50e-4aa0-a23c-21de0cad6e0a"|"Billy"|"Parker"|"M"|"16 Pham Ports"|"301.571.8469"|"Maintenance engineer"|"Harris-Martinez"|"1960-04-30"
"2e6dbafa-1d5d-4f7f-b4a6-37d0bc070ce9"|"Mark"|"Perez"|"M"|"421 Jeffery Isle"|"(932)641-4833"|"Sub"|"Mills-Bailey"|"1960-03-10"
"856467f1-f111-45e4-9017-057f928b3cfd"|"Greg"|"Bryant"|"M"|"86 Gray Walks Apt. 075"|"001-670-541-1231x5266"|"Broadcast engineer"|"Watson, Clayton and Graham"|"2011-03-23"
"be510867-7a67-4bd0-85cc-ca543519d415"|"Eric"|"Allen"|"M"|"884 Cooley Dam Apt. 601"|"+1-783-846-9403x66017"|"Advertising account planner"|"Blair and Sons"|"1964-03-29"
"5f48deed-167c-4697-a202-767a1b3c1fce"|"Glen"|"Garner"|"M"|"568 Jeffery Village"|"(569)886-7000x303"|"Psychologist, sport and exercise"|"Wang, Mosley and Montgomery"|"1916-05-11"
"1349db3b-1fd3-4ad9-a705-383d11bc2daa"|"Melanie"|"Phillips"|"F"|"468 Jonathan Stravenue"|"001-869-565-4765x24226"|"Technical author"|"Alvarez-Khan"|"1986-03-16"
"f8a3ba18-99df-453a-9e45-3db68779cefc"|"David"|"Gillespie"|"M"|"302 Thornton Land Suite 697"|"573-219-9902x7813"|"Field seismologist"|"Murphy Ltd"|"1987-04-14"
"428ef4aa-ef35-4e8c-bde1-f465981122ce"|"Bruce"|"Vargas"|"M"|"319 Castillo Underpass Apt. 535"|"+1-546-812-0980x293"|"Designer, industrial/product"|"Lee-Whitehead"|"1925-08-10"
"5bb9d2d1-4b0d-436a-a6b0-7b22f8552a66"|"Patricia"|"Christian"|"F"|"892 Randolph Way Suite 427"|"484-422-1285x0544"|"Government social research officer"|"Kelley-Patel"|"1964-07-12"
"5044af91-7a23-4fa1-929a-22ceb3abde0a"|"Heather"|"Espinoza"|"F"|"923 Dakota Extensions"|"(350)854-6995x23948"|"Recruitment consultant"|"Cook Inc"|"2002-07-24"
"3ca6d296-92b3-4615-8578-ffd7cd6a5503"|"Justin"|"Jordan"|"M"|"112 Daniel Plaza"|"001-347-545-1180x6328"|"Designer, graphic"|"Gonzalez LLC"|"1923-07-22"
"ab7d1cb7-f9c2-4d04-bbb0-07805c24568b"|"Aaron"|"Stewart"|"M"|"78 Jeffery Spur Suite 411"|"519.373.2195x9839"|"Systems developer"|"Phillips-Rivas"|"1922-04-26"
"f396ffac-93cd-4fd1-96f4-6e5e94fe5e39"|"Travis"|"Holmes"|"M"|"280 Ward Parkway Apt. 076"|"959.839.8385"|"Social worker"|"Newton, Vazquez and Williamson"|"1926-05-08"
"c3b811d7-cc3b-4767-97cc-2b55b7349d46"|"Paul"|"Park"|"M"|"380 David Course Apt. 455"|"204-804-5618"|"Firefighter"|"Anderson, Morales and Bush"|"1926-10-05"
"124255e2-3e36-470d-a5a3-7ec681a70d23"|"Maria"|"Shaffer"|"F"|"314 Jeffery Village"|"817.644.6836x554"|"Lawyer"|"Montoya-Watts"|"1915-11-23"
"12a9a1f6-fcf5-4d02-9cb9-70df9fcbef09"|"Monique"|"Gomez"|"F"|"141 Anderson Parkways"|"+1-799-293-0173x8278"|"Chief Marketing Officer"|"Mcdonald Ltd"|"1964-10-08"
"af5361c3-c3aa-4bae-bb3c-10b28c8870fb"|"Matthew"|"Morrison"|"M"|"999 Higgins Port Apt. 001"|"495.267.5864x37163"|"Textile designer"|"Hampton, King and Robinson"|"2007-11-25"
"20b384bc-be66-4c9f-bb21-f74e8630717a"|"Chris"|"Freeman"|"M"|"349 Michelle Isle Apt. 431"|"240-586-0998"|"Chief Technology Officer"|"Reese-Bradley"|"1947-09-26"
"9f41e403-124b-47c0-a543-170479928208"|"Isaac"|"Willis"|"M"|"27 Wilson Locks Apt. 694"|"849-267-7397x00393"|"Engineer, site"|"Moore-Lopez"|"1962-09-26"
"4f4eb36a-4ebd-4556-950f-89d0fbae9c23"|"Steven"|"Pham"|"M"|"46 Arnold Cliffs"|"001-960-800-4898x4699"|"Intelligence analyst"|"Dudley Ltd"|"1960-09-27"
"b725a11d-d61f-431c-915e-a4e963191bad"|"Mary"|"Murray"|"F"|"503 Danielle Estates"|"(671)580-9433"|"Engineer, electronics"|"Cummings Group"|"1910-10-20"
"f0227f6f-e4ff-47d0-a090-2b73d42c6192"|"Sandra"|"Padilla"|"F"|"719 Randolph Way Suite 427"|"3257368075"|"Marine scientist"|"Davis-Gonzalez"|"1933-03-16"
"279cdc49-4e4a-4607-91d3-8a3703b0dcfd"|"Wendy"|"Browning"|"F"|"546 Colleen Mount"|"(824)634-6979x5331"|"Psychiatrist"|"Thomas, Reynolds and Mitchell"|"1993-05-12"
"b732cbc3-2427-4311-979e-8977675bf8f5"|"Laura"|"Ruiz"|"F"|"906 Cooley Dam Apt. 601"|"557.654.2823x3582"|"Engineer, water"|"Campbell Inc"|"1988-09-15"
"7a73da91-6c2e-416f-952f-137fe87030ea"|"Alexander"|"Barnes"|"M"|"66 Scott Valleys Suite 598"|"+1-232-546-0695"|"Immunologist"|"Wright-Holmes"|"1912-02-29"
"e1ff0018-9724-48b1-b66f-53f72048fb72"|"Nancy"|"Torres"|"F"|"498 Daniel Plaza"|"571.419.2266"|"Engineer, civil (contracting)"|"Collins, Sandoval and Fowler"|"1968-04-01"
"da3703c6-5b3a-40cd-b057-8ae20691f98f"|"Ricardo"|"Harrison"|"M"|"537 Yvette Loop"|"(418)502-3559x0164"|"Public affairs consultant"|"Lopez and Sons"|"1960-10-27"
"c387938f-e604-4689-8876-604371f41046"|"Rebecca"|"Mcdaniel"|"F"|"82 Padilla Estate Suite 556"|"2618694877"|"Community pharmacist"|"Fletcher Inc"|"1927-04-30"
"1f8c3be5-75bd-4d52-8e5a-b87583e94a55"|"Taylor"|"Buchanan"|"F"|"759 Luna Loop"|"616.287.1975x887"|"Engineer, civil (contracting)"|"Jones Ltd"|"1929-04-02"
"21b57fba-3412-4d62-8186-0e4568595215"|"Christine"|"Downs"|"F"|"691 Davis Landing"|"718.300.2417"|"Market researcher"|"Powell, Simmons and Snyder"|"2011-05-20"
"f93c064b-8e7c-46e1-9910-e7d83a1b676b"|"Kelly"|"Good"|"M"|"392 Shepard Bridge"|"001-876-479-9512x21558"|"Plant breeder/geneticist"|"Barron, Vasquez and Evans"|"1968-01-14"
"7d294852-2a29-4fe8-8855-dc26c9469554"|"Tammy"|"Welch"|"F"|"697 Weeks Meadow Suite 683"|"001-332-442-6108x04046"|"Scientist, marine"|"Curtis, Odonnell and Franco"|"1958-06-04"
"53b8585b-b3e5-4f2b-81db-843aa59fdd05"|"Richard"|"Lynn"|"M"|"777 Chandler Tunnel Suite 681"|"+1-983-941-2070x9001"|"Designer, graphic"|"Bell, Carter and Olsen"|"1945-09-23"
"5eba1489-ef56-4896-a648-7faedd308b23"|"Michael"|"Boone"|"M"|"933 Murphy Creek Suite 712"|"(930)557-1660x690"|"Meteorologist"|"Gordon Group"|"1922-07-27"
"be2496bb-00e6-4987-a3a9-268ebfbd8621"|"Richard"|"Howard"|"M"|"41 Haney Prairie Suite 518"|"977-993-1296x76556"|"Theatre stage manager"|"Pugh LLC"|"1932-07-04"
"f9e90dfc-82e4-404f-b84d-4230d7cb1304"|"Deborah"|"Mendoza"|"F"|"832 Chandler Tunnel Suite 681"|"+1-808-502-6889"|"Insurance claims handler"|"Delgado and Sons"|"1950-11-22"