<?xml version="1.0" encoding="UTF-8" ?><automobiles><automobile><person_id>94e15ca1-2b68-4fe8-9d06-7355d5b0ea3c</person_id><license_plate>UV 7336</license_plate><vin>4F0C87SP0VU7KCST5</vin><color>Navy</color><year>2014</year></automobile><automobile><person_id>9fe09f3e-173c-4f68-bf93-059943812c25</person_id><license_plate>MLG 913</license_plate><vin>5U8XFPDU7FB44DHM3</vin><color>MediumBlue</color><year>2020</year></automobile><automobile><person_id>8857d011-96ed-48e5-9ec7-ec0957263ae5</person_id><license_plate>UDJ 527</license_plate><vin>U84DKAA24GN3X4SZG</vin><color>MediumTurquoise</color><year>2023</year></automobile><automobile><person_id>8857d011-96ed-48e5-9ec7-ec0957263ae5</person_id><license_plate>37U 0547</license_plate><vin>ND6DJKU4863UGA4AT</vin><color>Beige</color><year>2021</year></automobile><automobile><person_id>d4aa13ae-9985-46b3-9924-ac875c8184fe</person_id><license_plate>AFZ9440</license_plate><vin>WJ0YWVM775WNNAUWH</vin><color>Peru</color><year>1983</year></automobile><automobile><person_id>d4aa13ae-9985-46b3-9924-ac875c8184fe</person_id><license_plate>QTE2476</license_plate><vin>HHRCPZ68XMLMDFH9W</vin><color>PapayaWhip</color><year>1979</year></automobile><automobile><person_id>7a6d088c-e215-447f-91f5-cee48586c3c8</person_id><license_plate>OF5 W9R</license_plate><vin>FFBW36NM2GK2BJ16N</vin><color>Azure</color><year>1972</year></automobile><automobile><person_id>a9ab5a24-3461-4fc1-96f8-269b5250c525</person_id><license_plate>14GG8</license_plate><vin>RV7V0UU96315V9LHG</vin><color>DarkSlateGray</color><year>1995</year></automobile><automobile><person_id>a9ab5a24-3461-4fc1-96f8-269b5250c525</person_id><license_plate>KPK3760</license_plate><vin>VHZSWE9L202D32XDC</vin><color>LightGoldenRodYellow</color><year>1993</year></automobile><automobile><person_id>a9ab5a24-3461-4fc1-96f8-269b5250c525</person_id><license_plate>MPP 121</license_plate><vin>PZNAPPVF41M57E2UU</vin><color>PapayaWhip</color><year>2017</year></automobile><automobile><person_id>e715b3c8-b4fa-4575-8d37-b9277155e944</person_id><license_plate>2-6963M</license_plate><vin>EBJXJLN50Z2FW6S0B</vin><color>Tan</color><year>1976</year></automobile><automobile><person_id>e2c6243a-eef2-4b4b-be0e-ad08224b8d4c</person_id><license_plate>CFQ-9446</license_plate><vin>Z2KTCCU87YEUE007W</vin><color>MediumBlue</color><year>1997</year></automobile><automobile><person_id>e2c6243a-eef2-4b4b-be0e-ad08224b8d4c</person_id><license_plate>DGO G55</license_plate><vin>VF5KC5F39VGD29YV7</vin><color>Chocolate</color><year>2004</year></automobile><automobile><person_id>a7f3d1fd-b1fd-4937-af09-4094294802fc</person_id><license_plate>LJR 352</license_plate><vin>JKKWSXME37A1XZ5M9</vin><color>HotPink</color><year>2011</year></automobile><automobile><person_id>0d37e70d-7d98-4f84-8dad-e114d4ba1ca0</person_id><license_plate>VBS-801</license_plate><vin>E90GT6ZY2HCUAST80</vin><color>BlanchedAlmond</color><year>2012</year></automobile><automobile><person_id>0d37e70d-7d98-4f84-8dad-e114d4ba1ca0</person_id><license_plate>1AB5852</license_plate><vin>WZ564CFC62D0PTJMD</vin><color>Beige</color><year>2005</year></automobile><automobile><person_id>0d37e70d-7d98-4f84-8dad-e114d4ba1ca0</person_id><license_plate>HCT-0817</license_plate><vin>6KGXEV2D4W3B8WCLA</vin><color>AntiqueWhite</color><year>2002</year></automobile><automobile><person_id>59bd3b96-dd3a-4189-898f-e5aa9a424d0d</person_id><license_plate>RHM6501</license_plate><vin>9WXUTXZ932L9DWJ2W</vin><color>DarkOliveGreen</color><year>2002</year></automobile><automobile><person_id>bac7311d-68f6-4922-add9-24e59d9d38c1</person_id><license_plate>090-761</license_plate><vin>66KFCPSPX10AKYDC4</vin><color>SpringGreen</color><year>2007</year></automobile><automobile><person_id>bac7311d-68f6-4922-add9-24e59d9d38c1</person_id><license_plate>636-VIG</license_plate><vin>B22DYJL5XX0AGM30N</vin><color>RosyBrown</color><year>1989</year></automobile><automobile><person_id>72c352d6-469c-4cfd-9f95-dbe8110dd983</person_id><license_plate>442 CNL</license_plate><vin>D87HUWAA57GG9S8DD</vin><color>LightCyan</color><year>2004</year></automobile><automobile><person_id>72c352d6-469c-4cfd-9f95-dbe8110dd983</person_id><license_plate>AWH-118</license_plate><vin>H7HZVMTC2A7J0CELU</vin><color>Beige</color><year>1999</year></automobile><automobile><person_id>9a2e56ca-f0ce-46fd-b74a-9645a2a90de5</person_id><license_plate>T64 0RM</license_plate><vin>WY0R8RA14LK1W9EBF</vin><color>MediumAquaMarine</color><year>1991</year></automobile><automobile><person_id>9a2e56ca-f0ce-46fd-b74a-9645a2a90de5</person_id><license_plate>2QJ1410</license_plate><vin>XBHDEWKW4GVA4N4RA</vin><color>Orchid</color><year>2013</year></automobile><automobile><person_id>407061f5-de5b-47ce-9c18-ffc0f8a8c859</person_id><license_plate>3C WY558</license_plate><vin>MPGJ48BA934YMK00M</vin><color>Teal</color><year>2000</year></automobile><automobile><person_id>407061f5-de5b-47ce-9c18-ffc0f8a8c859</person_id><license_plate>28-04501</license_plate><vin>JGCXFUUE24BM222KF</vin><color>PaleTurquoise</color><year>2016</year></automobile><automobile><person_id>0514ff10-c0d0-416f-8313-09e966f519e7</person_id><license_plate>145 YIO</license_plate><vin>EKR1B9DE7EEYA3N3C</vin><color>PeachPuff</color><year>1976</year></automobile><automobile><person_id>0514ff10-c0d0-416f-8313-09e966f519e7</person_id><license_plate>MFW9927</license_plate><vin>KPPJ5UFK8TW5HVPCU</vin><color>DarkSalmon</color><year>2009</year></automobile><automobile><person_id>0514ff10-c0d0-416f-8313-09e966f519e7</person_id><license_plate>N 160990</license_plate><vin>A7FBPC3U4Y6NTFWKG</vin><color>LightSeaGreen</color><year>1970</year></automobile><automobile><person_id>423ef1a8-e167-4199-8332-205c3cdcefbe</person_id><license_plate>19A 2868</license_plate><vin>EDLZE4211WN3XXVMZ</vin><color>DarkSlateGray</color><year>1970</year></automobile><automobile><person_id>423ef1a8-e167-4199-8332-205c3cdcefbe</person_id><license_plate>776-239</license_plate><vin>7CM1YLE15SG4P0JK7</vin><color>LightSalmon</color><year>2004</year></automobile><automobile><person_id>423ef1a8-e167-4199-8332-205c3cdcefbe</person_id><license_plate>881-088</license_plate><vin>XPPEZUPJ46YGY22K8</vin><color>Olive</color><year>1976</year></automobile><automobile><person_id>d4cc40f5-cc40-4fab-ad65-42f4818ac72c</person_id><license_plate>LZY-597</license_plate><vin>1YRJC5ST08SMUA0ST</vin><color>Khaki</color><year>2015</year></automobile><automobile><person_id>d4cc40f5-cc40-4fab-ad65-42f4818ac72c</person_id><license_plate>304EIZ</license_plate><vin>ZARAR62W02UE0E8B7</vin><color>Bisque</color><year>2007</year></automobile><automobile><person_id>4576da8b-d016-4ba2-9bfb-1aa2c02c333e</person_id><license_plate>843 OKM</license_plate><vin>4LVYK3HA4D4B4R3TR</vin><color>Silver</color><year>2014</year></automobile><automobile><person_id>06a05912-51cc-475e-ab9f-5447cf1cd2db</person_id><license_plate>MDA9595</license_plate><vin>CEKWW4P92U555BUHN</vin><color>LightSkyBlue</color><year>1981</year></automobile><automobile><person_id>7b64fdb7-cc46-40b0-9d2b-eb7ef0cf6c11</person_id><license_plate>3V 53346</license_plate><vin>ESSBTM8H28V0LJ5A0</vin><color>CornflowerBlue</color><year>1979</year></automobile><automobile><person_id>7b64fdb7-cc46-40b0-9d2b-eb7ef0cf6c11</person_id><license_plate>CGB-1174</license_plate><vin>GV5MGSN9625G8A14C</vin><color>Chocolate</color><year>1992</year></automobile><automobile><person_id>64f20689-17c4-49f2-be90-154edc310c33</person_id><license_plate>MJC 050</license_plate><vin>UL7DW5009NTP56ASU</vin><color>DeepSkyBlue</color><year>1978</year></automobile><automobile><person_id>64f20689-17c4-49f2-be90-154edc310c33</person_id><license_plate>546656</license_plate><vin>R15NNEJU0ZLNWB697</vin><color>BlueViolet</color><year>2004</year></automobile><automobile><person_id>5f36d5e8-36ed-472f-8830-627cb89de0ed</person_id><license_plate>6-29711S</license_plate><vin>WSUR4FTUXHHT35RWZ</vin><color>BurlyWood</color><year>1981</year></automobile><automobile><person_id>b3560313-5f9c-495a-be80-4061491cd75f</person_id><license_plate>340 3UU</license_plate><vin>U6GT6RHT7G6KG4G6M</vin><color>DarkCyan</color><year>2000</year></automobile><automobile><person_id>9b0bc9a6-6f51-4cdc-b252-4b47e7f4ba6c</person_id><license_plate>2GQ 762</license_plate><vin>TL5TDRHHXSM14E8VJ</vin><color>Purple</color><year>1972</year></automobile><automobile><person_id>05b50086-36f7-4f8d-a0b5-ea4dcbe3e4ce</person_id><license_plate>HPO 433</license_plate><vin>LTW6HZD46B74NRYVB</vin><color>Navy</color><year>2004</year></automobile><automobile><person_id>dbec252b-359f-4b0a-845b-d1976fa6c8b8</person_id><license_plate>3WN 246</license_plate><vin>LVJLN1JY9NGMHCAFC</vin><color>Aqua</color><year>1997</year></automobile><automobile><person_id>38b238c4-be72-4652-8227-9c4eacd455f2</person_id><license_plate>JBC 503</license_plate><vin>S35HS9D054ZVJT52L</vin><color>PapayaWhip</color><year>2000</year></automobile><automobile><person_id>9a1271ab-8c8f-4248-ab5a-da08db71c34d</person_id><license_plate>232-FBX</license_plate><vin>LG5B37DT7ME17XJL1</vin><color>White</color><year>1973</year></automobile><automobile><person_id>9a1271ab-8c8f-4248-ab5a-da08db71c34d</person_id><license_plate>31A 8429</license_plate><vin>YYZBWL1H6JEXUM0J1</vin><color>LightCoral</color><year>2022</year></automobile><automobile><person_id>9a1271ab-8c8f-4248-ab5a-da08db71c34d</person_id><license_plate>TP 63936</license_plate><vin>LNHFYX7W359BNPM6B</vin><color>MediumBlue</color><year>1979</year></automobile><automobile><person_id>a9d9be2d-a66e-41a5-a2ce-686fd7b10e08</person_id><license_plate>4AR61</license_plate><vin>Y3HFVJSA14J1GRKK6</vin><color>DarkGoldenRod</color><year>1989</year></automobile><automobile><person_id>a9d9be2d-a66e-41a5-a2ce-686fd7b10e08</person_id><license_plate>1100 UX</license_plate><vin>6ZH0G4DP1F0VLAGUW</vin><color>Chartreuse</color><year>2002</year></automobile><automobile><person_id>4f728b11-e3e0-497a-9c35-adf82b636cfa</person_id><license_plate>128-756</license_plate><vin>VTUG3PBW1Z64ASPW8</vin><color>YellowGreen</color><year>1970</year></automobile><automobile><person_id>4f728b11-e3e0-497a-9c35-adf82b636cfa</person_id><license_plate>002 VAC</license_plate><vin>WXMTF64193P5A1KK0</vin><color>Teal</color><year>2020</year></automobile><automobile><person_id>a5858c93-d78b-4a31-8ca3-c5ef3d338d68</person_id><license_plate>551 KTM</license_plate><vin>D8VYZF3F2KKXVX7EC</vin><color>PapayaWhip</color><year>2007</year></automobile><automobile><person_id>a5858c93-d78b-4a31-8ca3-c5ef3d338d68</person_id><license_plate>6HGG 20</license_plate><vin>PSTSSWWA8APB01E4V</vin><color>Snow</color><year>2009</year></automobile><automobile><person_id>a5858c93-d78b-4a31-8ca3-c5ef3d338d68</person_id><license_plate>082-CNM</license_plate><vin>4WCFDK3BXYU0KF1MU</vin><color>NavajoWhite</color><year>1995</year></automobile><automobile><person_id>be68171f-023b-4f1c-a77b-0bc4a3749149</person_id><license_plate>25B 632</license_plate><vin>6FJN474W96UVCCXRG</vin><color>GhostWhite</color><year>1971</year></automobile><automobile><person_id>4b4f1ba8-361d-4c20-98e0-45f7373e76d5</person_id><license_plate>932A3</license_plate><vin>74C24M2N9KJMB6LE0</vin><color>MediumBlue</color><year>1984</year></automobile><automobile><person_id>4b4f1ba8-361d-4c20-98e0-45f7373e76d5</person_id><license_plate>3309 RE</license_plate><vin>9K8XRURL8PPKDSM7W</vin><color>LightSkyBlue</color><year>1990</year></automobile><automobile><person_id>00e8669e-3f8b-4eb1-9f09-2e5c48ce534f</person_id><license_plate>VCQ1922</license_plate><vin>3KCPC3ZG4SAAW5NH9</vin><color>LemonChiffon</color><year>1997</year></automobile><automobile><person_id>aff01ac3-327f-4a88-b94a-d72cd812ae73</person_id><license_plate>680 XYK</license_plate><vin>MMEKJ8AE28JA6F7WU</vin><color>SteelBlue</color><year>1985</year></automobile><automobile><person_id>75889b19-7e83-4897-b5c7-bcd250db382d</person_id><license_plate>94-GN07</license_plate><vin>UR9MDWSK320V9LSPE</vin><color>Crimson</color><year>2024</year></automobile><automobile><person_id>6436392e-2d94-4141-92be-53016369f4c9</person_id><license_plate>6CI E84</license_plate><vin>JFA1WH9K5127LH6AZ</vin><color>Pink</color><year>2016</year></automobile><automobile><person_id>6436392e-2d94-4141-92be-53016369f4c9</person_id><license_plate>708 WPP</license_plate><vin>V1GZ6J3R3MR32MTJE</vin><color>LightSeaGreen</color><year>2016</year></automobile><automobile><person_id>6436392e-2d94-4141-92be-53016369f4c9</person_id><license_plate>19J U82</license_plate><vin>Y615JKP105XFZH41A</vin><color>PeachPuff</color><year>2004</year></automobile><automobile><person_id>b39f8e92-56d7-4ae1-a922-d10265812d83</person_id><license_plate>4Y JO542</license_plate><vin>RWG2GU569Y0L64V6M</vin><color>OliveDrab</color><year>1986</year></automobile><automobile><person_id>b39f8e92-56d7-4ae1-a922-d10265812d83</person_id><license_plate>EW 47171</license_plate><vin>Z1MZ8BUK2D2LVRWKC</vin><color>PaleGreen</color><year>1975</year></automobile><automobile><person_id>e1d769cf-05ca-43b4-ac6a-e3417062cf97</person_id><license_plate>NLP 891</license_plate><vin>85RVCY6Z2PLET4ZHH</vin><color>DarkTurquoise</color><year>2011</year></automobile><automobile><person_id>36e57a01-5da6-4dae-84c0-c2b75b8d29ad</person_id><license_plate>RDL 030</license_plate><vin>X9YTPJ7E8RF9YKVKH</vin><color>Azure</color><year>1983</year></automobile><automobile><person_id>36e57a01-5da6-4dae-84c0-c2b75b8d29ad</person_id><license_plate>264871</license_plate><vin>YP7BTCBF18TW7VU5V</vin><color>LightGray</color><year>1986</year></automobile><automobile><person_id>36e57a01-5da6-4dae-84c0-c2b75b8d29ad</person_id><license_plate>707-699</license_plate><vin>2TGKVBL705ZCV783H</vin><color>DarkGreen</color><year>1994</year></automobile><automobile><person_id>1a6e7662-e5ea-47e1-ba10-2d4ddbd363a4</person_id><license_plate>KEN 076</license_plate><vin>VK8NFEF0XXRUPH36M</vin><color>Tomato</color><year>2011</year></automobile><automobile><person_id>1a6e7662-e5ea-47e1-ba10-2d4ddbd363a4</person_id><license_plate>FAT-261</license_plate><vin>PTPEZHR34UVE53N11</vin><color>DarkRed</color><year>1979</year></automobile><automobile><person_id>936e3d3d-b362-433d-9a74-fdc3a8ab422a</person_id><license_plate>910HTO</license_plate><vin>0G53TV8C341A6F9AV</vin><color>LawnGreen</color><year>2013</year></automobile><automobile><person_id>14996d7a-7eb5-45be-86d7-75bd263aa0f6</person_id><license_plate>1A 38867</license_plate><vin>CW77XY0K73CNB8RX2</vin><color>LightCoral</color><year>2023</year></automobile><automobile><person_id>14996d7a-7eb5-45be-86d7-75bd263aa0f6</person_id><license_plate>OFD-0046</license_plate><vin>4BTKWX1U4VKNVYZF4</vin><color>PapayaWhip</color><year>1988</year></automobile><automobile><person_id>a55015d6-8b3d-4e51-b10f-f2879d86df17</person_id><license_plate>9R664</license_plate><vin>13W6187L6REV5X5E6</vin><color>LightSteelBlue</color><year>2003</year></automobile><automobile><person_id>a55015d6-8b3d-4e51-b10f-f2879d86df17</person_id><license_plate>89-55828</license_plate><vin>ELBBE9EZ1NA5DED0P</vin><color>LightGray</color><year>1982</year></automobile><automobile><person_id>908e9fe5-f9b1-48f9-a1e1-da9bee0a4087</person_id><license_plate>ZFB 723</license_plate><vin>30PV4PKM7J28PNTA1</vin><color>DarkViolet</color><year>1976</year></automobile><automobile><person_id>908e9fe5-f9b1-48f9-a1e1-da9bee0a4087</person_id><license_plate>349-MRU</license_plate><vin>MRM7F9196B05ELAYW</vin><color>CornflowerBlue</color><year>1995</year></automobile><automobile><person_id>09d93bdd-6f3c-41d5-99c0-1eb4cdd38da8</person_id><license_plate>6RHG 01</license_plate><vin>YKP2VK0T23J96AM01</vin><color>Peru</color><year>1975</year></automobile><automobile><person_id>09d93bdd-6f3c-41d5-99c0-1eb4cdd38da8</person_id><license_plate>TPP 323</license_plate><vin>GVN5HM7S4KA1MBSKZ</vin><color>Maroon</color><year>1994</year></automobile><automobile><person_id>a98bf7e8-ccd3-442b-bc8f-f5dbdb064da8</person_id><license_plate>5EP 531</license_plate><vin>HCEA9U0W91LDKRP9K</vin><color>SteelBlue</color><year>1970</year></automobile><automobile><person_id>ad6533b3-5334-4ae6-a8c5-a9153c023cba</person_id><license_plate>437-QHU</license_plate><vin>A7G9P1LH7S07F8196</vin><color>DodgerBlue</color><year>1979</year></automobile><automobile><person_id>ad6533b3-5334-4ae6-a8c5-a9153c023cba</person_id><license_plate>66JE2</license_plate><vin>8RXYRS6U0Y6EJ4DH2</vin><color>Bisque</color><year>2012</year></automobile><automobile><person_id>ad6533b3-5334-4ae6-a8c5-a9153c023cba</person_id><license_plate>FML-7830</license_plate><vin>T9LRLCCR2SR13W9N6</vin><color>DarkOliveGreen</color><year>2000</year></automobile><automobile><person_id>7d01f706-d27d-4599-bd92-defb92f5e872</person_id><license_plate>LOG 896</license_plate><vin>WE7B0G2Y43D2W4ATR</vin><color>Blue</color><year>2023</year></automobile><automobile><person_id>7d01f706-d27d-4599-bd92-defb92f5e872</person_id><license_plate>NXF 130</license_plate><vin>0JNEPM1D43WFNUKPH</vin><color>DarkGray</color><year>2023</year></automobile><automobile><person_id>c3161749-9d6c-4426-afac-f2e0c91590c1</person_id><license_plate>SWC-198</license_plate><vin>0RM2C0KR7AP1CWR45</vin><color>MediumSlateBlue</color><year>2015</year></automobile><automobile><person_id>c3161749-9d6c-4426-afac-f2e0c91590c1</person_id><license_plate>412-JXT</license_plate><vin>J1RPEC6W577H243Y4</vin><color>LightCoral</color><year>2010</year></automobile><automobile><person_id>c033a8ef-ef41-4f9f-9c1a-a0a05933ff98</person_id><license_plate>XDB 808</license_plate><vin>BBP4S8MP6H33KW1J6</vin><color>IndianRed</color><year>2013</year></automobile><automobile><person_id>c033a8ef-ef41-4f9f-9c1a-a0a05933ff98</person_id><license_plate>5ITZ 92</license_plate><vin>8TBNN33E60XAG2TWT</vin><color>CadetBlue</color><year>1992</year></automobile><automobile><person_id>4be4b40a-b046-400f-baae-52c05165f77b</person_id><license_plate>309 SER</license_plate><vin>9UGYE8ZW4FV2ENFBJ</vin><color>Chocolate</color><year>1972</year></automobile><automobile><person_id>4be4b40a-b046-400f-baae-52c05165f77b</person_id><license_plate>31-A541</license_plate><vin>TNXUYB5U0AWY2BXSZ</vin><color>Tomato</color><year>2014</year></automobile><automobile><person_id>8fe61abc-6960-496c-b8f7-21b13ebdf8d9</person_id><license_plate>ND-6522</license_plate><vin>K1JZD87L2ZTBW4T92</vin><color>GreenYellow</color><year>2006</year></automobile><automobile><person_id>f64017bb-23c1-458d-8e4e-39c6a807dcdd</person_id><license_plate>T 738440</license_plate><vin>JU7LRXUY8GFB3JN6A</vin><color>BlueViolet</color><year>1974</year></automobile><automobile><person_id>f64017bb-23c1-458d-8e4e-39c6a807dcdd</person_id><license_plate>2-93335B</license_plate><vin>934UXJXL754YRCBK4</vin><color>Snow</color><year>2018</year></automobile><automobile><person_id>9eccb389-dc84-4f0b-8531-ddcbcfa1de61</person_id><license_plate>WXH3362</license_plate><vin>WCBAC4RW8V9MD8GLX</vin><color>DarkRed</color><year>2010</year></automobile><automobile><person_id>c89c2b5d-dca7-4005-aad9-26e83285e062</person_id><license_plate>327 7134</license_plate><vin>5WKWSL9J77H86STXH</vin><color>PaleTurquoise</color><year>2004</year></automobile><automobile><person_id>c2a5ab4d-20f4-457a-a062-87360e839e42</person_id><license_plate>R07 3AI</license_plate><vin>GZEKDNC81TBZWHENX</vin><color>DarkTurquoise</color><year>1991</year></automobile><automobile><person_id>87db3407-b6d2-4028-8a13-a055e5beaee2</person_id><license_plate>035 XQE</license_plate><vin>44VEAYS866DWM3S1U</vin><color>MediumVioletRed</color><year>1980</year></automobile><automobile><person_id>87db3407-b6d2-4028-8a13-a055e5beaee2</person_id><license_plate>568-173</license_plate><vin>WRKR14PR17STRX24E</vin><color>Aquamarine</color><year>1995</year></automobile><automobile><person_id>87db3407-b6d2-4028-8a13-a055e5beaee2</person_id><license_plate>VNN9576</license_plate><vin>MV2LFTVS0WUX365PS</vin><color>Turquoise</color><year>2007</year></automobile><automobile><person_id>fa65f8e6-9c38-4dc0-ba9c-f191940f0eda</person_id><license_plate>0CX 509</license_plate><vin>26HELLH26AB47FR75</vin><color>DarkMagenta</color><year>1997</year></automobile><automobile><person_id>a93e87c3-b981-4362-a56f-a6f6f963e5be</person_id><license_plate>092 SWM</license_plate><vin>BPWWPB1T23UCW3534</vin><color>PowderBlue</color><year>2009</year></automobile><automobile><person_id>a93e87c3-b981-4362-a56f-a6f6f963e5be</person_id><license_plate>B 949835</license_plate><vin>423DC8DU7G0HECNSF</vin><color>MintCream</color><year>2014</year></automobile><automobile><person_id>088a7382-ea93-44df-84b1-37195ae0d640</person_id><license_plate>27-S327</license_plate><vin>RPFTHTLT0CXB93CP7</vin><color>DeepSkyBlue</color><year>2011</year></automobile><automobile><person_id>7f93e427-1cdf-4f16-b2b0-e3187ea40e15</person_id><license_plate>841-RTG</license_plate><vin>18UW6TKZ00DAHPW2V</vin><color>Peru</color><year>1983</year></automobile><automobile><person_id>7f93e427-1cdf-4f16-b2b0-e3187ea40e15</person_id><license_plate>510 VI5</license_plate><vin>LHR8W6VA93ENUBKCH</vin><color>SeaShell</color><year>2023</year></automobile><automobile><person_id>7f93e427-1cdf-4f16-b2b0-e3187ea40e15</person_id><license_plate>KKI-783</license_plate><vin>V96HYM7G6237ARRN6</vin><color>HoneyDew</color><year>2012</year></automobile><automobile><person_id>713bc402-eb42-405c-9343-d2d6ec20b5fa</person_id><license_plate>47-DR53</license_plate><vin>HDA8V3ZK8REBV1YEB</vin><color>LightSkyBlue</color><year>2022</year></automobile><automobile><person_id>713bc402-eb42-405c-9343-d2d6ec20b5fa</person_id><license_plate>WHO4248</license_plate><vin>3WH1HRYXXD4YWAC9B</vin><color>Thistle</color><year>2019</year></automobile><automobile><person_id>d5cee850-4e5d-49fd-85b6-3637023c3074</person_id><license_plate>ONN-159</license_plate><vin>08H5RVGNXXHC7W76T</vin><color>DarkGreen</color><year>2015</year></automobile><automobile><person_id>c6bbbbd8-6032-46d0-8df8-cee2064c6d5b</person_id><license_plate>513 4YC</license_plate><vin>P22X8DDW3SB7HSB19</vin><color>MediumSeaGreen</color><year>1994</year></automobile><automobile><person_id>91087f62-769b-4479-8fd0-d2802c4c37c0</person_id><license_plate>T89 1KF</license_plate><vin>XZ9NFLDR70WTFMFU6</vin><color>DarkSlateBlue</color><year>2001</year></automobile><automobile><person_id>25d92d76-e7e3-4f60-9911-7d6039773c8d</person_id><license_plate>897 7TT</license_plate><vin>RVHPS08E0B3DK8H1M</vin><color>Chocolate</color><year>2000</year></automobile><automobile><person_id>ee76fa1a-d4d2-4c8f-aea3-21bd14b26671</person_id><license_plate>79C•950</license_plate><vin>FU7DDYL2X49D1Y12N</vin><color>LawnGreen</color><year>2007</year></automobile><automobile><person_id>7e7b1897-48ab-456b-8b06-29067491aa6e</person_id><license_plate>WMA-1579</license_plate><vin>7E3F4HXZ6XTX35L11</vin><color>Moccasin</color><year>1976</year></automobile><automobile><person_id>7e7b1897-48ab-456b-8b06-29067491aa6e</person_id><license_plate>50-O495</license_plate><vin>3Y9R34ZD0FREVG0Y3</vin><color>LightCyan</color><year>1982</year></automobile><automobile><person_id>866c0033-3366-4ee5-817b-3c5c278fe803</person_id><license_plate>9-Q1610</license_plate><vin>2060PTA59SYVA05V9</vin><color>SeaGreen</color><year>1971</year></automobile><automobile><person_id>866c0033-3366-4ee5-817b-3c5c278fe803</person_id><license_plate>GQ-0671</license_plate><vin>23TRTUCC3BGUPLSNA</vin><color>DarkKhaki</color><year>2018</year></automobile><automobile><person_id>73f450c8-cf68-4050-9780-1e902c3337fd</person_id><license_plate>YEG7088</license_plate><vin>P4ESPLJ96JHMGM06F</vin><color>LightCoral</color><year>1979</year></automobile><automobile><person_id>73f450c8-cf68-4050-9780-1e902c3337fd</person_id><license_plate>HHR 521</license_plate><vin>0EU88P8J9ZLA069VW</vin><color>Green</color><year>2005</year></automobile><automobile><person_id>0ac6edf9-d0b3-4642-9b13-fd5d2d5737b6</person_id><license_plate>92D•911</license_plate><vin>P8D1UFUM89K6HH68H</vin><color>Magenta</color><year>1991</year></automobile><automobile><person_id>0ac6edf9-d0b3-4642-9b13-fd5d2d5737b6</person_id><license_plate>VQL-1143</license_plate><vin>R05SNGJR5625LZXLL</vin><color>Sienna</color><year>2020</year></automobile></automobiles>