"id"|"first_name"|"last_name"|"sex"|"address"|"phone_number"|"profession"|"company"|"date_of_birth"
"a5b9f9f9-c531-40d6-b122-d6aac84aec5e"|"Katherine"|"Osborne"|"F"|"177 Ortiz Brooks"|"001-203-939-3637"|"Scientist, research (physical sciences)"|"Hall, Mcfarland and Vaughn"|"1971-07-18"
"6962b2db-b6d7-4389-b95c-05c3381c1454"|"Matthew"|"Park"|"M"|"464 Higgins Port Apt. 001"|"(620)416-4730"|"Engineer, agricultural"|"Anderson-Bowers"|"1922-03-31"
"4dc144e8-3bc2-4142-8a3b-0856eefd09d5"|"Bryan"|"Fisher"|"M"|"841 Jeffery Isle"|"6169182416"|"Town planner"|"Thomas, Martinez and Hernandez"|"1971-06-06"
"7dddbdb6-0471-42e3-8de1-c7aa9950e971"|"Michael"|"Riddle"|"M"|"361 Parks Trace Suite 497"|"+1-997-881-8142x53528"|"Administrator, charities/voluntary organisations"|"Morales PLC"|"2016-06-24"
"f95fb6b8-dd22-4280-9018-87b12f459a0d"|"Jonathon"|"Velez"|"M"|"49 Stacey Via Suite 001"|"+1-845-597-4972x126"|"Claims inspector/assessor"|"Baker-Elliott"|"1991-06-20"
"ebb66fd0-cf54-4c0e-8480-939fe5783e52"|"Daniel"|"Barnes"|"M"|"200 Chandler Tunnel Suite 681"|"642-896-9217x85798"|"Advertising copywriter"|"Noble, Jackson and Castillo"|"2021-03-10"
"7a2135ae-5096-43ef-b52a-78f2ce0361bb"|"Rebecca"|"Fleming"|"F"|"586 Murphy Creek Suite 712"|"(831)268-9145"|"Print production planner"|"Mitchell, Murray and Moreno"|"1991-05-17"
"2ea1bff5-5b28-4db8-b6a7-1071ae391a39"|"Holly"|"Foster"|"F"|"617 Davenport Fords"|"+1-929-238-3128x470"|"Water engineer"|"Hernandez-Bailey"|"1915-06-08"
"400a215a-a204-482d-9ed6-006790b45d14"|"Natalie"|"Morris"|"F"|"408 Tim Avenue Apt. 437"|"(265)426-9128"|"Theatre manager"|"Warner, Rios and Mcguire"|"1962-05-10"
"45312fd4-f19e-4f8f-8b12-01dad937270d"|"Christopher"|"Spencer"|"M"|"373 Pham Ports"|"(781)673-5894x0506"|"Teacher, special educational needs"|"Curry-Garza"|"1992-04-23"
"1f7e27c8-58e0-457c-bab4-4109ce34cd5c"|"Stacey"|"Gates"|"F"|"136 Tim Avenue Apt. 437"|"311-913-0070x3485"|"Land/geomatics surveyor"|"Ortega, Bailey and Gamble"|"1975-05-23"
"a73287f2-1140-4bdc-a3d2-5a23272a761b"|"Antonio"|"Welch"|"M"|"317 Hensley Park Suite 873"|"352-974-5452x0980"|"IT sales professional"|"Thompson-Nash"|"1956-08-04"
"39fa1152-7422-4836-a1de-06c48eca067d"|"Rebecca"|"Russell"|"F"|"985 William Avenue"|"001-995-622-1327x580"|"Doctor, general practice"|"Baxter Ltd"|"1956-04-22"
"473a0611-ce07-4d36-b802-0308faece86f"|"Tammy"|"Hernandez"|"F"|"343 Jessica Mountains Suite 248"|"960.968.0672x1475"|"Occupational psychologist"|"Garrett Ltd"|"1940-05-21"
"c85a2652-7dfb-4b68-8e2b-1eabf2112559"|"Amber"|"Fisher"|"F"|"401 Garcia Road Suite 143"|"+1-942-857-3617x9073"|"Police Officer"|"TTPD"|"1909-06-14"
"1c062599-a1e5-4f19-9296-7b8ffb7434c3"|"Patrick"|"Foster"|"M"|"718 Ortiz Brooks"|"606-582-0686x599"|"Higher education lecturer"|"Mcdonald-Jackson"|"1908-05-26"
"1f981bec-b3fb-4841-82dd-8bf1759edc1f"|"Todd"|"Flynn"|"M"|"708 Thomas Ford"|"5849637244"|"Human resources officer"|"Wood, Olson and Richard"|"1961-01-10"
"c1488d79-6591-4b22-9109-d656d31f6d5b"|"Todd"|"Jackson"|"M"|"283 Matthew Keys"|"762-781-6735"|"Risk manager"|"Tucker, Stevens and Clark"|"1994-03-03"
"a896eaa1-8503-4425-95be-4546a9cde818"|"Maria"|"White"|"F"|"935 Christine Gateway"|"416.446.3310"|"Private music teacher"|"Wilson-Cunningham"|"1953-11-11"
"7c99f31a-85e2-46ff-ad31-32fc7456843d"|"Rodriguez"|"Solomon"|"M"|"759 Jacobs Ports Suite 715"|"631.397.4192"|"Radiation protection practitioner"|"Taylor Ltd"|"2009-06-12"
"dacd337b-3cba-47b0-935b-045b76ecfff1"|"Adam"|"Willis"|"M"|"588 Nathan Views"|"662.272.8990x55682"|"Air traffic controller"|"Torres-Henderson"|"1946-09-06"
"de26a742-2bc3-4343-b799-cbda388752cc"|"Sheila"|"Davis"|"F"|"390 Chandler Tunnel Suite 681"|"+1-849-762-1105"|"Camera operator"|"Gomez-Johnson"|"1979-05-12"
"5df67db1-87c1-4303-a5d9-b6d0ba6aba66"|"John"|"Matthews"|"M"|"49 Kari Alley Suite 131"|"001-484-504-6548x162"|"Horticulturist, amenity"|"Ellison, Parsons and Harper"|"1997-04-17"
"fa5c41fd-2e3d-46a8-bb09-82956f068125"|"Derek"|"Foster"|"M"|"536 Thomas Coves Suite 736"|"3326206161"|"Claims inspector/assessor"|"Benson, Anderson and Cook"|"2020-05-25"
"ede6cd4d-6aba-4c54-aecc-df57d854b79e"|"Lawrence"|"Romero"|"M"|"841 Bailey Trail"|"484-491-2372x8872"|"Editor, commissioning"|"Mayo, Jackson and Werner"|"1946-12-30"
"9380e07e-b870-48c7-9d6e-e0429020784d"|"Renee"|"Freeman"|"F"|"46 Jeffrey Run"|"345-428-3669"|"Environmental education officer"|"Roberts, Lewis and Bates"|"1972-10-09"
"a8c28396-afb9-4fcf-9963-3475d208eefc"|"Hector"|"Lynch"|"M"|"283 Randolph Way Suite 427"|"(714)401-8452"|"Engineer, petroleum"|"Zimmerman and Sons"|"1965-11-30"
"29f16223-689c-455f-991f-429f13691167"|"Michael"|"Cooke"|"M"|"924 Chandler Tunnel Suite 681"|"810-288-2493x377"|"Prison officer"|"Johnson Group"|"1963-06-27"
"d7dd6412-7fed-4d85-a912-d6807633185d"|"Christina"|"Jackson"|"F"|"833 King Land"|"230.477.7919"|"Control and instrumentation engineer"|"Myers-Moore"|"2008-10-21"
"e19581cd-1eab-4fa0-9edf-ebfd4ec76c27"|"Brooke"|"Ruiz"|"F"|"200 May Rest Suite 582"|"869.239.7434x896"|"Social researcher"|"Perez, Cain and Cook"|"2005-05-08"
"4a3985a3-9890-466e-9f89-ca632df9282d"|"Donald"|"Jackson"|"M"|"299 Higgins Port Apt. 001"|"+1-732-580-0917x28045"|"Engineer, biomedical"|"Leach, Watson and Beltran"|"1955-02-21"
"fca32e5d-3b7f-4582-851b-4f4a4be5b769"|"Emily"|"Gardner"|"F"|"728 Luna Loop"|"540-501-3664"|"Television production assistant"|"Contreras, Buckley and Wood"|"1977-09-28"
"5c7ac6a7-3df9-4e9d-b910-7a473f5563fc"|"Lee"|"Leach"|"M"|"797 Gabriel Hill Apt. 094"|"001-461-942-8778x8868"|"Local government officer"|"Smith-Gomez"|"1944-01-12"
"28eab42b-4428-4a2e-83b4-0ddf2709596b"|"Heather"|"Martin"|"F"|"956 Phillip Spring"|"001-682-762-0569x5366"|"Surgeon"|"Howard and Sons"|"2020-09-26"
"05bc3029-9758-445d-8a39-2e1e97041300"|"Nicholas"|"Miller"|"M"|"818 Charles Mall Apt. 745"|"798-724-4580"|"Risk analyst"|"Kelly-Hernandez"|"1944-09-27"
"46921e1f-e98f-4e9e-8bd2-5bb15bf1ed56"|"Jon"|"Lynch"|"M"|"68 Porter Overpass"|"(202)937-9024x320"|"Therapist, art"|"Martinez-Ritter"|"1950-04-01"
"7826ea76-bdd6-4e6f-abfb-57a9ff5119cb"|"James"|"Welch"|"M"|"63 Vincent Mountain Apt. 316"|"001-904-542-3046"|"Mining engineer"|"Harris Ltd"|"1977-12-12"
"4e81c633-5d64-4e38-b4df-4e192a295b90"|"Bethany"|"Schwartz"|"F"|"179 Douglas Springs"|"+1-821-956-6324"|"Arts development officer"|"Perez Group"|"1925-11-16"
"ef90abee-0812-4fd9-ab28-a13a54706946"|"Diamond"|"Riley"|"F"|"783 Andrew Street Apt. 107"|"400-668-9769x8952"|"Homeopath"|"Williams Inc"|"2002-01-22"
"541b06cb-2fc7-46ee-b3db-bd26d95f2564"|"Denise"|"Buchanan"|"F"|"658 Alexis Run Suite 764"|"876-942-5461x227"|"Probation officer"|"Mcdonald Group"|"1945-03-10"
"cc5592c2-486a-4b28-b5e2-7ed2851080f5"|"Danielle"|"Steele"|"F"|"193 Alexis Run Suite 764"|"976-331-8639"|"Pharmacist, community"|"Hall-Duarte"|"1917-12-24"
"93788b25-a2d9-4ac2-bed8-70d473d18c27"|"Jason"|"Lynch"|"M"|"315 Christopher Ways"|"001-300-263-9351"|"Personnel officer"|"Rodriguez, Carr and Burch"|"1947-03-09"
"4284a8b7-804d-4192-baa3-1f3746a444c6"|"Debra"|"Crane"|"F"|"988 Jones Courts Apt. 083"|"+1-534-681-3819x969"|"Customer service manager"|"Arroyo-Leon"|"1995-05-28"
"821d75ff-50b5-4dd5-bd4f-3c3175e943b8"|"Susan"|"Aguilar"|"F"|"17 Matthew Keys"|"(654)796-9535"|"Recruitment consultant"|"Daniel, Gomez and Johnson"|"1966-01-24"
"917f3d86-182b-4e09-a252-14eab6b5eddc"|"Ernest"|"Ruiz"|"M"|"475 Day Inlet"|"001-530-821-3677"|"Purchasing manager"|"Hatfield-Haynes"|"1913-06-14"
"dba96df2-1b31-48a3-b1cd-9cceeb8135f9"|"Julie"|"Gonzalez"|"F"|"586 Morales Gardens Suite 197"|"739-545-3293"|"Analytical chemist"|"Logan-Browning"|"1933-06-12"
"cecef1bb-c1d8-49e3-90d1-59f7ffcb7900"|"William"|"Robbins"|"M"|"828 William Avenue"|"917.463.9740x97186"|"Therapist, occupational"|"Hernandez Group"|"1987-11-07"
"f66410fe-53bb-4579-a521-0694d731c7b5"|"Tonya"|"Burton"|"F"|"299 Matthew Keys"|"001-495-517-0378x7524"|"Cabin crew"|"Haas, Cole and Lee"|"1930-01-07"
"cfd6b770-ebf6-4d2f-9f3f-9673adf42f6b"|"Katherine"|"Freeman"|"F"|"269 Cooley Dam Apt. 601"|"627.827.2561"|"Police officer"|"Miller-Murphy"|"1976-08-29"
"bd317727-f680-462e-b0a1-f75cf0388d75"|"Victoria"|"Schwartz"|"F"|"714 Angela Lights"|"275.462.4996"|"Clinical embryologist"|"Edwards-Jones"|"1922-05-18"
"de31a64f-337c-4917-a008-161ae035d648"|"Robert"|"Foster"|"M"|"701 Ward Parkway Apt. 076"|"347.874.8390x98697"|"Armed forces logistics/support/administrative officer"|"White-Marshall"|"1912-11-11"
"fbcba8a7-4998-4b39-97ef-aaaa6de776bc"|"Christina"|"Smith"|"F"|"771 Randall Burg"|"(822)918-4574x1457"|"Chief Strategy Officer"|"Wallace Inc"|"1960-10-27"
"b8e39619-96c9-49b9-89ce-8cad9da567bf"|"Jocelyn"|"Wallace"|"F"|"337 Lee Burgs"|"+1-455-345-8955"|"Tax adviser"|"Snyder, Ramirez and Perez"|"1928-08-12"
"f05dcb09-cc54-4e19-b17e-f6caf6337345"|"Christopher"|"Ramos"|"M"|"321 Thomas Coves Suite 736"|"(783)330-2709"|"Automotive engineer"|"Ferrell and Sons"|"1940-08-02"
"acd04e67-7412-4459-af86-5852068968c0"|"Aaron"|"Hughes"|"M"|"147 Banks Curve Apt. 123"|"9114582417"|"Psychologist, clinical"|"Mcbride and Sons"|"1917-01-30"
"79cd1835-d014-4115-9951-9e7e1191277b"|"Melanie"|"White"|"F"|"977 Day Inlet"|"+1-554-345-1855x260"|"Nurse, mental health"|"Duncan Ltd"|"1989-09-20"
"a9f21f1c-c8f0-4ab4-ab52-335a4a7ee988"|"Maria"|"Holmes"|"F"|"634 Angela Lights"|"+1-668-741-9079"|"Designer, blown glass/stained glass"|"Schneider Ltd"|"1986-05-10"
"0f7784e5-630e-4fa1-b80d-687c8b246880"|"Mark"|"Scott"|"M"|"876 Anderson Parkways"|"+1-448-751-5494"|"Contractor"|"Gross, Cox and Brown"|"1971-09-13"
"5f008d97-6b6a-4cd1-95bc-49e024973b27"|"Joe"|"Howard"|"M"|"87 Smith Ranch Suite 211"|"001-451-714-7766"|"Biomedical scientist"|"Sims LLC"|"2011-08-02"
"0c46ca76-a714-4772-9898-0c240fb6448b"|"Dustin"|"Adams"|"M"|"266 Martin Field"|"(790)314-7177x431"|"Insurance account manager"|"Martinez, Mckay and Simon"|"1988-08-31"
"6b2fc15d-9c26-4d7b-a520-16975c63f3bb"|"Kara"|"Gillespie"|"F"|"751 May Rest Suite 582"|"001-370-965-0503"|"Police Officer"|"TTPD"|"1981-07-22"
"55f244b1-58d8-42d4-8f2e-7bb6700de810"|"Justin"|"Shaffer"|"M"|"967 Haney Prairie Suite 518"|"508.270.7946x8623"|"Illustrator"|"Miller-Jones"|"1983-01-25"
"36fdaa3b-6261-46dd-ab7f-b0312fcd499b"|"Diane"|"Mcdowell"|"F"|"815 Parks Trace Suite 497"|"(476)266-2361x913"|"Marine scientist"|"Turner, Smith and Price"|"1924-02-09"
"1619811a-6416-4673-845b-a9798df26571"|"Matthew"|"Suarez"|"M"|"563 Smith Ranch Suite 211"|"585-449-7823x5635"|"Volunteer coordinator"|"Long, Graves and Peterson"|"1998-10-10"
"83de1cf0-c70b-4a35-bdcc-74c08ec490aa"|"Adrian"|"Welch"|"M"|"22 Yates Harbor Suite 905"|"294.561.3795"|"Chief Strategy Officer"|"Patrick, Bennett and Woods"|"1916-01-09"
"0f99e5a6-2c9b-4468-9304-fca22339cd26"|"Michael"|"Steele"|"M"|"236 Johnson Lake"|"696-975-1333x414"|"Risk analyst"|"Orozco LLC"|"2009-07-21"
"25fc5844-5427-4b01-ab2c-85ba69147800"|"David"|"Reyes"|"M"|"358 Ross Camp Apt. 134"|"001-307-481-1760x341"|"Police officer"|"Martin-Lopez"|"2001-10-23"
"010dc65f-d359-469a-b799-77a3fb263ba7"|"Felicia"|"Schwartz"|"F"|"689 Hensley Park Suite 873"|"792.466.5017x8202"|"Animal nutritionist"|"Chang LLC"|"1958-07-20"
"5079d774-0a8e-46a3-bb41-2de1f2041629"|"Kelsey"|"Hale"|"F"|"405 Davenport Fords"|"+1-616-787-2404x7890"|"Administrator, education"|"Lewis-Garcia"|"1930-04-12"
"7e726073-a12c-46c3-b2d5-30e819e2a13c"|"Kelly"|"Walker"|"F"|"894 Anderson Port"|"863-797-9799"|"Financial trader"|"Harris, Martinez and Barber"|"2006-03-25"
"d8092052-bab5-4009-8acc-f05de14a7af2"|"Matthew"|"Brown"|"M"|"54 Porter Overpass"|"872-366-8108x626"|"Midwife"|"Price, Kent and Davis"|"1995-10-05"
"6f253ede-e2b3-46f8-8e4f-df5b72027cc4"|"Nicholas"|"Mcdowell"|"M"|"991 Hart Estates Suite 718"|"+1-529-281-6101x642"|"Geophysicist/field seismologist"|"Walker, Anderson and Small"|"1933-06-22"
"c3e6b791-1440-4ea5-ad8f-2325fa4938f1"|"Luis"|"Bryant"|"M"|"746 Danielle Estates"|"995.267.6963x45745"|"Runner, broadcasting/film/video"|"Ortiz-Fisher"|"1990-11-21"
"d10fe535-cc6e-4c0f-82e3-cdefcee79963"|"Jody"|"Reyes"|"F"|"531 Nelson Estate"|"220-801-1049"|"Therapist, art"|"Mcclain LLC"|"2016-05-15"
"b65890d7-f276-4830-a22f-bd21e3853c18"|"Matthew"|"Benson"|"M"|"827 Weeks Meadow Suite 683"|"546.632.7582"|"Air traffic controller"|"Tucker, Anderson and Willis"|"1913-01-11"
"8582a7ba-86f4-476e-8145-f1cac2b281bd"|"Sarah"|"Torres"|"F"|"914 Andrew Street Apt. 107"|"001-268-878-6181x1573"|"Social researcher"|"Oneill-Harding"|"2005-02-26"
"16cbb151-5592-4cfc-9161-23a545f7a707"|"Elizabeth"|"Hooper"|"F"|"446 Jackson Harbors Suite 257"|"001-849-705-2717"|"Designer, blown glass/stained glass"|"Jones-Scott"|"1964-01-15"
"4e5a97e8-dbb3-409b-9005-55f6d487817a"|"Angela"|"Hanson"|"F"|"285 Wyatt Pike Suite 863"|"(852)390-0415"|"Hydrogeologist"|"Summers, Kennedy and Gonzalez"|"1942-02-15"
"ccc3d44b-6924-42cc-8f80-24b896bbf969"|"Bryan"|"Lopez"|"M"|"888 Rivers Squares"|"851.414.8357x68711"|"Scientist, physiological"|"Kemp-Allen"|"1983-08-02"
"609e1a27-72b8-4880-9339-68d8c1b1d153"|"Laura"|"Phillips"|"F"|"813 Cox Turnpike Apt. 083"|"5282304318"|"Estate manager/land agent"|"Underwood-Pacheco"|"1956-08-30"
"2c0a7134-a963-4a03-ba8c-815a1e141da5"|"James"|"Martin"|"M"|"523 Banks Curve Apt. 123"|"(928)946-3228x841"|"Psychotherapist, dance movement"|"Holt PLC"|"1916-08-17"
"4905d71f-02f2-4b82-8c94-73bc46aad3a0"|"Nicole"|"Willis"|"F"|"364 Catherine Lock"|"230-839-3439x25937"|"Production designer, theatre/television/film"|"Carroll, Flynn and Rodriguez"|"1997-08-26"
"86e940ca-7b6f-40ef-88f6-9198f2d19bed"|"Darlene"|"Williams"|"F"|"436 Bailey Trail"|"+1-672-485-5607x452"|"Engineer, production"|"Ibarra, Kennedy and Colon"|"1984-11-13"
"b3528b9a-7729-4290-b9e5-5cbace85b01c"|"Denise"|"Romero"|"F"|"346 Pham Ports"|"342.962.6861"|"Hydrogeologist"|"Elliott PLC"|"1942-03-27"
"f1976629-c7fc-44b2-a320-f0b3c601727c"|"Joanne"|"Reyes"|"F"|"621 Hood Loop Apt. 276"|"001-204-866-7870x652"|"Journalist, magazine"|"Shelton Group"|"2016-01-11"
"6d7133b4-de94-4bef-98bf-291dd88a8e96"|"Jaime"|"Hall"|"F"|"851 Chandler Tunnel Suite 681"|"619-280-1027"|"Prison officer"|"Martinez Ltd"|"1933-01-22"
"9c60b05f-3153-4a13-ba7f-984be0608532"|"Corey"|"Harrison"|"M"|"218 Catherine Cove"|"+1-439-677-4140x79018"|"Journalist, broadcasting"|"Williams Inc"|"2012-11-10"
"32d0d840-df7c-4819-8488-1aef30e658db"|"Howard"|"Bennett"|"M"|"273 Padilla Estate Suite 556"|"846.680.4510"|"Administrator, local government"|"Foster, Robinson and Ritter"|"2014-09-06"
"b6e99e97-9971-47c0-85a2-a47a4f2b3034"|"Tony"|"Henderson"|"M"|"180 Danielle Estates"|"(787)286-2473x4795"|"Civil Service fast streamer"|"Garcia and Sons"|"1960-05-19"
"fd70867a-c438-48d4-a7ff-fbc709a12331"|"Amy"|"Booth"|"F"|"616 David Course Apt. 455"|"(588)605-9868x9851"|"Garment/textile technologist"|"Ortiz-Thompson"|"1941-08-26"
"41522405-6640-4910-aca7-1c4f091ea844"|"Jocelyn"|"Zhang"|"F"|"947 Christopher Ways"|"(419)208-1458x3688"|"Production manager"|"Silva Inc"|"1969-10-30"
"a812b581-3e0b-4803-bce3-c7c91661bb58"|"Randy"|"Smith"|"M"|"352 Rivers Squares"|"(999)536-4968"|"Therapist, nutritional"|"White-Johnson"|"1919-11-21"
"59c5288a-6acd-40b5-8aae-0facf672faeb"|"Robert"|"Smith"|"M"|"75 Pham Ports"|"8228579696"|"Theme park manager"|"Anderson, Baldwin and Shaffer"|"1939-08-03"
"f23f9031-2294-454e-8530-55e1ed654251"|"Angela"|"Ray"|"F"|"586 Julia Station"|"875.760.0930"|"Quality manager"|"Woods LLC"|"1942-04-03"
"904debec-f8b9-4e67-936b-bf52043869a9"|"Margaret"|"Harding"|"F"|"754 Mills Springs"|"(655)267-1524x08204"|"Research officer, government"|"Thompson Group"|"1965-04-05"
"6327f0bf-e4a3-4bd7-bfe3-a35fe6a7a0b5"|"James"|"Bennett"|"M"|"597 Daniel Plaza"|"7632389611"|"Engineer, technical sales"|"Sanchez-Morse"|"1980-11-12"
"011b6705-e0ab-4394-a597-86d55287050b"|"Angela"|"Tyler"|"F"|"862 Robert Way"|"+1-938-893-6287x1999"|"Medical laboratory scientific officer"|"Young, Drake and Murphy"|"1988-11-05"
"c91c3dd3-55d5-4014-8cdb-8d578cd0332c"|"Sharon"|"Barnes"|"F"|"15 Ashley Landing"|"(837)696-6907"|"Pathologist"|"Lawson-Carroll"|"1943-10-02"
"ca33ae23-72e3-4be3-8411-70ae124f7682"|"Sheri"|"Zhang"|"F"|"989 Arnold Cliffs"|"5448547694"|"Conservator, furniture"|"Cummings-Keller"|"1997-11-01"
"4172950c-4720-4b62-afd2-de63c9b24ed5"|"Mary"|"Morris"|"F"|"185 Jackson Harbors Suite 257"|"758.396.0974x357"|"Armed forces logistics/support/administrative officer"|"Mckee, Davis and Thomas"|"1961-09-06"
"a4549058-2d7c-4871-b28d-4c836bd9e57e"|"Steven"|"Harding"|"M"|"657 Marquez Lane"|"(211)408-4402x57235"|"Scientist, biomedical"|"Vang, Ochoa and Page"|"1974-12-18"
"82051d6e-dbaf-4095-a9d0-1e41e1d76331"|"Matthew"|"Casey"|"M"|"354 Barry Shoal Suite 612"|"001-386-599-7827x38743"|"Community education officer"|"Edwards, Hoffman and Robinson"|"1976-02-10"
"efc00940-4cbc-40d8-94a1-3174082cecb1"|"Brian"|"Williams"|"M"|"485 Hensley Park Suite 873"|"(931)793-1616"|"Illustrator"|"Sherman, Carter and Allen"|"2002-05-25"
"8ecac815-dd5b-4aea-bc4f-1db01f527038"|"Morgan"|"Smith"|"F"|"215 Ross Camp Apt. 134"|"001-931-276-9052x972"|"Teacher, early years/pre"|"Boyle Ltd"|"1909-08-03"
"5fe1fe09-0f27-4717-b223-6cc18e18848d"|"Michelle"|"Jones"|"F"|"720 Alexis Run Suite 764"|"(870)634-2189x313"|"Trade mark attorney"|"Thomas-Brewer"|"1958-10-18"
"3f0de45c-e5a8-4b76-91c3-e4ca3f769e3c"|"Joseph"|"Hale"|"M"|"160 David Course Apt. 455"|"001-479-817-0837x985"|"Armed forces technical officer"|"Jackson, Barnes and Smith"|"2008-04-28"
"261d8172-a231-421d-a6e4-5676a841bf3f"|"Daniel"|"Drake"|"M"|"3 Colleen Mount"|"+1-225-430-9566x7923"|"Facilities manager"|"Reyes, Small and Short"|"1950-03-06"
"e46bf4c6-1953-4c7f-90d1-dfdd81bede70"|"Daniel"|"Anderson"|"M"|"932 Ward Parkway Apt. 076"|"765.784.0006"|"Health and safety adviser"|"Lopez-Smith"|"1943-11-05"
"2fb9d93b-a1bc-404a-af7c-fff7070a28a7"|"James"|"Lynn"|"M"|"991 Weaver Haven"|"447.486.5468"|"Editor, film/video"|"Black, Howard and Maldonado"|"2019-11-03"
"6b2925f9-296c-479c-92b1-30525f352887"|"Melissa"|"Brown"|"F"|"374 May Rest Suite 582"|"(876)682-2312x5883"|"Surveyor, planning and development"|"York Inc"|"2003-02-08"
"04d7bed6-df75-49a7-9b3d-dbec9fb7f408"|"Stephanie"|"Martin"|"F"|"617 Newton Wall"|"001-552-460-7458"|"Television production assistant"|"Daniel, Bishop and Mendez"|"1921-04-18"
"abf26e1d-a4f8-4943-ae5b-0fada23ab828"|"Gregory"|"Shaffer"|"M"|"619 Johnson Plains Suite 376"|"(650)523-8727x33028"|"Civil Service fast streamer"|"Liu, Mendoza and Garcia"|"1917-09-30"
"08eab89c-9ace-42f0-bf0f-6f4f7635cb06"|"Jessica"|"Gallagher"|"F"|"82 Dakota Extensions"|"322.981.0652x256"|"Dietitian"|"Patel, Kaiser and Smith"|"1936-10-28"
"c738412a-8f54-4a71-8383-2a6af7f39464"|"Jason"|"Hale"|"M"|"323 Cox Turnpike Apt. 083"|"(462)776-7617x5021"|"Psychologist, counselling"|"Thomas Ltd"|"1923-01-21"
"e904d910-01d5-401c-8426-47114c4d27f4"|"Shannon"|"Christian"|"F"|"757 Bailey Trail"|"231.630.2280"|"Pharmacist, hospital"|"Wallace and Sons"|"1931-05-15"
"0a8132ad-5fc0-4523-8a58-1fbce42bcb84"|"Jeremy"|"Joseph"|"M"|"57 Scott Valleys Suite 598"|"384-214-6683x02297"|"Therapeutic radiographer"|"Levy, Thomas and Davis"|"1924-07-14"
"eb069deb-1e8b-458e-87ee-36f9df1f4fc2"|"Isabella"|"Strickland"|"F"|"999 Welch Walk"|"(621)837-5980"|"Aid worker"|"Brown-Garcia"|"2017-06-06"
"a72daafb-fa7c-4e12-82a5-db96831387e3"|"Michael"|"Perez"|"M"|"939 Higgins Port Apt. 001"|"848-889-0927"|"Police officer"|"Vincent-Cole"|"1914-12-14"
"468a07a2-068c-486c-9d64-2acde044718f"|"Ryan"|"Burton"|"M"|"445 Evans Ports Suite 383"|"+1-811-670-5282x4398"|"Psychologist, sport and exercise"|"Wiggins and Sons"|"1961-08-10"
"05992f0f-8123-4d07-a2d1-3c0645b18d11"|"Amy"|"Hall"|"F"|"648 Phillip Spring"|"8609355087"|"Trade mark attorney"|"Rodriguez LLC"|"1922-07-20"
"aa171865-bd88-43dc-a8fe-4e88c132f890"|"Anna"|"Hurley"|"F"|"165 Padilla Estate Suite 556"|"203-316-6801x766"|"Sports administrator"|"Tapia Ltd"|"1998-03-31"
"1327614c-9f71-4bc4-96eb-e4de9277b1f2"|"Kayla"|"Henderson"|"F"|"275 Kari Alley Suite 131"|"001-522-955-3472"|"Sub"|"Hill and Sons"|"1988-09-29"
"5bdb74fd-d3a7-4808-8653-4fc45becea9a"|"Erin"|"Robbins"|"F"|"964 Nicole Via"|"391.350.3340"|"Therapist, horticultural"|"Watkins Inc"|"1945-03-18"
"25ef5116-6f8c-483c-8c6b-e962fa4e04d0"|"Daniel"|"Arnold"|"M"|"861 Thomas Wall Suite 035"|"+1-764-447-4018x29227"|"Tour manager"|"Walker-David"|"1975-09-26"
"79572211-4e21-4af4-8cf7-db75a08b8d6a"|"Jennifer"|"Welch"|"F"|"231 Hernandez Parkways Suite 200"|"637-757-9079"|"Building control surveyor"|"Smith, Harris and Nelson"|"1945-08-03"
"682436a7-311c-433a-8848-65031391ae57"|"Oscar"|"Mitchell"|"M"|"991 Moore Crossroad Apt. 549"|"3203733442"|"Chiropodist"|"Duke PLC"|"2008-03-08"
"fc5fe147-4450-490f-ab9e-da90e5fc4e8b"|"Samantha"|"Gill"|"F"|"228 Higgins Port Apt. 001"|"+1-212-664-8514x3963"|"Database administrator"|"Howell-Pitts"|"2020-04-06"
"59578f63-ee15-4cbb-9bc2-1ee8acb33049"|"Nicole"|"Wilson"|"F"|"331 Donald Village Apt. 289"|"(781)346-0502x0614"|"Dentist"|"Mcdonald-Gilmore"|"1945-11-16"
"00aae65c-0aaf-4223-8877-9bd69b6b0a1c"|"Johnny"|"Moore"|"M"|"181 Jeffery Spur Suite 411"|"001-519-411-8938"|"Fine artist"|"Ballard-Morales"|"1963-07-24"
"4dd594a5-d4f6-46ea-909a-e19d82c56498"|"Rebecca"|"Morgan"|"F"|"990 Hanson Port"|"(363)646-6084"|"Engineer, structural"|"Cummings-Edwards"|"1981-11-26"
"06034798-89a6-46a4-9a7c-f809baa2ca48"|"Christopher"|"Suarez"|"M"|"135 Jennifer Track"|"919-992-9617x63672"|"Horticulturist, commercial"|"Smith-Nichols"|"1947-02-23"
"8b7e016b-b6fd-482d-a515-8b9b87f3885d"|"Kathryn"|"Hurley"|"F"|"889 Gabriel Hill Apt. 094"|"(963)211-9018x14714"|"Intelligence analyst"|"Gibson and Sons"|"1918-08-08"
"a5f2e1c7-453d-4360-b810-94b79f5ec626"|"Collin"|"Fleming"|"M"|"691 Randolph Way Suite 427"|"(417)853-8254"|"Applications developer"|"Newton, Mathis and Walsh"|"1958-09-29"
"e43685c6-9681-4b85-8d9d-73cfcacc882e"|"Gray"|"Barnes"|"F"|"221 Nathan Views"|"+1-362-846-8773"|"Optician, dispensing"|"Santiago, Hayes and Graham"|"1993-01-13"
"275b4732-d757-4e1b-9ce1-c185c05edb53"|"Michele"|"Little"|"F"|"45 Tim Avenue Apt. 437"|"001-375-932-4045x1077"|"Doctor, general practice"|"Williams LLC"|"1910-01-01"
"70b76d7e-b9fb-4f11-9c86-92499669c56d"|"Tanner"|"Christian"|"M"|"379 Troy Centers"|"790-370-1831x33467"|"Psychologist, counselling"|"Contreras Ltd"|"2008-05-24"
"a746e92b-4361-4083-92f8-7268ebd874dc"|"James"|"Gonzalez"|"M"|"333 Thornton Land Suite 697"|"3765241418"|"Multimedia programmer"|"Ford, Miller and Sutton"|"1949-10-22"