<?xml version="1.0" encoding="UTF-8" ?><automobiles><automobile><person_id>e163baf5-7610-494c-84e3-542003a30024</person_id><license_plate>M37-RPN</license_plate><vin>33GEM8PG0KM8FNXZB</vin><color>CornflowerBlue</color><year>1970</year></automobile><automobile><person_id>fa0e610b-cc8c-4f1e-919c-a15185378daf</person_id><license_plate>KZF 426</license_plate><vin>GWP1GRD970RN3F62U</vin><color>RoyalBlue</color><year>1975</year></automobile><automobile><person_id>fa0e610b-cc8c-4f1e-919c-a15185378daf</person_id><license_plate>639RU</license_plate><vin>K7JD2SM89SCU60382</vin><color>WhiteSmoke</color><year>2007</year></automobile><automobile><person_id>fa6607d0-255c-4279-9e30-5f404a9d6921</person_id><license_plate>65-HS70</license_plate><vin>JR0X5FAK0EWSS6UWX</vin><color>DarkOrchid</color><year>2004</year></automobile><automobile><person_id>cbb3fb80-0d20-4ffd-98f4-4745d34d48f6</person_id><license_plate>332 SJF</license_plate><vin>G77SLLLW8V1TYE2MK</vin><color>LimeGreen</color><year>1991</year></automobile><automobile><person_id>cbb3fb80-0d20-4ffd-98f4-4745d34d48f6</person_id><license_plate>BYE-667</license_plate><vin>V0U5S7468TF47DLWW</vin><color>DarkSalmon</color><year>2022</year></automobile><automobile><person_id>7404cfd4-dce1-4c05-bbb8-51efbefd5869</person_id><license_plate>1ZNO 18</license_plate><vin>FTP1KP9T40UUFM5BN</vin><color>Sienna</color><year>2006</year></automobile><automobile><person_id>7404cfd4-dce1-4c05-bbb8-51efbefd5869</person_id><license_plate>1DS 511</license_plate><vin>17WFE0V2X2TKFGT3D</vin><color>Pink</color><year>2011</year></automobile><automobile><person_id>29f59749-ff08-4e70-8777-02b20fb39bf7</person_id><license_plate>82Z A14</license_plate><vin>BXMAK8DR156YNAYVU</vin><color>Orange</color><year>1986</year></automobile><automobile><person_id>42f89623-da19-465f-a963-e48deed87bf4</person_id><license_plate>960 EMO</license_plate><vin>6V1ACX7E420GVNGN0</vin><color>SteelBlue</color><year>2000</year></automobile><automobile><person_id>42f89623-da19-465f-a963-e48deed87bf4</person_id><license_plate>00-13628</license_plate><vin>H1X6EV6H8VUTBY8XU</vin><color>LawnGreen</color><year>2002</year></automobile><automobile><person_id>def033a0-fafd-4057-8cac-904bf84c20d0</person_id><license_plate>3SF 006</license_plate><vin>31EHHRB1337YESKSE</vin><color>Cornsilk</color><year>2000</year></automobile><automobile><person_id>fd3792a9-4a88-43ee-b5fa-921d7b19ea21</person_id><license_plate>4-33042Z</license_plate><vin>JSZ8CW7P5YGAJFJAK</vin><color>DarkCyan</color><year>1971</year></automobile><automobile><person_id>fd3792a9-4a88-43ee-b5fa-921d7b19ea21</person_id><license_plate>600-YGH</license_plate><vin>E397UYEJ88DXREW7Y</vin><color>Chocolate</color><year>2007</year></automobile><automobile><person_id>4b13fb2b-5420-4881-b136-dd677f7e6e5f</person_id><license_plate>820M</license_plate><vin>PS0L91GC63JZP0HJS</vin><color>DarkBlue</color><year>1989</year></automobile><automobile><person_id>4b13fb2b-5420-4881-b136-dd677f7e6e5f</person_id><license_plate>5VV41</license_plate><vin>FSM6N15R5UF43KFWA</vin><color>OrangeRed</color><year>2008</year></automobile><automobile><person_id>4b13fb2b-5420-4881-b136-dd677f7e6e5f</person_id><license_plate>1-N4248</license_plate><vin>75MRR2P147WZPA018</vin><color>Violet</color><year>1987</year></automobile><automobile><person_id>7b4fbf05-95c4-4fa3-9bd9-ed11cf04009c</person_id><license_plate>5V KK838</license_plate><vin>2G6DU6FY6DFP41NNJ</vin><color>Green</color><year>2021</year></automobile><automobile><person_id>8b792353-398e-45c0-89d9-f9ca7125dde9</person_id><license_plate>090VJW</license_plate><vin>AT35GFNK6GG8WRBCG</vin><color>Yellow</color><year>2015</year></automobile><automobile><person_id>8b792353-398e-45c0-89d9-f9ca7125dde9</person_id><license_plate>D93-KRM</license_plate><vin>GEY22LKY2CBXUMMH8</vin><color>DimGray</color><year>1976</year></automobile><automobile><person_id>9783362e-b493-43ba-83a6-d031b5bc70fe</person_id><license_plate>HNB 559</license_plate><vin>MEGV7FYD25M6BWS78</vin><color>Chocolate</color><year>2002</year></automobile><automobile><person_id>6ac7cb91-956b-41e7-b8fb-6147f8b4b075</person_id><license_plate>SMF 068</license_plate><vin>KDR49NCZ1YX0U0BGL</vin><color>DarkGray</color><year>1998</year></automobile><automobile><person_id>6ac7cb91-956b-41e7-b8fb-6147f8b4b075</person_id><license_plate>338 KFN</license_plate><vin>HWMKAEVJ0A4BBYT8U</vin><color>Maroon</color><year>2023</year></automobile><automobile><person_id>4b3ce50c-cebf-4e59-9f6f-665d21ab11b0</person_id><license_plate>3871</license_plate><vin>NRNMZ01Z673V334TZ</vin><color>Magenta</color><year>2000</year></automobile><automobile><person_id>4b3ce50c-cebf-4e59-9f6f-665d21ab11b0</person_id><license_plate>EGF-488</license_plate><vin>ARW0WKCL0Y1BZYFGF</vin><color>Snow</color><year>1979</year></automobile><automobile><person_id>e4ab8224-224d-4d22-93d0-51d10981ddea</person_id><license_plate>VW7 6963</license_plate><vin>WNMLW1A95AW4K2BHN</vin><color>LightSteelBlue</color><year>2020</year></automobile><automobile><person_id>8be0a4c4-77b1-4d5c-b946-4390352fca7b</person_id><license_plate>987 7AP</license_plate><vin>06DJB1DG3L9E71FF8</vin><color>Black</color><year>1990</year></automobile><automobile><person_id>8be0a4c4-77b1-4d5c-b946-4390352fca7b</person_id><license_plate>908 AIR</license_plate><vin>1AEFZGJ86FNJ8NP8L</vin><color>DarkSalmon</color><year>1979</year></automobile><automobile><person_id>8be0a4c4-77b1-4d5c-b946-4390352fca7b</person_id><license_plate>79-PR48</license_plate><vin>EKHXMZ0X9YMMKJ504</vin><color>Linen</color><year>2006</year></automobile><automobile><person_id>91e6ddc3-d5da-418b-9050-acc4f7cea392</person_id><license_plate>M48 3VY</license_plate><vin>X4E2XLGJ7JHCH0UY7</vin><color>CornflowerBlue</color><year>1987</year></automobile><automobile><person_id>91e6ddc3-d5da-418b-9050-acc4f7cea392</person_id><license_plate>HKC 575</license_plate><vin>XNDKMXA40Z1FYY6J6</vin><color>Linen</color><year>2022</year></automobile><automobile><person_id>ca1dc3f5-bd7d-4e41-a21d-429c6081e31d</person_id><license_plate>0H 89583</license_plate><vin>UGKFXH7F7SYCPFF9Y</vin><color>MediumVioletRed</color><year>1982</year></automobile><automobile><person_id>ca1dc3f5-bd7d-4e41-a21d-429c6081e31d</person_id><license_plate>TAF9675</license_plate><vin>PYB48M3385K3YCFG6</vin><color>SteelBlue</color><year>1971</year></automobile><automobile><person_id>9c4349e0-416d-4044-a524-cb59ec980fb9</person_id><license_plate>UIA-827</license_plate><vin>ZZGXSVV9368HEAYA9</vin><color>Gold</color><year>2019</year></automobile><automobile><person_id>424765a7-cd17-4fb6-8ed0-e27bf399438d</person_id><license_plate>DQZ 214</license_plate><vin>9SG18XBY2YHPJ4KA8</vin><color>Peru</color><year>2002</year></automobile><automobile><person_id>424765a7-cd17-4fb6-8ed0-e27bf399438d</person_id><license_plate>PDF 036</license_plate><vin>01E1SMAM7CVC9BBUC</vin><color>DarkBlue</color><year>1974</year></automobile><automobile><person_id>424765a7-cd17-4fb6-8ed0-e27bf399438d</person_id><license_plate>30-8940Y</license_plate><vin>22LS67KW8HGST9CJT</vin><color>DarkOliveGreen</color><year>1984</year></automobile><automobile><person_id>45017632-9cec-4a47-a0e0-2b7a647b6e39</person_id><license_plate>7X 72508</license_plate><vin>FEHG4BED6YH4G7W30</vin><color>HotPink</color><year>1983</year></automobile><automobile><person_id>425d7d44-4627-4ec1-a660-3626bc489de7</person_id><license_plate>LAI 064</license_plate><vin>Z7455PB00GDXGYPN0</vin><color>Turquoise</color><year>2014</year></automobile><automobile><person_id>2227eb40-4528-478e-853d-11a3e4ded89e</person_id><license_plate>YWQ-0911</license_plate><vin>H99L7U2Z83PCZD5CV</vin><color>LimeGreen</color><year>2019</year></automobile><automobile><person_id>c952f8b2-6664-49d1-adf0-88e57c26a800</person_id><license_plate>1-17428I</license_plate><vin>EFMYT5L14MV0M1SA9</vin><color>Khaki</color><year>1971</year></automobile><automobile><person_id>a4ff87fe-c9dc-4987-9712-611914373d14</person_id><license_plate>230 6TA</license_plate><vin>Y7DASP6C13W6EX9HM</vin><color>Red</color><year>2010</year></automobile><automobile><person_id>cda85544-ba7f-4178-b0d6-4fa84fab982d</person_id><license_plate>3CW8650</license_plate><vin>8PAHZL059XHMHRJ7V</vin><color>MediumTurquoise</color><year>2021</year></automobile><automobile><person_id>cda85544-ba7f-4178-b0d6-4fa84fab982d</person_id><license_plate>DZR-669</license_plate><vin>FRUZ4RXX4RK0KJ7WV</vin><color>Navy</color><year>2018</year></automobile><automobile><person_id>aeb90018-5db9-4fcb-b0d6-af19b3dfd139</person_id><license_plate>4-50297</license_plate><vin>G3F0KEYL6XF6NGE1W</vin><color>LightSkyBlue</color><year>2014</year></automobile><automobile><person_id>a72742e1-1ecd-4c0e-8997-e9cf0c6bcbf8</person_id><license_plate>EK-2198</license_plate><vin>NBWESRRN2ANL1W7RU</vin><color>Olive</color><year>2016</year></automobile><automobile><person_id>be26773f-600c-44fa-aac5-57b87a526d76</person_id><license_plate>HIK-5034</license_plate><vin>PF6T11V21E0XSDLRA</vin><color>Snow</color><year>2007</year></automobile><automobile><person_id>be26773f-600c-44fa-aac5-57b87a526d76</person_id><license_plate>8WS5645</license_plate><vin>YHB02C21XJ62SUT1S</vin><color>DarkViolet</color><year>1973</year></automobile><automobile><person_id>be26773f-600c-44fa-aac5-57b87a526d76</person_id><license_plate>ZCU E45</license_plate><vin>SK74RG6K66DCYKZNY</vin><color>Indigo</color><year>2007</year></automobile><automobile><person_id>cf15d97d-dc51-49cb-9615-2b2339829628</person_id><license_plate>ZLD 229</license_plate><vin>F44S62C0XZL6EFCSA</vin><color>SteelBlue</color><year>2019</year></automobile><automobile><person_id>cf15d97d-dc51-49cb-9615-2b2339829628</person_id><license_plate>279-EET</license_plate><vin>RB1W3E5G6GPXPACCP</vin><color>Violet</color><year>2016</year></automobile><automobile><person_id>a1b27564-be62-450c-9ccb-7c6eae785dd2</person_id><license_plate>049RDV</license_plate><vin>NT9L8HPC548UTHLLU</vin><color>LightPink</color><year>1980</year></automobile><automobile><person_id>a2b393c2-4dad-4e91-af8a-ffe83383c24c</person_id><license_plate>764 JWX</license_plate><vin>8CCUVKWG8FKDVCFDH</vin><color>MediumBlue</color><year>1988</year></automobile><automobile><person_id>0f858d7d-1a45-49fd-b167-2ee27f87fa39</person_id><license_plate>W48-PJV</license_plate><vin>4LNWBS816CZRP21KP</vin><color>SeaShell</color><year>2012</year></automobile><automobile><person_id>0f858d7d-1a45-49fd-b167-2ee27f87fa39</person_id><license_plate>94S 5904</license_plate><vin>8AKVDLR70945UGCCJ</vin><color>Gainsboro</color><year>2009</year></automobile><automobile><person_id>e3500c7b-8a96-4098-b12e-9514ecb67e66</person_id><license_plate>188 PAE</license_plate><vin>64AHPFP52WS6TPLF2</vin><color>DarkBlue</color><year>2007</year></automobile><automobile><person_id>07ce4abd-a7fb-4e02-ba9a-d27e149dad2d</person_id><license_plate>546G</license_plate><vin>0RDV4FNWXFLF5D7EV</vin><color>LightSalmon</color><year>1992</year></automobile><automobile><person_id>ae4b016e-0274-4c77-b258-29fe117ac43e</person_id><license_plate>RGS0711</license_plate><vin>GPNCN2BE7BW2XSBUE</vin><color>SkyBlue</color><year>1975</year></automobile><automobile><person_id>3a12febf-349e-46c5-b2d5-ead364e71cdd</person_id><license_plate>335 7MD</license_plate><vin>UE9YVJXX0GTBH8BEB</vin><color>LightCyan</color><year>1976</year></automobile><automobile><person_id>3a12febf-349e-46c5-b2d5-ead364e71cdd</person_id><license_plate>KEV 228</license_plate><vin>P6AXRHM54U4BX6PGL</vin><color>SeaGreen</color><year>1983</year></automobile><automobile><person_id>5f420230-fe08-40cc-a6ab-d251f08e29c8</person_id><license_plate>RVN 241</license_plate><vin>K7G3HHXZXCEX9PFD2</vin><color>MintCream</color><year>1979</year></automobile><automobile><person_id>5f420230-fe08-40cc-a6ab-d251f08e29c8</person_id><license_plate>TEG 840</license_plate><vin>L6DP64S7XL9AY396G</vin><color>LightGoldenRodYellow</color><year>2015</year></automobile><automobile><person_id>6f0e911b-f7b0-4370-86fc-7b906256596c</person_id><license_plate>RYM 458</license_plate><vin>038SV8536SLCAGKFN</vin><color>FloralWhite</color><year>1999</year></automobile><automobile><person_id>6f0e911b-f7b0-4370-86fc-7b906256596c</person_id><license_plate>9XI1890</license_plate><vin>XUMZRJXB4N0J6HFGW</vin><color>PapayaWhip</color><year>2014</year></automobile><automobile><person_id>760be0d5-832f-4980-bd95-aaef06e64465</person_id><license_plate>22S C26</license_plate><vin>PLYMNJ0B8YRJH4H75</vin><color>Crimson</color><year>2007</year></automobile><automobile><person_id>760be0d5-832f-4980-bd95-aaef06e64465</person_id><license_plate>8S 64076</license_plate><vin>NPLRMRG74FSD7ZLD0</vin><color>DarkRed</color><year>2000</year></automobile><automobile><person_id>5ee1aab1-ea6e-4aea-9413-596f0d690714</person_id><license_plate>56H WJ0</license_plate><vin>ZH1PCL66X1SZVWKWG</vin><color>MediumOrchid</color><year>2020</year></automobile><automobile><person_id>5ee1aab1-ea6e-4aea-9413-596f0d690714</person_id><license_plate>LHL 504</license_plate><vin>4721D64S2HXK2EM84</vin><color>Sienna</color><year>1983</year></automobile><automobile><person_id>17e2a4a8-3879-405b-b481-779eb34f593c</person_id><license_plate>HWD 186</license_plate><vin>6R0NUM2S9R3CA5F0X</vin><color>Yellow</color><year>1970</year></automobile><automobile><person_id>17e2a4a8-3879-405b-b481-779eb34f593c</person_id><license_plate>FFE6251</license_plate><vin>MBMSXTUH35WRJ3M6Y</vin><color>DarkOliveGreen</color><year>2016</year></automobile><automobile><person_id>fd1531ac-245f-4806-aa7b-3167769e1d03</person_id><license_plate>622 JK0</license_plate><vin>T86R1CAT68XEE04MU</vin><color>LightGoldenRodYellow</color><year>2018</year></automobile><automobile><person_id>9d048530-3345-4da5-ae7b-10c5da04e173</person_id><license_plate>353 0GN</license_plate><vin>WRU9M9NHX76HM6NFN</vin><color>Fuchsia</color><year>1989</year></automobile><automobile><person_id>9d048530-3345-4da5-ae7b-10c5da04e173</person_id><license_plate>CRO-4257</license_plate><vin>HXLTCMDW8YZ8ARKB0</vin><color>Salmon</color><year>1991</year></automobile><automobile><person_id>242ebd91-8f99-416c-a2c2-b4af57e4f8f8</person_id><license_plate>61O 5421</license_plate><vin>V9KV02EU2ZR344J46</vin><color>PeachPuff</color><year>2016</year></automobile><automobile><person_id>8b3ccd29-f6f2-4ad3-9db5-633b8401c4ee</person_id><license_plate>916AVN</license_plate><vin>KLARWM308X61USL31</vin><color>Lime</color><year>1996</year></automobile><automobile><person_id>f7d2cacd-d03b-4906-a54e-45db89dcc7b8</person_id><license_plate>433 4FX</license_plate><vin>3GXYZMK915N4PZGZE</vin><color>LightGray</color><year>2015</year></automobile><automobile><person_id>f7d2cacd-d03b-4906-a54e-45db89dcc7b8</person_id><license_plate>72CH579</license_plate><vin>JPUZS6JB0G3JV0CS7</vin><color>LightBlue</color><year>1971</year></automobile><automobile><person_id>6186e2f4-1894-4e48-901e-217324ca1a77</person_id><license_plate>4Q TZ060</license_plate><vin>7UBBX6AG702UXLE55</vin><color>DarkSeaGreen</color><year>2017</year></automobile><automobile><person_id>5077ae1b-5353-49a0-98f0-699bbcb7ad44</person_id><license_plate>8L 10347</license_plate><vin>J26TZPM18Z67H5LZN</vin><color>DeepPink</color><year>2010</year></automobile><automobile><person_id>5077ae1b-5353-49a0-98f0-699bbcb7ad44</person_id><license_plate>272-HISP</license_plate><vin>TG8X4AY89V6MN6ZJJ</vin><color>Aqua</color><year>2020</year></automobile><automobile><person_id>efa91002-47d5-4cd1-8143-ce1d5c69fe70</person_id><license_plate>661-LRM</license_plate><vin>V4G84U3B7KK0VG5KM</vin><color>MediumVioletRed</color><year>2012</year></automobile><automobile><person_id>a90aaf67-a076-4254-9a03-d391e5b9f330</person_id><license_plate>O46 9GF</license_plate><vin>RUUSMEEE464J9BYBJ</vin><color>BlanchedAlmond</color><year>1982</year></automobile><automobile><person_id>a90aaf67-a076-4254-9a03-d391e5b9f330</person_id><license_plate>3IJU 70</license_plate><vin>B4B9NRV76406WB43X</vin><color>LightSlateGray</color><year>1996</year></automobile><automobile><person_id>425cbd47-655f-4a04-9b2f-720a1b15b733</person_id><license_plate>H 950584</license_plate><vin>CUPBC6PLX0SP3V70K</vin><color>Snow</color><year>2018</year></automobile><automobile><person_id>ae7c40f2-8baa-4184-8fd2-5e89aa849204</person_id><license_plate>4-8302L</license_plate><vin>TMYW4VM4XYW18ZR5X</vin><color>MediumSeaGreen</color><year>1997</year></automobile><automobile><person_id>76832a14-c3c5-45d2-aeae-d26cd23b712d</person_id><license_plate>6T582</license_plate><vin>MW81MJT2XKF4062NE</vin><color>Gold</color><year>1978</year></automobile><automobile><person_id>81e09879-da27-4245-8009-f240c54af313</person_id><license_plate>A70 8VG</license_plate><vin>657YDK0M73Z4BL4K0</vin><color>Gainsboro</color><year>1995</year></automobile><automobile><person_id>81e09879-da27-4245-8009-f240c54af313</person_id><license_plate>818-291</license_plate><vin>PK01WXG024WFGWS5N</vin><color>SpringGreen</color><year>2021</year></automobile><automobile><person_id>bf60378c-80f8-41bb-aede-0a3d22aa7cc4</person_id><license_plate>18Z 1334</license_plate><vin>DS9X75454TWU2R9ST</vin><color>DodgerBlue</color><year>2017</year></automobile><automobile><person_id>bf60378c-80f8-41bb-aede-0a3d22aa7cc4</person_id><license_plate>UT 25013</license_plate><vin>CKNK571X20K6ZMY3W</vin><color>MediumPurple</color><year>2004</year></automobile><automobile><person_id>1b49e751-e242-4d5b-b32e-060b039bfe9e</person_id><license_plate>VWH-9453</license_plate><vin>RUV6FKRN55KZ56ZVZ</vin><color>MediumSpringGreen</color><year>1980</year></automobile><automobile><person_id>1b49e751-e242-4d5b-b32e-060b039bfe9e</person_id><license_plate>4G R3169</license_plate><vin>PBLVSJHC6PS3T6CP9</vin><color>Cornsilk</color><year>1991</year></automobile><automobile><person_id>9b3f120e-7126-4fc6-92ea-83a73abbb707</person_id><license_plate>381J3</license_plate><vin>LF73LDZS96U9YW8X3</vin><color>MediumSeaGreen</color><year>1990</year></automobile><automobile><person_id>69021914-8cff-436b-aa38-6a1a14c16709</person_id><license_plate>VQS-4432</license_plate><vin>WFRA4EBB8KTZ64BAL</vin><color>LightPink</color><year>1971</year></automobile><automobile><person_id>916dd078-96ac-49e8-960d-11acc147c027</person_id><license_plate>045 IQI</license_plate><vin>577YWWZ30NBKY9E2R</vin><color>GhostWhite</color><year>1991</year></automobile><automobile><person_id>aaf36999-4a03-4a03-9551-302d117ade28</person_id><license_plate>40-XF77</license_plate><vin>33BR9UAB0NU3WGYSC</vin><color>MediumVioletRed</color><year>1979</year></automobile><automobile><person_id>61c1c0d8-f1ed-4c69-aede-de2a95abf156</person_id><license_plate>LDS 392</license_plate><vin>0TKPCFA59BHL6TCHV</vin><color>Khaki</color><year>2011</year></automobile><automobile><person_id>61c1c0d8-f1ed-4c69-aede-de2a95abf156</person_id><license_plate>KBN4726</license_plate><vin>NXG0BAKF52A2R5JRW</vin><color>SandyBrown</color><year>2001</year></automobile><automobile><person_id>d2f542c5-44c8-4d12-b63c-b23fe296bb7f</person_id><license_plate>NOA 316</license_plate><vin>V9JLWGTH0UGDCJMHA</vin><color>NavajoWhite</color><year>2006</year></automobile><automobile><person_id>d2f542c5-44c8-4d12-b63c-b23fe296bb7f</person_id><license_plate>3WT 207</license_plate><vin>YH9V854V803W1ZKH3</vin><color>LightYellow</color><year>2002</year></automobile><automobile><person_id>bb11b6de-c315-44b3-a0b9-c8af19584a4d</person_id><license_plate>JBU-9487</license_plate><vin>XJ50BKT19JX57PGN9</vin><color>Indigo</color><year>1974</year></automobile><automobile><person_id>493fc970-32f5-4258-8796-c9aec2596c93</person_id><license_plate>9LQ7445</license_plate><vin>NFUSGEFP4S16R5L9L</vin><color>RosyBrown</color><year>2007</year></automobile><automobile><person_id>493fc970-32f5-4258-8796-c9aec2596c93</person_id><license_plate>137-KZE</license_plate><vin>ULK49YKH05TZDDNMG</vin><color>DarkRed</color><year>2004</year></automobile><automobile><person_id>371d8575-8153-4312-bcc9-0a911414128e</person_id><license_plate>LRQ-317</license_plate><vin>HL7VNXMW3LCND767P</vin><color>MistyRose</color><year>1972</year></automobile><automobile><person_id>54aed830-5afe-4c07-bbe7-73c357112a7a</person_id><license_plate>81-OL13</license_plate><vin>MRZL0PWD34JS377ND</vin><color>MidnightBlue</color><year>1998</year></automobile><automobile><person_id>f95483fc-a2b6-4f09-8348-0e8d8b3f366f</person_id><license_plate>BLK E38</license_plate><vin>58CM9DNU64ECSA3L1</vin><color>Purple</color><year>2002</year></automobile><automobile><person_id>87e0a720-31d3-4e1b-bbb7-89dfa3cce579</person_id><license_plate>273-LON</license_plate><vin>12EATZFJXR0YVS57S</vin><color>MediumSpringGreen</color><year>1989</year></automobile><automobile><person_id>87e0a720-31d3-4e1b-bbb7-89dfa3cce579</person_id><license_plate>EHC 171</license_plate><vin>6GUJ33DP4V4CF1H16</vin><color>LightSteelBlue</color><year>2024</year></automobile><automobile><person_id>87e0a720-31d3-4e1b-bbb7-89dfa3cce579</person_id><license_plate>I68-10O</license_plate><vin>JDY50D9K5K0EUSED1</vin><color>DodgerBlue</color><year>2009</year></automobile><automobile><person_id>199bcabb-368d-4d6d-9c5b-98ff427cdd39</person_id><license_plate>1BK 267</license_plate><vin>32XZDNAH0HYAV0BTW</vin><color>Turquoise</color><year>2007</year></automobile><automobile><person_id>e330c003-b049-4e03-a3b4-072177a7eeb1</person_id><license_plate>091 ZRK</license_plate><vin>Y9FC42VT8B9HEAMK8</vin><color>LightCyan</color><year>1986</year></automobile><automobile><person_id>7ba0f89f-e5c5-4325-b638-a29d130cc241</person_id><license_plate>043YQX</license_plate><vin>09XS4M8T1ENY7JY67</vin><color>LightPink</color><year>1973</year></automobile><automobile><person_id>7ba0f89f-e5c5-4325-b638-a29d130cc241</person_id><license_plate>RKS-9674</license_plate><vin>ZHNY9SE48C7JBFYZ0</vin><color>OrangeRed</color><year>1987</year></automobile><automobile><person_id>7fa6e566-aeda-477c-a76a-30265dcc0983</person_id><license_plate>758 6IC</license_plate><vin>RARWVN6RXVXNZ9525</vin><color>SkyBlue</color><year>1972</year></automobile><automobile><person_id>7fa6e566-aeda-477c-a76a-30265dcc0983</person_id><license_plate>IAY 247</license_plate><vin>MR2X7NDK4DAM5K74J</vin><color>Linen</color><year>1997</year></automobile><automobile><person_id>0b9c13c0-0559-4bcc-9033-0eeb04875afe</person_id><license_plate>4VR P09</license_plate><vin>HJYTKEWR1EASJTG1U</vin><color>LightCyan</color><year>1977</year></automobile><automobile><person_id>0b9c13c0-0559-4bcc-9033-0eeb04875afe</person_id><license_plate>2WRM 15</license_plate><vin>ENE0S2RA05B4NLFDA</vin><color>RoyalBlue</color><year>2003</year></automobile><automobile><person_id>b8b43978-1888-4ce2-9719-36c24f07e8a5</person_id><license_plate>34I B83</license_plate><vin>AUD9GEY02L9LB394L</vin><color>MediumPurple</color><year>2018</year></automobile><automobile><person_id>b8b43978-1888-4ce2-9719-36c24f07e8a5</person_id><license_plate>004-YBH</license_plate><vin>HBP4T8NF3X0KC681K</vin><color>LimeGreen</color><year>2021</year></automobile><automobile><person_id>6b4ec1bd-917f-448b-ad9f-bac7af69bc13</person_id><license_plate>406 QDI</license_plate><vin>E6WH0AL82GXEG4R7V</vin><color>BurlyWood</color><year>1988</year></automobile><automobile><person_id>110f3afa-9cc3-49bf-9ff2-cf41762cd51b</person_id><license_plate>877-TRN</license_plate><vin>HJTC77GR3MB4D4AY6</vin><color>SandyBrown</color><year>2004</year></automobile><automobile><person_id>110f3afa-9cc3-49bf-9ff2-cf41762cd51b</person_id><license_plate>BMO 053</license_plate><vin>JP3CH4942EW68CSM5</vin><color>CadetBlue</color><year>2017</year></automobile><automobile><person_id>823409cd-6ade-490d-84ec-1b651750a4f1</person_id><license_plate>GOH 687</license_plate><vin>FZEUZ1YX8P18C9Z32</vin><color>Orchid</color><year>1971</year></automobile><automobile><person_id>83fb8ff8-dc6d-4f99-881d-d82da94dafc1</person_id><license_plate>41-PB49</license_plate><vin>70Y37Y3Y23HFGPMM1</vin><color>LightBlue</color><year>1998</year></automobile><automobile><person_id>83fb8ff8-dc6d-4f99-881d-d82da94dafc1</person_id><license_plate>401-NRE</license_plate><vin>BXE44ARC7BX803022</vin><color>PaleVioletRed</color><year>2021</year></automobile></automobiles>