<?xml version="1.0" encoding="UTF-8" ?><automobiles><automobile><person_id>91dddf3f-0070-45ad-b497-68d3375cc03c</person_id><license_plate>2VDP802</license_plate><vin>CE2DGLL7XNHV6D4RP</vin><color>Beige</color><year>1984</year></automobile><automobile><person_id>717308c3-722b-4832-97ca-e64bb463e857</person_id><license_plate>SZ5 0572</license_plate><vin>LGGEAAE81ZWGUGCCF</vin><color>DarkTurquoise</color><year>1989</year></automobile><automobile><person_id>21a2c646-4fff-412c-88e8-5108edfb70bd</person_id><license_plate>829 NGY</license_plate><vin>1CYZB1RKXMZ1LB01W</vin><color>RoyalBlue</color><year>1979</year></automobile><automobile><person_id>152128f1-5349-4f81-b57d-4cc831204a90</person_id><license_plate>JMN-951</license_plate><vin>SVFAWR3V17J7HEZ6L</vin><color>PowderBlue</color><year>2022</year></automobile><automobile><person_id>152128f1-5349-4f81-b57d-4cc831204a90</person_id><license_plate>JAC-548</license_plate><vin>9KV0FMWK91UA72UAP</vin><color>DarkSeaGreen</color><year>2010</year></automobile><automobile><person_id>a61b326f-f3aa-4d19-bbd0-9a56a9f251a0</person_id><license_plate>KBC 703</license_plate><vin>DAPW3AKN4967VF5NA</vin><color>MediumOrchid</color><year>2014</year></automobile><automobile><person_id>a61b326f-f3aa-4d19-bbd0-9a56a9f251a0</person_id><license_plate>JEF 546</license_plate><vin>VJ093WG57WYMZPYHX</vin><color>OrangeRed</color><year>1993</year></automobile><automobile><person_id>8e203420-e5b7-4c59-90a1-11559ad1cf29</person_id><license_plate>AYZ9659</license_plate><vin>BSPXJ60F7WJ8V0N3B</vin><color>WhiteSmoke</color><year>2000</year></automobile><automobile><person_id>52c58e30-c613-482b-a165-6ce3b6aee652</person_id><license_plate>1ZSP 49</license_plate><vin>HZ8J1P0GXHR9T0U9C</vin><color>LightPink</color><year>2012</year></automobile><automobile><person_id>9287f514-a703-43e8-b4a3-3731a3d06c07</person_id><license_plate>ZLP 700</license_plate><vin>W7LHUZB95GYHH31CS</vin><color>LightYellow</color><year>1972</year></automobile><automobile><person_id>9287f514-a703-43e8-b4a3-3731a3d06c07</person_id><license_plate>91-6598V</license_plate><vin>NSP0USAV9CGBRK8JT</vin><color>Olive</color><year>2023</year></automobile><automobile><person_id>9287f514-a703-43e8-b4a3-3731a3d06c07</person_id><license_plate>7RCA958</license_plate><vin>Y5D7FDXS3H2BBV0T6</vin><color>LawnGreen</color><year>1989</year></automobile><automobile><person_id>478dfa0a-2ba5-4366-997d-60ecf33f2850</person_id><license_plate>9EJK900</license_plate><vin>CUFETB3R9Z51STZM4</vin><color>Coral</color><year>1985</year></automobile><automobile><person_id>5eef2502-c0d0-42d7-aaca-e6cbec896ac6</person_id><license_plate>HXX 149</license_plate><vin>Y6VF0MKN7TJN65W4K</vin><color>Red</color><year>1990</year></automobile><automobile><person_id>99f5c79b-1489-4eff-b53c-1497440b0189</person_id><license_plate>C53 9SG</license_plate><vin>X0R8AENL9YLPX1WH0</vin><color>SlateBlue</color><year>1989</year></automobile><automobile><person_id>99f5c79b-1489-4eff-b53c-1497440b0189</person_id><license_plate>579382</license_plate><vin>SF25A3LE8EGVM6NLE</vin><color>DarkKhaki</color><year>2000</year></automobile><automobile><person_id>99f5c79b-1489-4eff-b53c-1497440b0189</person_id><license_plate>IOA 338</license_plate><vin>11W59SFG2G7RWJ4CH</vin><color>Green</color><year>1999</year></automobile><automobile><person_id>3f9b73b1-742f-4152-9ea8-c878d0d69253</person_id><license_plate>TVW 241</license_plate><vin>7A48JTTT3UG5EG4DP</vin><color>Green</color><year>2001</year></automobile><automobile><person_id>83922e9a-a899-447a-b0ad-e0fc4acc56d7</person_id><license_plate>108 UZF</license_plate><vin>HRJMN6P47W2RK7X7L</vin><color>DarkViolet</color><year>2014</year></automobile><automobile><person_id>b1b30a0b-cf4b-4b29-b79e-e984ae69a6e5</person_id><license_plate>7SH D42</license_plate><vin>HPPAH6S755XCPWJ8H</vin><color>MediumBlue</color><year>2022</year></automobile><automobile><person_id>b1b30a0b-cf4b-4b29-b79e-e984ae69a6e5</person_id><license_plate>252-DSX</license_plate><vin>1LX2TNH672KR539A8</vin><color>HotPink</color><year>1997</year></automobile><automobile><person_id>f710f811-8361-4801-994b-035610537cf4</person_id><license_plate>XHG 816</license_plate><vin>ZY9BNX0D213TXX6UJ</vin><color>Yellow</color><year>2003</year></automobile><automobile><person_id>9575be5e-5c2e-4c16-8e1c-a8d9932c0eae</person_id><license_plate>284 GRD</license_plate><vin>BL4BN0B04JCSRKRZE</vin><color>MediumOrchid</color><year>1974</year></automobile><automobile><person_id>9575be5e-5c2e-4c16-8e1c-a8d9932c0eae</person_id><license_plate>0IJ N44</license_plate><vin>33UDBSDJ4HWULVERM</vin><color>MediumTurquoise</color><year>1983</year></automobile><automobile><person_id>3d49ae20-2d98-4403-ab03-0e58580b36bb</person_id><license_plate>0GA Z09</license_plate><vin>66ZTZ9DR5K1UMLRX4</vin><color>MediumOrchid</color><year>1973</year></automobile><automobile><person_id>3d49ae20-2d98-4403-ab03-0e58580b36bb</person_id><license_plate>4W537</license_plate><vin>722C04FF0PEVT4MFY</vin><color>FloralWhite</color><year>1974</year></automobile><automobile><person_id>3d49ae20-2d98-4403-ab03-0e58580b36bb</person_id><license_plate>HMK-696</license_plate><vin>TTHJ66Y71C61LEKUS</vin><color>PowderBlue</color><year>1990</year></automobile><automobile><person_id>19a0f3c1-8abe-42b8-bbe8-9d126f54ffba</person_id><license_plate>898 3PO</license_plate><vin>P8X8A4LA3E7BCESS6</vin><color>Tan</color><year>1971</year></automobile><automobile><person_id>19a0f3c1-8abe-42b8-bbe8-9d126f54ffba</person_id><license_plate>1DQU882</license_plate><vin>4SBDM4V117T5YT9TD</vin><color>SlateGray</color><year>1988</year></automobile><automobile><person_id>4a2f274d-18ca-4df4-83f8-21afa292c47c</person_id><license_plate>551 ZNA</license_plate><vin>K37WRLGE18SZ52UCZ</vin><color>SlateGray</color><year>1976</year></automobile><automobile><person_id>4a2f274d-18ca-4df4-83f8-21afa292c47c</person_id><license_plate>54Y A41</license_plate><vin>1HKDW6N09CFUNA33E</vin><color>Blue</color><year>1995</year></automobile><automobile><person_id>0853cbbd-2dbb-4c4f-9b9b-10cadcd8416f</person_id><license_plate>6B 5S0XNE</license_plate><vin>SJS861SP252RAK1HV</vin><color>Thistle</color><year>2019</year></automobile><automobile><person_id>857e3390-1772-4198-a04b-f84138431a65</person_id><license_plate>ZQX 047</license_plate><vin>JKVTT9K995F00N0F7</vin><color>SlateBlue</color><year>1977</year></automobile><automobile><person_id>857e3390-1772-4198-a04b-f84138431a65</person_id><license_plate>VTC-930</license_plate><vin>1CVTG56F982TSH9YL</vin><color>Thistle</color><year>1976</year></automobile><automobile><person_id>11383e37-4da6-4dc4-8627-fe8172e5d9f5</person_id><license_plate>533 6311</license_plate><vin>0SF674GB6U2EEJU3J</vin><color>Magenta</color><year>2018</year></automobile><automobile><person_id>d3629247-0e93-4d5b-9220-46d53e99a6c0</person_id><license_plate>7WWP099</license_plate><vin>UJ7LLDWE9J0MKNBXN</vin><color>DarkMagenta</color><year>1988</year></automobile><automobile><person_id>d3629247-0e93-4d5b-9220-46d53e99a6c0</person_id><license_plate>83H 967</license_plate><vin>D5VCDXS3X96MA42SB</vin><color>DarkKhaki</color><year>1992</year></automobile><automobile><person_id>8a8c507a-a61e-48ad-a1ae-0506b0744f6e</person_id><license_plate>Q07 1WR</license_plate><vin>JY4PG7V69HMZPEKNY</vin><color>LightSkyBlue</color><year>1993</year></automobile><automobile><person_id>1d012aff-b642-4a3c-a88c-13c46f29e8ff</person_id><license_plate>096 TWR</license_plate><vin>ARFGHUJL56XZ6JVD7</vin><color>Navy</color><year>2006</year></automobile><automobile><person_id>5265a0cd-9157-40fd-ab5b-7ed5b937cf21</person_id><license_plate>8-5570R</license_plate><vin>63H8E5FX5DSH7GXP7</vin><color>LawnGreen</color><year>2008</year></automobile><automobile><person_id>7ddc841d-4000-488b-8320-22de5780a9fd</person_id><license_plate>66WJ5</license_plate><vin>WU7LMMV8531VCXX2S</vin><color>Gold</color><year>1971</year></automobile><automobile><person_id>7ddc841d-4000-488b-8320-22de5780a9fd</person_id><license_plate>16R T40</license_plate><vin>CLLRA65Y50AB0DHN2</vin><color>PaleTurquoise</color><year>1996</year></automobile><automobile><person_id>993d822e-57bf-48ed-94be-dffad341f4b4</person_id><license_plate>943 6PM</license_plate><vin>6TWYH78A0JHCABUXX</vin><color>Peru</color><year>2002</year></automobile><automobile><person_id>993d822e-57bf-48ed-94be-dffad341f4b4</person_id><license_plate>983-DIL</license_plate><vin>DSRYVE966WRALY3RZ</vin><color>DarkSlateGray</color><year>1979</year></automobile><automobile><person_id>fe121b52-b8f4-4ef0-b790-62c57df4f741</person_id><license_plate>972 IO2</license_plate><vin>0MCAY3VS1EPNSLF3A</vin><color>Cornsilk</color><year>1995</year></automobile><automobile><person_id>fe121b52-b8f4-4ef0-b790-62c57df4f741</person_id><license_plate>0323</license_plate><vin>2NXSWRELXENT6GBKN</vin><color>Gray</color><year>2000</year></automobile><automobile><person_id>a1e59c45-de4a-4670-a70d-92bc4740c114</person_id><license_plate>369R</license_plate><vin>M2X84WSK1Y0DRHT5F</vin><color>Aqua</color><year>2000</year></automobile><automobile><person_id>a1e59c45-de4a-4670-a70d-92bc4740c114</person_id><license_plate>930 RZL</license_plate><vin>J21YZVB43WFCAZWYP</vin><color>DarkSlateGray</color><year>2020</year></automobile><automobile><person_id>a1e59c45-de4a-4670-a70d-92bc4740c114</person_id><license_plate>1JW15</license_plate><vin>WAVZTVXG81BFAEKKZ</vin><color>Khaki</color><year>1980</year></automobile><automobile><person_id>72fe81d9-4f21-498b-bacf-851f085c70ac</person_id><license_plate>934CPQ</license_plate><vin>BRE0MLV1X1J682YZ5</vin><color>Tomato</color><year>1993</year></automobile><automobile><person_id>72fe81d9-4f21-498b-bacf-851f085c70ac</person_id><license_plate>749 UNX</license_plate><vin>NXT54USN82DBRFT9G</vin><color>LimeGreen</color><year>1997</year></automobile><automobile><person_id>ca51956c-91e9-4b2c-a42d-7446568fda04</person_id><license_plate>8RB04</license_plate><vin>MNT9L3H4806NAKF4R</vin><color>Beige</color><year>2011</year></automobile><automobile><person_id>ca51956c-91e9-4b2c-a42d-7446568fda04</person_id><license_plate>49-95218</license_plate><vin>8XC67NG86MEMD87H8</vin><color>Ivory</color><year>1975</year></automobile><automobile><person_id>5858a7d8-04ab-4072-9c1a-c5f763cee5b1</person_id><license_plate>077 LFX</license_plate><vin>SCV8A6PX7D4PG4J4L</vin><color>MediumSpringGreen</color><year>1999</year></automobile><automobile><person_id>6bc4bdc4-236b-4a57-8280-c821d552ab43</person_id><license_plate>0OU 085</license_plate><vin>DL20RKE125ADBJ9V6</vin><color>AliceBlue</color><year>2016</year></automobile><automobile><person_id>6bc4bdc4-236b-4a57-8280-c821d552ab43</person_id><license_plate>28-56512</license_plate><vin>N3SEN4EG04M6423HT</vin><color>Violet</color><year>1973</year></automobile><automobile><person_id>be5eb3ab-c5d7-4868-832e-4dd7f14a1b5b</person_id><license_plate>4351</license_plate><vin>RTTLA7PEXB6516JC4</vin><color>Chartreuse</color><year>2009</year></automobile><automobile><person_id>ed327623-5d6f-44c0-a852-bacb1d5ef82e</person_id><license_plate>9DI0186</license_plate><vin>K4HTL2GY02W0TNEXH</vin><color>DarkSeaGreen</color><year>2013</year></automobile><automobile><person_id>cdf02828-ee22-400d-a548-5f4fd5bcf08f</person_id><license_plate>1E 9630V</license_plate><vin>SL7YMH508VZ3Z5EPN</vin><color>Snow</color><year>1995</year></automobile><automobile><person_id>cdf02828-ee22-400d-a548-5f4fd5bcf08f</person_id><license_plate>XIX 281</license_plate><vin>BZ9EUFEY9JGS47XXJ</vin><color>MediumBlue</color><year>2002</year></automobile><automobile><person_id>bf99af36-4894-4ed1-a4ca-2e3c7632d952</person_id><license_plate>6Y 69189</license_plate><vin>U96YT9DW9JP152BYY</vin><color>SkyBlue</color><year>2012</year></automobile><automobile><person_id>bf99af36-4894-4ed1-a4ca-2e3c7632d952</person_id><license_plate>77J 607</license_plate><vin>TNT07TRM1A1T4JJME</vin><color>DarkOrchid</color><year>2012</year></automobile><automobile><person_id>662034fb-5fcc-41c1-bfea-0f9608218163</person_id><license_plate>85PZ3</license_plate><vin>VG4H9NE494P0WMZAM</vin><color>MediumOrchid</color><year>2009</year></automobile><automobile><person_id>11d779da-7063-422d-aa1b-100e5a64c26a</person_id><license_plate>MTM 325</license_plate><vin>39DTB2332K6ZRCMKJ</vin><color>Ivory</color><year>2007</year></automobile><automobile><person_id>11d779da-7063-422d-aa1b-100e5a64c26a</person_id><license_plate>MFR 969</license_plate><vin>NJ4ZV3BN9GY6ZJC5C</vin><color>DarkSeaGreen</color><year>1992</year></automobile><automobile><person_id>26c9bb75-c11e-4bdb-adf2-3fc397fac1e4</person_id><license_plate>QVO0282</license_plate><vin>T9GN9G9U8NBTKNJYV</vin><color>PaleTurquoise</color><year>2007</year></automobile><automobile><person_id>26c9bb75-c11e-4bdb-adf2-3fc397fac1e4</person_id><license_plate>U 308354</license_plate><vin>UB5MH8PL7YHT7RXTX</vin><color>DarkSlateBlue</color><year>2003</year></automobile><automobile><person_id>71944ebf-1d15-453f-863d-792562590274</person_id><license_plate>6TF0087</license_plate><vin>DVE1MYVE148BYVMJ0</vin><color>OrangeRed</color><year>1987</year></automobile><automobile><person_id>7bb93078-b99e-4640-aa80-db8a36e8b537</person_id><license_plate>ZTX-686</license_plate><vin>CD1FHCKGXU1VGRXBG</vin><color>Teal</color><year>1982</year></automobile><automobile><person_id>b251b902-3d7e-460d-93c8-a2eacf51826a</person_id><license_plate>LXX 386</license_plate><vin>CUF2BB447M6Y5E49H</vin><color>OrangeRed</color><year>1983</year></automobile><automobile><person_id>e8c836eb-13b1-441c-998e-3cefe0d42f36</person_id><license_plate>GIJ 5900</license_plate><vin>3AUWBHA99RVW4YXSW</vin><color>Purple</color><year>1986</year></automobile><automobile><person_id>e8c836eb-13b1-441c-998e-3cefe0d42f36</person_id><license_plate>4BV 532</license_plate><vin>YUTHJPAC7FS1FYRNP</vin><color>MidnightBlue</color><year>1973</year></automobile><automobile><person_id>47b4f2b7-13ae-4496-ab72-e376add883aa</person_id><license_plate>601 TJC</license_plate><vin>K0J2N1AC1JRUW4WJD</vin><color>OldLace</color><year>1975</year></automobile><automobile><person_id>47b4f2b7-13ae-4496-ab72-e376add883aa</person_id><license_plate>553-185</license_plate><vin>GVTX17KR1ADV2N2AE</vin><color>DodgerBlue</color><year>2022</year></automobile><automobile><person_id>47b4f2b7-13ae-4496-ab72-e376add883aa</person_id><license_plate>QWA 065</license_plate><vin>A7FKHLDCXRP66VMR9</vin><color>LightSlateGray</color><year>2019</year></automobile><automobile><person_id>7bc139b2-1372-4e07-8a70-b925219d18b0</person_id><license_plate>5HDJ377</license_plate><vin>WPZE5RKF86LZPSFZ8</vin><color>Thistle</color><year>1995</year></automobile><automobile><person_id>d855d0b1-02c1-4134-8358-66ab0b1f7103</person_id><license_plate>4-3231Q</license_plate><vin>8EJZ9DFYX221SMRRA</vin><color>SlateBlue</color><year>2023</year></automobile><automobile><person_id>d95a0eeb-bd15-4888-b15f-77036548392e</person_id><license_plate>4-28390</license_plate><vin>N5D12EPA7U5MYH1NM</vin><color>OldLace</color><year>2018</year></automobile><automobile><person_id>47f3d829-1201-43bb-953b-cce6fddc9d35</person_id><license_plate>086EMM</license_plate><vin>94DT8Z5M1DBGE0TD8</vin><color>SeaShell</color><year>1974</year></automobile><automobile><person_id>47f3d829-1201-43bb-953b-cce6fddc9d35</person_id><license_plate>594 LW4</license_plate><vin>Z0G8EECJ6HLS6RSMM</vin><color>Moccasin</color><year>1973</year></automobile><automobile><person_id>5a4aa9ae-3177-4659-b65f-a3f56da5cb93</person_id><license_plate>J50 1VA</license_plate><vin>D7KPTLHSXW8N0B2DH</vin><color>LightGoldenRodYellow</color><year>2021</year></automobile><automobile><person_id>5a4aa9ae-3177-4659-b65f-a3f56da5cb93</person_id><license_plate>NHX 666</license_plate><vin>UAGY3S5X90C69XB6H</vin><color>FireBrick</color><year>2006</year></automobile><automobile><person_id>95e8dde7-57ee-4e9e-bf29-2dcc7fc8d653</person_id><license_plate>1-0778B</license_plate><vin>3Y6HXU0P0R9AFWCZD</vin><color>Bisque</color><year>1999</year></automobile><automobile><person_id>95e8dde7-57ee-4e9e-bf29-2dcc7fc8d653</person_id><license_plate>625 5IF</license_plate><vin>7BXMKNPG2D8SA5UJ3</vin><color>Thistle</color><year>2011</year></automobile><automobile><person_id>d0cba2d2-c73b-4162-85d9-aca841e62562</person_id><license_plate>938 NIL</license_plate><vin>YKV3DXJM85NL7BZCV</vin><color>PaleTurquoise</color><year>2010</year></automobile><automobile><person_id>8d7d85ff-57dd-4f28-a6c7-670b259cce59</person_id><license_plate>427-NZWQ</license_plate><vin>75WPW4FUX3XF5EYNL</vin><color>LightGoldenRodYellow</color><year>1990</year></automobile><automobile><person_id>702d67f2-7d51-4757-b455-05e398804ac8</person_id><license_plate>LVC 262</license_plate><vin>869TRTMH8VT40K0MN</vin><color>Peru</color><year>1997</year></automobile><automobile><person_id>5e288e62-8328-431c-b58c-74680f57fc0b</person_id><license_plate>6FA 635</license_plate><vin>8A433HVCXFKV2LSA0</vin><color>Indigo</color><year>2001</year></automobile><automobile><person_id>5e288e62-8328-431c-b58c-74680f57fc0b</person_id><license_plate>0-65584Z</license_plate><vin>H4R5D19UXXCWSUBGF</vin><color>CornflowerBlue</color><year>1999</year></automobile><automobile><person_id>5e288e62-8328-431c-b58c-74680f57fc0b</person_id><license_plate>32U S60</license_plate><vin>J9B15L8W3S5T0NUHR</vin><color>Chocolate</color><year>1971</year></automobile><automobile><person_id>b6071b0a-43c0-4396-b77b-a8a68bfb6b30</person_id><license_plate>7HW4802</license_plate><vin>R2LF2YLK61B5G6HTB</vin><color>PapayaWhip</color><year>1993</year></automobile><automobile><person_id>5b5c4460-7ea6-4971-9cbd-097ede438f3c</person_id><license_plate>PBN-949</license_plate><vin>NUCD7BH548UCAZXWH</vin><color>PeachPuff</color><year>1980</year></automobile><automobile><person_id>4c50c213-a3af-4466-bb29-956988fd6df1</person_id><license_plate>70-F873</license_plate><vin>GANJ0M69XZWZRF6FM</vin><color>LightSkyBlue</color><year>2020</year></automobile><automobile><person_id>770f4288-3d7e-4677-846e-ed08ee5775b4</person_id><license_plate>512 OJV</license_plate><vin>JVVM2DVF4T7MUMJ5V</vin><color>MediumBlue</color><year>1974</year></automobile><automobile><person_id>770f4288-3d7e-4677-846e-ed08ee5775b4</person_id><license_plate>776 8AX</license_plate><vin>RMZ3A7359WANSRRG5</vin><color>Indigo</color><year>2010</year></automobile><automobile><person_id>cb548fed-2692-432a-a75f-e5c037c83b95</person_id><license_plate>916 TAB</license_plate><vin>ZZ5E8UVV5K9T9K8HD</vin><color>MediumTurquoise</color><year>2019</year></automobile><automobile><person_id>fa634735-437d-4533-96cc-6f1df44455dd</person_id><license_plate>570O</license_plate><vin>NFNYTSVF3CUYK9L04</vin><color>IndianRed</color><year>2001</year></automobile><automobile><person_id>a9a79ae5-b693-4d0f-834e-b964b33a158d</person_id><license_plate>HYJ 936</license_plate><vin>BNJLLLHNXX8ZU53DC</vin><color>FloralWhite</color><year>1985</year></automobile><automobile><person_id>dd312c4f-973a-48bb-a85b-bfcfaeea05a5</person_id><license_plate>8VWE417</license_plate><vin>WEY3V9LB4A4FPLUPK</vin><color>IndianRed</color><year>1978</year></automobile><automobile><person_id>71e3c756-4d96-4eb8-85c0-50ec032efe45</person_id><license_plate>QLM-0844</license_plate><vin>1XXUS6047LN0JMACJ</vin><color>YellowGreen</color><year>1989</year></automobile><automobile><person_id>71e3c756-4d96-4eb8-85c0-50ec032efe45</person_id><license_plate>95JZ283</license_plate><vin>D6UDD6MD9E66RK0ZF</vin><color>Maroon</color><year>1980</year></automobile><automobile><person_id>43a29cc6-4165-4f85-82ec-39dfa06bbf73</person_id><license_plate>9L 6Z3RNQ</license_plate><vin>CAS6RMAD4ZXB9ZKGJ</vin><color>Sienna</color><year>1995</year></automobile><automobile><person_id>43a29cc6-4165-4f85-82ec-39dfa06bbf73</person_id><license_plate>40V ZD7</license_plate><vin>636DJBX7262016FNF</vin><color>Aqua</color><year>2001</year></automobile><automobile><person_id>233fa6ea-1114-4621-8e84-812e27bcfb99</person_id><license_plate>678 6ZW</license_plate><vin>ZKBY1X7PXGS58SAUK</vin><color>Tan</color><year>1996</year></automobile><automobile><person_id>233fa6ea-1114-4621-8e84-812e27bcfb99</person_id><license_plate>002 HGR</license_plate><vin>19ELH2CVXKERF1ZPE</vin><color>LightCyan</color><year>2017</year></automobile><automobile><person_id>c768aee5-8b31-48ad-8f5f-9a979b1c6202</person_id><license_plate>YPN-9012</license_plate><vin>3G5VHKVM198WHJ4DW</vin><color>LightSeaGreen</color><year>2021</year></automobile><automobile><person_id>c768aee5-8b31-48ad-8f5f-9a979b1c6202</person_id><license_plate>3-28462</license_plate><vin>TTN3N0A2253PA7TBW</vin><color>NavajoWhite</color><year>1987</year></automobile><automobile><person_id>0d371840-7d3d-4802-a329-6eb38937147b</person_id><license_plate>A18-05I</license_plate><vin>C5E2R9G12YVC9PEKU</vin><color>PaleGoldenRod</color><year>2001</year></automobile><automobile><person_id>0d371840-7d3d-4802-a329-6eb38937147b</person_id><license_plate>UMG-0734</license_plate><vin>522SM8D530N4TAMT5</vin><color>MediumAquaMarine</color><year>1987</year></automobile><automobile><person_id>ca75c6ac-ab8d-49f9-bb43-4986765ca205</person_id><license_plate>Z54 0VQ</license_plate><vin>2P2N4ZP0945Y7XMSK</vin><color>Chocolate</color><year>1970</year></automobile><automobile><person_id>0bb1c579-e870-44ed-a5d6-71ec99985099</person_id><license_plate>264-FJH</license_plate><vin>9SCV00AG0XDSWL3B3</vin><color>RoyalBlue</color><year>1982</year></automobile><automobile><person_id>9690592a-d66e-42ce-b208-38da59eeb7dc</person_id><license_plate>042-377</license_plate><vin>DM0816744W6PV5T6N</vin><color>Salmon</color><year>2013</year></automobile><automobile><person_id>e1a813f4-d41e-4f11-a7cf-7b484b33d43c</person_id><license_plate>156 PRI</license_plate><vin>RT8UF73Z7LHM6S631</vin><color>AliceBlue</color><year>2000</year></automobile><automobile><person_id>0d00100b-3c0e-4070-90b4-99a586a3def3</person_id><license_plate>8PO 487</license_plate><vin>1T350F193CPJDRZSY</vin><color>DarkSlateGray</color><year>1986</year></automobile><automobile><person_id>14440796-d982-423e-9bcf-7fc50f9086d4</person_id><license_plate>5405</license_plate><vin>A60VGBAB21DV4SGKA</vin><color>DarkSlateGray</color><year>1983</year></automobile><automobile><person_id>4cf66771-6089-4d49-840d-59e0ec4e8c4c</person_id><license_plate>QBK 233</license_plate><vin>J6N1TL38857HBL5HL</vin><color>DarkOrange</color><year>1999</year></automobile><automobile><person_id>4cf66771-6089-4d49-840d-59e0ec4e8c4c</person_id><license_plate>LKC 238</license_plate><vin>VX0V4W63XSYX3RZ4Z</vin><color>LightGoldenRodYellow</color><year>1993</year></automobile><automobile><person_id>9439972f-71bc-4c61-a428-c70b345f4b95</person_id><license_plate>ZZI 336</license_plate><vin>9SW3PC6P8XAZ1DNM0</vin><color>BlanchedAlmond</color><year>1995</year></automobile><automobile><person_id>16d6b07a-9a46-4054-86f9-520510f44c77</person_id><license_plate>219-BDAR</license_plate><vin>055EHA7N9BFW8TSF4</vin><color>DarkRed</color><year>1975</year></automobile><automobile><person_id>16d6b07a-9a46-4054-86f9-520510f44c77</person_id><license_plate>9W 4364D</license_plate><vin>L22K4S2P7XBNEA5E4</vin><color>DimGray</color><year>1970</year></automobile><automobile><person_id>6f9f244c-1741-4ffa-9dc2-2126867c2429</person_id><license_plate>823 7MN</license_plate><vin>S0UH4K559HY25TK8H</vin><color>DarkKhaki</color><year>2020</year></automobile><automobile><person_id>6f9f244c-1741-4ffa-9dc2-2126867c2429</person_id><license_plate>AJZ 634</license_plate><vin>8YAR9RYH9P7DP9E3N</vin><color>LightSeaGreen</color><year>2006</year></automobile><automobile><person_id>ebe6bdc2-d993-462e-8612-ce3327cca139</person_id><license_plate>IPG-529</license_plate><vin>00NZ9V8E4K3B1PGPR</vin><color>Sienna</color><year>2006</year></automobile><automobile><person_id>22e473b4-de7c-4eff-911b-5da69e927e33</person_id><license_plate>960 EM8</license_plate><vin>TYRB1NPX6FB8ZSM1F</vin><color>LightSkyBlue</color><year>2013</year></automobile><automobile><person_id>7900c3be-9376-4424-a2ef-7156908c47fe</person_id><license_plate>C28 9TU</license_plate><vin>2KXY5EVS22LG4DY0E</vin><color>FloralWhite</color><year>2012</year></automobile></automobiles>