<?xml version="1.0" encoding="UTF-8" ?><automobiles><automobile><person_id>7900c3be-9376-4424-a2ef-7156908c47fe</person_id><license_plate>279S8</license_plate><vin>VCBCELNJ3HWMPKZUG</vin><color>Teal</color><year>1981</year></automobile><automobile><person_id>d8bff939-3b3f-4e9d-90e5-0ac2de4150a1</person_id><license_plate>574 HVJ</license_plate><vin>VZKBP0KH0LZT9FTPN</vin><color>CadetBlue</color><year>2017</year></automobile><automobile><person_id>cc6d74c8-69f9-4ccd-9f8a-902ed1d66830</person_id><license_plate>2-31110V</license_plate><vin>9LZ3AD4L2W7VXVE1J</vin><color>Tan</color><year>1977</year></automobile><automobile><person_id>cc6d74c8-69f9-4ccd-9f8a-902ed1d66830</person_id><license_plate>VZY-5669</license_plate><vin>R446RJYA9MNL5J9EX</vin><color>LightPink</color><year>2015</year></automobile><automobile><person_id>22c5413e-7772-438c-a93f-3e97eafaeddc</person_id><license_plate>5R 1M9BKM</license_plate><vin>ML45JGF11WHAFJVEG</vin><color>SlateBlue</color><year>1988</year></automobile><automobile><person_id>11808175-0794-4e54-887e-03c753d2c3f2</person_id><license_plate>9YF 099</license_plate><vin>5TRACH8Z5CRJGZWYU</vin><color>IndianRed</color><year>1994</year></automobile><automobile><person_id>11808175-0794-4e54-887e-03c753d2c3f2</person_id><license_plate>SQ5 D5X</license_plate><vin>VZBSWVB54SC59BUCY</vin><color>MediumSpringGreen</color><year>1998</year></automobile><automobile><person_id>0e8b2641-17e4-47f1-b3df-eb056c15b5ab</person_id><license_plate>8YQ 405</license_plate><vin>K8N48NK327Z4ECN2H</vin><color>DarkOliveGreen</color><year>1972</year></automobile><automobile><person_id>0e8b2641-17e4-47f1-b3df-eb056c15b5ab</person_id><license_plate>946-XML</license_plate><vin>Z5ZCAM4C52N23F8K1</vin><color>HoneyDew</color><year>2012</year></automobile><automobile><person_id>0e8b2641-17e4-47f1-b3df-eb056c15b5ab</person_id><license_plate>MEL 863</license_plate><vin>EEUDFZWX2S1H32V7T</vin><color>DarkSlateBlue</color><year>1988</year></automobile><automobile><person_id>4f96721a-4a5c-435b-b8f5-94b488dd9f4f</person_id><license_plate>504-850</license_plate><vin>BHV328SN9KS883XA9</vin><color>Purple</color><year>1993</year></automobile><automobile><person_id>42ad305b-bee8-4c3a-aaf8-000fc79e32fb</person_id><license_plate>X14-JRZ</license_plate><vin>Z497ABDN7VEG6WWNL</vin><color>SteelBlue</color><year>1982</year></automobile><automobile><person_id>4fd96a65-c101-4e34-82bd-153140533db1</person_id><license_plate>6A 86904</license_plate><vin>TMG6EY6G567EU32XK</vin><color>Thistle</color><year>1998</year></automobile><automobile><person_id>bc59c576-89fb-4edb-a83b-783eae188d66</person_id><license_plate>Y32 7JM</license_plate><vin>47C6XFDW83MP6GRFH</vin><color>DarkGoldenRod</color><year>2022</year></automobile><automobile><person_id>bc59c576-89fb-4edb-a83b-783eae188d66</person_id><license_plate>GSC3619</license_plate><vin>CV3YEV6053G5ATM5W</vin><color>MintCream</color><year>1981</year></automobile><automobile><person_id>e461c5df-8328-4252-8e8f-5e8907fcc188</person_id><license_plate>814 MR0</license_plate><vin>AMNU6TBG7AT6PVRWP</vin><color>Fuchsia</color><year>2013</year></automobile><automobile><person_id>e461c5df-8328-4252-8e8f-5e8907fcc188</person_id><license_plate>TEE-2577</license_plate><vin>UBEFU8B87HCM4R502</vin><color>SeaGreen</color><year>1991</year></automobile><automobile><person_id>e461c5df-8328-4252-8e8f-5e8907fcc188</person_id><license_plate>225 6984</license_plate><vin>1XEM9DKE05YZY8G2X</vin><color>PaleGreen</color><year>1981</year></automobile><automobile><person_id>daf1e1ea-8761-491d-bd84-e77d64a5c766</person_id><license_plate>2FN 977</license_plate><vin>WV8NL5SP8MXSC62DC</vin><color>Cornsilk</color><year>1991</year></automobile><automobile><person_id>daf1e1ea-8761-491d-bd84-e77d64a5c766</person_id><license_plate>173032</license_plate><vin>GK09K1V14EVMCJ3XM</vin><color>PaleGreen</color><year>1978</year></automobile><automobile><person_id>8e923fd7-7c75-4429-af6b-3029c9aa99f7</person_id><license_plate>46-2086J</license_plate><vin>25F1J5TB85GMFP2DX</vin><color>Gainsboro</color><year>1997</year></automobile><automobile><person_id>2edb2e6d-39de-41d9-b95c-c725d122e60a</person_id><license_plate>8JN Q11</license_plate><vin>DSC9NRD38M5JN52F1</vin><color>PaleTurquoise</color><year>1981</year></automobile><automobile><person_id>f6ad5b23-25df-49b2-bd84-57c206f8c9d8</person_id><license_plate>8YI7911</license_plate><vin>HM3ZA0KS1B3VNXC08</vin><color>BlanchedAlmond</color><year>1993</year></automobile><automobile><person_id>390d7a9c-c7c4-422f-9fea-dece62c2a36f</person_id><license_plate>JLG 659</license_plate><vin>4966B3A41YAWPGTWP</vin><color>AntiqueWhite</color><year>1975</year></automobile><automobile><person_id>390d7a9c-c7c4-422f-9fea-dece62c2a36f</person_id><license_plate>081-VUL</license_plate><vin>L0C22NBD7UFTJFMB0</vin><color>LimeGreen</color><year>2000</year></automobile><automobile><person_id>01105e4b-d34b-43bd-867e-8604064577dd</person_id><license_plate>8IJ Q67</license_plate><vin>S2WAWDP2XCHHPKU6V</vin><color>FireBrick</color><year>1996</year></automobile><automobile><person_id>65b15a99-2f16-45a7-ad50-da57114c23f6</person_id><license_plate>DMZ-0703</license_plate><vin>YDAPNNMS69PGUAUT5</vin><color>DarkKhaki</color><year>1986</year></automobile><automobile><person_id>65b15a99-2f16-45a7-ad50-da57114c23f6</person_id><license_plate>ZBO 173</license_plate><vin>J9ACR3Y95FN6FKJU2</vin><color>Ivory</color><year>2016</year></automobile><automobile><person_id>5929d956-bf90-46aa-8a71-3294fc1bb567</person_id><license_plate>093-YQS</license_plate><vin>11MSYR0915TB4ADB5</vin><color>DarkTurquoise</color><year>2000</year></automobile><automobile><person_id>27d4eb7a-7db1-4c1c-b933-5d3e230fc320</person_id><license_plate>EPX-309</license_plate><vin>WNB4WXTPXX7U3Y6VP</vin><color>Tomato</color><year>1997</year></automobile><automobile><person_id>27d4eb7a-7db1-4c1c-b933-5d3e230fc320</person_id><license_plate>167971</license_plate><vin>FAZJZNA26HKNAFVXS</vin><color>LightSlateGray</color><year>1987</year></automobile><automobile><person_id>6f9a3906-3bf1-4d3b-85cb-bb5ad7bde78b</person_id><license_plate>627370</license_plate><vin>F9VKFDJR73Y5N4JNL</vin><color>LightCyan</color><year>2018</year></automobile><automobile><person_id>6f9a3906-3bf1-4d3b-85cb-bb5ad7bde78b</person_id><license_plate>VSJ 183</license_plate><vin>MYGFS23N7L010554Y</vin><color>FloralWhite</color><year>1972</year></automobile><automobile><person_id>d914b34c-193d-456d-b699-f9c4eb73694a</person_id><license_plate>394 LRI</license_plate><vin>MAKKCS2Z16PDBWX7T</vin><color>Thistle</color><year>1994</year></automobile><automobile><person_id>d914b34c-193d-456d-b699-f9c4eb73694a</person_id><license_plate>9C 74211</license_plate><vin>BMWDGGPP2MSD932RX</vin><color>SeaGreen</color><year>1997</year></automobile><automobile><person_id>fcaac7e9-f522-4470-8156-b577a0c47660</person_id><license_plate>360 CKY</license_plate><vin>35UD3PFW3V69X26J0</vin><color>PowderBlue</color><year>1996</year></automobile><automobile><person_id>fcaac7e9-f522-4470-8156-b577a0c47660</person_id><license_plate>6MDX577</license_plate><vin>GM4HMEZV7NGKHD5ES</vin><color>LightCoral</color><year>2010</year></automobile><automobile><person_id>fcaac7e9-f522-4470-8156-b577a0c47660</person_id><license_plate>345-HQHB</license_plate><vin>KZB69TEL2TFA1KBFJ</vin><color>White</color><year>1994</year></automobile><automobile><person_id>b0ef7f88-6722-4dd1-91e0-037aae9c6dd9</person_id><license_plate>94-AP84</license_plate><vin>0RP9AZSS46BHW20W8</vin><color>Crimson</color><year>1977</year></automobile><automobile><person_id>1ca90b2b-6147-4f19-9e1c-d8cbc439bd82</person_id><license_plate>548 7XY</license_plate><vin>VZWXV2YN766WT7GJ4</vin><color>Bisque</color><year>2003</year></automobile><automobile><person_id>1ca90b2b-6147-4f19-9e1c-d8cbc439bd82</person_id><license_plate>4-07845H</license_plate><vin>W32RRD7S1NWN5RJ7H</vin><color>GoldenRod</color><year>1974</year></automobile><automobile><person_id>d48654c0-ff87-4baf-b74e-99bdda238b61</person_id><license_plate>IOR4876</license_plate><vin>ALVUPJ2F5GDEBWTSK</vin><color>LightBlue</color><year>2015</year></automobile><automobile><person_id>d48654c0-ff87-4baf-b74e-99bdda238b61</person_id><license_plate>OSN-670</license_plate><vin>1HK6X9JT7Y5M13WCY</vin><color>BurlyWood</color><year>1990</year></automobile><automobile><person_id>ea2c9305-fdf2-4e2d-ba2a-5e421ab88cac</person_id><license_plate>1GMS695</license_plate><vin>HEYBZBRC6UX4EBF3C</vin><color>LightYellow</color><year>1990</year></automobile><automobile><person_id>ea2c9305-fdf2-4e2d-ba2a-5e421ab88cac</person_id><license_plate>KHJ 125</license_plate><vin>145XJU7730AY3JBFD</vin><color>MidnightBlue</color><year>1992</year></automobile><automobile><person_id>ea2c9305-fdf2-4e2d-ba2a-5e421ab88cac</person_id><license_plate>QUS-7233</license_plate><vin>8DCFRPND8B24THCBM</vin><color>Blue</color><year>1978</year></automobile><automobile><person_id>0bc88e7b-930c-489d-aa75-bca75947b982</person_id><license_plate>ADL-6019</license_plate><vin>6CXYZRXB2EBRAEGRL</vin><color>DarkSlateGray</color><year>1991</year></automobile><automobile><person_id>0bc88e7b-930c-489d-aa75-bca75947b982</person_id><license_plate>149-013</license_plate><vin>XSZKC7JJ3USH89MLY</vin><color>Snow</color><year>2018</year></automobile><automobile><person_id>08a76e53-372d-4b8c-9a9c-a341a0dbcc06</person_id><license_plate>74T O61</license_plate><vin>M7G2MA3D9C5USJYDZ</vin><color>MediumVioletRed</color><year>1999</year></automobile><automobile><person_id>08a76e53-372d-4b8c-9a9c-a341a0dbcc06</person_id><license_plate>15F 446</license_plate><vin>XLDET8X13WASZ9Y3D</vin><color>PaleGoldenRod</color><year>1987</year></automobile><automobile><person_id>77e39160-3093-45f9-9939-e0b1ae185701</person_id><license_plate>QN 4253</license_plate><vin>45T5DYAU2MAYCC1YW</vin><color>NavajoWhite</color><year>1985</year></automobile><automobile><person_id>77e39160-3093-45f9-9939-e0b1ae185701</person_id><license_plate>RSZ 530</license_plate><vin>7U3JE8229563NXFD2</vin><color>LightSeaGreen</color><year>2013</year></automobile><automobile><person_id>051e2366-3471-400d-aadc-2017433871e0</person_id><license_plate>148 2536</license_plate><vin>MS4F609T6YKWHH8DW</vin><color>LightBlue</color><year>1994</year></automobile><automobile><person_id>051e2366-3471-400d-aadc-2017433871e0</person_id><license_plate>CFY 941</license_plate><vin>BD8699AW2CUH4MDD4</vin><color>White</color><year>2007</year></automobile><automobile><person_id>85e310a3-6a99-4618-93cc-c9cc21ff376a</person_id><license_plate>519 EMD</license_plate><vin>C3WT2BBA4HAVEM3E9</vin><color>Yellow</color><year>1995</year></automobile><automobile><person_id>85e310a3-6a99-4618-93cc-c9cc21ff376a</person_id><license_plate>FUX 4195</license_plate><vin>7J5YARM11VCP1CKB9</vin><color>Azure</color><year>1996</year></automobile><automobile><person_id>232aa7a1-6e1d-41ce-9598-834b655ffce5</person_id><license_plate>HII 005</license_plate><vin>2VNY0Y6482BY2SU9D</vin><color>Gray</color><year>2021</year></automobile><automobile><person_id>232aa7a1-6e1d-41ce-9598-834b655ffce5</person_id><license_plate>586 OC7</license_plate><vin>PLSEX0X90N4YG3FWT</vin><color>NavajoWhite</color><year>1971</year></automobile><automobile><person_id>23781e45-b016-4b20-9c9f-b6574c6cc9f0</person_id><license_plate>0DJ 382</license_plate><vin>A4YK0ZDA2Y2H1DGY2</vin><color>LightSeaGreen</color><year>1970</year></automobile><automobile><person_id>23781e45-b016-4b20-9c9f-b6574c6cc9f0</person_id><license_plate>2ON 245</license_plate><vin>G83T1Y4H0NMDW1GEF</vin><color>DarkSeaGreen</color><year>1983</year></automobile><automobile><person_id>6e8b10fa-ea7c-4c2d-9db1-7c0b5eb54993</person_id><license_plate>LDV-978</license_plate><vin>FN2ZHV3D0KHTWE97M</vin><color>Yellow</color><year>2006</year></automobile><automobile><person_id>26f6253f-e0dd-40e2-8672-7b5fca407614</person_id><license_plate>TOV-0785</license_plate><vin>X3L8KCUC63Z99FND0</vin><color>NavajoWhite</color><year>1998</year></automobile><automobile><person_id>c1a3de5e-3a64-4091-a7c4-7adddc1bd3b1</person_id><license_plate>8-G9671</license_plate><vin>4433V9RR49BVATUBN</vin><color>ForestGreen</color><year>1999</year></automobile><automobile><person_id>a5fec4c0-85ab-4551-ada0-c64cf0e73da6</person_id><license_plate>4-0794F</license_plate><vin>N17AD7WM0LA5PSS20</vin><color>Turquoise</color><year>1994</year></automobile><automobile><person_id>6d6f5aab-e979-47ec-b7fc-80202cfc523e</person_id><license_plate>256 FIG</license_plate><vin>KSSRSK9C16CP34FA6</vin><color>HotPink</color><year>2007</year></automobile><automobile><person_id>6d6f5aab-e979-47ec-b7fc-80202cfc523e</person_id><license_plate>879-EAF</license_plate><vin>FZ3S7XM95YB82VLAR</vin><color>SaddleBrown</color><year>1982</year></automobile><automobile><person_id>6d6f5aab-e979-47ec-b7fc-80202cfc523e</person_id><license_plate>56H 1249</license_plate><vin>VW7M0BFC7S7TY4JW2</vin><color>DarkViolet</color><year>1985</year></automobile><automobile><person_id>2f5c9176-6de7-4fa8-a932-194ed8a50a09</person_id><license_plate>BX-1753</license_plate><vin>BZ86F08HXGS52MK5B</vin><color>LightSalmon</color><year>2002</year></automobile><automobile><person_id>2f5c9176-6de7-4fa8-a932-194ed8a50a09</person_id><license_plate>2H 7S4UVK</license_plate><vin>K8URETU97B7NGKAS4</vin><color>Turquoise</color><year>1975</year></automobile><automobile><person_id>80a54d1a-999b-4cb1-93f2-629d39445a06</person_id><license_plate>030A3</license_plate><vin>N7S4VCYZ2GZPYKERR</vin><color>Red</color><year>2018</year></automobile><automobile><person_id>b40b515c-e90d-4670-9672-f666609e20a0</person_id><license_plate>P73-URM</license_plate><vin>NVA0M4CL047FADMA3</vin><color>SandyBrown</color><year>1987</year></automobile><automobile><person_id>d431ca40-8a3e-4402-9c3e-56e1009ad31a</person_id><license_plate>UTJ 816</license_plate><vin>RDRBNN3V1W2E1RZMK</vin><color>ForestGreen</color><year>1995</year></automobile><automobile><person_id>5833b9bf-d2bc-494a-9f62-0cd99e3c264c</person_id><license_plate>GT1 9286</license_plate><vin>NGS0SBEG9R0KAFSDB</vin><color>DarkSlateGray</color><year>1998</year></automobile><automobile><person_id>8039b30c-2266-40ef-bbb4-932c60f893be</person_id><license_plate>TFL-9541</license_plate><vin>SXUZXHFD41T1AWAU2</vin><color>LightSalmon</color><year>2022</year></automobile><automobile><person_id>8039b30c-2266-40ef-bbb4-932c60f893be</person_id><license_plate>EU-6216</license_plate><vin>0BC7VCKH49NF1XEKF</vin><color>DarkViolet</color><year>2018</year></automobile><automobile><person_id>8039b30c-2266-40ef-bbb4-932c60f893be</person_id><license_plate>7512 LZ</license_plate><vin>M58L6HRG6GW0HPFWV</vin><color>Khaki</color><year>2017</year></automobile><automobile><person_id>63e27eb7-486c-480c-838f-1474a54e1f7e</person_id><license_plate>63Z P21</license_plate><vin>LR4BE2AA2PSY2B1BT</vin><color>MediumVioletRed</color><year>1994</year></automobile><automobile><person_id>4fb9e695-d2d6-4a52-b567-176236823904</person_id><license_plate>83S 2104</license_plate><vin>03076JCF94ZLUVZMD</vin><color>SpringGreen</color><year>1989</year></automobile><automobile><person_id>4d044106-e7aa-4e84-a656-8b559831192c</person_id><license_plate>230 PTM</license_plate><vin>6UU7AS9J5PSK2K3A5</vin><color>LightGray</color><year>1996</year></automobile><automobile><person_id>4ecb38a6-3bd0-4e53-967e-a87b081d0271</person_id><license_plate>523 PYF</license_plate><vin>TFHGB1UE74MY54ADT</vin><color>ForestGreen</color><year>1989</year></automobile><automobile><person_id>ee1d1600-46dd-451c-b3a4-efc5e9baef2c</person_id><license_plate>W14-LRR</license_plate><vin>NS6JX0U758962PE1E</vin><color>PaleVioletRed</color><year>1977</year></automobile><automobile><person_id>e0410e8f-967e-45f8-8229-582e17cd4795</person_id><license_plate>YJU-6300</license_plate><vin>E9RU0XRG6VEA1183Y</vin><color>SandyBrown</color><year>1996</year></automobile><automobile><person_id>e0410e8f-967e-45f8-8229-582e17cd4795</person_id><license_plate>23-R769</license_plate><vin>N7G1CACA889436CUK</vin><color>Linen</color><year>2012</year></automobile><automobile><person_id>61a134dd-bc3c-4aa5-a021-56195e1c77fe</person_id><license_plate>13E 599</license_plate><vin>AS5U38GM5D3RD69XY</vin><color>Maroon</color><year>1978</year></automobile><automobile><person_id>6757b380-3dc7-4685-a932-f47dca5f9160</person_id><license_plate>CYA-1592</license_plate><vin>UK669HZU7B3X63KEM</vin><color>Azure</color><year>1975</year></automobile><automobile><person_id>0f1e6556-844e-4cec-aed7-c3bd1a665e11</person_id><license_plate>A16 4TK</license_plate><vin>UMA8EWGG5W1Z4432U</vin><color>PaleGreen</color><year>2010</year></automobile><automobile><person_id>0f1e6556-844e-4cec-aed7-c3bd1a665e11</person_id><license_plate>7CW6531</license_plate><vin>RNS6XBWT4WMB7RJ9F</vin><color>PaleTurquoise</color><year>2000</year></automobile><automobile><person_id>fcc3be75-701f-41d4-bbf1-b3d8ee0a01f6</person_id><license_plate>PTN 122</license_plate><vin>92NR15ZJ67FGDNHSJ</vin><color>Moccasin</color><year>1983</year></automobile><automobile><person_id>4246d1c3-be18-444f-a823-d8b5170e0630</person_id><license_plate>62-62208</license_plate><vin>XLXJL8E95D8HLRM25</vin><color>SandyBrown</color><year>1982</year></automobile><automobile><person_id>60b4c533-6ea6-4c8b-b628-fa22612a71f5</person_id><license_plate>U08 7UY</license_plate><vin>722130ZH3SS14ZH0H</vin><color>LavenderBlush</color><year>2013</year></automobile><automobile><person_id>7e692d45-cc3b-45d7-93a3-ed67efbd70dd</person_id><license_plate>BCN Q75</license_plate><vin>LH7J7D360XD4C10ZF</vin><color>DarkTurquoise</color><year>2022</year></automobile><automobile><person_id>7e692d45-cc3b-45d7-93a3-ed67efbd70dd</person_id><license_plate>5BOU 14</license_plate><vin>WXHXJ82X10YZ1HY2P</vin><color>OrangeRed</color><year>1978</year></automobile><automobile><person_id>7e692d45-cc3b-45d7-93a3-ed67efbd70dd</person_id><license_plate>537 MTH</license_plate><vin>SA6PGNM46HY5WUMU3</vin><color>Bisque</color><year>1992</year></automobile><automobile><person_id>4370cfd7-5ee5-4d6d-9a1e-f1190e736c9a</person_id><license_plate>YFR-4514</license_plate><vin>CAXYGPC30NGFETZJK</vin><color>GhostWhite</color><year>2003</year></automobile><automobile><person_id>4370cfd7-5ee5-4d6d-9a1e-f1190e736c9a</person_id><license_plate>261 NRG</license_plate><vin>PVXJB2H72BBZ3V514</vin><color>Purple</color><year>2018</year></automobile><automobile><person_id>b9a8fe7b-080c-437b-904f-c1dd4b32018c</person_id><license_plate>92D•902</license_plate><vin>ZPM526VD3TKSZVF8A</vin><color>SaddleBrown</color><year>1971</year></automobile><automobile><person_id>14296bca-ab2c-45cf-99e7-f98bfc6ea5e4</person_id><license_plate>FTO 875</license_plate><vin>87FF5BV36P6LZSSYT</vin><color>MediumSeaGreen</color><year>1986</year></automobile><automobile><person_id>de327dfa-7ef1-4cd9-bb55-86004912d6bd</person_id><license_plate>604ON</license_plate><vin>6G1DJMDF3MAPSCSD4</vin><color>LimeGreen</color><year>1989</year></automobile><automobile><person_id>4f367fc9-b6d0-4bc0-9096-e002768ee83b</person_id><license_plate>3DP9974</license_plate><vin>BBCJVMW7XHRTDPFJE</vin><color>Aquamarine</color><year>1974</year></automobile><automobile><person_id>4f367fc9-b6d0-4bc0-9096-e002768ee83b</person_id><license_plate>398DE</license_plate><vin>PUG4NVM21XNEJXH8D</vin><color>SandyBrown</color><year>2008</year></automobile><automobile><person_id>761a23df-a864-405d-9889-79aec9e34e8b</person_id><license_plate>LCJ 437</license_plate><vin>B0RCKHEM2WN5DKWW2</vin><color>OldLace</color><year>2013</year></automobile><automobile><person_id>761a23df-a864-405d-9889-79aec9e34e8b</person_id><license_plate>838N</license_plate><vin>K1ST06L02EY6CC38H</vin><color>Aqua</color><year>2012</year></automobile><automobile><person_id>ff353151-2092-4869-8193-94d136889262</person_id><license_plate>0-5540D</license_plate><vin>HEE3JVEA1GCGBLN44</vin><color>FloralWhite</color><year>1982</year></automobile><automobile><person_id>704860fe-6635-4957-8f30-d0b3e3c98828</person_id><license_plate>681-WXY</license_plate><vin>EBRHUXAY0ML51555W</vin><color>PaleTurquoise</color><year>1986</year></automobile><automobile><person_id>feb31a5a-8866-48b4-b4c7-7556340e10b4</person_id><license_plate>6O 9540N</license_plate><vin>NG52ZERC9CDA04RD5</vin><color>LightBlue</color><year>2017</year></automobile><automobile><person_id>eb7d5f09-288f-4734-a757-b57691f5faf7</person_id><license_plate>HCP Z55</license_plate><vin>TEXBA4NW4R2JM1W01</vin><color>Black</color><year>1979</year></automobile><automobile><person_id>eb7d5f09-288f-4734-a757-b57691f5faf7</person_id><license_plate>898 LLM</license_plate><vin>R4019XMG9H88ZXX2B</vin><color>DarkGoldenRod</color><year>1979</year></automobile><automobile><person_id>eb7d5f09-288f-4734-a757-b57691f5faf7</person_id><license_plate>BJ6 Q1E</license_plate><vin>1R6U9BE58CHDS4SXC</vin><color>Gainsboro</color><year>1978</year></automobile><automobile><person_id>6c5e8ed4-fe1e-45d8-b80e-b1ee05bbb963</person_id><license_plate>7VRV096</license_plate><vin>JY86CA5Z1HYVTWAXT</vin><color>Wheat</color><year>2015</year></automobile><automobile><person_id>882649f3-3ac0-403c-b606-d62ae2a2134f</person_id><license_plate>636283</license_plate><vin>FR410DRF8YE598HAM</vin><color>LawnGreen</color><year>2014</year></automobile><automobile><person_id>882649f3-3ac0-403c-b606-d62ae2a2134f</person_id><license_plate>ZRS 584</license_plate><vin>WCUYLF359NAWY3R86</vin><color>DarkRed</color><year>2012</year></automobile><automobile><person_id>a31dfa03-f037-4f31-b91f-2e5de8f0b26d</person_id><license_plate>753-VJI</license_plate><vin>JM1BCWUJ3J2VDDXFT</vin><color>MediumSpringGreen</color><year>1974</year></automobile><automobile><person_id>4edefb54-b554-4d55-8285-b363ef04ad5c</person_id><license_plate>042 XCK</license_plate><vin>R5ZBHUC26NNY93V1H</vin><color>Aqua</color><year>2019</year></automobile><automobile><person_id>fb27333e-3aeb-4c46-b0d3-f88e11ae9ed7</person_id><license_plate>184 BNH</license_plate><vin>EWMJL07L3PAWWGMKS</vin><color>DarkGreen</color><year>1978</year></automobile><automobile><person_id>73a9284e-132d-4695-82b2-a728f64fc5af</person_id><license_plate>5W B5685</license_plate><vin>94ERVXJT0Y07412WH</vin><color>DarkOrange</color><year>2002</year></automobile><automobile><person_id>73a9284e-132d-4695-82b2-a728f64fc5af</person_id><license_plate>9-R0644</license_plate><vin>31FDKF236M9TB4BX5</vin><color>RosyBrown</color><year>1989</year></automobile><automobile><person_id>0571fd39-32cc-401d-820f-e604eb628fa0</person_id><license_plate>TQU-2856</license_plate><vin>SUKBRGZD8GSDV9PWC</vin><color>DeepPink</color><year>2002</year></automobile><automobile><person_id>79c1bed9-036c-49eb-a235-d62f1152544c</person_id><license_plate>POS 363</license_plate><vin>HUUWCE6Y2V5K5RJ53</vin><color>Khaki</color><year>1994</year></automobile><automobile><person_id>79c1bed9-036c-49eb-a235-d62f1152544c</person_id><license_plate>ZRS 189</license_plate><vin>83XB4PCD53SSJPK92</vin><color>Khaki</color><year>2012</year></automobile><automobile><person_id>89b80e2c-b081-48d7-9143-725473cda27b</person_id><license_plate>DVE-3243</license_plate><vin>N0XUPX1K1SC27UW2E</vin><color>DarkSalmon</color><year>1980</year></automobile><automobile><person_id>89b80e2c-b081-48d7-9143-725473cda27b</person_id><license_plate>HJU-2107</license_plate><vin>WV20RWLZ8FXTJCFSE</vin><color>LightSkyBlue</color><year>1974</year></automobile><automobile><person_id>3b13d6aa-9744-48e2-8aeb-6974ba8e8a3a</person_id><license_plate>69Z V35</license_plate><vin>9X1T6KSY9F3KRKTK4</vin><color>PaleGreen</color><year>1975</year></automobile><automobile><person_id>d58d66eb-ca2d-41ea-a0be-3c20c77c1585</person_id><license_plate>320-PDV</license_plate><vin>9GBB8UMP2VXAJ94RD</vin><color>LightSteelBlue</color><year>2014</year></automobile><automobile><person_id>9ba6db53-a9e9-4ab5-abd3-85ddc0a5d401</person_id><license_plate>416ZM</license_plate><vin>01YH1J8M3N6MX8MDV</vin><color>GoldenRod</color><year>2015</year></automobile><automobile><person_id>9ba6db53-a9e9-4ab5-abd3-85ddc0a5d401</person_id><license_plate>FZ 8069</license_plate><vin>A8PMEGF58ZRUV8R58</vin><color>MediumPurple</color><year>2014</year></automobile></automobiles>