<?xml version="1.0" encoding="UTF-8" ?><automobiles><automobile><person_id>75c799f4-c536-4ddf-aaf1-0f5970ac7689</person_id><license_plate>OA-4843</license_plate><vin>0D20TB541V7BW8ZDL</vin><color>BlanchedAlmond</color><year>1986</year></automobile><automobile><person_id>58fd6af8-8cca-4a76-9773-40ad6d60afd3</person_id><license_plate>3898 RL</license_plate><vin>6NWWAET444E67VL59</vin><color>PaleGreen</color><year>1985</year></automobile><automobile><person_id>329f0bf3-8005-428e-a13b-a6a25b83c42e</person_id><license_plate>5OV Q80</license_plate><vin>V2TG7SLN2CFYBRJ27</vin><color>ForestGreen</color><year>2004</year></automobile><automobile><person_id>329f0bf3-8005-428e-a13b-a6a25b83c42e</person_id><license_plate>08BO415</license_plate><vin>NHP3789V7HX0WRFGM</vin><color>PapayaWhip</color><year>2012</year></automobile><automobile><person_id>329f0bf3-8005-428e-a13b-a6a25b83c42e</person_id><license_plate>0SW O60</license_plate><vin>8VU19CRB2BGLA4MWV</vin><color>Orchid</color><year>2019</year></automobile><automobile><person_id>d0e9359a-8da3-4937-90c0-6079ead58855</person_id><license_plate>ZEK2492</license_plate><vin>26CZHXEN22RVJWKDY</vin><color>MediumTurquoise</color><year>1983</year></automobile><automobile><person_id>6db470e0-b56b-4e37-a3db-ad7422c612e4</person_id><license_plate>8K610</license_plate><vin>SHUJAM742Z7C1ZU3K</vin><color>LightYellow</color><year>2014</year></automobile><automobile><person_id>16c656d9-0a32-44d7-a3f3-bf755e080c4f</person_id><license_plate>3-3465Z</license_plate><vin>NEZ03ARV40LPW9SUX</vin><color>BlueViolet</color><year>2018</year></automobile><automobile><person_id>98123084-9f25-450d-ba5b-3e839dde3fed</person_id><license_plate>154 QOT</license_plate><vin>C5ELSP4M25WYMC1E5</vin><color>MidnightBlue</color><year>1999</year></automobile><automobile><person_id>152b64a7-efbe-493c-a6f7-6b93ee5c3da4</person_id><license_plate>1NY1622</license_plate><vin>MW9E3J024HNXDK3VF</vin><color>OldLace</color><year>1976</year></automobile><automobile><person_id>152b64a7-efbe-493c-a6f7-6b93ee5c3da4</person_id><license_plate>0P BM226</license_plate><vin>LRJUY4YT0P84M1X10</vin><color>Pink</color><year>2015</year></automobile><automobile><person_id>152b64a7-efbe-493c-a6f7-6b93ee5c3da4</person_id><license_plate>WZI-997</license_plate><vin>0MX14VEVXTDXB1S9P</vin><color>GoldenRod</color><year>1975</year></automobile><automobile><person_id>c8c213c0-3199-4206-b3f2-15a882ea1c17</person_id><license_plate>248K3</license_plate><vin>DYCX1FW47JME2SPVX</vin><color>Aqua</color><year>1974</year></automobile><automobile><person_id>2fec34f6-4c27-4f1b-bbe0-155e3e2efe4c</person_id><license_plate>9W MU804</license_plate><vin>D3FHDVP563SBA0C0K</vin><color>MediumOrchid</color><year>2005</year></automobile><automobile><person_id>2fec34f6-4c27-4f1b-bbe0-155e3e2efe4c</person_id><license_plate>797 WQR</license_plate><vin>WX8T5XML7S08N5CYV</vin><color>Purple</color><year>1989</year></automobile><automobile><person_id>a5f771b2-4058-4fce-8e96-b19147f2a97e</person_id><license_plate>207OPP</license_plate><vin>FM4XN04947EX8VVN4</vin><color>DarkRed</color><year>1994</year></automobile><automobile><person_id>4e7db98f-46a6-42f3-a3a9-b7c6a5b8678e</person_id><license_plate>94F 3287</license_plate><vin>E3SCUKJ5018S7RRRU</vin><color>Chartreuse</color><year>1976</year></automobile><automobile><person_id>4e7db98f-46a6-42f3-a3a9-b7c6a5b8678e</person_id><license_plate>177 MWR</license_plate><vin>8M6D9KKC0HDZHJ7KC</vin><color>DarkRed</color><year>2000</year></automobile><automobile><person_id>4e7db98f-46a6-42f3-a3a9-b7c6a5b8678e</person_id><license_plate>892 ATI</license_plate><vin>3CRAP9857YRBB1YFM</vin><color>DarkSlateBlue</color><year>2012</year></automobile><automobile><person_id>c4147f78-656c-45f1-9efc-d2653d7401d2</person_id><license_plate>84-8672W</license_plate><vin>1S7MNFHK2LWJB0VG3</vin><color>SandyBrown</color><year>1985</year></automobile><automobile><person_id>c4147f78-656c-45f1-9efc-d2653d7401d2</person_id><license_plate>38LR0</license_plate><vin>DYW1H984893WTFYY4</vin><color>LavenderBlush</color><year>2021</year></automobile><automobile><person_id>ed5c589b-e977-486b-a820-d916e34f88d2</person_id><license_plate>9TI K26</license_plate><vin>148Z40GK3GSVW6MZD</vin><color>DarkBlue</color><year>1999</year></automobile><automobile><person_id>67414f29-41bc-43e9-98d3-708dd9f44c41</person_id><license_plate>990 HKH</license_plate><vin>Z4SSWMK78FV7WPVGY</vin><color>Linen</color><year>2005</year></automobile><automobile><person_id>357c3d4b-daf2-4401-9582-d6382b4e9260</person_id><license_plate>0511 VW</license_plate><vin>7TV9CFX93LCL1GUJP</vin><color>DimGray</color><year>1991</year></automobile><automobile><person_id>357c3d4b-daf2-4401-9582-d6382b4e9260</person_id><license_plate>444 AJE</license_plate><vin>ZD7H9KM86BGFTRT9S</vin><color>OliveDrab</color><year>2022</year></automobile><automobile><person_id>357c3d4b-daf2-4401-9582-d6382b4e9260</person_id><license_plate>964MQA</license_plate><vin>FTL0MJGM2CULDE2ZD</vin><color>PaleTurquoise</color><year>1986</year></automobile><automobile><person_id>f73e48d3-af0b-4e3f-aca3-90672b5d24b1</person_id><license_plate>91LU088</license_plate><vin>KL9RN83S149EARPFC</vin><color>CornflowerBlue</color><year>1988</year></automobile><automobile><person_id>db06840c-ee8d-496e-8186-9f2a4cafa296</person_id><license_plate>DRC8795</license_plate><vin>XH61W36G5R3ESJMHA</vin><color>OrangeRed</color><year>1972</year></automobile><automobile><person_id>aff56416-010c-415f-a3a1-50528c28cf68</person_id><license_plate>LCZ 091</license_plate><vin>0VXZYUY4097DAZSEW</vin><color>PeachPuff</color><year>1999</year></automobile><automobile><person_id>a13d10b3-ff7e-45ac-96b1-c634488d5449</person_id><license_plate>243 AZC</license_plate><vin>TTM0XYC110VKUCMR7</vin><color>Teal</color><year>1985</year></automobile><automobile><person_id>a13d10b3-ff7e-45ac-96b1-c634488d5449</person_id><license_plate>XNB 978</license_plate><vin>8Z4AA7YB5AX0RKU65</vin><color>LightYellow</color><year>1990</year></automobile><automobile><person_id>a13d10b3-ff7e-45ac-96b1-c634488d5449</person_id><license_plate>ONA 531</license_plate><vin>63AFF6H497PSLTN4S</vin><color>Lavender</color><year>2001</year></automobile><automobile><person_id>303b2440-a411-41e3-a074-e818e4d758f9</person_id><license_plate>36-19275</license_plate><vin>Z237C32S9DG7TZSDU</vin><color>SeaShell</color><year>2002</year></automobile><automobile><person_id>303b2440-a411-41e3-a074-e818e4d758f9</person_id><license_plate>57P KL2</license_plate><vin>7X973EFK3B6WVHND1</vin><color>Teal</color><year>2007</year></automobile><automobile><person_id>6a0c8b49-73d2-4855-8f96-bd059d490299</person_id><license_plate>03-B060</license_plate><vin>RXKV7LVS8H7E4DUKY</vin><color>LavenderBlush</color><year>1982</year></automobile><automobile><person_id>a9390ae9-ea14-4706-a60c-a6f190c62f87</person_id><license_plate>06W 9887</license_plate><vin>GY3NMJE43RGUJW4LB</vin><color>LightYellow</color><year>1988</year></automobile><automobile><person_id>a9390ae9-ea14-4706-a60c-a6f190c62f87</person_id><license_plate>235-XHP</license_plate><vin>FD350F5289N06GK9V</vin><color>Black</color><year>1978</year></automobile><automobile><person_id>165324ab-78e3-4ca8-bab1-dd16ab6b7965</person_id><license_plate>22PE007</license_plate><vin>KSRT013A3G00B35AP</vin><color>Tan</color><year>1980</year></automobile><automobile><person_id>e726abb2-1cb2-4000-a8b9-2bcb744b92b9</person_id><license_plate>905 0XR</license_plate><vin>UE7SEUKJ9ALULBGZD</vin><color>YellowGreen</color><year>2003</year></automobile><automobile><person_id>75bdba84-b0bd-48eb-89e5-7abddb928ccf</person_id><license_plate>5JE R75</license_plate><vin>L2ZKFNPN6P3U1SNSZ</vin><color>Peru</color><year>2008</year></automobile><automobile><person_id>75bdba84-b0bd-48eb-89e5-7abddb928ccf</person_id><license_plate>GNA-524</license_plate><vin>MPXY77KN8M54D3KMM</vin><color>MediumSlateBlue</color><year>1977</year></automobile><automobile><person_id>6c868317-55a7-423d-83f6-580c874461e9</person_id><license_plate>M42 8BL</license_plate><vin>BLP63BYD15UVG9887</vin><color>DarkBlue</color><year>2018</year></automobile><automobile><person_id>6c868317-55a7-423d-83f6-580c874461e9</person_id><license_plate>372-GDBZ</license_plate><vin>TX5MDCG08FMNYMMTT</vin><color>Cyan</color><year>2012</year></automobile><automobile><person_id>8b5aa679-0446-4e3a-89c1-b01012152c91</person_id><license_plate>643F</license_plate><vin>B26GXZPUXKZ55ZR6M</vin><color>DarkBlue</color><year>1990</year></automobile><automobile><person_id>dbd0a310-812e-4f15-af53-adf3f1590029</person_id><license_plate>MOX 172</license_plate><vin>6LJXYZ8RX56XA076P</vin><color>LightSalmon</color><year>2021</year></automobile><automobile><person_id>6879be8a-250d-4f3a-b74e-1f131f5b4b19</person_id><license_plate>XDI 6278</license_plate><vin>BFC7RNPW7Y854276K</vin><color>SlateBlue</color><year>2010</year></automobile><automobile><person_id>6879be8a-250d-4f3a-b74e-1f131f5b4b19</person_id><license_plate>9IR 990</license_plate><vin>3BJJHV7G96KLDMH6Z</vin><color>Azure</color><year>1994</year></automobile><automobile><person_id>c0d6f435-46bc-4c4d-a128-51d87f5c3f94</person_id><license_plate>515 ODZ</license_plate><vin>3KCPGZFA16S2ULZUG</vin><color>Sienna</color><year>2001</year></automobile><automobile><person_id>c0d6f435-46bc-4c4d-a128-51d87f5c3f94</person_id><license_plate>532-YCG</license_plate><vin>FJHXPSRU3RJMA8ZSM</vin><color>SlateGray</color><year>2012</year></automobile><automobile><person_id>17e1e518-d0a3-4875-81db-6fa4a227c20a</person_id><license_plate>632 NQN</license_plate><vin>TVL7CT1Y0XT7DTG9T</vin><color>FloralWhite</color><year>2005</year></automobile><automobile><person_id>17e1e518-d0a3-4875-81db-6fa4a227c20a</person_id><license_plate>851 SKY</license_plate><vin>N02YLLZ57EHR0JL4E</vin><color>Peru</color><year>1983</year></automobile><automobile><person_id>17e1e518-d0a3-4875-81db-6fa4a227c20a</person_id><license_plate>L84 1LQ</license_plate><vin>P35RZARR2FKEY7WMZ</vin><color>Thistle</color><year>2009</year></automobile><automobile><person_id>fc3a3f23-6956-41b8-a10c-5cb3e9a873c1</person_id><license_plate>CEE-6224</license_plate><vin>XY4SZN2L1DE0UJ2N8</vin><color>Coral</color><year>2007</year></automobile><automobile><person_id>fc3a3f23-6956-41b8-a10c-5cb3e9a873c1</person_id><license_plate>E44 6CS</license_plate><vin>J85SCBX29WM2V6KUG</vin><color>Violet</color><year>1991</year></automobile><automobile><person_id>6e58b729-6c74-4f3d-927d-f195639f4788</person_id><license_plate>601 GKJ</license_plate><vin>KJHDABWT7G9TPSAAW</vin><color>Peru</color><year>1973</year></automobile><automobile><person_id>53e57353-1c76-4319-a1f4-08856ff2e079</person_id><license_plate>095 TDI</license_plate><vin>XNBKLTKC8KRMTZEKR</vin><color>DarkCyan</color><year>2022</year></automobile><automobile><person_id>53e57353-1c76-4319-a1f4-08856ff2e079</person_id><license_plate>4J Q6059</license_plate><vin>XN9PCUD20J294BDPH</vin><color>MediumOrchid</color><year>2002</year></automobile><automobile><person_id>64fe44ae-8202-4bb7-8dfb-48ad79578352</person_id><license_plate>299 ZDH</license_plate><vin>YFWNVM2L8B5L1JAEZ</vin><color>DarkTurquoise</color><year>1972</year></automobile><automobile><person_id>2b3fa3d0-6cfd-4358-89e8-2fcf35e4483f</person_id><license_plate>KB0 Y7M</license_plate><vin>09JMCG7B7GMCXZKXB</vin><color>LavenderBlush</color><year>1983</year></automobile><automobile><person_id>176e152c-c837-4f02-8414-8d0f4d780ac2</person_id><license_plate>9JV 986</license_plate><vin>FVS83KAE05KUMMVXL</vin><color>Turquoise</color><year>2005</year></automobile><automobile><person_id>ebee56bd-83f6-4e61-9235-e67212440b6d</person_id><license_plate>95B SL1</license_plate><vin>UJH0PX754HPY915U1</vin><color>MediumSlateBlue</color><year>1994</year></automobile><automobile><person_id>dbfebfd1-fd32-41a4-9e0f-01e135860b05</person_id><license_plate>JM 2888</license_plate><vin>NAXDMPFH4VJTR12YM</vin><color>MediumTurquoise</color><year>1988</year></automobile><automobile><person_id>6dd79600-9545-4ae6-bad1-2266ce2114c4</person_id><license_plate>90Q 0864</license_plate><vin>2WZLE6CJ6JBE5T72H</vin><color>DarkSlateBlue</color><year>2024</year></automobile><automobile><person_id>206296c2-96a1-4889-8af8-faa3d93f5ef6</person_id><license_plate>DKU1807</license_plate><vin>NZZRK5V78NZ2Z2P97</vin><color>LightSeaGreen</color><year>2010</year></automobile><automobile><person_id>206296c2-96a1-4889-8af8-faa3d93f5ef6</person_id><license_plate>133-EOI</license_plate><vin>C7GA4DM10NS5221DD</vin><color>MediumAquaMarine</color><year>2023</year></automobile><automobile><person_id>71c81bfa-3ebe-4d1d-873c-cc64a9bf2f69</person_id><license_plate>8ON 430</license_plate><vin>AA5PW2UJ9XB5KBNZC</vin><color>PaleVioletRed</color><year>2017</year></automobile><automobile><person_id>a5c12936-7565-4e9b-92e8-9ae38f5b2633</person_id><license_plate>248E1</license_plate><vin>M8TRF1WYXA5TARZKL</vin><color>Turquoise</color><year>2015</year></automobile><automobile><person_id>6eb65845-af3f-43e4-ae12-5f4c439226f1</person_id><license_plate>MPX 717</license_plate><vin>N0UFS5UZ8NM7VA2M4</vin><color>DimGray</color><year>1994</year></automobile><automobile><person_id>6175dc9a-a225-4f00-8295-b62523220abf</person_id><license_plate>QOP 131</license_plate><vin>EWZCXKA34C8ZCP0YZ</vin><color>DarkViolet</color><year>1998</year></automobile><automobile><person_id>6175dc9a-a225-4f00-8295-b62523220abf</person_id><license_plate>936-ZOO</license_plate><vin>1B16EJ7C7C70SCX21</vin><color>White</color><year>1997</year></automobile><automobile><person_id>ec3c8f4b-32e3-4850-b02b-c994cce92040</person_id><license_plate>097 5898</license_plate><vin>YUS8EZ9K8H40W8K1C</vin><color>Wheat</color><year>1986</year></automobile><automobile><person_id>51f3a79c-5889-4c17-9d10-c56d2445489a</person_id><license_plate>769 OFY</license_plate><vin>Z8FYS55309E6NEEED</vin><color>DarkOrange</color><year>1979</year></automobile><automobile><person_id>51f3a79c-5889-4c17-9d10-c56d2445489a</person_id><license_plate>66-LD42</license_plate><vin>W2TR0GRV0GT88KT63</vin><color>Ivory</color><year>2024</year></automobile><automobile><person_id>7d06c10c-502f-47d6-a729-25c1ee1992d5</person_id><license_plate>6OE0317</license_plate><vin>MNYH7PG25XNAFM38Y</vin><color>HoneyDew</color><year>2000</year></automobile><automobile><person_id>7d06c10c-502f-47d6-a729-25c1ee1992d5</person_id><license_plate>O50 8KC</license_plate><vin>MCKCHM4K2S8DNPSU9</vin><color>Bisque</color><year>2003</year></automobile><automobile><person_id>38434b93-e55a-475f-9b5f-33fe043e456b</person_id><license_plate>6D510</license_plate><vin>DV2937DU3KA0J2BED</vin><color>SeaShell</color><year>1996</year></automobile><automobile><person_id>38434b93-e55a-475f-9b5f-33fe043e456b</person_id><license_plate>532 URU</license_plate><vin>JHKSFUPA3L7PWN8AG</vin><color>MediumPurple</color><year>1972</year></automobile><automobile><person_id>38434b93-e55a-475f-9b5f-33fe043e456b</person_id><license_plate>CFD-3308</license_plate><vin>3VW8NXZP8VDETDGDY</vin><color>BlueViolet</color><year>1976</year></automobile><automobile><person_id>27317c4d-6adb-489f-a5ed-07b61defa483</person_id><license_plate>HIR 131</license_plate><vin>NUG4245W6TXEK985K</vin><color>DimGray</color><year>1970</year></automobile><automobile><person_id>27317c4d-6adb-489f-a5ed-07b61defa483</person_id><license_plate>B79 8ZE</license_plate><vin>EAR63R637P02GH64R</vin><color>DarkMagenta</color><year>2006</year></automobile><automobile><person_id>27317c4d-6adb-489f-a5ed-07b61defa483</person_id><license_plate>LMM 359</license_plate><vin>DVC2TNF729MCSHZVW</vin><color>Aqua</color><year>2020</year></automobile><automobile><person_id>f491cba2-f9d9-4061-8bce-2a9e2bc8ddcf</person_id><license_plate>193-BIDY</license_plate><vin>MF2BDXHU45HP9YBLD</vin><color>Bisque</color><year>1995</year></automobile><automobile><person_id>f491cba2-f9d9-4061-8bce-2a9e2bc8ddcf</person_id><license_plate>YMM 238</license_plate><vin>AUCWXZH55BCT3DRMX</vin><color>AliceBlue</color><year>1980</year></automobile><automobile><person_id>c05dcbde-54ed-4384-9ae5-a8796726c6d6</person_id><license_plate>ZVJ 032</license_plate><vin>R9UM8V888BNAKYZLM</vin><color>MistyRose</color><year>2017</year></automobile><automobile><person_id>c05dcbde-54ed-4384-9ae5-a8796726c6d6</person_id><license_plate>717OY</license_plate><vin>32V14TA118LC3S6J8</vin><color>Tan</color><year>2010</year></automobile><automobile><person_id>5971ce01-9b9d-445e-89eb-5015a6e37aab</person_id><license_plate>HGS 971</license_plate><vin>V76153BR7H1D2F5WC</vin><color>DarkGray</color><year>1973</year></automobile><automobile><person_id>ca6d2784-75c4-43de-b97b-19079ae357b2</person_id><license_plate>RCZ-660</license_plate><vin>63SCNCYZ112F6HUM3</vin><color>DarkCyan</color><year>1993</year></automobile><automobile><person_id>ca6d2784-75c4-43de-b97b-19079ae357b2</person_id><license_plate>NM 63881</license_plate><vin>XJ7705XH3X01VU24E</vin><color>MidnightBlue</color><year>2019</year></automobile><automobile><person_id>05597263-0c3d-43a8-9b7d-79d67522bea6</person_id><license_plate>BBZ-6651</license_plate><vin>RKV3Z4TD7PERDY2L4</vin><color>Blue</color><year>1972</year></automobile><automobile><person_id>2f722ce3-37bb-45fa-80f7-e01cde15bf5c</person_id><license_plate>UEH-452</license_plate><vin>R526PGEK26HCGNB9T</vin><color>SlateBlue</color><year>2008</year></automobile><automobile><person_id>2f722ce3-37bb-45fa-80f7-e01cde15bf5c</person_id><license_plate>HUZ-5914</license_plate><vin>357ZGJ975S6F6BU6X</vin><color>DarkSeaGreen</color><year>1998</year></automobile><automobile><person_id>8808e843-f524-487a-9d3a-9651bc82b33d</person_id><license_plate>HTP 582</license_plate><vin>EBVV219N3RG1YMFHT</vin><color>Salmon</color><year>1987</year></automobile><automobile><person_id>017d7276-ea55-4dfc-9e45-c179dfa6c2e3</person_id><license_plate>6-73406</license_plate><vin>A9K2D63F9N3CG50PF</vin><color>CornflowerBlue</color><year>2012</year></automobile><automobile><person_id>db646bd4-5351-47d3-8a19-2124527ddd38</person_id><license_plate>WR3 E7I</license_plate><vin>NVV6UPRD0J4JBVK4T</vin><color>Salmon</color><year>2018</year></automobile><automobile><person_id>db646bd4-5351-47d3-8a19-2124527ddd38</person_id><license_plate>49C HC6</license_plate><vin>UBJJ3LHR0CE0J9GFK</vin><color>Plum</color><year>2006</year></automobile><automobile><person_id>124bbed1-cb10-42eb-b840-fafe3fc03458</person_id><license_plate>94L 825</license_plate><vin>3T9KSU8B622BM7BED</vin><color>OrangeRed</color><year>2009</year></automobile><automobile><person_id>124bbed1-cb10-42eb-b840-fafe3fc03458</person_id><license_plate>9Z 0463W</license_plate><vin>GHK2ARGWXR4JGYH0V</vin><color>Ivory</color><year>2006</year></automobile><automobile><person_id>dec574a4-aa01-4baf-9aa2-a23b19a84aae</person_id><license_plate>176O</license_plate><vin>4BDCVW5A8VR6AU82H</vin><color>LightPink</color><year>2000</year></automobile><automobile><person_id>01fcce6b-5709-40ff-be2c-12dea78f516f</person_id><license_plate>93-B520</license_plate><vin>S60N36934CHUUZ46T</vin><color>WhiteSmoke</color><year>2015</year></automobile><automobile><person_id>01fcce6b-5709-40ff-be2c-12dea78f516f</person_id><license_plate>MQD 157</license_plate><vin>MSE1HB7D681ZATWYT</vin><color>BurlyWood</color><year>1978</year></automobile><automobile><person_id>42c1d0cb-629c-4a24-ab9b-ab3e06314537</person_id><license_plate>240-IDC</license_plate><vin>Y7Y9DA3L93MX4YURL</vin><color>DarkOrange</color><year>1978</year></automobile><automobile><person_id>4b56b378-d851-4d0b-b8c3-2197f0bdd68e</person_id><license_plate>LKM-656</license_plate><vin>91PBR8D96D3WATUMT</vin><color>SlateGray</color><year>1991</year></automobile><automobile><person_id>4b56b378-d851-4d0b-b8c3-2197f0bdd68e</person_id><license_plate>861-BLC</license_plate><vin>HT5UEG6240GWM3CNL</vin><color>Maroon</color><year>2014</year></automobile><automobile><person_id>3f4d3de4-e624-4db5-83c5-16230e6bee20</person_id><license_plate>UJK-9073</license_plate><vin>987BZBMR40WFXPLME</vin><color>LightBlue</color><year>1990</year></automobile><automobile><person_id>3f4d3de4-e624-4db5-83c5-16230e6bee20</person_id><license_plate>6ZA6026</license_plate><vin>N086FZL27UVF00HJ0</vin><color>WhiteSmoke</color><year>2014</year></automobile><automobile><person_id>cca1b8af-c974-436e-82d2-fc2699e47b31</person_id><license_plate>OWY 397</license_plate><vin>FS41LG4X6XJ4SMCTS</vin><color>HotPink</color><year>1981</year></automobile><automobile><person_id>adc406f6-1c93-4603-8d8b-5b62e8e07ba3</person_id><license_plate>50-V722</license_plate><vin>30SHXNUW83U5TB1TH</vin><color>BlanchedAlmond</color><year>1980</year></automobile><automobile><person_id>5c6422a6-6ed6-468b-84b7-9e2029b3b2f9</person_id><license_plate>586BC</license_plate><vin>AA6XLT3P94S8NG9TK</vin><color>HotPink</color><year>2002</year></automobile><automobile><person_id>da8db0f2-2ba5-4833-9755-d2e386e2027b</person_id><license_plate>73W R00</license_plate><vin>CS78P9JX3K8MFX8A1</vin><color>AntiqueWhite</color><year>1984</year></automobile><automobile><person_id>f5610530-b6f5-464d-8a5e-8be95487e30d</person_id><license_plate>ZJ 55228</license_plate><vin>4M8EXAXKXAB29M2V3</vin><color>Purple</color><year>1976</year></automobile><automobile><person_id>f5610530-b6f5-464d-8a5e-8be95487e30d</person_id><license_plate>76CO3</license_plate><vin>4LZNKSNA2L7LAGJZF</vin><color>Lavender</color><year>1976</year></automobile><automobile><person_id>eb2bd063-289b-4df2-9cfb-eeff757549b5</person_id><license_plate>J58 6XE</license_plate><vin>M8NWB2758BS04VK0V</vin><color>Brown</color><year>1984</year></automobile><automobile><person_id>eb2bd063-289b-4df2-9cfb-eeff757549b5</person_id><license_plate>MUD 543</license_plate><vin>R3ECKGR93WWPPU2XG</vin><color>Orchid</color><year>1974</year></automobile><automobile><person_id>901f10c5-05ea-45a5-896e-35ecb84acb75</person_id><license_plate>3Z 9702S</license_plate><vin>UAAH3F7U9FWUC2KLL</vin><color>DarkSlateBlue</color><year>2010</year></automobile><automobile><person_id>58b78e76-735c-4c36-9607-4cf7c1c26984</person_id><license_plate>0TI 545</license_plate><vin>V7HKBT7324PLEE8K3</vin><color>Ivory</color><year>1995</year></automobile><automobile><person_id>010bea0e-f1f7-4632-a084-5d2c12e7e4e2</person_id><license_plate>MLA9358</license_plate><vin>UMCRZVBNXLTNP4BLA</vin><color>SandyBrown</color><year>1986</year></automobile><automobile><person_id>010bea0e-f1f7-4632-a084-5d2c12e7e4e2</person_id><license_plate>E34-17I</license_plate><vin>B47WLHL59P1WBVEJA</vin><color>DarkGray</color><year>2009</year></automobile><automobile><person_id>010bea0e-f1f7-4632-a084-5d2c12e7e4e2</person_id><license_plate>176 AUS</license_plate><vin>E0X11K8S7GGMVTJ5B</vin><color>LemonChiffon</color><year>1981</year></automobile><automobile><person_id>0124f0c9-b5d0-4f09-9800-dbdc56a3e310</person_id><license_plate>2QV18</license_plate><vin>8N3YTVJB1TP5Z9365</vin><color>HoneyDew</color><year>2001</year></automobile><automobile><person_id>0124f0c9-b5d0-4f09-9800-dbdc56a3e310</person_id><license_plate>XJX 592</license_plate><vin>XCNMWT5JX2GXV6V06</vin><color>Chocolate</color><year>1994</year></automobile><automobile><person_id>147766d7-57e4-4dca-bc73-450cdcd23181</person_id><license_plate>851 GEQ</license_plate><vin>FNBEJ00C8JS1SYL45</vin><color>LemonChiffon</color><year>1987</year></automobile><automobile><person_id>147766d7-57e4-4dca-bc73-450cdcd23181</person_id><license_plate>XLN8428</license_plate><vin>BAEZZRD65A26NUUB0</vin><color>DarkOrchid</color><year>2000</year></automobile><automobile><person_id>8db32faa-93c9-4cdb-a7e3-e16772a1cfb8</person_id><license_plate>BHP 459</license_plate><vin>1PFL1SD750TYTB819</vin><color>Beige</color><year>1987</year></automobile><automobile><person_id>df87cc27-23f4-4aa6-9576-f90837917305</person_id><license_plate>L93 7DA</license_plate><vin>Y8NTLLW32P8RZ7V07</vin><color>SlateGray</color><year>2004</year></automobile><automobile><person_id>86435df9-36e8-45e5-a2b4-51deae0202b9</person_id><license_plate>451-HLT</license_plate><vin>P4PFA5YB4Z7BH9UZ6</vin><color>DarkSlateBlue</color><year>2004</year></automobile></automobiles>