"id"|"first_name"|"last_name"|"sex"|"address"|"phone_number"|"profession"|"company"|"date_of_birth"
"b1159589-c84c-446f-8db3-57372a64fbe1"|"Kyle"|"Snyder"|"M"|"432 Thornton Land Suite 697"|"(323)245-7189x932"|"Banker"|"Salinas, Ferguson and Short"|"1961-08-14"
"420f1fa0-9ccd-48ef-8eba-e18478010260"|"Frank"|"Park"|"M"|"517 Robin Junctions Apt. 618"|"+1-479-231-1181"|"Learning mentor"|"Walker, Andrews and Sheppard"|"1926-07-23"
"39674409-c0fa-4121-8ee0-bdb7b984cef4"|"Jill"|"Patton"|"F"|"602 Parks Trace Suite 497"|"(818)736-0148"|"Newspaper journalist"|"Kline-Cole"|"1948-03-07"
"dd844054-321a-4b63-9bef-f429a3aeb8bc"|"Jeremy"|"Velez"|"M"|"355 Arnold Cliffs"|"(557)317-7740x86376"|"Academic librarian"|"Hernandez-Trujillo"|"1969-01-31"
"cf8ef98f-636b-4393-9fca-e9833f6406cd"|"Ellen"|"Velez"|"F"|"401 Morales Gardens Suite 197"|"001-939-295-0196"|"Phytotherapist"|"Hill, Lewis and Ingram"|"2014-12-25"
"a16da65b-5c28-4e1c-bbc1-3748616ee8df"|"Michael"|"Skinner"|"M"|"457 Troy Centers"|"001-476-341-8960x21402"|"Therapist, drama"|"Mooney, Sullivan and Miller"|"1955-03-10"
"650fcf3f-0e29-4cef-a81a-0644b1aacd92"|"Jennings"|"Parker"|"F"|"966 Kari Alley Suite 131"|"(574)359-4385x61827"|"Broadcast journalist"|"Murphy and Sons"|"1908-10-24"
"1abc3473-cdad-4611-a8e1-677a5d8ee712"|"Richard"|"Pena"|"M"|"831 Andrew Street Apt. 107"|"001-712-845-7570"|"Research officer, political party"|"Hansen, Tran and Wiley"|"1981-05-24"
"5c5f997d-85c8-4000-b7e4-9eeaa6e5be80"|"Penny"|"Castaneda"|"F"|"561 Tim Avenue Apt. 437"|"(814)874-6481x15684"|"Programmer, applications"|"Anderson-Taylor"|"1911-07-14"
"68bdffc0-7aff-4414-b879-f8b571794fa8"|"Arthur"|"Lee"|"M"|"93 Oneal Underpass"|"+1-244-285-5308x30329"|"Higher education careers adviser"|"Pineda-Tran"|"2010-12-05"
"51226066-9f3d-482f-a245-9a9b7c1698c8"|"Tyler"|"Buchanan"|"M"|"136 Daniel Plaza"|"851.352.4381"|"Police Officer"|"TTPD"|"1921-05-10"
"c6af9f22-c385-457c-9a2f-0e6cf82fefee"|"Edgar"|"Anderson"|"M"|"249 Jonathan Place"|"(998)326-6947"|"Seismic interpreter"|"Krueger, Smith and Peterson"|"2010-12-03"
"0b7c8a60-e2b6-488d-a203-096e240927e6"|"Ronald"|"Flynn"|"M"|"51 Catherine Cove"|"+1-216-582-7086"|"Metallurgist"|"Bryant Inc"|"1945-07-31"
"3017e72b-46b0-4601-b54a-6293dbf4eb3b"|"Thompson"|"Hayden"|"M"|"487 Welch Walk"|"698-641-4678x87558"|"Office manager"|"Ray, Murillo and Navarro"|"2019-10-16"
"f414dcff-a495-4258-a0ae-1dc36f87a606"|"Tammy"|"Morrison"|"F"|"302 May Rest Suite 582"|"531.332.0566"|"Politician's assistant"|"Bartlett, Cooper and Krueger"|"1990-10-01"
"52cec01d-abe1-46cc-aae2-e47763fb04ad"|"Dawn"|"Garcia"|"F"|"267 Jones Courts Apt. 083"|"(628)438-2176"|"Animal nutritionist"|"Gonzales, Byrd and Tran"|"1972-01-08"
"6f0c3bbd-e733-4103-9dfa-4b7ccbd6f6b4"|"Alexander"|"Hurley"|"M"|"66 Rachel Pine"|"001-841-815-6485x8575"|"Merchant navy officer"|"Ramos, Scott and Miller"|"1953-10-25"
"668292fe-8b21-412b-b67f-c48ac7668ad3"|"Sanders"|"Phillips"|"F"|"34 Jeffery Village"|"001-697-964-9731x06865"|"Engineer, petroleum"|"Vaughn-Townsend"|"1965-08-29"
"6f4a0f6a-b822-4f6b-9d29-38f42efb291c"|"Judy"|"Lee"|"F"|"875 Hood Loop Apt. 276"|"7379488849"|"Sound technician, broadcasting/film/video"|"Hernandez, Edwards and Morgan"|"1950-11-30"
"f7144f4d-d110-46f6-89f6-4b57bcc3b274"|"Gregory"|"Espinoza"|"M"|"258 Tara Inlet"|"382.233.6582x834"|"Lighting technician, broadcasting/film/video"|"Santos-Rose"|"1916-08-13"
"99ff244e-b14f-4cdf-a1f6-45c00699bbfd"|"Edward"|"Barnett"|"M"|"612 Brown Canyon Apt. 503"|"+1-250-964-5623x0432"|"Paediatric nurse"|"Williamson, Moore and Young"|"1963-04-16"
"d8a6ed30-402a-43ec-b62f-82e4402adde1"|"Renee"|"Jackson"|"F"|"399 Hernandez Parkways Suite 200"|"349.379.5510x0660"|"Pensions consultant"|"Collins LLC"|"1964-12-15"
"c2a4675b-fd2c-4959-89ca-e13aba6cfb86"|"Katie"|"Cordova"|"F"|"438 Cox Turnpike Apt. 083"|"474-425-6214x25472"|"Clinical research associate"|"Richard, Austin and Sloan"|"1959-09-07"
"94799a94-4c1e-4319-8abc-d5209a33f95e"|"Julia"|"Reyes"|"F"|"459 Christopher Ways"|"+1-303-569-3797"|"Energy engineer"|"Sexton, Greene and Steele"|"1961-10-08"
"8741ffd1-10d7-4888-8435-d16e3a1b3322"|"Monica"|"Hall"|"F"|"770 Morales Gardens Suite 197"|"001-448-300-6964"|"Herbalist"|"Rose, Thomas and Davis"|"1979-09-12"
"e0e4b20f-c32b-412d-943a-eb65c83894de"|"Bridget"|"Long"|"F"|"801 Oneal Underpass"|"+1-737-465-7023x33077"|"Mental health nurse"|"Gordon, Bennett and Lopez"|"1917-01-29"
"e3626c3f-0dd8-4c97-9cd1-bee43e232d9f"|"Heather"|"Morrison"|"F"|"740 Matthew Valleys Suite 832"|"001-861-783-3183x3036"|"Art gallery manager"|"Brady-Smith"|"1990-12-08"
"dc7d410b-ba25-44dd-b9d7-a944c56741db"|"Ashley"|"Jackson"|"F"|"731 Tyler Knoll Apt. 752"|"588-712-7812"|"Horticultural consultant"|"Vargas and Sons"|"1927-08-26"
"2bb6727c-8a0e-4280-a0b2-e2f004bb649a"|"Martinez"|"Wilson"|"M"|"79 Danielle Estates"|"+1-443-634-7300x23729"|"Water quality scientist"|"White-Holmes"|"1944-05-10"
"6c043d38-052a-4bbf-bdfb-ebd25e27cd43"|"Nancy"|"Moore"|"F"|"627 Amber Wells"|"+1-481-320-3676"|"Financial adviser"|"Cochran, Osborne and Wilson"|"2016-04-24"
"2163522d-75a5-437e-8200-e32d013794de"|"Cristina"|"Daniels"|"F"|"796 Parks Trace Suite 497"|"(304)745-8013"|"Barrister's clerk"|"Mendez, Lee and Smith"|"1964-12-23"
"d7a900ab-ce3a-4e9e-9013-b6428d29c7ed"|"Kathryn"|"Steele"|"F"|"35 Ortiz Brooks"|"874.781.8871x7636"|"Paediatric nurse"|"Vasquez-Murray"|"1995-07-11"
"92a9c0ac-f164-4c33-87c5-28415e0fa0ee"|"Jessica"|"Freeman"|"F"|"75 Michelle Isle Apt. 431"|"9876010986"|"Consulting civil engineer"|"Ellis-Roberts"|"1916-04-09"
"fe1e495d-2303-4efc-b543-3a5a67664c81"|"Nathaniel"|"Snyder"|"M"|"214 Rivers Squares"|"(430)457-4554x58153"|"Automotive engineer"|"Hahn-Nguyen"|"1976-07-28"
"f1c69887-1cb8-48a8-a59e-d03deb79b852"|"Brandon"|"Schwartz"|"M"|"911 May Rest Suite 582"|"9989304015"|"Pharmacologist"|"Cross LLC"|"1973-01-29"
"663cecdb-ebdc-49e5-a211-43bd4f498de9"|"Karen"|"Wilson"|"F"|"372 Chandler Tunnel Suite 681"|"652.932.5748"|"Teacher, special educational needs"|"Shaw PLC"|"2022-08-03"
"2c43d3d5-4350-4b6b-a3aa-f29668544eef"|"Steven"|"Miller"|"M"|"397 Mills Springs"|"409.745.3547x70045"|"Television/film/video producer"|"Gill Group"|"1999-02-18"
"3fad7cec-6eb8-4d2d-b7f9-1303449d8ef5"|"Kirk"|"Conway"|"M"|"884 Cox Turnpike Apt. 083"|"001-522-640-8387x239"|"Counselling psychologist"|"Glass, Floyd and Brown"|"1939-07-09"
"5902838b-618c-4435-8e9b-2308c5642180"|"Megan"|"Conway"|"F"|"406 Padilla Estate Suite 556"|"275.230.9286"|"Adult nurse"|"George, Copeland and Butler"|"2016-10-18"
"ae113a01-4448-47b4-87f7-24ee6f592e3b"|"Molly"|"Torres"|"F"|"201 Randolph Way Suite 427"|"5674752768"|"Data processing manager"|"Barton Inc"|"1909-09-22"
"84dba3ce-495f-459f-9392-5e8a4bd49b10"|"Monica"|"Jones"|"F"|"396 Thornton Land Suite 697"|"+1-544-424-2935x957"|"Civil Service fast streamer"|"Alexander Ltd"|"1924-02-05"
"e5d92e7c-4e4e-4f2d-be40-faf8f618780f"|"Ryan"|"Mcdowell"|"M"|"281 Brian Course"|"629-303-5551"|"Actuary"|"Russo-Reyes"|"1966-11-24"
"99bd0f98-279c-4a60-bfcf-e5a79d443d2d"|"Chaney"|"Good"|"M"|"861 Anderson Port"|"997-501-9208"|"Associate Professor"|"Scott-Johnson"|"1918-04-20"
"6b795a0e-4ca3-4e4f-9433-10a3bf55ccf7"|"Amanda"|"Stewart"|"F"|"531 Nelson Estate"|"+1-406-604-0734x23417"|"Comptroller"|"Duffy-Brooks"|"2019-03-25"
"5cd3205b-296a-4d02-8d81-61b0b57f5c24"|"Jacob"|"Clark"|"M"|"955 Diana Point"|"(816)918-6644x97257"|"Clothing/textile technologist"|"Evans, Dean and Odom"|"2013-06-29"
"51766ffd-17a9-4f82-b0b3-1bbc8871d1b9"|"Christine"|"Watson"|"F"|"427 Higgins Port Apt. 001"|"+1-514-962-9713x4543"|"Film/video editor"|"Turner Inc"|"1983-05-22"
"b84a3823-4cbd-4d34-a81a-519a4bb75ab9"|"Victoria"|"Matthews"|"F"|"123 Montoya Walk Apt. 578"|"(579)574-2356x001"|"Health and safety inspector"|"Mann, Shepard and Crosby"|"1976-12-06"
"aca3f621-8fcc-4c6a-a2de-eb0d05ee665f"|"Glen"|"Zhang"|"M"|"394 Tim Avenue Apt. 437"|"317.216.5310"|"Chiropractor"|"Martinez, Kaufman and Benson"|"1967-08-11"
"d0025432-f74e-4562-ac44-de62c402cca1"|"Sandra"|"Lynn"|"F"|"662 Lewis Trace"|"640-976-7612x10609"|"Conference centre manager"|"Patton-Jones"|"1934-09-20"
"0e4e014e-62c4-416b-bceb-31629c946869"|"Jeffrey"|"Gomez"|"M"|"278 Hernandez Parkways Suite 200"|"+1-713-518-6259x59419"|"Agricultural engineer"|"Price, Newman and Lopez"|"1968-04-07"
"dbc50d4b-6495-43b2-a9e1-f88b101225e0"|"Timothy"|"Colon"|"M"|"596 Christine Gateway"|"627-455-1479"|"Engineer, materials"|"Myers, Brown and Holloway"|"1956-06-04"
"7b327dac-387c-4b4b-ab89-abe26eebb90e"|"Melissa"|"Martin"|"F"|"320 Donald Village Apt. 289"|"001-723-474-3791x6412"|"Sales executive"|"Huff-Clark"|"2001-05-29"
"005b4d13-6c83-4179-aa8a-be74d2e32a89"|"Richard"|"Cannon"|"M"|"30 Jones Courts Apt. 083"|"3418280216"|"Microbiologist"|"Rasmussen-Allen"|"2020-10-25"
"8d091cc4-f5dc-421d-883b-6fc25b350632"|"Marissa"|"Gill"|"F"|"135 Thomas Coves Suite 736"|"302.982.7102"|"Office manager"|"Watson LLC"|"2013-08-13"
"eeaf6371-5342-41ba-a799-debd7978cbc0"|"Ayala"|"Romero"|"M"|"978 Nicole Via"|"824.790.4086x33022"|"Plant breeder/geneticist"|"Jennings, Trujillo and Martinez"|"1941-05-02"
"90f0648d-47f5-4a77-9953-1b42a6a43c15"|"Emma"|"Weiss"|"F"|"823 Elizabeth Creek Apt. 423"|"(740)456-5507x12823"|"Conservator, furniture"|"Robertson, Wright and Lewis"|"1921-05-10"
"ec7dca5b-3148-4c63-be90-f5e198440169"|"Ryan"|"Jones"|"M"|"917 William Avenue"|"878.206.1864x18409"|"Management consultant"|"Fitzgerald-Jordan"|"1958-12-04"
"0e51bff8-77f7-44b7-a7f5-fc1f11c5be21"|"Eric"|"Ward"|"M"|"76 Padilla Estate Suite 556"|"556.855.4545x620"|"Lawyer"|"Rogers and Sons"|"1951-10-04"
"7e89640f-8941-4e95-a5db-811a99993d14"|"Deborah"|"Booth"|"F"|"528 Martinez Grove Apt. 125"|"744.441.9728"|"Chief Operating Officer"|"Hawkins, Watson and Mitchell"|"1943-01-21"
"38a8cc86-fd1f-4f13-a930-63bab5cd1809"|"April"|"Powers"|"F"|"904 Morales Gardens Suite 197"|"672-317-5036x89239"|"Probation officer"|"Perez PLC"|"1964-10-29"
"4dd4ef64-daad-4d77-bff2-8f0cf741d083"|"Chad"|"Jackson"|"M"|"914 John Fall Apt. 476"|"336.979.5280x44358"|"Administrator, education"|"West, Alvarez and Cortez"|"1983-04-12"
"d4630be1-5f99-40ad-be75-618fddb9e665"|"Richard"|"Pittman"|"M"|"158 Ortiz Brooks"|"624.452.1875"|"Education administrator"|"Bernard PLC"|"2007-01-16"
"d4611db8-3b9e-4013-a5bf-8354ef9f55eb"|"Danielle"|"Rivera"|"F"|"25 Jordan Vista Apt. 756"|"783-334-3721"|"Arts administrator"|"Michael, Morris and Ruiz"|"2008-01-26"
"8373786a-0b95-45a6-be8b-5efea996b067"|"Brooke"|"Gillespie"|"F"|"808 Wilson Locks Apt. 694"|"(515)469-0686"|"Energy engineer"|"Schmidt-Ayers"|"1917-04-28"
"368eb483-c619-4c08-9421-4168d1b78625"|"Heather"|"Rhodes"|"F"|"99 Ashley Landing"|"(683)835-0442"|"Police Officer"|"TTPD"|"1978-03-22"
"c7c8a1a2-8c67-4a05-b4e5-c1f53a7f0af7"|"Michael"|"Roberts"|"M"|"350 Gabriel Hill Apt. 094"|"632.980.6969"|"Early years teacher"|"Horne Ltd"|"1961-06-07"
"bcd34445-d630-4cfe-93fb-d3b5db4482b0"|"Olivia"|"Berry"|"F"|"48 Nicole Via"|"(830)591-5860"|"Professor Emeritus"|"Wells-Jimenez"|"2014-08-14"
"b0bd5b4f-f4a4-4e55-b098-b60d4e8d54cf"|"Randall"|"Barajas"|"M"|"661 Brown Canyon Apt. 503"|"545.402.5829x826"|"Diplomatic Services operational officer"|"Sanford-Smith"|"1988-02-04"
"433b9f5a-4479-4616-91fc-d560d0cb54f6"|"Danielle"|"Torres"|"F"|"735 Tyler Knoll Apt. 752"|"+1-617-972-1322x967"|"Doctor, hospital"|"Rodriguez, Lee and Watts"|"2016-06-18"
"cb6d894a-3ac7-4436-974f-2a5cdda3900c"|"Brittany"|"Mitchell"|"F"|"845 Christopher Ways"|"349.249.6439x1204"|"Merchant navy officer"|"Carpenter PLC"|"2012-06-02"
"360ea919-0dbd-42cc-a078-078f5a2ce6ec"|"Eric"|"Mitchell"|"M"|"196 Hood Loop Apt. 276"|"+1-364-960-5352x1151"|"Surveyor, building control"|"Smith Inc"|"1971-02-28"
"4a6d3097-8d6d-4755-a5b1-aa474e2bea84"|"Aaron"|"Gates"|"M"|"767 Moore Crossroad Apt. 549"|"001-564-388-3028x970"|"Human resources officer"|"Turner, Gibbs and Christensen"|"1953-02-11"
"8ee400db-2b4a-42d8-96b1-8ed98a920394"|"Joshua"|"Simon"|"M"|"571 Collins Skyway"|"+1-951-552-6220x246"|"Stage manager"|"Rose-Rodriguez"|"1996-07-09"
"39a04897-4174-4589-9d6f-abfb9f2e7c17"|"Michele"|"Freeman"|"F"|"288 Hanson Port"|"8573113202"|"Ship broker"|"West-Roberts"|"1990-06-26"
"400d10c9-a872-4766-b237-5fd5bc6d5d53"|"Brianna"|"Howard"|"F"|"876 Christopher Ways"|"001-479-622-3579"|"Electrical engineer"|"Perez, Munoz and Travis"|"1997-09-05"
"ce5f35e0-2131-4e12-be1b-ca8b993bf7fe"|"Linda"|"Wilson"|"F"|"610 Aimee Circles"|"535.574.3246x77432"|"Product/process development scientist"|"Wilcox, Lee and Frederick"|"2023-06-08"
"e9c9a70b-a7cc-4244-81c8-cab9083d66ba"|"Kyle"|"Phillips"|"M"|"411 Jackson Harbors Suite 257"|"(226)455-4147x573"|"Chief Executive Officer"|"Dorsey-Villa"|"1941-08-02"
"c76c2bfb-e650-461f-bafc-d6825a60c178"|"Tiffany"|"Moore"|"F"|"462 Chandler Tunnel Suite 681"|"820.311.6947"|"Environmental education officer"|"Smith, Graham and Patel"|"1913-01-10"
"5effb2c1-e10e-4745-a0f9-e1e8853c7b03"|"Steven"|"Pham"|"M"|"927 Hood Loop Apt. 276"|"001-844-801-8291x326"|"Conservation officer, nature"|"Murphy-Sellers"|"2001-07-01"
"a4da06e3-5cad-48ae-ab0a-94340e2d6938"|"Kenneth"|"Gomez"|"M"|"795 Haney Prairie Suite 518"|"3073400859"|"Investment banker, operational"|"Brown-Cordova"|"1947-12-28"
"9679888c-d368-4013-92c9-5337e2a1423c"|"Megan"|"Roberts"|"F"|"605 Catherine Lock"|"(943)680-8109"|"Speech and language therapist"|"Flores Ltd"|"1922-05-04"
"4624a25e-e2d7-4629-9183-506f11d30952"|"Kristina"|"Johnson"|"F"|"729 Patricia Row"|"(701)494-7212x84873"|"Sports development officer"|"Olson, Saunders and Hampton"|"1957-12-09"
"6d890d14-09be-4a0c-92aa-d2e19d5e81d6"|"Marilyn"|"Hall"|"F"|"205 David Course Apt. 455"|"5902879093"|"Sports administrator"|"White-Davis"|"1960-07-25"
"95932f8a-0797-4f5f-ac83-520b03d98d05"|"Charles"|"Terry"|"M"|"82 Rosario Loop"|"431-857-9247x88363"|"Radio broadcast assistant"|"Yang-Hudson"|"1978-08-02"
"38c33d34-531e-40c5-8b32-7290dbbfc122"|"Daniel"|"Arnold"|"M"|"262 Charles Extension Apt. 046"|"726.729.5919x818"|"Child psychotherapist"|"Shelton Ltd"|"1936-01-12"
"d06b924a-3be4-4b6d-a892-5a08f0feb3e0"|"Robert"|"Rivera"|"M"|"658 Thomas Coves Suite 736"|"396.702.0307"|"Research scientist (maths)"|"Simmons-Pope"|"1918-12-22"
"c5a85c1d-3119-4bfd-b6b7-6be2fb8729df"|"Lindsey"|"Ray"|"F"|"970 Martin Field"|"+1-303-588-1684x4509"|"Therapist, occupational"|"Turner LLC"|"1948-04-03"
"c206bc86-3bcc-4351-8f59-59e0704a8b52"|"Jennifer"|"Gonzalez"|"F"|"152 Evans Ports Suite 383"|"(447)437-2542x58104"|"Engineer, aeronautical"|"Aguirre LLC"|"1995-10-09"
"fe99bfdf-d001-46a6-8814-7618afe07ac4"|"James"|"Parker"|"M"|"285 Jeffery Spur Suite 411"|"(808)966-1385"|"Development worker, international aid"|"Sherman, Campbell and Hughes"|"1948-01-19"
"78d19814-018e-4e24-ab08-fb1af87316af"|"Teresa"|"Lynn"|"F"|"866 Monica Burgs Suite 695"|"6384979973"|"Writer"|"Simmons, Dickerson and Johnson"|"1961-08-18"
"7bc58162-7440-473f-b2ed-a8f7a68e6817"|"Brian"|"Steele"|"M"|"761 Daniel Plaza"|"639.663.2164x4153"|"Event organiser"|"Duncan LLC"|"1932-04-14"
"fe82d657-4188-465a-98a1-d4b291efcafd"|"John"|"Burns"|"M"|"118 Wilson Locks Apt. 694"|"+1-243-367-6665x508"|"Product designer"|"Harris, Powell and Love"|"1951-12-17"
"17cb421b-a45a-4bef-b8d2-3ea8b8c4f329"|"Michelle"|"Harper"|"F"|"86 Oneal Underpass"|"001-582-724-6996x1189"|"Recruitment consultant"|"Campos and Sons"|"1969-09-22"
"3c67e468-8756-497f-bc1e-47939316c4d8"|"Stephanie"|"Lee"|"F"|"880 Jeffrey Run"|"769.782.4391x87123"|"Charity fundraiser"|"Bradley and Sons"|"1994-02-08"
"eebf8a06-f103-4afa-b77b-af48389e02b6"|"Meredith"|"Baker"|"F"|"174 Tiffany Gateway"|"(723)382-6537"|"Systems analyst"|"Oconnell, Lloyd and Powell"|"1924-09-21"
"b1e45d8b-5573-4f71-9b4e-de8d9365e55e"|"Benjamin"|"Snyder"|"M"|"695 Luna Loop"|"(543)954-4878x2817"|"Occupational therapist"|"Smith, Bautista and Rocha"|"2002-01-21"
"975775d3-965f-4f54-889c-fbcd997fb444"|"Kara"|"Cochran"|"F"|"518 Smith Avenue Apt. 759"|"774-361-8990x995"|"Designer, blown glass/stained glass"|"Nguyen LLC"|"1981-04-09"
"a2436563-cc61-4727-96fb-95a3a8450773"|"Jessica"|"Dean"|"F"|"84 Jones Cliffs Suite 657"|"+1-970-213-5261"|"Armed forces logistics/support/administrative officer"|"Brown and Sons"|"1966-10-30"
"1f3f34d7-186b-4ed3-8b68-d9d9fca93bc1"|"Jane"|"Welch"|"F"|"922 Luna Loop"|"881.737.7378"|"Psychologist, counselling"|"Walter-Flores"|"1981-04-16"
"d59917fb-a0ac-4ef0-944e-0ecf84cc2d17"|"Carol"|"Franklin"|"F"|"791 Johnson Lake"|"442.262.1691x338"|"Surveyor, mining"|"Flores Ltd"|"1944-11-17"
"6b9554cf-3d89-4daf-b6ec-3259287fcfe2"|"Adrian"|"May"|"M"|"942 Catherine Lock"|"391.826.3525x6501"|"Cytogeneticist"|"Hernandez-Brooks"|"1909-11-30"
"5a46949f-6dea-4e01-b7b4-f0b28b00beab"|"Brian"|"Foster"|"M"|"187 Stacey Via Suite 001"|"7139996142"|"Emergency planning/management officer"|"Armstrong-Lewis"|"1985-07-05"
"483b744e-0de1-4101-bd40-6d31b32d7d3c"|"Desiree"|"Smith"|"F"|"571 Higgins Port Apt. 001"|"328-588-0942x09737"|"Corporate investment banker"|"Simmons-Strong"|"2010-04-15"
"67007038-f257-4794-b683-ac0e149ec349"|"Sarah"|"Davis"|"F"|"132 Rosario Loop"|"(904)749-4214"|"Administrator, arts"|"Ross, Taylor and Peterson"|"1981-09-26"
"c34ce62e-93b6-4407-bc58-8847c7e254e5"|"Mary"|"Roberts"|"F"|"673 Tyler Knoll Apt. 752"|"(544)929-3395x062"|"Engineer, civil (contracting)"|"Graves, Jones and Franklin"|"1928-03-04"
"6734c8eb-a5f9-4d70-b5d5-3bef7736a120"|"Laura"|"Cooke"|"F"|"183 Bailey Trail"|"382-853-7110x1850"|"Graphic designer"|"Lee, Sanchez and Reeves"|"1910-02-21"
"86cbe086-65da-47f1-a777-54d4d1261e70"|"Lori"|"Hurley"|"F"|"826 Diana Point"|"+1-257-534-7168x385"|"Museum/gallery exhibitions officer"|"Pierce LLC"|"1987-02-20"
"e9c83b68-0d8c-4fa4-9ffd-7996ccea2e72"|"Hayley"|"Lynn"|"F"|"907 Charles Mall Apt. 745"|"529.801.6471"|"Primary school teacher"|"Pacheco, Mckee and Harris"|"1956-07-14"
"f8062a4d-8c5f-4171-92c4-cd0369f2b8bb"|"Joe"|"Floyd"|"M"|"213 Newton Wall"|"+1-457-943-5023x46154"|"Musician"|"Thomas Group"|"1918-02-22"
"ec4e69bd-1670-414a-bb92-03de0f6048e9"|"Nathan"|"Ruiz"|"M"|"774 David Course Apt. 455"|"(397)733-0825x393"|"Designer, furniture"|"Hensley-Williams"|"1954-04-04"
"7d955762-da92-4df2-bbf6-806f8e4f3139"|"Anthony"|"Cole"|"M"|"6 Charles Mall Apt. 745"|"874-745-3508x87047"|"Designer, multimedia"|"Duncan, Ingram and Bell"|"1918-10-31"
"f5e0ecc1-2975-4c34-a0aa-f83618d8c9fb"|"William"|"Colon"|"M"|"531 Andrew Street Apt. 107"|"001-606-600-6255"|"Conference centre manager"|"Ramirez Inc"|"2004-10-04"
"997074a4-fa98-4dfc-aa95-a26918a1fc19"|"Adam"|"Johnson"|"M"|"881 Hernandez Parkways Suite 200"|"685-985-6491"|"Merchant navy officer"|"Mclaughlin, Brown and Johnson"|"1913-05-08"
"a4cd4fbc-a528-4750-b896-b7c0602834fb"|"Denise"|"Orozco"|"F"|"67 Robin Junctions Apt. 618"|"350-745-0781x4013"|"Designer, graphic"|"Martin Ltd"|"1913-12-31"
"984c8864-df24-4712-be4d-2240307f4c17"|"Sandra"|"Martin"|"F"|"427 Cox Turnpike Apt. 083"|"698.749.1754x482"|"Furniture conservator/restorer"|"Ramirez-Henry"|"2000-12-23"
"c16fcbce-f83a-466b-ba91-8f2328abe60b"|"Lisa"|"Riddle"|"F"|"108 Nelson Estate"|"899.587.0071"|"Mudlogger"|"Clark, Logan and Adams"|"1912-05-23"
"d91b5bfb-43f3-42e0-ad46-4a9c83770bd6"|"Taylor"|"Shields"|"F"|"309 Oneal Underpass"|"603-751-4493x954"|"Applications developer"|"Medina-Doyle"|"1995-06-19"
"19a293a0-ff7b-457d-8857-f51e131c5331"|"Katie"|"Peterson"|"F"|"603 Alexandra Bridge Suite 474"|"001-365-857-9060x220"|"Phytotherapist"|"Lawson-Peterson"|"1919-04-24"
"0bb01309-b063-4051-9376-9286803c0df0"|"Jonathan"|"Mccullough"|"M"|"456 Jeffrey Run"|"629-533-0965"|"Restaurant manager, fast food"|"Lucero-Wagner"|"2008-03-03"
"472787de-0690-4ae3-8d12-f6a48c343877"|"Erin"|"Skinner"|"F"|"355 Johnson Plains Suite 376"|"273-572-5944x466"|"Lobbyist"|"Hayes-Rivera"|"1935-04-27"
"c9ab18ee-4dcd-48a6-af67-d32291ff7972"|"Mike"|"Harper"|"M"|"126 Heather Garden Suite 383"|"556.812.2576x295"|"Public relations account executive"|"Smith Ltd"|"1978-02-09"
"74c788c6-9c24-4cac-8ff6-2e3415d70c23"|"Matthew"|"Morrison"|"M"|"586 Parks Trace Suite 497"|"527-943-1809x262"|"Learning disability nurse"|"Fields, Cannon and Baldwin"|"1992-02-13"
"47b00e19-bf0d-4aa8-84e1-e2d9af4d251b"|"Frank"|"Nichols"|"M"|"737 Montoya Walk Apt. 578"|"(928)924-8447"|"Patent attorney"|"Robertson, Butler and Anderson"|"1935-07-23"
"aa98142d-757f-4fa0-a398-16dd596c8922"|"Kimberly"|"Morris"|"F"|"689 Phillip Spring"|"704.306.4675"|"Retail buyer"|"Lane, Baker and Griffith"|"2020-08-05"
"fb342680-8ea4-4a4f-8f89-7800952e8e0c"|"Ashley"|"Riddle"|"F"|"317 Robin Junctions Apt. 618"|"001-855-456-9643"|"Telecommunications researcher"|"Miller, Cooke and Stanley"|"1982-01-21"
"60e8d37a-958c-491a-a59f-073394b04dd6"|"David"|"Roy"|"M"|"263 Thomas Coves Suite 736"|"446-377-4482"|"Medical illustrator"|"Smith, Simmons and Robinson"|"1915-09-06"
"ad39143f-9caa-45f2-9456-708d027ec67d"|"Ashley"|"Brown"|"F"|"915 Andrew Street Apt. 107"|"001-248-981-4785x969"|"Careers adviser"|"Washington, Harrison and Mcdonald"|"1942-07-17"
"7eddab4f-7a04-477a-a18c-5f99b7ea244a"|"Rachel"|"Nichols"|"F"|"644 Johnson Throughway"|"482.450.9259"|"Surveyor, commercial/residential"|"Chandler, Carter and Gutierrez"|"1945-11-11"
"686f4e55-c278-4c2c-85f1-7e4fac6fcd1e"|"Chad"|"Crawford"|"M"|"402 Kari Alley Suite 131"|"001-225-772-7654"|"Farm manager"|"Perry-Sherman"|"1980-10-05"
"431dca0d-bb26-4512-95ed-44ebb572ce70"|"Raymond"|"Jones"|"M"|"577 Simpson Mill Apt. 030"|"470.244.1908x89902"|"Armed forces technical officer"|"Lucas-Watson"|"2008-05-05"
"a005306b-c8d9-46f6-9f01-8ad44fe8bcd8"|"Colleen"|"Zuniga"|"F"|"935 Christopher Tunnel"|"001-488-285-6821x19099"|"Operational investment banker"|"Day PLC"|"1981-02-12"
"03455585-a9a7-4ff4-a8f3-2cd2253b78bc"|"Lisa"|"Haney"|"F"|"986 Vincent Mountain Apt. 316"|"345.268.8375"|"Minerals surveyor"|"Johnson Ltd"|"1928-12-24"
"0c319027-4750-45f5-bf22-028c349109cc"|"Michael"|"Young"|"M"|"185 Amber Wells"|"+1-266-288-9953x89148"|"Chartered management accountant"|"Flores-Kirk"|"1962-03-23"
"2e9ca828-5264-45b6-95fe-50da715f020a"|"Vincent"|"Hale"|"M"|"481 Wyatt Pike Suite 863"|"+1-803-679-9592x235"|"Music tutor"|"Garcia-Smith"|"1998-09-05"
"d8d39c9d-b47b-46f2-8c13-2da721400994"|"Troy"|"Hicks"|"M"|"798 Weaver Haven"|"385.225.3254x7135"|"Actuary"|"Lawson, Wheeler and Phillips"|"1967-09-17"
"b6bbaac9-b1a8-4df0-b251-fa4c0c4ff79e"|"Lisa"|"Lynn"|"F"|"818 Jackson Harbors Suite 257"|"840-405-1196x45409"|"Fast food restaurant manager"|"Bates PLC"|"1924-08-19"
"330238d8-2471-42c0-be52-a639f90f4857"|"Megan"|"Hubbard"|"F"|"855 Matthew Valleys Suite 832"|"+1-766-455-1584x5902"|"Barista"|"Soto Group"|"1970-12-17"