<?xml version="1.0" encoding="UTF-8" ?><automobiles><automobile><person_id>ec089b24-f4a0-48b3-b8f4-0605ffa0dc44</person_id><license_plate>25-7800K</license_plate><vin>DVX9ZE3274W9299H9</vin><color>LightPink</color><year>2010</year></automobile><automobile><person_id>3f4e638c-7e7d-48f9-b5b3-d98a720eaf75</person_id><license_plate>47K 110</license_plate><vin>7FJZ7UM6591YDDUA1</vin><color>DarkTurquoise</color><year>1988</year></automobile><automobile><person_id>b02fe4ff-e0af-48a8-8237-dac0b91afaa4</person_id><license_plate>EBF-441</license_plate><vin>XTBA60JU0L5SVA0KK</vin><color>SandyBrown</color><year>2024</year></automobile><automobile><person_id>e7ecb7d8-1acb-4f4c-997a-cfc52ac1a16e</person_id><license_plate>NBO 018</license_plate><vin>338XHFV17R2JK0DE7</vin><color>GhostWhite</color><year>2001</year></automobile><automobile><person_id>2c5f1013-2129-48a5-a727-577967c3f8e9</person_id><license_plate>128 EDV</license_plate><vin>YB6TNC9M3AZ5FV891</vin><color>AliceBlue</color><year>2017</year></automobile><automobile><person_id>2c5f1013-2129-48a5-a727-577967c3f8e9</person_id><license_plate>HPX 788</license_plate><vin>L0P300L9XVST6DMWJ</vin><color>SlateBlue</color><year>1974</year></automobile><automobile><person_id>4ec04031-34c3-4804-b74b-715d23dd4097</person_id><license_plate>KRL 865</license_plate><vin>MW9LJUZU4NRHD6NBZ</vin><color>Beige</color><year>2013</year></automobile><automobile><person_id>4ec04031-34c3-4804-b74b-715d23dd4097</person_id><license_plate>9PD9064</license_plate><vin>FBHDY77420U4AH8N4</vin><color>PapayaWhip</color><year>2017</year></automobile><automobile><person_id>d3a7b674-81d1-4bd6-bf91-eedabb5293b1</person_id><license_plate>294KQ</license_plate><vin>4UNPDV8R5YK4815X3</vin><color>DarkRed</color><year>2004</year></automobile><automobile><person_id>ccd03d57-a254-4806-9aa0-2aa57ec1d293</person_id><license_plate>9-69522C</license_plate><vin>GB26BD0F38MMNA5RK</vin><color>Green</color><year>1992</year></automobile><automobile><person_id>961492a6-756a-45f9-8359-c17620376fce</person_id><license_plate>0-2049O</license_plate><vin>0GV2ZH195GF8G2EAL</vin><color>DarkSlateGray</color><year>2001</year></automobile><automobile><person_id>a5602170-0e7d-4ba8-8bb7-b4187a5ffaae</person_id><license_plate>RIY1257</license_plate><vin>ZTDHN11E71NE0N83E</vin><color>Purple</color><year>2014</year></automobile><automobile><person_id>f524f841-cb57-47d2-8bdd-ea97c75001f2</person_id><license_plate>415 IWR</license_plate><vin>5BJ4LVL66440E2207</vin><color>Fuchsia</color><year>1972</year></automobile><automobile><person_id>18c1eb81-9a28-4f1f-9189-f6126b1588c9</person_id><license_plate>121LIX</license_plate><vin>X09APEPD62N8026SX</vin><color>Gold</color><year>2020</year></automobile><automobile><person_id>580446f2-7ebd-4743-8404-43a01473bbdc</person_id><license_plate>197 RY5</license_plate><vin>CXZPDDZY7UL28UDVU</vin><color>AliceBlue</color><year>2014</year></automobile><automobile><person_id>c83ea799-a039-4c7c-947f-d574879c830d</person_id><license_plate>3YG 555</license_plate><vin>XVZRVJAT13THYSFBW</vin><color>SaddleBrown</color><year>1973</year></automobile><automobile><person_id>866f806e-b57e-4221-beb3-23ca8d5c5324</person_id><license_plate>96X IO2</license_plate><vin>WU2EECYD26PFFEXGS</vin><color>Yellow</color><year>1987</year></automobile><automobile><person_id>866f806e-b57e-4221-beb3-23ca8d5c5324</person_id><license_plate>JTN-3029</license_plate><vin>UCP0G99Z871KKAPG3</vin><color>GoldenRod</color><year>2024</year></automobile><automobile><person_id>866f806e-b57e-4221-beb3-23ca8d5c5324</person_id><license_plate>L 399425</license_plate><vin>YEHFEBBFXFDSYVZBF</vin><color>Chartreuse</color><year>1989</year></automobile><automobile><person_id>06625cd8-d196-4110-ae9f-4f0d6d898818</person_id><license_plate>669-EOX</license_plate><vin>S5UM0D3565FHYJ8XL</vin><color>Tomato</color><year>1999</year></automobile><automobile><person_id>06625cd8-d196-4110-ae9f-4f0d6d898818</person_id><license_plate>695XSM</license_plate><vin>9YMFLRBR2RUDDJEF9</vin><color>Aquamarine</color><year>1983</year></automobile><automobile><person_id>73b88a16-e686-42e9-8bef-6d070e187f5e</person_id><license_plate>J82 2IS</license_plate><vin>0M80U3CG2Y9P9WJTU</vin><color>WhiteSmoke</color><year>2004</year></automobile><automobile><person_id>73b88a16-e686-42e9-8bef-6d070e187f5e</person_id><license_plate>487950</license_plate><vin>YCJ11HBB8M2Z368FN</vin><color>Wheat</color><year>2021</year></automobile><automobile><person_id>66adb716-12c7-441c-914a-e7559412e23d</person_id><license_plate>2UWK725</license_plate><vin>3HBVR2FX2W4NMHCR5</vin><color>LightPink</color><year>2022</year></automobile><automobile><person_id>66adb716-12c7-441c-914a-e7559412e23d</person_id><license_plate>66XK833</license_plate><vin>9ERRA0X1067LJ0MG5</vin><color>LightGoldenRodYellow</color><year>1971</year></automobile><automobile><person_id>0a237b80-d383-4819-8420-81686fd3d90e</person_id><license_plate>7LV3233</license_plate><vin>TALPWNNG760JERY84</vin><color>OliveDrab</color><year>1979</year></automobile><automobile><person_id>0a237b80-d383-4819-8420-81686fd3d90e</person_id><license_plate>312 ZF3</license_plate><vin>J3CEP8S01FGZ9XFU2</vin><color>Beige</color><year>2023</year></automobile><automobile><person_id>6e4762e1-9ece-4d5f-8dd2-657149a156d2</person_id><license_plate>UO-7475</license_plate><vin>FSZDX5724TC730XDZ</vin><color>MediumAquaMarine</color><year>1992</year></automobile><automobile><person_id>6e4762e1-9ece-4d5f-8dd2-657149a156d2</person_id><license_plate>543-HYD</license_plate><vin>2TCNY107XWH3BJ3SX</vin><color>DarkOliveGreen</color><year>1980</year></automobile><automobile><person_id>f2c798c2-15de-4081-ba86-c248d45ca055</person_id><license_plate>ZE5 1235</license_plate><vin>8HYGC65T6UP0MT0V8</vin><color>Snow</color><year>1970</year></automobile><automobile><person_id>7d90627a-66fe-4fe5-aa5e-e5bb6e756639</person_id><license_plate>1I 4U5BDJ</license_plate><vin>4AKLK0MT17W1HZ9LR</vin><color>DarkSeaGreen</color><year>1993</year></automobile><automobile><person_id>7d90627a-66fe-4fe5-aa5e-e5bb6e756639</person_id><license_plate>408 KYX</license_plate><vin>H94EP01W7L7468JF8</vin><color>SlateGray</color><year>1994</year></automobile><automobile><person_id>43ff9c14-b7d9-4c86-80b3-eeafc62a18f5</person_id><license_plate>687 MIV</license_plate><vin>KGDXJVEJ7TM0526NP</vin><color>LemonChiffon</color><year>1981</year></automobile><automobile><person_id>ac173bcf-8d9c-4324-9f11-a424430e4e3d</person_id><license_plate>0-74757</license_plate><vin>4EBE9ADC1WMW9VDXH</vin><color>Maroon</color><year>2022</year></automobile><automobile><person_id>ac173bcf-8d9c-4324-9f11-a424430e4e3d</person_id><license_plate>0BI K47</license_plate><vin>988JNMUA7V4GB0GYK</vin><color>DarkOrange</color><year>1986</year></automobile><automobile><person_id>ddfe1479-b4e7-46c3-b8e3-a54651b2b508</person_id><license_plate>854 JFO</license_plate><vin>SYVSNZBAXL4TL6A4W</vin><color>Khaki</color><year>2023</year></automobile><automobile><person_id>ddfe1479-b4e7-46c3-b8e3-a54651b2b508</person_id><license_plate>3-9182Q</license_plate><vin>J3XABA0026V7A9UXG</vin><color>Pink</color><year>1998</year></automobile><automobile><person_id>7654f1cb-dff3-4653-a3b7-017d29f7f67f</person_id><license_plate>8GEU 49</license_plate><vin>DCH48UYX9G22ETSV2</vin><color>Aquamarine</color><year>1990</year></automobile><automobile><person_id>6afc6f8e-b5c8-4e57-a381-467396ec8b5f</person_id><license_plate>124 NRG</license_plate><vin>VJH9KR9M52B1W0DUM</vin><color>Navy</color><year>1990</year></automobile><automobile><person_id>6afc6f8e-b5c8-4e57-a381-467396ec8b5f</person_id><license_plate>662923</license_plate><vin>S9G5SR3S0YBGTXS63</vin><color>Sienna</color><year>2016</year></automobile><automobile><person_id>9eb24ec3-2ccf-444e-9a75-fa54c61d842a</person_id><license_plate>9-37874</license_plate><vin>76U14ZNH9A65R4FTW</vin><color>Sienna</color><year>2001</year></automobile><automobile><person_id>9eb24ec3-2ccf-444e-9a75-fa54c61d842a</person_id><license_plate>7NA 872</license_plate><vin>R19V507V4USXCMY27</vin><color>CadetBlue</color><year>2021</year></automobile><automobile><person_id>0d2570bb-be1e-4afb-9b31-f8f971b81d64</person_id><license_plate>NNF-7624</license_plate><vin>ABT6R3UL0YFZBT65Y</vin><color>Lavender</color><year>1976</year></automobile><automobile><person_id>c3614abc-2d17-444d-82ff-58b5d72b21ab</person_id><license_plate>25XP388</license_plate><vin>9JLKR4EA0DBARLC9V</vin><color>Yellow</color><year>2016</year></automobile><automobile><person_id>c3614abc-2d17-444d-82ff-58b5d72b21ab</person_id><license_plate>325K3</license_plate><vin>645PA4873G4X0N044</vin><color>FireBrick</color><year>1997</year></automobile><automobile><person_id>3ca77215-6e75-4f4b-81aa-932fb317ac83</person_id><license_plate>89O D22</license_plate><vin>66HC20771DLYLLDH9</vin><color>Pink</color><year>2022</year></automobile><automobile><person_id>77e5f12a-358a-4843-8efc-9f3aea19ad4e</person_id><license_plate>8HUE072</license_plate><vin>S4LH1D7X68JW722AB</vin><color>DarkSalmon</color><year>1987</year></automobile><automobile><person_id>77e5f12a-358a-4843-8efc-9f3aea19ad4e</person_id><license_plate>2B 5G5VAW</license_plate><vin>WWL1G3MF4BXF698TN</vin><color>AliceBlue</color><year>1998</year></automobile><automobile><person_id>77e5f12a-358a-4843-8efc-9f3aea19ad4e</person_id><license_plate>549 LTM</license_plate><vin>985Y5S2245341EUYT</vin><color>Plum</color><year>1971</year></automobile><automobile><person_id>f7117408-7711-481b-8296-47e4547b2ab1</person_id><license_plate>01-LN85</license_plate><vin>CPT65JT77P1F579FL</vin><color>Gold</color><year>1973</year></automobile><automobile><person_id>f7117408-7711-481b-8296-47e4547b2ab1</person_id><license_plate>994-SVWI</license_plate><vin>6MRMB08T0L8W8TWXL</vin><color>OrangeRed</color><year>1993</year></automobile><automobile><person_id>2a4392d0-0c31-4b85-b9fc-835571e24469</person_id><license_plate>QUE 265</license_plate><vin>AXY5JFUX2J650DPLU</vin><color>Ivory</color><year>1998</year></automobile><automobile><person_id>2eec1ff7-c958-40c6-b550-aee1d71e1ecb</person_id><license_plate>283-UTX</license_plate><vin>7E975WNV9671GGA1P</vin><color>PaleTurquoise</color><year>2003</year></automobile><automobile><person_id>2eec1ff7-c958-40c6-b550-aee1d71e1ecb</person_id><license_plate>301 PY3</license_plate><vin>W8ELF5XL5ZGRSM5VW</vin><color>LightSkyBlue</color><year>1973</year></automobile><automobile><person_id>1394c8fb-1f61-4993-9f17-eb08c245d589</person_id><license_plate>14YO421</license_plate><vin>HK8293AT70Y1HJS3H</vin><color>Chocolate</color><year>2016</year></automobile><automobile><person_id>06c1c88d-37a5-4ac5-82a5-f238637dae35</person_id><license_plate>4904 LF</license_plate><vin>5WVYUSDV80MZF1167</vin><color>SteelBlue</color><year>1987</year></automobile><automobile><person_id>06c1c88d-37a5-4ac5-82a5-f238637dae35</person_id><license_plate>VKH-864</license_plate><vin>VM9DSL5N197G050FS</vin><color>MediumSlateBlue</color><year>1975</year></automobile><automobile><person_id>54a8925b-f375-448a-92b3-5d50accadc0c</person_id><license_plate>88P UK0</license_plate><vin>G3EUGG3605A5F15J1</vin><color>MediumSeaGreen</color><year>2017</year></automobile><automobile><person_id>98f123a7-e124-4fe1-9c49-9f4f226aae15</person_id><license_plate>2QQ2121</license_plate><vin>26D6XWSA5KFNH10F1</vin><color>DarkBlue</color><year>1989</year></automobile><automobile><person_id>98f123a7-e124-4fe1-9c49-9f4f226aae15</person_id><license_plate>BZW 411</license_plate><vin>BZBWMGNH3MEVJ91E7</vin><color>LightPink</color><year>1972</year></automobile><automobile><person_id>1aa2cac9-7775-440a-a465-a7623960c92e</person_id><license_plate>211 RYV</license_plate><vin>MJ6GJ1PNX7MSHU1MV</vin><color>Lime</color><year>1990</year></automobile><automobile><person_id>1ce3126c-3d71-4436-80e5-4ddc22d6648f</person_id><license_plate>599-218</license_plate><vin>CXDXGMNL8RRB8LT8G</vin><color>DarkSlateGray</color><year>2010</year></automobile><automobile><person_id>18bb686c-62d6-4c86-bf02-f41381222f19</person_id><license_plate>3X T5353</license_plate><vin>39LXSJP11NCW37038</vin><color>Olive</color><year>2022</year></automobile><automobile><person_id>520feb38-242e-4f0b-9a67-4c677a8bd3da</person_id><license_plate>YCS-7553</license_plate><vin>2K9YB7954NAZG640D</vin><color>MediumPurple</color><year>2012</year></automobile><automobile><person_id>520feb38-242e-4f0b-9a67-4c677a8bd3da</person_id><license_plate>8RQ3014</license_plate><vin>Z7CAJB7V66VKT8E6J</vin><color>Black</color><year>2016</year></automobile><automobile><person_id>87faf700-2283-45bd-abe7-cc7bdca7c89b</person_id><license_plate>AE 70431</license_plate><vin>D8FWJRSJ0SPY2BSTT</vin><color>PaleGreen</color><year>2005</year></automobile><automobile><person_id>87faf700-2283-45bd-abe7-cc7bdca7c89b</person_id><license_plate>TUN5002</license_plate><vin>906HSV9P140JYK25P</vin><color>DodgerBlue</color><year>2005</year></automobile><automobile><person_id>e9aa9faa-dc5c-44fa-9b7a-4ab5a3733f5d</person_id><license_plate>7036 DX</license_plate><vin>VZEE8LHLXF3EDDT69</vin><color>RoyalBlue</color><year>1977</year></automobile><automobile><person_id>8a0faa64-86ae-4668-97cc-d89501d75e60</person_id><license_plate>879N</license_plate><vin>H761J3Y6XPHP04G1A</vin><color>HoneyDew</color><year>2020</year></automobile><automobile><person_id>aa2a27f1-b15e-4e22-a80e-8c6ebc571d6d</person_id><license_plate>666 GXP</license_plate><vin>CGS57KYK1JNWJ3HEP</vin><color>PowderBlue</color><year>2009</year></automobile><automobile><person_id>ae5a3ccc-045c-4c6f-a8b2-c4dc69720e9a</person_id><license_plate>CNJ-919</license_plate><vin>YKD8A6WZ7F7RNJCLZ</vin><color>Beige</color><year>2005</year></automobile><automobile><person_id>ae5a3ccc-045c-4c6f-a8b2-c4dc69720e9a</person_id><license_plate>SZG0889</license_plate><vin>JY712GCE8R0F0G53E</vin><color>LawnGreen</color><year>1999</year></automobile><automobile><person_id>ae5a3ccc-045c-4c6f-a8b2-c4dc69720e9a</person_id><license_plate>904 LUI</license_plate><vin>6H7DW5F94859SKZYW</vin><color>MediumSeaGreen</color><year>1972</year></automobile><automobile><person_id>86942543-5c55-4bd9-ba32-03d000e7b4b4</person_id><license_plate>LDP-8639</license_plate><vin>BYL7HRGJ4JGS300PU</vin><color>SaddleBrown</color><year>2013</year></automobile><automobile><person_id>86942543-5c55-4bd9-ba32-03d000e7b4b4</person_id><license_plate>7BA 586</license_plate><vin>K2PZ31PT55PTXZ5NG</vin><color>SlateBlue</color><year>1994</year></automobile><automobile><person_id>4a3fbbcf-59ff-4265-814a-7328a418e581</person_id><license_plate>895 AAM</license_plate><vin>AH32V9XNXSWTSD236</vin><color>DarkOrchid</color><year>2023</year></automobile><automobile><person_id>646c2154-1cb7-4b99-8580-e6d56b240933</person_id><license_plate>EVT-6247</license_plate><vin>F19K55203KKM3BF4Y</vin><color>Chocolate</color><year>1979</year></automobile><automobile><person_id>646c2154-1cb7-4b99-8580-e6d56b240933</person_id><license_plate>0ZU 162</license_plate><vin>4TEZXK326C5A16LRV</vin><color>NavajoWhite</color><year>2009</year></automobile><automobile><person_id>646c2154-1cb7-4b99-8580-e6d56b240933</person_id><license_plate>526POH</license_plate><vin>3HSR0UBR27J796LNF</vin><color>DarkCyan</color><year>2018</year></automobile><automobile><person_id>3c43bfce-0473-497a-ba6e-68e32208f952</person_id><license_plate>1-I8394</license_plate><vin>NFANKLCL3GDL5CTL9</vin><color>HotPink</color><year>1986</year></automobile><automobile><person_id>3cc3e18a-2db4-431e-be59-43f3cc307e50</person_id><license_plate>50Q•957</license_plate><vin>F9CR4WY310KYG3BC4</vin><color>Aquamarine</color><year>1980</year></automobile><automobile><person_id>5ed29439-800a-4485-81ca-260002235926</person_id><license_plate>8-08431</license_plate><vin>24LWNJJ98LXC4D4BH</vin><color>Maroon</color><year>1970</year></automobile><automobile><person_id>63bc841d-0e22-47e8-aeac-1c1925ff57a8</person_id><license_plate>RRM Q03</license_plate><vin>CJCBT45P6RDAR8L6C</vin><color>DarkGoldenRod</color><year>2011</year></automobile><automobile><person_id>63bc841d-0e22-47e8-aeac-1c1925ff57a8</person_id><license_plate>020 6EJ</license_plate><vin>0NKA8U8T47S4DWD95</vin><color>PaleTurquoise</color><year>2004</year></automobile><automobile><person_id>63bc841d-0e22-47e8-aeac-1c1925ff57a8</person_id><license_plate>908TK</license_plate><vin>ST0D335VX75Z96LFE</vin><color>Violet</color><year>2020</year></automobile><automobile><person_id>e5134552-a566-4080-95b9-0ccf7f6450c3</person_id><license_plate>2JX09</license_plate><vin>A1GZFW9S35ZF6ZCRB</vin><color>DarkRed</color><year>1974</year></automobile><automobile><person_id>3d7841e4-b1d4-4176-9898-bea03e8e939e</person_id><license_plate>756 PVH</license_plate><vin>0X18HDF14NLBBD4JL</vin><color>Tomato</color><year>2003</year></automobile><automobile><person_id>3d7841e4-b1d4-4176-9898-bea03e8e939e</person_id><license_plate>920-RHU</license_plate><vin>ED960Y8D9X0Z6FMPV</vin><color>Green</color><year>2009</year></automobile><automobile><person_id>15da5e97-5d90-4738-910f-d27b15ccda7d</person_id><license_plate>623 UPX</license_plate><vin>JHVWH7GA51JH42SN2</vin><color>BurlyWood</color><year>1973</year></automobile><automobile><person_id>15da5e97-5d90-4738-910f-d27b15ccda7d</person_id><license_plate>86Y 2063</license_plate><vin>3CTWR3EA9RJS6XG3P</vin><color>PowderBlue</color><year>1997</year></automobile><automobile><person_id>6baecf28-cdb3-4374-b69d-15445441557b</person_id><license_plate>997330</license_plate><vin>B0VHDXLB4A2KAE0LZ</vin><color>Linen</color><year>2016</year></automobile><automobile><person_id>242fa3ff-7bf8-47ab-a975-24688b42dd1d</person_id><license_plate>LK2 J6K</license_plate><vin>DEXULM719YV1K0870</vin><color>Silver</color><year>2017</year></automobile><automobile><person_id>242fa3ff-7bf8-47ab-a975-24688b42dd1d</person_id><license_plate>70U V90</license_plate><vin>B2FMC9XW207KSRS75</vin><color>LightSteelBlue</color><year>1984</year></automobile><automobile><person_id>2606ea33-9d6e-4ec7-a94f-18b7508877cd</person_id><license_plate>Y02-12O</license_plate><vin>RKNNEMYZ0TPRM69WL</vin><color>Sienna</color><year>1973</year></automobile><automobile><person_id>2606ea33-9d6e-4ec7-a94f-18b7508877cd</person_id><license_plate>6-77690W</license_plate><vin>KHCE704Y230N5WV10</vin><color>LightSlateGray</color><year>2016</year></automobile><automobile><person_id>75330f22-23e5-4860-ba3a-c500eff0e6d9</person_id><license_plate>595-GYK</license_plate><vin>PSGUUARW3HTGWGT04</vin><color>PaleGreen</color><year>2020</year></automobile><automobile><person_id>75330f22-23e5-4860-ba3a-c500eff0e6d9</person_id><license_plate>710 QFW</license_plate><vin>87MYNZ8G4Y5MD487R</vin><color>Blue</color><year>2019</year></automobile><automobile><person_id>05e771cc-634a-439c-947a-498e926719ab</person_id><license_plate>5659 GI</license_plate><vin>PPYDSFDT6TKJR1YZU</vin><color>MintCream</color><year>2005</year></automobile><automobile><person_id>ec145476-1815-4acf-89f9-fbe95b9ec91b</person_id><license_plate>403 WMT</license_plate><vin>9W532VAW6B2639HV8</vin><color>DarkGray</color><year>2019</year></automobile><automobile><person_id>ec145476-1815-4acf-89f9-fbe95b9ec91b</person_id><license_plate>LPQ-5508</license_plate><vin>YYGSM8R89U7VYKRDH</vin><color>Lime</color><year>1974</year></automobile><automobile><person_id>2c43a1a4-dba4-4404-a71b-a570aed1ff0a</person_id><license_plate>9V153</license_plate><vin>297EYTTD41U0PDF4C</vin><color>DarkSalmon</color><year>1976</year></automobile><automobile><person_id>2c43a1a4-dba4-4404-a71b-a570aed1ff0a</person_id><license_plate>3KJU914</license_plate><vin>V0BLCBAW06JMPX64A</vin><color>LightBlue</color><year>2009</year></automobile><automobile><person_id>00ac97ac-e672-4208-b032-af58eb898168</person_id><license_plate>LET 042</license_plate><vin>TDN7NV9P34UD8WYW6</vin><color>DarkSeaGreen</color><year>2020</year></automobile><automobile><person_id>9ccf1e8b-676f-4d60-9f02-72e15fce5fa1</person_id><license_plate>485 TRO</license_plate><vin>ADX8MER54XR2GZ8GS</vin><color>DarkKhaki</color><year>1988</year></automobile><automobile><person_id>c6c3d8fd-e45d-445a-bd8a-e4495582ffd6</person_id><license_plate>697-TLM</license_plate><vin>8XU6T1R04XRSFEGX9</vin><color>PeachPuff</color><year>1992</year></automobile><automobile><person_id>43fce553-e287-4144-9b36-4a5e215f04bc</person_id><license_plate>124 ZLG</license_plate><vin>8AF69ZAB395USZDFG</vin><color>DarkKhaki</color><year>1991</year></automobile><automobile><person_id>c2233eea-f056-4b3c-999d-354c05429cb5</person_id><license_plate>ERB 941</license_plate><vin>KUW87F735ERMCDM2M</vin><color>BlanchedAlmond</color><year>1972</year></automobile><automobile><person_id>dd1aa0e5-76ec-43fb-a572-4af8b2b34b06</person_id><license_plate>910-SCL</license_plate><vin>NCUC1RS023XFVXEVY</vin><color>DarkSeaGreen</color><year>1982</year></automobile><automobile><person_id>dd1aa0e5-76ec-43fb-a572-4af8b2b34b06</person_id><license_plate>2CU 964</license_plate><vin>9YVCJ9AX0XJV0L63V</vin><color>GoldenRod</color><year>1994</year></automobile><automobile><person_id>dd1aa0e5-76ec-43fb-a572-4af8b2b34b06</person_id><license_plate>4-0899Z</license_plate><vin>D1VPZZWZ9LBBUNKZC</vin><color>Brown</color><year>2022</year></automobile><automobile><person_id>72123075-8e83-4a1e-9453-022d12a7a887</person_id><license_plate>59-DH48</license_plate><vin>40G1REZD1RPVZD0X4</vin><color>DodgerBlue</color><year>1980</year></automobile><automobile><person_id>455f6a24-e8a4-472a-a837-598aa7b0542e</person_id><license_plate>603 UIW</license_plate><vin>JYSUDEZX1S6PAN3ZU</vin><color>FireBrick</color><year>2023</year></automobile><automobile><person_id>455f6a24-e8a4-472a-a837-598aa7b0542e</person_id><license_plate>7G 2N1BXR</license_plate><vin>FS973U5W1YXKLLZJK</vin><color>MediumSeaGreen</color><year>1974</year></automobile><automobile><person_id>455f6a24-e8a4-472a-a837-598aa7b0542e</person_id><license_plate>OYE-9463</license_plate><vin>1S76X3M1XGG84FTCR</vin><color>Khaki</color><year>1986</year></automobile><automobile><person_id>09ff0f50-7ad1-4cfa-9b77-a28e9689c4b7</person_id><license_plate>616HGB</license_plate><vin>5EB6Z3HT85A4PEV17</vin><color>DarkBlue</color><year>1991</year></automobile><automobile><person_id>b68ada74-b268-4558-bfc5-936837a5faa9</person_id><license_plate>395 4QQ</license_plate><vin>58BE6YWS3SJ1N8LYG</vin><color>Plum</color><year>2008</year></automobile><automobile><person_id>12ca44cc-0adf-462e-8909-633f44ecbe78</person_id><license_plate>5ST 043</license_plate><vin>1M947XYDXA80U6N1U</vin><color>FloralWhite</color><year>2015</year></automobile><automobile><person_id>d50baa06-92a3-4f95-9434-a5df6440b63f</person_id><license_plate>VIH 754</license_plate><vin>JWZRAF9N08CB657G7</vin><color>Orange</color><year>1992</year></automobile><automobile><person_id>360e31ad-cf3b-4dbd-ba44-20518eaee543</person_id><license_plate>781-QMZ</license_plate><vin>SHZZW9E76ZR3N6Z4H</vin><color>Plum</color><year>2008</year></automobile><automobile><person_id>360e31ad-cf3b-4dbd-ba44-20518eaee543</person_id><license_plate>M68 3LG</license_plate><vin>2F76DYNS6SPHXN00Y</vin><color>LightSeaGreen</color><year>1993</year></automobile><automobile><person_id>15bfe797-5436-4ef4-a994-d4e273e691ee</person_id><license_plate>ZTD-790</license_plate><vin>WLYTYWZ901Z5PVMNJ</vin><color>Gray</color><year>1995</year></automobile><automobile><person_id>61aa1317-7b8b-4805-9687-e44196f5e612</person_id><license_plate>JGO-700</license_plate><vin>9TZSUKSY0HV978679</vin><color>MediumSpringGreen</color><year>2003</year></automobile><automobile><person_id>61aa1317-7b8b-4805-9687-e44196f5e612</person_id><license_plate>778 GSF</license_plate><vin>6UXD1FMH19TD6K1WP</vin><color>Lavender</color><year>1994</year></automobile><automobile><person_id>5c6a8630-d2bc-4514-b2b5-6466e190908a</person_id><license_plate>WEU 630</license_plate><vin>EZL67TL4XC6MP7JYU</vin><color>Pink</color><year>1985</year></automobile><automobile><person_id>5c6a8630-d2bc-4514-b2b5-6466e190908a</person_id><license_plate>6X 0015K</license_plate><vin>ND6G2JF32GUD4UHK6</vin><color>Maroon</color><year>1981</year></automobile></automobiles>