"id"|"first_name"|"last_name"|"sex"|"address"|"phone_number"|"profession"|"company"|"date_of_birth"
"8c19a09f-a379-4794-a85e-a308a10b45a3"|"Kaitlyn"|"Rhodes"|"F"|"509 Jones Cliffs Suite 657"|"590.438.9927"|"Call centre manager"|"Smith-English"|"1932-07-03"
"3a1e4fde-791b-4c08-b241-e105f2dc0220"|"Jeffrey"|"Hernandez"|"M"|"373 Quinn Divide"|"(536)884-4431x3532"|"Primary school teacher"|"Thomas-Henderson"|"2004-05-09"
"021757c7-63e7-42be-b029-87c9b3879fea"|"Ann"|"Gates"|"F"|"656 Tiffany Gateway"|"309.785.1231x169"|"Teacher, English as a foreign language"|"Robinson, Shea and Moore"|"1944-08-14"
"48d1209c-8e2e-48fb-b395-27727a10e0fe"|"Edward"|"Roberts"|"M"|"926 Jonathan Stravenue"|"(866)979-1927x6566"|"Broadcast presenter"|"Fisher-Santos"|"1977-12-14"
"496c7f0b-7cdc-4079-8174-cf0105ca6578"|"Katherine"|"Smith"|"F"|"760 Jennifer Track"|"+1-934-351-3552"|"Sports administrator"|"Noble-Morales"|"1949-05-19"
"a6e461f2-72d5-4eec-afc3-0a7ee9157c6f"|"James"|"Robinson"|"M"|"609 Thomas Wall Suite 035"|"+1-998-602-3157x1523"|"Private music teacher"|"Rice-Barrett"|"2000-09-02"
"044ceee3-2308-48f3-9286-81c878b58af3"|"Matthew"|"Terry"|"M"|"857 Nelson Estate"|"+1-312-530-8603"|"Clinical biochemist"|"Hall-Chang"|"1915-08-16"
"3673f3fb-39a9-45a7-9846-398b448e67e1"|"Jessica"|"Allen"|"F"|"845 Colleen Mount"|"(353)561-8589x511"|"Nature conservation officer"|"Perry Group"|"1992-07-07"
"e87401aa-8297-46d8-932f-524244946469"|"Joy"|"Rodriguez"|"F"|"969 Tiffany Gateway"|"001-745-753-2070x1787"|"Archaeologist"|"Diaz LLC"|"1988-03-21"
"391353d3-7cdd-4752-b096-33755dc7c0ac"|"Tammy"|"Boone"|"F"|"350 Barry Shoal Suite 612"|"788.960.4540x3165"|"Sports coach"|"Boyd-Fleming"|"1971-08-22"
"4804c651-f8ff-4189-a275-86655f8c021a"|"Kaitlin"|"Simon"|"F"|"564 Tim Avenue Apt. 437"|"001-636-678-7848x43402"|"Administrator, education"|"Smith, Leon and Mayo"|"1991-12-08"
"699e26c9-076d-4576-8d13-5635e2a8d71c"|"David"|"Zuniga"|"M"|"537 Lewis Trace"|"001-285-409-0657x423"|"Armed forces operational officer"|"Brown Ltd"|"1926-08-09"
"d8e619d6-184a-4fad-ae8c-4bb9df4630ac"|"Lisa"|"Patrick"|"F"|"327 Alexis Run Suite 764"|"428.785.9080x30566"|"Hotel manager"|"Richmond, Fleming and Barnes"|"2013-04-28"
"9b81819d-b000-4bb0-aa6c-91fc2b365c35"|"Becky"|"Clark"|"F"|"225 Amber Wells"|"001-492-660-7338"|"Herpetologist"|"Johnson Ltd"|"1923-07-11"
"0d9dff7c-7f3f-4d71-bf02-3eaaa40caf60"|"Richard"|"Gonzalez"|"M"|"806 Shepard Bridge"|"9167448226"|"Editor, magazine features"|"Hunt LLC"|"1972-11-27"
"2aff2940-09ce-4f24-afb9-e078e141338f"|"Christopher"|"Martin"|"M"|"922 Monica Burgs Suite 695"|"(643)733-2887x88197"|"Pharmacologist"|"Calderon Inc"|"1982-10-28"
"e8bd9646-1f91-4f86-bd51-ee88f8b39216"|"Victoria"|"Hooper"|"F"|"265 Wyatt Pike Suite 863"|"947-888-1961x12298"|"Risk manager"|"Leonard-Keller"|"1951-06-14"
"c88f689d-872e-46da-b00e-89f5ff030ea5"|"Chase"|"Andrews"|"M"|"255 King Land"|"+1-861-490-1814x04312"|"Child psychotherapist"|"Dudley-Bradshaw"|"2023-07-24"
"d5a878e8-0621-4b40-b078-e2f6d58e4286"|"John"|"Fernandez"|"M"|"386 David Passage Suite 979"|"805-979-3398"|"Careers information officer"|"Barker Inc"|"1936-07-02"
"d11979f5-db5f-4566-bda2-91dc4b951dbb"|"Catherine"|"Mejia"|"F"|"87 Hanson Port"|"+1-584-941-2275"|"Metallurgist"|"Martinez and Sons"|"2018-07-23"
"ff04e29d-10fd-4945-afd1-87459c8ae13c"|"Michael"|"Bailey"|"M"|"861 Daniel Plaza"|"001-981-469-2415x488"|"Database administrator"|"Martinez, Butler and Knox"|"2010-01-18"
"b5a36a38-489f-49e7-b2f7-bedb21acabae"|"Hannah"|"King"|"F"|"172 Smith Ranch Suite 211"|"001-780-893-1025x74709"|"Physiological scientist"|"Flowers Group"|"1987-03-04"
"189262a0-7ddb-4cd7-92ab-6ba182da936a"|"Willie"|"Blair"|"M"|"505 Christine Gateway"|"302-638-5646x01707"|"Barrister's clerk"|"Moore LLC"|"1922-06-18"
"32afdceb-23fb-423a-8f46-4a382f1a3663"|"Gary"|"Lopez"|"M"|"819 Yates Harbor Suite 905"|"7024189406"|"Advertising art director"|"Briggs-Jones"|"1932-11-21"
"ac538156-2c4d-4b34-96b7-2cf3baa2ecfb"|"Moran"|"Henderson"|"M"|"613 Elizabeth Creek Apt. 423"|"762-723-1048"|"Clinical psychologist"|"Garcia Ltd"|"1981-07-31"
"0f351290-7b4d-4a19-831e-1d5c81037274"|"Felicia"|"Wilson"|"F"|"130 Padilla Estate Suite 556"|"593.398.1637x0145"|"Financial adviser"|"Schmidt Inc"|"1989-06-03"
"c8ca8ca4-cb90-4628-9a20-fb3f57d5e530"|"Michelle"|"Walker"|"F"|"697 Yates Harbor Suite 905"|"(500)887-3652"|"Research officer, trade union"|"Marquez Ltd"|"1940-10-15"
"3cf5841f-dfb9-4409-8858-a8e6652fb5b5"|"Sara"|"Barber"|"F"|"298 Charles Mall Apt. 745"|"(231)319-1160x2238"|"Child psychotherapist"|"Logan, Watson and Bradford"|"1936-03-21"
"8493038c-9b6e-460d-9d76-6bedfb5c70e5"|"Monica"|"Holmes"|"F"|"715 Elizabeth Creek Apt. 423"|"881-949-3559"|"IT sales professional"|"Keith-Stephens"|"2004-11-04"
"f2a2a37e-3761-4ec4-8191-7a151a0e5a1d"|"Joshua"|"Curry"|"M"|"189 Ward Parkway Apt. 076"|"5516660134"|"Theatre director"|"Cook Inc"|"1911-02-23"
"fb106271-8d7c-459e-811a-5d8d9682ab1d"|"Adam"|"Glover"|"M"|"145 King Land"|"001-891-531-3903x5721"|"Paramedic"|"Richards Inc"|"1944-08-28"
"162c9833-6a05-446b-abfa-cb6923b5e027"|"Jennifer"|"Freeman"|"F"|"90 Hart Estates Suite 718"|"(454)512-2885x076"|"Teaching laboratory technician"|"Whitehead-Peters"|"1985-05-28"
"3f52f4d1-cc66-4695-881f-d5c1340fbe03"|"John"|"Davis"|"M"|"462 Jeffrey Run"|"+1-359-723-7464x75109"|"Retail buyer"|"Copeland-Mccarthy"|"2022-09-29"
"bb938b11-405a-4993-adc1-2b6278fc9249"|"William"|"Nguyen"|"M"|"635 Catherine Lock"|"(701)745-8323x2621"|"Doctor, general practice"|"Durham PLC"|"1970-12-04"
"03f0e16a-735f-4203-96e2-42e5d7dc0963"|"Michelle"|"Scott"|"F"|"783 Catherine Cove"|"372.484.9552x8013"|"Pharmacist, hospital"|"Hernandez and Sons"|"1992-06-11"
"a996e820-ab60-4ee8-99dc-d241893748a6"|"Gregory"|"Matthews"|"M"|"118 Anderson Port"|"3999349818"|"Health promotion specialist"|"Jackson-Blackburn"|"2013-01-27"
"a05ee21c-cd37-41be-82e6-2ef0fd2d1e7d"|"Laura"|"May"|"F"|"232 Gabriel Hill Apt. 094"|"(295)470-9185"|"Copy"|"Brown Group"|"1927-12-19"
"71cedc87-1fce-4e4b-a68a-8f92d34aa65c"|"Gabrielle"|"Holmes"|"F"|"54 Jones Cliffs Suite 657"|"001-366-949-1643x77278"|"Manufacturing engineer"|"Boyd Group"|"2005-08-01"
"fd379353-003a-482a-9231-aaa7bc2e486e"|"William"|"Velez"|"M"|"689 Pham Ports"|"349-304-9907x6499"|"Holiday representative"|"Harmon, Miller and Velasquez"|"1962-02-18"
"73360370-0c94-4024-91e3-293e7b27889c"|"Valerie"|"Torres"|"F"|"838 Jordan Vista Apt. 756"|"001-383-225-1871x15093"|"Scientist, research (medical)"|"Donovan-Deleon"|"1919-04-14"
"e0e98438-bce0-4505-a7a1-068d49b187af"|"Christina"|"Willis"|"F"|"736 David Course Apt. 455"|"(505)281-3998x8382"|"Journalist, newspaper"|"Klein Inc"|"2017-03-31"
"8d3cd653-5c31-483a-9d01-397d5350aeb3"|"Michael"|"Martin"|"M"|"55 Morales Gardens Suite 197"|"001-547-612-2247x5713"|"Production assistant, television"|"Rodriguez-Collins"|"1945-12-31"
"cd245ede-4f44-4833-bf9f-e318a372825a"|"Jennifer"|"Taylor"|"F"|"510 Castillo Underpass Apt. 535"|"(864)780-9632"|"Occupational therapist"|"Roberson Group"|"2014-12-11"
"72de6b67-3079-4ccd-8def-fa527ac6975f"|"Jasmine"|"White"|"F"|"534 Catherine Lock"|"6212907067"|"Psychologist, sport and exercise"|"Jefferson, Howard and Calderon"|"1958-03-23"
"d25a3567-87ad-4f5d-9c5f-6256218cd682"|"Jill"|"Bond"|"F"|"297 Randolph Way Suite 427"|"7485700781"|"Music tutor"|"Mahoney and Sons"|"1974-07-30"
"12ae04f9-c9c4-4186-8284-b23e954cc255"|"Laurie"|"Freeman"|"F"|"562 Patricia Row"|"(737)960-9670x22161"|"Engineer, production"|"Miles Inc"|"1975-04-09"
"c06de439-13ce-4682-a022-243043dc2cd7"|"Joseph"|"Strickland"|"M"|"462 King Land"|"+1-517-654-0504x451"|"Financial planner"|"Jackson-Moreno"|"1974-10-26"
"c401cf69-78d2-4f05-8e3e-51f8c9e903de"|"Tina"|"Smith"|"F"|"989 Jeffery Isle"|"491.217.6960x5257"|"Geochemist"|"Gonzalez-Madden"|"1994-05-04"
"7ccb22b5-a3a9-4120-bdab-ecf2ebafaa3f"|"Timothy"|"Hall"|"M"|"302 Douglas Springs"|"(504)210-6985"|"Scientist, research (medical)"|"Oneill-Watson"|"1949-05-21"
"3994920f-1270-44f0-a5dc-157fda9cd79e"|"Donna"|"Hanson"|"F"|"872 Porter Overpass"|"(341)810-7794"|"Occupational therapist"|"Anderson, Mcdonald and Wallace"|"1975-02-19"
"dbe55d97-c35c-41b4-b406-5b287af14a97"|"Nancy"|"Cunningham"|"F"|"191 Hernandez Parkways Suite 200"|"+1-692-990-5187"|"Engineer, electrical"|"Diaz, Rose and Holland"|"1999-02-03"
"05b8022a-b8fb-4b0a-add5-6415b5b9def2"|"Kaylee"|"Burns"|"F"|"738 Anderson Parkways"|"801.435.1008x33453"|"Child psychotherapist"|"Munoz, Bailey and Holt"|"1985-11-07"
"e097710d-1495-4c00-a099-cb4e33a0e615"|"Michael"|"Allen"|"M"|"622 Ashley Landing"|"491-823-0662x436"|"Trading standards officer"|"Cook PLC"|"1964-03-12"
"089f0abe-b69e-4b14-b016-ffc2dca89b66"|"Anthony"|"Scott"|"M"|"129 Amanda Curve"|"495-622-2222x411"|"Systems analyst"|"Leonard-Lewis"|"2020-01-01"
"d6c07ae0-cb45-4ea7-8102-773f00a48974"|"Jeffrey"|"Cochran"|"M"|"881 Barron Hollow"|"+1-624-418-4526x9793"|"Sales executive"|"Brady Inc"|"2011-03-24"
"7e51c7ac-dd4e-4ce4-a25a-178da5b8dee3"|"Taylor"|"Powers"|"M"|"398 Robert Way"|"001-244-225-5062x2750"|"Social researcher"|"Dodson-Moreno"|"1988-02-12"
"540ac6f1-760f-41dd-95cd-c412e706f9e0"|"George"|"Buchanan"|"M"|"479 May Rest Suite 582"|"(868)333-7266"|"Production assistant, television"|"Hess, Williams and Nelson"|"1991-02-08"
"4f597dc7-7dab-42db-b271-ed6c7f5e19bd"|"Shirley"|"Dunn"|"F"|"686 Brian Course"|"(455)448-2293x654"|"Scientist, research (life sciences)"|"Williams, Brennan and Johnson"|"1992-04-13"
"956a3186-1683-4df9-a2db-2e5452cfe55e"|"Anita"|"Ramos"|"F"|"214 Michelle Isle Apt. 431"|"718-599-8616"|"Technical brewer"|"Harris-Miller"|"1924-07-18"
"2694b3f4-fbcf-4147-98b4-07569d02dd62"|"Matthew"|"Johnson"|"M"|"6 Simpson Mill Apt. 030"|"(512)952-5306"|"Development worker, community"|"Hood LLC"|"1921-12-07"
"889dd79f-6707-4c02-a872-1a7a2f198200"|"Jessica"|"Allen"|"F"|"594 Jacobs Ports Suite 715"|"450-838-4318"|"Publishing rights manager"|"Baker Inc"|"1939-12-23"
"862dab56-345a-43ee-b019-e62a4420b2f9"|"Gregory"|"Velez"|"M"|"262 Smith Ranch Suite 211"|"739-320-0349"|"Conservation officer, nature"|"Saunders-Dixon"|"1981-11-16"
"185e0a69-4762-4ffc-a900-67fb3b7886d4"|"Kara"|"Hernandez"|"F"|"315 Matthew Valleys Suite 832"|"(365)440-5482x420"|"Surveyor, building control"|"Moreno, Edwards and Myers"|"1948-09-13"
"f2a73fa7-daf1-43ec-b5d0-630e09244100"|"Christina"|"Davis"|"F"|"65 Michael Circles Suite 720"|"287-254-8536"|"Scientist, audiological"|"Jones LLC"|"1992-03-03"
"155e3448-721c-4cf2-b5eb-7bd7feab33ba"|"Brandi"|"Glover"|"F"|"404 Diana Point"|"001-783-792-5861"|"Social researcher"|"Caldwell, Jones and Villanueva"|"2015-01-31"
"f5417c4e-cdda-43a2-892a-65584a5d637f"|"Justin"|"Goodwin"|"M"|"45 Jennifer Track"|"397.343.8357"|"Surgeon"|"Jones Group"|"1968-10-25"
"8107731d-7033-4f3e-b6ca-cf834c179e19"|"Robert"|"Watson"|"M"|"315 Amanda Curve"|"612.390.9867x903"|"Environmental health practitioner"|"Davis-Leblanc"|"1964-10-22"
"cf5fe53d-f3ce-4a6f-b397-0bbfec598044"|"Rita"|"Hanson"|"F"|"6 Elizabeth Creek Apt. 423"|"8775217295"|"Administrator, sports"|"Foster, Manning and Dean"|"1909-05-21"
"3b8341d9-1694-4772-ac02-e3f031925842"|"William"|"Hall"|"M"|"277 Alexis Freeway Apt. 358"|"001-940-780-8911x17996"|"Horticultural therapist"|"Dillon-Harrison"|"1916-10-08"
"104fae6f-76d2-4e35-a6b5-28aff79427ff"|"Nancy"|"Robinson"|"F"|"681 Michael Manor"|"685-487-1579x533"|"Volunteer coordinator"|"Velazquez-Douglas"|"1969-09-27"
"fe0c60d4-1314-4b80-9d49-14692d62a3a0"|"Teresa"|"Zhang"|"F"|"56 Morales Gardens Suite 197"|"614-636-4398"|"Animator"|"Krueger-Carey"|"1975-10-12"
"678138e9-705a-471e-bbe0-0d9519e477e2"|"Lisa"|"Espinoza"|"F"|"994 Ross Camp Apt. 134"|"663.790.0523"|"Ship broker"|"Cooper LLC"|"1942-12-05"
"2618b3ff-f8fe-4072-8df5-0e55c1c21213"|"Richard"|"Welch"|"M"|"121 Patricia Trafficway Apt. 188"|"+1-679-486-1240x3226"|"Trading standards officer"|"Frazier, Thompson and Horne"|"1994-08-05"
"eef5ec09-5961-4b1d-9946-536edb02ab98"|"Anna"|"Jones"|"F"|"782 Barry Shoal Suite 612"|"537.855.5504"|"Scientist, product/process development"|"Sullivan PLC"|"1993-06-07"
"48855cc6-c040-4c56-9ddf-9e8ab7e7ec84"|"Anthony"|"Torres"|"M"|"329 Catherine Cove"|"8348064086"|"Insurance underwriter"|"Warren and Sons"|"1954-05-24"
"e406e9fd-86e7-4371-93b5-7ae00d0ba7cd"|"Shane"|"Morris"|"M"|"862 Pham Ports"|"527.395.4838x69552"|"Clinical embryologist"|"Schultz-Kelly"|"1978-04-09"
"9bec8eb8-21dc-453d-9d99-fd9543527932"|"Roy"|"Hubbard"|"M"|"824 Charles Mall Apt. 745"|"681-677-6155x557"|"Financial controller"|"Conway, Gillespie and Miles"|"1918-09-01"
"113aef97-adf8-441b-9117-2eb4042819ff"|"Jodi"|"Cordova"|"F"|"69 Jennifer Track"|"001-687-790-0049x077"|"Operations geologist"|"Sparks Group"|"2001-07-24"
"0585e325-3810-407a-bfaf-f61e76b5a097"|"Brian"|"Smith"|"M"|"965 Donald Village Apt. 289"|"413.688.8013"|"Pharmacist, community"|"Romero, Larsen and Morgan"|"1996-09-24"
"0c9f57ea-891a-4b00-9e57-7178ab39b0d7"|"Shelby"|"Colon"|"F"|"769 Charles Extension Apt. 046"|"(302)648-0159x070"|"Administrator, sports"|"Hinton, Johnson and Rivera"|"1920-12-02"
"b76d8075-e468-4555-9911-09c1d7211432"|"Ashley"|"Berry"|"F"|"844 King Land"|"818-870-6652x1155"|"Lighting technician, broadcasting/film/video"|"Lucas and Sons"|"2019-06-07"
"25f5ed69-3f35-424d-bb99-4dc2c3cb7271"|"Lisa"|"Gonzalez"|"F"|"66 Andrew Street Apt. 107"|"(839)435-4825x958"|"Applications developer"|"Lee, Morrison and Ortiz"|"2020-12-20"
"fd2da7c2-b16e-46ce-996a-5776a119b82b"|"Jason"|"Gates"|"M"|"887 Yvette Loop"|"891.562.8145"|"Hospital doctor"|"Long, Smith and Walsh"|"1957-06-07"
"cf735217-5b6a-4552-bead-d09a94f5e5ea"|"Anthony"|"Benson"|"M"|"449 Yates Harbor Suite 905"|"+1-650-812-0410x02281"|"Lawyer"|"Proctor, Lopez and Singh"|"1932-05-20"
"e6d6fa8a-6da2-4fd5-95a6-a2824c975871"|"Matthew"|"Anderson"|"M"|"419 Barron Hollow"|"+1-217-435-0751x7353"|"Engineer, materials"|"Butler LLC"|"2001-08-01"
"4afbcf04-b980-4faf-b330-7b1d97877b79"|"William"|"Morgan"|"M"|"273 Arnold Cliffs"|"(398)772-0043"|"Geophysicist/field seismologist"|"Thompson, Sanchez and Gonzalez"|"1950-08-11"
"7ae05b4e-2fc7-49ce-be70-3bae01f0a90e"|"Taylor"|"Glover"|"F"|"772 Danielle Estates"|"516.947.3763"|"Ceramics designer"|"Brewer, Woods and Ayala"|"1969-05-11"
"c4696086-b0f4-4681-94db-c8a643cc258b"|"Devin"|"Matthews"|"M"|"404 Thomas Coves Suite 736"|"532-760-4198"|"Television production assistant"|"Hunt, Butler and Arias"|"1931-04-10"
"04ba2621-a149-494f-8c72-1f27eb0a783a"|"Kyle"|"Gallagher"|"M"|"183 Robert Way"|"001-492-786-7096x1025"|"Sub"|"Miller, Johnson and Marshall"|"1977-09-13"
"975aaf6a-2043-47e4-8419-0b4ba4b7d764"|"Christopher"|"Barnett"|"M"|"51 Kari Alley Suite 131"|"+1-463-793-7997x60584"|"Electrical engineer"|"Jensen and Sons"|"1945-12-15"
"f835fd82-b626-4e1a-8b2f-95088d49e9ed"|"Samantha"|"Sanders"|"F"|"61 Scott Valleys Suite 598"|"295.910.5918x8453"|"Jewellery designer"|"Smith-Shepard"|"1925-09-08"
"de0b69e5-9767-4d6f-a6a8-abdad1234964"|"Elizabeth"|"Crane"|"F"|"483 Daniel Plaza"|"001-459-300-7170x59408"|"Ranger/warden"|"Steele-Wright"|"1938-01-19"
"4883fbae-f5ea-4103-bcb4-1310a2b2e017"|"Philip"|"Nguyen"|"M"|"607 Anderson Parkways"|"001-616-749-2559x09904"|"Landscape architect"|"Smith-Shepherd"|"1955-03-05"
"93469cc3-9f83-49be-8349-b2a58ef48a85"|"Matthew"|"Foster"|"M"|"682 Amber Wells"|"(877)913-1436"|"Teacher, adult education"|"Jones LLC"|"1946-06-14"
"f7545507-ec29-434b-8fc3-a193eebb466a"|"Sarah"|"Harding"|"F"|"609 Johnson Plains Suite 376"|"854.531.1769"|"Journalist, broadcasting"|"Lee-Dalton"|"1908-06-18"
"6d868825-756a-4c82-8ff5-50a198bf33b5"|"Kim"|"Johnson"|"F"|"426 Yvette Loop"|"(964)684-5792"|"Scientist, product/process development"|"Leblanc Inc"|"1931-10-03"
"0e5b514b-a1e9-4982-bd86-2f4b7d668661"|"Gabriella"|"Gomez"|"F"|"672 Barry Shoal Suite 612"|"864.622.5812x413"|"Sales professional, IT"|"Hensley PLC"|"1954-05-31"
"2058d023-d93f-407e-8494-ef112c989a67"|"Robin"|"Matthews"|"F"|"861 Hernandez Parkways Suite 200"|"+1-865-792-4933x286"|"Nurse, mental health"|"Flowers Group"|"1933-10-18"
"992673b9-fd64-4c35-a480-7a41a608a639"|"Nicholas"|"Pittman"|"M"|"580 Jessica Mountains Suite 248"|"+1-219-642-3399x5873"|"Geophysicist/field seismologist"|"Taylor LLC"|"1932-05-06"
"391da49c-a89f-4ef2-86c3-ddbb75f1add9"|"David"|"Peterson"|"M"|"290 Thomas Wall Suite 035"|"354.543.6965x63908"|"Police Officer"|"TTPD"|"1941-08-21"
"ffbd1b4d-d2bc-490f-8e00-2e3f809b9935"|"Valerie"|"Fuller"|"F"|"135 Kari Alley Suite 131"|"256-787-5720x574"|"Fitness centre manager"|"Peterson Group"|"2015-07-08"
"f2055151-6391-411f-8f49-2183cd38f111"|"Karen"|"Jones"|"F"|"794 Cox Turnpike Apt. 083"|"752-711-7246"|"Pharmacist, hospital"|"Lowery, Bell and Johnson"|"1995-08-08"
"3006b3fd-8a7f-47b5-9332-c4cdecc5d099"|"James"|"Robinson"|"M"|"133 Alexandra Bridge Suite 474"|"712.678.3083"|"Mudlogger"|"Johnson, Hartman and Barker"|"1932-10-30"
"c3578106-41c3-4531-8c56-cb3be02d523b"|"Sandra"|"Gonzalez"|"F"|"653 Marquez Lane"|"(911)238-5134"|"Actor"|"Miller, Johnson and Moss"|"1993-04-14"
"0b80a378-777c-46bc-8c80-44a77aa0d088"|"Oscar"|"Nichols"|"M"|"23 Aimee Circles"|"001-791-992-3701x08941"|"Pilot, airline"|"Rose-Avery"|"2015-08-03"
"01bd8434-26f8-4537-840d-9fc1ba70bb57"|"Brendan"|"Cordova"|"M"|"106 Evans Ports Suite 383"|"430.768.2274"|"Public affairs consultant"|"Moore-Reed"|"2014-06-13"
"dd615c9f-68b5-4f58-b5ad-efd6380e338d"|"Michael"|"Ramirez"|"M"|"875 Johnson Lake"|"333-303-5345"|"Surveyor, minerals"|"Wright and Sons"|"1916-09-06"
"ab6db2f6-42af-4275-b67a-20cee1b77b56"|"Jared"|"May"|"M"|"39 Morales Gardens Suite 197"|"497-297-8102"|"Information officer"|"Blair and Sons"|"1912-04-16"
"fa820eb5-5cbb-4ba3-884d-20fe9dcdbce0"|"Jesus"|"Benson"|"M"|"242 Julia Station"|"+1-812-444-6878x838"|"Psychologist, educational"|"Wall PLC"|"1964-07-25"
"4c99afb5-c9ea-47f7-b3c6-56729097cb8c"|"Krista"|"Welch"|"F"|"117 Johnson Throughway"|"001-515-205-0300x61472"|"Social researcher"|"Johnson PLC"|"1952-05-21"
"875276eb-8acd-49bd-882b-16734c1b77f8"|"Jeremy"|"Mitchell"|"M"|"468 Hood Loop Apt. 276"|"3582103402"|"Fine artist"|"Phillips-Chambers"|"1984-10-13"
"aa3916c8-d50e-42fb-8dad-533b6655541a"|"Laura"|"Patrick"|"F"|"694 Castillo Underpass Apt. 535"|"629.687.2433x0020"|"Diplomatic Services operational officer"|"Gomez Group"|"1957-12-31"
"20989480-968c-47a9-af5b-0edefcb3bd58"|"William"|"Rhodes"|"M"|"226 Jeffrey Run"|"001-892-348-6978x3601"|"Television production assistant"|"Knox-Quinn"|"2004-03-23"
"87237e7f-c1a1-4f8d-b9ec-8c4c94e914e8"|"Michelle"|"Conway"|"F"|"137 Barron Hollow"|"378.959.0758x332"|"Accounting technician"|"Weeks-White"|"1996-08-18"
"8994c499-f27b-479e-b38c-0daa6033d548"|"Lisa"|"Fisher"|"F"|"156 Michelle Isle Apt. 431"|"(234)965-7472"|"Therapist, nutritional"|"Martinez Group"|"1957-08-01"
"3efc5b12-edaa-41cb-b571-daa1d9bb500a"|"Nicole"|"Shields"|"F"|"179 Julia Station"|"609.357.7762x066"|"Nature conservation officer"|"Kline LLC"|"1962-12-26"
"30abd4ca-3757-427a-b3cc-c7a11f7864e2"|"Ryan"|"Bond"|"M"|"505 Arnold Cliffs"|"+1-473-338-5870x87375"|"Chemist, analytical"|"Lowery LLC"|"1974-05-27"
"cfd1c937-0ed4-4f5d-a0cb-2c252f8c6cb8"|"Crystal"|"Lopez"|"F"|"550 Quinn Divide"|"352-969-5036"|"Dancer"|"Kaufman-Cox"|"1912-12-20"
"752aeedd-05d8-4533-8fb6-5325d8f26979"|"Juan"|"Freeman"|"M"|"103 Jessica Mountains Suite 248"|"724.701.8851x0015"|"Leisure centre manager"|"Rangel and Sons"|"1919-02-06"
"8d0692e1-67c9-4743-bc30-4de7cac1f275"|"Deborah"|"Fuller"|"F"|"468 Evans Ports Suite 383"|"(393)395-8772x041"|"Psychotherapist, child"|"Fox, Cunningham and Gutierrez"|"1965-02-04"
"df307057-d0f3-42b9-85dc-15e47b2b7260"|"Terry"|"Welch"|"M"|"950 Castillo Underpass Apt. 535"|"522.364.6101"|"Legal secretary"|"Gardner, Barr and Walton"|"1993-03-08"
"b8acb89e-50d3-4a1a-9423-1d22fe5d834a"|"Roberto"|"Padilla"|"M"|"376 Catherine Cove"|"(203)680-8291x4114"|"Designer, blown glass/stained glass"|"Cook Ltd"|"1910-02-13"
"c30a45e5-5f6d-40da-b5cb-c0473042861b"|"Nancy"|"James"|"F"|"815 Jonathan Place"|"001-476-497-8264x66020"|"Police Officer"|"TTPD"|"2011-05-06"
"73c87770-0283-4651-80d1-43ccd3684e21"|"Craig"|"Willis"|"M"|"334 Morales Gardens Suite 197"|"001-857-657-8901x54236"|"Retail buyer"|"Walker PLC"|"2013-05-10"
"87afe800-7391-4be0-b675-e859a9e6b54e"|"Bruce"|"Flynn"|"M"|"176 Thomas Ford"|"699-422-5850"|"Chief Technology Officer"|"Mckee-Avery"|"1913-06-19"
"2f2daed6-fcd3-4818-a77e-ae47b3ba30b7"|"Tracy"|"Little"|"M"|"826 Hensley Park Suite 873"|"001-625-813-2912x137"|"Herpetologist"|"Aguilar Group"|"1949-12-19"
"65bf0d47-d788-4ff4-a49e-c985c6c8389e"|"Lydia"|"Norman"|"F"|"752 Moore Crossroad Apt. 549"|"898.237.3043x09516"|"Engineering geologist"|"Soto-Brady"|"1923-12-13"
"166412db-d11d-4b69-a45f-3b191d3bf66c"|"Dana"|"Jackson"|"F"|"71 Dakota Extensions"|"001-426-678-9778"|"Sports development officer"|"Vance Ltd"|"1961-12-06"
"a0eb9635-3478-42bb-8f8d-96188e8f2050"|"Gregory"|"Howard"|"M"|"546 Hernandez Parkways Suite 200"|"+1-652-398-9965x5512"|"Hospital pharmacist"|"Mann-Cobb"|"1946-05-08"
"8e5621ec-9cd5-4ef6-9482-3924ad93deb4"|"Kyle"|"Nguyen"|"M"|"600 Haney Prairie Suite 518"|"001-745-685-7999x551"|"Technical author"|"Flores LLC"|"1985-06-22"
"e0960b67-044d-45f3-9b49-87fd8e47370e"|"Kenneth"|"Smith"|"M"|"790 Jordan Vista Apt. 756"|"647.300.0873x8677"|"Insurance underwriter"|"Durham and Sons"|"1962-07-26"
"4dd10df6-daca-4bb6-9b79-7a33c04eec1b"|"Alexander"|"Velez"|"M"|"701 William Avenue"|"+1-458-934-8234x8742"|"Civil engineer, contracting"|"Harris Inc"|"1964-09-22"
"a085670f-9bf0-4dcc-94b9-58081126f6d7"|"Shaffer"|"Wallace"|"F"|"605 Cox Turnpike Apt. 083"|"667.824.6530x9917"|"Police Officer"|"TTPD"|"1921-06-05"
"91de12ba-426a-4c2e-8fc3-704814b9120b"|"Judy"|"Joseph"|"F"|"207 Oneal Underpass"|"+1-827-869-3727"|"Town planner"|"Reynolds-Stewart"|"2001-03-11"
"255e8925-aac2-4534-ace0-becf6d0f339e"|"Steve"|"Morris"|"M"|"877 Robert Way"|"+1-840-412-5819"|"Glass blower/designer"|"White-Perez"|"1933-07-14"
"18b67fe2-d08c-499e-9449-995cd3cd64a5"|"Dakota"|"Sparks"|"M"|"153 Weeks Meadow Suite 683"|"(263)205-5978x57280"|"Television floor manager"|"Hernandez Inc"|"1980-09-10"
"1aacd751-073e-4d7a-85e7-b7a5811b6b1a"|"Kayla"|"Curry"|"F"|"817 Catherine Cove"|"(742)854-2282"|"Art gallery manager"|"Johnson Inc"|"2005-01-04"