"id"|"first_name"|"last_name"|"sex"|"address"|"phone_number"|"profession"|"company"|"date_of_birth"
"ee2b09d2-08ef-4c77-a337-4450443c235d"|"Tyrone"|"Tyler"|"M"|"388 Thomas Wall Suite 035"|"705-995-7647x110"|"Engineer, electronics"|"Glenn-Jones"|"1931-11-07"
"bac49b10-54d6-4dbc-ac07-e2c6ecc9d14c"|"Annette"|"Foster"|"F"|"497 Cox Turnpike Apt. 083"|"612.877.8555"|"Investment banker, corporate"|"Price, James and Young"|"1927-04-15"
"ea63ae3b-814d-4c02-b333-c7c492e2160b"|"Barbara"|"Hanson"|"F"|"82 Andrew Street Apt. 107"|"809.386.1038x81931"|"Scientist, water quality"|"Bradley-Terry"|"1987-06-24"
"493b64e8-b01c-4ddc-af37-144599ec5301"|"Seth"|"Torres"|"M"|"924 Catherine Cove"|"436.705.2047x122"|"Secretary, company"|"Proctor Inc"|"1965-03-18"
"ece3ee12-9002-4583-87eb-cafcd61260d4"|"Jacob"|"Moore"|"M"|"591 Aimee Circles"|"(439)865-3417"|"Ergonomist"|"White-Mcdowell"|"2014-03-16"
"3ab1d2d9-d037-4a26-ae41-e8c6fecad0d4"|"Gary"|"Peterson"|"M"|"617 Jacobs Ports Suite 715"|"601-914-9307x7765"|"Engineer, electronics"|"Phillips-Oliver"|"1955-07-16"
"c00717e0-76b5-4587-be08-3869502705f8"|"Alexis"|"Hooper"|"F"|"309 Ortiz Brooks"|"001-296-741-7313x3740"|"Health promotion specialist"|"Lewis Group"|"1972-01-27"
"a32d6374-a109-4e10-a988-b22a5880c397"|"Christina"|"Steele"|"F"|"28 Charles Extension Apt. 046"|"2545123501"|"Research scientist (physical sciences)"|"Austin-Lewis"|"2018-09-18"
"20bad5bb-cbc3-4ee8-be28-0f2c1c7d07ba"|"Frances"|"Cochran"|"F"|"202 May Rest Suite 582"|"001-596-916-0484x37619"|"Operations geologist"|"Peck LLC"|"2002-04-03"
"c3e01143-f1e3-497d-b727-560e4b162de5"|"Nathan"|"Orozco"|"M"|"923 Charles Mall Apt. 745"|"001-984-672-3686x42309"|"Trade mark attorney"|"Charles-Summers"|"1975-01-05"
"fc338530-58d3-4b06-9108-86f50063d287"|"Chelsea"|"Floyd"|"F"|"799 Daniel Plaza"|"001-759-396-2696"|"Radiation protection practitioner"|"Fuentes, Davila and Brewer"|"1911-04-09"
"63919d2c-a8db-4dc4-b5b2-36fd4fcd09c2"|"Christopher"|"Hughes"|"M"|"818 Jeffery Isle"|"(521)328-5107"|"Actuary"|"Sanchez-Chandler"|"1924-04-03"
"93c95dbf-0d41-4d40-bcb6-eb4a89dcd082"|"Latoya"|"Murray"|"F"|"602 Marquez Lane"|"+1-859-548-2650"|"Lighting technician, broadcasting/film/video"|"Turner-Sutton"|"1994-10-07"
"12afa38a-91da-42bf-a357-c1a4d7d447b6"|"Alex"|"Holmes"|"M"|"170 Brian Course"|"752-631-1123"|"Manufacturing engineer"|"Lewis PLC"|"1967-01-16"
"2b297d13-1069-4301-aff1-e42133db96fd"|"Denise"|"Smith"|"F"|"394 Christopher Ways"|"9246734962"|"Designer, blown glass/stained glass"|"Wilson Inc"|"1922-03-17"
"1c28b1ec-7e28-42f3-b812-7c17a1ad0ea4"|"Tracy"|"Phillips"|"F"|"505 Alexandra Bridge Suite 474"|"001-377-716-1184"|"Air traffic controller"|"Neal, Thompson and Rose"|"1909-01-02"
"54d81a41-9f8b-42ec-b466-a5bd42a4a858"|"Nancy"|"Long"|"F"|"664 Ortiz Brooks"|"+1-586-490-2528x32560"|"Administrator, Civil Service"|"Smith-Ramirez"|"1944-03-19"
"c7ce582d-c1d4-42be-808e-7aa0b0a40e22"|"Loretta"|"Li"|"F"|"369 Garcia Road Suite 143"|"517.608.3095x722"|"Data processing manager"|"Torres and Sons"|"2016-09-18"
"051bddd0-1046-4bd3-8be2-bc19bc7fa8c4"|"Joseph"|"Fisher"|"M"|"655 Thomas Ford"|"875-348-8828"|"Armed forces training and education officer"|"Simmons-Cain"|"1913-06-03"
"4ef83e3e-abe2-4dd0-b267-485dca309677"|"Brian"|"Gonzalez"|"M"|"625 Heather Garden Suite 383"|"844-304-8038x3472"|"Accountant, chartered public finance"|"Knight Inc"|"1928-08-03"
"8ba93740-1f23-40f6-a9ff-186a5fbccd6e"|"Samuel"|"Baker"|"M"|"993 Jennifer Track"|"6622903016"|"Psychologist, sport and exercise"|"Hudson-Durham"|"1999-03-30"
"3b5f768f-ce04-4d3a-bf23-4ac46f7eb1d5"|"Rebecca"|"Orozco"|"F"|"397 Julia Station"|"883.391.4330x3862"|"Lecturer, further education"|"Nelson Ltd"|"1929-11-04"
"9c3b759a-f413-4a2d-a166-3220732a846e"|"Katelyn"|"Bryant"|"F"|"16 Robert Way"|"648-969-4569x585"|"Radio broadcast assistant"|"Castaneda-Chapman"|"1958-04-30"
"c2a6bb2c-0ab4-402d-bb14-b69ea9717058"|"Michelle"|"Aguilar"|"F"|"45 Andrew Street Apt. 107"|"244-767-5665x50968"|"Insurance broker"|"Lloyd, Brooks and Harris"|"1953-08-03"
"a4d6cece-eb15-4604-b5da-8ccf3e8d3de9"|"Maria"|"Allen"|"F"|"336 Simpson Mill Apt. 030"|"+1-620-217-5573x3190"|"Ophthalmologist"|"Smith, Wood and Matthews"|"1932-07-19"
"dda02fbf-8a2c-4bd0-9ebe-0c792657c983"|"Jesus"|"Pena"|"M"|"759 Weeks Meadow Suite 683"|"001-270-302-0913x718"|"Chemical engineer"|"Lane-Gonzalez"|"1917-09-05"
"84abb662-b454-4be9-a091-9ba5c8fe2d56"|"Tracey"|"Smith"|"F"|"233 Monica Burgs Suite 695"|"001-502-613-1467x972"|"Geologist, wellsite"|"Allison Group"|"1978-01-12"
"e197a366-779d-4f4e-a2ca-1a137fabd842"|"Molly"|"Henderson"|"F"|"806 Christine Gateway"|"287-442-8640x29057"|"Psychologist, occupational"|"James, Camacho and Burke"|"1993-01-23"
"3a34b985-1783-44b6-a6e8-7e27bf18c10d"|"Jason"|"Roy"|"M"|"814 Gray Walks Apt. 075"|"001-556-795-0072x574"|"Health service manager"|"Faulkner, Harrison and Castaneda"|"2021-02-06"
"96c99b56-7b7c-4f2a-8a31-6baae9885c76"|"Gabriel"|"Hale"|"M"|"514 John Fall Apt. 476"|"3806309719"|"Warehouse manager"|"Thompson, Escobar and Mcgee"|"1918-09-19"
"51519b5b-845a-48b6-9049-17a219ff6dd4"|"Jessica"|"Alvarez"|"F"|"444 Martinez Grove Apt. 125"|"(659)628-1472x7604"|"Surveyor, hydrographic"|"Travis-Bradshaw"|"1918-05-31"
"51b1bc68-fd96-4f3e-a019-b1ec1e229a70"|"Ann"|"Snyder"|"F"|"721 Johnson Lake"|"518.555.5078"|"Pharmacist, community"|"Cuevas LLC"|"2021-07-13"
"bd31cf8c-9516-4c05-b51c-e56e46c6e0eb"|"Thomas"|"Roberts"|"M"|"425 Jones Cliffs Suite 657"|"+1-371-747-2179"|"Herbalist"|"Garrett, Washington and Avila"|"1949-05-21"
"b754baad-7a14-4c8c-a2ce-568b3c8c8238"|"Mary"|"Terry"|"F"|"894 Hernandez Parkways Suite 200"|"+1-582-801-6795x52369"|"Police Officer"|"TTPD"|"1967-11-11"
"fb09f16e-c2e1-43e0-9eef-a05016470878"|"Patricia"|"Skinner"|"F"|"429 Banks Curve Apt. 123"|"953-812-4305x16171"|"Hospital doctor"|"Russell-Mason"|"1995-05-30"
"b067ad24-85ba-4a2f-b4fb-eb7050ccaa35"|"Seth"|"Rhodes"|"M"|"308 Jones Courts Apt. 083"|"(536)257-8849x1088"|"Water quality scientist"|"Brown-Adams"|"1933-05-06"
"7801f632-626f-4fe6-9353-f6accc566fa5"|"Justin"|"Phillips"|"M"|"449 Patricia Row"|"9534615685"|"Scientist, marine"|"Rangel-Ramirez"|"1934-12-23"
"9d7ce5ff-5960-4d1c-baf3-d834b38c5201"|"Matthew"|"Hernandez"|"M"|"132 Jones Courts Apt. 083"|"001-254-279-5080x59989"|"Waste management officer"|"Lee-Fisher"|"2018-05-27"
"18a6b8d3-ea27-4a56-88a5-d8641ff7ea1b"|"Tammy"|"Fisher"|"F"|"81 Jones Courts Apt. 083"|"+1-334-662-0941"|"Mudlogger"|"Green, Burns and Davis"|"1922-06-26"
"a7c65d99-44a6-4f60-b100-cb963a8f08c6"|"Michael"|"Young"|"M"|"864 Alexandra Bridge Suite 474"|"372.898.9718x1287"|"Lecturer, further education"|"Freeman-Delacruz"|"1979-05-22"
"03a6ffb9-832b-40ac-975c-8d456cf1e259"|"Tina"|"Davis"|"F"|"531 Nicole Via"|"231.450.9020x943"|"Engineer, civil (contracting)"|"Reed, Cordova and Jackson"|"1910-01-24"
"f7cfb59f-9f5d-467f-9e99-be22b9ff1744"|"Melissa"|"Martin"|"F"|"480 Higgins Port Apt. 001"|"8737937914"|"Sub"|"White-Brown"|"1937-02-10"
"d473ead2-4e8f-40c4-b56f-c1aaacdf7d87"|"Victoria"|"Andrews"|"F"|"531 Robert Way"|"(893)404-0595"|"Town planner"|"Cooper Ltd"|"1909-04-30"
"21e2872b-bc85-4c2f-9b14-0c86c26434bd"|"Daniel"|"Harding"|"M"|"607 Weeks Meadow Suite 683"|"+1-680-516-8994x3912"|"Telecommunications researcher"|"Roy-Byrd"|"1983-05-10"
"d345d3d0-f572-46a5-b639-ce6f5fd10318"|"Natasha"|"Steele"|"F"|"881 Quinn Divide"|"3005468779"|"Administrator, arts"|"Barton, Holmes and Avery"|"1924-08-16"
"706f368b-ee39-4e6f-a3d4-598372322d44"|"Karen"|"Craig"|"F"|"25 Bruce View Suite 976"|"450.643.1747x506"|"Chief Technology Officer"|"Bennett-Good"|"2014-08-19"
"28604322-79ab-46c8-8943-124391331268"|"Eric"|"Pittman"|"M"|"282 Douglas Springs"|"871.679.2496x8256"|"Psychologist, forensic"|"Warner-Johnson"|"2006-09-06"
"1f4ef592-a787-494b-89cf-d0c18e67b171"|"Holly"|"Torres"|"F"|"335 Porter Overpass"|"305.870.0841"|"Equality and diversity officer"|"Higgins-Murray"|"1981-03-18"
"e769fb8d-96ff-4399-b101-a0722fbf66b8"|"Jordan"|"Espinoza"|"M"|"127 Elizabeth Creek Apt. 423"|"3439658170"|"Contracting civil engineer"|"Cook, Bowen and Shah"|"1912-12-28"
"12331321-5cd6-42db-8a7e-28dcc3141968"|"Victor"|"Lopez"|"M"|"694 Shelton Run"|"(309)550-6437x353"|"Programmer, multimedia"|"Richardson, Clark and Turner"|"1912-05-28"
"722631bb-efa7-4dee-81c2-836003755782"|"Jerome"|"Cunningham"|"M"|"152 Moore Crossroad Apt. 549"|"627.680.6154"|"Outdoor activities/education manager"|"Jenkins PLC"|"1987-08-24"
"ef0d0427-80f9-409f-a959-14f5114a669a"|"David"|"Barnett"|"M"|"163 Monica Burgs Suite 695"|"+1-407-318-1379x95887"|"Audiological scientist"|"Gomez-Johnson"|"2003-07-12"
"0c0b9b82-e731-44b2-bec2-401ae8578c21"|"Mariah"|"Franklin"|"F"|"568 Michael Circles Suite 720"|"7663123663"|"Retail merchandiser"|"Fischer, Garcia and Hayes"|"2015-07-09"
"d0bc4a44-7689-458b-8a05-744a2a019862"|"Susan"|"Barnes"|"F"|"602 John Fall Apt. 476"|"2067464708"|"Teacher, primary school"|"Jones PLC"|"1965-03-18"
"1a08b3e3-aca2-408c-9f07-aa102637513b"|"Veronica"|"White"|"F"|"665 Warner Circle"|"645-557-6825"|"Waste management officer"|"Robinson, Deleon and Lewis"|"1961-03-06"
"223f8fd1-1e47-4be4-a937-ee870807014d"|"Brenda"|"Spencer"|"F"|"303 Hood Loop Apt. 276"|"4209855975"|"Radio broadcast assistant"|"Webster, Santiago and West"|"1935-07-26"
"e06fb3e1-215d-4f03-9416-7ce90cb86959"|"Brandi"|"Craig"|"F"|"354 Alexis Freeway Apt. 358"|"881-290-3903x2823"|"Air cabin crew"|"Lopez Ltd"|"1981-04-22"
"122b0b78-a310-4e53-8b40-efb3f30dd3e8"|"Sarah"|"Mendoza"|"F"|"824 Parks Trace Suite 497"|"420.403.9381x08442"|"Best boy"|"Thompson PLC"|"1972-11-28"
"e0ad2645-2fb7-4a5c-9387-0e1f5869ec88"|"Billy"|"Richardson"|"M"|"509 Lynn Lake Suite 253"|"001-746-319-9790x829"|"Designer, exhibition/display"|"Morris Inc"|"1961-12-29"
"9c6b048e-87cf-4b3a-a375-fa1cd92deccc"|"Tiffany"|"Skinner"|"F"|"993 Smith Ranch Suite 211"|"249.807.1099x692"|"Agricultural consultant"|"Sanchez-Hendricks"|"1909-04-16"
"660f1ca2-4747-483a-97a6-3d523a485c4c"|"Amy"|"Phillips"|"F"|"104 Garcia Road Suite 143"|"8689641767"|"Health service manager"|"Perez LLC"|"1952-10-04"
"23528b05-df4b-45f6-89e8-735e13331679"|"Darlene"|"Bond"|"F"|"4 Robert Way"|"658-856-8001x5797"|"Therapist, speech and language"|"Martin, Jensen and Smith"|"1999-07-17"
"3c6f40b9-e660-4976-b74d-4f2955391253"|"Donald"|"Barnes"|"M"|"290 Charles Extension Apt. 046"|"+1-277-966-5221x9628"|"Teaching laboratory technician"|"Carter-Long"|"2003-10-26"
"354a5a0d-c69a-4c25-aad0-c85eb7bcb14e"|"Jimmy"|"Lopez"|"M"|"840 Jeffery Spur Suite 411"|"544.246.5531"|"Buyer, retail"|"Hogan, Shelton and Schmidt"|"1932-09-24"
"12b9c04a-1021-4e6d-aab2-9d15bd1b3c1f"|"Terri"|"Smith"|"F"|"624 Ashley Landing"|"+1-884-313-3885x76230"|"Chartered accountant"|"Park, Stafford and Griffin"|"1931-11-28"
"4e70cd03-4438-41fc-9a93-803c73f52ad2"|"Laurie"|"Strickland"|"F"|"362 Jackson Harbors Suite 257"|"955.860.1234"|"Barrister's clerk"|"Kelly Group"|"2002-08-02"
"c0945a4f-b19e-4200-8506-6657743be79d"|"Jeremy"|"Lee"|"M"|"47 Marquez Lane"|"(972)779-6655"|"Designer, ceramics/pottery"|"Lopez PLC"|"2002-04-16"
"9addc3dd-5bba-41e6-9bb3-06a595c27ca9"|"John"|"Pittman"|"M"|"245 Brian Course"|"9617579891"|"Newspaper journalist"|"Oliver, Reid and Roberts"|"2024-04-24"
"d17e3540-d71a-4204-81d7-c1d840fb8bd1"|"Oscar"|"Shelton"|"M"|"926 Lewis Trace"|"+1-208-396-1140x181"|"Engineer, civil (contracting)"|"Vargas-Powell"|"1918-05-25"
"57aadb37-2111-4aca-9fa7-d4fc005246c9"|"Andrea"|"Brown"|"F"|"460 Jonathan Place"|"(480)281-1682"|"Advertising account executive"|"Thomas, Edwards and Russo"|"2020-05-06"
"05b4c49e-6507-4e83-b16d-2740c392c3fc"|"Mia"|"Hicks"|"F"|"195 Smith Avenue Apt. 759"|"(364)650-9726"|"Printmaker"|"Rios-Roberts"|"1998-09-17"
"1e21e83b-4a0e-40e7-b19a-28b28e6dddd1"|"Shannon"|"Casey"|"F"|"358 Day Inlet"|"001-848-646-1800x688"|"Research officer, trade union"|"Miles PLC"|"2011-05-02"
"9977295d-1ab9-4a84-b56c-10124044aed1"|"Elizabeth"|"Weiss"|"F"|"457 William Avenue"|"359.939.5355"|"Herbalist"|"Perry, Ballard and Crawford"|"1958-09-18"
"a5b99ed7-bdc0-4390-ad8c-037e8ac37d32"|"Amber"|"Weiss"|"F"|"400 David Passage Suite 979"|"2505579645"|"Agricultural engineer"|"Byrd, Miller and Warren"|"1974-07-06"
"fac28067-dfe2-49e7-8e5f-1167c2a5a1b8"|"William"|"Jackson"|"M"|"225 Brian Course"|"739.350.5464x2925"|"Lawyer"|"Fitzgerald-Russell"|"1940-03-04"
"3752c341-8470-455a-889d-c0fc2d1f5283"|"Louis"|"Drake"|"M"|"512 Christopher Tunnel"|"985.945.1767x305"|"Police Officer"|"TTPD"|"1955-05-16"
"1b04b809-64a9-47cc-ab55-2fed241f0c4e"|"Christopher"|"Castaneda"|"M"|"31 Hanson Port"|"(263)716-0401x3723"|"Theme park manager"|"Ingram-Mason"|"1998-05-24"
"3522463e-9ae6-4f3f-89e2-0301d9c87550"|"David"|"Torres"|"M"|"182 Yvette Loop"|"001-984-395-3801"|"Radiographer, therapeutic"|"Farmer, Smith and Haynes"|"2009-04-24"
"430c6748-96e1-43ea-abc1-4ef92a7634d3"|"Ryan"|"Blair"|"M"|"877 Pham Ports"|"(811)207-8767"|"Electronics engineer"|"Stevens, Ward and Kelley"|"1980-08-04"
"5b4e41a4-a5e8-4507-937a-040fc5cbfea4"|"Dennis"|"Rivera"|"M"|"716 Robinson Highway"|"328.989.6105"|"Horticulturist, amenity"|"Foster Ltd"|"1983-06-02"
"7e6abf50-15a2-4054-b940-c4c9b1538853"|"Randy"|"Harding"|"M"|"669 Hood Loop Apt. 276"|"278-780-6615"|"Information systems manager"|"Anthony LLC"|"2007-10-08"
"ef3dfaa6-09e2-40bf-a7d3-d3145ae4630b"|"Michael"|"Benson"|"M"|"20 Ward Parkway Apt. 076"|"981-371-4201"|"Medical laboratory scientific officer"|"Wilkinson Inc"|"2019-01-15"
"6160c01e-db0a-4a37-85c8-3339a61a8ef1"|"Thomas"|"Sparks"|"M"|"709 Thornton Land Suite 697"|"(535)270-5544x45138"|"Records manager"|"Dixon Group"|"1979-03-15"
"b8352335-16ee-426a-991f-3d511e983b35"|"Trevino"|"Phillips"|"M"|"572 Ross Camp Apt. 134"|"+1-765-533-6671x88862"|"Psychologist, prison and probation services"|"Robinson LLC"|"1989-06-12"
"01d3c691-4dbe-4f20-a498-5b0b05e9676f"|"Vaughan"|"Howard"|"M"|"456 Jessica Mountains Suite 248"|"001-841-873-5504x6734"|"Holiday representative"|"Johnson-Vazquez"|"1983-12-12"
"84b1d7a9-f305-460c-8e6d-b8ee739c7646"|"Stephen"|"Rivera"|"M"|"398 Catherine Cove"|"259.335.9587x6406"|"Nature conservation officer"|"Trevino Group"|"1994-07-03"
"6c9e0849-1223-4fd2-a55c-c60c4e81b6a0"|"Crystal"|"Suarez"|"F"|"859 Martin Field"|"001-323-975-0735"|"Corporate treasurer"|"Nolan, Foster and Holloway"|"1948-01-01"
"8d2bf68e-cd1d-4e71-9d92-5fe752c639be"|"Charles"|"Walker"|"M"|"702 Davenport Fords"|"+1-749-767-9984"|"Building control surveyor"|"Henderson Ltd"|"1933-12-15"
"4cf30ba7-d520-4f70-9af1-1aa6e9e82141"|"Courtney"|"Mitchell"|"F"|"578 Anderson Parkways"|"3293688520"|"Retail merchandiser"|"Gibson-Smith"|"1911-11-03"
"cd526f33-b2f2-4c7e-afe9-fc6fb1df6d7e"|"Jill"|"Willis"|"F"|"652 Catherine Lock"|"618.811.2288"|"Product manager"|"Glenn, Soto and Lopez"|"1957-04-18"
"6749976d-a3ad-4cc2-af73-2f98ac1431ca"|"Steve"|"Orozco"|"M"|"716 Tara Inlet"|"593-444-4722x41608"|"Barrister's clerk"|"Smith, Nichols and Ford"|"1964-02-13"
"29656d5a-9263-4934-8f4c-5e7c3428845b"|"Brooke"|"Fisher"|"F"|"703 Johnson Plains Suite 376"|"001-332-943-8071x13499"|"Quality manager"|"Coleman-Casey"|"1911-02-11"
"264f829b-d0b7-4afc-8f9e-8e58b8a56e93"|"William"|"Barnes"|"M"|"752 Thomas Ford"|"001-958-827-9501x563"|"Engineer, agricultural"|"Miller-Beard"|"2006-05-09"
"10663ab8-d1a1-4da3-80d3-20ed594be578"|"Jeremy"|"Zuniga"|"M"|"412 Johnson Plains Suite 376"|"(419)556-5048"|"Public affairs consultant"|"Hunter, Ballard and Hall"|"1916-06-21"
"53ecd4a7-41ff-4c57-babd-b7a7d0c0383f"|"James"|"Moore"|"M"|"417 Jeffery Village"|"+1-269-295-2127x562"|"Chief Marketing Officer"|"Mcmahon-Andrews"|"1913-12-18"
"633faf55-7437-47d3-aa59-9e3f873fb3ae"|"Michelle"|"Welch"|"F"|"614 Jeffery Spur Suite 411"|"001-641-263-4470x50375"|"Illustrator"|"Townsend, Peterson and Watson"|"1947-12-30"
"b5417900-00b6-4743-b53a-a3be6b8e6762"|"Holly"|"Velez"|"F"|"21 Haney Prairie Suite 518"|"+1-691-368-9646x839"|"Scientist, forensic"|"Hines, Bridges and Reynolds"|"1967-07-26"
"1c11dae3-7ebd-48db-b871-5f7f513c244b"|"John"|"Orozco"|"M"|"70 Davenport Fords"|"+1-651-730-7194x0411"|"Scientist, audiological"|"White LLC"|"1981-04-21"
"82a66e91-d086-4393-a3b0-6f58ccc613d6"|"Ward"|"Curry"|"M"|"234 Jackson Harbors Suite 257"|"+1-746-285-5226x655"|"Psychiatric nurse"|"Stein, Davis and Maldonado"|"1962-11-12"
"0fc7cbc4-d1fe-4fa3-8bb4-334f7e746f87"|"Bruce"|"Hubbard"|"M"|"362 Jonathan Stravenue"|"823.335.3672x911"|"Petroleum engineer"|"Perez, Miller and Martinez"|"1990-05-11"
"46920ea0-b240-4b69-aecf-81e4c88a1d80"|"Christopher"|"Colon"|"M"|"176 Phillip Spring"|"228-536-1916x490"|"Advertising art director"|"Mosley-Sharp"|"2019-11-14"
"5ea88036-11ec-4def-869d-641f8ee2096c"|"Hill"|"Riddle"|"F"|"46 Davenport Fords"|"279-953-3345"|"Ophthalmologist"|"Nguyen, Owen and Medina"|"1969-07-02"
"65d7b46e-fd93-4e7d-a5fb-fdaaa7b8088f"|"Angela"|"Cochran"|"F"|"757 David Passage Suite 979"|"(674)691-7298x55401"|"Programmer, applications"|"Beasley Ltd"|"2003-09-09"
"7b1f7775-f741-442c-a569-2c11b6b3f5eb"|"Kimberly"|"Wilson"|"F"|"368 Rosario Loop"|"(475)201-3623"|"Health and safety inspector"|"Diaz and Sons"|"1956-09-13"
"17c5613f-6c8b-4fa1-a53c-a123d183cb08"|"Gabriella"|"Anderson"|"F"|"603 Yates Harbor Suite 905"|"632-571-9403"|"Sports development officer"|"Santos, Gonzalez and Warren"|"1985-06-10"
"cd260e9b-2ef0-4a30-a1d4-815037cd4564"|"Elaine"|"Ruiz"|"F"|"521 Shepard Bridge"|"507-736-7900x420"|"Dealer"|"Guerrero-Torres"|"1966-07-08"
"1b20371d-b198-45a7-8b0a-63fb96a87f47"|"Melinda"|"Freeman"|"F"|"781 William Avenue"|"001-487-581-8258"|"Air cabin crew"|"Carr-Vincent"|"1974-03-14"
"48dd47c7-6464-4968-9365-33621a618223"|"Paul"|"Garrison"|"M"|"572 Wyatt Pike Suite 863"|"+1-552-520-1590"|"Chartered public finance accountant"|"Lowe, Anderson and Perez"|"1979-03-11"
"5890e3d3-ddd3-4a80-ae32-878db22d9a58"|"Cathy"|"Mckee"|"F"|"633 Angela Lights"|"(723)740-9026x093"|"Chartered public finance accountant"|"Rodgers-Bell"|"2002-02-18"
"ad83c1a0-bf99-4c15-b44e-45666a40342c"|"Veronica"|"Fuller"|"F"|"9 Weeks Meadow Suite 683"|"266-445-9855x70761"|"Network engineer"|"Collins, Jones and Love"|"1960-11-30"
"57c1a00d-7302-477c-97ec-47fe3b21a5b1"|"Melanie"|"Hurley"|"F"|"412 Rosario Loop"|"+1-615-280-1340"|"Armed forces training and education officer"|"Williams, George and Strickland"|"1938-05-03"
"a6c9fa14-fbe7-4668-875b-98f0c9765d67"|"Kenneth"|"Welch"|"M"|"952 Tiffany Gateway"|"001-946-366-4978"|"Furniture designer"|"Ryan LLC"|"1951-08-24"
"baaed148-3785-4f23-8393-d57e35c5b20e"|"Lauren"|"Shelton"|"F"|"211 Martin Field"|"508-441-4304x0761"|"Mental health nurse"|"Hawkins Inc"|"1973-10-01"
"2e0b6dd4-e5fb-4545-ae5f-a882d2824e1b"|"Stacie"|"Phillips"|"F"|"363 Ashley Landing"|"624-412-9295"|"Public relations officer"|"Reed-Brown"|"1934-11-17"
"4d89baf7-cbcb-4d21-b3cf-efb34b9cf20c"|"Chris"|"Ramirez"|"M"|"7 Cox Turnpike Apt. 083"|"371-909-0454x4637"|"Ecologist"|"Williams, Newman and Juarez"|"2022-09-01"
"44189a9d-5261-4324-9cef-454f212a9698"|"Dillon"|"Reyes"|"M"|"96 Charles Mall Apt. 745"|"(667)550-6292"|"Museum/gallery conservator"|"Hancock-Frederick"|"1963-02-27"
"4a121fe0-efe6-4329-8ad2-32a4225e918f"|"Cindy"|"Villanueva"|"F"|"31 Gabriel Hill Apt. 094"|"001-699-706-5667x59226"|"Research scientist (medical)"|"Mckenzie, Winters and Caldwell"|"1962-08-15"
"469c0e68-8157-427e-a9b7-654c90482589"|"Cynthia"|"Allen"|"F"|"98 Jackson Harbors Suite 257"|"629.888.3339x1446"|"Warden/ranger"|"Jackson Inc"|"1960-03-17"
"b4a352cb-0696-4c43-95be-aa769bcb4a95"|"James"|"Wilson"|"M"|"442 Davis Landing"|"001-443-833-3202x196"|"Engineer, mining"|"Johnson-Garner"|"1946-07-02"
"d904cabe-c7de-46ef-b734-a3fbf3b75264"|"Kevin"|"Steele"|"M"|"806 Tim Avenue Apt. 437"|"+1-595-684-8286x1466"|"Medical sales representative"|"Patterson-Myers"|"1996-11-17"
"2b68ba35-bf1f-4117-984d-7cd7a1196b75"|"Cheryl"|"Ruiz"|"F"|"137 Troy Centers"|"964.943.7434x445"|"Education administrator"|"Russell, Gonzales and Williamson"|"1932-03-02"
"473754b1-d4e1-405e-aa57-8e3a8004fde3"|"Heidi"|"Suarez"|"F"|"914 Stacey Via Suite 001"|"+1-569-412-3384x5954"|"Engineer, control and instrumentation"|"May and Sons"|"1920-11-09"
"21506799-2ef7-4622-8ed6-1a5690868fc0"|"Cassandra"|"Hayden"|"F"|"556 Johnson Lake"|"914-374-2349"|"Product designer"|"Baldwin Group"|"1927-03-17"
"d2af4e8b-b1d0-482b-b82b-5de5220041ca"|"Deborah"|"Roberts"|"F"|"920 Catherine Cove"|"839-431-2786"|"Scientist, research (maths)"|"Chang, Hernandez and Fritz"|"1999-04-02"
"1811b273-1ea7-4337-a42c-78379f4ea762"|"Lauren"|"Bryant"|"F"|"461 Simpson Mill Apt. 030"|"332-934-4939x05794"|"Designer, fashion/clothing"|"Bush Ltd"|"1945-05-01"
"0e8027e2-9f94-4a6a-b837-bdce7c09ffec"|"Andrew"|"Gonzales"|"M"|"624 Hernandez Parkways Suite 200"|"(771)889-3572x54336"|"Telecommunications researcher"|"Irwin, Salas and Henderson"|"1985-07-18"
"42b7174e-7a43-4490-aeff-6436f8445e3d"|"Allison"|"Martinez"|"F"|"850 Banks Curve Apt. 123"|"(554)803-0258x67303"|"Games developer"|"Walker-Wright"|"1987-01-09"
"37b0f5e8-31f2-49d1-837f-9ab04d5e0b30"|"Katie"|"Bailey"|"F"|"103 Moore Crossroad Apt. 549"|"(586)512-1474x7652"|"Call centre manager"|"Henderson Ltd"|"1936-12-28"
"e4773fdb-0e3a-4893-8ccb-67eebd7bc724"|"Patricia"|"Gillespie"|"F"|"455 Anderson Parkways"|"(863)244-0438x706"|"Research scientist (maths)"|"Macias Ltd"|"1916-08-28"
"bae5135a-05ce-434a-9a96-3ca597939ed1"|"Shannon"|"Ward"|"F"|"451 Nelson Estate"|"001-444-993-3588"|"Training and development officer"|"Lane and Sons"|"1964-08-12"
"5ad6c1f7-fd79-4a7a-a055-81e3e9b755dd"|"Brian"|"Good"|"M"|"419 Higgins Port Apt. 001"|"001-398-715-4256x43865"|"Sports development officer"|"Thompson-Nguyen"|"1911-06-30"
"ee57777a-e7f8-45d6-95a3-1adae28e59ad"|"Martin"|"Dean"|"M"|"819 John Fall Apt. 476"|"6973855004"|"Police Officer"|"TTPD"|"2017-04-09"
"b363248b-95e8-4b79-9c6f-2dc26895596c"|"Michele"|"Bailey"|"F"|"837 Shepard Bridge"|"944-325-2558x486"|"Television floor manager"|"Williams, Hernandez and Lewis"|"1991-04-05"
"6b705656-0b58-4967-8743-11b723e4e7d5"|"Kristina"|"Cunningham"|"F"|"55 Amber Wells"|"8396409671"|"Ergonomist"|"Miller Inc"|"1921-05-05"
"377060bc-5a57-4a8b-9fdd-395cbb811720"|"Casey"|"Vargas"|"F"|"529 Donald Village Apt. 289"|"001-229-842-5346"|"Engineer, chemical"|"Marshall PLC"|"1960-11-25"
"6a300d76-e5ae-40a4-8b36-ef946f08e3df"|"Dawn"|"Sanders"|"F"|"599 Thomas Ford"|"953-765-2283x057"|"Teacher, secondary school"|"Rodriguez, Wallace and Dixon"|"1954-01-02"
"bd7695e4-63e6-4491-91d4-0ac6caca7048"|"Tammy"|"Strickland"|"F"|"904 Johnson Throughway"|"001-719-304-0516x8231"|"IT consultant"|"Hernandez, Johnson and Myers"|"2014-06-21"