"id"|"first_name"|"last_name"|"sex"|"address"|"phone_number"|"profession"|"company"|"date_of_birth"
"956365f8-b162-40c5-a045-ff190201f094"|"Jeffrey"|"Richardson"|"M"|"975 Hensley Park Suite 873"|"001-794-572-8770x7500"|"Designer, fashion/clothing"|"Martinez-Richardson"|"1980-07-27"
"2137ad2c-e8e7-4580-92c9-664c9526bbe2"|"Wilcox"|"Hall"|"F"|"473 John Fall Apt. 476"|"+1-546-540-6340x571"|"Firefighter"|"Espinoza-Morrison"|"1979-04-12"
"55a01e08-a847-40f3-b052-aa0ed296a471"|"Juan"|"Garcia"|"M"|"673 Warner Circle"|"6172319623"|"Counsellor"|"Wells Ltd"|"1924-10-22"
"fbc8b786-9d78-4722-84de-f756b266a2ba"|"Shane"|"Davis"|"M"|"302 Simpson Mill Apt. 030"|"700-931-7487x57383"|"Education officer, museum"|"Clarke PLC"|"2018-05-09"
"95851e39-953e-496b-b39d-8a09fc85cf16"|"David"|"Sanders"|"M"|"334 Elizabeth Creek Apt. 423"|"+1-533-421-7806"|"Pensions consultant"|"Gates-Brown"|"1977-08-13"
"bee78898-4752-4650-b572-4543f38547a5"|"Heidi"|"Tyler"|"F"|"963 Stacey Via Suite 001"|"939-279-0641"|"Customer service manager"|"Cook-Davidson"|"1952-08-26"
"1fd944ed-0842-4556-b1c6-dc6cad8f608f"|"Keith"|"Baker"|"M"|"17 Weaver Haven"|"(688)224-5954"|"Senior tax professional/tax inspector"|"Beard-Winters"|"2006-01-21"
"af4ca1e3-21a2-431d-ae9b-67d6d6c8b9e9"|"Walter"|"Gonzalez"|"M"|"606 Rosario Loop"|"612.681.8976x96386"|"Horticultural consultant"|"Torres Inc"|"1975-07-06"
"b787b0db-41ca-4fa4-8aae-9a385adf6d6d"|"Sarah"|"Ryan"|"F"|"629 David Course Apt. 455"|"229.872.7421"|"Training and development officer"|"Ward, Jackson and Higgins"|"1967-07-30"
"e047eba8-5d7c-45bc-9240-b1ec40d3dfad"|"Catherine"|"Spencer"|"F"|"875 Nathan Views"|"001-363-237-4878x988"|"Designer, television/film set"|"Stevens-Adams"|"1968-06-02"
"b32f21c0-2f44-437e-9a32-3994165c043e"|"Denise"|"Gardner"|"F"|"833 David Passage Suite 979"|"+1-515-488-3263"|"Nutritional therapist"|"Robinson and Sons"|"2001-07-09"
"6f7b9a60-b9d5-4dc4-aefa-bb639a8b6645"|"Jorge"|"Brown"|"M"|"241 Douglas Springs"|"738-713-1926"|"Pensions consultant"|"Washington, Walker and Johnson"|"1973-02-19"
"27d48d3d-02a1-475d-85ce-a8bc9203bf03"|"Daniel"|"Fisher"|"M"|"94 Donald Village Apt. 289"|"676-470-6757x366"|"Corporate investment banker"|"West-Johnson"|"1976-01-14"
"ae8dad60-3578-4cb9-807f-3f74f86743b0"|"Stephanie"|"Foster"|"F"|"765 Randall Burg"|"+1-864-358-9275x482"|"Psychologist, forensic"|"Hull and Sons"|"1909-03-23"
"4fcd5423-c49f-431a-be18-67eddf0519f1"|"Jessica"|"Downs"|"F"|"228 Robinson Highway"|"+1-777-397-4433x2877"|"Accommodation manager"|"Silva-Tucker"|"1941-01-11"
"8f46d25e-125f-490d-82c6-12a9a2810bef"|"Gregory"|"Burke"|"M"|"773 Jonathan Stravenue"|"(456)695-8165"|"Community arts worker"|"Nelson Inc"|"2009-07-08"
"48b06476-42f7-4dff-a8b8-00b6a801eec3"|"Christina"|"Mccullough"|"F"|"359 Newton Wall"|"502-297-3923x146"|"Ranger/warden"|"Miller-Oconnor"|"1970-01-19"
"b4f59bd5-4ef6-4dbd-adce-305e7a3dc569"|"Jennifer"|"Ray"|"F"|"406 Jeffery Village"|"7604407364"|"Financial planner"|"Nelson LLC"|"1952-06-25"
"d96352f0-a7b2-4501-8fce-a3ac909bceb1"|"Mandy"|"Allen"|"F"|"872 Higgins Port Apt. 001"|"+1-288-691-3946x287"|"Editor, magazine features"|"Castillo, Krause and Thomas"|"1941-07-25"
"a2edeec6-4d3c-4312-83a1-19410b447c18"|"James"|"Conway"|"M"|"267 Randall Burg"|"898-276-0141"|"Nurse, learning disability"|"Olson, Burch and Terry"|"1953-12-14"
"2aec4723-2318-4cb7-a69e-ba81e2c10efa"|"Shaun"|"Cunningham"|"M"|"611 Diana Point"|"(356)683-5198"|"Race relations officer"|"Robinson-Solomon"|"1981-05-03"
"3cbaa53d-67aa-4d3e-82e3-999969b61404"|"Megan"|"White"|"F"|"4 Nicole Via"|"351.486.7774"|"Advertising account planner"|"Ford LLC"|"1923-08-18"
"1338ee50-b8bf-42fc-ae74-468815d7589b"|"Lindsey"|"Fox"|"F"|"720 Oneal Underpass"|"938.913.4809"|"Journalist, broadcasting"|"Perez Ltd"|"1996-02-11"
"e01a48a5-6629-4f3b-86f3-2f0d6c756fe6"|"Alexander"|"Shaffer"|"M"|"204 Oneal Underpass"|"001-721-478-0981x91712"|"Editor, film/video"|"Rice, Nelson and Dixon"|"1911-02-27"
"b7bb12ad-b03f-4fbb-8bae-087225e28f91"|"Daniel"|"Smith"|"M"|"763 Monica Burgs Suite 695"|"881.415.7113"|"Midwife"|"Murphy and Sons"|"2013-05-07"
"5aca3088-8cc1-43f2-a79f-cbba3a34768a"|"Mark"|"Willis"|"M"|"464 Garcia Road Suite 143"|"207.346.0350x65125"|"Transport planner"|"Roth PLC"|"2002-02-20"
"923fed21-dd5d-48ba-abc5-58f41749a113"|"Susan"|"Jackson"|"F"|"896 Hensley Park Suite 873"|"001-287-552-1983x6574"|"Learning mentor"|"Hunt Inc"|"1984-07-20"
"a713e585-bd5b-4c01-a52f-a6fdf7c6aa9d"|"Sue"|"Padilla"|"F"|"38 Mills Springs"|"3598508293"|"Video editor"|"Ewing-Tapia"|"1949-11-16"
"5a976c8c-475e-4017-8cf0-ffee47d15a02"|"Elizabeth"|"Willis"|"F"|"713 Alexis Freeway Apt. 358"|"(741)825-0747x102"|"Interior and spatial designer"|"Smith, Garcia and Sims"|"1964-07-15"
"723754fd-8453-4dcb-b0bb-d88592c4fc4f"|"Jose"|"Bryant"|"M"|"713 Day Inlet"|"+1-775-673-7702x47257"|"Occupational psychologist"|"Solis-Jensen"|"1924-02-17"
"9b264d1f-5a86-4c04-9193-74501133427f"|"Carlos"|"Martin"|"M"|"252 Matthew Valleys Suite 832"|"497.205.7114"|"Government social research officer"|"Franco LLC"|"1991-10-18"
"1ab30c62-10f6-40cd-a130-6011e5dfab6d"|"Alexander"|"Goodwin"|"M"|"342 Douglas Springs"|"+1-336-632-7802x014"|"Horticultural consultant"|"Reese Group"|"1973-11-24"
"68ecfc97-68ab-4418-ae3a-f1012681d896"|"Michael"|"Mccullough"|"M"|"524 Quinn Divide"|"+1-362-203-8385"|"Corporate investment banker"|"Singh, Thompson and Johnson"|"1946-03-12"
"75c5db82-359e-43ed-a5f9-ca0b1e3429b1"|"Bryan"|"Harper"|"M"|"819 Higgins Port Apt. 001"|"(378)884-5288"|"Hydrologist"|"Craig, Medina and Ashley"|"1972-04-07"
"ea14d5e3-7323-47c6-8d08-bda94170f63b"|"David"|"Lee"|"M"|"269 John Fall Apt. 476"|"7367709214"|"Medical physicist"|"Lee-Collins"|"1939-10-29"
"39196d92-1fa9-4be6-9c0b-41eddba812e5"|"Jones"|"Hanson"|"F"|"678 Newton Wall"|"001-933-700-2916x9508"|"Wellsite geologist"|"Chavez, Carlson and Peterson"|"2016-11-09"
"3b857300-5d5e-4e49-bbb5-43dfa698dd5e"|"Mary"|"Gray"|"F"|"422 Montoya Walk Apt. 578"|"(562)920-5504"|"Information systems manager"|"Smith, Carroll and Leon"|"1920-07-10"
"9a2baeb1-9542-449c-8601-02ba1c8bb235"|"Joseph"|"Holmes"|"M"|"255 Warner Circle"|"+1-931-650-2790"|"Scientist, biomedical"|"Hill Ltd"|"1914-12-04"
"c3982693-07f8-4150-98a2-063bb12898b4"|"Donna"|"Nguyen"|"F"|"956 Gray Walks Apt. 075"|"(795)367-9030"|"Warehouse manager"|"Murray-Miller"|"1926-07-29"
"592be3cc-eb6b-43e9-917c-a398cfd5b30b"|"Robert"|"Robbins"|"M"|"350 Randall Burg"|"450-897-9508x851"|"Sales promotion account executive"|"Wood-Berry"|"1982-03-27"
"d39d4bd2-7716-4c01-8b67-7a59eeb54d8c"|"Kevin"|"Shields"|"M"|"461 Jordan Vista Apt. 756"|"(524)455-8769"|"Associate Professor"|"Fernandez Inc"|"2011-04-15"
"a8a4c1bd-888b-4ad9-a0b8-68c15208b8a9"|"Jennifer"|"Smith"|"F"|"979 Nelson Estate"|"+1-969-505-1711x6448"|"Fast food restaurant manager"|"Carpenter and Sons"|"1975-05-21"
"250f6e9e-3882-4cc8-989d-479fc9412802"|"Rachel"|"Snyder"|"F"|"808 Christine Gateway"|"+1-578-796-9243x15230"|"Technical author"|"Douglas PLC"|"1999-11-12"
"d55f28d9-d1dc-44c0-9eac-25146861590c"|"Desiree"|"Haney"|"F"|"525 Brian Course"|"700-670-9702"|"Pharmacologist"|"Evans, Mason and Kennedy"|"1931-11-16"
"207b825d-3b58-49b1-b4ac-4d38fd896d77"|"Kenneth"|"Ramirez"|"M"|"218 Shelton Run"|"462-744-7427x89804"|"Corporate investment banker"|"Perez PLC"|"1911-02-05"
"64ba4468-d075-44e2-bc35-48de98b57265"|"Diane"|"Harrison"|"F"|"833 Weaver Haven"|"260-996-8322x3327"|"Contractor"|"Griffith-Sanchez"|"2013-10-10"
"63e3a85f-4da4-40a7-ac48-908c748b8e15"|"Jason"|"Jones"|"M"|"907 Michael Manor"|"+1-848-548-4340x6962"|"Horticulturist, commercial"|"Martinez Inc"|"1969-06-06"
"3f4c9f95-9ed4-4b28-94f7-1f871b09b839"|"Michelle"|"Marquez"|"F"|"737 Brown Canyon Apt. 503"|"001-571-894-5106x61414"|"Occupational therapist"|"Harris, Chaney and Palmer"|"1908-11-25"
"ca8dba2a-a087-43d7-9a2c-8722a768fe6d"|"Courtney"|"Cochran"|"F"|"922 King Land"|"+1-800-275-8994x80535"|"Engineer, maintenance (IT)"|"Thomas LLC"|"1925-03-29"
"69c0f40f-0bfb-4d8e-86ce-7836ad1011af"|"Gregory"|"Henderson"|"M"|"322 Yates Harbor Suite 905"|"(316)721-1779x11729"|"Scientist, clinical (histocompatibility and immunogenetics)"|"Ware, Moore and Jones"|"1932-06-24"
"8f3fb9d8-11e9-4f37-93cb-d58ce04aec76"|"Rebekah"|"Perez"|"F"|"168 Angela Lights"|"344-226-9176x346"|"Secretary/administrator"|"Davis, Cooper and Mckinney"|"2001-12-02"
"7eb8788f-221e-4025-ade9-cd4203d5ecbd"|"Danielle"|"Smith"|"F"|"174 Thomas Ford"|"640.684.9768"|"Teacher, music"|"Tate Group"|"2004-07-03"
"6536f710-39af-4cf9-b6df-269274f9ca34"|"John"|"Andrews"|"M"|"999 Lee Burgs"|"001-680-663-3968x2395"|"Accommodation manager"|"Bradford LLC"|"1946-04-06"
"e9f78331-5283-4648-9e58-de4228ac148a"|"Cody"|"Skinner"|"M"|"184 Anderson Parkways"|"+1-421-576-2755x106"|"Media planner"|"Jenkins, Hale and Cochran"|"2009-05-08"
"470205a0-78c4-47a4-bbd3-db0781609a93"|"Jacob"|"Freeman"|"M"|"428 Colleen Mount"|"+1-958-436-5705x892"|"Magazine features editor"|"Collins LLC"|"1976-08-07"
"c3933e22-5a85-4e2e-a785-9601d3503a19"|"Kristin"|"Willis"|"F"|"39 Mills Springs"|"(219)781-2082x34803"|"Barrister's clerk"|"Chen Group"|"1925-08-09"
"b1cd4fbe-3b4c-455e-99eb-997e161816b0"|"Laura"|"Gomez"|"F"|"64 Day Inlet"|"(735)680-3496"|"Runner, broadcasting/film/video"|"Anderson, Singh and Anderson"|"1944-03-12"
"efa90a0b-f3b3-4002-84ed-fb7b8f38dfb8"|"George"|"Lynch"|"M"|"40 Catherine Cove"|"608-409-2640"|"Retail manager"|"Brewer-Moore"|"1990-02-09"
"f2f59eaf-39c1-4519-bd1b-33e53685c166"|"Rachel"|"Bond"|"F"|"905 Troy Centers"|"+1-893-244-3750x457"|"Clinical research associate"|"Gomez LLC"|"2000-07-24"
"535229b2-d772-4765-9d1c-47e5b289be65"|"Daniel"|"Zimmerman"|"M"|"301 Jonathan Stravenue"|"513-723-1480x586"|"Engineer, mining"|"Martinez and Sons"|"1947-01-11"
"b1d5dceb-9637-4356-a794-b067d7262e2e"|"Stephanie"|"Romero"|"F"|"883 Heather Garden Suite 383"|"(364)259-8543"|"Structural engineer"|"Mclaughlin-Cohen"|"1909-01-15"
"2148074f-ceb7-4a8a-8230-a3b496d96e75"|"Robert"|"Snyder"|"M"|"999 Jacobs Ports Suite 715"|"+1-829-535-9766x02306"|"Water engineer"|"Soto-Jones"|"2014-06-02"
"b742c351-555d-4f3a-92e5-caaf2885c819"|"Mario"|"Spence"|"M"|"326 Tim Avenue Apt. 437"|"001-558-422-5971"|"Horticulturist, amenity"|"Fox Inc"|"1968-07-25"
"3751ef59-21e9-419e-bbc6-a45a946c7fe4"|"Elizabeth"|"Wilson"|"F"|"257 Lynn Lake Suite 253"|"+1-920-215-8602"|"Special educational needs teacher"|"Bowen-Johnson"|"1920-10-18"
"2fcc610b-03d1-4ae2-93b0-1f117a9fa613"|"Benjamin"|"Stewart"|"M"|"824 Donald Village Apt. 289"|"(648)317-7743x5053"|"Artist"|"Green Inc"|"1942-09-21"
"2ad3472e-42ea-4806-9ffc-1a230db94843"|"Glenn"|"Howard"|"M"|"463 Rachel Pine"|"+1-425-758-3288"|"Surveyor, planning and development"|"Harrison-Peterson"|"2022-12-24"
"2eba3153-760f-4035-bb57-c7e725bfc4ba"|"Joan"|"Mcdowell"|"F"|"674 Wilson Locks Apt. 694"|"(341)258-9070"|"Information systems manager"|"Nguyen LLC"|"1972-07-20"
"872ea273-8b2f-484c-88d1-01a6100d0537"|"Crystal"|"Jones"|"F"|"871 Ashley Landing"|"827.203.3124"|"Public librarian"|"Mclean-Roberts"|"2015-09-30"
"8d142d3d-43a7-400a-9138-efef7bfe08a6"|"Janet"|"Pham"|"F"|"394 Scott Valleys Suite 598"|"(293)923-7102x54933"|"Information officer"|"Richards-Freeman"|"1961-04-15"
"0a24a598-ffca-4239-a35e-2eb4f69bfc8f"|"Erik"|"Gillespie"|"M"|"644 Jeffery Village"|"(543)201-2380x6771"|"Animal technologist"|"Chang LLC"|"1974-12-04"
"eaa4df58-015c-4e45-ad2e-910d1297e2ee"|"Anthony"|"Burns"|"M"|"434 Smith Ranch Suite 211"|"(478)661-9762"|"Soil scientist"|"Myers, May and Robertson"|"1948-07-16"
"e73a7dd3-43be-435f-9d26-253bc3f30038"|"Adam"|"Reyes"|"M"|"345 Tiffany Gateway"|"+1-494-924-0294x90720"|"Best boy"|"Hudson-Stephenson"|"2004-01-24"
"b70e5349-1c1d-4b1a-8916-9c559fdc107d"|"Sydney"|"Fernandez"|"F"|"535 Nathan Views"|"748.585.6192"|"Youth worker"|"Hopkins, Kemp and Neal"|"1920-08-10"
"d3b9b6ea-1d84-448c-aac3-cbedb8d026a1"|"Tristan"|"May"|"M"|"477 Douglas Springs"|"374-480-7467x0753"|"Race relations officer"|"Herring-Austin"|"1914-03-10"
"c152715f-d843-4e93-9b0a-8a34c8605ca5"|"Tamara"|"Franklin"|"F"|"68 Colleen Mount"|"+1-321-347-5063"|"Web designer"|"Kim LLC"|"1956-06-27"
"f54774f7-87f1-4349-bf87-12e96304e9cf"|"Victoria"|"Welch"|"F"|"349 Rachel Pine"|"897-890-3090x84665"|"Conservation officer, historic buildings"|"Pacheco-Mcgee"|"1991-07-20"
"98829cb5-6d27-4538-85d1-1c20d7450440"|"Nicole"|"Taylor"|"F"|"833 Davenport Fords"|"762.394.5257x994"|"Surveyor, building"|"Young Inc"|"1976-09-25"
"0d5b7c66-c853-43a2-8ff7-27f7dfe93009"|"Kelly"|"Evans"|"M"|"243 Jeffery Isle"|"810.296.6472x538"|"Scientist, forensic"|"White-Fisher"|"1934-03-27"
"24b8085c-135b-43d9-81da-c8a5e2c0310f"|"Stephen"|"Sanders"|"M"|"17 Brown Canyon Apt. 503"|"267.677.5172"|"Editor, magazine features"|"Fernandez-Lewis"|"1981-01-22"
"29e26234-580d-4df7-88bd-1bc2b1ab4d10"|"Joseph"|"Hubbard"|"M"|"160 Barry Shoal Suite 612"|"001-908-468-8615x61257"|"Amenity horticulturist"|"Stuart Ltd"|"1996-10-14"
"4841bd29-9358-4f7e-986a-5711bcb60cb2"|"Amanda"|"Hale"|"F"|"214 Rivers Squares"|"423-936-9342x301"|"Copy"|"Dixon and Sons"|"1990-06-10"
"c0729dab-990c-4f45-b25c-7cc4aa24bc4f"|"Sheila"|"Wood"|"F"|"336 Christopher Ways"|"3679746941"|"Energy manager"|"Wong-Davidson"|"1984-04-24"
"2af573e2-192e-475c-86f4-eeb28ef6d3d2"|"John"|"Anderson"|"M"|"190 Nelson Estate"|"001-525-484-9054"|"Wellsite geologist"|"Robinson PLC"|"2008-08-02"
"9cc9e310-efa9-42b0-b7ea-f1070f8b7d37"|"Christine"|"Freeman"|"F"|"908 Tiffany Gateway"|"+1-369-831-3392x364"|"Osteopath"|"West LLC"|"1961-06-01"
"15899b7f-f1f3-4a32-861a-0717bed6216c"|"William"|"Parker"|"M"|"726 Robinson Highway"|"001-953-752-9669"|"Exhibitions officer, museum/gallery"|"Vaughn Group"|"1956-06-03"
"c12a6794-358f-495e-9537-bceca94dff9f"|"William"|"Scott"|"M"|"693 Luna Loop"|"557.266.0857"|"Operational investment banker"|"Adams, Newton and Williams"|"1986-06-16"
"0b8ca326-e2cc-4f75-adba-61446b30d8c7"|"Amy"|"Wood"|"F"|"85 Ashley Landing"|"(358)978-2514"|"Adult guidance worker"|"Ford, Jackson and Jackson"|"1984-10-26"
"1b07c0f9-d580-405b-b6d0-d0ca787c8d6b"|"Alexis"|"Mendoza"|"F"|"129 Tiffany Gateway"|"7583798491"|"Ecologist"|"Moore, Ewing and Moyer"|"2011-10-16"
"ace44896-283b-49bd-97c2-c7538f81dca0"|"Glenda"|"Brown"|"F"|"996 Scott Valleys Suite 598"|"567.449.9755x43767"|"Marketing executive"|"Glover-Walker"|"1940-04-12"
"f734662c-21a8-4375-a020-f124bb8052dd"|"Sarah"|"Phillips"|"F"|"394 Weeks Meadow Suite 683"|"410.453.2438"|"Homeopath"|"Adkins-Gonzalez"|"1945-06-06"
"2bf590c0-e1cb-49c5-8ca0-a60a96987eab"|"Jeffrey"|"Allen"|"M"|"403 Catherine Cove"|"(455)904-7717x10837"|"Occupational psychologist"|"Sanchez-Aguilar"|"1947-11-04"
"13a5c6dd-d1e3-4242-b01d-9981e3c164af"|"Avery"|"Smith"|"F"|"769 Luna Loop"|"+1-323-568-5328"|"Chief Strategy Officer"|"Deleon Group"|"1921-12-17"
"65f823bf-f50d-4cb2-a971-2e451b65b306"|"Lauren"|"Anderson"|"F"|"725 Hensley Park Suite 873"|"+1-454-535-3876x18434"|"Energy manager"|"Ferguson-Mercado"|"1968-10-04"
"e0b36a00-12b1-4e8f-aa76-ad3e7e0578e4"|"Jessica"|"Green"|"F"|"790 Arnold Cliffs"|"+1-531-658-2911x3499"|"Network engineer"|"Kim-Henry"|"1918-01-27"
"c49ee412-0225-4d60-a897-12bb8dbfd575"|"Julie"|"Mejia"|"F"|"187 Catherine Lock"|"+1-999-317-8483"|"Designer, multimedia"|"Gilmore PLC"|"1980-03-15"
"14577c65-b321-4daf-9fb8-46c3d8ea680a"|"Stephen"|"Berry"|"M"|"945 Gray Walks Apt. 075"|"8165602612"|"Chief Operating Officer"|"Johnson-Nelson"|"2019-11-20"
"60f1d1fa-02d8-4d3a-b130-fc6203fcd894"|"Wendy"|"Freeman"|"F"|"13 Quinn Divide"|"(677)285-8706"|"Ergonomist"|"Moore Inc"|"2003-01-15"
"37453771-0f7d-4fa5-8272-a7e7a49044f9"|"Jeffrey"|"Hanson"|"M"|"581 Dakota Extensions"|"(280)444-3432"|"Video editor"|"Gonzalez, Castillo and Christian"|"1952-05-25"
"df0988d8-5785-45a7-914e-29607b0faa24"|"Aaron"|"Martin"|"M"|"728 Pham Ports"|"001-980-380-4736x44508"|"Arboriculturist"|"Wilson-Navarro"|"2020-03-14"
"a118708c-8b6f-4c3d-9b6a-54ba82af2d20"|"Patty"|"Williams"|"F"|"814 Jacobs Ports Suite 715"|"525-974-3843x488"|"Medical technical officer"|"Williams PLC"|"1966-01-02"
"bd568a1f-f7ee-4a49-907e-691b9882217e"|"Carlos"|"Allen"|"M"|"607 Gray Walks Apt. 075"|"921-869-5601x24560"|"Equality and diversity officer"|"Riley, Shepherd and Williams"|"2022-12-27"
"d5620614-87ff-4175-88f7-8fdcec8329f4"|"Robert"|"Rodriguez"|"M"|"489 Hensley Park Suite 873"|"(703)267-2885x608"|"Best boy"|"Ward, Frazier and Jones"|"2014-07-29"
"61a0df70-5692-468b-99fc-3a8bdc95fe4e"|"Jerry"|"Hurley"|"M"|"221 Hernandez Parkways Suite 200"|"962.427.8358x6925"|"Insurance claims handler"|"Gilbert Ltd"|"1933-08-28"
"7f99188a-899f-4903-b2ba-7039efc9dc8b"|"Tina"|"Howard"|"F"|"786 Parks Trace Suite 497"|"906.711.2486x2198"|"Fitness centre manager"|"Reed, Ellis and Graves"|"1997-06-28"
"b4be6aee-4df6-450e-b99f-b41f41ca737d"|"Brenda"|"Davis"|"F"|"220 Hood Loop Apt. 276"|"379.752.6971x09097"|"Primary school teacher"|"Reeves-Graham"|"1933-11-19"
"5608c49a-26e3-4a7f-b2b8-5409c1dfaee0"|"Dennis"|"Riley"|"M"|"957 Amanda Curve"|"+1-674-821-6438x54870"|"Quantity surveyor"|"Hopkins, Cooper and Walsh"|"2001-04-06"
"6c873a35-4bda-407f-af40-dc0a8ae62592"|"Eric"|"Downs"|"M"|"983 Parks Trace Suite 497"|"001-658-754-9704"|"Arboriculturist"|"Becker LLC"|"1969-08-16"
"ea97c1cb-14e4-4053-8313-bf018b348178"|"Betty"|"Riley"|"F"|"173 Tiffany Gateway"|"(464)306-8801x372"|"Art gallery manager"|"Anderson, Rodriguez and Branch"|"1998-07-03"
"d368bafa-4bb3-477e-9879-1ff7fa2ecba5"|"Thomas"|"May"|"M"|"480 Lewis Trace"|"775.365.1186x2507"|"Financial controller"|"Murphy Ltd"|"1915-03-28"
"16f6bb62-b05a-4327-b391-6ba0d0fc5525"|"James"|"Hernandez"|"M"|"880 Michelle Isle Apt. 431"|"307.618.5982"|"Purchasing manager"|"Snyder-Weaver"|"1971-09-22"
"e15addd8-6f07-44f8-a1e7-40c0c8cb86f4"|"Daniel"|"Torres"|"M"|"598 Shelton Run"|"423-582-3166x5004"|"Television floor manager"|"Sanchez-Mcmahon"|"1993-08-12"
"9e3b06eb-ff86-4369-8523-b156374b3690"|"Lee"|"Sparks"|"M"|"937 Heather Garden Suite 383"|"(364)466-0016x801"|"Event organiser"|"Hall-Gordon"|"1928-12-05"
"43dbcb33-b6cb-41c8-9e34-2ae5cc731e15"|"Hurley"|"Booth"|"M"|"432 Phillip Spring"|"959-718-2327"|"Engineer, communications"|"Graham PLC"|"1966-10-02"
"80357ce8-7a38-4d89-82d7-ab06a91dcd05"|"Rebecca"|"Gonzalez"|"F"|"466 Arnold Cliffs"|"001-557-997-4520x083"|"Stage manager"|"Mcgee, Wells and Gates"|"2013-04-23"
"511d3833-441d-4df4-a88d-fedd0524fb7c"|"Joel"|"Ramirez"|"M"|"900 Welch Walk"|"6058445970"|"Engineer, manufacturing"|"Sweeney, Poole and Baker"|"1953-01-23"
"2cefd716-5173-46a0-ad28-8f81d706d012"|"Benjamin"|"Gomez"|"M"|"926 Thomas Coves Suite 736"|"617.377.7378"|"Retail manager"|"Buchanan and Sons"|"1944-05-09"
"3fe481b0-5b0d-4beb-bee7-0ef5ae153bd8"|"Deanna"|"Moore"|"F"|"758 Amanda Curve"|"2547988229"|"Radiographer, diagnostic"|"Wilson-Mathews"|"1912-07-22"
"2e3f7871-8b01-40c2-9e53-9db8e5888bca"|"Candace"|"Matthews"|"F"|"653 Michelle Isle Apt. 431"|"822-883-5258"|"Landscape architect"|"Harris-Gray"|"1996-09-22"
"79b01d2b-a08c-4808-a710-42a72da3eedf"|"John"|"Velez"|"M"|"393 Patricia Trafficway Apt. 188"|"528.886.0935"|"Equality and diversity officer"|"Williams, Hall and Young"|"1965-08-13"
"88f32d25-1c01-4c9d-a776-fe7c6a0e9a60"|"Cody"|"Patrick"|"M"|"886 Pham Ports"|"(851)202-1433"|"Equality and diversity officer"|"Dominguez, Young and Anderson"|"1910-06-13"
"fbe2916c-b771-4684-9a04-048de338da15"|"Aaron"|"Schwartz"|"M"|"123 Brian Course"|"001-840-390-3329x0904"|"Operational researcher"|"Calhoun Ltd"|"1991-03-28"
"3e93ed2c-283e-43f8-bc40-fa25e1098d82"|"Terry"|"Fisher"|"M"|"614 Newton Wall"|"771.369.1704x7328"|"Air traffic controller"|"Colon Ltd"|"1947-07-30"
"912900e5-095e-4bff-98b8-349339a07f61"|"Linda"|"Lynch"|"F"|"866 Amber Wells"|"(592)555-8333x8873"|"Surveyor, hydrographic"|"Johnson, Gomez and Obrien"|"1974-12-26"
"d4b1b95b-2db3-4cb5-a1db-fc26defe412b"|"Stephanie"|"Cervantes"|"F"|"910 Lee Burgs"|"001-792-834-1045x8969"|"Occupational therapist"|"Mayo, Miller and Beck"|"1948-11-16"
"961e2a55-608d-456d-9acf-0db750a9a69f"|"Barbara"|"Spencer"|"F"|"743 Lynn Lake Suite 253"|"+1-985-382-5590"|"Museum/gallery conservator"|"Sanchez Group"|"2007-04-14"
"e65110e6-ceca-46f2-a1ba-124dd90d1abf"|"Michael"|"Roy"|"M"|"337 Moore Crossroad Apt. 549"|"(951)861-3868x81688"|"Engineer, control and instrumentation"|"Mcdaniel Inc"|"1948-01-25"
"aa8cc7be-050a-4021-a0e8-6d062f15031e"|"Michael"|"Franklin"|"M"|"359 Bailey Trail"|"759-922-0747x953"|"Production manager"|"Lambert, Mcintyre and Fritz"|"2021-03-01"
"847bc735-cff1-4df2-a8b5-2a03709213a4"|"Kristen"|"Jones"|"F"|"836 Julia Station"|"001-524-990-6560x6731"|"Designer, fashion/clothing"|"Hamilton-Ho"|"1987-04-23"
"1b38cb72-ec6e-4c0a-9b04-8661b7f77a42"|"Andrew"|"Casey"|"M"|"232 Randall Burg"|"253-694-0148x509"|"Psychologist, sport and exercise"|"Nunez-Brennan"|"1909-07-30"
"9017cae9-db7b-4195-9332-76ea520a913e"|"Charles"|"Suarez"|"M"|"213 Martinez Grove Apt. 125"|"001-651-908-1284"|"Claims inspector/assessor"|"Smith PLC"|"1984-11-13"
"bc9ce7c5-6517-4129-a2c8-6842dfeda27c"|"Aaron"|"Jackson"|"M"|"803 Donald Village Apt. 289"|"970-204-3798x170"|"Operational investment banker"|"Harrington Ltd"|"2005-04-11"
"7facaab0-cf2a-453a-a47a-7eec3dd114c3"|"Martin"|"Baker"|"M"|"682 Jacobs Ports Suite 715"|"+1-648-200-6585"|"Loss adjuster, chartered"|"Williams and Sons"|"1979-12-20"
"3d1a3f32-5df5-4997-b1c3-85faed10cac3"|"Kimberly"|"Simon"|"F"|"184 Cooley Dam Apt. 601"|"+1-484-216-7960x09980"|"Jewellery designer"|"Johnson Ltd"|"1940-02-16"
"d9ef8191-d03e-448c-a454-689445f09e0b"|"Jamie"|"Craig"|"F"|"966 Gray Walks Apt. 075"|"771.389.2523x44880"|"Landscape architect"|"Martin, Warren and Hernandez"|"2020-08-31"
"7ca05fa5-5b53-404f-b9df-c1826a310b1c"|"Betty"|"Ryan"|"F"|"661 Banks Curve Apt. 123"|"+1-415-669-2697x8619"|"Occupational psychologist"|"Jones, Williams and Lang"|"1954-10-11"
"2420c697-499f-4c04-a1fc-f461fbf42b3e"|"Michael"|"Joseph"|"M"|"34 Troy Centers"|"401.318.3301x11433"|"Engineer, drilling"|"Pruitt Ltd"|"1929-04-24"
"3216c277-c803-4d08-873d-b9380909cad4"|"Nicole"|"Gonzalez"|"F"|"660 Charles Extension Apt. 046"|"+1-592-511-4301x302"|"Engineer, site"|"Robinson, Anderson and Gonzales"|"1944-05-31"