<?xml version="1.0" encoding="UTF-8" ?><automobiles><automobile><person_id>15b194ea-b4e6-4377-8d2c-bcd2138757aa</person_id><license_plate>744 CNE</license_plate><vin>SKRUWYFN562K34GMX</vin><color>DarkMagenta</color><year>1997</year></automobile><automobile><person_id>152b92eb-47a5-4a74-897f-801ecdf6d2c1</person_id><license_plate>214 IFK</license_plate><vin>94BP7Y21X7AU16RJU</vin><color>OrangeRed</color><year>2000</year></automobile><automobile><person_id>9d8b030a-1f5e-4d33-9678-7c5b2612656e</person_id><license_plate>VTP-3251</license_plate><vin>6SHK50793DPN8M2P4</vin><color>Navy</color><year>1971</year></automobile><automobile><person_id>9d8b030a-1f5e-4d33-9678-7c5b2612656e</person_id><license_plate>818-RBR</license_plate><vin>20Y89BMH5M2Y6X1TM</vin><color>MediumBlue</color><year>1972</year></automobile><automobile><person_id>6242366e-2bb6-4e7a-bcae-0dfc510e2dde</person_id><license_plate>WCI 3867</license_plate><vin>8C5HHDWA50XCUFZRD</vin><color>Wheat</color><year>2006</year></automobile><automobile><person_id>6242366e-2bb6-4e7a-bcae-0dfc510e2dde</person_id><license_plate>0C 3J1OZB</license_plate><vin>2F45BGM73AE7HEESN</vin><color>DarkMagenta</color><year>2023</year></automobile><automobile><person_id>554edf3b-bc46-454f-9bb1-7518f17be4f1</person_id><license_plate>973I</license_plate><vin>PAUHG04T398DCAF8C</vin><color>Olive</color><year>1972</year></automobile><automobile><person_id>554edf3b-bc46-454f-9bb1-7518f17be4f1</person_id><license_plate>I55-41A</license_plate><vin>PZNP4HE28ANHR5YF2</vin><color>WhiteSmoke</color><year>1978</year></automobile><automobile><person_id>2ce77a5f-0bed-4921-a291-5ff391fc608b</person_id><license_plate>194-PMA</license_plate><vin>4SP3ZYX159B0FXZB2</vin><color>MidnightBlue</color><year>1988</year></automobile><automobile><person_id>2ce77a5f-0bed-4921-a291-5ff391fc608b</person_id><license_plate>CAD 483</license_plate><vin>LVCANYSMXVT13KX1J</vin><color>LightSkyBlue</color><year>1997</year></automobile><automobile><person_id>ddf3794d-280f-4754-886c-b442eba44cfc</person_id><license_plate>JEK 907</license_plate><vin>X5FCPTJ83DYAYK25Y</vin><color>DarkRed</color><year>2018</year></automobile><automobile><person_id>ddf3794d-280f-4754-886c-b442eba44cfc</person_id><license_plate>2OK 392</license_plate><vin>ZTS8545X7TK06K5TL</vin><color>SkyBlue</color><year>1971</year></automobile><automobile><person_id>e9f6a7f5-cf77-436b-90db-11a67fb254e7</person_id><license_plate>5SD 019</license_plate><vin>HMF0KSW59UGPGC10N</vin><color>WhiteSmoke</color><year>1970</year></automobile><automobile><person_id>80f54e38-dea7-4931-a79e-09a9cfd113e9</person_id><license_plate>Y70-AJO</license_plate><vin>9H8ES9S7X9J02F04D</vin><color>LightCoral</color><year>1974</year></automobile><automobile><person_id>c4a92a19-e53c-404e-bed1-af16f904a60f</person_id><license_plate>QUG 137</license_plate><vin>S0VXA3KP8L0AD1KP6</vin><color>Ivory</color><year>1999</year></automobile><automobile><person_id>3ffa8e4d-c2da-46d4-9652-0454c940d837</person_id><license_plate>469-INJ</license_plate><vin>0HJS1JGN1MJR0RPEB</vin><color>CadetBlue</color><year>1976</year></automobile><automobile><person_id>06aa42e6-41f5-46a2-badc-0136899f4ffe</person_id><license_plate>67Y 5055</license_plate><vin>KC096MLL5JF35KXAN</vin><color>Ivory</color><year>1971</year></automobile><automobile><person_id>a6c95dcb-ec32-4b78-89c5-33fb4f964f4a</person_id><license_plate>HDX 517</license_plate><vin>HCC6NGCZ9FNPYPM8F</vin><color>PowderBlue</color><year>2006</year></automobile><automobile><person_id>61e33467-efc3-4854-9967-e6f053c27c18</person_id><license_plate>6VL 504</license_plate><vin>LWLP9EDC2JLAND8X7</vin><color>Lavender</color><year>2014</year></automobile><automobile><person_id>8485d3b7-0db6-46c3-940f-392519c40a90</person_id><license_plate>ZET 800</license_plate><vin>8FXHK88T6T814E5JE</vin><color>LemonChiffon</color><year>1977</year></automobile><automobile><person_id>8485d3b7-0db6-46c3-940f-392519c40a90</person_id><license_plate>6455</license_plate><vin>WJ3LE57A8RDZWDUS7</vin><color>OliveDrab</color><year>2014</year></automobile><automobile><person_id>8485d3b7-0db6-46c3-940f-392519c40a90</person_id><license_plate>MN 16528</license_plate><vin>6MGZ8A9W7J42NKJ8B</vin><color>DarkGray</color><year>1987</year></automobile><automobile><person_id>bb1925cd-c69d-43c0-adcf-3bed93daa614</person_id><license_plate>AS8 0915</license_plate><vin>83SBJAJM0X6CJ8YT5</vin><color>OliveDrab</color><year>2013</year></automobile><automobile><person_id>6de5694f-d8b6-448f-a3c6-98aaa759b3b5</person_id><license_plate>571279</license_plate><vin>CY8V30J456BHRHYY3</vin><color>Orchid</color><year>2012</year></automobile><automobile><person_id>6de5694f-d8b6-448f-a3c6-98aaa759b3b5</person_id><license_plate>02X 906</license_plate><vin>BZCD9KPK569YJZBJD</vin><color>FloralWhite</color><year>1988</year></automobile><automobile><person_id>89ac56d5-45fb-4424-963b-70ed77f2b11c</person_id><license_plate>23WR1</license_plate><vin>UUW1DT2U8WYAHENJA</vin><color>Magenta</color><year>2015</year></automobile><automobile><person_id>89ac56d5-45fb-4424-963b-70ed77f2b11c</person_id><license_plate>321 SFE</license_plate><vin>S5P5HJFF4SEY0SVEY</vin><color>DeepPink</color><year>2012</year></automobile><automobile><person_id>b85da369-9fcd-4279-b1d0-01b4111a3ab0</person_id><license_plate>376-PSK</license_plate><vin>N1HKU7T75Y8YHCVXD</vin><color>DarkGoldenRod</color><year>1999</year></automobile><automobile><person_id>b85da369-9fcd-4279-b1d0-01b4111a3ab0</person_id><license_plate>623 UXA</license_plate><vin>LFTJB05J169DMEEP7</vin><color>MintCream</color><year>1992</year></automobile><automobile><person_id>0ca753fe-9523-476b-b5f5-d920014f6969</person_id><license_plate>408LB</license_plate><vin>LUHS3ACX4C89XRUZX</vin><color>LavenderBlush</color><year>1992</year></automobile><automobile><person_id>babeab4f-c974-4da9-bb4a-0e2009d45b54</person_id><license_plate>49S•338</license_plate><vin>3ZCSW7E89F0AHFMEZ</vin><color>Khaki</color><year>1975</year></automobile><automobile><person_id>436de496-ce24-46ba-9e77-b4ba154bd11c</person_id><license_plate>688 ULM</license_plate><vin>SRVC29VC910S9X0P9</vin><color>GreenYellow</color><year>2020</year></automobile><automobile><person_id>458a9a15-6d30-4155-8a3f-c3660a06daff</person_id><license_plate>DZS 591</license_plate><vin>LNV3D0C1XN7NLG6SZ</vin><color>LightGoldenRodYellow</color><year>1972</year></automobile><automobile><person_id>458a9a15-6d30-4155-8a3f-c3660a06daff</person_id><license_plate>N 869516</license_plate><vin>V06UK1DW57FKKY4FB</vin><color>Olive</color><year>1974</year></automobile><automobile><person_id>ba3d3f1f-0842-4256-b6d3-9406cd52fef6</person_id><license_plate>386 KB9</license_plate><vin>KK822WBH707UX8ZWZ</vin><color>Fuchsia</color><year>2016</year></automobile><automobile><person_id>ba3d3f1f-0842-4256-b6d3-9406cd52fef6</person_id><license_plate>ROK 927</license_plate><vin>PUZB7MDG5W4JXL6US</vin><color>PaleGreen</color><year>2013</year></automobile><automobile><person_id>ba3d3f1f-0842-4256-b6d3-9406cd52fef6</person_id><license_plate>853PEH</license_plate><vin>WA6TE7LBX55A25VG4</vin><color>HoneyDew</color><year>2005</year></automobile><automobile><person_id>d6f5890b-03ee-4dc5-8762-c9937e3a8865</person_id><license_plate>357 CLF</license_plate><vin>MXKUYTC85UH529NPH</vin><color>Aqua</color><year>1979</year></automobile><automobile><person_id>d6f5890b-03ee-4dc5-8762-c9937e3a8865</person_id><license_plate>QGQ 762</license_plate><vin>TXW205882V73Z0PKJ</vin><color>PowderBlue</color><year>1995</year></automobile><automobile><person_id>63f28426-c539-4544-8bc9-189d1478e6c2</person_id><license_plate>7FG 993</license_plate><vin>A5D7R97T5M49E9HYR</vin><color>DarkRed</color><year>1996</year></automobile><automobile><person_id>c505ef84-6152-4ed0-baf9-45df2470680e</person_id><license_plate>K 869119</license_plate><vin>X5EHD7J71T55BU7U4</vin><color>Aqua</color><year>2022</year></automobile><automobile><person_id>b39ba3af-35bb-497c-80cb-4ce1712e4969</person_id><license_plate>951 VLQ</license_plate><vin>NDFWM7J01FVR9ABVR</vin><color>RoyalBlue</color><year>1985</year></automobile><automobile><person_id>b39ba3af-35bb-497c-80cb-4ce1712e4969</person_id><license_plate>1KG V50</license_plate><vin>06XYESCS3LHEGN76T</vin><color>SaddleBrown</color><year>2009</year></automobile><automobile><person_id>b39ba3af-35bb-497c-80cb-4ce1712e4969</person_id><license_plate>YLH 023</license_plate><vin>SZ1KMR864G0E1G72J</vin><color>SkyBlue</color><year>1984</year></automobile><automobile><person_id>4d654ed8-2e18-4fc8-8e20-21c8abdbc2f6</person_id><license_plate>698 BA5</license_plate><vin>CHWXPNKS786218DU5</vin><color>Silver</color><year>2014</year></automobile><automobile><person_id>1c70e5b0-5fc2-4483-b4ad-242a9b2c1593</person_id><license_plate>22N 680</license_plate><vin>51R4MB4G0WDV2FDU3</vin><color>Wheat</color><year>1998</year></automobile><automobile><person_id>b0f9a3a8-bcbe-41ba-9cb4-7eb9888eabee</person_id><license_plate>7-4341Z</license_plate><vin>A1YE4XTZ8NTMAGJ6W</vin><color>LightSkyBlue</color><year>1983</year></automobile><automobile><person_id>f3e06063-6e25-42ae-87f1-f9e65b34a243</person_id><license_plate>XAR 930</license_plate><vin>5RJ9ZXEK2FXTMN44B</vin><color>Crimson</color><year>1977</year></automobile><automobile><person_id>f3e06063-6e25-42ae-87f1-f9e65b34a243</person_id><license_plate>HVB 510</license_plate><vin>KLW0JULU49YEPZEWK</vin><color>AntiqueWhite</color><year>1980</year></automobile><automobile><person_id>f3e06063-6e25-42ae-87f1-f9e65b34a243</person_id><license_plate>BIP 1005</license_plate><vin>8XGFCHG20T6DGPSJ8</vin><color>DarkViolet</color><year>1986</year></automobile><automobile><person_id>ca13f50b-e473-4934-bf71-acfa6d60205a</person_id><license_plate>2OGW442</license_plate><vin>NCMFPBV60MHL8Z1BD</vin><color>CornflowerBlue</color><year>1982</year></automobile><automobile><person_id>45f59d13-500d-4a97-8305-f0b9937e2d0d</person_id><license_plate>3AF 028</license_plate><vin>CV0E633Y1A8S48YLA</vin><color>MediumBlue</color><year>1984</year></automobile><automobile><person_id>31522401-308a-460f-b76d-0e94d33240dd</person_id><license_plate>ZWF-2487</license_plate><vin>JBGRL8HW01E5349Z6</vin><color>CadetBlue</color><year>1978</year></automobile><automobile><person_id>48bfd234-3bbf-44f2-9559-79e48fd43abe</person_id><license_plate>369-MPC</license_plate><vin>4F2ZZKDD298BPUYGA</vin><color>SpringGreen</color><year>2013</year></automobile><automobile><person_id>48bfd234-3bbf-44f2-9559-79e48fd43abe</person_id><license_plate>7ZJ1166</license_plate><vin>Z1XZ1TTC9U4HVZSHX</vin><color>Lime</color><year>2009</year></automobile><automobile><person_id>0aa85207-30de-40f6-95f3-009e99d91af0</person_id><license_plate>534-OCT</license_plate><vin>B0M50M2B1AYH69M9N</vin><color>MistyRose</color><year>1975</year></automobile><automobile><person_id>63cd0014-1017-42e5-9945-8d846ffcae44</person_id><license_plate>LIA 144</license_plate><vin>YALSW9ZC8A7CHSTHK</vin><color>MintCream</color><year>1995</year></automobile><automobile><person_id>63cd0014-1017-42e5-9945-8d846ffcae44</person_id><license_plate>CJH-9035</license_plate><vin>WKPAVVFE80PW9KW40</vin><color>LightSeaGreen</color><year>2008</year></automobile><automobile><person_id>4f21c3a2-82a3-4ae4-9fb8-4c729fb055a3</person_id><license_plate>1KG K83</license_plate><vin>PKBSBYZGXAR6MN4VA</vin><color>YellowGreen</color><year>1973</year></automobile><automobile><person_id>106ba002-48c3-4cb7-9f5c-e4f2a9aa7e9a</person_id><license_plate>0H 6628S</license_plate><vin>AYXVBGHG78SS83SF5</vin><color>Red</color><year>2012</year></automobile><automobile><person_id>84971362-ea8b-45e5-9ff3-a1736ac870b9</person_id><license_plate>26D 6738</license_plate><vin>SRFJFETL1M680S0B1</vin><color>PowderBlue</color><year>1985</year></automobile><automobile><person_id>9dd23601-0a81-4449-9adf-19630af74e2c</person_id><license_plate>CTD-8132</license_plate><vin>FL75DPNG701PG8G2V</vin><color>Aquamarine</color><year>1998</year></automobile><automobile><person_id>9dd23601-0a81-4449-9adf-19630af74e2c</person_id><license_plate>QBI 420</license_plate><vin>2DM2RNW2XYYC9DXYL</vin><color>SkyBlue</color><year>1984</year></automobile><automobile><person_id>c610786d-8add-4136-94c4-3b4b9fa2d5c6</person_id><license_plate>PLF 912</license_plate><vin>0FX3E8WD2DSA3FFU8</vin><color>DarkRed</color><year>2004</year></automobile><automobile><person_id>c610786d-8add-4136-94c4-3b4b9fa2d5c6</person_id><license_plate>HVU 714</license_plate><vin>43M6MBZG3WBUJ38SX</vin><color>Bisque</color><year>1970</year></automobile><automobile><person_id>38be0aff-89de-4cb8-bb98-2116f4b5ab53</person_id><license_plate>821 SA4</license_plate><vin>KDCXV6LJ9NMXL8B7D</vin><color>SkyBlue</color><year>2003</year></automobile><automobile><person_id>38be0aff-89de-4cb8-bb98-2116f4b5ab53</person_id><license_plate>8E B8527</license_plate><vin>CW0F0PDG8YWEWCAHM</vin><color>SlateBlue</color><year>1983</year></automobile><automobile><person_id>57a0291d-c9bb-4f29-9874-1c632016fa2b</person_id><license_plate>672835</license_plate><vin>ZX12LUR75EKBFAY6M</vin><color>FireBrick</color><year>1987</year></automobile><automobile><person_id>dbb8b700-5cfd-4e74-82d7-fa8e37d2251a</person_id><license_plate>0UE85</license_plate><vin>BMKNM0J8XSE80N224</vin><color>Orange</color><year>1987</year></automobile><automobile><person_id>56aeb207-6739-4c3d-8e21-ac80f86cc3cb</person_id><license_plate>6TD 136</license_plate><vin>M0TTEMKE03JP6LZD9</vin><color>BlanchedAlmond</color><year>1994</year></automobile><automobile><person_id>9d97194c-e723-4dfb-9917-0d0116f315b3</person_id><license_plate>7FU 247</license_plate><vin>5KGVJZGC4XBP5JCBF</vin><color>Lime</color><year>1993</year></automobile><automobile><person_id>221b2a6a-9b30-46c5-a489-6c784a388618</person_id><license_plate>809 WUM</license_plate><vin>JJZTWAFF5B3XDMCM2</vin><color>GoldenRod</color><year>2004</year></automobile><automobile><person_id>d838e1c6-e77f-4b1d-9f87-cb977fafa5c2</person_id><license_plate>0YJ39</license_plate><vin>SK3AG3DB3AHVHJZHH</vin><color>PeachPuff</color><year>1981</year></automobile><automobile><person_id>030559dc-24ae-47a6-a308-88a9c225b482</person_id><license_plate>690-KJN</license_plate><vin>ZXLWWF1Y32NGVSEPC</vin><color>OldLace</color><year>1991</year></automobile><automobile><person_id>030559dc-24ae-47a6-a308-88a9c225b482</person_id><license_plate>ZWF 342</license_plate><vin>84VETH7P7HWY6JUAE</vin><color>SkyBlue</color><year>2012</year></automobile><automobile><person_id>7ff05941-5f71-4b0b-b052-f87691954562</person_id><license_plate>B 620965</license_plate><vin>BKLFGCPAXL37E54RG</vin><color>LightSkyBlue</color><year>2002</year></automobile><automobile><person_id>9fd9d17a-6049-48b1-8cf4-92eea9be9401</person_id><license_plate>S92 9YW</license_plate><vin>46WNLJAVXKEXF2LGZ</vin><color>Azure</color><year>1978</year></automobile><automobile><person_id>9fd9d17a-6049-48b1-8cf4-92eea9be9401</person_id><license_plate>MG 04972</license_plate><vin>G8N7D4LK6WVTWS0EL</vin><color>DarkGoldenRod</color><year>2005</year></automobile><automobile><person_id>3ef09583-ce5b-4625-864c-64b53760b398</person_id><license_plate>UMQ-662</license_plate><vin>D9JLPP5T01246CVCX</vin><color>BlanchedAlmond</color><year>1987</year></automobile><automobile><person_id>5a9004b8-a9ae-4afb-9ad2-f49780123777</person_id><license_plate>R81-DUA</license_plate><vin>W9N79FGD4NAFKMRW6</vin><color>LightBlue</color><year>1977</year></automobile><automobile><person_id>5a9004b8-a9ae-4afb-9ad2-f49780123777</person_id><license_plate>93B 983</license_plate><vin>USVUPA4T0870R1DXR</vin><color>PaleTurquoise</color><year>1971</year></automobile><automobile><person_id>9f2e0889-76e7-4e03-9a9e-09ffd537a17a</person_id><license_plate>044 PGM</license_plate><vin>90P6Y2403MVFTV5WE</vin><color>MediumAquaMarine</color><year>1985</year></automobile><automobile><person_id>05cb78d4-0e67-4430-ae36-e73a07036504</person_id><license_plate>985-LJV</license_plate><vin>CLEV5LJM3R3HT8DLC</vin><color>DimGray</color><year>2008</year></automobile><automobile><person_id>87f44ecc-86a3-4c7b-bbe7-bd86e5fe2052</person_id><license_plate>74-XA29</license_plate><vin>39BA89XK1B3KM1TE0</vin><color>Navy</color><year>1970</year></automobile><automobile><person_id>87f44ecc-86a3-4c7b-bbe7-bd86e5fe2052</person_id><license_plate>VYO 319</license_plate><vin>0BP2NGKA7FT5FMYTT</vin><color>Plum</color><year>2020</year></automobile><automobile><person_id>3d8a3f0d-703a-43e9-987e-0bb7a8bfe28e</person_id><license_plate>VIZ 627</license_plate><vin>CW1545DU4DVLPT2JK</vin><color>LawnGreen</color><year>1982</year></automobile><automobile><person_id>61fb5c7c-45c0-42f8-b2b6-1feae4b9b3ef</person_id><license_plate>S 818128</license_plate><vin>Y3AZ9PZR0PL76WC63</vin><color>LightBlue</color><year>2021</year></automobile><automobile><person_id>b6bb7ebe-7df5-4e78-babc-972f7c9f408e</person_id><license_plate>71B 004</license_plate><vin>WPV3L1WP9UL2TZLJX</vin><color>Aqua</color><year>2015</year></automobile><automobile><person_id>b6bb7ebe-7df5-4e78-babc-972f7c9f408e</person_id><license_plate>HUD-385</license_plate><vin>B2L3J72T5TGUBYG31</vin><color>IndianRed</color><year>1987</year></automobile><automobile><person_id>32f764ae-c8a5-4106-9339-d9020c4254dd</person_id><license_plate>8H CQ794</license_plate><vin>59MZ43UT25UGMUSRA</vin><color>DarkKhaki</color><year>1971</year></automobile><automobile><person_id>32f764ae-c8a5-4106-9339-d9020c4254dd</person_id><license_plate>831 QMG</license_plate><vin>LVBBPD4M5D3R4J4FJ</vin><color>Coral</color><year>1976</year></automobile><automobile><person_id>09f127ec-3b39-4900-b7bb-b30b328a27de</person_id><license_plate>XL 93108</license_plate><vin>N6EP2HBM2EXLYD0HY</vin><color>LemonChiffon</color><year>1970</year></automobile><automobile><person_id>09f127ec-3b39-4900-b7bb-b30b328a27de</person_id><license_plate>016 AAN</license_plate><vin>6WMB9AEK6B2L5AVME</vin><color>DarkCyan</color><year>1976</year></automobile><automobile><person_id>fadbcfef-4e70-4811-9189-cb9d294ee0d8</person_id><license_plate>XM 7081</license_plate><vin>U9L2FU9Z10ZNEPPM3</vin><color>ForestGreen</color><year>1990</year></automobile><automobile><person_id>81fc5f82-cc93-4a5d-886d-f9a9eccb7a61</person_id><license_plate>R51-EWR</license_plate><vin>CZ2K3WVB06D5YL86K</vin><color>Maroon</color><year>1997</year></automobile><automobile><person_id>204510c1-d3da-4323-a1d9-d09337a2b652</person_id><license_plate>45L 238</license_plate><vin>AWECU16C11DDKFLK1</vin><color>MediumPurple</color><year>1973</year></automobile><automobile><person_id>204510c1-d3da-4323-a1d9-d09337a2b652</person_id><license_plate>337-ARU</license_plate><vin>RYMPXKS790FKJJT3Y</vin><color>AntiqueWhite</color><year>2011</year></automobile><automobile><person_id>9a72ca98-dee9-4949-918b-775576d1208c</person_id><license_plate>76T•189</license_plate><vin>7MBEGM4Y9SW71SK8B</vin><color>DarkSlateBlue</color><year>1976</year></automobile><automobile><person_id>d73eac0c-985b-45a2-9123-52e7ae740ce2</person_id><license_plate>QXH-8758</license_plate><vin>KPXD26AL09KZPZ04R</vin><color>Indigo</color><year>1978</year></automobile><automobile><person_id>3ee926c3-cb0d-4244-bdbd-8ef64544eb36</person_id><license_plate>92O 166</license_plate><vin>MY6GJ9SL1SMC1D165</vin><color>DarkOrange</color><year>2006</year></automobile><automobile><person_id>3ee926c3-cb0d-4244-bdbd-8ef64544eb36</person_id><license_plate>9183 YC</license_plate><vin>27V9KXA14GT7X3AUN</vin><color>LightSkyBlue</color><year>2006</year></automobile><automobile><person_id>3ee926c3-cb0d-4244-bdbd-8ef64544eb36</person_id><license_plate>KFG 356</license_plate><vin>8DSYMT2D83E390VS6</vin><color>Silver</color><year>1971</year></automobile><automobile><person_id>0d655fd9-3fe5-4654-a146-4dbf1ba729db</person_id><license_plate>761 FGQ</license_plate><vin>BCV8VA1H0KN9Y20EW</vin><color>IndianRed</color><year>1988</year></automobile><automobile><person_id>0d655fd9-3fe5-4654-a146-4dbf1ba729db</person_id><license_plate>831-EXN</license_plate><vin>XAU89EZH9J4EJMRCS</vin><color>Wheat</color><year>1978</year></automobile><automobile><person_id>2802f214-89bc-4cf1-ac32-e252cfd80ea5</person_id><license_plate>2YLV 37</license_plate><vin>0PT37S4V2LF07TGPE</vin><color>BurlyWood</color><year>1982</year></automobile><automobile><person_id>2802f214-89bc-4cf1-ac32-e252cfd80ea5</person_id><license_plate>7EB 539</license_plate><vin>NJ2R8S98512VWVDG7</vin><color>DarkMagenta</color><year>2011</year></automobile><automobile><person_id>2802f214-89bc-4cf1-ac32-e252cfd80ea5</person_id><license_plate>44T G54</license_plate><vin>XW1ULG331TT84VU22</vin><color>PowderBlue</color><year>1982</year></automobile><automobile><person_id>c3e1e3cc-24e3-41bc-9922-d0723f70082a</person_id><license_plate>02RE806</license_plate><vin>G4KWVRTN1L83DFXXD</vin><color>Pink</color><year>1983</year></automobile><automobile><person_id>c3e1e3cc-24e3-41bc-9922-d0723f70082a</person_id><license_plate>289 3VY</license_plate><vin>BWHYVT7X0XTKZR65D</vin><color>Bisque</color><year>2013</year></automobile><automobile><person_id>be22aba0-ecfe-4eb2-8b64-036ddb30f82b</person_id><license_plate>680 0PR</license_plate><vin>33HS76Z91FZ6USJDV</vin><color>Turquoise</color><year>2019</year></automobile><automobile><person_id>31fd95a1-7a1e-43cc-9b21-09af1dc65aac</person_id><license_plate>2D 09000</license_plate><vin>1ZBWLX9765TKCX3JT</vin><color>Beige</color><year>2010</year></automobile><automobile><person_id>31fd95a1-7a1e-43cc-9b21-09af1dc65aac</person_id><license_plate>166 MRJ</license_plate><vin>CS277ASV6BAZTB4J4</vin><color>DeepSkyBlue</color><year>1976</year></automobile><automobile><person_id>1da35b9a-cfee-4442-ae63-0fb54962a4a0</person_id><license_plate>ZPP 071</license_plate><vin>D397JHU7362ABPNGD</vin><color>MediumOrchid</color><year>2003</year></automobile><automobile><person_id>1da35b9a-cfee-4442-ae63-0fb54962a4a0</person_id><license_plate>DA 5648</license_plate><vin>E6YZX51D1B5X3JXL7</vin><color>Purple</color><year>2016</year></automobile><automobile><person_id>fde97783-95b3-4706-920b-b6689efb58a0</person_id><license_plate>A94-42X</license_plate><vin>Y3VWYR8J7918TFK08</vin><color>SandyBrown</color><year>2016</year></automobile><automobile><person_id>fde97783-95b3-4706-920b-b6689efb58a0</person_id><license_plate>LSC 868</license_plate><vin>GSJREB0N3MHUUY0SB</vin><color>Brown</color><year>1994</year></automobile><automobile><person_id>fde97783-95b3-4706-920b-b6689efb58a0</person_id><license_plate>7OWQ 98</license_plate><vin>LJP41JZW6UNJG4M49</vin><color>LightYellow</color><year>2022</year></automobile><automobile><person_id>2505f0d3-6848-4046-8093-952e59dced43</person_id><license_plate>84N 563</license_plate><vin>78DVV0JE5EE4T13RB</vin><color>Lime</color><year>1989</year></automobile><automobile><person_id>2505f0d3-6848-4046-8093-952e59dced43</person_id><license_plate>PID-044</license_plate><vin>U0R077YHXAP2DHJRW</vin><color>DarkViolet</color><year>2013</year></automobile><automobile><person_id>2505f0d3-6848-4046-8093-952e59dced43</person_id><license_plate>9-46439A</license_plate><vin>KSCHT0X40R6XT9V2D</vin><color>Khaki</color><year>2001</year></automobile><automobile><person_id>bdd5987b-231c-4385-9a4a-6fe9eb74e5e3</person_id><license_plate>954YD</license_plate><vin>1EX9S9KW4V8J4BBLB</vin><color>DarkGray</color><year>2019</year></automobile><automobile><person_id>bdd5987b-231c-4385-9a4a-6fe9eb74e5e3</person_id><license_plate>K94 5MI</license_plate><vin>95753U7J2KR6NJ450</vin><color>Orchid</color><year>2018</year></automobile><automobile><person_id>bdd5987b-231c-4385-9a4a-6fe9eb74e5e3</person_id><license_plate>P81 1FS</license_plate><vin>3J5VJTE25N0PEHAKE</vin><color>Gainsboro</color><year>1997</year></automobile><automobile><person_id>6be3f3f5-5f2c-42a1-9d8e-7f85bd7722ee</person_id><license_plate>27V L36</license_plate><vin>BVZZREUW5K0XF3ABK</vin><color>LemonChiffon</color><year>1971</year></automobile><automobile><person_id>6be3f3f5-5f2c-42a1-9d8e-7f85bd7722ee</person_id><license_plate>VOW-368</license_plate><vin>TZ5FXK973Y06Y66GG</vin><color>Sienna</color><year>1984</year></automobile></automobiles>