<?xml version="1.0" encoding="UTF-8" ?><automobiles><automobile><person_id>1c5531a6-b80c-4fbb-b8af-f18320087616</person_id><license_plate>06-4388H</license_plate><vin>Y74XBGKF2CF0GP54S</vin><color>Turquoise</color><year>2021</year></automobile><automobile><person_id>1c5531a6-b80c-4fbb-b8af-f18320087616</person_id><license_plate>XDB-2407</license_plate><vin>UC0NDB4V3ZRZB20J0</vin><color>PapayaWhip</color><year>2006</year></automobile><automobile><person_id>4203baaf-5a37-4ac5-9e67-b08c29593308</person_id><license_plate>139-OQN</license_plate><vin>5D9W0LL42MBBBJ4GY</vin><color>DarkMagenta</color><year>1981</year></automobile><automobile><person_id>718421a0-9f1b-4d91-b7e0-8cb3b8ebc432</person_id><license_plate>XZZ 450</license_plate><vin>7NYAB3H30F1EZ57AS</vin><color>Moccasin</color><year>1971</year></automobile><automobile><person_id>e5e19c92-05f7-445f-a7ac-3958dc8c013e</person_id><license_plate>0Q 9528B</license_plate><vin>C4EN1VPHX9XC5SLK7</vin><color>Fuchsia</color><year>2020</year></automobile><automobile><person_id>e5e19c92-05f7-445f-a7ac-3958dc8c013e</person_id><license_plate>CLK 4164</license_plate><vin>YMY8X8N24L1ACM296</vin><color>LightSeaGreen</color><year>2006</year></automobile><automobile><person_id>1ac6b78c-faac-455f-88d2-0ea04811f51e</person_id><license_plate>7EO7285</license_plate><vin>XVJ9JMU450DB61YB2</vin><color>DimGray</color><year>1980</year></automobile><automobile><person_id>1ac6b78c-faac-455f-88d2-0ea04811f51e</person_id><license_plate>642-116</license_plate><vin>B844CF7A3XDZBZ5B5</vin><color>MediumAquaMarine</color><year>1972</year></automobile><automobile><person_id>24b18bdc-9098-48a8-b689-aeed4ab2e02e</person_id><license_plate>60VN4</license_plate><vin>9VGEZ8YS3J58B012A</vin><color>Azure</color><year>1977</year></automobile><automobile><person_id>24b18bdc-9098-48a8-b689-aeed4ab2e02e</person_id><license_plate>07W NA3</license_plate><vin>KHD3RSTK5GWM3PVJZ</vin><color>YellowGreen</color><year>1992</year></automobile><automobile><person_id>35333118-2834-4419-b2d8-556879d9650d</person_id><license_plate>107-PTN</license_plate><vin>4P23LWJK9JF74407D</vin><color>FloralWhite</color><year>2020</year></automobile><automobile><person_id>4d79e984-2572-4272-8f02-d6186c795828</person_id><license_plate>3V610</license_plate><vin>H0V9YTJNX7ZSGB6F4</vin><color>MediumBlue</color><year>1999</year></automobile><automobile><person_id>e701b072-dcb2-4ce8-a304-9661839e1d23</person_id><license_plate>190OGW</license_plate><vin>CNKVY83M14VHC829R</vin><color>DarkGoldenRod</color><year>2001</year></automobile><automobile><person_id>e701b072-dcb2-4ce8-a304-9661839e1d23</person_id><license_plate>59-QN73</license_plate><vin>KRT527A885UKP4L34</vin><color>DarkSlateGray</color><year>1993</year></automobile><automobile><person_id>8a846c29-998b-417e-88d2-4de0c9446233</person_id><license_plate>807963</license_plate><vin>BG0UTGJH82VGEG7UP</vin><color>MediumOrchid</color><year>1983</year></automobile><automobile><person_id>f42c6252-5c07-41a8-bbb3-f4678e17388c</person_id><license_plate>P63 3FE</license_plate><vin>83NK9WEJXD85XET0S</vin><color>Black</color><year>2007</year></automobile><automobile><person_id>fc3ba13d-8ab1-491e-bd46-1c0d9912395d</person_id><license_plate>75-AU12</license_plate><vin>CDR5RAGXXEHEEZFVB</vin><color>PowderBlue</color><year>2011</year></automobile><automobile><person_id>fc3ba13d-8ab1-491e-bd46-1c0d9912395d</person_id><license_plate>359K7</license_plate><vin>A123C7J82JD5YZ8EG</vin><color>Ivory</color><year>2018</year></automobile><automobile><person_id>682fa4c5-def7-4601-8437-5501a9e11802</person_id><license_plate>EDV8487</license_plate><vin>TLGAFRPB48J33GBAX</vin><color>GhostWhite</color><year>2023</year></automobile><automobile><person_id>e8499498-1dfe-4097-9c08-d63158ce9e4d</person_id><license_plate>1J 75658</license_plate><vin>UV73PF3F4GA5AVYEJ</vin><color>OrangeRed</color><year>2012</year></automobile><automobile><person_id>e8499498-1dfe-4097-9c08-d63158ce9e4d</person_id><license_plate>O26 1LY</license_plate><vin>HDL226AM9ZWCGNL0E</vin><color>MediumBlue</color><year>1975</year></automobile><automobile><person_id>a02c1b05-3e90-471e-8b0f-cf9d62ce3258</person_id><license_plate>LFM-625</license_plate><vin>GJFSK8513KCUHFEN0</vin><color>Cyan</color><year>1978</year></automobile><automobile><person_id>09ad3c2f-9bd0-4d24-8636-91c98ebae055</person_id><license_plate>1D994</license_plate><vin>D5LZFEK93SLB2C3MR</vin><color>BlueViolet</color><year>1971</year></automobile><automobile><person_id>09ad3c2f-9bd0-4d24-8636-91c98ebae055</person_id><license_plate>KC2 7222</license_plate><vin>32KWLJV770PHVRJWM</vin><color>Snow</color><year>2016</year></automobile><automobile><person_id>a0875e5d-4748-475f-a08b-dd5b230b3c8d</person_id><license_plate>840-PMH</license_plate><vin>A1WR592033RB5H7FW</vin><color>MidnightBlue</color><year>2001</year></automobile><automobile><person_id>a0875e5d-4748-475f-a08b-dd5b230b3c8d</person_id><license_plate>7Q SN227</license_plate><vin>HVK8T38L4DLRHK5W9</vin><color>Gainsboro</color><year>2011</year></automobile><automobile><person_id>c3e6f161-1fe5-42fb-9884-815976903e03</person_id><license_plate>RWR6225</license_plate><vin>6H1WJCZK4ZYF68DAK</vin><color>DarkOrchid</color><year>2018</year></automobile><automobile><person_id>be739f50-10c3-447b-a77f-9629e2e6ed13</person_id><license_plate>658 5QA</license_plate><vin>GVVZL4035FK8DE1RU</vin><color>YellowGreen</color><year>1993</year></automobile><automobile><person_id>be739f50-10c3-447b-a77f-9629e2e6ed13</person_id><license_plate>6-89592</license_plate><vin>YJL2CWAM6F1L3KF04</vin><color>PaleVioletRed</color><year>2011</year></automobile><automobile><person_id>be739f50-10c3-447b-a77f-9629e2e6ed13</person_id><license_plate>403 DRG</license_plate><vin>FGSJKR0789FNUB9TU</vin><color>Moccasin</color><year>2000</year></automobile><automobile><person_id>97f573d0-858a-4738-b0bf-460164e21f83</person_id><license_plate>66-B133</license_plate><vin>318HWA049MXXANTS9</vin><color>Sienna</color><year>1997</year></automobile><automobile><person_id>97f573d0-858a-4738-b0bf-460164e21f83</person_id><license_plate>509L</license_plate><vin>T4412C5Z4N8TE33CT</vin><color>Moccasin</color><year>2017</year></automobile><automobile><person_id>028b2505-a492-415e-b762-8357c119021b</person_id><license_plate>6A 5S2LFU</license_plate><vin>7Z26DASY9L8SBWVGD</vin><color>Khaki</color><year>1972</year></automobile><automobile><person_id>8d2719b1-0894-4645-a53d-9376c541c18e</person_id><license_plate>LJN 519</license_plate><vin>RWPHC6HF6KVGBYBP0</vin><color>DeepPink</color><year>1986</year></automobile><automobile><person_id>8d2719b1-0894-4645-a53d-9376c541c18e</person_id><license_plate>7-8587Q</license_plate><vin>HVC9MWNG4ZC7P8KD0</vin><color>LightSkyBlue</color><year>1982</year></automobile><automobile><person_id>89337032-7bbc-4d6b-a66c-7005e777e929</person_id><license_plate>HUB-9163</license_plate><vin>NHMTUJ305ER0VSLN1</vin><color>Cyan</color><year>1996</year></automobile><automobile><person_id>89337032-7bbc-4d6b-a66c-7005e777e929</person_id><license_plate>069202</license_plate><vin>2YFRU12T1SU335B24</vin><color>PaleVioletRed</color><year>2002</year></automobile><automobile><person_id>e9d9ec3d-f4c4-4977-80b8-ac98fcd5eafa</person_id><license_plate>316XRK</license_plate><vin>19PSGDX78EJZCL18A</vin><color>HoneyDew</color><year>2001</year></automobile><automobile><person_id>e9d9ec3d-f4c4-4977-80b8-ac98fcd5eafa</person_id><license_plate>DNQ4353</license_plate><vin>DEPVCN6X901YD3MCW</vin><color>Salmon</color><year>1972</year></automobile><automobile><person_id>7403ac4f-d7c7-4126-912f-cac3aa80498f</person_id><license_plate>R72 8AQ</license_plate><vin>R3PAW16E1KCHNZHUL</vin><color>SandyBrown</color><year>1998</year></automobile><automobile><person_id>7403ac4f-d7c7-4126-912f-cac3aa80498f</person_id><license_plate>OYT 882</license_plate><vin>901JM498426W235YW</vin><color>LemonChiffon</color><year>1976</year></automobile><automobile><person_id>0e81fa65-7e04-4885-a43a-e14df95a3d6d</person_id><license_plate>KCB 792</license_plate><vin>CYN0G2M08PHNZ20GH</vin><color>Tan</color><year>2020</year></automobile><automobile><person_id>deac53a5-9ca6-4693-9b64-eadbec4430d1</person_id><license_plate>63-4353H</license_plate><vin>KZDBFFBY3G5VDPTVJ</vin><color>PaleGreen</color><year>2004</year></automobile><automobile><person_id>deac53a5-9ca6-4693-9b64-eadbec4430d1</person_id><license_plate>68G 0998</license_plate><vin>UZ5KUZWSX95FRKBXL</vin><color>Linen</color><year>2010</year></automobile><automobile><person_id>7b4afbac-8c3f-4567-b43b-04ff2b5f027d</person_id><license_plate>R04 8LD</license_plate><vin>MW4D92RX9D6G8RL8H</vin><color>LavenderBlush</color><year>1985</year></automobile><automobile><person_id>37ca6359-53f0-4431-ad57-e21fce3691a7</person_id><license_plate>8S 42339</license_plate><vin>W7C4TGX6948277T81</vin><color>Navy</color><year>1992</year></automobile><automobile><person_id>08db9702-a4c2-46b0-a3e0-6aa63858ceb4</person_id><license_plate>97-3307Z</license_plate><vin>2JHHFYC02NW9M8L8V</vin><color>DarkSlateBlue</color><year>2004</year></automobile><automobile><person_id>08db9702-a4c2-46b0-a3e0-6aa63858ceb4</person_id><license_plate>494ZOW</license_plate><vin>L6YTHD4H3UHWXWT5Z</vin><color>MidnightBlue</color><year>2016</year></automobile><automobile><person_id>23a56bde-d3bc-4cf2-9528-dc699a0f5436</person_id><license_plate>720-HJK</license_plate><vin>FBJZ8G2F0VVPNEGPY</vin><color>Lime</color><year>2018</year></automobile><automobile><person_id>ff4097b1-1653-4a90-884f-e5425f7479f6</person_id><license_plate>587 AEY</license_plate><vin>VXP952PJ77YRSZ110</vin><color>LimeGreen</color><year>2021</year></automobile><automobile><person_id>b54b6a28-64ad-44ce-8197-c954a5acc7c7</person_id><license_plate>6PN3847</license_plate><vin>XSD31M559HB5060WY</vin><color>Tomato</color><year>2022</year></automobile><automobile><person_id>16adf469-2b88-458c-b5af-0404d85a4838</person_id><license_plate>92-W365</license_plate><vin>MH02R2N7502EB349Y</vin><color>LightPink</color><year>2015</year></automobile><automobile><person_id>63d51b56-d223-4db6-8986-1d2ecadf393b</person_id><license_plate>3BLM609</license_plate><vin>DAMRED3010P3BY3RL</vin><color>Magenta</color><year>2009</year></automobile><automobile><person_id>63d51b56-d223-4db6-8986-1d2ecadf393b</person_id><license_plate>597 OIE</license_plate><vin>D4MMWK258BH7Y7PHH</vin><color>Purple</color><year>2016</year></automobile><automobile><person_id>63d51b56-d223-4db6-8986-1d2ecadf393b</person_id><license_plate>SAR 233</license_plate><vin>H4CV2KJT3URNT27HC</vin><color>DarkMagenta</color><year>1973</year></automobile><automobile><person_id>e165af41-3c12-4e8f-871a-fdf43078d5e1</person_id><license_plate>586 HYH</license_plate><vin>YV3YPYF77RVAZDMPY</vin><color>Yellow</color><year>2012</year></automobile><automobile><person_id>e165af41-3c12-4e8f-871a-fdf43078d5e1</person_id><license_plate>HHO 403</license_plate><vin>CSJM4V1CXBXACX4J8</vin><color>Silver</color><year>1986</year></automobile><automobile><person_id>36e6ed3d-964e-4a4c-8302-33cfecb4fd7d</person_id><license_plate>ZYB 262</license_plate><vin>0GUGP8WY50RCGCRS6</vin><color>Chocolate</color><year>1970</year></automobile><automobile><person_id>36e6ed3d-964e-4a4c-8302-33cfecb4fd7d</person_id><license_plate>MHA8731</license_plate><vin>G51SBW0E11WTDHWDP</vin><color>DarkOrchid</color><year>1970</year></automobile><automobile><person_id>dfa9ec02-a586-4eb9-aaaf-1998aea29509</person_id><license_plate>876-XYF</license_plate><vin>77DM5VXEX88Y1NZ4D</vin><color>LightCoral</color><year>2022</year></automobile><automobile><person_id>dfa9ec02-a586-4eb9-aaaf-1998aea29509</person_id><license_plate>865 BDO</license_plate><vin>FV6S79ZF49W0E4TY0</vin><color>Beige</color><year>2018</year></automobile><automobile><person_id>b04febd9-9b49-415e-9bab-b184072c4745</person_id><license_plate>847 QCN</license_plate><vin>AHSHRBGD1AF9SNZXB</vin><color>DodgerBlue</color><year>1993</year></automobile><automobile><person_id>b04febd9-9b49-415e-9bab-b184072c4745</person_id><license_plate>831ET</license_plate><vin>AUL3TTSS8JLLR6YRH</vin><color>DarkSlateGray</color><year>2021</year></automobile><automobile><person_id>b04febd9-9b49-415e-9bab-b184072c4745</person_id><license_plate>QEU 126</license_plate><vin>0ZPJYBAV3N85WBBKT</vin><color>LavenderBlush</color><year>2000</year></automobile><automobile><person_id>d563b998-af43-4620-9d15-d63d9c024496</person_id><license_plate>1V 68313</license_plate><vin>R460FA61030YACFPR</vin><color>Tan</color><year>2003</year></automobile><automobile><person_id>4a470240-7327-4d0e-92a5-d963efb6935c</person_id><license_plate>01BD3</license_plate><vin>1DYF4UCT331M8RF9X</vin><color>GoldenRod</color><year>2022</year></automobile><automobile><person_id>d0d3e1cd-46f0-40a6-b558-be59bda6a1e6</person_id><license_plate>VYF 115</license_plate><vin>ETJ8AD5A6Y2YAK9AH</vin><color>LightCyan</color><year>1995</year></automobile><automobile><person_id>d0d3e1cd-46f0-40a6-b558-be59bda6a1e6</person_id><license_plate>4407 ZM</license_plate><vin>YLMEH5NLXXX1TYSPY</vin><color>HotPink</color><year>2004</year></automobile><automobile><person_id>ae711ec0-c086-43b3-8d46-dd04b03e9d84</person_id><license_plate>6-X5696</license_plate><vin>L594DGEL3WS8BC44M</vin><color>Plum</color><year>2003</year></automobile><automobile><person_id>7d922942-bd3c-439a-8f6d-e9c6d36abdf3</person_id><license_plate>1-5745R</license_plate><vin>LLE96B8Z8B1CJKAD7</vin><color>LightGray</color><year>2007</year></automobile><automobile><person_id>274e40c3-fa93-4f44-8a4c-0e6c36917cea</person_id><license_plate>625-VWGE</license_plate><vin>1H97YHPY0XRM74HCG</vin><color>MediumOrchid</color><year>1990</year></automobile><automobile><person_id>a56bc74f-d570-4919-9dc1-93c8599d1d2b</person_id><license_plate>MVV 357</license_plate><vin>2PVL1SC845UFWMXX7</vin><color>Coral</color><year>1977</year></automobile><automobile><person_id>7370fd7f-181e-4324-8528-b080a1bfd6d4</person_id><license_plate>CFH 609</license_plate><vin>XEVYVUCB12GCDP4CE</vin><color>FireBrick</color><year>1996</year></automobile><automobile><person_id>91bbc6c1-8a6a-41b9-8f92-bf2b5148febc</person_id><license_plate>LVP 233</license_plate><vin>UEPZ4E156YUX51T6A</vin><color>Salmon</color><year>1994</year></automobile><automobile><person_id>91bbc6c1-8a6a-41b9-8f92-bf2b5148febc</person_id><license_plate>14O 829</license_plate><vin>K6VEJFUK0JM7EWZ2M</vin><color>DarkGreen</color><year>1982</year></automobile><automobile><person_id>91bbc6c1-8a6a-41b9-8f92-bf2b5148febc</person_id><license_plate>871 9TX</license_plate><vin>NGP6FV1N8NZSSU73R</vin><color>Chartreuse</color><year>2018</year></automobile><automobile><person_id>a871a9fb-51d5-4aa1-bfbf-57ade7005def</person_id><license_plate>645-YUJ</license_plate><vin>TW80459307WKX6V5K</vin><color>Snow</color><year>2006</year></automobile><automobile><person_id>3eb87365-822a-46c6-b7fc-487c12e8b752</person_id><license_plate>NFE C00</license_plate><vin>U091C3UK3N17DD735</vin><color>DarkSalmon</color><year>1980</year></automobile><automobile><person_id>5e5071b7-87ea-4c48-893a-4b64e78ca8ed</person_id><license_plate>45M 249</license_plate><vin>71DPU0GX5E0RY4XSJ</vin><color>LightSalmon</color><year>2001</year></automobile><automobile><person_id>5e5071b7-87ea-4c48-893a-4b64e78ca8ed</person_id><license_plate>VQB 157</license_plate><vin>W70FS3A45LFA8CANR</vin><color>Moccasin</color><year>2010</year></automobile><automobile><person_id>c54c95bd-d0c5-403b-8e07-810e3e0f04a6</person_id><license_plate>YP0 V8E</license_plate><vin>HLTF14VG5V1E0ZSX5</vin><color>SlateBlue</color><year>1981</year></automobile><automobile><person_id>c54c95bd-d0c5-403b-8e07-810e3e0f04a6</person_id><license_plate>671-989</license_plate><vin>D9J0HD4720CH93URY</vin><color>Fuchsia</color><year>2010</year></automobile><automobile><person_id>c54c95bd-d0c5-403b-8e07-810e3e0f04a6</person_id><license_plate>30D K88</license_plate><vin>0EV2N91W89B9J39SD</vin><color>DimGray</color><year>1975</year></automobile><automobile><person_id>df3dc7b7-3d26-490f-a0c5-be7de97fc525</person_id><license_plate>99-11032</license_plate><vin>4X7YMVDX14EGF7U3X</vin><color>LavenderBlush</color><year>1993</year></automobile><automobile><person_id>ca71c765-cdb4-47f8-810c-d5b38c3e3fcb</person_id><license_plate>LNQ 917</license_plate><vin>5MRWDWZMXCGBXWWT2</vin><color>Orchid</color><year>1981</year></automobile><automobile><person_id>9c8eaafb-5d15-48f2-8bbf-85186608597a</person_id><license_plate>ZCT 510</license_plate><vin>G2TJ381E299YR0EMN</vin><color>Gold</color><year>1993</year></automobile><automobile><person_id>e2155846-cecb-4713-9da8-8cface393ddf</person_id><license_plate>9KU7224</license_plate><vin>SA70DDUR67HS9XZ00</vin><color>Orchid</color><year>2011</year></automobile><automobile><person_id>ccfe0b36-1f21-4845-bebd-e684394b6e40</person_id><license_plate>UJJ-731</license_plate><vin>S1SA2MPR88U5ASJL3</vin><color>MediumTurquoise</color><year>2004</year></automobile><automobile><person_id>ccfe0b36-1f21-4845-bebd-e684394b6e40</person_id><license_plate>49M U23</license_plate><vin>587M60XA1M3WUYNUB</vin><color>LightGreen</color><year>2004</year></automobile><automobile><person_id>68faa2da-bf2a-4e61-a227-19bff6f05cfc</person_id><license_plate>514 5511</license_plate><vin>2BSA5B0G7MWZD7NB3</vin><color>DarkSlateBlue</color><year>1981</year></automobile><automobile><person_id>24f29124-0d5f-4bfe-a9c6-986e21d19421</person_id><license_plate>6-0306D</license_plate><vin>LMYEUYJR5N0KE4S1J</vin><color>White</color><year>2017</year></automobile><automobile><person_id>3e14778c-6477-41c6-9619-e102134f7f53</person_id><license_plate>LEG 459</license_plate><vin>T05ZXE018VH4381BG</vin><color>MediumOrchid</color><year>2000</year></automobile><automobile><person_id>3e14778c-6477-41c6-9619-e102134f7f53</person_id><license_plate>JMC 504</license_plate><vin>6V3ZKSBW81GG3P578</vin><color>OliveDrab</color><year>2017</year></automobile><automobile><person_id>171b3ecb-c287-42f6-894c-8c708a10ae7b</person_id><license_plate>TT2 K0E</license_plate><vin>GX26434F4A8DPXLDA</vin><color>DarkCyan</color><year>1988</year></automobile><automobile><person_id>171b3ecb-c287-42f6-894c-8c708a10ae7b</person_id><license_plate>9-F8419</license_plate><vin>F1W5LKE750KPYKLAY</vin><color>MediumVioletRed</color><year>1993</year></automobile><automobile><person_id>171b3ecb-c287-42f6-894c-8c708a10ae7b</person_id><license_plate>V84 0HM</license_plate><vin>SMLYMZUF20K5U6XT5</vin><color>PaleGoldenRod</color><year>2007</year></automobile><automobile><person_id>6826897b-03e1-4112-9658-24c9710ec701</person_id><license_plate>BJT-1609</license_plate><vin>EMPDFWVC0PJ0V1ZC0</vin><color>LightSteelBlue</color><year>1973</year></automobile><automobile><person_id>6826897b-03e1-4112-9658-24c9710ec701</person_id><license_plate>FMF 681</license_plate><vin>8L81L13AX7ZDZDHLP</vin><color>LightSeaGreen</color><year>2013</year></automobile><automobile><person_id>ed460f54-87cd-425f-9dd3-926b3152c96c</person_id><license_plate>6730 ZP</license_plate><vin>GP28PPCT74ZCT7CJM</vin><color>MediumBlue</color><year>2023</year></automobile><automobile><person_id>c622acee-f8f3-4fb4-be59-6b2677b4e8e4</person_id><license_plate>0T990</license_plate><vin>A1V17X2GXKEFL3MAB</vin><color>Cyan</color><year>1991</year></automobile><automobile><person_id>e6f39c22-f8b9-47b3-a8c6-fa52a66690c6</person_id><license_plate>004 9DR</license_plate><vin>YM8AZ6EM2N1UNKHBW</vin><color>Black</color><year>2015</year></automobile><automobile><person_id>e6f39c22-f8b9-47b3-a8c6-fa52a66690c6</person_id><license_plate>NV8 5534</license_plate><vin>DJZZ1SRY51R2LXKJZ</vin><color>Lavender</color><year>2002</year></automobile><automobile><person_id>b1a6fa34-c1b3-4cb0-ba39-a2e2401a52c4</person_id><license_plate>69T Z10</license_plate><vin>W1VC2R25190VR4LF5</vin><color>SteelBlue</color><year>1974</year></automobile><automobile><person_id>fce8508a-8349-400f-9199-cc57d85c3d7a</person_id><license_plate>ZPO 648</license_plate><vin>VADS2YH47F1290FPS</vin><color>Aquamarine</color><year>1997</year></automobile><automobile><person_id>fce8508a-8349-400f-9199-cc57d85c3d7a</person_id><license_plate>NII-5994</license_plate><vin>6T1U34E71A7DFPFL6</vin><color>Gold</color><year>1988</year></automobile><automobile><person_id>f090d14d-9eac-428b-a4bb-636aa230bce6</person_id><license_plate>7YM 269</license_plate><vin>6UHREUX18USW39Z52</vin><color>White</color><year>1984</year></automobile><automobile><person_id>f090d14d-9eac-428b-a4bb-636aa230bce6</person_id><license_plate>3-4422H</license_plate><vin>J7CGNA0N0DZDAH02X</vin><color>Crimson</color><year>1987</year></automobile><automobile><person_id>a1af10ab-7e6f-4b41-b92d-1a10c515f933</person_id><license_plate>373-NRF</license_plate><vin>2MGZKC5Z189NJYRRK</vin><color>Violet</color><year>2004</year></automobile><automobile><person_id>a1af10ab-7e6f-4b41-b92d-1a10c515f933</person_id><license_plate>516-GDL</license_plate><vin>YJ1W0STN0B80K9ELK</vin><color>Navy</color><year>2012</year></automobile><automobile><person_id>421404e9-27bc-47ff-9c80-402f2baf6cd8</person_id><license_plate>2OA 344</license_plate><vin>WG42NM88XNMYT61RW</vin><color>Khaki</color><year>2011</year></automobile><automobile><person_id>48cda270-dffc-42ea-a1e5-3346f5ed11d1</person_id><license_plate>G27 5FA</license_plate><vin>BZTY8S7T1RTHCF53C</vin><color>DarkSlateBlue</color><year>2021</year></automobile><automobile><person_id>48cda270-dffc-42ea-a1e5-3346f5ed11d1</person_id><license_plate>340-COB</license_plate><vin>KYJM2VP051HNR78LC</vin><color>LightSlateGray</color><year>1993</year></automobile><automobile><person_id>db640354-f31f-4801-af87-529861783d7e</person_id><license_plate>HOJ 306</license_plate><vin>4ZN8FA1R7BMXJVCAZ</vin><color>Black</color><year>1978</year></automobile><automobile><person_id>54fee8c1-18a7-42a2-b906-b8a7c2c91bdd</person_id><license_plate>RW9 7311</license_plate><vin>P36LST8YXWRRDZ2B7</vin><color>NavajoWhite</color><year>1994</year></automobile><automobile><person_id>1a9f6cec-1507-4aa3-b64d-778e6d260546</person_id><license_plate>HPE-8716</license_plate><vin>ZX9GHXVK5R9ZSLHXN</vin><color>DarkTurquoise</color><year>2009</year></automobile><automobile><person_id>bc7150a9-6e8c-4dd2-9e98-73be66e197a1</person_id><license_plate>21-09642</license_plate><vin>LH1JLS6K3469HBY0E</vin><color>AliceBlue</color><year>2004</year></automobile><automobile><person_id>bc7150a9-6e8c-4dd2-9e98-73be66e197a1</person_id><license_plate>9R 8K0AJZ</license_plate><vin>3TYU72XB6LD4U71H7</vin><color>Wheat</color><year>1994</year></automobile><automobile><person_id>4ff81bcc-fb55-4d2d-89e0-dcbdf4d6753b</person_id><license_plate>NMA-0259</license_plate><vin>S7695KBJ0HL19X3FN</vin><color>DarkMagenta</color><year>1989</year></automobile><automobile><person_id>4ff81bcc-fb55-4d2d-89e0-dcbdf4d6753b</person_id><license_plate>9KLA277</license_plate><vin>B71493SL0MT60VDB0</vin><color>DimGray</color><year>1976</year></automobile><automobile><person_id>4ff81bcc-fb55-4d2d-89e0-dcbdf4d6753b</person_id><license_plate>410 PUH</license_plate><vin>2ZDH2XJR36SFWCNDL</vin><color>Chartreuse</color><year>2002</year></automobile><automobile><person_id>ae9befde-8bf0-41a6-aad1-059fb33a42a0</person_id><license_plate>MUU 677</license_plate><vin>8K03WFDM81G27U8MG</vin><color>DarkGray</color><year>2003</year></automobile><automobile><person_id>c51f7e7f-b79d-45ad-ac18-2ee6fa94daa3</person_id><license_plate>0-C6806</license_plate><vin>T80PWY2N5A2FEXTYH</vin><color>SandyBrown</color><year>1973</year></automobile><automobile><person_id>c51f7e7f-b79d-45ad-ac18-2ee6fa94daa3</person_id><license_plate>8I 5172C</license_plate><vin>3DDT7AUMXA76HHV19</vin><color>MintCream</color><year>1988</year></automobile><automobile><person_id>c51f7e7f-b79d-45ad-ac18-2ee6fa94daa3</person_id><license_plate>V 136009</license_plate><vin>KV99A7MG1U1R8N8JL</vin><color>GreenYellow</color><year>1989</year></automobile><automobile><person_id>b362ca95-8634-43ca-a107-96115ac1f981</person_id><license_plate>06-08217</license_plate><vin>522N4AEA9ZJ5TEV9T</vin><color>Linen</color><year>1982</year></automobile></automobiles>