<?xml version="1.0" encoding="UTF-8" ?><automobiles><automobile><person_id>dfa9aed5-7172-4e91-84a0-1b0a77e12b86</person_id><license_plate>QFF 087</license_plate><vin>CL6TK95K73FE5SHXT</vin><color>SandyBrown</color><year>1982</year></automobile><automobile><person_id>ba743372-658b-48cd-a8b4-ae125a151b31</person_id><license_plate>3Q380</license_plate><vin>WPCAK8EK7EH8VW3YS</vin><color>LavenderBlush</color><year>2023</year></automobile><automobile><person_id>ba743372-658b-48cd-a8b4-ae125a151b31</person_id><license_plate>CLT 179</license_plate><vin>EJ90XVM508JD3FUDV</vin><color>ForestGreen</color><year>2019</year></automobile><automobile><person_id>ba743372-658b-48cd-a8b4-ae125a151b31</person_id><license_plate>38R E99</license_plate><vin>ECBGKDYM89G9HBGER</vin><color>Snow</color><year>1980</year></automobile><automobile><person_id>829a6ec5-6bc2-4ee4-bb6a-b3b36152ec25</person_id><license_plate>62-13425</license_plate><vin>AD075YPR3LNRSYDPH</vin><color>Purple</color><year>1977</year></automobile><automobile><person_id>56b147ea-8c68-494a-916a-b57b741fe4c0</person_id><license_plate>467-IHF</license_plate><vin>PDD6NEU28YM141FAX</vin><color>LawnGreen</color><year>2009</year></automobile><automobile><person_id>56b147ea-8c68-494a-916a-b57b741fe4c0</person_id><license_plate>0DM43</license_plate><vin>1Z9CHB950NRMRH0FP</vin><color>Yellow</color><year>2015</year></automobile><automobile><person_id>1ca5bb75-e0fa-469e-ae12-097d6047c1a4</person_id><license_plate>530 PZ3</license_plate><vin>UD3LFW5910KZ27NDK</vin><color>IndianRed</color><year>2005</year></automobile><automobile><person_id>1ca5bb75-e0fa-469e-ae12-097d6047c1a4</person_id><license_plate>01H B11</license_plate><vin>EXPK41Y0X48PE1MTE</vin><color>Navy</color><year>1994</year></automobile><automobile><person_id>145eede5-4557-499d-9f8f-6d0881968e1b</person_id><license_plate>874 POJ</license_plate><vin>2XBVKRJ816KHTM6U0</vin><color>HotPink</color><year>2004</year></automobile><automobile><person_id>fe96414e-7884-4e03-b1da-2d0b2f711949</person_id><license_plate>93M•184</license_plate><vin>1G06RVMT5Z9L0CLLS</vin><color>Green</color><year>2021</year></automobile><automobile><person_id>fe96414e-7884-4e03-b1da-2d0b2f711949</person_id><license_plate>51V 132</license_plate><vin>MU96X28Z372ZGJDR2</vin><color>Azure</color><year>2000</year></automobile><automobile><person_id>df453340-70e0-472b-bf87-35f443faffd5</person_id><license_plate>81R I98</license_plate><vin>K6AYGHP59AUU7X7XW</vin><color>Silver</color><year>1989</year></automobile><automobile><person_id>df453340-70e0-472b-bf87-35f443faffd5</person_id><license_plate>3-46983O</license_plate><vin>DMRXYDLN6SBYJRETH</vin><color>HoneyDew</color><year>1990</year></automobile><automobile><person_id>531c4ad7-4ac0-4470-ab01-3e39661ffa99</person_id><license_plate>8AV E46</license_plate><vin>R9FB5RYK4M3E9PHVK</vin><color>RosyBrown</color><year>2013</year></automobile><automobile><person_id>531c4ad7-4ac0-4470-ab01-3e39661ffa99</person_id><license_plate>35W W33</license_plate><vin>6SSB3GZGXX3F573AX</vin><color>Pink</color><year>2012</year></automobile><automobile><person_id>99857665-6f79-4a01-8969-d35dcab824af</person_id><license_plate>658 8898</license_plate><vin>111N48SU8J8E4DPTU</vin><color>Peru</color><year>2022</year></automobile><automobile><person_id>4e58753b-6ef8-4224-83c5-648e76d77390</person_id><license_plate>JAB 872</license_plate><vin>L3706ZMP20FBR3EV8</vin><color>AliceBlue</color><year>2018</year></automobile><automobile><person_id>4e58753b-6ef8-4224-83c5-648e76d77390</person_id><license_plate>0V 8U8IJO</license_plate><vin>2N2EY5JR2E62EUEC9</vin><color>Turquoise</color><year>2022</year></automobile><automobile><person_id>a746fe5c-cb92-4648-88b9-12b3732bb110</person_id><license_plate>347-ZRJ</license_plate><vin>8UCB48VG7N6ERGRC0</vin><color>RoyalBlue</color><year>1985</year></automobile><automobile><person_id>4078fa77-ba42-4e88-8bde-062757994b15</person_id><license_plate>FKM-5530</license_plate><vin>C04070DL5WT1MJW0C</vin><color>MidnightBlue</color><year>1977</year></automobile><automobile><person_id>4078fa77-ba42-4e88-8bde-062757994b15</person_id><license_plate>K 748819</license_plate><vin>FL0XPNAJXEJF9HW85</vin><color>DarkSalmon</color><year>2011</year></automobile><automobile><person_id>0ddb0efc-550d-4bfa-a5bc-01cace4df80a</person_id><license_plate>32-4983G</license_plate><vin>RUG4M8R97GKFRD8J3</vin><color>White</color><year>1970</year></automobile><automobile><person_id>41b834f4-2892-4dfe-b4bb-522c5a2d082c</person_id><license_plate>LLS 015</license_plate><vin>DG8BZ3U57EF8NCZ1Y</vin><color>SlateBlue</color><year>2009</year></automobile><automobile><person_id>41b834f4-2892-4dfe-b4bb-522c5a2d082c</person_id><license_plate>7S 5125I</license_plate><vin>CLJVU0KF236RGNZLG</vin><color>GhostWhite</color><year>1994</year></automobile><automobile><person_id>d772002d-c0d5-4d14-98c1-21755fdc447b</person_id><license_plate>KEP 452</license_plate><vin>BAB86NDM22X1T0EY8</vin><color>Peru</color><year>1979</year></automobile><automobile><person_id>d772002d-c0d5-4d14-98c1-21755fdc447b</person_id><license_plate>5FW2953</license_plate><vin>BRJU81P57V7MZ3D91</vin><color>IndianRed</color><year>1973</year></automobile><automobile><person_id>90c328f1-07fd-45ef-9190-6febc04e2bf5</person_id><license_plate>5SJ Q42</license_plate><vin>VFZTKKY38GRGN75Y5</vin><color>SlateGray</color><year>2019</year></automobile><automobile><person_id>8869d4aa-c018-4005-9ddc-f62774235942</person_id><license_plate>338L1</license_plate><vin>C1KY55291PU6HAYDC</vin><color>LightBlue</color><year>2016</year></automobile><automobile><person_id>d981be32-85d5-4432-9dac-30c27a634869</person_id><license_plate>84-AW54</license_plate><vin>D8KKX6VD87B5ZC7PN</vin><color>SteelBlue</color><year>2003</year></automobile><automobile><person_id>d981be32-85d5-4432-9dac-30c27a634869</person_id><license_plate>LVC 133</license_plate><vin>5A4GHJGG9P9RJ4UTM</vin><color>Olive</color><year>2018</year></automobile><automobile><person_id>7f91adbb-73ff-4f89-903d-8ed7c8bcdec5</person_id><license_plate>9CF0230</license_plate><vin>4FN49YKY49CG1SNVB</vin><color>Ivory</color><year>1996</year></automobile><automobile><person_id>7f91adbb-73ff-4f89-903d-8ed7c8bcdec5</person_id><license_plate>25N U79</license_plate><vin>JGDS09RX9FKAGHZDP</vin><color>Thistle</color><year>1987</year></automobile><automobile><person_id>7f91adbb-73ff-4f89-903d-8ed7c8bcdec5</person_id><license_plate>L58 1JS</license_plate><vin>1YD6ANEM369LZKZS7</vin><color>DarkViolet</color><year>1999</year></automobile><automobile><person_id>69873c0c-37c1-411e-b617-cd114c489e5b</person_id><license_plate>011-NVI</license_plate><vin>7XV6YDJX51KY9GW69</vin><color>AliceBlue</color><year>2004</year></automobile><automobile><person_id>f28b3f4b-f5bb-4f3c-906a-e97383eb6855</person_id><license_plate>4050</license_plate><vin>W617TTML301EWSCRS</vin><color>Peru</color><year>1978</year></automobile><automobile><person_id>316381d2-95ad-43ea-8263-dd37abec3959</person_id><license_plate>7RQ 005</license_plate><vin>64462ARLXDSFJMULL</vin><color>DarkMagenta</color><year>1991</year></automobile><automobile><person_id>316381d2-95ad-43ea-8263-dd37abec3959</person_id><license_plate>IHD 118</license_plate><vin>9354TBRR0X35JA3RV</vin><color>DarkOrchid</color><year>1980</year></automobile><automobile><person_id>316381d2-95ad-43ea-8263-dd37abec3959</person_id><license_plate>783W4</license_plate><vin>X0EUWDGFXTGEYN23S</vin><color>DarkTurquoise</color><year>1987</year></automobile><automobile><person_id>cc0170c4-7a4b-41c3-afb1-71489f22813f</person_id><license_plate>796P8</license_plate><vin>KDTS165639NKLZGEH</vin><color>LimeGreen</color><year>2018</year></automobile><automobile><person_id>cc0170c4-7a4b-41c3-afb1-71489f22813f</person_id><license_plate>G70-FBH</license_plate><vin>FXFA4E9T8YJF7F67G</vin><color>Pink</color><year>2022</year></automobile><automobile><person_id>403b7f8c-1b96-41b6-9a7e-0bffa7e71c6a</person_id><license_plate>901ZB</license_plate><vin>VFF9D9YH7ADHJK0EL</vin><color>White</color><year>1976</year></automobile><automobile><person_id>403b7f8c-1b96-41b6-9a7e-0bffa7e71c6a</person_id><license_plate>7ZJ 553</license_plate><vin>CZ2Y0KXY1KT5WGMZ0</vin><color>DarkSlateBlue</color><year>1974</year></automobile><automobile><person_id>403b7f8c-1b96-41b6-9a7e-0bffa7e71c6a</person_id><license_plate>3A 16414</license_plate><vin>403XVN0S2PRR5TX6J</vin><color>PaleGoldenRod</color><year>1994</year></automobile><automobile><person_id>12e6bcca-e2f0-4703-94da-2cab4ab42252</person_id><license_plate>ZWY 560</license_plate><vin>7CEJVP851BDYL99ZF</vin><color>Tomato</color><year>1995</year></automobile><automobile><person_id>bea505d4-f54e-4d63-8a40-32169487d1b0</person_id><license_plate>7TT S13</license_plate><vin>M76YM8DF372WY2J0T</vin><color>ForestGreen</color><year>1985</year></automobile><automobile><person_id>bea505d4-f54e-4d63-8a40-32169487d1b0</person_id><license_plate>189 8DV</license_plate><vin>JEF3K3MD1JAVYP42K</vin><color>DarkBlue</color><year>1993</year></automobile><automobile><person_id>c51c9452-1b71-47d0-9efa-5ee94535e08b</person_id><license_plate>944-DYI</license_plate><vin>SJW1XKF84FNDWU27P</vin><color>LightSlateGray</color><year>2023</year></automobile><automobile><person_id>5a8c70ec-0fea-4c8c-a49a-df503e7f15db</person_id><license_plate>Z79 4DG</license_plate><vin>6RFYN4WW4E4N64Y2A</vin><color>MediumSpringGreen</color><year>1987</year></automobile><automobile><person_id>5a8c70ec-0fea-4c8c-a49a-df503e7f15db</person_id><license_plate>EEW 377</license_plate><vin>0UEN9H6U58EK6W265</vin><color>OrangeRed</color><year>1987</year></automobile><automobile><person_id>5a8c70ec-0fea-4c8c-a49a-df503e7f15db</person_id><license_plate>08V A70</license_plate><vin>25DPFPHE4E0847ARN</vin><color>BlueViolet</color><year>1971</year></automobile><automobile><person_id>b77f2402-3131-435d-a63f-1db9c452db82</person_id><license_plate>7-K4271</license_plate><vin>TATBHEZN4LBDPA9NJ</vin><color>Lime</color><year>2004</year></automobile><automobile><person_id>b77f2402-3131-435d-a63f-1db9c452db82</person_id><license_plate>VDT-3721</license_plate><vin>A6XC15ZX1VUUJLKDS</vin><color>DeepPink</color><year>2018</year></automobile><automobile><person_id>646749ee-808f-45ca-974a-8c02da00405b</person_id><license_plate>70P 333</license_plate><vin>P9NX8XC20YDRC9CPA</vin><color>MediumSeaGreen</color><year>2022</year></automobile><automobile><person_id>646749ee-808f-45ca-974a-8c02da00405b</person_id><license_plate>3OL 955</license_plate><vin>S6SMK1886BWEDJ3FF</vin><color>Aqua</color><year>1999</year></automobile><automobile><person_id>5cfe485a-abc9-4db3-a833-1348e041b315</person_id><license_plate>93M Z81</license_plate><vin>HPA8J8D41JBU59R5H</vin><color>SeaShell</color><year>1983</year></automobile><automobile><person_id>5cfe485a-abc9-4db3-a833-1348e041b315</person_id><license_plate>SBG-0746</license_plate><vin>PCHZBFKL4UWJ7Y6XR</vin><color>Brown</color><year>1985</year></automobile><automobile><person_id>606c44b9-1311-4f03-9ed8-6070999001a5</person_id><license_plate>4SQ A02</license_plate><vin>B7BC6M582FX73UC6U</vin><color>MistyRose</color><year>1977</year></automobile><automobile><person_id>ef5a6123-07af-4e56-a3cb-7ef26fe78f0b</person_id><license_plate>ZYJ 663</license_plate><vin>B81LJGG309HE46UJ7</vin><color>Moccasin</color><year>2016</year></automobile><automobile><person_id>e13d0818-9578-4e1d-b0e8-d6454827a573</person_id><license_plate>82Q KX4</license_plate><vin>9KTFE47U6SAPGUTSH</vin><color>SeaGreen</color><year>1980</year></automobile><automobile><person_id>408ef05a-8b1d-45aa-9708-feea219cc2c5</person_id><license_plate>ULA 203</license_plate><vin>RMCT0SJR63RUV2VJ7</vin><color>DarkViolet</color><year>2011</year></automobile><automobile><person_id>f00448c4-7d8f-4707-b42b-9d7b23f0c8e3</person_id><license_plate>7M793</license_plate><vin>NG7F66106DAE7Y8AW</vin><color>DarkMagenta</color><year>1988</year></automobile><automobile><person_id>f00448c4-7d8f-4707-b42b-9d7b23f0c8e3</person_id><license_plate>43V K78</license_plate><vin>J8RKPKUT61A7DA2GW</vin><color>WhiteSmoke</color><year>2014</year></automobile><automobile><person_id>2832b118-8268-4abf-b3ab-0045dcd84fd1</person_id><license_plate>5VB88</license_plate><vin>NC5JPWV824PC2HAZX</vin><color>Navy</color><year>2007</year></automobile><automobile><person_id>acdd0840-e9f4-47dd-b181-000457358ea4</person_id><license_plate>ZQG 683</license_plate><vin>F98GK16D9LKMNY4LB</vin><color>PapayaWhip</color><year>2011</year></automobile><automobile><person_id>87351a1d-19c5-451f-9a17-4f4f976cd0c2</person_id><license_plate>972-073</license_plate><vin>2WKBT5LF594EYTE18</vin><color>GoldenRod</color><year>1993</year></automobile><automobile><person_id>eef21625-5fb1-4a31-99f8-eea3a28e3b29</person_id><license_plate>KGJ 844</license_plate><vin>CR5L8JUB1A9NAZVZE</vin><color>SandyBrown</color><year>1983</year></automobile><automobile><person_id>eef21625-5fb1-4a31-99f8-eea3a28e3b29</person_id><license_plate>ZRO 968</license_plate><vin>EXPZY5FD64AKNEJF7</vin><color>Linen</color><year>1975</year></automobile><automobile><person_id>e18622c1-011c-4904-8c5e-ee246861d591</person_id><license_plate>E50 6KJ</license_plate><vin>TFZG70WJ2A4286CDX</vin><color>FloralWhite</color><year>1980</year></automobile><automobile><person_id>e18622c1-011c-4904-8c5e-ee246861d591</person_id><license_plate>3N 5H5ZKV</license_plate><vin>AFPM0T2C2G3NFXKN8</vin><color>DarkGreen</color><year>1990</year></automobile><automobile><person_id>e18622c1-011c-4904-8c5e-ee246861d591</person_id><license_plate>2G 4H3WMV</license_plate><vin>6K6A9WNX8KUNAE5PV</vin><color>SkyBlue</color><year>2004</year></automobile><automobile><person_id>d3292e8e-5a38-4c02-ace3-059ff01d275f</person_id><license_plate>Z01 6BR</license_plate><vin>T37W8S0Y3BD8YZMJ6</vin><color>LightCyan</color><year>2011</year></automobile><automobile><person_id>d3292e8e-5a38-4c02-ace3-059ff01d275f</person_id><license_plate>VQI-773</license_plate><vin>GTTWJN7K12027BY16</vin><color>AntiqueWhite</color><year>2013</year></automobile><automobile><person_id>4826984b-5309-4b59-878e-0019ca604f90</person_id><license_plate>KZW 331</license_plate><vin>YUYYE2VS5MHL9XWCN</vin><color>MediumSlateBlue</color><year>2022</year></automobile><automobile><person_id>4826984b-5309-4b59-878e-0019ca604f90</person_id><license_plate>N78 1DW</license_plate><vin>5HNXYST36KZZLJ93W</vin><color>LawnGreen</color><year>2008</year></automobile><automobile><person_id>4826984b-5309-4b59-878e-0019ca604f90</person_id><license_plate>2-44305Q</license_plate><vin>LDY2FRSE6ZT07KW7Z</vin><color>MediumOrchid</color><year>1982</year></automobile><automobile><person_id>a30fae0c-c764-4c7e-b79b-7d43e3a2b549</person_id><license_plate>635 VKJ</license_plate><vin>1GGT5NWM1W1918A1R</vin><color>Aquamarine</color><year>2011</year></automobile><automobile><person_id>11cd2dfd-577f-4c75-8055-7fcf910f710c</person_id><license_plate>BA7 4030</license_plate><vin>32DS9L46XUHZRW7YE</vin><color>LightCoral</color><year>1987</year></automobile><automobile><person_id>5e68bde2-b02e-4972-b5b0-978a6d0cac47</person_id><license_plate>44-60063</license_plate><vin>U02M60YA9J0H8HR3H</vin><color>Teal</color><year>1975</year></automobile><automobile><person_id>79f7b883-1803-4adb-98e3-faf3298baf8d</person_id><license_plate>ADN8774</license_plate><vin>R7TEG6JH72CWP1WNZ</vin><color>SeaShell</color><year>1982</year></automobile><automobile><person_id>79f7b883-1803-4adb-98e3-faf3298baf8d</person_id><license_plate>PLK 594</license_plate><vin>8U51P4TC7RC5N7MM0</vin><color>White</color><year>1988</year></automobile><automobile><person_id>87b4756a-bd15-4150-aba8-a1e4727a8114</person_id><license_plate>JSH-059</license_plate><vin>S7NJG2EL9SS54B6DB</vin><color>CadetBlue</color><year>2006</year></automobile><automobile><person_id>87b4756a-bd15-4150-aba8-a1e4727a8114</person_id><license_plate>KLE 656</license_plate><vin>34VAKSPV94XRW9Y42</vin><color>Orchid</color><year>2014</year></automobile><automobile><person_id>67a9c1aa-09b1-4fc3-a478-879a89b2308f</person_id><license_plate>VLD-398</license_plate><vin>UG51GA9C3P6FD425C</vin><color>Teal</color><year>1976</year></automobile><automobile><person_id>fce49a0d-cf01-496f-9c89-7031edf57b9d</person_id><license_plate>AXK-8817</license_plate><vin>RN85GTDF5XKXLWXN9</vin><color>Yellow</color><year>1982</year></automobile><automobile><person_id>75f40a87-6806-4eab-a40e-f3b78a789045</person_id><license_plate>AYP 287</license_plate><vin>FENYZSW833KNNLREK</vin><color>Coral</color><year>2010</year></automobile><automobile><person_id>75f40a87-6806-4eab-a40e-f3b78a789045</person_id><license_plate>KYS 062</license_plate><vin>UAM1013W3E1D99AP1</vin><color>DarkGoldenRod</color><year>1974</year></automobile><automobile><person_id>75f40a87-6806-4eab-a40e-f3b78a789045</person_id><license_plate>245 4798</license_plate><vin>GU8CBC738FA4EHWY5</vin><color>MediumAquaMarine</color><year>1973</year></automobile><automobile><person_id>f046bd76-d82d-474b-9c31-fa6287ac4e3a</person_id><license_plate>65Q 6588</license_plate><vin>AUPR0PTA0440B1ELW</vin><color>SaddleBrown</color><year>1997</year></automobile><automobile><person_id>f046bd76-d82d-474b-9c31-fa6287ac4e3a</person_id><license_plate>050 XSK</license_plate><vin>NVXBRNZE4KEG4YS2J</vin><color>DarkKhaki</color><year>2012</year></automobile><automobile><person_id>f6dfa447-3260-4019-aa36-b79d3dbebf18</person_id><license_plate>N25 0LS</license_plate><vin>4MKZVALH47SZX5F88</vin><color>LightGreen</color><year>2013</year></automobile><automobile><person_id>2c207cb9-421f-4c98-8eb3-90d18d0d597c</person_id><license_plate>239SP</license_plate><vin>ESRHGCP84WZUN4B8T</vin><color>OrangeRed</color><year>1995</year></automobile><automobile><person_id>2c207cb9-421f-4c98-8eb3-90d18d0d597c</person_id><license_plate>6GH2874</license_plate><vin>ERA40ME14CUXBMZ5K</vin><color>Purple</color><year>1988</year></automobile><automobile><person_id>2c207cb9-421f-4c98-8eb3-90d18d0d597c</person_id><license_plate>H41 5JA</license_plate><vin>9JE2FFE3XDNEKXFSC</vin><color>Tan</color><year>2003</year></automobile><automobile><person_id>4b7338ac-82b9-49ab-8b93-142a63a2b626</person_id><license_plate>EBD-9435</license_plate><vin>S7CJV4T70FC5SV53V</vin><color>Fuchsia</color><year>1986</year></automobile><automobile><person_id>2cea5096-8b96-44ae-8335-4e7e2af9fb3f</person_id><license_plate>3ZNK170</license_plate><vin>S10T621TXA3S9U7YF</vin><color>GoldenRod</color><year>1973</year></automobile><automobile><person_id>e94a3470-66a8-4e81-86ac-67bcf817c7b6</person_id><license_plate>12-6493T</license_plate><vin>0YBGVESC49AFT6591</vin><color>LightCyan</color><year>2002</year></automobile><automobile><person_id>e94a3470-66a8-4e81-86ac-67bcf817c7b6</person_id><license_plate>705334</license_plate><vin>CEGZ74J930XW2X3LN</vin><color>Navy</color><year>2001</year></automobile><automobile><person_id>59537c30-d829-407d-9dd3-93e8b787c41a</person_id><license_plate>4-06111</license_plate><vin>4DD2A06A7TVH14LF8</vin><color>GoldenRod</color><year>2004</year></automobile><automobile><person_id>59537c30-d829-407d-9dd3-93e8b787c41a</person_id><license_plate>019-ODC</license_plate><vin>2R58RC6Y4GWYCDDFZ</vin><color>Turquoise</color><year>1970</year></automobile><automobile><person_id>59537c30-d829-407d-9dd3-93e8b787c41a</person_id><license_plate>4S 3X6ZAE</license_plate><vin>HVSMW4MV05FA7HEA5</vin><color>DarkRed</color><year>2021</year></automobile><automobile><person_id>cd753d37-c01a-4c36-8e60-4a737a6672c8</person_id><license_plate>9QL 328</license_plate><vin>DWVLLHFHXW2DF7HS9</vin><color>RoyalBlue</color><year>1994</year></automobile><automobile><person_id>2f5703ad-5b12-4764-85b5-d8f26a3745cf</person_id><license_plate>ZXK 288</license_plate><vin>3KA1WL1W1UPGHSULZ</vin><color>BurlyWood</color><year>2018</year></automobile><automobile><person_id>2f5703ad-5b12-4764-85b5-d8f26a3745cf</person_id><license_plate>AED-0914</license_plate><vin>J4FBMB111X5LE0FGH</vin><color>AliceBlue</color><year>1975</year></automobile><automobile><person_id>e8222898-291e-40a5-a78d-5d42d87bd427</person_id><license_plate>5A988</license_plate><vin>YY4WRKC82FL4J9SJ8</vin><color>DarkGoldenRod</color><year>1999</year></automobile><automobile><person_id>e8222898-291e-40a5-a78d-5d42d87bd427</person_id><license_plate>ZCK-9172</license_plate><vin>B9BXZPME8VVCS1CWV</vin><color>Navy</color><year>1971</year></automobile><automobile><person_id>e8222898-291e-40a5-a78d-5d42d87bd427</person_id><license_plate>611 9AY</license_plate><vin>MNCG1TJKXK6AELUVP</vin><color>PowderBlue</color><year>2010</year></automobile><automobile><person_id>a6618ec2-6b4c-4db0-96b0-23bf5821ed66</person_id><license_plate>9BJ1055</license_plate><vin>Y8RLZM922UTH5MLVZ</vin><color>LightSalmon</color><year>2016</year></automobile><automobile><person_id>04445d55-b496-47f4-8f4b-3e22a76e8b7f</person_id><license_plate>XZ1 K1Z</license_plate><vin>FKAEE23D5VR9LCF5C</vin><color>Gold</color><year>2013</year></automobile><automobile><person_id>04445d55-b496-47f4-8f4b-3e22a76e8b7f</person_id><license_plate>002-ICQ</license_plate><vin>5CS84UK67DYRZ09SH</vin><color>Aqua</color><year>2022</year></automobile><automobile><person_id>04445d55-b496-47f4-8f4b-3e22a76e8b7f</person_id><license_plate>59-OV56</license_plate><vin>HHT4047F6R5NUFMGN</vin><color>Orange</color><year>1981</year></automobile><automobile><person_id>edf2b612-fd57-4449-be68-157c69ee3c2e</person_id><license_plate>NK 2852</license_plate><vin>52VS4S5F126T52XTG</vin><color>LightPink</color><year>2008</year></automobile><automobile><person_id>edf2b612-fd57-4449-be68-157c69ee3c2e</person_id><license_plate>EQB-0096</license_plate><vin>JU77720V9K4T2NW19</vin><color>Red</color><year>1972</year></automobile><automobile><person_id>b5952891-25a0-4c98-9563-a85e96cf2582</person_id><license_plate>703 4YG</license_plate><vin>A8R72GCU9DH2A7854</vin><color>LavenderBlush</color><year>2014</year></automobile><automobile><person_id>b5952891-25a0-4c98-9563-a85e96cf2582</person_id><license_plate>VEY6392</license_plate><vin>09RTTBKB3FZ43N2BX</vin><color>OrangeRed</color><year>2015</year></automobile><automobile><person_id>2b04eb63-c677-4a1a-b4e4-6412f483f8dc</person_id><license_plate>6IEJ849</license_plate><vin>J81E43U40MHCP16L8</vin><color>LightSteelBlue</color><year>2013</year></automobile><automobile><person_id>8357be9a-6391-4453-b8c9-68d914378d88</person_id><license_plate>3-4941L</license_plate><vin>4BT9KVMR6WHUES0T5</vin><color>SandyBrown</color><year>2003</year></automobile><automobile><person_id>8357be9a-6391-4453-b8c9-68d914378d88</person_id><license_plate>NM 2464</license_plate><vin>R9FHFSTB0FEFNNK4T</vin><color>LightYellow</color><year>1994</year></automobile><automobile><person_id>cd26d52b-2f55-4cbf-99cb-ad022382677c</person_id><license_plate>ZTH 437</license_plate><vin>BF1VS3178EHWE502G</vin><color>DarkMagenta</color><year>2005</year></automobile><automobile><person_id>cd26d52b-2f55-4cbf-99cb-ad022382677c</person_id><license_plate>G09-VEH</license_plate><vin>CXPGVZZ42C3XH928T</vin><color>Chocolate</color><year>2021</year></automobile><automobile><person_id>cd26d52b-2f55-4cbf-99cb-ad022382677c</person_id><license_plate>6L W8370</license_plate><vin>DZU096H91UAXW015G</vin><color>DarkBlue</color><year>1971</year></automobile><automobile><person_id>db399a2e-ba44-47e3-b599-052b4e399c2a</person_id><license_plate>0-H6430</license_plate><vin>41H3KEMH3V9NLV8BD</vin><color>Black</color><year>1974</year></automobile><automobile><person_id>05f12ab0-6793-4419-ae2a-15b6a5e6fa24</person_id><license_plate>7EU A53</license_plate><vin>EAF0LUXE55C6SS9P9</vin><color>MediumBlue</color><year>2006</year></automobile><automobile><person_id>05f12ab0-6793-4419-ae2a-15b6a5e6fa24</person_id><license_plate>361-658</license_plate><vin>8K94G2LH21UB57XBY</vin><color>DarkMagenta</color><year>1999</year></automobile><automobile><person_id>5bfdcc4a-f5fd-4a25-9ccb-c2d211f4aa80</person_id><license_plate>F49 2SP</license_plate><vin>ZSF7P07C09W39X4Z3</vin><color>LightCyan</color><year>2010</year></automobile></automobiles>