<?xml version="1.0" encoding="UTF-8" ?><automobiles><automobile><person_id>7d8af9df-a767-4f34-b230-fb2ca6f35c70</person_id><license_plate>KPS5477</license_plate><vin>ZNLV2U9V9DJ4S1LD5</vin><color>DarkKhaki</color><year>2015</year></automobile><automobile><person_id>fde41645-1477-488c-938f-fb6aef8df167</person_id><license_plate>3PS J31</license_plate><vin>0ZETR6ZV0351PGAUV</vin><color>PaleTurquoise</color><year>2016</year></automobile><automobile><person_id>65b8dfde-bcea-4846-98ff-f296264c6199</person_id><license_plate>809-932</license_plate><vin>MV3HAHR84YXGG5KMC</vin><color>WhiteSmoke</color><year>1981</year></automobile><automobile><person_id>65b8dfde-bcea-4846-98ff-f296264c6199</person_id><license_plate>470 OCE</license_plate><vin>M1TH0RUH6P2R994JZ</vin><color>Purple</color><year>1993</year></automobile><automobile><person_id>55ead136-7ce0-4896-a8f6-ca9deafaa2d6</person_id><license_plate>472-CHWJ</license_plate><vin>VYKPATVN3Y9G6NJH0</vin><color>Plum</color><year>1998</year></automobile><automobile><person_id>41e8574b-1f60-46cc-b299-39033bff7b38</person_id><license_plate>5OC8238</license_plate><vin>CAW20AD47Z1ZARCM2</vin><color>DimGray</color><year>2009</year></automobile><automobile><person_id>41e8574b-1f60-46cc-b299-39033bff7b38</person_id><license_plate>266D1</license_plate><vin>0HJ0A9BL8F4PKRJN0</vin><color>DarkGoldenRod</color><year>2020</year></automobile><automobile><person_id>2487ffac-d715-4b7f-9461-0aefb1101fd8</person_id><license_plate>118HXD</license_plate><vin>HRS0UX5P7FSKN51T3</vin><color>Cyan</color><year>1994</year></automobile><automobile><person_id>2487ffac-d715-4b7f-9461-0aefb1101fd8</person_id><license_plate>67SR206</license_plate><vin>YHXLL9PY0EN11YLPX</vin><color>Lime</color><year>1972</year></automobile><automobile><person_id>1b2a3d06-9b53-4a8f-8a7a-5d51626899f7</person_id><license_plate>409YOE</license_plate><vin>YJMY3J4TXVWA5N8N8</vin><color>Blue</color><year>1988</year></automobile><automobile><person_id>547964d1-c1c7-4a8d-bca4-df0246c4d885</person_id><license_plate>KXW 525</license_plate><vin>HTXEZPFE3PJHVS31F</vin><color>Plum</color><year>1979</year></automobile><automobile><person_id>547964d1-c1c7-4a8d-bca4-df0246c4d885</person_id><license_plate>9NU 699</license_plate><vin>A3GNRRBA1FJ2Z8S32</vin><color>DarkTurquoise</color><year>1994</year></automobile><automobile><person_id>97b586a0-200d-44ab-b7a3-f63085703c76</person_id><license_plate>HNX 122</license_plate><vin>VE8K5TVR2KHPJTC7C</vin><color>Snow</color><year>1987</year></automobile><automobile><person_id>389adc8e-d529-43bb-bad1-640005f94c77</person_id><license_plate>971 QIH</license_plate><vin>A26VWD8C026F9HPB3</vin><color>PaleGreen</color><year>1994</year></automobile><automobile><person_id>96d6c9e0-6822-4d75-9182-53bcecae71d7</person_id><license_plate>3-8235U</license_plate><vin>0KCRDUWX3JM4VJZ9W</vin><color>Tan</color><year>1976</year></automobile><automobile><person_id>920c7927-9497-4b4a-8226-b00dd26d6a86</person_id><license_plate>0F 26691</license_plate><vin>2K3P0Z0U9BYB9UWYB</vin><color>BlanchedAlmond</color><year>2018</year></automobile><automobile><person_id>920c7927-9497-4b4a-8226-b00dd26d6a86</person_id><license_plate>G80 2YX</license_plate><vin>GSBNNEGZ8G1U5ZBT0</vin><color>BlueViolet</color><year>1995</year></automobile><automobile><person_id>029308c7-6a7e-42a8-9a16-b752d2592dd7</person_id><license_plate>11-2079U</license_plate><vin>4CWV6KSA04VZ70YCY</vin><color>Moccasin</color><year>2012</year></automobile><automobile><person_id>3101c1f6-34bd-4605-ac0a-6525d0d4313f</person_id><license_plate>21B 927</license_plate><vin>YBBY0K8X8G6FWM4BT</vin><color>Beige</color><year>1974</year></automobile><automobile><person_id>3101c1f6-34bd-4605-ac0a-6525d0d4313f</person_id><license_plate>908V9</license_plate><vin>E8LPNVSC1NNR5KRZ8</vin><color>DarkGreen</color><year>2001</year></automobile><automobile><person_id>fd42dad7-6e91-41a1-b846-66b6b7083fb8</person_id><license_plate>517BAE</license_plate><vin>4USAZRJY859MH3DG7</vin><color>SaddleBrown</color><year>1970</year></automobile><automobile><person_id>fd42dad7-6e91-41a1-b846-66b6b7083fb8</person_id><license_plate>Z32 2YH</license_plate><vin>B9EP1LBC0S0JDL5CA</vin><color>PaleGoldenRod</color><year>2003</year></automobile><automobile><person_id>52032b6b-3116-4cfe-9b38-b15d0603130a</person_id><license_plate>6-05142F</license_plate><vin>RWB7GU2U8056B83SZ</vin><color>DarkOrchid</color><year>2003</year></automobile><automobile><person_id>52032b6b-3116-4cfe-9b38-b15d0603130a</person_id><license_plate>149 NCX</license_plate><vin>ACJUSTML5EFFD1E1Y</vin><color>Cyan</color><year>1971</year></automobile><automobile><person_id>22de650f-c681-499f-af99-03df8020b6d6</person_id><license_plate>280465</license_plate><vin>ERWUVCW36KLV51DU5</vin><color>Cornsilk</color><year>2008</year></automobile><automobile><person_id>22de650f-c681-499f-af99-03df8020b6d6</person_id><license_plate>5-C8837</license_plate><vin>LBDUXE7YXZ2P1KLY0</vin><color>LightYellow</color><year>1984</year></automobile><automobile><person_id>00069fb0-9b15-45cf-99c0-1b7f7cfd879b</person_id><license_plate>79-67681</license_plate><vin>1YF6T67Y7MRXF854Y</vin><color>LightCoral</color><year>1998</year></automobile><automobile><person_id>00069fb0-9b15-45cf-99c0-1b7f7cfd879b</person_id><license_plate>L 851299</license_plate><vin>B33NWVJU936UBYG8S</vin><color>LightCoral</color><year>2004</year></automobile><automobile><person_id>00069fb0-9b15-45cf-99c0-1b7f7cfd879b</person_id><license_plate>84-UM21</license_plate><vin>U66ZNN0J2RHJ0DRVD</vin><color>Azure</color><year>1999</year></automobile><automobile><person_id>dca85066-287c-4875-844f-58248a8fb3a6</person_id><license_plate>438 0QM</license_plate><vin>BCU6JLTB437XWJD8A</vin><color>MediumSpringGreen</color><year>1984</year></automobile><automobile><person_id>b45675dd-8335-486d-86ed-6374331e22fa</person_id><license_plate>LLR 851</license_plate><vin>J9B8B3045C09PVR0T</vin><color>LavenderBlush</color><year>2021</year></automobile><automobile><person_id>b45675dd-8335-486d-86ed-6374331e22fa</person_id><license_plate>764 0324</license_plate><vin>CGJ9K5YB6NTSFHT9V</vin><color>Lavender</color><year>1993</year></automobile><automobile><person_id>b45675dd-8335-486d-86ed-6374331e22fa</person_id><license_plate>9084</license_plate><vin>VD616ZZR5WGPLBG8B</vin><color>Sienna</color><year>1981</year></automobile><automobile><person_id>43243dca-21e1-47d9-bf4b-a32a956ff6b8</person_id><license_plate>GNS 358</license_plate><vin>XVZR4GF36SPXZM0K9</vin><color>Aquamarine</color><year>2001</year></automobile><automobile><person_id>75355050-d496-4f87-b33a-c202bdb212d5</person_id><license_plate>7R 7I6TYJ</license_plate><vin>SFVVNRSRXFVR8GLAZ</vin><color>SandyBrown</color><year>2019</year></automobile><automobile><person_id>06f9a839-2478-4b47-9a43-482b4a6e2bf0</person_id><license_plate>08GS4</license_plate><vin>442YKGW49A2E2PD71</vin><color>LightBlue</color><year>2024</year></automobile><automobile><person_id>06f9a839-2478-4b47-9a43-482b4a6e2bf0</person_id><license_plate>HTA 581</license_plate><vin>HZVHUGB88DLPJ6U9D</vin><color>FloralWhite</color><year>1990</year></automobile><automobile><person_id>06f9a839-2478-4b47-9a43-482b4a6e2bf0</person_id><license_plate>AL9 E6T</license_plate><vin>Z8S586119HRAHK8SU</vin><color>Fuchsia</color><year>1975</year></automobile><automobile><person_id>af9638ff-c515-44c9-8d6d-860b0f430697</person_id><license_plate>5YUW 81</license_plate><vin>20UJJDG56XVSH773R</vin><color>DarkGoldenRod</color><year>2019</year></automobile><automobile><person_id>af9638ff-c515-44c9-8d6d-860b0f430697</person_id><license_plate>X 038000</license_plate><vin>T5H2J09K2K557RPL0</vin><color>DodgerBlue</color><year>1973</year></automobile><automobile><person_id>f97adfa3-df6d-427c-b8de-e52dea374fbe</person_id><license_plate>596M8</license_plate><vin>40CSFNBB1UM48G8ZX</vin><color>Cyan</color><year>1995</year></automobile><automobile><person_id>f97adfa3-df6d-427c-b8de-e52dea374fbe</person_id><license_plate>236 BFN</license_plate><vin>7CH9MH3P3AED93WJL</vin><color>LightSteelBlue</color><year>1977</year></automobile><automobile><person_id>01664ca6-70ad-40af-9c1b-61e64e2cbed1</person_id><license_plate>8-66136</license_plate><vin>WH31V2S9X2EH8JLWC</vin><color>Gold</color><year>1991</year></automobile><automobile><person_id>3beb80be-aa1d-446e-bd86-0567606ed9ca</person_id><license_plate>42M•050</license_plate><vin>6VP5KW3BXL543K03L</vin><color>Aquamarine</color><year>1979</year></automobile><automobile><person_id>3beb80be-aa1d-446e-bd86-0567606ed9ca</person_id><license_plate>342-GOJZ</license_plate><vin>AL1DJ2E77Y07K2CLT</vin><color>Olive</color><year>1978</year></automobile><automobile><person_id>6d5c53b9-d5cd-45f4-9296-29b4385983af</person_id><license_plate>GWK 607</license_plate><vin>F38KJXEM7404B3UTU</vin><color>PaleGreen</color><year>1973</year></automobile><automobile><person_id>6d5c53b9-d5cd-45f4-9296-29b4385983af</person_id><license_plate>444840</license_plate><vin>0LVTM1AZ69K74WZL1</vin><color>BurlyWood</color><year>2023</year></automobile><automobile><person_id>8f0d48f1-dd41-42c6-a8fc-9ede1109975d</person_id><license_plate>CR 2587</license_plate><vin>SWFPTZN55AWGE31EG</vin><color>DarkRed</color><year>2022</year></automobile><automobile><person_id>8f0d48f1-dd41-42c6-a8fc-9ede1109975d</person_id><license_plate>630 IHS</license_plate><vin>P500PUP76RCDVRNEV</vin><color>Olive</color><year>2020</year></automobile><automobile><person_id>0f224b75-dcbd-4edb-bd79-51b754715746</person_id><license_plate>827-HLA</license_plate><vin>YWE6L5NR0J5S7P1N5</vin><color>DarkSlateBlue</color><year>1973</year></automobile><automobile><person_id>71cbd386-a29d-4585-8241-01fec8fe309d</person_id><license_plate>894 MEY</license_plate><vin>UBHEYJEA0EC1LYZLN</vin><color>Crimson</color><year>1990</year></automobile><automobile><person_id>52fdae3f-9905-4997-ae5f-4b4cae71cd72</person_id><license_plate>PZV-7153</license_plate><vin>1XMP68S0805GGCKGT</vin><color>BlueViolet</color><year>1993</year></automobile><automobile><person_id>52fdae3f-9905-4997-ae5f-4b4cae71cd72</person_id><license_plate>C74-KJH</license_plate><vin>MUERHSBM9N4X39ULR</vin><color>Magenta</color><year>1974</year></automobile><automobile><person_id>2f200f9f-0a72-4d08-a8e6-56ca8e353ef3</person_id><license_plate>234 YHF</license_plate><vin>G0FWCPSNXP3S3THHZ</vin><color>DarkRed</color><year>1998</year></automobile><automobile><person_id>61bc734f-7c0c-4240-b1c1-57f0482d95cd</person_id><license_plate>4TM0442</license_plate><vin>K0AA6TAC5PXKGW38J</vin><color>MediumOrchid</color><year>2022</year></automobile><automobile><person_id>61bc734f-7c0c-4240-b1c1-57f0482d95cd</person_id><license_plate>1XZ 168</license_plate><vin>98UHC7A35DM55125H</vin><color>FloralWhite</color><year>1983</year></automobile><automobile><person_id>1c6df738-0f96-4e41-b4a6-d9fb7ba7a559</person_id><license_plate>T10-FPT</license_plate><vin>RXG36X8A881F1UP5M</vin><color>DarkTurquoise</color><year>2010</year></automobile><automobile><person_id>1c6df738-0f96-4e41-b4a6-d9fb7ba7a559</person_id><license_plate>298-STV</license_plate><vin>2WDS3WEA6UM8YH43W</vin><color>LawnGreen</color><year>2021</year></automobile><automobile><person_id>92b537ca-019b-4f9d-b7a5-4f56afa652ae</person_id><license_plate>VCB-568</license_plate><vin>EYTWKDLB5T6RPZNZY</vin><color>BurlyWood</color><year>1984</year></automobile><automobile><person_id>285845ef-309e-4235-b07a-3ae285ae29bd</person_id><license_plate>0CS F43</license_plate><vin>2TBFDS446ES54B90E</vin><color>Chartreuse</color><year>2018</year></automobile><automobile><person_id>285845ef-309e-4235-b07a-3ae285ae29bd</person_id><license_plate>2LRZ 29</license_plate><vin>LHWYEKJJ831AENXNK</vin><color>HotPink</color><year>2014</year></automobile><automobile><person_id>ddc08746-e7c5-44a0-9fce-96b5e8063159</person_id><license_plate>9DE8235</license_plate><vin>7PS89V6V1D1BVEJ5T</vin><color>LightGray</color><year>1975</year></automobile><automobile><person_id>741e13f6-7988-499b-9487-62310b8b93c3</person_id><license_plate>KKJ0527</license_plate><vin>41TSLBAS5FJHNFMNU</vin><color>DarkSlateBlue</color><year>1995</year></automobile><automobile><person_id>70f30f0a-e5e5-4ba0-9eba-acc3c4ec948e</person_id><license_plate>UUG 122</license_plate><vin>6ASJJKR09URSZR5GE</vin><color>DarkRed</color><year>1970</year></automobile><automobile><person_id>70f30f0a-e5e5-4ba0-9eba-acc3c4ec948e</person_id><license_plate>FSI 731</license_plate><vin>7J67YSXJX5TZK61LF</vin><color>PowderBlue</color><year>2019</year></automobile><automobile><person_id>70f30f0a-e5e5-4ba0-9eba-acc3c4ec948e</person_id><license_plate>914-KEW</license_plate><vin>FKYD64AV14ZRMBMXX</vin><color>FireBrick</color><year>1980</year></automobile><automobile><person_id>7201f9e6-c93d-4046-baaf-d23be56891e2</person_id><license_plate>816 OU7</license_plate><vin>7A0FP6PV5YBZGCV69</vin><color>RoyalBlue</color><year>2011</year></automobile><automobile><person_id>6be924c1-cc49-45af-997b-e5f9798ff42a</person_id><license_plate>79I 3363</license_plate><vin>37VAKF3F5DVV5BZEE</vin><color>PapayaWhip</color><year>1988</year></automobile><automobile><person_id>6be924c1-cc49-45af-997b-e5f9798ff42a</person_id><license_plate>34H P64</license_plate><vin>UR75FL0Y7MBFNPS4K</vin><color>DarkGreen</color><year>1994</year></automobile><automobile><person_id>1beb6ca8-56b2-476a-9e73-d9cfd129e63f</person_id><license_plate>EFI-6575</license_plate><vin>F12R0YUH9LBLJ2SP3</vin><color>DarkGray</color><year>1973</year></automobile><automobile><person_id>a73f1ea1-3d6a-40e6-b2eb-cc1780bf371b</person_id><license_plate>E55 1NF</license_plate><vin>KYERR4B97AY868BZL</vin><color>LightSalmon</color><year>1982</year></automobile><automobile><person_id>a73f1ea1-3d6a-40e6-b2eb-cc1780bf371b</person_id><license_plate>5PA5822</license_plate><vin>2TP3X0NB9GAFC6EMH</vin><color>IndianRed</color><year>1985</year></automobile><automobile><person_id>134252fa-a33f-488e-902f-92ac89a0bd11</person_id><license_plate>322 SWK</license_plate><vin>34HUE2W066V6W78V6</vin><color>IndianRed</color><year>1987</year></automobile><automobile><person_id>82df9a01-7096-457d-b7d8-f200ddbb84cc</person_id><license_plate>31-J546</license_plate><vin>D55TTPR27WU527TMC</vin><color>Cornsilk</color><year>1981</year></automobile><automobile><person_id>82df9a01-7096-457d-b7d8-f200ddbb84cc</person_id><license_plate>747-JLWO</license_plate><vin>HFR29BSG2YSJH7FWA</vin><color>PaleGreen</color><year>1985</year></automobile><automobile><person_id>c386baeb-87b6-4825-988b-051c3f1f9a2c</person_id><license_plate>B23 5MK</license_plate><vin>JGK7J5JF8WH7Z9W9W</vin><color>Wheat</color><year>2009</year></automobile><automobile><person_id>c386baeb-87b6-4825-988b-051c3f1f9a2c</person_id><license_plate>JRK6472</license_plate><vin>A8GHM1172ES5MNL8A</vin><color>DarkSlateBlue</color><year>1985</year></automobile><automobile><person_id>c386baeb-87b6-4825-988b-051c3f1f9a2c</person_id><license_plate>458 IP4</license_plate><vin>X04ZD24S9CEM3F8KH</vin><color>OldLace</color><year>2015</year></automobile><automobile><person_id>4979441e-0883-4168-ab95-947b2c3d3fb4</person_id><license_plate>0279 JR</license_plate><vin>HYGR1EPX076T8U9D7</vin><color>MediumVioletRed</color><year>1979</year></automobile><automobile><person_id>1fbb6124-234e-4141-a372-bb3e68e12222</person_id><license_plate>4Q 6027X</license_plate><vin>V8GKBKLH87YD5WU29</vin><color>LightSeaGreen</color><year>1984</year></automobile><automobile><person_id>dbd39580-4917-4029-acdc-876352fb4316</person_id><license_plate>33UB810</license_plate><vin>0AY9VVDM441N7WG25</vin><color>WhiteSmoke</color><year>2019</year></automobile><automobile><person_id>a9a2cfc4-03f1-4d4b-8b56-52b8e3dc5020</person_id><license_plate>DVC2301</license_plate><vin>KP29NLFK1W23UA8YH</vin><color>RoyalBlue</color><year>2010</year></automobile><automobile><person_id>99d1f4a6-07ac-4b6e-931a-f2dc9ea8004c</person_id><license_plate>614-LYH</license_plate><vin>TNBYP838570AHSWLJ</vin><color>Sienna</color><year>2002</year></automobile><automobile><person_id>41a7035d-8955-41f6-a2c1-3df6ecd1217a</person_id><license_plate>UVN 319</license_plate><vin>JYFDJPJY9TMGANKX5</vin><color>SpringGreen</color><year>2010</year></automobile><automobile><person_id>41a7035d-8955-41f6-a2c1-3df6ecd1217a</person_id><license_plate>9OS44</license_plate><vin>JVZCCU0J9EMU9ZT6P</vin><color>Indigo</color><year>1986</year></automobile><automobile><person_id>5372784d-75ca-46a3-a7f5-69913399b5df</person_id><license_plate>9GN V97</license_plate><vin>PYRN75LJXUDFHWJK1</vin><color>Black</color><year>1989</year></automobile><automobile><person_id>62f948ad-58d8-462e-a443-a35da1f8444b</person_id><license_plate>549 TTW</license_plate><vin>3NX97CXKXB6JXG92M</vin><color>DodgerBlue</color><year>1996</year></automobile><automobile><person_id>62020201-a7f1-47f8-86e4-f57ed44e634b</person_id><license_plate>QYL-0494</license_plate><vin>FJHG9J0J9MRNSAV90</vin><color>LightBlue</color><year>2019</year></automobile><automobile><person_id>62020201-a7f1-47f8-86e4-f57ed44e634b</person_id><license_plate>S 304550</license_plate><vin>M9D8NZTZ40C95Y8RP</vin><color>DarkGreen</color><year>2004</year></automobile><automobile><person_id>62020201-a7f1-47f8-86e4-f57ed44e634b</person_id><license_plate>692 WFN</license_plate><vin>B4VB5CET5LL7ARM78</vin><color>Black</color><year>1978</year></automobile><automobile><person_id>668ad0c7-9ba3-451c-b541-2395c4d3d99a</person_id><license_plate>LC5 P6W</license_plate><vin>WCLK4H6V7J7F5KNG8</vin><color>DarkOrchid</color><year>2020</year></automobile><automobile><person_id>668ad0c7-9ba3-451c-b541-2395c4d3d99a</person_id><license_plate>7-H2361</license_plate><vin>5NKB9DWT4R5CH4PZX</vin><color>FireBrick</color><year>1997</year></automobile><automobile><person_id>3151b46c-1c8b-44cb-9be2-239655f61f2f</person_id><license_plate>1YI6099</license_plate><vin>9DA3CPXU8BGWEJCRL</vin><color>PowderBlue</color><year>1988</year></automobile><automobile><person_id>3151b46c-1c8b-44cb-9be2-239655f61f2f</person_id><license_plate>759 8025</license_plate><vin>A6M5MRGB3ETC331V2</vin><color>OldLace</color><year>1980</year></automobile><automobile><person_id>68816e2b-050b-42c6-bb20-5d73430dbabe</person_id><license_plate>864T8</license_plate><vin>ZRSMM4C4984NR993A</vin><color>Moccasin</color><year>2016</year></automobile><automobile><person_id>132c45f5-ece5-4058-89cb-449c0d4da5df</person_id><license_plate>2SE4278</license_plate><vin>UDVGLMBJ0EP7HANBS</vin><color>Red</color><year>2007</year></automobile><automobile><person_id>132c45f5-ece5-4058-89cb-449c0d4da5df</person_id><license_plate>9O 2316V</license_plate><vin>XFFKX4X78AAKC4FYM</vin><color>Orchid</color><year>1987</year></automobile><automobile><person_id>9ed5756e-d1f8-4e25-a419-e8a44ae5b04f</person_id><license_plate>Q20 9ME</license_plate><vin>3KHVMFF77SE65AZJA</vin><color>GoldenRod</color><year>2009</year></automobile><automobile><person_id>9ed5756e-d1f8-4e25-a419-e8a44ae5b04f</person_id><license_plate>8KJG 30</license_plate><vin>GL0RNHPHX71VDM0H8</vin><color>BlueViolet</color><year>1987</year></automobile><automobile><person_id>287d73ce-c650-4a5c-abf3-a8c1cf65aaa9</person_id><license_plate>84-KQ83</license_plate><vin>F4E5JR9C06FABL9X2</vin><color>Yellow</color><year>1973</year></automobile><automobile><person_id>61eec98e-3926-4c23-9a59-d1d0aca2f6b6</person_id><license_plate>50-W821</license_plate><vin>ESCH5JZL15MCT9F2F</vin><color>GhostWhite</color><year>1990</year></automobile><automobile><person_id>61eec98e-3926-4c23-9a59-d1d0aca2f6b6</person_id><license_plate>8W 25025</license_plate><vin>AUWVUKDP0W2A4L2KG</vin><color>CadetBlue</color><year>2006</year></automobile><automobile><person_id>2ab80fc2-564d-4ffd-823e-39b02deec7e6</person_id><license_plate>KHO 149</license_plate><vin>0PS1FV2U5T7YT0P8E</vin><color>LightGoldenRodYellow</color><year>1989</year></automobile><automobile><person_id>8e4812c3-ec44-43e9-80ff-baa4e02bdb53</person_id><license_plate>049 3OH</license_plate><vin>H1FZP5KZ0G2MDW9WJ</vin><color>SeaShell</color><year>1980</year></automobile><automobile><person_id>5d34ba26-865b-4990-86a0-45524efdda1e</person_id><license_plate>QMN 377</license_plate><vin>BN33EJFH9FGZ4MYZZ</vin><color>MediumSlateBlue</color><year>2022</year></automobile><automobile><person_id>7a73d85e-d71c-426a-906c-762d5c5af804</person_id><license_plate>E73 2GY</license_plate><vin>GC8T0TCSXL3BFRZDS</vin><color>MintCream</color><year>2012</year></automobile><automobile><person_id>7a73d85e-d71c-426a-906c-762d5c5af804</person_id><license_plate>25K V88</license_plate><vin>R9R3JC1C52UVJW9UY</vin><color>Orange</color><year>1995</year></automobile><automobile><person_id>47606c4c-7be4-489d-a57d-9561a6fb5c80</person_id><license_plate>MIU 487</license_plate><vin>A8EJZSZC5NY9FVVXS</vin><color>LawnGreen</color><year>2004</year></automobile><automobile><person_id>47606c4c-7be4-489d-a57d-9561a6fb5c80</person_id><license_plate>7PC32</license_plate><vin>EGYCWX5X22JY4KZU6</vin><color>LightBlue</color><year>2020</year></automobile><automobile><person_id>2b4b1b46-dcd5-43e9-9446-ce025319a1b8</person_id><license_plate>7F 2345I</license_plate><vin>EP68T5UG5TU0FCV85</vin><color>DarkTurquoise</color><year>1990</year></automobile><automobile><person_id>3d8a916b-1ebb-4952-91ee-028405bcaf11</person_id><license_plate>295DLB</license_plate><vin>4HAWM8R76KY1589S2</vin><color>DarkSlateGray</color><year>1990</year></automobile><automobile><person_id>e76a4bd3-5e50-4a0a-acad-dd3420802694</person_id><license_plate>829 CLI</license_plate><vin>87Y1T6827CC3LEK4P</vin><color>ForestGreen</color><year>2005</year></automobile><automobile><person_id>e76a4bd3-5e50-4a0a-acad-dd3420802694</person_id><license_plate>05R HG6</license_plate><vin>F3P062PK8DBBCTRWE</vin><color>Green</color><year>2004</year></automobile><automobile><person_id>05ac4db1-3925-4e19-ad0b-31bc58b8a7c1</person_id><license_plate>QEM-580</license_plate><vin>FDFA0UD146581P40A</vin><color>RosyBrown</color><year>1981</year></automobile><automobile><person_id>3ab3bd35-a3c2-4c08-b531-83801c441344</person_id><license_plate>2070</license_plate><vin>E1ZZU6KAXY3EFE0UU</vin><color>LightSkyBlue</color><year>1999</year></automobile><automobile><person_id>14c577d5-f0ed-456d-88d3-098ab4971b6d</person_id><license_plate>GIV Q32</license_plate><vin>JU9YM27860XCP6NPV</vin><color>Linen</color><year>2008</year></automobile><automobile><person_id>e8edbabe-275f-42e4-982a-22c008332248</person_id><license_plate>PSQ-167</license_plate><vin>3ZFLX92T2P19TNJ3G</vin><color>DarkViolet</color><year>1998</year></automobile><automobile><person_id>db376bbc-d70d-4c64-8cc1-87bf43b9a5cb</person_id><license_plate>WAC W69</license_plate><vin>LPZA29WA89BXX2R6Z</vin><color>SeaGreen</color><year>2003</year></automobile><automobile><person_id>1fe5f710-6bee-4724-87d5-3307ac04c90b</person_id><license_plate>123-JZC</license_plate><vin>TY61FZ9GXLYC0KEHJ</vin><color>LightGoldenRodYellow</color><year>1974</year></automobile><automobile><person_id>1fe5f710-6bee-4724-87d5-3307ac04c90b</person_id><license_plate>N72 6YW</license_plate><vin>BTCAU8U84WEFUXSU4</vin><color>Thistle</color><year>2011</year></automobile><automobile><person_id>9e207d2a-a1cc-43ef-8de3-0c82071ee105</person_id><license_plate>4RB 490</license_plate><vin>CE638PBZ3U84YDEBM</vin><color>Purple</color><year>1999</year></automobile><automobile><person_id>aa494b96-dde2-4a58-97af-21a0d599686e</person_id><license_plate>9I X2382</license_plate><vin>SSP1R34N9J4J12TR6</vin><color>NavajoWhite</color><year>2023</year></automobile><automobile><person_id>52be8a3e-3625-49e2-bcd9-a40e65d19fc4</person_id><license_plate>043 3EX</license_plate><vin>EJJ0P7KZ3AETF3AK3</vin><color>LimeGreen</color><year>1985</year></automobile><automobile><person_id>52be8a3e-3625-49e2-bcd9-a40e65d19fc4</person_id><license_plate>WBB-5257</license_plate><vin>9BER9TZH1XG671USL</vin><color>Turquoise</color><year>2009</year></automobile><automobile><person_id>6fa1a8b2-e81b-4187-bffc-7cafaf41442d</person_id><license_plate>HYF-1315</license_plate><vin>3CNZV9BV9MSUPX400</vin><color>Tomato</color><year>1984</year></automobile></automobiles>