<?xml version="1.0" encoding="UTF-8" ?><automobiles><automobile><person_id>ce3ef924-1ca3-4162-a2d9-029482d4d6e2</person_id><license_plate>590-006</license_plate><vin>RRTC1G4Y5M98M4KGK</vin><color>Blue</color><year>1991</year></automobile><automobile><person_id>9b844668-5801-4894-bbdf-554a2ece4eb7</person_id><license_plate>GXI 497</license_plate><vin>0JVFZSKR2M2JYUEZ5</vin><color>DarkGoldenRod</color><year>1983</year></automobile><automobile><person_id>9b844668-5801-4894-bbdf-554a2ece4eb7</person_id><license_plate>RBR-6285</license_plate><vin>KVYKY5SS1P6D1VJS2</vin><color>SkyBlue</color><year>1989</year></automobile><automobile><person_id>3572964e-8aaa-4aab-b854-d5702970a4f6</person_id><license_plate>T01-CCX</license_plate><vin>XMF0D9GD5X5KKKKLT</vin><color>Moccasin</color><year>2003</year></automobile><automobile><person_id>3469d7b6-513b-41f3-8753-19e8c95f3414</person_id><license_plate>3406</license_plate><vin>A0HMY1774EGX06444</vin><color>Lime</color><year>1994</year></automobile><automobile><person_id>458b9e48-90a4-4ab8-ba95-df81b0d42256</person_id><license_plate>62F H41</license_plate><vin>N914HUNU215U31G55</vin><color>DarkOrange</color><year>2016</year></automobile><automobile><person_id>458b9e48-90a4-4ab8-ba95-df81b0d42256</person_id><license_plate>CM 52031</license_plate><vin>1F01H2KA1X83SPKA9</vin><color>Violet</color><year>1978</year></automobile><automobile><person_id>0b787edb-2276-4989-8f09-754cd457bf9a</person_id><license_plate>B58-22Q</license_plate><vin>V80C1U9G31B0VBJ73</vin><color>MintCream</color><year>1974</year></automobile><automobile><person_id>2826529f-69a2-4b6f-8332-d0b1f01d5e5b</person_id><license_plate>976-LQM</license_plate><vin>17FRAE9S4K70B2LHR</vin><color>Gold</color><year>1975</year></automobile><automobile><person_id>2826529f-69a2-4b6f-8332-d0b1f01d5e5b</person_id><license_plate>IUQ-949</license_plate><vin>X6495K8559ABP8UGD</vin><color>Yellow</color><year>2003</year></automobile><automobile><person_id>9b0b4b8f-eaa1-4a4b-97ed-d269e7713450</person_id><license_plate>D01-94Z</license_plate><vin>CPLJPF8R2M1RV4ER6</vin><color>Pink</color><year>1993</year></automobile><automobile><person_id>9b0b4b8f-eaa1-4a4b-97ed-d269e7713450</person_id><license_plate>F20-29Z</license_plate><vin>XDJ670TG8KCXW63LA</vin><color>DarkViolet</color><year>2017</year></automobile><automobile><person_id>fad9b9a8-8c09-4f6e-85f0-88e144c03534</person_id><license_plate>06-45593</license_plate><vin>XP08V0L92XHLXENHN</vin><color>NavajoWhite</color><year>1972</year></automobile><automobile><person_id>fad9b9a8-8c09-4f6e-85f0-88e144c03534</person_id><license_plate>HYX 064</license_plate><vin>XHEX7CZ33CXSJB3EM</vin><color>Lavender</color><year>1985</year></automobile><automobile><person_id>5fe0c313-41f3-46e2-b04c-599b043812a1</person_id><license_plate>295 ALC</license_plate><vin>2JPZDNWY0XZHCWBMG</vin><color>Plum</color><year>2014</year></automobile><automobile><person_id>ce8d19ac-5657-4b17-85a5-50c5b936e0e9</person_id><license_plate>MBS-7127</license_plate><vin>9GAHW0MU6SKAAD3DC</vin><color>DimGray</color><year>1995</year></automobile><automobile><person_id>a50cd272-a95f-42c5-9fe0-264444f2350e</person_id><license_plate>W 871771</license_plate><vin>VUGTYBZM824AM65LN</vin><color>DarkSalmon</color><year>2016</year></automobile><automobile><person_id>a50cd272-a95f-42c5-9fe0-264444f2350e</person_id><license_plate>1WH 108</license_plate><vin>9ER7HTXR78SYNDL5C</vin><color>Cornsilk</color><year>1978</year></automobile><automobile><person_id>a50cd272-a95f-42c5-9fe0-264444f2350e</person_id><license_plate>9U UM143</license_plate><vin>1WXFW3848WYSUK92Z</vin><color>SkyBlue</color><year>2009</year></automobile><automobile><person_id>fd8b0b53-6690-42c3-9efd-64590ad1b0dc</person_id><license_plate>3RW 921</license_plate><vin>2K7SVUN45K4MTMF7V</vin><color>MediumVioletRed</color><year>2008</year></automobile><automobile><person_id>fd8b0b53-6690-42c3-9efd-64590ad1b0dc</person_id><license_plate>UON-2386</license_plate><vin>0R8TYAAP324WNRZNP</vin><color>SeaGreen</color><year>2013</year></automobile><automobile><person_id>658f451d-a19a-43a7-8bf1-e7f4c88030ed</person_id><license_plate>8PC 069</license_plate><vin>9XTLZS5883Y33G035</vin><color>WhiteSmoke</color><year>1995</year></automobile><automobile><person_id>b476832d-796c-416d-9259-b084268c3a85</person_id><license_plate>1P 05690</license_plate><vin>3HVM805001XZX9F9A</vin><color>Wheat</color><year>2011</year></automobile><automobile><person_id>8c160963-ab5e-4b2d-8b51-65ba7567db46</person_id><license_plate>1GU6811</license_plate><vin>SM8037D41BE08A3TK</vin><color>LimeGreen</color><year>1989</year></automobile><automobile><person_id>a314cb2d-1904-4e07-9d46-07594edf5bab</person_id><license_plate>Q88 0ZB</license_plate><vin>8800BDVL61FDYY5XD</vin><color>Chocolate</color><year>1995</year></automobile><automobile><person_id>a314cb2d-1904-4e07-9d46-07594edf5bab</person_id><license_plate>453 8415</license_plate><vin>5TCD309S7SRWGKFZU</vin><color>MediumBlue</color><year>2024</year></automobile><automobile><person_id>bf9c8ebd-8855-4306-86be-da585e434cc9</person_id><license_plate>NDQ 1211</license_plate><vin>J2BYYS0X35DTRMZKX</vin><color>Tomato</color><year>2010</year></automobile><automobile><person_id>bf9c8ebd-8855-4306-86be-da585e434cc9</person_id><license_plate>IQ 6341</license_plate><vin>4FCMRNV7823ZB8TUA</vin><color>LightBlue</color><year>2023</year></automobile><automobile><person_id>47287f0d-46ca-4462-9379-3da8bbdda864</person_id><license_plate>548 2YN</license_plate><vin>7M60PEE622L79E6RV</vin><color>WhiteSmoke</color><year>2022</year></automobile><automobile><person_id>3dbc5580-970a-4d23-a996-16b12576f0c9</person_id><license_plate>IHV 194</license_plate><vin>Z4W0R81J3Y1X03R1U</vin><color>LightSalmon</color><year>2009</year></automobile><automobile><person_id>3dbc5580-970a-4d23-a996-16b12576f0c9</person_id><license_plate>VLM H81</license_plate><vin>N83N4T518W1FZV13A</vin><color>AntiqueWhite</color><year>2016</year></automobile><automobile><person_id>7d4c2071-0d2f-41f2-993b-c6f5928d84a4</person_id><license_plate>4O 0990H</license_plate><vin>1J1BLATJ95B9RRS9D</vin><color>Khaki</color><year>2004</year></automobile><automobile><person_id>cad166d5-7b6f-4a25-b405-7377309439ff</person_id><license_plate>367 ESI</license_plate><vin>2HMM15M79ZHE9NZ1S</vin><color>SeaGreen</color><year>1997</year></automobile><automobile><person_id>cad166d5-7b6f-4a25-b405-7377309439ff</person_id><license_plate>HPV 445</license_plate><vin>FFTKHAL21N3DM9E22</vin><color>MediumSpringGreen</color><year>2005</year></automobile><automobile><person_id>352ce2ff-2cd3-4391-96e0-56b9407f4e6f</person_id><license_plate>HAP 409</license_plate><vin>H6EBS4CX68U8H7S9X</vin><color>DarkGreen</color><year>1999</year></automobile><automobile><person_id>352ce2ff-2cd3-4391-96e0-56b9407f4e6f</person_id><license_plate>DRH 1290</license_plate><vin>P3UV2SN16DE7Y08AF</vin><color>LimeGreen</color><year>2008</year></automobile><automobile><person_id>352ce2ff-2cd3-4391-96e0-56b9407f4e6f</person_id><license_plate>0J 33326</license_plate><vin>RTXPPV711P3VW1W34</vin><color>DarkGray</color><year>1972</year></automobile><automobile><person_id>e79f1f5f-fce7-47af-9c86-96ef32e147db</person_id><license_plate>YUX-142</license_plate><vin>ANFN3X7C80JZTSHTL</vin><color>DarkOrchid</color><year>2014</year></automobile><automobile><person_id>88434b5c-23ed-417f-8321-034adb074ed3</person_id><license_plate>2-2518Z</license_plate><vin>XGKUJ6Z71DR0SDTV8</vin><color>Peru</color><year>2019</year></automobile><automobile><person_id>88434b5c-23ed-417f-8321-034adb074ed3</person_id><license_plate>5H454</license_plate><vin>Z169EN522KZJRD2R0</vin><color>Peru</color><year>2021</year></automobile><automobile><person_id>2f669c97-a422-496a-970f-b13e024beb68</person_id><license_plate>ABN 527</license_plate><vin>05DE9XM84ZAHYKBXY</vin><color>Cornsilk</color><year>2011</year></automobile><automobile><person_id>1e1e80d1-7e44-421c-b91f-82c25acd0cfa</person_id><license_plate>XPU6743</license_plate><vin>KAYUVFRRX9J6ZEY1F</vin><color>DarkSalmon</color><year>1998</year></automobile><automobile><person_id>1e1e80d1-7e44-421c-b91f-82c25acd0cfa</person_id><license_plate>150 1564</license_plate><vin>1U8GTF460KCHC2HYM</vin><color>DimGray</color><year>2023</year></automobile><automobile><person_id>f15ac789-2b15-4275-9a5c-831b56e86d13</person_id><license_plate>LQI 245</license_plate><vin>KGMM6FSZ5KXXLJ9DC</vin><color>White</color><year>1989</year></automobile><automobile><person_id>f15ac789-2b15-4275-9a5c-831b56e86d13</person_id><license_plate>EU-0754</license_plate><vin>Y6KAUL191KPRWZMWB</vin><color>Gold</color><year>1981</year></automobile><automobile><person_id>0f638b57-926a-4aa9-9261-b455b3094ac1</person_id><license_plate>012 IDS</license_plate><vin>BK1ZKBKG8NPH3V4BA</vin><color>Gainsboro</color><year>1981</year></automobile><automobile><person_id>0f638b57-926a-4aa9-9261-b455b3094ac1</person_id><license_plate>395-GQE</license_plate><vin>L4FVB2YK3WMAC8KN9</vin><color>Sienna</color><year>2021</year></automobile><automobile><person_id>c916bb5b-d792-4c56-8255-29fadd2f26a0</person_id><license_plate>3M 6F1QKS</license_plate><vin>PENPBT5J1Z5GXZK3R</vin><color>Wheat</color><year>1989</year></automobile><automobile><person_id>9cebaea8-dfc2-44a3-bb92-b4a69e358c74</person_id><license_plate>87-I845</license_plate><vin>RPDTGWDT3MA399K4B</vin><color>Salmon</color><year>2010</year></automobile><automobile><person_id>9cebaea8-dfc2-44a3-bb92-b4a69e358c74</person_id><license_plate>HSS-907</license_plate><vin>ZW7CWPRSXZBPA4NN0</vin><color>DarkRed</color><year>1985</year></automobile><automobile><person_id>a2160b43-932a-4c3e-bbde-8bb05d4ae08f</person_id><license_plate>949 3378</license_plate><vin>FB9X4DRS03D61M0DR</vin><color>Crimson</color><year>1973</year></automobile><automobile><person_id>a538f990-3a01-4366-9dad-7b542da19618</person_id><license_plate>62B•248</license_plate><vin>S76GSPP43G4DH23EY</vin><color>GhostWhite</color><year>1996</year></automobile><automobile><person_id>a538f990-3a01-4366-9dad-7b542da19618</person_id><license_plate>QSM-268</license_plate><vin>FJTXU8ED0HDC88ADA</vin><color>BurlyWood</color><year>1998</year></automobile><automobile><person_id>ccb45d53-5058-4fbf-95ac-075df6f2e355</person_id><license_plate>KEU 362</license_plate><vin>9PD1SBSE25EJY8AVP</vin><color>Purple</color><year>1973</year></automobile><automobile><person_id>ccb45d53-5058-4fbf-95ac-075df6f2e355</person_id><license_plate>5268</license_plate><vin>4MRMVNSM9C25UJYM4</vin><color>BlueViolet</color><year>1996</year></automobile><automobile><person_id>71641903-8863-41c1-bb49-48e6957e71e2</person_id><license_plate>KA5 N5D</license_plate><vin>GZZJW4408NGFBAHRZ</vin><color>BlueViolet</color><year>1980</year></automobile><automobile><person_id>5956cd87-8b4d-4cf6-8633-f88f99d5c188</person_id><license_plate>RXU-321</license_plate><vin>REPWRGRZ7E2JX6MBZ</vin><color>PaleGoldenRod</color><year>1992</year></automobile><automobile><person_id>5956cd87-8b4d-4cf6-8633-f88f99d5c188</person_id><license_plate>643-149</license_plate><vin>YDZP8TR957W9JAKYD</vin><color>AntiqueWhite</color><year>1990</year></automobile><automobile><person_id>9494dca8-b187-45e5-bcf6-deaf6dba2a7d</person_id><license_plate>7667 BZ</license_plate><vin>XSW1AV0382RH1347R</vin><color>Fuchsia</color><year>1985</year></automobile><automobile><person_id>72c9e008-1fef-4409-aa63-ffacffe39302</person_id><license_plate>041 NDU</license_plate><vin>UTDKNMKZ7Z0XVHPV1</vin><color>Red</color><year>1984</year></automobile><automobile><person_id>72c9e008-1fef-4409-aa63-ffacffe39302</person_id><license_plate>62-35120</license_plate><vin>U10T536V4AKLTWBLW</vin><color>MediumBlue</color><year>2022</year></automobile><automobile><person_id>72c9e008-1fef-4409-aa63-ffacffe39302</person_id><license_plate>HSE 782</license_plate><vin>RF1TXUAN5VY3L2977</vin><color>Wheat</color><year>2023</year></automobile><automobile><person_id>765e4b79-69ae-4422-9933-76e5e7119d5d</person_id><license_plate>420KMS</license_plate><vin>W0LTTN5F0MVMLDMVW</vin><color>Tomato</color><year>1991</year></automobile><automobile><person_id>0eed4a4c-0580-453d-a947-13fb3e04e481</person_id><license_plate>S25-71I</license_plate><vin>SFLRMAR53HFFHYRHJ</vin><color>MediumPurple</color><year>1984</year></automobile><automobile><person_id>a1ebd26c-e602-44b9-a859-0d778c2451ae</person_id><license_plate>971TFK</license_plate><vin>7E4MJFNC4P4YBUD7H</vin><color>SkyBlue</color><year>2021</year></automobile><automobile><person_id>30775218-105f-4ac4-a928-dfc133db911d</person_id><license_plate>173-FDO</license_plate><vin>XZ84J94A7TDHW6PG7</vin><color>Snow</color><year>2018</year></automobile><automobile><person_id>8de2d71e-2781-4d94-93ef-7d0db952e244</person_id><license_plate>398O2</license_plate><vin>3BZTVK33159VUYX3M</vin><color>Sienna</color><year>1977</year></automobile><automobile><person_id>8de2d71e-2781-4d94-93ef-7d0db952e244</person_id><license_plate>0AP W33</license_plate><vin>CG2RFNBG40DB5V7RW</vin><color>ForestGreen</color><year>2020</year></automobile><automobile><person_id>8de2d71e-2781-4d94-93ef-7d0db952e244</person_id><license_plate>6L 8419G</license_plate><vin>6C46AY467DZJCXM45</vin><color>Red</color><year>2018</year></automobile><automobile><person_id>b3fbc185-4257-47f9-b396-9eccebba4bdb</person_id><license_plate>341 7CI</license_plate><vin>LMARGTYF282E2WC2N</vin><color>Beige</color><year>2015</year></automobile><automobile><person_id>b3fbc185-4257-47f9-b396-9eccebba4bdb</person_id><license_plate>460 ZML</license_plate><vin>M342R3MM0DGUL45CZ</vin><color>Indigo</color><year>1989</year></automobile><automobile><person_id>4dbca7db-8b6d-4473-83e2-180ab321b635</person_id><license_plate>06P AU4</license_plate><vin>3PZECJ473RUW0F6LA</vin><color>GoldenRod</color><year>2004</year></automobile><automobile><person_id>0e25fbc5-66a9-4046-84d1-cc8ec7b91aeb</person_id><license_plate>MHP 214</license_plate><vin>67NKDL8FX85ZUUHMS</vin><color>Beige</color><year>1989</year></automobile><automobile><person_id>f18d5001-3c75-49db-8e22-6e9393cf1501</person_id><license_plate>59S 5660</license_plate><vin>CLZBKXAM8CR6VHP0R</vin><color>DarkTurquoise</color><year>1978</year></automobile><automobile><person_id>6314d126-79a7-480d-b1de-e9414d641b39</person_id><license_plate>7E 3D1SQR</license_plate><vin>CV7M241A0RGU74JST</vin><color>CadetBlue</color><year>2005</year></automobile><automobile><person_id>c8002438-b8fd-4457-b2e2-4de4657baa2c</person_id><license_plate>77XG727</license_plate><vin>4TFVN3G26UAUYXTCH</vin><color>Green</color><year>1978</year></automobile><automobile><person_id>c8002438-b8fd-4457-b2e2-4de4657baa2c</person_id><license_plate>2O234</license_plate><vin>9S11BEX2XM2ESTUXA</vin><color>SeaGreen</color><year>1986</year></automobile><automobile><person_id>87352e47-85dd-4805-9857-8332b70435dc</person_id><license_plate>065TGO</license_plate><vin>KJ7KP9D42XPJE3WJ0</vin><color>DarkGray</color><year>1992</year></automobile><automobile><person_id>ecc627c9-e4dd-4213-9ffd-6ecc00538fdc</person_id><license_plate>F 255285</license_plate><vin>TDCVUHVJ1W3R5PGZX</vin><color>LightSeaGreen</color><year>1971</year></automobile><automobile><person_id>6593c676-424d-4081-809b-5db1a832ade0</person_id><license_plate>1RP 563</license_plate><vin>SE8LYG9P9SXYYH33N</vin><color>Silver</color><year>1977</year></automobile><automobile><person_id>4fe3f509-07e7-44d7-981f-dc984a065312</person_id><license_plate>094 1NC</license_plate><vin>HBUZLZS85GE2NGG9S</vin><color>DarkBlue</color><year>1997</year></automobile><automobile><person_id>f4bd307d-cb06-4fe1-b97e-e067e2463559</person_id><license_plate>5ZTO 69</license_plate><vin>M8JC4URF11KYDA40F</vin><color>DarkSeaGreen</color><year>1979</year></automobile><automobile><person_id>5d47193e-a61d-41a3-81ff-79d60b19db91</person_id><license_plate>96C 6818</license_plate><vin>D76C0XSKX39AGAXWM</vin><color>Salmon</color><year>1976</year></automobile><automobile><person_id>6bea1fb1-ab97-4026-8de2-fe26496c7eff</person_id><license_plate>RDQ-2866</license_plate><vin>CEK1VECJ5JPPCJD6B</vin><color>GoldenRod</color><year>1986</year></automobile><automobile><person_id>bba60d5b-1a62-441d-9526-a117908a0bf4</person_id><license_plate>033 4XM</license_plate><vin>RFVZEUYW4EY1U11ZS</vin><color>HotPink</color><year>1970</year></automobile><automobile><person_id>32990e26-94c7-4a87-a1cc-3fa529d64ae2</person_id><license_plate>4GV6939</license_plate><vin>9TNC51L39RLZCTX0W</vin><color>Gainsboro</color><year>1985</year></automobile><automobile><person_id>32990e26-94c7-4a87-a1cc-3fa529d64ae2</person_id><license_plate>4807</license_plate><vin>8YDCDV858PC0MPY5N</vin><color>DeepPink</color><year>2017</year></automobile><automobile><person_id>cfe13f5f-e702-43cf-a87e-6cae6b8e507d</person_id><license_plate>548 8KO</license_plate><vin>YC5RFDB33WZX5MZ12</vin><color>Snow</color><year>2007</year></automobile><automobile><person_id>49d61b63-32cb-4624-8056-86a77c8290f0</person_id><license_plate>382 YSG</license_plate><vin>KXD6UWL7789CPFK48</vin><color>MediumTurquoise</color><year>1974</year></automobile><automobile><person_id>49d61b63-32cb-4624-8056-86a77c8290f0</person_id><license_plate>EJS 731</license_plate><vin>ULJ8LBWW18MYRXGNB</vin><color>DarkKhaki</color><year>2009</year></automobile><automobile><person_id>310260a0-50e9-4305-a0d1-436cca144871</person_id><license_plate>2-78066O</license_plate><vin>TSG2U79775JT3NA5U</vin><color>LavenderBlush</color><year>1986</year></automobile><automobile><person_id>310260a0-50e9-4305-a0d1-436cca144871</person_id><license_plate>51-G306</license_plate><vin>U9GL87VN2CNSG3SWJ</vin><color>OldLace</color><year>1991</year></automobile><automobile><person_id>a02b67ea-cd07-4c47-9cd0-e4b3e3c8e2a1</person_id><license_plate>182 FEP</license_plate><vin>CCTE3DPLXHWZR077M</vin><color>DarkMagenta</color><year>1991</year></automobile><automobile><person_id>a02b67ea-cd07-4c47-9cd0-e4b3e3c8e2a1</person_id><license_plate>40Y SM9</license_plate><vin>5N64ZV67XUKCYGPFT</vin><color>DarkSalmon</color><year>1988</year></automobile><automobile><person_id>138f57c8-7720-4a11-b613-a9aa497cc1d7</person_id><license_plate>UR7 6510</license_plate><vin>N5SNUX0Z9NK45A51U</vin><color>SlateGray</color><year>1974</year></automobile><automobile><person_id>138f57c8-7720-4a11-b613-a9aa497cc1d7</person_id><license_plate>5E MP746</license_plate><vin>KXT6YRBX0L1KTPR99</vin><color>LemonChiffon</color><year>1970</year></automobile><automobile><person_id>138f57c8-7720-4a11-b613-a9aa497cc1d7</person_id><license_plate>892473</license_plate><vin>WM5G8WCH07U08927F</vin><color>DarkKhaki</color><year>1998</year></automobile><automobile><person_id>78a3b4df-b5fe-48a1-8b40-c445f7860b35</person_id><license_plate>CCV 503</license_plate><vin>MYN7UFWGXCSTZG1B9</vin><color>LemonChiffon</color><year>2021</year></automobile><automobile><person_id>78a3b4df-b5fe-48a1-8b40-c445f7860b35</person_id><license_plate>9TF 651</license_plate><vin>TCBM4GSD4HLJ7YCKL</vin><color>GoldenRod</color><year>1971</year></automobile><automobile><person_id>e43ae335-9992-4525-87c4-8a6f144d4d48</person_id><license_plate>238N1</license_plate><vin>KXDC8FJH6CTJ17ZF1</vin><color>Tan</color><year>1999</year></automobile><automobile><person_id>e43ae335-9992-4525-87c4-8a6f144d4d48</person_id><license_plate>2-3734J</license_plate><vin>7PUT3P693JBT1FL7H</vin><color>SteelBlue</color><year>1971</year></automobile><automobile><person_id>e43ae335-9992-4525-87c4-8a6f144d4d48</person_id><license_plate>466 JTW</license_plate><vin>B3GHHP8U15FFRJGRD</vin><color>Orchid</color><year>1987</year></automobile><automobile><person_id>a676212a-92f7-4649-9507-b0e913828283</person_id><license_plate>338-ZPB</license_plate><vin>8E3DHYTX0UF2XZJCT</vin><color>DimGray</color><year>1993</year></automobile><automobile><person_id>4f639ef3-836d-448a-9b88-f7e0056439b3</person_id><license_plate>P20 9ZJ</license_plate><vin>SBMPA6LH1NGH23L4P</vin><color>Orange</color><year>1974</year></automobile><automobile><person_id>9f7c3dca-a2e4-439c-8b06-4a6ec11e46af</person_id><license_plate>UPN3144</license_plate><vin>V050WH398RST709XC</vin><color>RoyalBlue</color><year>1976</year></automobile><automobile><person_id>d0c678e3-57ec-4002-a669-049c781bffb7</person_id><license_plate>20P E42</license_plate><vin>VN2BC7GU7EG6J0FPX</vin><color>Tomato</color><year>1986</year></automobile><automobile><person_id>d0c678e3-57ec-4002-a669-049c781bffb7</person_id><license_plate>3ZYM 17</license_plate><vin>BRVUEZKL08ZMCZ3XT</vin><color>DarkViolet</color><year>2015</year></automobile><automobile><person_id>ee92183e-9bfb-4e2c-ba08-422570ea284f</person_id><license_plate>LRS 287</license_plate><vin>R3J1F34D4RW6WW594</vin><color>Beige</color><year>2012</year></automobile><automobile><person_id>ee92183e-9bfb-4e2c-ba08-422570ea284f</person_id><license_plate>KZ-1449</license_plate><vin>X7BV4XF77EKHEHGZV</vin><color>GoldenRod</color><year>1985</year></automobile><automobile><person_id>694a10cf-b12f-405e-bcd6-c5680bd81bf5</person_id><license_plate>MWN 005</license_plate><vin>ZANATRBC5T8UHLPPH</vin><color>PaleTurquoise</color><year>2001</year></automobile><automobile><person_id>509f7a40-86ea-4ab1-b5bd-b038043d98f8</person_id><license_plate>CLM6586</license_plate><vin>59JH4JG3502N6PDYH</vin><color>ForestGreen</color><year>2010</year></automobile><automobile><person_id>2f1c558e-3ce9-4452-bb8a-b46b4a372683</person_id><license_plate>8DJ 445</license_plate><vin>ZNCEAX941JDL5N6XA</vin><color>Tan</color><year>2023</year></automobile><automobile><person_id>d7ad125d-deda-44a3-a846-a8edf961c8ec</person_id><license_plate>917-KPXW</license_plate><vin>52JJGTX28SMGJ38LM</vin><color>LightCoral</color><year>2022</year></automobile><automobile><person_id>806fbf59-3e93-4a35-af1e-41b5c25c9b28</person_id><license_plate>CGF-846</license_plate><vin>J3SVHDM03N85GT5M2</vin><color>Magenta</color><year>2017</year></automobile><automobile><person_id>806fbf59-3e93-4a35-af1e-41b5c25c9b28</person_id><license_plate>WE 16636</license_plate><vin>88U81DSL8PBBEMUTJ</vin><color>Snow</color><year>2015</year></automobile><automobile><person_id>06bf329d-8301-46c0-8bb3-144ba879639a</person_id><license_plate>732 AJC</license_plate><vin>F3WC5JUU5UBHNWEFK</vin><color>MediumSlateBlue</color><year>2020</year></automobile><automobile><person_id>06bf329d-8301-46c0-8bb3-144ba879639a</person_id><license_plate>GXE V57</license_plate><vin>9F2JRUX3632SV7662</vin><color>BlueViolet</color><year>1996</year></automobile><automobile><person_id>06bf329d-8301-46c0-8bb3-144ba879639a</person_id><license_plate>8-83318</license_plate><vin>BM46JGWS57ZVWN5L4</vin><color>CadetBlue</color><year>2001</year></automobile><automobile><person_id>035f508d-9eea-42a8-87b8-c729abe481a2</person_id><license_plate>2BK D13</license_plate><vin>PPUDTYLE2SZ8MY4RP</vin><color>Blue</color><year>1973</year></automobile><automobile><person_id>89c0e200-2bd8-422b-9d86-a10744a4466d</person_id><license_plate>CSX-5296</license_plate><vin>RT0SCCT07885EKB3F</vin><color>Chartreuse</color><year>1974</year></automobile><automobile><person_id>ace2fc7f-bfce-4d8f-8b8e-4227be51175c</person_id><license_plate>955 UAH</license_plate><vin>UPKCTFLA6RALNZN1Z</vin><color>LightSlateGray</color><year>1998</year></automobile><automobile><person_id>ace2fc7f-bfce-4d8f-8b8e-4227be51175c</person_id><license_plate>2M Y7732</license_plate><vin>W9JPH73X5Z40WZ9UV</vin><color>Navy</color><year>1977</year></automobile><automobile><person_id>a1f872c4-aedb-4728-ad4d-55521be4cf54</person_id><license_plate>4067</license_plate><vin>TAC9N9665EM5H1118</vin><color>PowderBlue</color><year>1977</year></automobile><automobile><person_id>a1f872c4-aedb-4728-ad4d-55521be4cf54</person_id><license_plate>IVL-421</license_plate><vin>GTY0VL089KTYP0JUB</vin><color>MediumSpringGreen</color><year>2019</year></automobile><automobile><person_id>bbf263d9-057b-4dba-a643-6cd138acde17</person_id><license_plate>851 KTS</license_plate><vin>TU3ZWPC0206L8KYU3</vin><color>MediumVioletRed</color><year>1998</year></automobile></automobiles>