<?xml version="1.0" encoding="UTF-8" ?><automobiles><automobile><person_id>d955f491-f99f-4153-a705-5f5a2f84e006</person_id><license_plate>5212 JH</license_plate><vin>95JN489A7GZ5AYT6L</vin><color>Chartreuse</color><year>1974</year></automobile><automobile><person_id>cf1c0ca2-0b5a-45cb-81c9-ac767ef1ed4f</person_id><license_plate>9N U5802</license_plate><vin>PC4DAACY6TDT7VG4F</vin><color>PaleVioletRed</color><year>2003</year></automobile><automobile><person_id>0d234218-b707-4934-9a8b-c49e2f367a3e</person_id><license_plate>2Q 6182H</license_plate><vin>BDZEZ5LH8C36W0WX7</vin><color>LightGray</color><year>2017</year></automobile><automobile><person_id>89b445e0-0bee-4ad9-bd20-5185ddab17ea</person_id><license_plate>Q37 0ZP</license_plate><vin>UFGZ41VF8Y7WA8JXW</vin><color>YellowGreen</color><year>2003</year></automobile><automobile><person_id>89b445e0-0bee-4ad9-bd20-5185ddab17ea</person_id><license_plate>06-OD87</license_plate><vin>ZF5N82W27DEBBB2RC</vin><color>PaleTurquoise</color><year>2004</year></automobile><automobile><person_id>833740c0-71aa-4018-bc81-a605a5698e17</person_id><license_plate>PLH-055</license_plate><vin>C3RS9D7G6L6PHMAM4</vin><color>Silver</color><year>2013</year></automobile><automobile><person_id>844da00d-82d3-4f96-b07f-b20b58b0d4d3</person_id><license_plate>012 HJQ</license_plate><vin>NGU30BJ67BCKLMESE</vin><color>LightSkyBlue</color><year>2019</year></automobile><automobile><person_id>2366bcc5-d506-42b7-acaf-f068b5fbf263</person_id><license_plate>571-YJL</license_plate><vin>NBKX95PC6U06S34RX</vin><color>Thistle</color><year>1973</year></automobile><automobile><person_id>2366bcc5-d506-42b7-acaf-f068b5fbf263</person_id><license_plate>13R 356</license_plate><vin>ESYF99HR2GUXG8JFP</vin><color>Crimson</color><year>2008</year></automobile><automobile><person_id>dda35f29-0b74-4d51-a296-e6137534d0fe</person_id><license_plate>ZNP 517</license_plate><vin>JH5KFKUEX9A9Z3BEP</vin><color>MediumPurple</color><year>2003</year></automobile><automobile><person_id>dda35f29-0b74-4d51-a296-e6137534d0fe</person_id><license_plate>906 GRZ</license_plate><vin>DJLACU1R3E2X25PWT</vin><color>AliceBlue</color><year>2007</year></automobile><automobile><person_id>2e1e55a9-bf7e-48ef-afce-8e0b23f1b17a</person_id><license_plate>4-85858</license_plate><vin>YH19VJKN6Y0PZDF8E</vin><color>WhiteSmoke</color><year>2004</year></automobile><automobile><person_id>2e1e55a9-bf7e-48ef-afce-8e0b23f1b17a</person_id><license_plate>3KC 586</license_plate><vin>6ASC110RXZLYGYHX4</vin><color>AliceBlue</color><year>1988</year></automobile><automobile><person_id>aa20749e-95aa-4c6c-aa35-3b2a2da1f3b4</person_id><license_plate>F 054431</license_plate><vin>DDRNB1LA9YF7GXE17</vin><color>GreenYellow</color><year>2002</year></automobile><automobile><person_id>aa20749e-95aa-4c6c-aa35-3b2a2da1f3b4</person_id><license_plate>803 PGC</license_plate><vin>457ZEN9F4P81F0XVU</vin><color>Gold</color><year>2022</year></automobile><automobile><person_id>aa20749e-95aa-4c6c-aa35-3b2a2da1f3b4</person_id><license_plate>XCR 970</license_plate><vin>99MTMP648P831ATE5</vin><color>Purple</color><year>2011</year></automobile><automobile><person_id>6b544d0f-60b7-4705-9aaf-bd59451edb69</person_id><license_plate>CAW0467</license_plate><vin>R0WY4K949K9W2YPGV</vin><color>DarkOrchid</color><year>1973</year></automobile><automobile><person_id>ca7e9ffe-14e9-462a-8c72-b28c3aa7ec78</person_id><license_plate>CGW-242</license_plate><vin>LNPJYDTH6WSB07PNB</vin><color>PaleGoldenRod</color><year>1976</year></automobile><automobile><person_id>ca7e9ffe-14e9-462a-8c72-b28c3aa7ec78</person_id><license_plate>QHY 993</license_plate><vin>C39WG2G8504V4RKR3</vin><color>Azure</color><year>1991</year></automobile><automobile><person_id>a20b3048-4a2f-4576-b82e-4c0871358cc8</person_id><license_plate>6R482</license_plate><vin>E5H9L6MXXKBMWYTJN</vin><color>LavenderBlush</color><year>1988</year></automobile><automobile><person_id>a20b3048-4a2f-4576-b82e-4c0871358cc8</person_id><license_plate>315-900</license_plate><vin>JUHYPWUB40ZVV5H9X</vin><color>GreenYellow</color><year>2008</year></automobile><automobile><person_id>22b4706f-a0c1-4143-b5c4-2a58ac2d05d8</person_id><license_plate>34LY4</license_plate><vin>3HXA9BPU9AGZBAL4J</vin><color>Lime</color><year>1986</year></automobile><automobile><person_id>087c6be2-c404-4c43-b201-05e9efb0f576</person_id><license_plate>566OF</license_plate><vin>MX7V1GAW6L5EUUN3G</vin><color>DarkBlue</color><year>2013</year></automobile><automobile><person_id>087c6be2-c404-4c43-b201-05e9efb0f576</person_id><license_plate>HKP 984</license_plate><vin>PKPMTW7R3KFXR0RCZ</vin><color>Azure</color><year>1997</year></automobile><automobile><person_id>24910293-9a08-4adc-b6a9-a0ef15f60d48</person_id><license_plate>718-VXC</license_plate><vin>0K42RGDA94VGZHTGU</vin><color>Tomato</color><year>1988</year></automobile><automobile><person_id>24910293-9a08-4adc-b6a9-a0ef15f60d48</person_id><license_plate>47L 966</license_plate><vin>MRVDUW5T90PJKJL8B</vin><color>DeepSkyBlue</color><year>1998</year></automobile><automobile><person_id>7d124be1-b3e3-4d87-8f46-003d751c37bb</person_id><license_plate>HVR 298</license_plate><vin>EN5MSF5M4PPYDD3LP</vin><color>Plum</color><year>2002</year></automobile><automobile><person_id>7d124be1-b3e3-4d87-8f46-003d751c37bb</person_id><license_plate>9Z U5574</license_plate><vin>6J8JW22L9KMW66240</vin><color>Beige</color><year>1985</year></automobile><automobile><person_id>7d124be1-b3e3-4d87-8f46-003d751c37bb</person_id><license_plate>90JD278</license_plate><vin>J538Y5DW27NC2PWUU</vin><color>PaleGreen</color><year>2004</year></automobile><automobile><person_id>051fdfab-1294-4441-899f-c260f2b44b84</person_id><license_plate>1YW3697</license_plate><vin>DXKSVW1P3UZZ2Y995</vin><color>Aquamarine</color><year>1971</year></automobile><automobile><person_id>ba295b31-4cbb-401d-97e5-e3fe507b6011</person_id><license_plate>7P I5393</license_plate><vin>KDGKWYED8W5UWU0ZH</vin><color>PaleVioletRed</color><year>1989</year></automobile><automobile><person_id>3ae469ef-326d-4ca5-9757-c4b022470d17</person_id><license_plate>246-WYQ</license_plate><vin>E63CDEG885P5W2BEG</vin><color>Green</color><year>1978</year></automobile><automobile><person_id>666b49db-7efc-471e-be3b-77fa918ce8ad</person_id><license_plate>192 WEB</license_plate><vin>CVRUNKGD2RG5WRCRG</vin><color>Gainsboro</color><year>2015</year></automobile><automobile><person_id>666b49db-7efc-471e-be3b-77fa918ce8ad</person_id><license_plate>QIO-4321</license_plate><vin>M40XNP3C4XWFX8NHB</vin><color>SlateGray</color><year>1980</year></automobile><automobile><person_id>935bc1c9-a7a6-467b-95dd-3d04c8bde57a</person_id><license_plate>62O K68</license_plate><vin>JC55N00S2W6DLFZUS</vin><color>Thistle</color><year>1994</year></automobile><automobile><person_id>935bc1c9-a7a6-467b-95dd-3d04c8bde57a</person_id><license_plate>990-ROC</license_plate><vin>VE1N9XDS2KUVRM9KT</vin><color>Aqua</color><year>1995</year></automobile><automobile><person_id>061ba1e3-4a3b-47dd-9195-8809c4837d56</person_id><license_plate>77-6576A</license_plate><vin>U0RDKDVH9Y7JG4N4S</vin><color>DarkCyan</color><year>2019</year></automobile><automobile><person_id>f164de3d-7e76-44d7-b24d-ae5aa4efa006</person_id><license_plate>086 GMN</license_plate><vin>13L13Y7J1PRATUAS9</vin><color>Yellow</color><year>2001</year></automobile><automobile><person_id>bd5514c7-9410-4627-a6e4-52fe3ecec854</person_id><license_plate>UTB9294</license_plate><vin>6JPGVR689Y98MMRVB</vin><color>LightSeaGreen</color><year>1992</year></automobile><automobile><person_id>bd5514c7-9410-4627-a6e4-52fe3ecec854</person_id><license_plate>CGU P72</license_plate><vin>Z3HF5WDW19TRK2UK9</vin><color>HotPink</color><year>2023</year></automobile><automobile><person_id>11a32cec-7188-4c21-b82b-129ff5373886</person_id><license_plate>EBF 546</license_plate><vin>RZR9FE2R61R04LZVZ</vin><color>Indigo</color><year>2001</year></automobile><automobile><person_id>ab60c20c-046b-4dfe-930b-e80cd7e3db6d</person_id><license_plate>29-GU01</license_plate><vin>6EYGP4TE3M0FTZ8BA</vin><color>Tomato</color><year>1986</year></automobile><automobile><person_id>df19a4ae-55f1-4c43-992f-021b944722d6</person_id><license_plate>58Y J28</license_plate><vin>4CT6ZDEX8TA9KM2Z5</vin><color>HoneyDew</color><year>1976</year></automobile><automobile><person_id>ae660631-7d56-4f24-b0cb-ff538b3248ac</person_id><license_plate>0F516</license_plate><vin>K94US05D0P9KM2R5X</vin><color>Silver</color><year>1986</year></automobile><automobile><person_id>ae660631-7d56-4f24-b0cb-ff538b3248ac</person_id><license_plate>49-7637X</license_plate><vin>KVFWDTND8LUS8N6EY</vin><color>AliceBlue</color><year>2016</year></automobile><automobile><person_id>7c3e9e7f-7210-4419-8c08-70756ca677f3</person_id><license_plate>QJV 5087</license_plate><vin>NWNRNPZR96X5KCCFZ</vin><color>LightSlateGray</color><year>1998</year></automobile><automobile><person_id>b2b6804c-f663-4293-a16e-b5af7e73bdc3</person_id><license_plate>KNA 955</license_plate><vin>9HJ1C2728Y25B9SB4</vin><color>Indigo</color><year>2008</year></automobile><automobile><person_id>2cdcecb7-e0ff-4be9-b2f4-737c2e6447ef</person_id><license_plate>25-91942</license_plate><vin>XY5VXL7470ZSKP91T</vin><color>BlueViolet</color><year>1999</year></automobile><automobile><person_id>526cac34-053a-4649-bae7-748a65ab7243</person_id><license_plate>5PG 357</license_plate><vin>CNYKXNNT0B958NEP6</vin><color>DimGray</color><year>2021</year></automobile><automobile><person_id>526cac34-053a-4649-bae7-748a65ab7243</person_id><license_plate>HQS-8316</license_plate><vin>XX4DPKBS94Z88PGUE</vin><color>LightGoldenRodYellow</color><year>2013</year></automobile><automobile><person_id>b19f8e5f-67fa-4d7b-9c6a-960c1b15e2b7</person_id><license_plate>238-RNJ</license_plate><vin>5L26S4JN405W8DR4Y</vin><color>Red</color><year>1996</year></automobile><automobile><person_id>f9f43ed3-1edb-4bff-9369-86c060f91c17</person_id><license_plate>421 SZQ</license_plate><vin>SY3B55S1XZH9GFEVD</vin><color>RosyBrown</color><year>2020</year></automobile><automobile><person_id>f9f43ed3-1edb-4bff-9369-86c060f91c17</person_id><license_plate>196-AFJ</license_plate><vin>6KMPB82X833PRMD4D</vin><color>Peru</color><year>2009</year></automobile><automobile><person_id>1f37df5a-0eba-40bc-9cab-aef88f4b000b</person_id><license_plate>556 KIS</license_plate><vin>YMPZ4EPA1PYDFKD54</vin><color>DarkSalmon</color><year>2005</year></automobile><automobile><person_id>9dd98930-ac70-4c0b-bee3-639116cda8ee</person_id><license_plate>807-DOE</license_plate><vin>PDFWJ6632TX0PSK3E</vin><color>MediumVioletRed</color><year>2005</year></automobile><automobile><person_id>5f087f4d-a337-41f4-aff2-687321d3ad6f</person_id><license_plate>0837</license_plate><vin>GSNXVATE8S12R4M25</vin><color>LimeGreen</color><year>1972</year></automobile><automobile><person_id>9b22b1c7-8068-46b3-ba1b-8f9231a729dd</person_id><license_plate>LCA 338</license_plate><vin>ZCERLNT4X3KUR93PT</vin><color>DarkSeaGreen</color><year>2011</year></automobile><automobile><person_id>9b22b1c7-8068-46b3-ba1b-8f9231a729dd</person_id><license_plate>C60 2HL</license_plate><vin>WHJ79UPZ9HPTEC1UD</vin><color>MediumBlue</color><year>2019</year></automobile><automobile><person_id>b6ca7616-490d-4d07-aa04-547e16eacebb</person_id><license_plate>190 BDH</license_plate><vin>32UMPCC73TWPJ9B1R</vin><color>PaleTurquoise</color><year>2019</year></automobile><automobile><person_id>f6d4b314-5ae0-438c-9add-29ae5a0b4534</person_id><license_plate>PII-751</license_plate><vin>JP34ZJZF4WYFPNC0S</vin><color>Maroon</color><year>2018</year></automobile><automobile><person_id>f6d4b314-5ae0-438c-9add-29ae5a0b4534</person_id><license_plate>4OZ 286</license_plate><vin>UB840E739P3NN52WR</vin><color>Blue</color><year>1981</year></automobile><automobile><person_id>65dce860-990b-44c4-a277-1bab19d41f92</person_id><license_plate>TTX-3108</license_plate><vin>VJ9RCYBY31EA6BZFV</vin><color>DarkSlateGray</color><year>2023</year></automobile><automobile><person_id>65dce860-990b-44c4-a277-1bab19d41f92</person_id><license_plate>P67 3RX</license_plate><vin>NDAZA1YHXVDUUG8SB</vin><color>FireBrick</color><year>2022</year></automobile><automobile><person_id>0d992fcf-81cb-4d35-af77-0db8d07f66ea</person_id><license_plate>127-CGV</license_plate><vin>ZLE1GX2XXLPESUJHV</vin><color>MediumVioletRed</color><year>2004</year></automobile><automobile><person_id>0d992fcf-81cb-4d35-af77-0db8d07f66ea</person_id><license_plate>720 IFT</license_plate><vin>5P4UE10EX4SJF8S0A</vin><color>AntiqueWhite</color><year>1973</year></automobile><automobile><person_id>32744816-a243-4f14-86c4-015592ba13bd</person_id><license_plate>YQZ-0528</license_plate><vin>EYKMA4FBXBTVL6NFW</vin><color>DarkMagenta</color><year>2009</year></automobile><automobile><person_id>32744816-a243-4f14-86c4-015592ba13bd</person_id><license_plate>932 OZI</license_plate><vin>SA5Y8XHT9DU5GRNCH</vin><color>DarkRed</color><year>2022</year></automobile><automobile><person_id>963638c6-b7c0-4c43-a905-5d3531bb1bbf</person_id><license_plate>PII 174</license_plate><vin>XVCPLYGJ68SRFEHXV</vin><color>Tomato</color><year>2021</year></automobile><automobile><person_id>963638c6-b7c0-4c43-a905-5d3531bb1bbf</person_id><license_plate>798-KOB</license_plate><vin>BMS62W088X78YNERH</vin><color>MediumSpringGreen</color><year>1987</year></automobile><automobile><person_id>61c110c7-1962-4c71-8739-6c1c116dfd67</person_id><license_plate>TBW 1898</license_plate><vin>YD6TWZ64XCC9SAEN8</vin><color>MediumTurquoise</color><year>2001</year></automobile><automobile><person_id>61c110c7-1962-4c71-8739-6c1c116dfd67</person_id><license_plate>588-OMH</license_plate><vin>UYX4FMMT5V79GNYUF</vin><color>SeaGreen</color><year>1994</year></automobile><automobile><person_id>157de373-a6a5-45ad-8c84-93c2680ec217</person_id><license_plate>610 FOY</license_plate><vin>4AZ0YGJG56DPKPLUV</vin><color>SkyBlue</color><year>1992</year></automobile><automobile><person_id>7a7bc4f9-ddd8-4109-aa13-acf5c33f5282</person_id><license_plate>1VU 042</license_plate><vin>A9FMN1U765XVDN143</vin><color>CadetBlue</color><year>1990</year></automobile><automobile><person_id>7a7bc4f9-ddd8-4109-aa13-acf5c33f5282</person_id><license_plate>893 QNA</license_plate><vin>L1Z7H9LV7HRT07N3Y</vin><color>Lavender</color><year>1991</year></automobile><automobile><person_id>fd87093d-efd3-4314-b88e-3cf86175cf89</person_id><license_plate>88RU211</license_plate><vin>UGPY7D9X0R305JVE9</vin><color>LightCyan</color><year>1974</year></automobile><automobile><person_id>fd87093d-efd3-4314-b88e-3cf86175cf89</person_id><license_plate>RSQ-879</license_plate><vin>VV3GYLAY4CFSJYLDF</vin><color>Chocolate</color><year>1992</year></automobile><automobile><person_id>fd87093d-efd3-4314-b88e-3cf86175cf89</person_id><license_plate>834-WKT</license_plate><vin>WP4BGWKS4WL045PWB</vin><color>Crimson</color><year>2006</year></automobile><automobile><person_id>c23778de-2065-40b1-82b2-fb4ab27b9f80</person_id><license_plate>MJH5153</license_plate><vin>2EWFRWTX26FCFWCKN</vin><color>Pink</color><year>1985</year></automobile><automobile><person_id>c23778de-2065-40b1-82b2-fb4ab27b9f80</person_id><license_plate>6NW 477</license_plate><vin>Y7FH0HSH3ZPMTTP8T</vin><color>FireBrick</color><year>1980</year></automobile><automobile><person_id>c23778de-2065-40b1-82b2-fb4ab27b9f80</person_id><license_plate>516-TGR</license_plate><vin>BNB18F1B6VAKN9BDW</vin><color>LightPink</color><year>2016</year></automobile><automobile><person_id>fdd325b0-cad9-4b54-ace4-6993be2599f8</person_id><license_plate>427 TXV</license_plate><vin>8WUA2FPD3UJSCJNX9</vin><color>Silver</color><year>2009</year></automobile><automobile><person_id>fdd325b0-cad9-4b54-ace4-6993be2599f8</person_id><license_plate>6EM6589</license_plate><vin>HK0J6WCT28ALMKNCZ</vin><color>HoneyDew</color><year>2016</year></automobile><automobile><person_id>eaf8db2f-ad86-41d5-96e6-67f403fa9ecf</person_id><license_plate>ZYM 025</license_plate><vin>C93D4MB02GSGP8Y2K</vin><color>MediumPurple</color><year>2000</year></automobile><automobile><person_id>eaf8db2f-ad86-41d5-96e6-67f403fa9ecf</person_id><license_plate>788YZC</license_plate><vin>AS82V91J5LWGPBS9R</vin><color>Plum</color><year>1997</year></automobile><automobile><person_id>eaf8db2f-ad86-41d5-96e6-67f403fa9ecf</person_id><license_plate>785 TBL</license_plate><vin>FMU8D19W3XN4H62J4</vin><color>Lavender</color><year>1971</year></automobile><automobile><person_id>602f8755-6115-46db-9f6e-89321368c501</person_id><license_plate>8E 68662</license_plate><vin>1L6GSDL56NAFGCUKU</vin><color>SteelBlue</color><year>2012</year></automobile><automobile><person_id>b6ba17b2-afe7-4363-b294-43184ac32a91</person_id><license_plate>QM1 9324</license_plate><vin>RV71CXMT3JAWWKXKJ</vin><color>DeepSkyBlue</color><year>1999</year></automobile><automobile><person_id>e38d1a31-6c61-410f-9222-5741143e06a8</person_id><license_plate>5VO 265</license_plate><vin>2MCYAWYD5WYP0TFN0</vin><color>MediumSeaGreen</color><year>1996</year></automobile><automobile><person_id>e38d1a31-6c61-410f-9222-5741143e06a8</person_id><license_plate>BA5 3941</license_plate><vin>ASUFHLWE1HEX57ABB</vin><color>Beige</color><year>2001</year></automobile><automobile><person_id>29635764-6aad-4946-a559-a96bbfb6235b</person_id><license_plate>0ET V56</license_plate><vin>YCAMK6ER22BDY8MGR</vin><color>DarkRed</color><year>1982</year></automobile><automobile><person_id>7c14e784-45c3-4dac-9054-ec21a47d270a</person_id><license_plate>0AE 274</license_plate><vin>PLXCL1NU6RU4MDJLY</vin><color>BlueViolet</color><year>1991</year></automobile><automobile><person_id>7c14e784-45c3-4dac-9054-ec21a47d270a</person_id><license_plate>182-MDL</license_plate><vin>V2029HH33XMWVRFMG</vin><color>Olive</color><year>1984</year></automobile><automobile><person_id>7c14e784-45c3-4dac-9054-ec21a47d270a</person_id><license_plate>7D 0X6GYB</license_plate><vin>SAXPZ4DN1FDT2827P</vin><color>LightBlue</color><year>1987</year></automobile><automobile><person_id>31531676-e13b-4665-9d0d-9a8785e3f1d8</person_id><license_plate>246 OJH</license_plate><vin>PGJPZHTH2U8M1M4FC</vin><color>Peru</color><year>2011</year></automobile><automobile><person_id>31531676-e13b-4665-9d0d-9a8785e3f1d8</person_id><license_plate>QXN3901</license_plate><vin>HSBXDGVC2VK9LGR0H</vin><color>MistyRose</color><year>2001</year></automobile><automobile><person_id>2db62338-2efd-4350-b6dc-a5690aa10bb1</person_id><license_plate>WPB 726</license_plate><vin>CRUNY24V0868DY4A2</vin><color>Red</color><year>1998</year></automobile><automobile><person_id>16e5bd84-d462-4470-82d2-eb22c6524ec9</person_id><license_plate>6ER8038</license_plate><vin>3W610SNMX5K28FMB1</vin><color>NavajoWhite</color><year>1970</year></automobile><automobile><person_id>16e5bd84-d462-4470-82d2-eb22c6524ec9</person_id><license_plate>2JI E24</license_plate><vin>N638GADCXFM39BB43</vin><color>Salmon</color><year>2019</year></automobile><automobile><person_id>14aa3de7-6a11-49dd-b276-12b202ab8650</person_id><license_plate>TWZ9708</license_plate><vin>P9ESLMY70GRV0X02B</vin><color>Lime</color><year>1980</year></automobile><automobile><person_id>74e549a3-c26b-442f-af76-2943375a51bf</person_id><license_plate>DI 46454</license_plate><vin>JY7SF1LW14UNDB8N2</vin><color>Gainsboro</color><year>2023</year></automobile><automobile><person_id>b9e767c1-5c10-442f-9750-7595298b6776</person_id><license_plate>3ED1684</license_plate><vin>3AMGJXFJ3MSS8JVSZ</vin><color>DarkOrange</color><year>2009</year></automobile><automobile><person_id>609487c0-36ea-4d61-84c0-6e14ba7623eb</person_id><license_plate>HNV 760</license_plate><vin>JXLABN0H4ZC1RZVMZ</vin><color>Sienna</color><year>2023</year></automobile><automobile><person_id>b526e8d8-42e7-416f-92e0-1c7d5a09c535</person_id><license_plate>221 PZT</license_plate><vin>KSTM2ZRG4SSBRUU4B</vin><color>Magenta</color><year>2001</year></automobile><automobile><person_id>b526e8d8-42e7-416f-92e0-1c7d5a09c535</person_id><license_plate>TKX 3326</license_plate><vin>HHPPMYC333W6SZYVS</vin><color>OldLace</color><year>2003</year></automobile><automobile><person_id>b526e8d8-42e7-416f-92e0-1c7d5a09c535</person_id><license_plate>0RAA 19</license_plate><vin>7D3F2CFZ8AVC0UW3M</vin><color>PaleGreen</color><year>2023</year></automobile><automobile><person_id>19e83872-ed6a-4e9b-a6c4-4e8e8315a06d</person_id><license_plate>QFX 372</license_plate><vin>VJWGB8656TRTSCCJ3</vin><color>Orchid</color><year>1970</year></automobile><automobile><person_id>19e83872-ed6a-4e9b-a6c4-4e8e8315a06d</person_id><license_plate>G77-IPQ</license_plate><vin>H78L7HCW3U8SZG9KX</vin><color>Blue</color><year>2021</year></automobile><automobile><person_id>411f5679-131f-4dea-9641-338a03ee3d4f</person_id><license_plate>79TJ0</license_plate><vin>9A3WHNBN678CE1TC7</vin><color>Ivory</color><year>2018</year></automobile><automobile><person_id>411f5679-131f-4dea-9641-338a03ee3d4f</person_id><license_plate>4YS9811</license_plate><vin>W4NB9JK81YECXA9ZP</vin><color>MidnightBlue</color><year>1990</year></automobile><automobile><person_id>411f5679-131f-4dea-9641-338a03ee3d4f</person_id><license_plate>ARH-209</license_plate><vin>G5UVCK6K94DTPB50N</vin><color>OldLace</color><year>2000</year></automobile><automobile><person_id>00d83dbe-65c9-476d-9781-b6a7ecc162dc</person_id><license_plate>FG 54490</license_plate><vin>BZ58CRG77XXYS8PVS</vin><color>DarkSalmon</color><year>1995</year></automobile><automobile><person_id>ac4a63e9-83f1-4a7a-beca-38101f2780d7</person_id><license_plate>741-EZX</license_plate><vin>6YTZMKV996VBY054H</vin><color>Chartreuse</color><year>2019</year></automobile><automobile><person_id>ac4a63e9-83f1-4a7a-beca-38101f2780d7</person_id><license_plate>QJU7562</license_plate><vin>KD3J6Y0G20B2ZSCVS</vin><color>LightYellow</color><year>2017</year></automobile><automobile><person_id>b2e5fe67-7de9-4602-b8ee-6d766191c01b</person_id><license_plate>9B 7393V</license_plate><vin>9TBSU8UR3Y84X633V</vin><color>HotPink</color><year>2007</year></automobile><automobile><person_id>1013166f-4ebb-4b30-9c1b-ecc88fe25605</person_id><license_plate>65-79399</license_plate><vin>YYGMBXN57FTT3ETT1</vin><color>DarkSlateGray</color><year>2007</year></automobile><automobile><person_id>8dd353b0-6fb9-4c7f-9e9c-f29cd748ba29</person_id><license_plate>311 8MY</license_plate><vin>UL9SGKLJ57D3RVN9X</vin><color>LightGray</color><year>2018</year></automobile><automobile><person_id>8dd353b0-6fb9-4c7f-9e9c-f29cd748ba29</person_id><license_plate>057-934</license_plate><vin>RWH7M57P6VF5J4M52</vin><color>DarkRed</color><year>2017</year></automobile><automobile><person_id>3ce9a67c-dfda-46d7-bb07-f7017610b212</person_id><license_plate>596 7224</license_plate><vin>B9GLT8ER5SVHTT3KU</vin><color>PaleGoldenRod</color><year>2021</year></automobile><automobile><person_id>3ce9a67c-dfda-46d7-bb07-f7017610b212</person_id><license_plate>MDX-1268</license_plate><vin>7BVHM96C9KM81MA2H</vin><color>OldLace</color><year>1984</year></automobile><automobile><person_id>5a1f75f8-8d15-4f17-908c-13410f42ea10</person_id><license_plate>8-31432G</license_plate><vin>L21ZRP451KCCACX4X</vin><color>Khaki</color><year>2015</year></automobile><automobile><person_id>576774c4-95ab-4a00-8180-63d9eaa6977e</person_id><license_plate>4Y 6602D</license_plate><vin>EUGPEAWM9YWJGUTFE</vin><color>DarkRed</color><year>2019</year></automobile><automobile><person_id>576774c4-95ab-4a00-8180-63d9eaa6977e</person_id><license_plate>571-FSA</license_plate><vin>70S53F6R14KKMA5RM</vin><color>Azure</color><year>2022</year></automobile><automobile><person_id>127dd42b-b2fe-4828-9b8c-5db9f538f289</person_id><license_plate>8RV 192</license_plate><vin>S6Y4VMHX6YPFJHRLZ</vin><color>Bisque</color><year>1998</year></automobile><automobile><person_id>c78e4b75-bc72-400e-af49-293697e3e188</person_id><license_plate>LTD 054</license_plate><vin>UF0PB9VJ4YLSP13RZ</vin><color>DarkKhaki</color><year>2021</year></automobile><automobile><person_id>c78e4b75-bc72-400e-af49-293697e3e188</person_id><license_plate>FVX 887</license_plate><vin>ZHBW9V3B4948PWXAJ</vin><color>MediumVioletRed</color><year>2008</year></automobile></automobiles>