<?xml version="1.0" encoding="UTF-8" ?><automobiles><automobile><person_id>028b237f-092f-4950-9dbb-adb490e65c26</person_id><license_plate>HS 90427</license_plate><vin>HTE1XW927LZJKLSXB</vin><color>LightSlateGray</color><year>2018</year></automobile><automobile><person_id>f0b822ed-8bf2-464d-8d20-fe201e625bc9</person_id><license_plate>GZC7625</license_plate><vin>4EUE709V6Z3A9YKUD</vin><color>Crimson</color><year>2016</year></automobile><automobile><person_id>f0b822ed-8bf2-464d-8d20-fe201e625bc9</person_id><license_plate>5BDQ 48</license_plate><vin>DU03D0ED4GMHJS55J</vin><color>Salmon</color><year>1970</year></automobile><automobile><person_id>208964e7-a472-478f-98b4-33f6f7f84ce8</person_id><license_plate>6DW76</license_plate><vin>JMDF6TYF4KBKK383M</vin><color>LawnGreen</color><year>1990</year></automobile><automobile><person_id>99844bdb-5e06-4ded-aef1-b165e0759ebc</person_id><license_plate>333 QJV</license_plate><vin>WYD276U74XHMXWBPG</vin><color>DarkOliveGreen</color><year>1994</year></automobile><automobile><person_id>c91bd874-0ddd-4f5a-9451-46e1f79a31ff</person_id><license_plate>9WXV 73</license_plate><vin>41P008B89CXCK0WJR</vin><color>LightSlateGray</color><year>1976</year></automobile><automobile><person_id>c91bd874-0ddd-4f5a-9451-46e1f79a31ff</person_id><license_plate>693369</license_plate><vin>16HZULWH3NYMECRBG</vin><color>Fuchsia</color><year>2002</year></automobile><automobile><person_id>c91bd874-0ddd-4f5a-9451-46e1f79a31ff</person_id><license_plate>510 RVA</license_plate><vin>047GTVEY0043L02PU</vin><color>Aquamarine</color><year>2017</year></automobile><automobile><person_id>5d101ba9-fa4e-476c-9d58-29660b40e655</person_id><license_plate>0PW2181</license_plate><vin>EEVEUCVZ7AL3FCTDU</vin><color>MistyRose</color><year>2019</year></automobile><automobile><person_id>20d4a7eb-e53b-4b34-b914-18b45ecc5637</person_id><license_plate>892 9774</license_plate><vin>UKMNNAZ15J2UL16FY</vin><color>Orchid</color><year>1998</year></automobile><automobile><person_id>20d4a7eb-e53b-4b34-b914-18b45ecc5637</person_id><license_plate>RKY-427</license_plate><vin>30VZ4XFL5UDP72TUU</vin><color>RoyalBlue</color><year>2018</year></automobile><automobile><person_id>8f5fd1ee-f90f-4701-a506-6406802671bc</person_id><license_plate>LXL 188</license_plate><vin>JHATKB8S2N8DAMV10</vin><color>CornflowerBlue</color><year>1997</year></automobile><automobile><person_id>8f5fd1ee-f90f-4701-a506-6406802671bc</person_id><license_plate>6CNJ852</license_plate><vin>82XYBT3V27BHEREPJ</vin><color>SeaShell</color><year>2015</year></automobile><automobile><person_id>2fdfaa30-f72f-40c4-a09c-2ba7991840f8</person_id><license_plate>222 VPC</license_plate><vin>3GN8N4T63XPF0YRF1</vin><color>MediumOrchid</color><year>1998</year></automobile><automobile><person_id>2fdfaa30-f72f-40c4-a09c-2ba7991840f8</person_id><license_plate>JFX 211</license_plate><vin>E62HW7N108JTW4S8D</vin><color>LightCoral</color><year>1989</year></automobile><automobile><person_id>5dd9e59e-b272-437e-a3ff-d97831862db9</person_id><license_plate>8Q457</license_plate><vin>Y2P3YD3T7MPSHAVZB</vin><color>Bisque</color><year>2016</year></automobile><automobile><person_id>5dd9e59e-b272-437e-a3ff-d97831862db9</person_id><license_plate>GP 02584</license_plate><vin>5RXEH9GFXSYFRJNV3</vin><color>Indigo</color><year>1971</year></automobile><automobile><person_id>f7b5ee4e-0813-4b62-b19a-12abf4499010</person_id><license_plate>755-WUI</license_plate><vin>7WZ5CXPJ7BM6BC0YS</vin><color>Aquamarine</color><year>1981</year></automobile><automobile><person_id>f7b5ee4e-0813-4b62-b19a-12abf4499010</person_id><license_plate>581 ELK</license_plate><vin>E9TAJJDT8TT391D6A</vin><color>PaleGreen</color><year>2007</year></automobile><automobile><person_id>b4b3d348-16d3-45a7-b607-237fcdc6ebea</person_id><license_plate>87G 0101</license_plate><vin>A0RRPDHU11SERTAH2</vin><color>LightYellow</color><year>2021</year></automobile><automobile><person_id>ead651e8-b7ae-4693-a913-a861a81e099c</person_id><license_plate>385-693</license_plate><vin>ZYWLM0AY0UYRHVDKS</vin><color>LightGreen</color><year>2009</year></automobile><automobile><person_id>ead651e8-b7ae-4693-a913-a861a81e099c</person_id><license_plate>424807</license_plate><vin>3CH5VUXY536ZMR4E9</vin><color>MediumTurquoise</color><year>2023</year></automobile><automobile><person_id>9a0a1a89-76f8-481b-8e8c-70d4ca4342e5</person_id><license_plate>62-G689</license_plate><vin>822TDXERX5DUA32ZG</vin><color>RoyalBlue</color><year>2020</year></automobile><automobile><person_id>9a0a1a89-76f8-481b-8e8c-70d4ca4342e5</person_id><license_plate>K34 8JT</license_plate><vin>XRRC9WEU11PYJZSAV</vin><color>LemonChiffon</color><year>1983</year></automobile><automobile><person_id>aae42b00-c436-4155-9ba3-b9bae7df12b1</person_id><license_plate>419-SAA</license_plate><vin>SB2GJARZX3WRL5R9X</vin><color>DarkKhaki</color><year>1993</year></automobile><automobile><person_id>aae42b00-c436-4155-9ba3-b9bae7df12b1</person_id><license_plate>DXR 888</license_plate><vin>W72JUXB115GBP3CAF</vin><color>GoldenRod</color><year>1994</year></automobile><automobile><person_id>50772abd-9646-414d-97b9-8ec34c34580f</person_id><license_plate>4RS42</license_plate><vin>B2514UMG17KE6SWYR</vin><color>Olive</color><year>1986</year></automobile><automobile><person_id>50772abd-9646-414d-97b9-8ec34c34580f</person_id><license_plate>LP 3063</license_plate><vin>55U5EPMZ2SARP0N7R</vin><color>DarkViolet</color><year>1988</year></automobile><automobile><person_id>50772abd-9646-414d-97b9-8ec34c34580f</person_id><license_plate>XEN 325</license_plate><vin>UGPF96HMXMGMDF6WB</vin><color>Lavender</color><year>1999</year></automobile><automobile><person_id>1f630deb-db39-4b4e-9dae-6ef1143c9481</person_id><license_plate>5-V1745</license_plate><vin>8PRHEMNL7HAVJT8AD</vin><color>PowderBlue</color><year>2020</year></automobile><automobile><person_id>d0b020dd-1913-4b7b-8d65-7ba76bfd1531</person_id><license_plate>25-6211K</license_plate><vin>X0VN5BRY4GZY12YBU</vin><color>Olive</color><year>1978</year></automobile><automobile><person_id>d0b020dd-1913-4b7b-8d65-7ba76bfd1531</person_id><license_plate>GNI-7271</license_plate><vin>FA29814V9DW4FPLMB</vin><color>Olive</color><year>1973</year></automobile><automobile><person_id>acaf3e81-6b22-45b6-948c-612810fa041f</person_id><license_plate>33-98083</license_plate><vin>LJM64NW62UZD8UJWT</vin><color>DarkMagenta</color><year>2021</year></automobile><automobile><person_id>4cce6959-4500-439d-8cb0-b645d75ae839</person_id><license_plate>305-QEX</license_plate><vin>XDW0JMJR5JN9GYA49</vin><color>Red</color><year>2000</year></automobile><automobile><person_id>4cce6959-4500-439d-8cb0-b645d75ae839</person_id><license_plate>06B ET6</license_plate><vin>3WKBVBTK3N4SLJ18Z</vin><color>Tomato</color><year>1997</year></automobile><automobile><person_id>1641bdf5-2956-48c3-855b-97b4f03e5411</person_id><license_plate>614 PKY</license_plate><vin>AUUHDSF25ABS0TXLJ</vin><color>Ivory</color><year>2001</year></automobile><automobile><person_id>74b06070-c29e-4437-8de7-0e12b9311cfa</person_id><license_plate>55-U116</license_plate><vin>NB6T98T07G3376SJ4</vin><color>DarkSalmon</color><year>2011</year></automobile><automobile><person_id>40ed65d4-129c-4110-927c-f250670032fe</person_id><license_plate>CDO-062</license_plate><vin>MHDKW08M2JVSL7X2J</vin><color>Thistle</color><year>2022</year></automobile><automobile><person_id>40ed65d4-129c-4110-927c-f250670032fe</person_id><license_plate>822 YE5</license_plate><vin>BMM42UHG82NPKE5FC</vin><color>MistyRose</color><year>1974</year></automobile><automobile><person_id>bf8648d2-5d0e-4ac4-8bf2-cfcd4927e714</person_id><license_plate>CXN 455</license_plate><vin>CM60EZUM1E7FSKL3L</vin><color>NavajoWhite</color><year>2017</year></automobile><automobile><person_id>59c1f457-9080-4099-a304-188900c83bcf</person_id><license_plate>Q68-EGI</license_plate><vin>W9GSKBTJ9EMP3M307</vin><color>PapayaWhip</color><year>2011</year></automobile><automobile><person_id>59c1f457-9080-4099-a304-188900c83bcf</person_id><license_plate>3ZS D38</license_plate><vin>VZPJ95ZC8YNGZU2W2</vin><color>Fuchsia</color><year>1979</year></automobile><automobile><person_id>760a6b80-a29c-4755-a035-1d06b7c647ff</person_id><license_plate>833 VY7</license_plate><vin>4WY7H3517W0SRJ15L</vin><color>MediumSeaGreen</color><year>1979</year></automobile><automobile><person_id>c50c49ad-0dbb-49cb-ad8f-024fa1995d22</person_id><license_plate>023 YKD</license_plate><vin>89KSWWH6653316LD9</vin><color>Plum</color><year>2020</year></automobile><automobile><person_id>c50c49ad-0dbb-49cb-ad8f-024fa1995d22</person_id><license_plate>0YT G50</license_plate><vin>M242EK1G2FGVU2M55</vin><color>MintCream</color><year>2005</year></automobile><automobile><person_id>21cf1c66-89b3-4230-abdd-9e100adb7281</person_id><license_plate>042 SJK</license_plate><vin>YCUSKU1L7CHJ99XDL</vin><color>Tomato</color><year>2022</year></automobile><automobile><person_id>9e04e813-551b-477e-9d90-50afc0285c02</person_id><license_plate>RHE 406</license_plate><vin>D8K6FP1D3YL3S37SS</vin><color>LightGoldenRodYellow</color><year>2020</year></automobile><automobile><person_id>9e04e813-551b-477e-9d90-50afc0285c02</person_id><license_plate>6WB M21</license_plate><vin>DYWEXHLM56D8S7EK8</vin><color>DarkBlue</color><year>1972</year></automobile><automobile><person_id>70bf0a55-546c-445c-ac8f-aef8704cd775</person_id><license_plate>I26-NDG</license_plate><vin>XR3SRGX37A6J1CTHW</vin><color>OldLace</color><year>1999</year></automobile><automobile><person_id>2848b600-132b-4734-9852-f50e650c81fa</person_id><license_plate>953 FLT</license_plate><vin>JJBCW5V81DBXFFJ6S</vin><color>MediumVioletRed</color><year>2001</year></automobile><automobile><person_id>09ec302c-aea1-40bd-92f5-263532d5a201</person_id><license_plate>1-4471V</license_plate><vin>ZFFWRZA16HJM7D0BB</vin><color>LightCoral</color><year>1974</year></automobile><automobile><person_id>09ec302c-aea1-40bd-92f5-263532d5a201</person_id><license_plate>4VM 229</license_plate><vin>1M0NUCBJ1T8ZD1PAT</vin><color>PaleGreen</color><year>1989</year></automobile><automobile><person_id>5e17764e-c658-48fe-82ef-a2bc3d1ebda7</person_id><license_plate>HPC 250</license_plate><vin>ST9UXCYC4Y96D163J</vin><color>BlanchedAlmond</color><year>2005</year></automobile><automobile><person_id>acd0de18-797f-4021-a8f4-4ba7be364035</person_id><license_plate>008 NQO</license_plate><vin>KENVTJ628G5HAW9R2</vin><color>Red</color><year>1997</year></automobile><automobile><person_id>acd0de18-797f-4021-a8f4-4ba7be364035</person_id><license_plate>731-GYFB</license_plate><vin>30E6NV673KBVUJ58F</vin><color>Teal</color><year>1995</year></automobile><automobile><person_id>441db81f-a7a5-42ec-a7ff-b1030a0eba6e</person_id><license_plate>271 TKN</license_plate><vin>BSCF1Y2A0U90PG279</vin><color>DeepPink</color><year>2015</year></automobile><automobile><person_id>ee9e03df-3ea6-4c95-a7d2-0917ad07d159</person_id><license_plate>05Y GC8</license_plate><vin>BXKSL2TG6MJ4FJSCX</vin><color>MintCream</color><year>1975</year></automobile><automobile><person_id>8ffcb705-1040-46e9-a308-4358bd5b31d3</person_id><license_plate>533 OY5</license_plate><vin>ERKRLK1VX9ACRPUBV</vin><color>Chartreuse</color><year>1993</year></automobile><automobile><person_id>e220854d-53d8-4cd5-9bce-8a56e0799e22</person_id><license_plate>JZD4430</license_plate><vin>G5TARK4R1AGZKS3SU</vin><color>DarkMagenta</color><year>1996</year></automobile><automobile><person_id>4d3c745f-7055-462f-af1c-1ed8977c8784</person_id><license_plate>70-X636</license_plate><vin>R20V86ZS5TSFG48VM</vin><color>DarkTurquoise</color><year>1992</year></automobile><automobile><person_id>a3dbdd17-0feb-4870-80d2-dee9d8730011</person_id><license_plate>78G 694</license_plate><vin>YCCN8BBE30LWNB25T</vin><color>OrangeRed</color><year>2016</year></automobile><automobile><person_id>0e7b0872-8273-4a41-b29e-67d6f81f3536</person_id><license_plate>977 CHZ</license_plate><vin>UW20L6809EJ0V5JNP</vin><color>LightCoral</color><year>2010</year></automobile><automobile><person_id>0e7b0872-8273-4a41-b29e-67d6f81f3536</person_id><license_plate>041-946</license_plate><vin>0G5F8EAT4DVBCC91T</vin><color>SeaGreen</color><year>2022</year></automobile><automobile><person_id>3de4de69-13b8-48c8-a167-8a787f55e9ec</person_id><license_plate>47-18313</license_plate><vin>27NY06A67SSAXAS7Y</vin><color>Linen</color><year>1996</year></automobile><automobile><person_id>4c680fde-6ccd-49b0-bf75-0e4171151b3c</person_id><license_plate>OVZ2637</license_plate><vin>RRY7UMKBXTMA8BP9F</vin><color>Tomato</color><year>1996</year></automobile><automobile><person_id>4c680fde-6ccd-49b0-bf75-0e4171151b3c</person_id><license_plate>LCG 862</license_plate><vin>FT5PLRYN3UJ4F461Y</vin><color>AntiqueWhite</color><year>1993</year></automobile><automobile><person_id>7815afd8-196d-4878-a5fd-bd2303d7516c</person_id><license_plate>058-OPF</license_plate><vin>V5Z391K3X4ZWPAT3B</vin><color>DarkMagenta</color><year>1992</year></automobile><automobile><person_id>78555694-c5a3-486d-945d-84b424b3ebfc</person_id><license_plate>36-3437B</license_plate><vin>4UHUR8M86LG7LRYSX</vin><color>Fuchsia</color><year>1994</year></automobile><automobile><person_id>472dacd4-6946-4cdc-8119-3a0bb64af99b</person_id><license_plate>46-41061</license_plate><vin>0TXYTAY4270G38YJM</vin><color>HoneyDew</color><year>2018</year></automobile><automobile><person_id>e94492e0-385a-439e-94a5-9682d5c25936</person_id><license_plate>WYT 8921</license_plate><vin>2R0EXDYW1PGALXUDG</vin><color>SpringGreen</color><year>1995</year></automobile><automobile><person_id>79e4966c-0c47-48c0-8113-2f2b18fe465d</person_id><license_plate>448-GHO</license_plate><vin>8JE2B1Y996CPT9WEP</vin><color>LemonChiffon</color><year>1974</year></automobile><automobile><person_id>79e4966c-0c47-48c0-8113-2f2b18fe465d</person_id><license_plate>438BEA</license_plate><vin>ABGZK74L2A1GK1WYP</vin><color>Salmon</color><year>1976</year></automobile><automobile><person_id>2f8d868b-b788-4f4e-9ea8-0af91d22e39e</person_id><license_plate>72L FL1</license_plate><vin>SNUFUUB11YNEV1B56</vin><color>Azure</color><year>1996</year></automobile><automobile><person_id>2f8d868b-b788-4f4e-9ea8-0af91d22e39e</person_id><license_plate>YAA2770</license_plate><vin>D9X0WDW4XKKGBBP1F</vin><color>LightSeaGreen</color><year>1998</year></automobile><automobile><person_id>53c38ed4-63d8-41e8-8011-6a5f30588d14</person_id><license_plate>630126</license_plate><vin>GJF07Z4J47GFPXNDJ</vin><color>MediumAquaMarine</color><year>1988</year></automobile><automobile><person_id>5b749c7c-171f-4ced-aba7-183ced412148</person_id><license_plate>044-DLB</license_plate><vin>AZFWA4AM3LTE56M6J</vin><color>DarkSlateBlue</color><year>2023</year></automobile><automobile><person_id>5b749c7c-171f-4ced-aba7-183ced412148</person_id><license_plate>397 KZS</license_plate><vin>T1T6YU3A5K5XHUC61</vin><color>Chocolate</color><year>2022</year></automobile><automobile><person_id>aecae420-9a51-44ab-b81d-89e729db0fd6</person_id><license_plate>9619 IX</license_plate><vin>RNJ61SLV0MYG4BXJC</vin><color>GreenYellow</color><year>2017</year></automobile><automobile><person_id>aecae420-9a51-44ab-b81d-89e729db0fd6</person_id><license_plate>79-XC70</license_plate><vin>R1DT1J0F31ZGR1ZCA</vin><color>DarkCyan</color><year>2023</year></automobile><automobile><person_id>c842e8bf-b946-4b87-8287-387f94231606</person_id><license_plate>89YP1</license_plate><vin>TJD4WMBH95XLZNJAJ</vin><color>Green</color><year>2005</year></automobile><automobile><person_id>c842e8bf-b946-4b87-8287-387f94231606</person_id><license_plate>5-W0021</license_plate><vin>Y74SBMYZ9ZLP3HJ0B</vin><color>CadetBlue</color><year>1976</year></automobile><automobile><person_id>d370e39d-7d2c-4b1c-a242-f5b726a441dd</person_id><license_plate>OMO 6756</license_plate><vin>TWC9TSAM32SYCPJ1H</vin><color>Tan</color><year>1997</year></automobile><automobile><person_id>e7692ce8-d9ff-4d31-928d-042ea15394e5</person_id><license_plate>MWZ 914</license_plate><vin>7YA72FBG273R9374R</vin><color>DarkCyan</color><year>1997</year></automobile><automobile><person_id>e7692ce8-d9ff-4d31-928d-042ea15394e5</person_id><license_plate>964-VNX</license_plate><vin>RDZZL7WB5SNS38ZDX</vin><color>LightSeaGreen</color><year>2007</year></automobile><automobile><person_id>1bd25e7e-e197-4131-8300-6643e9fa023e</person_id><license_plate>K84-77I</license_plate><vin>83R72M9E86R12MPAF</vin><color>BlanchedAlmond</color><year>1983</year></automobile><automobile><person_id>1bd25e7e-e197-4131-8300-6643e9fa023e</person_id><license_plate>TTY4872</license_plate><vin>9PMAUDK31EMEDSXLA</vin><color>Lavender</color><year>2003</year></automobile><automobile><person_id>becf1ac4-0580-4a21-8d09-f1b2187864f2</person_id><license_plate>PPH-7752</license_plate><vin>N93PCDJ70UXT9X5JZ</vin><color>Cornsilk</color><year>1989</year></automobile><automobile><person_id>becf1ac4-0580-4a21-8d09-f1b2187864f2</person_id><license_plate>TOT-147</license_plate><vin>Y73FGRPD77M5N6T9G</vin><color>Wheat</color><year>1988</year></automobile><automobile><person_id>d445fa29-d79d-4dbb-913b-5e6723832202</person_id><license_plate>1L 52364</license_plate><vin>1DLMMSCZ8WRNNTTC9</vin><color>Green</color><year>1986</year></automobile><automobile><person_id>d445fa29-d79d-4dbb-913b-5e6723832202</person_id><license_plate>55Q A11</license_plate><vin>YY5K7E2C3HEE7TCRZ</vin><color>LightSeaGreen</color><year>2013</year></automobile><automobile><person_id>d57d287f-6b38-4700-9e6c-5a382ce2707a</person_id><license_plate>USM M53</license_plate><vin>EGE77DV02YM74FZ8B</vin><color>DeepPink</color><year>2018</year></automobile><automobile><person_id>c610dfe4-55a1-4aaf-aa57-37ba1eeadd8a</person_id><license_plate>IP 2409</license_plate><vin>V6496FFS632A2F2X6</vin><color>Azure</color><year>1986</year></automobile><automobile><person_id>fa725a69-0c58-4c4b-9db6-fbd35391b552</person_id><license_plate>CLM 522</license_plate><vin>6TZCWUUN46U021ETX</vin><color>Orchid</color><year>1978</year></automobile><automobile><person_id>fa725a69-0c58-4c4b-9db6-fbd35391b552</person_id><license_plate>991-288</license_plate><vin>846PHF0H4MAE7A1KS</vin><color>Peru</color><year>2012</year></automobile><automobile><person_id>9c9a57a9-f978-48c6-85f4-c82dc7b30849</person_id><license_plate>722-SVF</license_plate><vin>5U97K0RZ21XD26ENV</vin><color>PapayaWhip</color><year>1972</year></automobile><automobile><person_id>9c9a57a9-f978-48c6-85f4-c82dc7b30849</person_id><license_plate>PCP6778</license_plate><vin>62FN3WSEXLNXHJ09G</vin><color>Gold</color><year>1987</year></automobile><automobile><person_id>9945b7ad-d8a5-4057-8266-8c8bb8edee80</person_id><license_plate>592 0141</license_plate><vin>7UGLBZHV58U67KY7R</vin><color>Orange</color><year>2022</year></automobile><automobile><person_id>8a8df942-56f8-4244-b146-dcf8d2571133</person_id><license_plate>UKD9745</license_plate><vin>2BYM9US867JXZAYLR</vin><color>Aqua</color><year>2017</year></automobile><automobile><person_id>0551e356-1ca3-4c51-b17c-3712b171f39c</person_id><license_plate>363 7JK</license_plate><vin>ALGSJLNW3WNUALVC4</vin><color>PaleGreen</color><year>1988</year></automobile><automobile><person_id>0551e356-1ca3-4c51-b17c-3712b171f39c</person_id><license_plate>13X 4835</license_plate><vin>JTL3HMEF97AL5TM8M</vin><color>MediumBlue</color><year>2005</year></automobile><automobile><person_id>d6d800b8-8c16-4c0a-9d32-b6de08ef5e58</person_id><license_plate>162-675</license_plate><vin>KJC9EE7N2WKF2G63N</vin><color>LightSalmon</color><year>1990</year></automobile><automobile><person_id>ea5240a4-4cae-4f93-ba08-db2802e60efa</person_id><license_plate>2R 9H7IKZ</license_plate><vin>2CZ4T0VL0VR6J7VRM</vin><color>MediumAquaMarine</color><year>2020</year></automobile><automobile><person_id>ea5240a4-4cae-4f93-ba08-db2802e60efa</person_id><license_plate>FQI8382</license_plate><vin>PFLVUXCK9SPXF4PKN</vin><color>SeaShell</color><year>1976</year></automobile><automobile><person_id>614b152e-a11f-43e8-bf0b-4a4524d69c87</person_id><license_plate>7-21106</license_plate><vin>VJ7D0E4N53U34EMKA</vin><color>Salmon</color><year>1983</year></automobile><automobile><person_id>413e03c1-6b46-44e3-9b6b-2ace5029f712</person_id><license_plate>I11-02E</license_plate><vin>V139H87G3ZTYK66KS</vin><color>LightSkyBlue</color><year>2006</year></automobile><automobile><person_id>413e03c1-6b46-44e3-9b6b-2ace5029f712</person_id><license_plate>082-QRN</license_plate><vin>5V88C340XU30GZ3J4</vin><color>DarkOrchid</color><year>2021</year></automobile><automobile><person_id>36189a96-d03e-41b3-8b7d-c6ed4adfc0a1</person_id><license_plate>994 EHG</license_plate><vin>BXAHS7L74CEZWNCCY</vin><color>LightSalmon</color><year>2015</year></automobile><automobile><person_id>36189a96-d03e-41b3-8b7d-c6ed4adfc0a1</person_id><license_plate>9XF5799</license_plate><vin>SRSDMBWW57EWGPEF1</vin><color>Peru</color><year>1988</year></automobile><automobile><person_id>36189a96-d03e-41b3-8b7d-c6ed4adfc0a1</person_id><license_plate>8AF 726</license_plate><vin>EWAUVLE07KDPZ2M00</vin><color>Blue</color><year>1990</year></automobile><automobile><person_id>960c80dd-7f11-4a52-acc4-987367a42c4b</person_id><license_plate>201 YTY</license_plate><vin>J9L3K6DY7G45MZZBN</vin><color>Salmon</color><year>2011</year></automobile><automobile><person_id>b10cac0d-6fd3-4e3a-b368-3bd43372ce84</person_id><license_plate>MCR 828</license_plate><vin>LYW7ACVXXPWXHWBLC</vin><color>Snow</color><year>1991</year></automobile><automobile><person_id>bbb68faa-efd5-4678-bdd6-e3a422161e36</person_id><license_plate>4GVV777</license_plate><vin>F2A9VWXG5YJZ0SXML</vin><color>Orange</color><year>1970</year></automobile><automobile><person_id>bbb68faa-efd5-4678-bdd6-e3a422161e36</person_id><license_plate>PJF 554</license_plate><vin>XHRF3AY74W86DHPP3</vin><color>Thistle</color><year>1980</year></automobile><automobile><person_id>bbb68faa-efd5-4678-bdd6-e3a422161e36</person_id><license_plate>707 KWC</license_plate><vin>CJRTAE6F0ME01WUJD</vin><color>SlateBlue</color><year>2020</year></automobile><automobile><person_id>725ddcb7-aaa6-441a-b6c0-41af128fbb81</person_id><license_plate>503-639</license_plate><vin>9BY1474M24CFV4MGR</vin><color>Blue</color><year>1999</year></automobile><automobile><person_id>725ddcb7-aaa6-441a-b6c0-41af128fbb81</person_id><license_plate>CPV 176</license_plate><vin>PGEVJM8J7SYNW6HWF</vin><color>LightCoral</color><year>2021</year></automobile><automobile><person_id>725ddcb7-aaa6-441a-b6c0-41af128fbb81</person_id><license_plate>23XV313</license_plate><vin>A6EYHY7M7ANBYN37K</vin><color>DarkOliveGreen</color><year>2013</year></automobile><automobile><person_id>ac6eb52d-41bd-4e7d-97e7-e9b519ff5397</person_id><license_plate>GN-7910</license_plate><vin>ZF60ZA0E9W2PT3T1N</vin><color>Cornsilk</color><year>1990</year></automobile><automobile><person_id>ac6eb52d-41bd-4e7d-97e7-e9b519ff5397</person_id><license_plate>532HEO</license_plate><vin>F7LX00N14K7BURC3D</vin><color>DimGray</color><year>1980</year></automobile><automobile><person_id>e709c66d-9451-4353-8f0e-fde8b340d8f0</person_id><license_plate>IAB-0724</license_plate><vin>G77TRLSW1EPN9699M</vin><color>Olive</color><year>1971</year></automobile><automobile><person_id>e709c66d-9451-4353-8f0e-fde8b340d8f0</person_id><license_plate>108 EF4</license_plate><vin>2258V9SA224TDR47Y</vin><color>Chocolate</color><year>2010</year></automobile><automobile><person_id>6664c93e-90b0-41f8-967b-65973429d319</person_id><license_plate>4Z D1281</license_plate><vin>9JLSD6C81Z5W9826D</vin><color>Aquamarine</color><year>1996</year></automobile><automobile><person_id>6664c93e-90b0-41f8-967b-65973429d319</person_id><license_plate>JYR-164</license_plate><vin>L1VNN5CHX1KJWY45H</vin><color>White</color><year>1994</year></automobile><automobile><person_id>ee2bdff1-516d-4462-8922-2485be8e2766</person_id><license_plate>36RG6</license_plate><vin>4A49KV7W2XT4A6GUA</vin><color>PowderBlue</color><year>1987</year></automobile><automobile><person_id>ee2bdff1-516d-4462-8922-2485be8e2766</person_id><license_plate>513-KRM</license_plate><vin>9CVB841WXBC0C3GVY</vin><color>LightGray</color><year>2004</year></automobile></automobiles>