"id"|"first_name"|"last_name"|"sex"|"address"|"phone_number"|"profession"|"company"|"date_of_birth"
"e79f1f5f-fce7-47af-9c86-96ef32e147db"|"Mary"|"Ruiz"|"F"|"592 Robinson Highway"|"6427560094"|"Marketing executive"|"Martinez PLC"|"1937-10-28"
"88434b5c-23ed-417f-8321-034adb074ed3"|"Vanessa"|"White"|"F"|"984 Simpson Mill Apt. 030"|"(946)232-6799x933"|"Ranger/warden"|"Garcia, Gibson and Bailey"|"2019-01-22"
"2f669c97-a422-496a-970f-b13e024beb68"|"Melissa"|"Hall"|"F"|"916 Michelle Isle Apt. 431"|"4329233915"|"Database administrator"|"Warren Ltd"|"1909-06-12"
"1e1e80d1-7e44-421c-b91f-82c25acd0cfa"|"Jerry"|"Henderson"|"M"|"546 Thornton Land Suite 697"|"(607)665-3724x261"|"Ecologist"|"Williams-Martinez"|"1978-05-31"
"f15ac789-2b15-4275-9a5c-831b56e86d13"|"Todd"|"Howard"|"M"|"128 Haney Prairie Suite 518"|"(712)593-5833x9953"|"Investment analyst"|"Rosario-Manning"|"2016-01-15"
"0f638b57-926a-4aa9-9261-b455b3094ac1"|"Derek"|"Cochran"|"M"|"871 Wilson Locks Apt. 694"|"001-781-759-1858x025"|"Designer, jewellery"|"Beard-Lucas"|"1959-09-18"
"07b63cd5-20f5-41ba-9bb1-13741eba46ad"|"Edwin"|"Cervantes"|"M"|"232 Alexis Run Suite 764"|"+1-972-312-7987x614"|"Retail manager"|"Thompson, Foster and Harris"|"1953-10-30"
"c916bb5b-d792-4c56-8255-29fadd2f26a0"|"Margaret"|"Bennett"|"F"|"948 Newton Wall"|"4887479847"|"Early years teacher"|"Delgado, Floyd and Norman"|"1931-01-07"
"0b437b13-df23-4378-873b-8ee9253d416b"|"Joel"|"Reyes"|"M"|"282 Tyler Knoll Apt. 752"|"+1-943-322-4971x205"|"Designer, graphic"|"Mckinney, Fernandez and Daniels"|"2003-06-21"
"9cebaea8-dfc2-44a3-bb92-b4a69e358c74"|"Susan"|"Patton"|"F"|"91 Catherine Cove"|"001-370-514-2015x1967"|"Quality manager"|"Parker-Anderson"|"1942-02-14"
"a2160b43-932a-4c3e-bbde-8bb05d4ae08f"|"Mark"|"Murray"|"M"|"92 Nicole Via"|"+1-386-528-8037x0893"|"Tourism officer"|"Russell Inc"|"1909-12-19"
"a538f990-3a01-4366-9dad-7b542da19618"|"Martinez"|"Parker"|"M"|"946 Collins Skyway"|"+1-625-207-0971x3056"|"Restaurant manager"|"Hill, Poole and Allen"|"1995-03-08"
"ccb45d53-5058-4fbf-95ac-075df6f2e355"|"John"|"Blair"|"M"|"596 Alexandra Bridge Suite 474"|"001-556-947-5614x14810"|"Medical laboratory scientific officer"|"Brown-Lopez"|"1974-09-13"
"71641903-8863-41c1-bb49-48e6957e71e2"|"Todd"|"Strickland"|"M"|"689 Anderson Port"|"963.344.9273"|"Public house manager"|"Parsons Ltd"|"1937-04-17"
"5956cd87-8b4d-4cf6-8633-f88f99d5c188"|"Kaitlyn"|"Strickland"|"F"|"890 May Rest Suite 582"|"6778579260"|"Doctor, hospital"|"Dillon-Frank"|"1939-05-04"
"9494dca8-b187-45e5-bcf6-deaf6dba2a7d"|"Anthony"|"Suarez"|"M"|"573 Aimee Circles"|"+1-274-293-8590x717"|"Broadcast presenter"|"Sanders, Terry and Anderson"|"1925-05-14"
"72c9e008-1fef-4409-aa63-ffacffe39302"|"Andrea"|"Young"|"F"|"429 William Avenue"|"555.833.6304x81862"|"Child psychotherapist"|"Simpson-Adams"|"2002-02-25"
"765e4b79-69ae-4422-9933-76e5e7119d5d"|"Tanya"|"Torres"|"F"|"325 Jackson Harbors Suite 257"|"+1-673-609-8918x91530"|"Market researcher"|"Castillo Ltd"|"1932-01-24"
"0eed4a4c-0580-453d-a947-13fb3e04e481"|"Donna"|"Velez"|"F"|"228 Murphy Creek Suite 712"|"001-617-979-2933"|"Government social research officer"|"Murphy-Sheppard"|"1976-12-09"
"a1ebd26c-e602-44b9-a859-0d778c2451ae"|"Larry"|"Young"|"M"|"432 Collins Skyway"|"897.940.1583x7320"|"Colour technologist"|"Williams, Lewis and Robinson"|"1931-10-02"
"30775218-105f-4ac4-a928-dfc133db911d"|"Johnson"|"Wallace"|"F"|"955 Luna Loop"|"(908)858-3961x50921"|"Health service manager"|"Koch-Taylor"|"1950-09-04"
"8de2d71e-2781-4d94-93ef-7d0db952e244"|"Stephanie"|"Shaffer"|"F"|"574 Jordan Vista Apt. 756"|"(647)901-3544"|"Psychologist, educational"|"Baldwin, Torres and Reid"|"1982-05-02"
"b3fbc185-4257-47f9-b396-9eccebba4bdb"|"Gary"|"Padilla"|"M"|"8 Simpson Mill Apt. 030"|"407.925.8315x41759"|"Marine scientist"|"Harris-Decker"|"1956-12-01"
"4dbca7db-8b6d-4473-83e2-180ab321b635"|"Cameron"|"Rodriguez"|"M"|"660 Jeffery Spur Suite 411"|"963-452-9337"|"Psychotherapist, dance movement"|"Taylor-Cruz"|"1976-08-14"
"0e25fbc5-66a9-4046-84d1-cc8ec7b91aeb"|"Jeffrey"|"Franklin"|"M"|"874 Lynn Lake Suite 253"|"239-621-3217"|"Barista"|"Garza-Bray"|"1993-12-27"
"f18d5001-3c75-49db-8e22-6e9393cf1501"|"Mitchell"|"Ryan"|"M"|"28 Tara Inlet"|"(339)262-9176"|"Barrister's clerk"|"Evans-Hardy"|"1980-01-05"
"6314d126-79a7-480d-b1de-e9414d641b39"|"Jamie"|"Mcdowell"|"F"|"493 Jeffery Isle"|"+1-496-474-8447"|"Mental health nurse"|"Dominguez-Harrell"|"1974-05-11"
"c8002438-b8fd-4457-b2e2-4de4657baa2c"|"Amy"|"White"|"F"|"40 Jeffrey Run"|"967-414-2532"|"Dispensing optician"|"Clark-Clark"|"1965-10-23"
"87352e47-85dd-4805-9857-8332b70435dc"|"Anna"|"Burke"|"F"|"799 Phillip Spring"|"402-631-8781x461"|"Jewellery designer"|"Nguyen-Reynolds"|"1967-06-08"
"ecc627c9-e4dd-4213-9ffd-6ecc00538fdc"|"Eric"|"Shields"|"M"|"96 John Fall Apt. 476"|"757.976.5816x394"|"Programmer, multimedia"|"Cox and Sons"|"2012-04-29"
"6593c676-424d-4081-809b-5db1a832ade0"|"Michael"|"Williams"|"M"|"944 Rachel Pine"|"+1-830-851-2979x7461"|"Radio broadcast assistant"|"Torres-Wilson"|"1985-12-23"
"4fe3f509-07e7-44d7-981f-dc984a065312"|"Sherri"|"Perez"|"F"|"614 Tara Inlet"|"2306085388"|"Water quality scientist"|"Howe, Kramer and Simmons"|"2004-06-11"
"90d6d575-7f18-46b0-8e03-e18a6056e651"|"Erika"|"Murray"|"F"|"883 Rachel Pine"|"403-951-6271x98254"|"Engineer, manufacturing"|"Brown, Marsh and Thomas"|"2008-01-16"
"206f97aa-562e-4e98-aade-2819eddc7632"|"Lisa"|"Glover"|"F"|"933 Quinn Divide"|"549.472.5131x0672"|"Press photographer"|"Taylor Inc"|"1924-09-15"
"2803100f-9f4a-489f-8410-b953c7121619"|"Tracy"|"Steele"|"M"|"26 Weaver Haven"|"555-666-3286x9102"|"Investment analyst"|"Henderson, Fields and Carter"|"1997-01-10"
"f4bd307d-cb06-4fe1-b97e-e067e2463559"|"Ian"|"Jordan"|"M"|"414 Wilson Locks Apt. 694"|"867-366-6613x3197"|"Health promotion specialist"|"Casey, Gray and Mcintyre"|"2001-08-07"
"4328103c-8d0a-4685-8f6c-c06045b2894f"|"Victoria"|"Martin"|"F"|"986 Montoya Walk Apt. 578"|"2929039497"|"Investment analyst"|"Collins-Riley"|"1971-02-18"
"5d47193e-a61d-41a3-81ff-79d60b19db91"|"Karen"|"Smith"|"F"|"650 Collins Skyway"|"742.571.8441x26354"|"Call centre manager"|"Brown, Daniel and Davidson"|"2006-05-25"
"6bea1fb1-ab97-4026-8de2-fe26496c7eff"|"Jennifer"|"Harper"|"F"|"152 Moore Crossroad Apt. 549"|"+1-738-822-0866x6467"|"IT consultant"|"Cervantes LLC"|"2009-12-04"
"bba60d5b-1a62-441d-9526-a117908a0bf4"|"Paul"|"Welch"|"M"|"471 Simpson Mill Apt. 030"|"+1-489-451-7123x672"|"Secretary, company"|"Wilkinson, Smith and Clay"|"1912-11-24"
"32990e26-94c7-4a87-a1cc-3fa529d64ae2"|"Allen"|"Gray"|"M"|"692 Phillip Spring"|"967-372-5699"|"Engineering geologist"|"Ryan and Sons"|"1968-04-07"
"cfe13f5f-e702-43cf-a87e-6cae6b8e507d"|"Courtney"|"Russell"|"F"|"333 Davis Landing"|"719.682.1156x149"|"Manufacturing engineer"|"Rodriguez LLC"|"2005-08-24"
"49d61b63-32cb-4624-8056-86a77c8290f0"|"Nicholas"|"Mcdowell"|"M"|"263 Jeffery Village"|"(454)341-8131"|"Designer, exhibition/display"|"Morrow LLC"|"2007-08-06"
"dcd5f2aa-5a00-47bb-a1f4-34022d92f9c0"|"Todd"|"Long"|"M"|"382 Gabriel Hill Apt. 094"|"593-444-9066x332"|"Research officer, political party"|"Jones, Alvarado and Levy"|"2014-06-06"
"310260a0-50e9-4305-a0d1-436cca144871"|"Chloe"|"Buchanan"|"F"|"431 Oneal Underpass"|"+1-491-717-6155x765"|"Retail banker"|"Hamilton, Lee and Douglas"|"1998-02-03"
"a02b67ea-cd07-4c47-9cd0-e4b3e3c8e2a1"|"Chase"|"Taylor"|"M"|"267 Angela Lights"|"337.959.1174x89709"|"Futures trader"|"Fitzgerald, Reid and Yu"|"1913-10-19"
"138f57c8-7720-4a11-b613-a9aa497cc1d7"|"Lisa"|"Drake"|"F"|"843 Anderson Port"|"001-509-811-2971x09773"|"Air broker"|"Alexander Ltd"|"1959-08-06"
"78a3b4df-b5fe-48a1-8b40-c445f7860b35"|"Adam"|"Andrews"|"M"|"302 Tiffany Gateway"|"476.238.5652x60214"|"Private music teacher"|"Thomas-Bowers"|"1926-11-10"
"6037e7c6-d404-4bf4-857f-2c999576b55b"|"Jennifer"|"Glover"|"F"|"757 Jonathan Stravenue"|"4095814891"|"Sales promotion account executive"|"Vargas Inc"|"1985-09-15"
"583e67f4-846f-455e-85f8-a0b3b33da64a"|"Elizabeth"|"Schwartz"|"F"|"608 Weaver Haven"|"206.245.0011"|"Surveyor, land/geomatics"|"Martinez PLC"|"2001-01-25"
"e43ae335-9992-4525-87c4-8a6f144d4d48"|"Victor"|"Steele"|"M"|"778 Mills Springs"|"677-654-7836"|"Chief Executive Officer"|"Marshall, Bass and Rivers"|"1984-10-14"
"a676212a-92f7-4649-9507-b0e913828283"|"Christine"|"Jones"|"F"|"893 David Course Apt. 455"|"001-256-631-2768x116"|"Animator"|"Wright-Joseph"|"2012-08-07"
"4f639ef3-836d-448a-9b88-f7e0056439b3"|"Victor"|"Jordan"|"M"|"232 Murphy Creek Suite 712"|"321-860-3250x90526"|"Embryologist, clinical"|"Ward Inc"|"2023-10-29"
"9f7c3dca-a2e4-439c-8b06-4a6ec11e46af"|"Dennis"|"Romero"|"M"|"11 Haney Prairie Suite 518"|"001-372-555-6317"|"Sound technician, broadcasting/film/video"|"Hall-Stone"|"1980-10-28"
"d0c678e3-57ec-4002-a669-049c781bffb7"|"Willie"|"Aguirre"|"M"|"358 Nathan Views"|"784.879.3473"|"Counsellor"|"Dunn-Gonzalez"|"1920-06-05"
"ee92183e-9bfb-4e2c-ba08-422570ea284f"|"Samuel"|"Spencer"|"M"|"121 Tara Inlet"|"+1-310-222-1675x5581"|"Housing manager/officer"|"Flowers-Bryant"|"2020-06-23"
"694a10cf-b12f-405e-bcd6-c5680bd81bf5"|"Gregory"|"Park"|"M"|"218 Tiffany Gateway"|"329.272.3633x98144"|"Surveyor, minerals"|"Crawford and Sons"|"1925-11-14"
"b376ddb9-8ebf-48f0-bd5c-5781286d7231"|"Dylan"|"Nguyen"|"M"|"653 Alexis Freeway Apt. 358"|"+1-397-510-6492x78587"|"Prison officer"|"Cain-Robles"|"2019-12-08"
"509f7a40-86ea-4ab1-b5bd-b038043d98f8"|"Angela"|"Mitchell"|"F"|"524 Douglas Springs"|"(768)340-1534x76391"|"Aid worker"|"Carroll, Lee and Poole"|"1959-12-19"
"2f1c558e-3ce9-4452-bb8a-b46b4a372683"|"Robert"|"Wallace"|"M"|"793 Jeffery Isle"|"756.411.5665x580"|"Higher education careers adviser"|"Torres-Jones"|"1943-05-16"
"d7ad125d-deda-44a3-a846-a8edf961c8ec"|"Ferguson"|"Martin"|"F"|"658 Wilson Locks Apt. 694"|"830-472-5357x232"|"Copywriter, advertising"|"Brown, Peterson and Robbins"|"1991-03-27"
"806fbf59-3e93-4a35-af1e-41b5c25c9b28"|"Allen"|"Matthews"|"M"|"37 Robert Way"|"+1-719-762-4290x727"|"Art gallery manager"|"Campbell Inc"|"1955-12-29"
"06bf329d-8301-46c0-8bb3-144ba879639a"|"Mary"|"Hanson"|"F"|"859 David Passage Suite 979"|"001-546-320-0356"|"Engineer, aeronautical"|"Pittman Ltd"|"2021-06-10"
"035f508d-9eea-42a8-87b8-c729abe481a2"|"Joseph"|"Barajas"|"M"|"66 Diana Point"|"(352)873-0190x8417"|"Chartered public finance accountant"|"Peterson, Miller and Peterson"|"2005-01-04"
"81090e98-a9cc-417a-ae9d-9ec65e73d9a4"|"Johnathan"|"Snyder"|"M"|"877 Gabriel Hill Apt. 094"|"4635547265"|"Purchasing manager"|"Nixon-Hancock"|"1923-09-08"
"89c0e200-2bd8-422b-9d86-a10744a4466d"|"Joseph"|"Johnson"|"M"|"647 Cox Turnpike Apt. 083"|"8795578428"|"Research officer, political party"|"Nunez Group"|"2001-08-30"
"ace2fc7f-bfce-4d8f-8b8e-4227be51175c"|"Tracy"|"Terry"|"F"|"437 Andrew Street Apt. 107"|"+1-587-330-4304x191"|"Rural practice surveyor"|"Farmer-Garcia"|"1971-10-18"
"a1f872c4-aedb-4728-ad4d-55521be4cf54"|"Danielle"|"Arnold"|"F"|"87 Padilla Estate Suite 556"|"759.581.1836"|"Scientist, physiological"|"Bowers Ltd"|"2010-03-29"
"15b0e309-1acf-43a0-bc01-fbeba5270e4c"|"Phillip"|"Williams"|"M"|"310 Michael Circles Suite 720"|"7092462708"|"Nurse, learning disability"|"Campbell-Black"|"1920-04-13"
"bbf263d9-057b-4dba-a643-6cd138acde17"|"Michael"|"Gomez"|"M"|"193 Ortiz Brooks"|"585-429-3468"|"Engineer, technical sales"|"Sullivan LLC"|"1978-06-14"
"7bdde3e6-8552-4ef9-9e1f-3cec623c2344"|"Fernando"|"Herrera"|"M"|"791 Catherine Lock"|"(283)480-3318"|"Energy manager"|"Chambers-Rich"|"1993-11-24"
"bd61d35f-df2b-4fc0-956e-dc0092497725"|"Austin"|"Bryant"|"F"|"812 Warner Circle"|"294.629.1065"|"Advice worker"|"Little PLC"|"2022-08-27"
"c178ef09-f287-4114-bc8f-354ee5c7ba75"|"Kevin"|"Garner"|"M"|"611 Marquez Lane"|"588-871-3270x188"|"Geophysical data processor"|"Saunders-Reyes"|"1983-01-13"
"9b13a59c-61bf-45d7-ad09-ea9f0ec8f0c8"|"Andrea"|"Baxter"|"F"|"192 Murphy Creek Suite 712"|"551.534.0682x8027"|"Actor"|"Bishop Inc"|"1980-11-21"
"4b4e8511-2737-402d-808e-0148870a74c4"|"Ashley"|"Rivera"|"F"|"450 Castillo Underpass Apt. 535"|"541-961-1494"|"Information systems manager"|"Hughes, Green and Haley"|"1976-02-22"
"4e5337f8-b03e-45cd-ac7f-45e3d77d519e"|"Danielle"|"Jones"|"F"|"646 Patricia Row"|"5776514239"|"Psychiatric nurse"|"Allen Group"|"1942-04-23"
"8c8d6304-848b-476b-b137-45fe41b18d3d"|"Brianna"|"Espinoza"|"F"|"265 Hernandez Parkways Suite 200"|"8557393821"|"Warden/ranger"|"Blankenship, Brown and Wood"|"1934-02-01"
"d3e2edfc-2114-429e-9671-1bfa4417c484"|"Cynthia"|"Cannon"|"F"|"66 Ross Camp Apt. 134"|"001-836-561-5444x9506"|"Surveyor, land/geomatics"|"Steele-Hernandez"|"2000-04-14"
"ec483e56-0b7c-4a2c-9f41-782ddbf49b2a"|"Amy"|"Morris"|"F"|"624 Yvette Loop"|"+1-287-789-1364x16187"|"Occupational psychologist"|"Krause, Brown and Moreno"|"1941-09-25"
"358a8bbf-bd95-436c-85b7-45df5cb4aa97"|"Michael"|"Barber"|"M"|"62 Thomas Ford"|"236-898-6522x8797"|"Engineer, agricultural"|"Griffith, Torres and Eaton"|"1998-05-12"
"19ac16e1-4061-48b3-9450-7e5f11f878e0"|"Stephen"|"Bailey"|"M"|"75 Ross Camp Apt. 134"|"+1-922-345-8694x64904"|"Environmental manager"|"Schmidt-Lane"|"1955-07-21"
"780aa515-d4d3-48af-9266-a591c4fe05f9"|"John"|"Benson"|"M"|"881 Day Inlet"|"001-887-896-9751x102"|"Private music teacher"|"Dillon-Blankenship"|"2003-08-15"
"ddf009ce-b97d-4113-a3f6-20d47389a715"|"Melissa"|"Suarez"|"F"|"411 Bruce View Suite 976"|"7053753824"|"Technical author"|"Castillo-Shelton"|"1956-02-05"
"d54637c2-e1f1-4914-987a-2ccd5a19111d"|"Gabriel"|"Fisher"|"M"|"554 Anderson Port"|"433.647.3654x899"|"Video editor"|"Santos-Webb"|"1932-07-24"
"247e2e63-bf70-49db-ad72-af9fb88ea501"|"Kelly"|"Ramirez"|"F"|"33 David Course Apt. 455"|"287-298-6139x7104"|"Medical physicist"|"Juarez, Mcmillan and Dougherty"|"1936-06-06"
"3cedefce-625b-4e76-9079-70649b8be6a3"|"Michael"|"Wilson"|"M"|"324 Andrew Street Apt. 107"|"535-866-0077"|"Engineer, drilling"|"Mullen-Stevens"|"1972-07-23"
"a8724996-2565-411c-b8a2-fb15a734c7e3"|"Heather"|"Weaver"|"F"|"371 Yvette Loop"|"+1-542-756-9515x555"|"Public house manager"|"Hopkins LLC"|"1980-01-15"
"efc22504-368a-40d1-b9bf-65a87854d2fa"|"Anthony"|"Riley"|"M"|"816 Tyler Knoll Apt. 752"|"+1-240-384-3509x8824"|"Chartered management accountant"|"Cruz-Delgado"|"1980-03-04"
"ec0e032a-d7bd-47f8-854e-e577a6003282"|"Nicole"|"Pittman"|"F"|"801 Lewis Trace"|"(810)644-7579x49183"|"Designer, ceramics/pottery"|"Kim Inc"|"2008-03-20"
"05dc6fac-96aa-449e-bd9e-ccdbdb0ff663"|"Craig"|"Gray"|"M"|"169 Robinson Highway"|"+1-478-854-6598"|"Engineer, maintenance (IT)"|"Whitehead, Allen and Hudson"|"2012-01-09"
"048d4bf9-4667-4d6f-b67c-68b09d4b8f95"|"Tabitha"|"Wood"|"F"|"564 Jackson Harbors Suite 257"|"001-794-315-5367x257"|"Insurance account manager"|"Medina, Johnston and Burch"|"1916-01-16"
"c436518f-ab2e-4d57-bf2c-bac15cf895ac"|"Jasmin"|"Young"|"F"|"635 Thomas Ford"|"+1-524-650-1880x2156"|"Surveyor, building control"|"Mendoza-White"|"1951-08-22"
"8c15fbce-50a5-4dd8-85d6-48befc5b9c40"|"Lee"|"Casey"|"M"|"47 Porter Overpass"|"777-346-7754x2709"|"Commercial horticulturist"|"Santana-Mcdonald"|"1941-04-10"
"269bf2c2-7d12-4561-a7b6-2ab35034f917"|"Samantha"|"Rivera"|"F"|"112 Jeffery Village"|"2252453879"|"Interpreter"|"Sanchez, Franklin and Johnson"|"2024-04-20"
"ad6c3a61-01fb-45af-bfe2-a84d117d935f"|"Charles"|"Flynn"|"M"|"453 Jessica Mountains Suite 248"|"532.912.7438"|"Games developer"|"Humphrey Inc"|"2003-12-08"
"6edd4ced-91ad-4ef7-bf9b-e619e813e8c1"|"Thomas"|"Gates"|"M"|"434 Cox Turnpike Apt. 083"|"(516)971-5033"|"Designer, exhibition/display"|"Walsh, Thornton and Erickson"|"1960-01-12"
"e7408ad7-1414-4fe2-956d-0aa7c4a2e3f2"|"Annette"|"Martinez"|"F"|"587 Murphy Creek Suite 712"|"(489)352-6353x48933"|"Social research officer, government"|"James, Ewing and Nelson"|"1943-03-01"
"82927b48-128a-4049-9403-456f5e36a2bb"|"Jasmine"|"Weiss"|"F"|"786 Jeffrey Run"|"723.692.8732x47399"|"Copy"|"Johnson, Galvan and Bush"|"1957-05-24"
"be27af9f-0719-40c1-b5e8-346030ead568"|"David"|"Shelton"|"M"|"541 Alexandra Bridge Suite 474"|"372-417-8824x30518"|"Customer service manager"|"Singh Ltd"|"1908-07-26"
"04070c02-0619-4a98-8dd6-479f8a69dd8c"|"Janet"|"Ruiz"|"F"|"738 Simpson Mill Apt. 030"|"001-736-629-7176x221"|"Osteopath"|"Rodriguez, Lee and Cardenas"|"1913-07-27"
"a507a4a8-441b-45bc-931b-74cede8fd333"|"Destiny"|"Marquez"|"F"|"641 Barry Shoal Suite 612"|"4765281847"|"Psychologist, forensic"|"Saunders, Norton and Francis"|"2017-08-21"
"a408ba3d-0837-4277-922b-23065b6107c8"|"Robert"|"Williams"|"M"|"302 Christopher Tunnel"|"001-221-858-2396x4591"|"Geophysical data processor"|"Simmons Inc"|"1957-06-01"
"e7a790e0-aaf7-44d6-9675-e680ddc42186"|"Jill"|"Patton"|"F"|"803 Brown Canyon Apt. 503"|"001-288-214-0436x372"|"Wellsite geologist"|"Johnson-Bauer"|"1984-10-23"
"070c4eb7-3615-4902-b6b3-7ca502ae70b3"|"William"|"Faulkner"|"M"|"469 Tiffany Gateway"|"001-308-558-3592x4468"|"Television/film/video producer"|"Pearson, Jones and Hill"|"1989-10-02"
"e7c9ee8f-d3ec-41d4-a1a5-922513157e93"|"Mary"|"Welch"|"F"|"775 Pham Ports"|"+1-627-305-5658x898"|"Conservator, furniture"|"Walker, Arnold and Downs"|"1941-03-25"
"7a2058b5-414e-4371-8d89-a3b976b1d014"|"Katie"|"Green"|"F"|"445 Christopher Ways"|"(526)383-1389"|"Advertising art director"|"Harrison-Edwards"|"1987-07-30"
"e929b06a-f5e8-40f2-8838-0d25c4887717"|"Justin"|"Lopez"|"M"|"503 Ward Parkway Apt. 076"|"(509)298-8606"|"Nurse, learning disability"|"Stanley, Fox and Townsend"|"2021-06-25"
"cfdc673d-9788-42af-9d84-fb2e0f6847a1"|"Karen"|"Mckee"|"F"|"420 Thomas Wall Suite 035"|"744.714.2458x3223"|"Early years teacher"|"Dougherty PLC"|"2011-05-25"
"9874d436-8081-4dbc-8634-6bea47833878"|"Gabriela"|"Mckee"|"F"|"248 Matthew Valleys Suite 832"|"703-902-4380x7313"|"Commercial/residential surveyor"|"Martin-Hernandez"|"1967-12-30"
"a0127eb9-6fe4-436b-9731-e713b3e4e48f"|"Allen"|"Hayden"|"M"|"660 Colleen Mount"|"587-211-7960x83416"|"Nurse, adult"|"Allison Ltd"|"1963-05-28"
"15c679b5-ea91-423d-b458-cc7f0e8b6e3c"|"Elizabeth"|"Perez"|"F"|"711 Padilla Estate Suite 556"|"6222075577"|"Teacher, primary school"|"Davenport Inc"|"1975-04-20"
"7dc1381d-2e2d-4c18-a5de-0f15d0aae759"|"Paul"|"Taylor"|"M"|"283 Randall Burg"|"503-259-2021x5362"|"Manufacturing systems engineer"|"Russell-Fields"|"1981-07-02"
"d0e88c8b-ca58-476b-a9d7-b8871f29df71"|"David"|"Barnett"|"M"|"726 Randall Burg"|"001-578-642-1898x321"|"Scientist, audiological"|"Pearson Ltd"|"1958-12-08"
"841867a6-edaf-4768-b8e9-a04044b0aedc"|"Kerri"|"Williams"|"F"|"930 Alexis Run Suite 764"|"349-575-4974x47148"|"Broadcast presenter"|"Hicks Inc"|"1911-07-06"
"b4d3ab21-ef10-453d-8710-be14c11463dd"|"Matthew"|"Mejia"|"M"|"771 Stacey Via Suite 001"|"635.935.4120"|"Analytical chemist"|"Williams, Wilson and Mitchell"|"1933-02-06"
"70a8658c-089c-4134-b0e2-0a4597c1af69"|"Robert"|"Curtis"|"M"|"468 Tara Inlet"|"(201)233-0872x602"|"Medical technical officer"|"Garcia LLC"|"1941-05-29"
"478132f3-7d3d-4239-8df4-3d2a5336c73f"|"Michael"|"Roy"|"M"|"232 Catherine Lock"|"4899045915"|"Data processing manager"|"Jones Group"|"1963-06-22"
"783d5d2c-bbab-4a7e-ab0d-841f012c5bd5"|"Tiffany"|"Mccullough"|"F"|"707 Johnson Plains Suite 376"|"001-930-531-5541x51795"|"Consulting civil engineer"|"Bailey, Brooks and Mercado"|"1921-08-06"
"d0e2a67d-8f86-4325-8ecc-ac4ba38db86e"|"Moore"|"Jackson"|"F"|"336 Warner Circle"|"(728)973-7881x9440"|"Water engineer"|"Williams and Sons"|"1991-12-23"
"77251f46-60b2-4bd7-ba19-8afd40e51d9b"|"Patricia"|"Adams"|"F"|"80 Rachel Pine"|"643.706.5908"|"Seismic interpreter"|"Johnson LLC"|"1910-03-05"
"81870643-166d-4ea5-8984-432d88a60550"|"Justin"|"Hayden"|"M"|"333 Wilson Locks Apt. 694"|"(392)555-2900"|"Archaeologist"|"Henry, Duran and Leblanc"|"2005-10-07"
"e23626d1-de70-4b01-8bef-646282bbbaff"|"Richard"|"Booth"|"M"|"447 Alexis Freeway Apt. 358"|"+1-476-578-4483x8330"|"Human resources officer"|"Jones-Phillips"|"2019-03-05"
"d0b62071-a6d2-475b-b54e-b091342e5f8f"|"Omar"|"Barber"|"M"|"191 Catherine Cove"|"893-281-4282x9624"|"Financial adviser"|"Lopez, Martin and Ross"|"1941-12-15"
"7b6cf2c9-cdcc-47ac-8466-fbd0151ca116"|"Chelsea"|"Bailey"|"F"|"791 Jeffrey Run"|"(570)737-9949"|"Neurosurgeon"|"Edwards, Johnson and Chapman"|"1962-02-16"
"9a96d18a-7ac9-4c7f-8397-928ff7ad0de8"|"Nathan"|"Zimmerman"|"M"|"616 Alexandra Bridge Suite 474"|"776-814-3776"|"Engineer, maintenance (IT)"|"Palmer-Brown"|"1978-11-26"
"a0722ad9-1741-4502-86a2-87c1b25de784"|"Antonio"|"Strickland"|"M"|"65 Marquez Lane"|"001-783-878-6941x14448"|"Web designer"|"Gamble-Salazar"|"1944-05-11"
"360a0fa5-70f6-48f7-a537-feeef2199bec"|"Cynthia"|"Harrison"|"F"|"613 Julia Station"|"+1-441-637-8666x96964"|"Designer, textile"|"Boone LLC"|"1960-01-04"
"2a0e6f7f-b460-4df0-81f5-cf2a75704f95"|"Joshua"|"Orozco"|"M"|"383 Luna Loop"|"307.375.1467x55319"|"Designer, industrial/product"|"Mann, Mcintyre and Cohen"|"1983-06-12"
"c3c03d1b-0368-470c-a3b6-b8207bdab370"|"Martin"|"Faulkner"|"M"|"360 Smith Ranch Suite 211"|"(363)586-5531x5503"|"Advertising account executive"|"Alvarez-Martinez"|"1943-06-20"
"cbe28b2a-a12b-4886-80dd-a3d1485baf00"|"James"|"Young"|"M"|"879 Moore Crossroad Apt. 549"|"615.431.6811x19391"|"Archivist"|"Brown-Davis"|"2008-12-13"
"5f1c6cb2-d655-4b2e-95cf-96758e03f2c1"|"Brian"|"Johnson"|"M"|"825 Anderson Parkways"|"+1-428-493-6121x1163"|"Education officer, community"|"Scott, Hess and Rodriguez"|"1990-03-30"
"757d278e-94cb-48af-ac27-2ac113400b16"|"Steven"|"Johnson"|"M"|"204 Thomas Coves Suite 736"|"(972)287-6652"|"Conservator, furniture"|"Larson-Moran"|"2006-05-09"
"a86a3f1f-0108-4fd4-a533-6372f57f2518"|"Rachel"|"Hicks"|"F"|"994 Heather Garden Suite 383"|"(329)408-1509x43448"|"Food technologist"|"Parker Group"|"1931-12-30"
"1c5482f6-f46e-4118-9e6b-0d45a7aa2555"|"Mary"|"Blair"|"F"|"941 May Rest Suite 582"|"366.523.4152"|"Designer, graphic"|"Braun-Thompson"|"1967-11-02"
"3d65747a-645f-4719-9c87-7c32c674738b"|"Emily"|"Roy"|"F"|"864 Marquez Lane"|"305-844-1276x15374"|"Surveyor, insurance"|"Lewis Group"|"1926-10-13"
"33ee1212-a88f-4046-b9d5-44f286f11aac"|"John"|"Pittman"|"M"|"889 Castillo Underpass Apt. 535"|"(823)736-9241x1579"|"Furniture conservator/restorer"|"Trujillo-Herrera"|"1973-08-07"
"4842fb93-d629-4b19-8ea4-4729f35cddb6"|"William"|"Aguilar"|"M"|"33 Jonathan Place"|"+1-623-533-6114x9613"|"Scientist, marine"|"Jackson, Sexton and Bailey"|"1914-06-02"