"id"|"first_name"|"last_name"|"sex"|"address"|"phone_number"|"profession"|"company"|"date_of_birth"
"56cdc78c-1a14-4c9a-a785-a8fc50c02120"|"Shawn"|"Gomez"|"M"|"159 Parks Trace Suite 497"|"521.472.2305x3069"|"Air cabin crew"|"Stevenson-Thomas"|"1973-02-15"
"8d700650-e4f6-4577-aa87-6989a8e634e9"|"Karen"|"Lopez"|"F"|"704 Davis Landing"|"+1-752-222-6984x71106"|"Health service manager"|"Murphy-Simpson"|"2018-07-12"
"76c465ec-e0ae-4a08-8bb0-17d8c2875fa3"|"Jeffrey"|"Skinner"|"M"|"224 Pham Ports"|"+1-716-488-0389x915"|"Training and development officer"|"Bennett PLC"|"1985-09-17"
"f8e2873b-1583-4ee9-b6ae-29f1b9d1b9a8"|"Albert"|"Baxter"|"M"|"686 Michelle Isle Apt. 431"|"801.912.4391x38784"|"Transport planner"|"Thomas, Ray and James"|"1964-04-19"
"31408bfa-8185-42da-8797-64d6314d365d"|"Benjamin"|"Gallagher"|"M"|"620 Murphy Creek Suite 712"|"364.274.8248x91974"|"Diagnostic radiographer"|"Howell Group"|"1955-07-21"
"0e836ccc-4ae0-4d2b-aa86-cc7f5c704127"|"Adam"|"Baxter"|"M"|"476 Catherine Lock"|"8164468640"|"Visual merchandiser"|"Singh Ltd"|"1932-04-26"
"5c6ea5f2-14a9-4e77-9f49-8b329e390e2c"|"Ian"|"Espinoza"|"M"|"301 Pham Ports"|"001-416-223-5376x4614"|"Chiropodist"|"Lopez, Bell and Knox"|"1914-08-08"
"5326dd9d-0e45-4692-a21c-3fbd49717bb7"|"Patricia"|"Aguilar"|"F"|"343 Rosario Loop"|"381.912.8717x80416"|"Barista"|"Briggs and Sons"|"1934-05-04"
"049d20f2-05c7-4a04-8e8f-1e0c49bf5968"|"Courtney"|"Hughes"|"F"|"741 Robert Way"|"001-883-980-3645x90703"|"Printmaker"|"Gallagher, Lozano and Edwards"|"1992-03-18"
"d305f74c-ad61-451f-ad60-b6c81a804e47"|"Angela"|"Zhang"|"F"|"625 Arnold Cliffs"|"(483)568-7655x6202"|"Engineer, energy"|"Vincent, Brown and Jenkins"|"2018-04-16"
"3f66f42b-e1b8-43ee-98f6-49cac7adef5f"|"Julie"|"Arnold"|"F"|"510 Garcia Road Suite 143"|"(673)861-2563x899"|"Maintenance engineer"|"Parks-Williams"|"1925-05-25"
"e3293f30-382f-4b8b-a816-ecc9c5d49091"|"Wayne"|"Davis"|"M"|"171 Michael Circles Suite 720"|"302.964.4182x189"|"Museum/gallery conservator"|"Wilson and Sons"|"2020-04-16"
"26c4e419-b1ec-486f-8b79-c49ded9c17d7"|"Alexander"|"Zuniga"|"M"|"397 Welch Walk"|"324-823-5477x9028"|"Architect"|"Lamb, Johnson and Tran"|"1973-01-20"
"af0cbe5e-7fe2-4a99-9861-469cbf1132de"|"Curtis"|"Willis"|"M"|"951 Robinson Highway"|"(743)958-6889x28751"|"IT consultant"|"Ford-King"|"1922-08-30"
"9af2cce5-a4ef-4d16-b27a-1c9b007460d0"|"Daniel"|"Herrera"|"M"|"180 Julia Station"|"+1-647-599-7099x305"|"Transport planner"|"Carter-Ortega"|"2012-01-01"
"e8f3f72e-5c67-48cb-8399-99dd4b77b9d8"|"Dean"|"Holmes"|"M"|"380 Morales Gardens Suite 197"|"492-291-1687"|"Engineer, materials"|"Martinez-Ellis"|"1927-08-20"
"49dff6d7-15aa-4ebc-9d2e-fa6ea6877983"|"Shawn"|"Hernandez"|"M"|"722 Michael Manor"|"001-996-964-9355x8120"|"Surveyor, quantity"|"White, Johnson and Curtis"|"1956-09-07"
"7a4beeb8-c953-4ec5-911f-e924d2dcaf61"|"Jared"|"Walker"|"M"|"700 Tyler Knoll Apt. 752"|"(956)645-8129"|"Network engineer"|"Sanchez, Gomez and Erickson"|"1965-11-05"
"e7fda211-2065-4092-9688-2612427900f1"|"Diana"|"Allen"|"F"|"119 Mills Springs"|"(775)916-5782"|"Sports therapist"|"Lopez-Evans"|"2004-02-16"
"bd65144b-0f0e-440a-96c6-c86c54d98585"|"Colin"|"Mccullough"|"M"|"110 Troy Centers"|"6935874696"|"Mental health nurse"|"Evans-Walker"|"1963-02-18"
"9f6285e1-e68f-4313-b31e-b3fa3a181beb"|"Kerri"|"Tran"|"F"|"362 Jessica Mountains Suite 248"|"658.849.3667"|"Textile designer"|"Peterson, Gordon and Meyer"|"1928-12-27"
"405abae0-741f-4b3a-8f86-3c74f1e56586"|"Johnny"|"Hanson"|"M"|"792 Lee Burgs"|"468-660-6081x9683"|"Psychiatrist"|"Lee-Parker"|"1964-01-27"
"b8af9f80-c1ec-43bf-b993-aabd4024a426"|"Eileen"|"Perez"|"F"|"330 Jordan Vista Apt. 756"|"001-753-731-0408"|"Special effects artist"|"Reese LLC"|"1911-02-16"
"928fac31-3439-410e-b2a4-c73e0243c6b4"|"Marvin"|"Williams"|"M"|"143 Amanda Curve"|"755-229-1644x56027"|"Scientist, marine"|"Bean-Williams"|"1933-01-20"
"5565b8e5-9fe0-41af-a8ff-d301e705bff8"|"Michael"|"Vargas"|"M"|"219 Nathan Views"|"871-650-7712x58452"|"Engineer, automotive"|"Smith PLC"|"2001-03-29"
"c08c37a5-ca31-48af-9dde-847df46039c7"|"Jamie"|"Conway"|"F"|"284 Thomas Wall Suite 035"|"+1-653-715-6009x726"|"Merchant navy officer"|"Garza-Mccarty"|"1926-07-29"
"357a0b37-dbba-407b-99b9-156bc25c16b9"|"Benjamin"|"Orozco"|"M"|"562 Luna Loop"|"(580)592-1267"|"Accountant, chartered management"|"Brown-Wyatt"|"1921-12-18"
"4cbcfe9a-51fb-4d3d-9e0e-5558cea1b169"|"Daryl"|"Jordan"|"M"|"786 Kari Alley Suite 131"|"588-324-3409x2059"|"Scientific laboratory technician"|"Strong-Santana"|"2023-01-12"
"54e90582-2849-4b33-b49d-c4000baa1e4f"|"Dawn"|"Williams"|"F"|"957 Patricia Trafficway Apt. 188"|"971-297-6474"|"Merchandiser, retail"|"Bowen Inc"|"1919-08-03"
"8dfa6ca3-f05b-4585-9c92-f8ced536c615"|"Bradley"|"Shelton"|"M"|"10 Alexis Freeway Apt. 358"|"(464)254-5317x2835"|"Editor, film/video"|"Mccarty-Nelson"|"1970-05-29"
"b63f642d-1a2f-46c0-947e-695a96d4baf4"|"Laura"|"Flynn"|"F"|"927 Donald Village Apt. 289"|"+1-594-930-5835"|"Market researcher"|"Ortiz, Kim and Shaw"|"1917-08-26"
"bf2735bf-0229-4fc1-b549-20f5cfb06e77"|"Jeremy"|"Boone"|"M"|"911 Dakota Extensions"|"206-353-3962x981"|"Pathologist"|"Parker, King and Barton"|"2010-05-15"
"bf036b36-bb02-4107-893c-3ce7d5163879"|"James"|"Wallace"|"M"|"531 Shelton Run"|"001-204-633-6643x52360"|"Pharmacologist"|"Livingston, Clark and Lopez"|"1943-07-05"
"742db320-936e-4a50-a55b-1a84266f703b"|"Nicole"|"Leach"|"F"|"419 Smith Avenue Apt. 759"|"795.708.5727x177"|"Radiation protection practitioner"|"Gallegos Group"|"1993-09-03"
"ce154cb1-2adb-4004-98a2-184941e2633c"|"Meredith"|"Daniels"|"F"|"730 Jones Cliffs Suite 657"|"330.976.6932"|"Optician, dispensing"|"Miller, Greene and Hoffman"|"1988-03-14"
"a5f1385f-0f55-408f-a110-f9da6eb027d2"|"Charles"|"Villanueva"|"M"|"31 Hanson Port"|"(601)520-8775x638"|"Herbalist"|"Gomez, Jones and Powell"|"1996-06-20"
"b4224807-98bd-497e-a5bd-10a065871dc3"|"Lori"|"Mejia"|"F"|"722 Charles Mall Apt. 745"|"001-962-978-1372x366"|"Commissioning editor"|"Peterson-Harrell"|"1916-06-12"
"7d1a16fe-2bd4-4e80-ac04-ddb26cb021b4"|"Willie"|"Ryan"|"M"|"392 Jeffery Spur Suite 411"|"+1-456-208-4200x7495"|"Commercial horticulturist"|"Reid-Torres"|"2003-09-17"
"72621fdf-3c89-4136-abf3-10a0fb41e928"|"Carly"|"Richardson"|"F"|"436 Martin Field"|"(736)345-1106x87162"|"Interpreter"|"Harrison Group"|"1919-06-14"
"af4da7ce-21b9-4cbe-b096-dd7c1e910412"|"Michele"|"Smith"|"F"|"33 Elizabeth Creek Apt. 423"|"(827)512-0299x314"|"Administrator, local government"|"Sullivan, Christian and Mclaughlin"|"1945-11-21"
"57c9309c-22c5-4a83-94f4-853faaf2a180"|"Tom"|"Gardner"|"M"|"525 Tiffany Gateway"|"968.297.6265"|"Airline pilot"|"Jacobs-Robinson"|"1945-10-09"
"b9dcb136-abfc-424e-9a29-e4c637f8b583"|"Cody"|"Aguirre"|"M"|"199 Moore Crossroad Apt. 549"|"+1-246-410-4924x61297"|"Actor"|"Daugherty and Sons"|"1969-09-09"
"7ea775d4-2826-4781-960f-8950798c00eb"|"James"|"Hernandez"|"M"|"501 Daniel Plaza"|"(635)802-7410"|"Animal nutritionist"|"Harrison, Morgan and Mooney"|"1956-05-02"
"56d9dd12-b2e3-4fe4-8cc1-cc22c9bc1039"|"Stephanie"|"Jackson"|"F"|"333 Luna Loop"|"719-770-8633"|"Speech and language therapist"|"Nielsen-Sosa"|"1909-05-28"
"b0e7321e-5865-4d88-a6d9-c438d3cfcfcc"|"Nathan"|"Jones"|"M"|"196 Alexandra Bridge Suite 474"|"3132611695"|"Health physicist"|"Thompson-Rosales"|"1957-09-10"
"5aa55852-b319-4a61-908c-bd9702b2e17a"|"Lonnie"|"Willis"|"M"|"645 Jordan Vista Apt. 756"|"+1-967-907-5057x173"|"Geologist, wellsite"|"Smith, Friedman and Martin"|"1947-02-03"
"cf69732a-8ac4-4635-8c80-6709bc4bba4d"|"Julie"|"Pittman"|"F"|"728 Catherine Lock"|"001-713-893-0156x8395"|"Seismic interpreter"|"Perez, Brown and Davidson"|"1965-07-31"
"d6064a39-a944-48a7-83a3-5ad1d9279a75"|"Stephanie"|"Romero"|"F"|"176 Catherine Cove"|"001-689-735-5504"|"Community pharmacist"|"Diaz Inc"|"1980-06-02"
"2182aca2-aef3-4539-bfe6-8267d92bf75e"|"Devin"|"Fisher"|"M"|"288 Nathan Views"|"8098280901"|"Meteorologist"|"Ingram Ltd"|"1955-01-07"
"a1e8d826-666f-47de-8f53-2b1210b39877"|"Charles"|"Strickland"|"M"|"487 Troy Centers"|"+1-535-296-3675x34148"|"Teacher, English as a foreign language"|"Steele Ltd"|"1961-10-03"
"a79b93bf-ec4b-44bd-9d8e-44a33d863110"|"Tiffany"|"Garcia"|"F"|"401 Rivers Squares"|"001-257-720-7775x7438"|"Biochemist, clinical"|"Patel Inc"|"1912-09-23"
"52ded8a1-5653-4f43-a9ab-461cfd116026"|"Ryan"|"Strickland"|"M"|"610 Marquez Lane"|"001-402-705-7016x2451"|"Health service manager"|"Paul-King"|"1916-09-29"
"253194b1-e7ea-40d0-8af7-8a5139b8163f"|"Kayla"|"Patrick"|"F"|"663 Jeffrey Run"|"291.282.6375x00898"|"Chemical engineer"|"Morgan, Hernandez and Williams"|"1929-02-24"
"b51fbcca-7fdb-42fd-a01a-5ae4e151ba0f"|"Ashley"|"Buchanan"|"F"|"114 Ashley Landing"|"756-811-3961"|"Theme park manager"|"Lee Inc"|"1986-08-26"
"a7bf4789-aef2-4844-af5f-dfe089d112ff"|"Keith"|"Gonzalez"|"M"|"811 Hernandez Parkways Suite 200"|"+1-588-895-4909x57814"|"Acupuncturist"|"Wright LLC"|"1983-08-04"
"09b5a027-f6ca-4142-9041-83d248efbe93"|"Paula"|"Hurley"|"F"|"359 Parks Trace Suite 497"|"(208)575-5476x134"|"Housing manager/officer"|"Marsh, Wright and Scott"|"1981-10-17"
"604c80b2-023c-45b4-9adf-1d7035abbf36"|"Kevin"|"Watson"|"M"|"542 Christine Gateway"|"001-610-761-9645x8661"|"Surveyor, commercial/residential"|"Dillon-Mendoza"|"1944-09-17"
"0f80e4cd-f747-4113-ae46-2023acced4c1"|"Travis"|"Reyes"|"M"|"886 Nelson Estate"|"+1-880-590-2547"|"Therapist, art"|"Gray, Jackson and Campbell"|"1931-08-21"
"0e93042f-92d5-4aab-a272-56d765f0fa90"|"Michael"|"Green"|"M"|"310 Phillip Spring"|"769.259.7819"|"Engineer, maintenance"|"Evans, Bradford and Blackburn"|"1979-10-13"
"4089c844-4fdb-479e-82e9-fd08fd55635b"|"Brandi"|"Taylor"|"F"|"770 Montoya Walk Apt. 578"|"001-674-251-8823x834"|"Police Officer"|"TTPD"|"1925-01-12"
"1b233a6a-098b-4c8c-bd2b-f5300992402e"|"Ashley"|"Booth"|"F"|"967 Randall Burg"|"873.576.5388"|"Photographer"|"Paul, Floyd and Perkins"|"1972-06-12"
"50ef1681-42c2-4302-bdf2-dcfb90de3c60"|"Tammy"|"Faulkner"|"F"|"465 Tiffany Gateway"|"8778277139"|"Graphic designer"|"Bright, Gallegos and Vazquez"|"2003-08-02"
"1e2d8c7e-3edc-420f-8d4a-72710ee4900b"|"Monica"|"Ramirez"|"F"|"622 Vincent Mountain Apt. 316"|"(420)281-0853"|"Pharmacist, hospital"|"Harris LLC"|"1911-10-10"
"13c92cc1-378c-4fdc-9e3b-9da93b989fe6"|"Patricia"|"Bryant"|"F"|"994 Colleen Mount"|"+1-431-380-3039x336"|"Development worker, community"|"Keller-Webb"|"2012-07-16"
"b0bc8995-c24f-4214-8cc2-942f82863a59"|"Tonya"|"Harris"|"F"|"991 Danielle Estates"|"379.954.2698x02538"|"Best boy"|"Fischer Group"|"1970-01-17"
"24300719-dd76-4025-95b9-5286d9252a55"|"Karen"|"Roberts"|"F"|"423 Marquez Lane"|"001-328-849-5987"|"Designer, blown glass/stained glass"|"Wilson-Lucas"|"1967-04-18"
"9ca8f8d9-8101-4343-89a0-c961b355074b"|"Anna"|"Ryan"|"F"|"204 Arnold Cliffs"|"806-781-2272x222"|"Police Officer"|"TTPD"|"1988-03-28"
"8bb5b9ba-4770-4a73-8d94-0e13b0be25d0"|"Anna"|"Torres"|"F"|"892 Arnold Cliffs"|"001-717-890-8414x01985"|"Press sub"|"Erickson Inc"|"1983-03-14"
"1ec9e873-8f9a-4b14-b9d0-d9f07230a151"|"Tracy"|"Casey"|"F"|"994 Cooley Dam Apt. 601"|"+1-720-505-8486x87312"|"Teaching laboratory technician"|"Collins-Hickman"|"1947-09-24"
"7c1ed733-b6cb-4b4c-a0b4-dc50d2155904"|"Andrew"|"Cervantes"|"M"|"728 Smith Ranch Suite 211"|"001-971-349-6541x9302"|"Early years teacher"|"Nixon and Sons"|"1938-08-26"
"e3664efe-2d3c-479f-9d2c-817c8981da14"|"Helen"|"Wilson"|"F"|"244 Ross Camp Apt. 134"|"839.728.5665x8992"|"Location manager"|"Simon, Martinez and King"|"1943-05-03"
"6d816e74-3644-45ba-b8c2-8508e6072cf8"|"Lindsay"|"Mitchell"|"F"|"306 Ward Parkway Apt. 076"|"476.720.3607x792"|"Operations geologist"|"Henderson, Johnson and Ruiz"|"1982-07-30"
"9cf0fbae-a666-4a28-9003-6b7a71d801b6"|"Allison"|"Henderson"|"F"|"964 Jeffery Isle"|"428.230.6213x0481"|"Geographical information systems officer"|"Smith-Bell"|"1989-06-15"
"76bbb7b4-0b10-4431-ba32-e4283393ed72"|"Anna"|"Shields"|"F"|"275 Smith Avenue Apt. 759"|"626.662.5391"|"Midwife"|"Davis and Sons"|"1981-02-19"
"a7c15df9-0d3e-4b48-80fd-b2411a8f0f4a"|"Benjamin"|"Gardner"|"M"|"9 Robinson Highway"|"609-759-6206x7648"|"Publishing copy"|"Goodman Ltd"|"1913-01-14"
"d3b20edb-6d49-4de7-b134-b65c6f10913b"|"Jamie"|"Harrison"|"F"|"405 Dakota Extensions"|"740.338.2357x21529"|"Therapist, music"|"Lucas, Johnson and Weber"|"1941-09-15"
"5e777b9b-d189-44fc-8048-33c66895111f"|"Dudley"|"Rojas"|"M"|"603 Ashley Landing"|"356-304-0460x3569"|"Pharmacist, community"|"Reynolds-Wells"|"1995-01-23"
"c67b3751-ba86-4ffc-bd5d-528a6ee3b39f"|"Judith"|"Alvarez"|"F"|"398 Banks Curve Apt. 123"|"001-735-793-4739x776"|"Phytotherapist"|"Bailey, Davis and Andrews"|"1975-11-20"
"cfcdc7d4-21c1-4272-9e5d-4ca8eed5c260"|"Anthony"|"Alvarez"|"M"|"484 Stacey Via Suite 001"|"(960)561-6443x940"|"Advertising account executive"|"Klein Inc"|"2020-05-24"
"1b5c2959-b6ce-4132-b266-710b89ac990e"|"April"|"Barajas"|"F"|"752 Thomas Coves Suite 736"|"9405288748"|"Stage manager"|"Beltran and Sons"|"1997-04-18"
"e6f151cf-4af3-443b-9a4b-98615cd6d109"|"Adrienne"|"Skinner"|"F"|"564 Anderson Port"|"950.571.3185x8492"|"Sales executive"|"Waller, Mendez and Watson"|"1932-08-24"
"92c54ff5-8446-455e-b969-468eb1248813"|"Andrea"|"Little"|"F"|"969 Bailey Trail"|"001-710-778-4217x45803"|"Research officer, government"|"Estrada Ltd"|"1910-07-14"
"4c597dc0-5707-4a2f-b651-62ba8ed0943f"|"Jonathan"|"Morrison"|"M"|"865 Weaver Haven"|"429-206-0814x76012"|"Broadcast engineer"|"Hernandez Ltd"|"1959-10-31"
"6974627b-d068-46eb-9dc6-acf43fb05b7a"|"Kevin"|"Garcia"|"M"|"189 Jonathan Stravenue"|"(351)386-3464"|"Chiropractor"|"Wall and Sons"|"1911-03-07"
"97bc8911-057f-44fb-8fc6-b1b6dbbb24c5"|"Kyle"|"Green"|"M"|"723 Chandler Tunnel Suite 681"|"001-254-353-2052"|"Publishing copy"|"Graham, Lee and Hunt"|"2024-03-28"
"2970aa89-c835-40f0-b3ac-9f878b5731e9"|"Daniel"|"Norman"|"M"|"706 Nelson Estate"|"585.475.5689x9455"|"Energy manager"|"Weaver, Gonzalez and Hanson"|"1949-05-01"
"4df58f5b-7f9c-4af5-8acb-49c415672ae8"|"Jose"|"Zuniga"|"M"|"740 Charles Mall Apt. 745"|"+1-386-466-6700x309"|"Producer, television/film/video"|"Smith LLC"|"1977-04-27"
"b7a2b1bb-3a32-42fc-8f1a-f54dd4c67efb"|"Henry"|"Fisher"|"M"|"889 Ross Camp Apt. 134"|"380.593.7439x7058"|"Marine scientist"|"Jones-Weaver"|"1933-09-30"
"0f8d5b88-3b6e-4aed-9653-0ec8cd285eea"|"Daniel"|"Cervantes"|"M"|"357 Gray Walks Apt. 075"|"(307)571-5755x74009"|"Investment analyst"|"Nolan Group"|"1910-12-15"
"05c4bd97-7048-422e-88e7-ced1073dcb12"|"Jason"|"Hooper"|"M"|"893 Banks Curve Apt. 123"|"+1-320-382-6376"|"Scientist, research (life sciences)"|"Meza Inc"|"1954-10-07"
"d910bff1-6c58-4ba6-8bf3-ec6955f57d2c"|"Brooke"|"Bailey"|"F"|"864 Moore Crossroad Apt. 549"|"(869)538-1681"|"Garment/textile technologist"|"Barnett-Hudson"|"2022-01-13"
"4ffffb19-4f8e-4a63-9173-aed334b0f533"|"Mary"|"Shaffer"|"F"|"591 Tiffany Gateway"|"263.874.5113x57774"|"Armed forces logistics/support/administrative officer"|"Barry-Taylor"|"2016-02-08"
"679775f6-17dc-4c59-a44a-30a563b7dfd3"|"Jennifer"|"Cooke"|"F"|"745 Troy Centers"|"001-857-457-3876"|"Commercial art gallery manager"|"King Ltd"|"1970-07-05"
"cd07a948-7b03-4bd6-b74a-82889e3c44b5"|"Melissa"|"Zhang"|"F"|"425 Amber Wells"|"+1-319-447-2260x03990"|"Tourist information centre manager"|"Ramsey-Davis"|"2007-05-25"
"77a95166-b45b-45c6-ac40-2d78b7ac37a4"|"Nicole"|"Johnson"|"F"|"655 Andrew Street Apt. 107"|"976.943.4026x65353"|"Fast food restaurant manager"|"Scott, Mcdonald and Jordan"|"2016-11-17"
"3c52d493-5033-40cd-b3be-0243930ff1ca"|"Stephanie"|"Parker"|"F"|"289 Patricia Trafficway Apt. 188"|"001-726-733-0029"|"Designer, television/film set"|"Shaw-Irwin"|"1952-07-17"
"ad2b060f-f7ea-475b-b2de-9d874e7e5779"|"Jason"|"Fernandez"|"M"|"564 Banks Curve Apt. 123"|"+1-897-485-5473x122"|"Magazine features editor"|"Harrell-Ford"|"1934-03-28"
"1b1f78cb-4881-479e-9b00-1f4afd5befed"|"Janice"|"Hall"|"F"|"361 Anderson Port"|"(424)908-0798"|"Psychologist, occupational"|"Scott, Rodriguez and Figueroa"|"2012-09-20"
"4ecf2611-ba84-4d9a-9884-59f776f7e687"|"Matthew"|"Andrews"|"M"|"448 Chandler Tunnel Suite 681"|"703-465-2102"|"Youth worker"|"Santos and Sons"|"1930-03-02"
"55ec9277-63bb-439b-858f-b1818be78576"|"Scott"|"Dean"|"M"|"754 Patricia Row"|"(964)651-1173"|"Geographical information systems officer"|"Guerrero, Ferguson and Taylor"|"2015-04-01"
"436657c8-5cf1-430f-800a-17ea3705a990"|"Robert"|"Zimmerman"|"M"|"298 Yates Harbor Suite 905"|"780.587.5241"|"Chiropractor"|"Martin, Lin and Contreras"|"1945-12-29"
"7a741af8-1736-4e90-a19f-d7760c793a63"|"Claire"|"Foster"|"F"|"413 David Passage Suite 979"|"5587136970"|"Commercial art gallery manager"|"Hines, Andersen and Peterson"|"1921-06-17"
"585ec733-0b8c-4fc6-afa2-9d2969f35076"|"Lindsay"|"Dunn"|"F"|"479 Hernandez Parkways Suite 200"|"375-465-1031"|"Company secretary"|"Edwards-Brooks"|"2014-09-13"
"96dea763-685e-49d6-b0d0-850cd7507205"|"Roberto"|"Davis"|"M"|"339 Jonathan Place"|"(785)454-0686x4116"|"Teacher, special educational needs"|"Barker-Lindsey"|"1914-11-24"
"12b9047a-5dac-42fb-8e34-508e8c3eaffc"|"Christopher"|"Torres"|"M"|"774 Ortiz Brooks"|"643.465.8666"|"Office manager"|"Roth, Robinson and Howell"|"1967-01-25"
"4a435f78-913f-4899-bb6a-4ba0fb27d38c"|"Kevin"|"Smith"|"M"|"282 Collins Skyway"|"(373)670-3151"|"Environmental manager"|"Cooper Group"|"2005-11-16"
"285ab7d9-a0d0-48b3-b61c-285d22e63fec"|"Melinda"|"Robbins"|"F"|"359 Hart Estates Suite 718"|"+1-974-335-3172x0529"|"Fast food restaurant manager"|"Trujillo, Wells and Tate"|"1933-12-20"
"1cfdd1a6-832a-4799-aea3-e69fa8d0e6a1"|"Marissa"|"Gray"|"F"|"916 Michael Circles Suite 720"|"9716015459"|"Presenter, broadcasting"|"Perez, Jones and Pearson"|"2021-08-04"
"dc7fd63b-84a4-4578-a986-4ff3efbcdd2e"|"Kyle"|"Jordan"|"M"|"88 Alexandra Bridge Suite 474"|"001-275-296-1765x796"|"Paediatric nurse"|"Andrews PLC"|"1977-10-19"
"a655ff93-d77a-44f9-b3e6-4483fa7fbc65"|"Joshua"|"Hooper"|"M"|"921 Catherine Lock"|"+1-747-754-8082x133"|"Writer"|"Wilson, Campbell and Lindsey"|"1947-11-16"
"dc0d59a1-3ac5-4580-971e-0d48044e391c"|"Samantha"|"Davis"|"F"|"683 Evans Ports Suite 383"|"+1-441-856-2661x222"|"Psychologist, occupational"|"Duffy PLC"|"1988-04-07"
"a6692ceb-e3da-4a78-9ffc-b848b33badd1"|"Jeremy"|"Burton"|"M"|"578 John Fall Apt. 476"|"(858)221-8054"|"Planning and development surveyor"|"Hall-Smith"|"1974-10-06"
"d0c36bf7-5bba-422e-ab6a-bd10332b5537"|"Linda"|"Roberts"|"F"|"585 Randall Burg"|"(376)378-1508"|"Magazine features editor"|"Powell-Tran"|"1968-12-31"
"cf7ddd17-336c-4e27-b1df-09814a62c010"|"Dana"|"Tyler"|"F"|"214 Shelton Run"|"+1-552-217-6189x084"|"Network engineer"|"Pollard-Hill"|"1956-05-09"
"da17381c-68fd-4e5c-83ec-74404c546171"|"Danielle"|"Dean"|"F"|"999 Yates Harbor Suite 905"|"(855)492-1459x1414"|"Surveyor, building control"|"Wright, Foster and Yates"|"1914-11-28"
"d3028ca9-cc20-4131-81d1-38d7f394e79a"|"Rebecca"|"King"|"F"|"442 Aimee Circles"|"001-606-878-7408x7952"|"Fine artist"|"Smith-Villanueva"|"1964-05-25"
"f6c8ecff-14c4-410f-ac7a-adb9214ed6b8"|"Barbara"|"Cervantes"|"F"|"445 Barry Shoal Suite 612"|"001-300-555-2510"|"Police Officer"|"TTPD"|"1997-03-30"
"20ab8d2e-9c9d-433a-a77c-e636e6396547"|"Mary"|"Martin"|"F"|"928 Nathan Views"|"307-799-4722"|"Clinical embryologist"|"Graham, Barr and Martinez"|"2011-08-16"
"c045d7c8-b425-464e-914b-116272a049e7"|"Elizabeth"|"Blair"|"F"|"666 Ward Parkway Apt. 076"|"(885)922-1512"|"Energy manager"|"Myers PLC"|"1936-09-25"
"5774c9fd-9103-481b-981d-22dc4361391f"|"Daniel"|"Downs"|"M"|"4 Anderson Port"|"496-817-8678"|"Air broker"|"Jackson, Lucas and Massey"|"1980-02-27"
"c6172f65-b408-4f58-965c-4d61c9500948"|"Nicole"|"Anderson"|"F"|"197 Brian Course"|"670.464.8887"|"Lawyer"|"Jones-Smith"|"2017-10-17"
"2673938b-993f-4d23-b5eb-a8a2838a1f7c"|"Emily"|"Garcia"|"F"|"598 Padilla Estate Suite 556"|"001-342-708-9880x236"|"Newspaper journalist"|"Bird PLC"|"2006-06-04"
"e86147f3-9995-45f7-aa32-feeca03abab1"|"Nicole"|"Pham"|"F"|"553 Jacobs Ports Suite 715"|"+1-628-765-9653x0190"|"Gaffer"|"Morgan, Hamilton and Huffman"|"2022-04-28"
"63518ad8-f27e-43dc-a6c0-df1617d41395"|"Olivia"|"Anderson"|"F"|"366 Rosario Loop"|"001-868-306-6338x734"|"Media buyer"|"Brooks and Sons"|"1947-08-16"
"5c012974-700b-4e8e-8c6f-e6a492919214"|"Isaiah"|"Reyes"|"M"|"602 Ross Camp Apt. 134"|"+1-906-346-0171x828"|"Psychologist, clinical"|"Smith, Mason and Howe"|"1954-08-31"
"c24b42ec-2bf8-4b0c-9da0-9f032a2db405"|"Ryan"|"Hanson"|"M"|"248 Michael Manor"|"(791)710-0171x9383"|"Librarian, academic"|"Ferguson, White and Obrien"|"1924-07-28"
"71acc251-aec6-47a8-84a0-a21d27eccf95"|"Ryan"|"Reyes"|"M"|"770 Barry Shoal Suite 612"|"001-365-291-5701x212"|"Education officer, environmental"|"Miranda-Jones"|"1921-04-02"
"6bccb4a2-2785-404e-9d7a-51b6946a0dbd"|"Alexander"|"Taylor"|"M"|"142 Charles Extension Apt. 046"|"+1-668-329-0016"|"Dispensing optician"|"Jones, Clark and Henderson"|"1988-02-20"
"f56a963c-1c39-489a-b50d-03c4c9bcd156"|"Curtis"|"May"|"M"|"736 Welch Walk"|"964.826.2712"|"Operational researcher"|"Smith, Mcgrath and Sanchez"|"1922-04-11"
"79f582df-1668-4bbe-9f15-5e0da4aea518"|"Rebecca"|"Mitchell"|"F"|"647 Catherine Cove"|"(826)216-2700x485"|"Engineer, control and instrumentation"|"Lopez, Adams and Pugh"|"1942-10-11"
"a3ab81b0-69f1-4a8d-bf32-7220a3e63d81"|"Raymond"|"Phillips"|"M"|"757 Bruce View Suite 976"|"+1-649-301-6235x8145"|"Barrister's clerk"|"Gamble-Morgan"|"1971-05-16"
"056c1e2d-e002-4e41-8f5a-5a67e15e1f37"|"Leonard"|"Robinson"|"M"|"104 Smith Avenue Apt. 759"|"+1-426-920-0325x43091"|"Armed forces training and education officer"|"Smith, Ferrell and Walker"|"1976-10-30"
"0b28c6ff-f29e-48ff-bcec-6ee5d40e8f54"|"Larry"|"Peterson"|"M"|"2 Catherine Cove"|"001-835-243-9492x01632"|"Teacher, primary school"|"Keller-Brooks"|"1954-12-05"
"5e23fda4-9dc8-406a-ae16-6966a0a0cb35"|"Elizabeth"|"Phillips"|"F"|"794 Jeffrey Run"|"(306)371-2913x7681"|"Engineer, electrical"|"Mayo, Burke and Brown"|"1940-03-30"
"f87bbc4d-709d-474d-a7ff-ee694eaebf97"|"Ashley"|"Curry"|"F"|"543 Garcia Road Suite 143"|"666.624.7541"|"Air broker"|"Zavala, Lester and Morrison"|"2018-07-09"
"ae2125da-db50-4568-8b48-5826d948e11e"|"Daniel"|"Cordova"|"M"|"936 Jacobs Ports Suite 715"|"001-300-437-6031x440"|"Broadcast presenter"|"Johnson-Johnson"|"1954-10-01"
"ba309c89-ceb8-492b-8d31-395854736dbf"|"Michael"|"Wallace"|"M"|"166 Arnold Cliffs"|"(878)648-3938"|"Journalist, broadcasting"|"Richardson PLC"|"1960-06-13"