<?xml version="1.0" encoding="UTF-8" ?><automobiles><automobile><person_id>7af79db6-06d9-4f30-804e-2ebbd4f0d3a2</person_id><license_plate>10-86178</license_plate><vin>MEZYY5F04PYW3WNVH</vin><color>BurlyWood</color><year>2023</year></automobile><automobile><person_id>7af79db6-06d9-4f30-804e-2ebbd4f0d3a2</person_id><license_plate>GLU 685</license_plate><vin>3X14XXLR2DNFM3L8H</vin><color>LawnGreen</color><year>1977</year></automobile><automobile><person_id>1eb2ea21-0cf1-4825-bab4-4adf7e43df44</person_id><license_plate>6PO 943</license_plate><vin>AKE48CKG51E7JBV5N</vin><color>MediumVioletRed</color><year>2011</year></automobile><automobile><person_id>1eb2ea21-0cf1-4825-bab4-4adf7e43df44</person_id><license_plate>TOL 3236</license_plate><vin>J551KRZE87URAZP35</vin><color>LightGoldenRodYellow</color><year>2015</year></automobile><automobile><person_id>15bd4494-b4e8-4909-85a4-215ef625eb4f</person_id><license_plate>LIW-455</license_plate><vin>AP90BZ6N2TNG1SXWF</vin><color>Pink</color><year>1988</year></automobile><automobile><person_id>d2103610-2d37-4463-93e5-6a8105fdbe62</person_id><license_plate>P62 6IJ</license_plate><vin>UJPR9X607ELTXKXJ1</vin><color>MediumSeaGreen</color><year>1987</year></automobile><automobile><person_id>d2103610-2d37-4463-93e5-6a8105fdbe62</person_id><license_plate>2DO8144</license_plate><vin>DV462NPXXEB4WLHG9</vin><color>Plum</color><year>2020</year></automobile><automobile><person_id>51d564ce-27a7-4386-b9c8-2aff6eb285e0</person_id><license_plate>BOB-987</license_plate><vin>Z6BXXT2D2APZGT54Y</vin><color>Fuchsia</color><year>1987</year></automobile><automobile><person_id>01d34ff2-3e09-41b8-a8f5-258f7444d38c</person_id><license_plate>QD 85247</license_plate><vin>H3T61SR88TZ5022V9</vin><color>Thistle</color><year>1978</year></automobile><automobile><person_id>01d34ff2-3e09-41b8-a8f5-258f7444d38c</person_id><license_plate>132 KEO</license_plate><vin>30PKJTZR01SRG7JEB</vin><color>Ivory</color><year>2002</year></automobile><automobile><person_id>dfd0cff0-8ce6-40e2-8316-7a8bdd44baef</person_id><license_plate>KL-7994</license_plate><vin>2PL2LGUJ8JKWCXNYD</vin><color>SeaShell</color><year>1980</year></automobile><automobile><person_id>dfd0cff0-8ce6-40e2-8316-7a8bdd44baef</person_id><license_plate>096653</license_plate><vin>GVSMW2PJ7FAFHT40E</vin><color>LightSlateGray</color><year>2019</year></automobile><automobile><person_id>b6cd8e02-6af7-4631-8258-481420be6b1a</person_id><license_plate>IWW 972</license_plate><vin>V5XT80AS0KPH2UPJ3</vin><color>DarkGoldenRod</color><year>1979</year></automobile><automobile><person_id>b6cd8e02-6af7-4631-8258-481420be6b1a</person_id><license_plate>P85 6EE</license_plate><vin>7GFFAE594GCMBSXE9</vin><color>SkyBlue</color><year>1987</year></automobile><automobile><person_id>83c3a526-053a-437d-8bb9-f6964a9afd7c</person_id><license_plate>9B 5J4DPN</license_plate><vin>LE6M8LDA25UNKFTBM</vin><color>LightCoral</color><year>2018</year></automobile><automobile><person_id>83c3a526-053a-437d-8bb9-f6964a9afd7c</person_id><license_plate>8W 1058Z</license_plate><vin>4K16JK813FHU0P7P9</vin><color>SkyBlue</color><year>2008</year></automobile><automobile><person_id>5e645785-99e9-429e-8a14-5f676c2692f4</person_id><license_plate>3P 07370</license_plate><vin>VL4CWD5C4U5YZB1BZ</vin><color>BlueViolet</color><year>2015</year></automobile><automobile><person_id>5e645785-99e9-429e-8a14-5f676c2692f4</person_id><license_plate>5YM 900</license_plate><vin>KWYGMYZM2J6XN3EWX</vin><color>Navy</color><year>1993</year></automobile><automobile><person_id>5e645785-99e9-429e-8a14-5f676c2692f4</person_id><license_plate>B00 7KQ</license_plate><vin>SLPXSP8A2UYV24KJZ</vin><color>White</color><year>2016</year></automobile><automobile><person_id>6800aa15-bec0-44b1-be00-c3a0cf176e86</person_id><license_plate>20E A17</license_plate><vin>MACHFJL30VMDD1B82</vin><color>LightSkyBlue</color><year>2020</year></automobile><automobile><person_id>6800aa15-bec0-44b1-be00-c3a0cf176e86</person_id><license_plate>123-HBQ</license_plate><vin>KRMXGHLV4A2S2LPMS</vin><color>LightSkyBlue</color><year>1979</year></automobile><automobile><person_id>10a223e8-39d7-4934-8505-eab7fa452176</person_id><license_plate>175 6QX</license_plate><vin>CF4Y4WA80WNURHXKN</vin><color>Sienna</color><year>1987</year></automobile><automobile><person_id>0a03a57d-0033-495e-b28e-769c1d79a159</person_id><license_plate>069 ZQJ</license_plate><vin>FLRXSDUD93AFXSUBC</vin><color>SeaShell</color><year>2021</year></automobile><automobile><person_id>d37d0c12-3604-4266-b956-778fc92c4508</person_id><license_plate>KMH-310</license_plate><vin>L84SS6FK5YKFPUK43</vin><color>Silver</color><year>2007</year></automobile><automobile><person_id>d37d0c12-3604-4266-b956-778fc92c4508</person_id><license_plate>XI5 Y3H</license_plate><vin>YW3DACG56P1UU540L</vin><color>OliveDrab</color><year>2014</year></automobile><automobile><person_id>26240a03-8558-41a1-85a9-b5a8ea437a34</person_id><license_plate>LZ-9167</license_plate><vin>FHH1CGFV59GGUWY5H</vin><color>Khaki</color><year>1973</year></automobile><automobile><person_id>83aa05dc-6a82-4fe3-b6a3-2fce5518f8d8</person_id><license_plate>4162</license_plate><vin>755Y2WG541DDZ3K3H</vin><color>GoldenRod</color><year>2016</year></automobile><automobile><person_id>83aa05dc-6a82-4fe3-b6a3-2fce5518f8d8</person_id><license_plate>1-X0495</license_plate><vin>91WTJP3VXXU8YL9ZL</vin><color>DeepSkyBlue</color><year>2018</year></automobile><automobile><person_id>617aa700-180c-47b8-9490-26197fc83ea5</person_id><license_plate>77-17183</license_plate><vin>Z69LPR7J0G9HCXK86</vin><color>DarkSlateGray</color><year>1991</year></automobile><automobile><person_id>617aa700-180c-47b8-9490-26197fc83ea5</person_id><license_plate>0DN B87</license_plate><vin>6VZZXT8S1NBX7RLNT</vin><color>SlateGray</color><year>2000</year></automobile><automobile><person_id>c0b8b1d5-ee31-4426-aa78-e769b107779f</person_id><license_plate>ZVV-398</license_plate><vin>K0LCXPNR87LUVY943</vin><color>PaleTurquoise</color><year>1984</year></automobile><automobile><person_id>45741c35-e9da-4fdd-a420-dbc6d73ecb52</person_id><license_plate>HQY-9471</license_plate><vin>JFY7G6VG61A1H5EX8</vin><color>DarkSeaGreen</color><year>1999</year></automobile><automobile><person_id>bdbc7959-532c-452f-a01b-f5705302d3b6</person_id><license_plate>HTA 577</license_plate><vin>Z29ADPW36Y29TGYHL</vin><color>PapayaWhip</color><year>2019</year></automobile><automobile><person_id>bdbc7959-532c-452f-a01b-f5705302d3b6</person_id><license_plate>NEO 800</license_plate><vin>7G20XN0M484DM7H5C</vin><color>SandyBrown</color><year>1974</year></automobile><automobile><person_id>0935ff6d-f7ec-48f2-b5cf-1c0c2cb4f460</person_id><license_plate>RVV 159</license_plate><vin>D0RTU8G518SYEYD51</vin><color>Red</color><year>1991</year></automobile><automobile><person_id>0935ff6d-f7ec-48f2-b5cf-1c0c2cb4f460</person_id><license_plate>LEP 275</license_plate><vin>F3BSUWZA2RBCA0SNE</vin><color>LavenderBlush</color><year>1978</year></automobile><automobile><person_id>0596a564-58e3-4fd2-a42d-2d9b7b5662ae</person_id><license_plate>679-NXL</license_plate><vin>SH882BDT08PSLCYC6</vin><color>DarkCyan</color><year>1978</year></automobile><automobile><person_id>0596a564-58e3-4fd2-a42d-2d9b7b5662ae</person_id><license_plate>98K T01</license_plate><vin>FSULR8A305ACDKXT7</vin><color>Ivory</color><year>2006</year></automobile><automobile><person_id>75b38dc5-dcbe-4c23-9506-d717118b210b</person_id><license_plate>WEZ 249</license_plate><vin>3M8ER8V56CL24X9HT</vin><color>Khaki</color><year>2005</year></automobile><automobile><person_id>b58295a6-74b4-4646-892b-30b267841596</person_id><license_plate>YP 78022</license_plate><vin>DH0S95W12R01Y24V3</vin><color>SeaGreen</color><year>1994</year></automobile><automobile><person_id>b58295a6-74b4-4646-892b-30b267841596</person_id><license_plate>813-KWF</license_plate><vin>U7CDHU1E1NWFKV26L</vin><color>HotPink</color><year>1989</year></automobile><automobile><person_id>b58295a6-74b4-4646-892b-30b267841596</person_id><license_plate>578 8HN</license_plate><vin>TZLS7Y4J8MUGSRPZW</vin><color>Chartreuse</color><year>1994</year></automobile><automobile><person_id>79156cc4-0084-4784-af3e-840568e66e72</person_id><license_plate>622-FDF</license_plate><vin>925MT1FV8NDPFH4AG</vin><color>CadetBlue</color><year>1976</year></automobile><automobile><person_id>79156cc4-0084-4784-af3e-840568e66e72</person_id><license_plate>WYV 100</license_plate><vin>7H79K6YL2WY6C7L6H</vin><color>Yellow</color><year>2014</year></automobile><automobile><person_id>79156cc4-0084-4784-af3e-840568e66e72</person_id><license_plate>CYV-155</license_plate><vin>R0XEDXBS8AZV1MVF1</vin><color>IndianRed</color><year>1973</year></automobile><automobile><person_id>05924b23-12f8-41b9-94b5-3da954dde406</person_id><license_plate>N62 5HX</license_plate><vin>1Y7U014BXRB6ULA3G</vin><color>DarkGreen</color><year>1999</year></automobile><automobile><person_id>27df25ee-b489-423c-a765-3d0c4af4f983</person_id><license_plate>1-96018</license_plate><vin>38KK2DNU4R5TVAHMR</vin><color>Azure</color><year>1986</year></automobile><automobile><person_id>5f3572c3-45c9-4c00-bd1c-97c5c9b23e36</person_id><license_plate>369 GXB</license_plate><vin>0F849ZKP131TRP51K</vin><color>DarkSlateGray</color><year>1980</year></automobile><automobile><person_id>5f3572c3-45c9-4c00-bd1c-97c5c9b23e36</person_id><license_plate>473IFK</license_plate><vin>CB210FLW28JAEWLLG</vin><color>DeepSkyBlue</color><year>2013</year></automobile><automobile><person_id>c7129230-042f-450e-87cd-6af3c15ab404</person_id><license_plate>KYO 113</license_plate><vin>D8RYSU6C30JJSDUFD</vin><color>RoyalBlue</color><year>1972</year></automobile><automobile><person_id>6ce8da37-ea32-4309-b764-59845bf5f6bd</person_id><license_plate>8L 4573D</license_plate><vin>F6L5X5CM46P19ZTHX</vin><color>Navy</color><year>1980</year></automobile><automobile><person_id>6ce8da37-ea32-4309-b764-59845bf5f6bd</person_id><license_plate>16T 6179</license_plate><vin>9NG1NX868A7UEM8UW</vin><color>LightGray</color><year>1975</year></automobile><automobile><person_id>5cbca7a0-7363-403f-823b-7d5392ba4e8b</person_id><license_plate>115 WXT</license_plate><vin>SJKASLSE5HB4NGBMW</vin><color>MintCream</color><year>2008</year></automobile><automobile><person_id>64f919f1-a0d8-4a38-b6e2-b475f68e81c7</person_id><license_plate>K99-98Q</license_plate><vin>N8JJWCTZ1BHY2F3LS</vin><color>PaleGoldenRod</color><year>1988</year></automobile><automobile><person_id>64f919f1-a0d8-4a38-b6e2-b475f68e81c7</person_id><license_plate>IFJ 870</license_plate><vin>NHD9RCMV8S0FZSVKU</vin><color>SkyBlue</color><year>2021</year></automobile><automobile><person_id>c1eb1c0f-7cf8-4157-85c6-d6824cc7eeae</person_id><license_plate>AF 5824</license_plate><vin>K7C6RY209EKLA4MHG</vin><color>BlanchedAlmond</color><year>1972</year></automobile><automobile><person_id>1ed71440-6de8-46d0-924d-b8533e05f9ca</person_id><license_plate>MAB 474</license_plate><vin>9ETC6ZBR4G1RSY4ST</vin><color>DarkRed</color><year>2016</year></automobile><automobile><person_id>32d4d259-ed0b-4f6c-8a2e-cb127335ceb4</person_id><license_plate>XJM-5817</license_plate><vin>WSL0SCLZ65DNBXXJD</vin><color>Chocolate</color><year>1970</year></automobile><automobile><person_id>2bebbf81-5610-44ed-84c7-36275af37419</person_id><license_plate>4-82914</license_plate><vin>VHAL241Y07ASN5S5G</vin><color>Magenta</color><year>2009</year></automobile><automobile><person_id>a6e2597f-a902-4f01-8fe6-5f98f92b1c82</person_id><license_plate>443 CSL</license_plate><vin>HV6YCNNU1MWV2MWSU</vin><color>SlateBlue</color><year>1992</year></automobile><automobile><person_id>6003a772-e319-4d7f-bf59-afabfd4fc528</person_id><license_plate>D77-38F</license_plate><vin>TLXZL5DMXGJWTEANJ</vin><color>DimGray</color><year>1978</year></automobile><automobile><person_id>1b225212-ea73-4ebe-ba8f-5ac97a70829d</person_id><license_plate>18A•993</license_plate><vin>9X5D46CZ8PSRB2U1M</vin><color>Thistle</color><year>1970</year></automobile><automobile><person_id>1b225212-ea73-4ebe-ba8f-5ac97a70829d</person_id><license_plate>WBZ 041</license_plate><vin>69LUACWU26MU6SLSC</vin><color>DarkGray</color><year>2009</year></automobile><automobile><person_id>2bd9c299-8953-4980-b4a5-a2e0881bd386</person_id><license_plate>LVR-406</license_plate><vin>0RR9GGTY04918RUXD</vin><color>LemonChiffon</color><year>2004</year></automobile><automobile><person_id>2bd9c299-8953-4980-b4a5-a2e0881bd386</person_id><license_plate>CBV 505</license_plate><vin>4B9BXTS3X2613PKG2</vin><color>Wheat</color><year>2008</year></automobile><automobile><person_id>35f8d626-8c0a-4b26-a978-0ffae7663030</person_id><license_plate>08J 1175</license_plate><vin>RK244DL12CCUNVK8S</vin><color>DarkViolet</color><year>1982</year></automobile><automobile><person_id>794fefa2-81ce-4e4c-9cd1-7c1a06d7661b</person_id><license_plate>LEE 0667</license_plate><vin>9YBJ95XP4F8WXJN86</vin><color>LightCoral</color><year>2019</year></automobile><automobile><person_id>2e9a4698-618d-4111-9588-c42d71437304</person_id><license_plate>HGR 918</license_plate><vin>A6LYLP5R1LTZZ85KV</vin><color>RoyalBlue</color><year>2015</year></automobile><automobile><person_id>dc91ca59-b51e-4fb7-a7c7-365fefc63e61</person_id><license_plate>JIX-702</license_plate><vin>XSLHMVDP1SDBYDJZD</vin><color>Snow</color><year>2019</year></automobile><automobile><person_id>dc91ca59-b51e-4fb7-a7c7-365fefc63e61</person_id><license_plate>079912</license_plate><vin>SA0XETUB02DL1G758</vin><color>LightBlue</color><year>2020</year></automobile><automobile><person_id>a327ffa2-87d3-4d17-a4e6-a0021368487c</person_id><license_plate>WEV-4136</license_plate><vin>YYXW6B9S9ZREUY2EJ</vin><color>CornflowerBlue</color><year>2003</year></automobile><automobile><person_id>aef13949-ae7d-4510-ac53-53876441bab1</person_id><license_plate>839 GZ6</license_plate><vin>28V45VJ7XW89VHL32</vin><color>Black</color><year>1978</year></automobile><automobile><person_id>5cc9b064-2ceb-4e62-8a5f-7e5ba3c21598</person_id><license_plate>43D 9402</license_plate><vin>P265JHT27K4V6WJZ7</vin><color>PaleTurquoise</color><year>2005</year></automobile><automobile><person_id>5cc9b064-2ceb-4e62-8a5f-7e5ba3c21598</person_id><license_plate>8FW 972</license_plate><vin>45ZLCE1H9GRD03LXB</vin><color>Cornsilk</color><year>2024</year></automobile><automobile><person_id>211db023-c9d8-4bd6-aa6f-3111e6926ba4</person_id><license_plate>8FL F51</license_plate><vin>7P9J65UF8M8N33GSD</vin><color>Brown</color><year>1991</year></automobile><automobile><person_id>8cf9ecbc-893c-46d0-8f0f-2c018f8886b1</person_id><license_plate>618-SBT</license_plate><vin>GFA5GNFL8ZZ4260UN</vin><color>DarkSeaGreen</color><year>1975</year></automobile><automobile><person_id>8cf9ecbc-893c-46d0-8f0f-2c018f8886b1</person_id><license_plate>769S6</license_plate><vin>XC5A6FZ42LHL7KVS9</vin><color>LightCyan</color><year>1981</year></automobile><automobile><person_id>05bec112-6410-4ec5-a4b8-0c8fc847d7a4</person_id><license_plate>IXL 724</license_plate><vin>7XPH58B88MWYDJFJP</vin><color>LawnGreen</color><year>1976</year></automobile><automobile><person_id>f314fbda-5656-46fd-bcc9-a49dfce6701f</person_id><license_plate>UFW-1307</license_plate><vin>9FXNEXSE44YABTPTU</vin><color>Fuchsia</color><year>2022</year></automobile><automobile><person_id>6c74ffde-879c-47db-80c5-0ecf044fb890</person_id><license_plate>EB-8553</license_plate><vin>85KMTWTH69N1S2SWF</vin><color>Tomato</color><year>1994</year></automobile><automobile><person_id>6c74ffde-879c-47db-80c5-0ecf044fb890</person_id><license_plate>884-ZEI</license_plate><vin>GMRK0ZX46XNRLHPJ3</vin><color>DarkRed</color><year>2011</year></automobile><automobile><person_id>7c94bdfa-5a8b-4cf3-84bf-6b4a573e4595</person_id><license_plate>8WZ36</license_plate><vin>A0CTDCFY5PW93ZN3V</vin><color>HoneyDew</color><year>2018</year></automobile><automobile><person_id>a6390a1b-e78f-4b6b-a5f6-21dcf256304c</person_id><license_plate>OPV-4935</license_plate><vin>NN7VPYNS8DK7YLNUL</vin><color>Peru</color><year>2010</year></automobile><automobile><person_id>a6390a1b-e78f-4b6b-a5f6-21dcf256304c</person_id><license_plate>MGY 3554</license_plate><vin>HGH6ENJP3VN2FHRMV</vin><color>LightGreen</color><year>1982</year></automobile><automobile><person_id>be0741cc-6fbb-4d2d-b519-845855d754f9</person_id><license_plate>691 QWW</license_plate><vin>NNPMPGGX1MVTTCUBU</vin><color>DarkSeaGreen</color><year>2006</year></automobile><automobile><person_id>da17bf3b-bd46-495f-b4e2-d09ee70e6a2d</person_id><license_plate>1-17232</license_plate><vin>0MTG5N224JUCGX41P</vin><color>IndianRed</color><year>1986</year></automobile><automobile><person_id>aa651eda-bc29-4ab2-87ce-d0ef432fcac7</person_id><license_plate>5G 24425</license_plate><vin>3UZPTW2L3WGRFW2RU</vin><color>Beige</color><year>1982</year></automobile><automobile><person_id>904a798f-c2a9-4941-8312-b565895b9338</person_id><license_plate>635-ZGE</license_plate><vin>G85WVW475UTWV87W8</vin><color>MediumPurple</color><year>2013</year></automobile><automobile><person_id>9bf62899-ec2d-45be-968c-3a7670f00f53</person_id><license_plate>BGT-4882</license_plate><vin>MPGBPE8G7GD9FE48X</vin><color>LightSteelBlue</color><year>1988</year></automobile><automobile><person_id>4347df8e-1ac9-4a70-9b8b-81f6a166b2d0</person_id><license_plate>21N 849</license_plate><vin>0GU268M29NS7PDS5Z</vin><color>DarkCyan</color><year>1995</year></automobile><automobile><person_id>ba91b54f-d65a-40c6-8cad-8f9c7d790a6b</person_id><license_plate>331-XFE</license_plate><vin>24HWJ4UM3WLSPGT1R</vin><color>Red</color><year>2014</year></automobile><automobile><person_id>ba91b54f-d65a-40c6-8cad-8f9c7d790a6b</person_id><license_plate>OKM 928</license_plate><vin>LYVVE2EC75ZBFM4BB</vin><color>GhostWhite</color><year>1971</year></automobile><automobile><person_id>ba91b54f-d65a-40c6-8cad-8f9c7d790a6b</person_id><license_plate>377 5BD</license_plate><vin>SMC5C8XD1C3GU1MY9</vin><color>Orange</color><year>1976</year></automobile><automobile><person_id>48b56c20-a5a2-4988-8a19-e49fb1165b90</person_id><license_plate>MXX1402</license_plate><vin>YESG7A5484BFBZT5N</vin><color>Gainsboro</color><year>1994</year></automobile><automobile><person_id>48b56c20-a5a2-4988-8a19-e49fb1165b90</person_id><license_plate>267 5BZ</license_plate><vin>38TFZ2CP0L0N83Y3T</vin><color>LightGray</color><year>2007</year></automobile><automobile><person_id>bbb2a829-ca89-400d-9378-585180a8771e</person_id><license_plate>73-R305</license_plate><vin>59HCDFN83A7FPE6E3</vin><color>GhostWhite</color><year>1970</year></automobile><automobile><person_id>f0fabda3-7399-47c5-a5c8-1849cf3c33c7</person_id><license_plate>3-09470</license_plate><vin>TM1ZNGWC8D1M5Y02S</vin><color>BurlyWood</color><year>2023</year></automobile><automobile><person_id>f0fabda3-7399-47c5-a5c8-1849cf3c33c7</person_id><license_plate>4F K5209</license_plate><vin>0W8011XR68Z0TPKY8</vin><color>Green</color><year>2006</year></automobile><automobile><person_id>edaf18cc-3214-4579-b937-71630709a55b</person_id><license_plate>27-YZ56</license_plate><vin>NY236A0B6GWEM1CKC</vin><color>DarkRed</color><year>1996</year></automobile><automobile><person_id>be87996c-d2ab-4362-8424-1a8c39777de5</person_id><license_plate>FGU 6448</license_plate><vin>Z9TBA3S40USX44C66</vin><color>DarkTurquoise</color><year>1987</year></automobile><automobile><person_id>be87996c-d2ab-4362-8424-1a8c39777de5</person_id><license_plate>621 LT5</license_plate><vin>6PSSDAF74E3TPFC1P</vin><color>Purple</color><year>2020</year></automobile><automobile><person_id>4793e33e-1dde-4838-b076-0b4143cf96c6</person_id><license_plate>5C KC877</license_plate><vin>UDXTWEGB0YD6130UH</vin><color>PaleGreen</color><year>2004</year></automobile><automobile><person_id>4793e33e-1dde-4838-b076-0b4143cf96c6</person_id><license_plate>448125</license_plate><vin>NB8J3C9H784ZU1L4F</vin><color>DarkOrange</color><year>2022</year></automobile><automobile><person_id>e99a7497-e8ca-424c-9afc-c0eb345bad50</person_id><license_plate>035CO</license_plate><vin>611VEDYU6VC411MKE</vin><color>Olive</color><year>1989</year></automobile><automobile><person_id>e99a7497-e8ca-424c-9afc-c0eb345bad50</person_id><license_plate>SBT 522</license_plate><vin>BFR59TGS5DAWJLG1P</vin><color>Snow</color><year>1989</year></automobile><automobile><person_id>f31de54f-b373-47df-b168-15b4afcda865</person_id><license_plate>CJD-3880</license_plate><vin>M6TVL55E78W7U8V37</vin><color>LavenderBlush</color><year>2020</year></automobile><automobile><person_id>e580a91b-0fb0-472d-89b5-b0711f928a3c</person_id><license_plate>8274 KY</license_plate><vin>GTFLU2M97CFGSUC2G</vin><color>MidnightBlue</color><year>1995</year></automobile><automobile><person_id>e580a91b-0fb0-472d-89b5-b0711f928a3c</person_id><license_plate>85-M788</license_plate><vin>RNLDNTT5XTAYU7MRH</vin><color>DarkOrchid</color><year>1985</year></automobile><automobile><person_id>3eb28d92-fe43-45d7-a819-00e0047c264a</person_id><license_plate>5Q 9933U</license_plate><vin>AJJWFRMS24M36E6YS</vin><color>Blue</color><year>2019</year></automobile><automobile><person_id>1f6ac43f-e8eb-4db1-89f7-794466d32c16</person_id><license_plate>55JW255</license_plate><vin>54KPCSAE74CJ64PC7</vin><color>Cornsilk</color><year>2012</year></automobile><automobile><person_id>1f6ac43f-e8eb-4db1-89f7-794466d32c16</person_id><license_plate>427-SRO</license_plate><vin>GNX8Y5DZ2C6H8DU2J</vin><color>CadetBlue</color><year>1987</year></automobile><automobile><person_id>1f6ac43f-e8eb-4db1-89f7-794466d32c16</person_id><license_plate>39-F462</license_plate><vin>30Z6C3AF2JXT1LXVJ</vin><color>WhiteSmoke</color><year>2011</year></automobile><automobile><person_id>bf792ef0-e2e8-452b-9e82-2b3abb832c22</person_id><license_plate>02U 783</license_plate><vin>P9PM24TH2NL3MTSDC</vin><color>Silver</color><year>2003</year></automobile><automobile><person_id>8106ab43-1aea-4a30-b746-acd82982f21d</person_id><license_plate>281-VXQ</license_plate><vin>L7XTZ9FE00D6L4KY4</vin><color>DarkOrchid</color><year>1972</year></automobile><automobile><person_id>8fec6b8d-c633-4835-88be-5d2f6114bb78</person_id><license_plate>GBS-145</license_plate><vin>KPMYTT2D29EY4KS5X</vin><color>Orchid</color><year>1983</year></automobile><automobile><person_id>15646ade-a94d-4023-8bc6-163d60248230</person_id><license_plate>3H 91063</license_plate><vin>3JMTKFTA3K3MXPFF5</vin><color>Snow</color><year>1984</year></automobile><automobile><person_id>15646ade-a94d-4023-8bc6-163d60248230</person_id><license_plate>YRO 381</license_plate><vin>3DV64A8182VN9VLY3</vin><color>White</color><year>1975</year></automobile><automobile><person_id>d737f23a-a479-49ba-96b7-2d8d7557a164</person_id><license_plate>353-JOW</license_plate><vin>K2PBDF2B0NXZX45RY</vin><color>Khaki</color><year>1987</year></automobile><automobile><person_id>7bbc583d-f0b4-462e-ad39-48ab1311edc5</person_id><license_plate>1HF S60</license_plate><vin>D40KYV8432TZEKD9H</vin><color>LimeGreen</color><year>1976</year></automobile><automobile><person_id>7bbc583d-f0b4-462e-ad39-48ab1311edc5</person_id><license_plate>52FL3</license_plate><vin>R905W81DXE60892A7</vin><color>NavajoWhite</color><year>2023</year></automobile><automobile><person_id>8cf232b7-a645-4795-b43a-f3c0fab246f7</person_id><license_plate>789-662</license_plate><vin>GZUSTKD8352AHPW61</vin><color>Maroon</color><year>2009</year></automobile><automobile><person_id>d839c16c-4157-470e-bd94-afb7ec26099d</person_id><license_plate>69ML0</license_plate><vin>DHC62YWK3VXZZAVKH</vin><color>SeaGreen</color><year>1984</year></automobile><automobile><person_id>2f47b311-dd8c-4f1a-9a15-746fb1183fd1</person_id><license_plate>462-702</license_plate><vin>ZXT6WUCA3B4F8H28E</vin><color>MediumVioletRed</color><year>1976</year></automobile><automobile><person_id>a002bb60-70d3-408f-8883-7ca262f497b3</person_id><license_plate>H57 9NO</license_plate><vin>FA2DL23Z1APYE5C83</vin><color>Violet</color><year>1977</year></automobile><automobile><person_id>49c4049e-35cc-41f3-ad6a-0f5be5c28601</person_id><license_plate>97-11677</license_plate><vin>639ZZTNJ8ZG5RLBYM</vin><color>PaleGreen</color><year>1978</year></automobile></automobiles>