<?xml version="1.0" encoding="UTF-8" ?><automobiles><automobile><person_id>0559801a-802c-4be4-9d51-d01898114d0c</person_id><license_plate>8VX22</license_plate><vin>KGKCL2GE8AKNNFGB5</vin><color>PeachPuff</color><year>1981</year></automobile><automobile><person_id>0559801a-802c-4be4-9d51-d01898114d0c</person_id><license_plate>9-I1870</license_plate><vin>RV3EXE436DWAD3WJX</vin><color>Pink</color><year>2019</year></automobile><automobile><person_id>72421705-efb4-4eb5-9b1f-689f125a0adb</person_id><license_plate>49W 0721</license_plate><vin>SDTR2E0T3RTNCPT37</vin><color>DarkCyan</color><year>1995</year></automobile><automobile><person_id>72421705-efb4-4eb5-9b1f-689f125a0adb</person_id><license_plate>5-6460T</license_plate><vin>H8N093TKXXLW9LNCA</vin><color>WhiteSmoke</color><year>1979</year></automobile><automobile><person_id>72421705-efb4-4eb5-9b1f-689f125a0adb</person_id><license_plate>EXI 300</license_plate><vin>YUKRGPBY9TP1084WP</vin><color>Chocolate</color><year>2022</year></automobile><automobile><person_id>9fb8d752-1b72-491c-8cbc-7704006fea98</person_id><license_plate>PXB 135</license_plate><vin>1JDZWE5L9PZ12HV1X</vin><color>Crimson</color><year>1980</year></automobile><automobile><person_id>9fb8d752-1b72-491c-8cbc-7704006fea98</person_id><license_plate>75C N66</license_plate><vin>NHKY124P1MZW6BZVA</vin><color>SandyBrown</color><year>1985</year></automobile><automobile><person_id>873f0f62-96ee-418a-bde7-92169a1b1841</person_id><license_plate>G13-53B</license_plate><vin>M9BE5M2S7G1ZU673F</vin><color>DarkGoldenRod</color><year>1977</year></automobile><automobile><person_id>873f0f62-96ee-418a-bde7-92169a1b1841</person_id><license_plate>V64 1HO</license_plate><vin>LMXC5KXG98H8XJ5ZN</vin><color>Navy</color><year>2020</year></automobile><automobile><person_id>d41ce76e-833c-4746-9515-6c3dcfcd6031</person_id><license_plate>948 GFT</license_plate><vin>3FGT87Z81JN49GEE5</vin><color>LawnGreen</color><year>2012</year></automobile><automobile><person_id>d41ce76e-833c-4746-9515-6c3dcfcd6031</person_id><license_plate>SAO 833</license_plate><vin>AM3XF1YS9BXZE6K9E</vin><color>SeaGreen</color><year>1979</year></automobile><automobile><person_id>48b92d46-1feb-43da-a2b9-762ff6d576e9</person_id><license_plate>LN5 5853</license_plate><vin>E5BAL1VS6P0LT7HV2</vin><color>Gainsboro</color><year>2014</year></automobile><automobile><person_id>48b92d46-1feb-43da-a2b9-762ff6d576e9</person_id><license_plate>GL0 2106</license_plate><vin>MZJW16SN2CKVFDJYR</vin><color>Gold</color><year>1975</year></automobile><automobile><person_id>48b92d46-1feb-43da-a2b9-762ff6d576e9</person_id><license_plate>95JU525</license_plate><vin>B9RV6SR18D69D9SBJ</vin><color>LightBlue</color><year>1985</year></automobile><automobile><person_id>276578a3-2765-45ef-bafd-340996cf185c</person_id><license_plate>K84-OXL</license_plate><vin>DVNWRZTAXX0DE28U7</vin><color>FireBrick</color><year>2012</year></automobile><automobile><person_id>d8ec18d3-b2bf-4b10-849d-0902c5eb1712</person_id><license_plate>762ELG</license_plate><vin>FTRUDCZF49565YTF6</vin><color>PaleVioletRed</color><year>2005</year></automobile><automobile><person_id>513e17e1-31d1-41cd-a2ad-f1afe2477eae</person_id><license_plate>8GQ G98</license_plate><vin>TXAFSV1V9MKSMNP8E</vin><color>MistyRose</color><year>2016</year></automobile><automobile><person_id>f559ee94-81c7-4454-8ae0-97d658aa7068</person_id><license_plate>524 SUX</license_plate><vin>N3XLGGKA36PZ14U5N</vin><color>DarkOliveGreen</color><year>1995</year></automobile><automobile><person_id>f559ee94-81c7-4454-8ae0-97d658aa7068</person_id><license_plate>191 9NK</license_plate><vin>E27ADWKV01H7LP3JT</vin><color>PapayaWhip</color><year>2017</year></automobile><automobile><person_id>6a764b12-2aa8-45a7-b67e-5778ec07e6ed</person_id><license_plate>G38-PTM</license_plate><vin>NZ6562M742MMSXKGR</vin><color>Beige</color><year>2003</year></automobile><automobile><person_id>5925eb0b-bdfa-4019-a67f-a3d85a8bb67d</person_id><license_plate>MKL5820</license_plate><vin>4VWAMWEF90MB11UG0</vin><color>Maroon</color><year>2007</year></automobile><automobile><person_id>5925eb0b-bdfa-4019-a67f-a3d85a8bb67d</person_id><license_plate>UWZ-563</license_plate><vin>TADVF2TE3KE7Y73SG</vin><color>Lavender</color><year>1972</year></automobile><automobile><person_id>7b547cc2-ed2d-49f7-a3b4-ea3c7b8d957d</person_id><license_plate>9117 PP</license_plate><vin>PNSK3AR4XD2R7RR8A</vin><color>BlanchedAlmond</color><year>1995</year></automobile><automobile><person_id>7b547cc2-ed2d-49f7-a3b4-ea3c7b8d957d</person_id><license_plate>329X5</license_plate><vin>HCMLAN7S3H79E7ESL</vin><color>Silver</color><year>2023</year></automobile><automobile><person_id>7b547cc2-ed2d-49f7-a3b4-ea3c7b8d957d</person_id><license_plate>092-WSP</license_plate><vin>WTR08B0V8CLKN4YT2</vin><color>Teal</color><year>2009</year></automobile><automobile><person_id>6a9dd710-fc9d-4d70-aac4-5470f77eb92d</person_id><license_plate>415W8</license_plate><vin>YPB69DYP9HGVMCVF4</vin><color>CadetBlue</color><year>1977</year></automobile><automobile><person_id>eab955d4-44a4-40a2-9f57-d12e8eabd03f</person_id><license_plate>MIN 745</license_plate><vin>L0XAW8K004UA5CGCT</vin><color>Gold</color><year>2020</year></automobile><automobile><person_id>bec032df-be79-4118-91bb-58d92bbc2fb6</person_id><license_plate>7736 ZM</license_plate><vin>DS935HZJ2KWS9SFWG</vin><color>DimGray</color><year>2002</year></automobile><automobile><person_id>702a1e10-454c-498d-8a8c-7cda366c07b4</person_id><license_plate>293 LI3</license_plate><vin>92LYYJB62PRDX99EU</vin><color>LightYellow</color><year>1999</year></automobile><automobile><person_id>d6e90a08-5cac-41ea-8cb8-c446c7110a39</person_id><license_plate>UAI-532</license_plate><vin>R0TF0AED88N0895XZ</vin><color>Teal</color><year>1973</year></automobile><automobile><person_id>5b0f5852-86f2-41e5-bf80-10509fd57e98</person_id><license_plate>MEH-239</license_plate><vin>UVMT0Y2B3LBPS7V61</vin><color>Purple</color><year>1985</year></automobile><automobile><person_id>5164e7e4-d3dc-4968-bc79-77524993968e</person_id><license_plate>PXM 2664</license_plate><vin>JFYM13PR9T98KC1NJ</vin><color>Lime</color><year>2013</year></automobile><automobile><person_id>5164e7e4-d3dc-4968-bc79-77524993968e</person_id><license_plate>GNE 133</license_plate><vin>NMNW6SE99A4WXEY6A</vin><color>DarkBlue</color><year>1978</year></automobile><automobile><person_id>5164e7e4-d3dc-4968-bc79-77524993968e</person_id><license_plate>MMP 983</license_plate><vin>CTLNY1N3430TF6YBD</vin><color>MediumBlue</color><year>1981</year></automobile><automobile><person_id>7d7fb334-e4c8-4eae-8a6f-ff6021ac8020</person_id><license_plate>I 760793</license_plate><vin>M42X4CTD1U758Y324</vin><color>DeepPink</color><year>1977</year></automobile><automobile><person_id>be121e64-0285-4eaa-88a8-4f0a35c6b570</person_id><license_plate>J88 9TQ</license_plate><vin>6K9ALLGD374AGZRK8</vin><color>Black</color><year>1984</year></automobile><automobile><person_id>a43bf1dd-536b-4426-9a92-7aabc3cf03a2</person_id><license_plate>1Q R4268</license_plate><vin>VMU0DELU3AHGKDD3Z</vin><color>Azure</color><year>2012</year></automobile><automobile><person_id>a43bf1dd-536b-4426-9a92-7aabc3cf03a2</person_id><license_plate>017XV</license_plate><vin>HBUSNPZS05C8D8ZDW</vin><color>Chocolate</color><year>2002</year></automobile><automobile><person_id>07f4cb72-145a-4679-8549-f58e7620806e</person_id><license_plate>725-BUBL</license_plate><vin>C0WZPA0T1K0KGHD94</vin><color>MintCream</color><year>1992</year></automobile><automobile><person_id>1fcb988f-b136-423e-8055-829d219cfccd</person_id><license_plate>087 5HX</license_plate><vin>Y37JYJE64VFYWJZ10</vin><color>SlateBlue</color><year>1971</year></automobile><automobile><person_id>56f832f3-df7a-483d-9c33-0da366162da5</person_id><license_plate>G 986088</license_plate><vin>SDESCXMK5MS9TV1WV</vin><color>SteelBlue</color><year>2003</year></automobile><automobile><person_id>9bcb0021-1aba-4c86-858f-c62f7f625b52</person_id><license_plate>IIT 609</license_plate><vin>L81YCRW810AFASHBP</vin><color>Aquamarine</color><year>1975</year></automobile><automobile><person_id>9bcb0021-1aba-4c86-858f-c62f7f625b52</person_id><license_plate>147 MEM</license_plate><vin>N7WRHEB32BL5MTFEX</vin><color>MediumSlateBlue</color><year>2000</year></automobile><automobile><person_id>9bcb0021-1aba-4c86-858f-c62f7f625b52</person_id><license_plate>0474</license_plate><vin>HRDVPH7L8TFSANR1T</vin><color>Bisque</color><year>2015</year></automobile><automobile><person_id>8700c3cc-9d27-40a9-a7b2-c94cb6ff1fb0</person_id><license_plate>139 DJ8</license_plate><vin>Y61PTC5Y32MUUU65A</vin><color>DarkKhaki</color><year>2004</year></automobile><automobile><person_id>f47ca0c0-d149-4ba2-bb27-c4aea08969b1</person_id><license_plate>3-62381</license_plate><vin>6EFPKYSU0TSNLMVUR</vin><color>BlueViolet</color><year>1970</year></automobile><automobile><person_id>f47ca0c0-d149-4ba2-bb27-c4aea08969b1</person_id><license_plate>Q74-29F</license_plate><vin>TBBP5VMU61XPC6U99</vin><color>Salmon</color><year>2007</year></automobile><automobile><person_id>b9903a67-ed84-4f6e-912b-7cbf65f93450</person_id><license_plate>021 GJ1</license_plate><vin>ZZ3S6ZGR7N595WRMY</vin><color>Aqua</color><year>2005</year></automobile><automobile><person_id>446f0f3b-eea1-48c1-a33e-6f387e267b13</person_id><license_plate>125BFS</license_plate><vin>629CU02Z1RC508S7J</vin><color>Silver</color><year>2015</year></automobile><automobile><person_id>98f4c8df-9a1a-464f-83e9-e03875a71549</person_id><license_plate>KDL 802</license_plate><vin>V931VR2S9WLA8AYDK</vin><color>DarkMagenta</color><year>1981</year></automobile><automobile><person_id>ecc3191b-c2c5-4a3c-a945-0615dfa241d0</person_id><license_plate>JX 91415</license_plate><vin>ELG6C73U8BEDZSGWZ</vin><color>Yellow</color><year>1997</year></automobile><automobile><person_id>290e26ca-8b2d-4364-8be4-7dda4adedcc2</person_id><license_plate>91-04418</license_plate><vin>UJNJSM5B72M6FSCEK</vin><color>DarkCyan</color><year>2002</year></automobile><automobile><person_id>290e26ca-8b2d-4364-8be4-7dda4adedcc2</person_id><license_plate>319 3166</license_plate><vin>S35WT62YXCVMBNSPW</vin><color>MintCream</color><year>1993</year></automobile><automobile><person_id>a933b2ae-0718-4dd2-bd97-3f92dce75e50</person_id><license_plate>2CDN398</license_plate><vin>LBVE8NRH2S6ZT14K4</vin><color>MediumBlue</color><year>2013</year></automobile><automobile><person_id>a933b2ae-0718-4dd2-bd97-3f92dce75e50</person_id><license_plate>OFB-1873</license_plate><vin>DDFSJB9Y3L450P7CU</vin><color>Brown</color><year>2011</year></automobile><automobile><person_id>fddd1cc0-a727-4e0b-9d5f-0abb1b724d9e</person_id><license_plate>C10 0FY</license_plate><vin>CS70K4L9431KUVDMW</vin><color>SlateGray</color><year>1999</year></automobile><automobile><person_id>fc6bcd12-bf3d-4085-9514-36f199bf00af</person_id><license_plate>SMN 716</license_plate><vin>J7YZWSRC0EEM6YTRT</vin><color>DarkOrange</color><year>2003</year></automobile><automobile><person_id>fc6bcd12-bf3d-4085-9514-36f199bf00af</person_id><license_plate>HXY-363</license_plate><vin>0421Y04XXKXS24TR2</vin><color>Fuchsia</color><year>1972</year></automobile><automobile><person_id>26c08f12-d42a-44d3-b0f1-07e24326f2a6</person_id><license_plate>716 JV1</license_plate><vin>A96WB98824SZCX2BP</vin><color>PaleGoldenRod</color><year>1986</year></automobile><automobile><person_id>26c08f12-d42a-44d3-b0f1-07e24326f2a6</person_id><license_plate>8JN Y42</license_plate><vin>716WG2S317T9JN4VN</vin><color>LightPink</color><year>2007</year></automobile><automobile><person_id>26c08f12-d42a-44d3-b0f1-07e24326f2a6</person_id><license_plate>8T 39813</license_plate><vin>N8XKCUNR53K70SPFX</vin><color>Magenta</color><year>2010</year></automobile><automobile><person_id>0aab9384-6216-4a48-b9e5-8cc72f8d22ee</person_id><license_plate>6E 5T9HPK</license_plate><vin>MV48C0XE2RHR1LRLY</vin><color>FireBrick</color><year>2004</year></automobile><automobile><person_id>0aab9384-6216-4a48-b9e5-8cc72f8d22ee</person_id><license_plate>0C 17667</license_plate><vin>PSU95BKH4E30FXXCR</vin><color>Navy</color><year>1974</year></automobile><automobile><person_id>4010197b-d088-4a75-b9fa-db1e08c5f68f</person_id><license_plate>6KF2114</license_plate><vin>W5LMRSA47T0UG2W6H</vin><color>Purple</color><year>1988</year></automobile><automobile><person_id>4010197b-d088-4a75-b9fa-db1e08c5f68f</person_id><license_plate>KEB 819</license_plate><vin>NGEV6ETJ3YPNMWXLF</vin><color>Fuchsia</color><year>2023</year></automobile><automobile><person_id>2064dc8e-fa9d-4b0d-bfe6-ec1b53d5bc75</person_id><license_plate>429 TMG</license_plate><vin>MZ61NVHY7J2ANZ785</vin><color>GreenYellow</color><year>1975</year></automobile><automobile><person_id>ad4fe2e2-f51b-405b-bcb2-328327364085</person_id><license_plate>911-JUV</license_plate><vin>7MR29RWD59VMMG4U6</vin><color>Linen</color><year>1995</year></automobile><automobile><person_id>ad4fe2e2-f51b-405b-bcb2-328327364085</person_id><license_plate>HQS 046</license_plate><vin>85YTLXGV0YZ69KJF4</vin><color>Orchid</color><year>1997</year></automobile><automobile><person_id>a9b8e956-5a1a-4bf3-8f59-ac668175d3f5</person_id><license_plate>686 HNE</license_plate><vin>G0S3E3N4X6PZEG5ZX</vin><color>Indigo</color><year>1987</year></automobile><automobile><person_id>a9b8e956-5a1a-4bf3-8f59-ac668175d3f5</person_id><license_plate>6Q868</license_plate><vin>ZRABRJ4H08H150VJN</vin><color>AntiqueWhite</color><year>1985</year></automobile><automobile><person_id>2be932d0-35f1-46fe-b097-59a45ec225ee</person_id><license_plate>ZQV 066</license_plate><vin>CPF4M1UN4LTVH8ACR</vin><color>Fuchsia</color><year>2014</year></automobile><automobile><person_id>2be932d0-35f1-46fe-b097-59a45ec225ee</person_id><license_plate>XG-7828</license_plate><vin>6THB3B0S0133KJ0K0</vin><color>SlateGray</color><year>1975</year></automobile><automobile><person_id>009cdce7-b356-4157-97da-ba77c2744abb</person_id><license_plate>45-78918</license_plate><vin>KH8JERA32A5U8RC99</vin><color>MediumPurple</color><year>1972</year></automobile><automobile><person_id>009cdce7-b356-4157-97da-ba77c2744abb</person_id><license_plate>277-RRZ</license_plate><vin>GJJ5ATHN0VXRT53P8</vin><color>Aquamarine</color><year>2010</year></automobile><automobile><person_id>d827cef0-d4ec-4eac-a858-bba6fd59515b</person_id><license_plate>SSJ-665</license_plate><vin>AD9EUL102YXVHCX3S</vin><color>MediumAquaMarine</color><year>1995</year></automobile><automobile><person_id>d827cef0-d4ec-4eac-a858-bba6fd59515b</person_id><license_plate>739-KDE</license_plate><vin>S367A3WR08X83NDBF</vin><color>Coral</color><year>1999</year></automobile><automobile><person_id>44f13fe4-bac9-4ee3-bc84-5e7b20e05cd1</person_id><license_plate>5H QA249</license_plate><vin>5EHZFLTF8CFRRA1FC</vin><color>MediumAquaMarine</color><year>2004</year></automobile><automobile><person_id>363dbe12-12ce-4e41-acd6-7a7c6589ccb1</person_id><license_plate>IU5 9932</license_plate><vin>9A757E6W0R7ND95UH</vin><color>SandyBrown</color><year>2014</year></automobile><automobile><person_id>363dbe12-12ce-4e41-acd6-7a7c6589ccb1</person_id><license_plate>8JHP179</license_plate><vin>NY4NZAD58B567Z7PP</vin><color>PaleGoldenRod</color><year>2013</year></automobile><automobile><person_id>6b53ac0c-50ac-4a5b-af76-ac1b4b1db4a0</person_id><license_plate>TBC-481</license_plate><vin>KUY3JCS823GSEUFE4</vin><color>MediumOrchid</color><year>1989</year></automobile><automobile><person_id>f8f8e7de-7317-401c-adb1-08e70e1e7166</person_id><license_plate>09XN2</license_plate><vin>6H6C0R685DTX5UCZC</vin><color>PapayaWhip</color><year>1975</year></automobile><automobile><person_id>e007b0fb-8674-4ff2-a855-e4600c442794</person_id><license_plate>419SMR</license_plate><vin>FTWXSHP12PCS8FVVE</vin><color>White</color><year>1991</year></automobile><automobile><person_id>719a92ad-9139-43f3-8058-d96eb8d4b5a2</person_id><license_plate>JJD3652</license_plate><vin>K619SF49XXXVYXNDP</vin><color>AntiqueWhite</color><year>1979</year></automobile><automobile><person_id>719a92ad-9139-43f3-8058-d96eb8d4b5a2</person_id><license_plate>SAS5643</license_plate><vin>4U60UTJD0J8MDK3JL</vin><color>HoneyDew</color><year>1975</year></automobile><automobile><person_id>d3eb9893-a6c3-4b65-abd6-b021814a078e</person_id><license_plate>MFG 138</license_plate><vin>YZSAWVFR6VL2X8XPA</vin><color>Sienna</color><year>1975</year></automobile><automobile><person_id>b461ce0f-25d8-4714-82d2-2bbbafba6450</person_id><license_plate>2-18127H</license_plate><vin>486S5VSL99W37P9C9</vin><color>OrangeRed</color><year>2018</year></automobile><automobile><person_id>ce106ae9-43d4-44d9-bc66-f3eba4bcd646</person_id><license_plate>KXU 386</license_plate><vin>Y7GCV2WL8NSBJX4E4</vin><color>LightPink</color><year>1979</year></automobile><automobile><person_id>6a7272ff-9b8f-40ed-b204-ce18f52622f8</person_id><license_plate>512-MRA</license_plate><vin>0FA6JX7H6DCRH0HPX</vin><color>SandyBrown</color><year>2011</year></automobile><automobile><person_id>e9f10fd7-a9e4-43fc-9b26-908bb7a748d7</person_id><license_plate>GSL-973</license_plate><vin>BNW6F0FT7A3LY11JZ</vin><color>CadetBlue</color><year>2019</year></automobile><automobile><person_id>e9f10fd7-a9e4-43fc-9b26-908bb7a748d7</person_id><license_plate>274 6UZ</license_plate><vin>NFA5HTNV9SG76W9KB</vin><color>Orchid</color><year>1970</year></automobile><automobile><person_id>a1f75b26-ec4c-4d22-aa8a-2275a0e2a559</person_id><license_plate>NFF 9538</license_plate><vin>CCTNEC369M6V8VJZN</vin><color>Wheat</color><year>1988</year></automobile><automobile><person_id>a1f75b26-ec4c-4d22-aa8a-2275a0e2a559</person_id><license_plate>91K GR1</license_plate><vin>AZ0HXL6Z8BJAC2NJB</vin><color>LightGray</color><year>2020</year></automobile><automobile><person_id>7929f684-6d33-4ec1-93e7-1511a839933a</person_id><license_plate>5K911</license_plate><vin>CUPEA9TL2JK7PFPMK</vin><color>Turquoise</color><year>2008</year></automobile><automobile><person_id>7929f684-6d33-4ec1-93e7-1511a839933a</person_id><license_plate>823 FVJ</license_plate><vin>R7AXK5BG9C068YL84</vin><color>GhostWhite</color><year>1972</year></automobile><automobile><person_id>7929f684-6d33-4ec1-93e7-1511a839933a</person_id><license_plate>RRQ 390</license_plate><vin>CL7UYFL4XL8SVRGNJ</vin><color>Aquamarine</color><year>2010</year></automobile><automobile><person_id>60031867-4f8a-4d37-a6d7-a7d059f657e5</person_id><license_plate>932GU</license_plate><vin>71Y6RH6S1K14SHHR5</vin><color>Peru</color><year>1991</year></automobile><automobile><person_id>c980aa61-89fb-4c6f-874a-f1d4ca3b9fdb</person_id><license_plate>6AHG 49</license_plate><vin>BKH0C7SE9D6XASY02</vin><color>Chocolate</color><year>2005</year></automobile><automobile><person_id>c980aa61-89fb-4c6f-874a-f1d4ca3b9fdb</person_id><license_plate>9WRR782</license_plate><vin>ZSF2AZFBXXKEZ0L92</vin><color>DarkViolet</color><year>1987</year></automobile><automobile><person_id>4b7db7a6-a2f4-47cb-b98e-8e30f4e410a1</person_id><license_plate>HAB3759</license_plate><vin>S7JBYSB654K9U8JRM</vin><color>Lime</color><year>2022</year></automobile><automobile><person_id>4b7db7a6-a2f4-47cb-b98e-8e30f4e410a1</person_id><license_plate>45C 950</license_plate><vin>HWP0LCL40GGYUS2NB</vin><color>Green</color><year>2014</year></automobile><automobile><person_id>8904de5c-bd52-434c-95a8-74c321a833e4</person_id><license_plate>064 RLT</license_plate><vin>PZVNR6UH5GTEZNACX</vin><color>PowderBlue</color><year>1994</year></automobile><automobile><person_id>8904de5c-bd52-434c-95a8-74c321a833e4</person_id><license_plate>H60 3KX</license_plate><vin>NXKA1BDH4UWTXWYVH</vin><color>Maroon</color><year>1993</year></automobile><automobile><person_id>261bf959-9854-4ad7-bd52-70e0379dcff6</person_id><license_plate>8I Q8443</license_plate><vin>SDPSPZ7T69LU1K539</vin><color>HoneyDew</color><year>2010</year></automobile><automobile><person_id>261bf959-9854-4ad7-bd52-70e0379dcff6</person_id><license_plate>157 ONT</license_plate><vin>ZA4PTDJ283RTMGNP0</vin><color>GreenYellow</color><year>2004</year></automobile><automobile><person_id>6a696eda-6a33-4486-8939-b32eeb355625</person_id><license_plate>JSI-7824</license_plate><vin>BU6WYS8D0C09G1LBK</vin><color>Chocolate</color><year>2001</year></automobile><automobile><person_id>6a696eda-6a33-4486-8939-b32eeb355625</person_id><license_plate>31C MX2</license_plate><vin>1534MEKT79F9CYJGS</vin><color>Olive</color><year>1998</year></automobile><automobile><person_id>7ea46755-60ae-4197-9b4e-4409f6c224c2</person_id><license_plate>00T•244</license_plate><vin>0LELWXY835DZKC5XC</vin><color>PaleVioletRed</color><year>1997</year></automobile><automobile><person_id>7ea46755-60ae-4197-9b4e-4409f6c224c2</person_id><license_plate>321 1LV</license_plate><vin>UPS7K92W8AH04AZU8</vin><color>Navy</color><year>1992</year></automobile><automobile><person_id>1cd5213b-5d8a-49a3-bbec-4cfdb9d4ceeb</person_id><license_plate>9IG 189</license_plate><vin>W0LWS46Z255LDX8NF</vin><color>GreenYellow</color><year>1988</year></automobile><automobile><person_id>dea7cf7b-04fc-49e3-b20b-02cefe32a111</person_id><license_plate>0GF22</license_plate><vin>4GUBZ0TL52BTV15GL</vin><color>LawnGreen</color><year>1994</year></automobile><automobile><person_id>dea7cf7b-04fc-49e3-b20b-02cefe32a111</person_id><license_plate>4Z TH090</license_plate><vin>C397DCCP8SD1C5E08</vin><color>LightBlue</color><year>1973</year></automobile><automobile><person_id>22091006-96c2-42c2-b42d-faa6e6d07993</person_id><license_plate>1FA 234</license_plate><vin>EUD4DN0Z2HGU9XK28</vin><color>Navy</color><year>1983</year></automobile><automobile><person_id>22091006-96c2-42c2-b42d-faa6e6d07993</person_id><license_plate>8LX A11</license_plate><vin>3SYKYHSM5BJUJRN7S</vin><color>DarkTurquoise</color><year>1970</year></automobile><automobile><person_id>1892b265-0bd9-40aa-ac31-0c9bef6a475e</person_id><license_plate>53Y I70</license_plate><vin>K995RXCM32AWBV2S4</vin><color>LightGreen</color><year>2019</year></automobile><automobile><person_id>f3e09435-5e51-4fb2-a94c-2e856a0694c3</person_id><license_plate>EE 22057</license_plate><vin>ST6AB0292B6P04KBP</vin><color>Lavender</color><year>1987</year></automobile><automobile><person_id>6a243205-c195-40b0-828b-11eb165f9e86</person_id><license_plate>OHR-2059</license_plate><vin>PV1VC53H2J2TLZ0RH</vin><color>SeaGreen</color><year>1994</year></automobile><automobile><person_id>05641d26-4f3e-4676-b601-1e24df77e518</person_id><license_plate>899-DOZH</license_plate><vin>J8K61Y721W1H6LFUJ</vin><color>AliceBlue</color><year>2006</year></automobile><automobile><person_id>05641d26-4f3e-4676-b601-1e24df77e518</person_id><license_plate>KHX 181</license_plate><vin>KFH68GH04AZUZ4LG6</vin><color>Chocolate</color><year>1997</year></automobile><automobile><person_id>05641d26-4f3e-4676-b601-1e24df77e518</person_id><license_plate>Y35 5GC</license_plate><vin>HLPBALZW1M953LLDJ</vin><color>Gold</color><year>1973</year></automobile><automobile><person_id>93214d27-e352-4b8e-832e-039f954f8368</person_id><license_plate>KEF 405</license_plate><vin>LJLZK0852YEEESC61</vin><color>SlateGray</color><year>1972</year></automobile><automobile><person_id>f64cd29b-a9e4-48ca-979e-0079d7e38184</person_id><license_plate>4Z GJ956</license_plate><vin>BPHUUC6F9MH365XAC</vin><color>CadetBlue</color><year>1989</year></automobile><automobile><person_id>75638e96-4e30-42d4-b4eb-8934112342dc</person_id><license_plate>6MTD421</license_plate><vin>VYZ9GXAD6S8AH3DVN</vin><color>DodgerBlue</color><year>2011</year></automobile><automobile><person_id>75638e96-4e30-42d4-b4eb-8934112342dc</person_id><license_plate>8M 3215H</license_plate><vin>1PZHFJ9S8CVWH2C6A</vin><color>SandyBrown</color><year>1987</year></automobile><automobile><person_id>2df8ba6a-f673-4606-9465-fdc540cc8319</person_id><license_plate>938 HK8</license_plate><vin>HY2D2ZRB3LHYSD4EU</vin><color>Aquamarine</color><year>1985</year></automobile><automobile><person_id>2df8ba6a-f673-4606-9465-fdc540cc8319</person_id><license_plate>TOW8839</license_plate><vin>T7CZYWAS09EL03GM1</vin><color>PaleTurquoise</color><year>2017</year></automobile></automobiles>