<?xml version="1.0" encoding="UTF-8" ?><automobiles><automobile><person_id>86435df9-36e8-45e5-a2b4-51deae0202b9</person_id><license_plate>067527</license_plate><vin>860604EN7ZD7VFRS4</vin><color>LightSalmon</color><year>2014</year></automobile><automobile><person_id>0af04fe2-6613-4513-8b08-7542bbfdff8c</person_id><license_plate>70B 0178</license_plate><vin>VZFMW0HB28DWUDTVC</vin><color>LemonChiffon</color><year>2002</year></automobile><automobile><person_id>816c4761-3ece-489d-ba92-503157761651</person_id><license_plate>456 XUP</license_plate><vin>SD5Y4C6J87FX7LWBR</vin><color>BlueViolet</color><year>1982</year></automobile><automobile><person_id>8ef6adbf-f7c9-4928-83b9-e956f0fddabd</person_id><license_plate>OKS-556</license_plate><vin>AGS59F2V61R3NY7DV</vin><color>MidnightBlue</color><year>1978</year></automobile><automobile><person_id>8ef6adbf-f7c9-4928-83b9-e956f0fddabd</person_id><license_plate>6N 00534</license_plate><vin>67UU4V765E8VG9ZKG</vin><color>HoneyDew</color><year>1988</year></automobile><automobile><person_id>8ef6adbf-f7c9-4928-83b9-e956f0fddabd</person_id><license_plate>82U•109</license_plate><vin>S6HZ9S5L2APEW8LKS</vin><color>Pink</color><year>1980</year></automobile><automobile><person_id>4cc6e0e8-cf6d-4396-8be0-5d01a269d674</person_id><license_plate>32I YI8</license_plate><vin>1N9CPLTK95YG44WWM</vin><color>DodgerBlue</color><year>1990</year></automobile><automobile><person_id>bf4cd963-bd20-401b-b61a-1d5658ac3f54</person_id><license_plate>Q46 5FK</license_plate><vin>TEFEWWJD2G321PKMV</vin><color>GhostWhite</color><year>1985</year></automobile><automobile><person_id>bf4cd963-bd20-401b-b61a-1d5658ac3f54</person_id><license_plate>FDN-5435</license_plate><vin>A04MBFGW64F1KXZKB</vin><color>PapayaWhip</color><year>1975</year></automobile><automobile><person_id>d72ff61d-fa64-4bca-bedb-d2c0db0e64cc</person_id><license_plate>3QOX 05</license_plate><vin>S79Y2RTH5RWHCAWBB</vin><color>Gainsboro</color><year>1982</year></automobile><automobile><person_id>d72ff61d-fa64-4bca-bedb-d2c0db0e64cc</person_id><license_plate>86Y SY4</license_plate><vin>5WNES9YJ7AX3KP92U</vin><color>Silver</color><year>1980</year></automobile><automobile><person_id>5aa7a84a-930c-4229-9347-00345739b471</person_id><license_plate>UVI-2123</license_plate><vin>K13SWEES2RCV96XGH</vin><color>PeachPuff</color><year>1975</year></automobile><automobile><person_id>0282aa43-d420-4f29-903a-3d3b937da37b</person_id><license_plate>HMD 757</license_plate><vin>8T15UJBA5EHJDDKKW</vin><color>AntiqueWhite</color><year>1970</year></automobile><automobile><person_id>0656b840-a464-4648-8ed0-e0624b70eb79</person_id><license_plate>1U X1169</license_plate><vin>THHLVR8V8EN3XPGTH</vin><color>MediumTurquoise</color><year>1999</year></automobile><automobile><person_id>0656b840-a464-4648-8ed0-e0624b70eb79</person_id><license_plate>1-60659</license_plate><vin>0V51JAVW299C8WN8E</vin><color>DarkKhaki</color><year>2016</year></automobile><automobile><person_id>02c71f67-11a8-4d69-b6ea-d4d326457bd6</person_id><license_plate>5C QX056</license_plate><vin>BJP5W0MH8JCDRB1AK</vin><color>Wheat</color><year>1971</year></automobile><automobile><person_id>02c71f67-11a8-4d69-b6ea-d4d326457bd6</person_id><license_plate>82MY0</license_plate><vin>SC1KYC3N0HCA0KK8J</vin><color>Orchid</color><year>1973</year></automobile><automobile><person_id>20854cae-5264-4116-8647-defeb61c643f</person_id><license_plate>334 IFK</license_plate><vin>9NTB3PMR1M3F41EUW</vin><color>Red</color><year>1970</year></automobile><automobile><person_id>20854cae-5264-4116-8647-defeb61c643f</person_id><license_plate>FK9 Q1X</license_plate><vin>T04PKE965J1BYVGVB</vin><color>SpringGreen</color><year>1977</year></automobile><automobile><person_id>adce6936-533a-4045-bdd2-7ad1f2982011</person_id><license_plate>4-F8629</license_plate><vin>J2VUT51J9USWZ2WFC</vin><color>LightGreen</color><year>2014</year></automobile><automobile><person_id>db8605df-ce7f-4576-b57e-2d9c2e75ae22</person_id><license_plate>BZ 27195</license_plate><vin>HFF4TFJC006WM1MMP</vin><color>DimGray</color><year>2003</year></automobile><automobile><person_id>95552d3f-e867-49e3-bf52-7b91447cfeeb</person_id><license_plate>RI 1056</license_plate><vin>2WE5NB9599E0N80UC</vin><color>LimeGreen</color><year>1999</year></automobile><automobile><person_id>6eebca2d-5d35-4445-9f79-0c20523a84bd</person_id><license_plate>GC0 8833</license_plate><vin>V74SKNSA8E1HB8A94</vin><color>DarkBlue</color><year>1991</year></automobile><automobile><person_id>59176b82-bfc9-4766-90ab-13fef7050eeb</person_id><license_plate>HIK 714</license_plate><vin>KS043MES9KTFH6K3W</vin><color>DarkGreen</color><year>1985</year></automobile><automobile><person_id>59176b82-bfc9-4766-90ab-13fef7050eeb</person_id><license_plate>6011 EY</license_plate><vin>1GH6BR0W0EDHV4BL5</vin><color>Violet</color><year>1988</year></automobile><automobile><person_id>1fa763d6-fc56-412b-8b0c-3e2615e9257c</person_id><license_plate>987800</license_plate><vin>Z3BCFWW14Y34GDY58</vin><color>GoldenRod</color><year>1999</year></automobile><automobile><person_id>1fa763d6-fc56-412b-8b0c-3e2615e9257c</person_id><license_plate>MOR 464</license_plate><vin>4RZ096WC3XWFPPMML</vin><color>DarkGoldenRod</color><year>2000</year></automobile><automobile><person_id>ca8e4fe1-8d35-4250-b010-27ccf2fb62ee</person_id><license_plate>3-79329</license_plate><vin>04W5LHLH21LP3RZ48</vin><color>DarkOrchid</color><year>2001</year></automobile><automobile><person_id>ca8e4fe1-8d35-4250-b010-27ccf2fb62ee</person_id><license_plate>886-ULJ</license_plate><vin>MTB30CJA9LA5PCHR4</vin><color>Green</color><year>1982</year></automobile><automobile><person_id>8b79a810-ede4-43ea-87f5-be354737c996</person_id><license_plate>427 LDM</license_plate><vin>V2357B9U9DHT0YFH9</vin><color>MediumBlue</color><year>1974</year></automobile><automobile><person_id>d138e4c5-c683-4211-aaf0-b2a4e9d8b7cb</person_id><license_plate>37-OV80</license_plate><vin>LKKMR7LX7678W24XT</vin><color>LightBlue</color><year>1989</year></automobile><automobile><person_id>38374381-f8ff-4eef-ac37-15fd99d00fba</person_id><license_plate>U 932105</license_plate><vin>WTZYGE5A6EDBJ2ZTJ</vin><color>Tomato</color><year>1980</year></automobile><automobile><person_id>07ec2eea-19c0-4dfb-8eb8-357988cd388e</person_id><license_plate>59-FZ18</license_plate><vin>W91ZFLMH6CFECSUUM</vin><color>PaleTurquoise</color><year>2001</year></automobile><automobile><person_id>07ec2eea-19c0-4dfb-8eb8-357988cd388e</person_id><license_plate>0D 1F6GXS</license_plate><vin>MECA1RCE7Z48MU49G</vin><color>Brown</color><year>1992</year></automobile><automobile><person_id>6e645010-9267-499b-bb6f-40424b0a2fb2</person_id><license_plate>170L</license_plate><vin>VL4L33LG4PBKL0B9A</vin><color>Pink</color><year>1976</year></automobile><automobile><person_id>6e645010-9267-499b-bb6f-40424b0a2fb2</person_id><license_plate>J33 8JO</license_plate><vin>Z5TLTJUS590HP3GW0</vin><color>HotPink</color><year>1981</year></automobile><automobile><person_id>c7d92c1d-69c6-4f75-911d-ac97e45fa12e</person_id><license_plate>KCA 147</license_plate><vin>2TKY1F5F29MP3JNXA</vin><color>DarkGoldenRod</color><year>2004</year></automobile><automobile><person_id>c7d92c1d-69c6-4f75-911d-ac97e45fa12e</person_id><license_plate>242-185</license_plate><vin>DJV115B86MJTNCWUJ</vin><color>MediumVioletRed</color><year>1980</year></automobile><automobile><person_id>c7d92c1d-69c6-4f75-911d-ac97e45fa12e</person_id><license_plate>007-RZXD</license_plate><vin>RYZYRBU16D65MCCP3</vin><color>LightCyan</color><year>2004</year></automobile><automobile><person_id>77e5d21e-bfb5-43db-8406-d74b30a26df8</person_id><license_plate>4PR 314</license_plate><vin>3K9PL29A4Z85TL3BR</vin><color>Moccasin</color><year>2006</year></automobile><automobile><person_id>046bbe6e-e789-4b68-acc5-cf88cb8ab5a9</person_id><license_plate>415-WPC</license_plate><vin>5LCYWYJL35F10WK2F</vin><color>HotPink</color><year>2022</year></automobile><automobile><person_id>046bbe6e-e789-4b68-acc5-cf88cb8ab5a9</person_id><license_plate>UHE-4498</license_plate><vin>F2UADL1C0YFRXTJ9N</vin><color>White</color><year>1970</year></automobile><automobile><person_id>9f7e8a64-bf51-411b-94d9-fb7a11c58ea6</person_id><license_plate>467 VZJ</license_plate><vin>2NMY6K127W22ZWB4B</vin><color>Cornsilk</color><year>2013</year></automobile><automobile><person_id>9f7e8a64-bf51-411b-94d9-fb7a11c58ea6</person_id><license_plate>19N O21</license_plate><vin>Z68FNA5N9GFEMUA3K</vin><color>ForestGreen</color><year>1994</year></automobile><automobile><person_id>a55a9523-6482-4bd6-84d3-4e6b66590f96</person_id><license_plate>HTT 015</license_plate><vin>RPZHU0BD58LBTBCY9</vin><color>LightSkyBlue</color><year>1972</year></automobile><automobile><person_id>7def8667-cc47-498f-91ac-15ac03ca960e</person_id><license_plate>2EKD 05</license_plate><vin>F2YZ51FW3771AAME7</vin><color>Orchid</color><year>2007</year></automobile><automobile><person_id>7def8667-cc47-498f-91ac-15ac03ca960e</person_id><license_plate>1J LD929</license_plate><vin>0PRZ3A4N4RPMEVHUX</vin><color>DodgerBlue</color><year>1996</year></automobile><automobile><person_id>10a9b66c-99d2-4ea6-bdbb-f4913cc4575f</person_id><license_plate>3V 2624Y</license_plate><vin>ZG995AE00SXMFZ1PF</vin><color>AntiqueWhite</color><year>2014</year></automobile><automobile><person_id>161b744a-82ce-4133-990b-500fa378adac</person_id><license_plate>AMR-6487</license_plate><vin>8WUG5W95736FYMWRC</vin><color>Crimson</color><year>1981</year></automobile><automobile><person_id>161b744a-82ce-4133-990b-500fa378adac</person_id><license_plate>3MU6512</license_plate><vin>6MHC51LR6UBU1A7U1</vin><color>LightGray</color><year>2009</year></automobile><automobile><person_id>c9d66227-50cc-4157-85c9-b78dae056ab1</person_id><license_plate>3-7957V</license_plate><vin>6TU5VK7K34MMX6CB1</vin><color>Orange</color><year>2020</year></automobile><automobile><person_id>c9d66227-50cc-4157-85c9-b78dae056ab1</person_id><license_plate>C65-ZMK</license_plate><vin>BB4Y8PR128AWN6B28</vin><color>IndianRed</color><year>2011</year></automobile><automobile><person_id>a28c3163-a079-4756-bbfc-2e6157619442</person_id><license_plate>8L 6M6JLP</license_plate><vin>WCRU69960FGER4GY9</vin><color>Aqua</color><year>1995</year></automobile><automobile><person_id>28652746-9c0e-4f2b-8751-382bb64c67a4</person_id><license_plate>7X OD998</license_plate><vin>SM17WA7A96N7DBUSS</vin><color>Gainsboro</color><year>2011</year></automobile><automobile><person_id>28652746-9c0e-4f2b-8751-382bb64c67a4</person_id><license_plate>014MJO</license_plate><vin>CEFUSBW36607ARF27</vin><color>Maroon</color><year>2022</year></automobile><automobile><person_id>28652746-9c0e-4f2b-8751-382bb64c67a4</person_id><license_plate>9Q E1340</license_plate><vin>H19T9N6S4WYVSWJFS</vin><color>LightGreen</color><year>1984</year></automobile><automobile><person_id>e9320272-b962-4d1d-8e1e-8f6b80b0990f</person_id><license_plate>288DAF</license_plate><vin>MHWS8BA907B34D3PE</vin><color>MintCream</color><year>1997</year></automobile><automobile><person_id>e9320272-b962-4d1d-8e1e-8f6b80b0990f</person_id><license_plate>567-DCC</license_plate><vin>XWLJJRCP0CU48PRRW</vin><color>MediumSpringGreen</color><year>2012</year></automobile><automobile><person_id>a8e6140d-7ef1-459d-80a9-8006122db887</person_id><license_plate>0NO76</license_plate><vin>5RDW9S2KXH7BZP40A</vin><color>White</color><year>1994</year></automobile><automobile><person_id>a8e6140d-7ef1-459d-80a9-8006122db887</person_id><license_plate>382 JHJ</license_plate><vin>TAR9XWMV0K0HC4F3T</vin><color>Lime</color><year>2015</year></automobile><automobile><person_id>2ff80e27-cccd-4f07-83cc-4814ecf8da91</person_id><license_plate>211 GHO</license_plate><vin>PUY3NVAJ0YUEVVSZT</vin><color>Purple</color><year>1993</year></automobile><automobile><person_id>2ff80e27-cccd-4f07-83cc-4814ecf8da91</person_id><license_plate>887-HYB</license_plate><vin>KFGFTXPKXLA51VCN2</vin><color>WhiteSmoke</color><year>2002</year></automobile><automobile><person_id>31901394-01ed-43d8-9c23-7665ed5b8ab1</person_id><license_plate>PNJ 279</license_plate><vin>136WBJ2S382ZRRB76</vin><color>Azure</color><year>2002</year></automobile><automobile><person_id>31901394-01ed-43d8-9c23-7665ed5b8ab1</person_id><license_plate>ZRI 724</license_plate><vin>ZG46N8YS70380MXN8</vin><color>DarkGreen</color><year>2016</year></automobile><automobile><person_id>9a11d9e2-a19b-4db8-bf14-a82839fb19f9</person_id><license_plate>HQF 326</license_plate><vin>SN82CV5D8NCD73TYL</vin><color>GreenYellow</color><year>1983</year></automobile><automobile><person_id>9a11d9e2-a19b-4db8-bf14-a82839fb19f9</person_id><license_plate>666-533</license_plate><vin>1PWDA1E389CEXJ6E9</vin><color>Purple</color><year>1970</year></automobile><automobile><person_id>964dd595-7cfa-4f3c-add5-f68c1afc70b2</person_id><license_plate>LPS 084</license_plate><vin>NCA612YB16ZT57X41</vin><color>SeaShell</color><year>1985</year></automobile><automobile><person_id>5f85d32f-67eb-4560-9490-73ec78ae44aa</person_id><license_plate>GJW 165</license_plate><vin>CLEETCGA2MBCZA613</vin><color>Cyan</color><year>2023</year></automobile><automobile><person_id>b4bc1ac6-e0bc-4c5b-9792-04d239089642</person_id><license_plate>GWB 289</license_plate><vin>DHCM0FS56R8PATTHD</vin><color>DarkMagenta</color><year>1986</year></automobile><automobile><person_id>b4bc1ac6-e0bc-4c5b-9792-04d239089642</person_id><license_plate>773 UFT</license_plate><vin>XM7A4EE24UVN6EZWK</vin><color>CornflowerBlue</color><year>1981</year></automobile><automobile><person_id>bd331e85-65c6-45a8-97c3-19ee67a740ca</person_id><license_plate>LUH 164</license_plate><vin>GVJXZ3368EZ5E2BTZ</vin><color>MediumAquaMarine</color><year>1989</year></automobile><automobile><person_id>bd331e85-65c6-45a8-97c3-19ee67a740ca</person_id><license_plate>0AA 732</license_plate><vin>309L7CVM3BY3JJ101</vin><color>Lavender</color><year>2011</year></automobile><automobile><person_id>bd331e85-65c6-45a8-97c3-19ee67a740ca</person_id><license_plate>MFP 429</license_plate><vin>L2L6KU808AH7ZJGNG</vin><color>PeachPuff</color><year>1974</year></automobile><automobile><person_id>4aea5a5d-e2aa-4660-bf13-d703947aa953</person_id><license_plate>053MPL</license_plate><vin>KLWTEL7X8U6754NWS</vin><color>DarkSlateGray</color><year>2016</year></automobile><automobile><person_id>4aea5a5d-e2aa-4660-bf13-d703947aa953</person_id><license_plate>BJV-7320</license_plate><vin>RZUH9JD506JAPKY7X</vin><color>FireBrick</color><year>1996</year></automobile><automobile><person_id>89e2e5b2-1968-478f-b651-cc2db56b8187</person_id><license_plate>WKQ 878</license_plate><vin>NGN4GJGH8SD1E4NCS</vin><color>MediumAquaMarine</color><year>2012</year></automobile><automobile><person_id>a28750a7-34f1-4ca6-831a-cd24205d1df5</person_id><license_plate>9KJ Z99</license_plate><vin>KLJHE96557YDHZYMH</vin><color>Linen</color><year>2012</year></automobile><automobile><person_id>a28750a7-34f1-4ca6-831a-cd24205d1df5</person_id><license_plate>333VK</license_plate><vin>ZYK0LHYE4Y35RWZ48</vin><color>MediumPurple</color><year>1990</year></automobile><automobile><person_id>ae4d55ad-d43a-404c-8687-abd14bee2214</person_id><license_plate>99M 053</license_plate><vin>SZEZDW2A20YXZ8MTU</vin><color>Plum</color><year>2014</year></automobile><automobile><person_id>9817fa44-a0f3-4db2-8b4e-301188ffe692</person_id><license_plate>578PZ</license_plate><vin>CAE8ET228UTNK24DC</vin><color>HotPink</color><year>1993</year></automobile><automobile><person_id>9817fa44-a0f3-4db2-8b4e-301188ffe692</person_id><license_plate>GJQ-603</license_plate><vin>WNJ3ZG2U8N6PL87WD</vin><color>PowderBlue</color><year>2022</year></automobile><automobile><person_id>76bd03b1-71bd-4e27-87e0-7abefb463790</person_id><license_plate>942-JBD</license_plate><vin>YR7SCURR31XFLBPAE</vin><color>Linen</color><year>1993</year></automobile><automobile><person_id>76bd03b1-71bd-4e27-87e0-7abefb463790</person_id><license_plate>MQR 904</license_plate><vin>JEZ1HL944G6SM02K7</vin><color>Sienna</color><year>1989</year></automobile><automobile><person_id>81135ddd-4c08-4928-8ba2-0f9eea786881</person_id><license_plate>24-7471E</license_plate><vin>XK2G8NTT6UZXHJMPN</vin><color>Lavender</color><year>1974</year></automobile><automobile><person_id>e8af09d7-8360-422b-838d-cf6c912954c4</person_id><license_plate>8-9545S</license_plate><vin>W4JJYM8603VD36BKV</vin><color>Cyan</color><year>2019</year></automobile><automobile><person_id>e8af09d7-8360-422b-838d-cf6c912954c4</person_id><license_plate>IT4 Y4N</license_plate><vin>6Y8M1RBS52RPLZJCG</vin><color>Bisque</color><year>2000</year></automobile><automobile><person_id>6866c083-caea-4403-8f1f-59a12a40f68f</person_id><license_plate>IE3 8673</license_plate><vin>EU7P690M8TZR61RU8</vin><color>SlateBlue</color><year>1996</year></automobile><automobile><person_id>beecde84-0f4b-45ba-8294-a9c0c1ba14b8</person_id><license_plate>IKE-5333</license_plate><vin>0K5NJLSFX5RNXUZZ8</vin><color>Orchid</color><year>1989</year></automobile><automobile><person_id>7c8bc498-9784-4f55-891d-5763c16677cd</person_id><license_plate>052 ITK</license_plate><vin>LDMKA8N88LSVD580D</vin><color>Cyan</color><year>2001</year></automobile><automobile><person_id>47e896c7-589b-466a-a104-0822984ea7c6</person_id><license_plate>RQE7435</license_plate><vin>4K604RA031KEYUCAM</vin><color>DarkKhaki</color><year>2010</year></automobile><automobile><person_id>af7b6a08-ea5c-4c7d-b31f-6c28e7c72047</person_id><license_plate>IM-3531</license_plate><vin>8W7W57S62RZV12HKH</vin><color>DarkSlateBlue</color><year>2024</year></automobile><automobile><person_id>af7b6a08-ea5c-4c7d-b31f-6c28e7c72047</person_id><license_plate>902-ETC</license_plate><vin>W9MLMGYH5AD17TBGT</vin><color>Red</color><year>2003</year></automobile><automobile><person_id>1de5afb6-661f-4999-97db-c1679262743e</person_id><license_plate>729 LDM</license_plate><vin>UPF1BTVY63P82RUHX</vin><color>LavenderBlush</color><year>1991</year></automobile><automobile><person_id>1de5afb6-661f-4999-97db-c1679262743e</person_id><license_plate>260 AKL</license_plate><vin>3CCXCHFWX4SRYYG4F</vin><color>LightBlue</color><year>2015</year></automobile><automobile><person_id>9346f823-791a-40a3-aabd-e9c2d5358b97</person_id><license_plate>O21 9HB</license_plate><vin>UX8EFR0A85FYGYY41</vin><color>Magenta</color><year>1978</year></automobile><automobile><person_id>ac852ea5-c3bd-4102-adaf-5608b2035477</person_id><license_plate>56-7479U</license_plate><vin>JCRCRH8G0JJ9B3FX0</vin><color>OrangeRed</color><year>2023</year></automobile><automobile><person_id>ac852ea5-c3bd-4102-adaf-5608b2035477</person_id><license_plate>41H PI5</license_plate><vin>VW1V7TF71PYWC1ACK</vin><color>Cyan</color><year>2022</year></automobile><automobile><person_id>f93578b0-9e83-4cf8-8c6b-fe9518025da5</person_id><license_plate>4Z 9145E</license_plate><vin>F2ZS3A0L5E4H4L931</vin><color>AliceBlue</color><year>2010</year></automobile><automobile><person_id>f93578b0-9e83-4cf8-8c6b-fe9518025da5</person_id><license_plate>26H 0451</license_plate><vin>6108F5SC6M1V99YUF</vin><color>PowderBlue</color><year>2016</year></automobile><automobile><person_id>8770e899-fcb9-40ba-946c-e7083965445d</person_id><license_plate>AUB 048</license_plate><vin>MJ9HF83L5X1YCYKPG</vin><color>Navy</color><year>2006</year></automobile><automobile><person_id>5b28f366-547b-4ce5-90dc-5b17c7c2945d</person_id><license_plate>654 DMK</license_plate><vin>27KZ19NB4WHUGEEFE</vin><color>BlueViolet</color><year>1989</year></automobile><automobile><person_id>8fe28907-84b5-4c29-b54d-7fb35ec68fb1</person_id><license_plate>859-GJY</license_plate><vin>RAYB825J2P074DMX5</vin><color>BlueViolet</color><year>1986</year></automobile><automobile><person_id>8fe28907-84b5-4c29-b54d-7fb35ec68fb1</person_id><license_plate>36GA4</license_plate><vin>Z20RNRCEXE9KCDXZP</vin><color>PeachPuff</color><year>2007</year></automobile><automobile><person_id>8fe28907-84b5-4c29-b54d-7fb35ec68fb1</person_id><license_plate>64-D032</license_plate><vin>DA381S694LH2HHK8N</vin><color>Black</color><year>2002</year></automobile><automobile><person_id>3c7e1522-0562-4c1b-9934-9dce3b26d977</person_id><license_plate>865YV</license_plate><vin>CM57X24N9A2TEETG9</vin><color>Yellow</color><year>2011</year></automobile><automobile><person_id>3c7e1522-0562-4c1b-9934-9dce3b26d977</person_id><license_plate>IUJ-9750</license_plate><vin>MGFRXEMT7LDU76HXP</vin><color>MintCream</color><year>2010</year></automobile><automobile><person_id>f0201351-c740-4eef-bcf7-59485f4412d8</person_id><license_plate>80A J38</license_plate><vin>TJRVNYCK3UBAS441E</vin><color>Aqua</color><year>1983</year></automobile><automobile><person_id>f0201351-c740-4eef-bcf7-59485f4412d8</person_id><license_plate>860-FBV</license_plate><vin>MLB6NF9E1J8R7DSH5</vin><color>Tomato</color><year>2006</year></automobile><automobile><person_id>f0201351-c740-4eef-bcf7-59485f4412d8</person_id><license_plate>LUI-0477</license_plate><vin>ND5P0BGC3XLZVP4RA</vin><color>Ivory</color><year>1999</year></automobile><automobile><person_id>c6bd32e6-7c4f-4df5-a50b-b00e2e05b4e7</person_id><license_plate>4-6201L</license_plate><vin>G8P58AET40X51EC3P</vin><color>MediumTurquoise</color><year>2009</year></automobile><automobile><person_id>c6bd32e6-7c4f-4df5-a50b-b00e2e05b4e7</person_id><license_plate>9-4494S</license_plate><vin>SFNXH0WE71UKA06ZU</vin><color>LightSteelBlue</color><year>1984</year></automobile><automobile><person_id>90d4dbda-25a8-417e-847d-50264dfcb885</person_id><license_plate>493JDD</license_plate><vin>9XWFZZ0P0GA16XKA2</vin><color>LavenderBlush</color><year>1997</year></automobile><automobile><person_id>90d4dbda-25a8-417e-847d-50264dfcb885</person_id><license_plate>4I 02244</license_plate><vin>C8GDM40E1GG8W24AX</vin><color>DodgerBlue</color><year>1974</year></automobile><automobile><person_id>c03e4082-ff8d-449e-9849-e66fe5f6822b</person_id><license_plate>EM6 5520</license_plate><vin>XYVXCPL26W24K6U5T</vin><color>SteelBlue</color><year>2014</year></automobile><automobile><person_id>c03e4082-ff8d-449e-9849-e66fe5f6822b</person_id><license_plate>5D DX800</license_plate><vin>YZJ61D9G0ND95HU9U</vin><color>Azure</color><year>1980</year></automobile><automobile><person_id>1905e7b0-a5c5-4e3c-bc79-f04e6e325aa9</person_id><license_plate>622-OFH</license_plate><vin>29EX4JFF3BN5BWSCW</vin><color>SkyBlue</color><year>1996</year></automobile><automobile><person_id>69b92fa9-a99b-4c54-8173-9f89b8506fc8</person_id><license_plate>9-3363O</license_plate><vin>P7BHS90C3BA29T4TV</vin><color>AliceBlue</color><year>2021</year></automobile><automobile><person_id>69b92fa9-a99b-4c54-8173-9f89b8506fc8</person_id><license_plate>317-452</license_plate><vin>HRZV7DPY8SXKE3L91</vin><color>Salmon</color><year>1978</year></automobile><automobile><person_id>3ed5b1ac-a120-48f7-b0cd-e12caf65c825</person_id><license_plate>816-TAY</license_plate><vin>T7VF8G3C6A6H1FAHG</vin><color>SlateBlue</color><year>2003</year></automobile><automobile><person_id>3ed5b1ac-a120-48f7-b0cd-e12caf65c825</person_id><license_plate>U 385952</license_plate><vin>HT7EW88W4CBPTT5TG</vin><color>DarkTurquoise</color><year>1999</year></automobile><automobile><person_id>dbe27b29-1dbb-4323-860c-7d47bc944648</person_id><license_plate>5FZ1290</license_plate><vin>VXRFU4PT4PBRXF5YR</vin><color>Azure</color><year>1973</year></automobile><automobile><person_id>dbe27b29-1dbb-4323-860c-7d47bc944648</person_id><license_plate>ELF 462</license_plate><vin>VWET011T415W58T2S</vin><color>Salmon</color><year>1977</year></automobile><automobile><person_id>020f5d75-c85a-4338-9449-c54414bbe2ef</person_id><license_plate>UPM6420</license_plate><vin>0XWUC4JK812N84DJR</vin><color>SteelBlue</color><year>1997</year></automobile><automobile><person_id>80b5aa39-4964-40c3-b7e8-21b5692890c4</person_id><license_plate>56-16709</license_plate><vin>XSBRC4ZM23HAAMZ57</vin><color>OliveDrab</color><year>1982</year></automobile><automobile><person_id>de07c059-adbf-4c86-b2e5-d0f06b7fb7e3</person_id><license_plate>UEU X69</license_plate><vin>8BB1XAVT8V44YAGYT</vin><color>Lavender</color><year>2011</year></automobile></automobiles>