"id"|"first_name"|"last_name"|"sex"|"address"|"phone_number"|"profession"|"company"|"date_of_birth"
"f1317eaa-34d4-4aa9-9614-0ba3f02f7afe"|"Mallory"|"Fernandez"|"F"|"269 Davis Landing"|"(627)922-8458x7659"|"Surveyor, building control"|"Dickson-Robinson"|"2022-02-17"
"3dea9295-cac1-4ffa-b076-7d55e0e924b8"|"Savannah"|"Long"|"F"|"5 Tyler Knoll Apt. 752"|"3684320784"|"Production designer, theatre/television/film"|"Hayes, Banks and Patel"|"2012-12-26"
"3948e0d0-d684-49e1-b9ba-9fe96226cc8b"|"Richard"|"Fernandez"|"M"|"183 Higgins Port Apt. 001"|"796.465.3274x218"|"Armed forces technical officer"|"Day Group"|"2009-10-27"
"39c3bf83-ef1c-49b3-85f6-1fb5ced7d85b"|"Nicole"|"Benson"|"F"|"739 Jonathan Stravenue"|"5237383763"|"Neurosurgeon"|"Brooks, Gill and Anderson"|"1989-02-20"
"d531755c-e13f-4550-a416-aa93944bc7f6"|"Benjamin"|"Fleming"|"M"|"462 Shepard Bridge"|"786-409-4966"|"Illustrator"|"Lopez LLC"|"1993-07-12"
"f0fb13da-57fe-4042-a17c-9535a61593ec"|"Gregory"|"Pugh"|"M"|"727 Jones Cliffs Suite 657"|"956.223.4054x5310"|"Scientific laboratory technician"|"Dominguez PLC"|"2019-06-24"
"3f42cafc-2d0b-4471-a10b-b48f61eecc18"|"Scott"|"Parker"|"M"|"890 Bailey Trail"|"903-790-9203x1148"|"Economist"|"Byrd-Ashley"|"1964-08-19"
"9c8381ca-8828-42fc-a49d-5da522b6e0e0"|"Lori"|"Perez"|"F"|"631 Jessica Mountains Suite 248"|"(272)954-0591x115"|"Garment/textile technologist"|"Mcdonald Ltd"|"1985-09-15"
"cf49d03a-8791-4015-9ece-9a52d421a323"|"Joseph"|"Morrison"|"M"|"396 Patricia Trafficway Apt. 188"|"6413102067"|"Chartered loss adjuster"|"Moore and Sons"|"1983-06-22"
"d4e787a6-d518-432c-b4da-0d9d3f2d6e82"|"Jessica"|"Downs"|"F"|"933 Kari Alley Suite 131"|"401.672.4399x02215"|"Industrial/product designer"|"Brown, Little and Mclaughlin"|"1919-02-16"
"a3c97323-73b2-4872-b805-fd1daa061dea"|"Terri"|"Freeman"|"F"|"113 Jeffrey Run"|"(712)327-6737"|"Operations geologist"|"Watkins Ltd"|"1924-10-11"
"70dbbc65-9c9f-417e-ac06-975eeebc909e"|"Laura"|"Benson"|"F"|"597 Ross Camp Apt. 134"|"242.753.0715x847"|"General practice doctor"|"Scott Group"|"1986-03-16"
"46ab1f3c-da1b-46fa-bd61-bb5ab3b494dc"|"Jennifer"|"Allen"|"F"|"80 Christopher Ways"|"001-493-215-5103x4632"|"Tax adviser"|"Johnson, Fleming and Caldwell"|"1925-04-10"
"2d1a341a-8898-4490-83b1-212f5c6aaffe"|"Mark"|"Reyes"|"M"|"450 Jeffery Isle"|"(367)523-1056x791"|"Teaching laboratory technician"|"Barnes, Hernandez and Parker"|"1936-03-28"
"c950a6ce-7208-4906-85a1-863b33960e57"|"Nichole"|"Roberts"|"F"|"155 Thomas Wall Suite 035"|"7969573664"|"Clinical psychologist"|"Rodriguez, Cooper and Murphy"|"1999-03-08"
"fb99c4b4-73c9-4817-9ae1-6908b8db813a"|"Margaret"|"Gardner"|"F"|"715 Parks Trace Suite 497"|"877-551-6280x81244"|"Microbiologist"|"Burton, Morgan and Finley"|"2008-08-23"
"4a948ae3-0f14-4a4b-a8fd-556d8fe32099"|"Jerry"|"Scott"|"M"|"270 Banks Curve Apt. 123"|"967.817.4983"|"Engineer, mining"|"Smith, Love and Harris"|"2005-12-09"
"2eb910cf-e4cd-4bcb-a200-7d2020f5c03f"|"Laura"|"Haney"|"F"|"253 Brown Canyon Apt. 503"|"(261)581-4964"|"Product/process development scientist"|"Stevens-Lee"|"1931-06-05"
"e8a30204-db66-460e-b123-29d509e269a2"|"Angela"|"White"|"F"|"796 Warner Circle"|"001-273-493-3860"|"Company secretary"|"Walker-Craig"|"1929-03-08"
"5176f0e9-0c1c-48ea-bcf8-9149bb43d775"|"Robert"|"Hayden"|"M"|"360 Julia Station"|"+1-423-443-8517x424"|"Pharmacist, community"|"Schwartz-Patrick"|"1955-11-08"
"a25fbd7c-82bd-47d1-b934-dc4c0ccdf77d"|"Deborah"|"Ryan"|"F"|"584 Phillip Spring"|"347.485.4468"|"Claims inspector/assessor"|"Green, Diaz and Everett"|"2008-12-15"
"b9edbcef-c854-47b9-918d-6d90798b346d"|"Jennifer"|"Little"|"F"|"362 Rivers Squares"|"+1-701-249-9318"|"Emergency planning/management officer"|"Pace Ltd"|"1996-10-14"
"ee7e83c0-de37-4a35-9db7-46cf007ff850"|"Thomas"|"Franklin"|"M"|"724 Rosario Loop"|"362.876.7228"|"Building surveyor"|"Cox, Clark and Wells"|"2011-05-05"
"0117028e-906d-46a8-bc77-e5af5ed90ab7"|"Elizabeth"|"Osborne"|"F"|"849 Jeffrey Run"|"265-973-5221x4572"|"Sports administrator"|"Jackson and Sons"|"1956-07-15"
"4c16e84e-f2c0-4408-8d57-0eef836e5520"|"Matthew"|"Morris"|"M"|"556 Tara Inlet"|"589.291.5556x68960"|"Accountant, chartered management"|"Robinson-Jenkins"|"2009-03-22"
"c89729dc-f088-4e2a-a9ba-997252cadac8"|"Gary"|"Jones"|"M"|"216 Murphy Creek Suite 712"|"(723)272-0830"|"Data scientist"|"Simmons-Steele"|"1924-07-07"
"7689b98d-2edd-47ff-857f-0decaca10f20"|"Jerome"|"Velez"|"M"|"16 Matthew Keys"|"+1-877-442-5447x2283"|"Quality manager"|"Sweeney-Kramer"|"2010-11-13"
"2670cb95-3832-4409-8fc7-13afefbd2535"|"Leon"|"Jones"|"M"|"851 John Fall Apt. 476"|"3299070897"|"Patent examiner"|"Franklin-Bowen"|"1999-07-23"
"76ef4797-d1dc-471d-94bf-2f676b275cd6"|"Aaron"|"Skinner"|"M"|"128 Randall Burg"|"+1-346-852-4393"|"Chiropodist"|"Andrews-Murphy"|"1953-08-18"
"d120d3f6-f9c9-4999-a01b-9e6d15007196"|"Robin"|"Spencer"|"F"|"5 Nicole Via"|"+1-698-298-0033"|"Fish farm manager"|"Lambert Ltd"|"2016-05-31"
"2f7e2b91-4023-44fd-96fb-bcc7968f6800"|"Amanda"|"Ramirez"|"F"|"476 Murphy Creek Suite 712"|"973-604-1607"|"Environmental education officer"|"Miller, Combs and Ford"|"1989-09-29"
"31e37db1-452c-4cfd-aa7d-34baac46140e"|"Jordan"|"Reyes"|"M"|"109 Hood Loop Apt. 276"|"001-219-440-5510"|"Furniture conservator/restorer"|"Noble-Green"|"1910-03-21"
"b64e9889-067d-4f64-9c29-12dd56707a90"|"Jennifer"|"Skinner"|"F"|"772 Montoya Walk Apt. 578"|"(932)274-4750"|"Psychotherapist, dance movement"|"Hicks, Hamilton and Brown"|"2012-04-08"
"74401dc0-3d9b-48f0-8a94-d4c9729ba9ab"|"Katie"|"Parker"|"F"|"46 Jessica Mountains Suite 248"|"001-436-987-6891x0988"|"Secondary school teacher"|"Johnson-Rodriguez"|"1959-06-07"
"6ac0982d-5865-442f-8162-39b4ad97545b"|"Alexandra"|"Martinez"|"F"|"129 Amber Wells"|"9612959449"|"Surveyor, building"|"Robinson-Brown"|"1980-12-20"
"fa31ba00-e951-4e54-8ecf-63014a81438b"|"Tyler"|"Mcdaniel"|"M"|"740 Angela Lights"|"(224)701-3130x56082"|"Insurance risk surveyor"|"Hunt Inc"|"1954-07-21"
"5acaf153-04b1-4881-bc3e-0c63ca51eb6e"|"Jose"|"Williams"|"M"|"879 Heather Garden Suite 383"|"795-598-6227x89280"|"Planning and development surveyor"|"Soto-Gill"|"2009-03-17"
"d2642018-7864-4fe3-bf20-a4638eef43a2"|"Dwayne"|"Mccullough"|"M"|"828 Gray Walks Apt. 075"|"(779)913-9457"|"Information officer"|"Miller LLC"|"1913-08-18"
"ab65ec81-7f4f-4208-b940-a4605a5ae33a"|"Scott"|"Foster"|"M"|"858 Simpson Mill Apt. 030"|"511.477.6536x9607"|"Engineer, materials"|"Rodriguez, Palmer and Martinez"|"1993-03-22"
"a8daf954-e378-43a0-a789-712c82078d72"|"Janice"|"Barnes"|"F"|"973 Rivers Squares"|"209-785-0619x82819"|"Research scientist (maths)"|"Roberts-Walker"|"1989-03-07"
"4274709b-4aa1-43a4-bb51-4644bd917ef9"|"Aaron"|"Martin"|"M"|"40 Phillip Spring"|"001-762-209-9444x0460"|"Retail banker"|"Wiley-Perez"|"1998-03-15"
"ceda0f2c-5de0-401d-92a5-5bb325bf1abf"|"William"|"Ramos"|"M"|"740 Daniel Plaza"|"(348)747-2544"|"Hydrographic surveyor"|"Johnson-Hall"|"1926-10-28"
"5b7236ec-ff85-481a-bc7f-542a83487b91"|"Alexandria"|"Williams"|"F"|"389 Daniel Plaza"|"001-428-723-4884x8148"|"Public house manager"|"Lewis Inc"|"1991-06-15"
"c6363d11-83be-4975-84bc-c2e5ef009c07"|"Kristine"|"Fisher"|"F"|"647 Alexis Freeway Apt. 358"|"840.866.7191x57390"|"Solicitor, Scotland"|"Deleon-Luna"|"2015-08-10"
"0c88e7af-f1e8-4f73-80ce-e4cc845eb86d"|"Leah"|"Gardner"|"F"|"325 Brian Course"|"728-779-2746x625"|"Occupational hygienist"|"Hopkins, Woodward and Barton"|"1913-10-24"
"85eab022-6572-48a1-8dd2-04ba104a165a"|"Marie"|"Patton"|"F"|"744 Hood Loop Apt. 276"|"367-776-0519x27725"|"Tree surgeon"|"Wang, Sullivan and Serrano"|"1923-01-13"
"ae6d38a3-ce04-438d-b485-9dd4595b1b22"|"Daisy"|"Colon"|"F"|"998 Matthew Valleys Suite 832"|"435-375-3350"|"Production manager"|"Benson-Pollard"|"1984-12-01"
"ff1b9751-2b8e-4561-8688-7997aaf083cf"|"Anthony"|"Harper"|"M"|"892 Jeffrey Run"|"295.368.0989x8170"|"Site engineer"|"French, Moore and Morrow"|"1953-11-16"
"f054103d-003c-4c3f-b5e2-f490d77f4e1b"|"James"|"Johnson"|"M"|"319 Matthew Valleys Suite 832"|"001-467-634-3398x88605"|"Clinical biochemist"|"Brown, Robinson and Weaver"|"1970-02-18"
"661b6e08-8aa3-4fa7-8b2d-6b604cc4ac73"|"Jocelyn"|"Martinez"|"F"|"899 Patricia Trafficway Apt. 188"|"+1-568-575-3796"|"Housing manager/officer"|"Carney Group"|"2017-06-07"
"51660a75-9961-4a35-aa9f-a4188139e017"|"Robert"|"Wilson"|"M"|"969 Pham Ports"|"(383)547-6476"|"Engineer, automotive"|"Jones-Perez"|"1953-06-03"
"fa2ea2b6-004b-40b9-8268-77f0638a6d9d"|"Laura"|"Spencer"|"F"|"937 Douglas Springs"|"210.900.7154"|"Air traffic controller"|"Fitzgerald-Reyes"|"1917-11-14"
"0f00a607-0b32-42f8-9d69-ffbca1380fde"|"Heather"|"Walker"|"F"|"631 Jonathan Stravenue"|"(763)674-0503"|"Information officer"|"Daugherty, Hobbs and Garza"|"1927-10-29"
"ef0d4961-eeaf-491d-b0fe-ace63d84702b"|"Daniel"|"Jones"|"M"|"168 Matthew Valleys Suite 832"|"372.807.9209"|"Merchant navy officer"|"Larson, Holt and Turner"|"1939-05-07"
"ef23f1d2-9d98-4ae3-8b98-638dfa7edd42"|"Megan"|"Anderson"|"F"|"498 Jennifer Track"|"001-250-513-7988x242"|"Biomedical engineer"|"Cross-Fox"|"2008-09-15"
"0f2c757c-f2fd-4a1a-ae91-2bcd13e07587"|"Hall"|"Glover"|"M"|"201 Martinez Grove Apt. 125"|"+1-313-663-4862x72991"|"Architect"|"Garrison Group"|"1999-05-15"
"4ca6f13a-c1cd-459b-8e33-ddabf0368d6e"|"Sheila"|"Cooke"|"F"|"568 Bailey Trail"|"+1-957-518-1560"|"Sales professional, IT"|"Sanders and Sons"|"1969-10-04"
"7dc22f6d-e3c0-4be3-8846-e536a71fa6d3"|"Ryan"|"Scott"|"M"|"130 Lynn Lake Suite 253"|"001-860-856-4666x55141"|"Site engineer"|"Aguilar, Moore and Hancock"|"1964-01-02"
"b58095a4-3c95-46fe-87d7-429584186e7e"|"Debra"|"Aguirre"|"F"|"529 Collins Skyway"|"366.790.2872x2978"|"Aid worker"|"Werner, Lawrence and Harvey"|"1976-01-03"
"395b5669-4704-459b-80e1-ea9ee9e49f8a"|"Benjamin"|"Gill"|"M"|"878 Danielle Estates"|"(418)873-8670"|"Medical technical officer"|"Haynes and Sons"|"2018-07-02"
"52f4d88a-e986-47fd-a1c5-ee90ac52bb24"|"Sean"|"Rice"|"M"|"937 Padilla Estate Suite 556"|"(713)473-5099"|"Designer, graphic"|"Cox, Lopez and Hayden"|"1947-08-26"
"b123bbf7-24dd-4552-b736-e121b95823d6"|"Barbara"|"Harris"|"F"|"603 Anderson Port"|"(733)604-4945x038"|"Academic librarian"|"Kane LLC"|"1964-06-22"
"a68c3307-7bcd-4245-b379-1eb2a06c5d02"|"Tiffany"|"Fisher"|"F"|"247 Newton Wall"|"389.778.8883x5490"|"Therapist, horticultural"|"Jennings-Ortiz"|"2003-01-02"
"8d640a60-775d-497b-bffd-9d9c433fb961"|"William"|"Burns"|"M"|"680 Tara Inlet"|"683-349-1492x7818"|"Marketing executive"|"Brown and Sons"|"1937-07-16"
"3ed4bf7d-8d23-465d-bf3b-0b4ae08a2214"|"Robert"|"Patrick"|"M"|"212 Lee Burgs"|"818.819.0728x14210"|"Music tutor"|"Hill, Mccann and Mitchell"|"1908-09-11"
"a5139478-a4d2-48ef-bee7-3d9c6d63abf1"|"Amy"|"Jordan"|"F"|"919 Bruce View Suite 976"|"(206)903-4087x30650"|"Dentist"|"Walker, Wong and Barrett"|"1930-09-05"
"06a14eb5-6263-47fc-a22b-e09efe96f350"|"Jonathan"|"Holmes"|"M"|"725 Patricia Row"|"684.915.6266x5146"|"Ophthalmologist"|"Anderson Ltd"|"1954-08-28"
"3db5313a-6981-47c7-a821-c3a0f7ead034"|"Erin"|"Romero"|"F"|"855 Christine Gateway"|"+1-298-920-9062x93488"|"Fashion designer"|"Johnson-Hurst"|"1997-05-03"
"63b15fa6-543d-4bf1-9f19-b80137c0294e"|"Kimberly"|"Hubbard"|"F"|"181 Bruce View Suite 976"|"664-782-9896x598"|"Chief Strategy Officer"|"Reynolds, Torres and Wagner"|"1946-05-01"
"63558bcd-74ec-48a0-b581-50f13216a8ba"|"Andrew"|"Martin"|"M"|"278 Arnold Cliffs"|"+1-423-621-8753x460"|"Conservation officer, historic buildings"|"Smith, Reed and Love"|"1942-03-11"
"1af57fb5-50ca-4f4e-9484-7dc0e1d94777"|"Alyssa"|"Pena"|"F"|"323 Jeffrey Run"|"307-926-1178x7673"|"Scientist, forensic"|"Figueroa-Jones"|"1913-06-14"
"f085b39e-3309-4642-b06d-eeb696aeb29e"|"Tammy"|"James"|"F"|"124 Donald Village Apt. 289"|"4906035693"|"TEFL teacher"|"Roberts-Escobar"|"1976-06-26"
"dbde38d2-7463-4260-8d49-6f33f36bc15e"|"Gloria"|"Lynn"|"F"|"45 Yates Harbor Suite 905"|"313.203.2166x7457"|"Producer, television/film/video"|"Bauer-Bradley"|"1984-09-15"
"be13b9ee-80c3-44bc-aefc-210573aaba0c"|"David"|"Fisher"|"M"|"626 Matthew Valleys Suite 832"|"(490)882-2398"|"Operational researcher"|"Henry-Burch"|"1917-04-24"
"d9a0f8ea-66b0-4181-8ec0-6354fb96e7a0"|"Steven"|"Harding"|"M"|"71 Shelton Run"|"687-958-2264"|"Police Officer"|"TTPD"|"1991-08-08"
"3b80f784-66e6-4e0e-8362-80bff540e417"|"Davis"|"Haas"|"M"|"612 Newton Wall"|"001-579-440-8777"|"Careers information officer"|"Bryant, Mcintosh and Rosales"|"2010-08-30"
"94715c4f-bd85-4396-9d32-c109978f1ffb"|"James"|"Anderson"|"M"|"680 David Course Apt. 455"|"784.519.7699"|"Facilities manager"|"Turner-Warner"|"1999-10-24"
"48588f6c-9990-4368-93ab-0604ee246e64"|"David"|"Long"|"M"|"638 Charles Extension Apt. 046"|"+1-592-266-5131x5949"|"Acupuncturist"|"West-Welch"|"2024-04-11"
"1b1c9424-50f1-4c3f-90b4-32a998fa21ed"|"James"|"Anderson"|"M"|"707 Tim Avenue Apt. 437"|"001-235-376-5227x0262"|"Chartered public finance accountant"|"Perez, Henderson and Willis"|"1975-07-15"
"f58726e9-e1b3-46a5-9d45-0870808a4bd6"|"Brooke"|"Ruiz"|"F"|"423 Johnson Throughway"|"+1-443-480-8623x212"|"Engineer, production"|"Diaz-Moore"|"1951-09-21"
"ad950e44-5a68-47af-8237-2ac2e007fe76"|"Sabrina"|"Fisher"|"F"|"383 Ortiz Brooks"|"001-422-929-6968x989"|"Furniture conservator/restorer"|"Baldwin-Wade"|"1983-10-25"
"8ddede9e-9cf0-49d7-bec2-2cab785a4764"|"Gregory"|"Miller"|"M"|"288 Diana Point"|"(275)765-5900x01926"|"Fitness centre manager"|"Lopez, Martin and Sanchez"|"1941-09-17"
"e610ae2e-527a-436a-b523-c86ceed5261d"|"Teresa"|"Buchanan"|"F"|"125 Jessica Mountains Suite 248"|"335.597.0148x98696"|"Building control surveyor"|"Phillips, Jackson and Moran"|"2016-10-03"
"67a3ba1a-e578-474b-a8a8-2e0c935cc01c"|"Jessica"|"Gillespie"|"F"|"193 Padilla Estate Suite 556"|"+1-545-263-6471x3783"|"Fine artist"|"Jenkins and Sons"|"1946-08-20"
"8f0089c1-1bc3-4081-8986-adfc1a0913b8"|"John"|"Riddle"|"M"|"36 Robin Junctions Apt. 618"|"+1-629-378-2221x6597"|"Engineer, materials"|"Taylor-Rios"|"1931-09-12"
"ce20e180-c5dd-4bc7-b392-9ddf7d02b2cf"|"Lisa"|"Booth"|"F"|"53 Shelton Run"|"840.654.2681"|"Doctor, hospital"|"Burton Ltd"|"1983-08-17"
"be2dce7c-8afc-4c17-85f4-5507acc5e5aa"|"Benjamin"|"Downs"|"M"|"345 Kari Alley Suite 131"|"001-255-775-8216x14850"|"Lexicographer"|"Olson, Woods and Martin"|"1923-03-01"
"201bd0e5-e879-4b83-9a31-d4c51df71f63"|"Elizabeth"|"Gill"|"F"|"797 Oneal Underpass"|"399-441-4810"|"Engineer, petroleum"|"Jackson Group"|"1999-08-21"
"1f9f89a9-d949-4c32-a23a-6df806820eef"|"Andrew"|"Allen"|"M"|"606 Garcia Road Suite 143"|"5839288156"|"Psychotherapist, child"|"Fuller Inc"|"2019-10-18"
"7adc0b85-443b-487e-8f43-07f195b2df26"|"Brandon"|"Smith"|"M"|"112 David Passage Suite 979"|"411-499-8719x5645"|"Radio broadcast assistant"|"Trujillo and Sons"|"1979-03-08"
"a675ad87-a026-44d4-b5e5-2c247608cec8"|"Kenneth"|"Padilla"|"M"|"668 Aimee Circles"|"998.843.5998x04695"|"Dance movement psychotherapist"|"Meyer, Moon and Lewis"|"1992-01-24"
"5d494051-3887-4de8-9b05-2349519ff1f8"|"Karl"|"Smith"|"M"|"306 Anderson Parkways"|"606-748-8411x890"|"General practice doctor"|"Garcia PLC"|"1953-09-15"
"6b007625-b6cc-4091-866e-f1d28624b2e6"|"Amy"|"Curtis"|"F"|"60 Jones Courts Apt. 083"|"373-642-7908x732"|"Set designer"|"Butler LLC"|"1981-10-22"
"ef0cf1c1-e095-4680-9ce5-a3962662d49a"|"Patricia"|"Osborne"|"F"|"796 Morales Gardens Suite 197"|"828-600-5627x3589"|"Engineer, electronics"|"Edwards Ltd"|"1956-01-06"
"ee67212c-d5a2-4e54-901b-66de46e21c47"|"Cory"|"Lynch"|"M"|"620 Garcia Road Suite 143"|"(675)943-8583x016"|"Educational psychologist"|"Knapp Ltd"|"1993-07-22"
"f2ece944-8dac-49d7-a395-1dfe72d03707"|"Stephanie"|"Jordan"|"F"|"70 Thomas Ford"|"3523969576"|"Web designer"|"Mckinney, Ware and Cabrera"|"1926-07-01"
"7026823a-2bd6-47bb-a74e-f5b4e84e65c0"|"Elizabeth"|"Bryant"|"F"|"388 Higgins Port Apt. 001"|"001-312-877-7601"|"Designer, exhibition/display"|"Johnson Group"|"1994-09-30"
"9384c865-0cbf-4b90-84fb-4509c8ec30e7"|"Aaron"|"Orozco"|"M"|"568 Hanson Port"|"782.624.7886x05648"|"Public house manager"|"Smith, Chavez and Martin"|"1972-08-31"
"5a339330-0987-450f-8494-c057c8fa25f8"|"Luke"|"Mccullough"|"M"|"700 Phillip Spring"|"001-442-426-1585x41317"|"Lawyer"|"Maldonado-Rogers"|"1958-10-04"
"008d21ca-d737-4c02-896c-8e2c837079f0"|"Charles"|"Daniels"|"M"|"12 Hanson Port"|"680.751.0742x8157"|"Education officer, community"|"Sanford, Day and Roy"|"1962-05-09"
"35246063-f840-4e55-be3a-2eb5b68f3f73"|"Justin"|"Sanders"|"M"|"130 Patricia Trafficway Apt. 188"|"+1-768-481-3663x857"|"Corporate treasurer"|"Reyes Inc"|"1993-04-12"
"68143326-f706-4d39-a17d-f66b500807e9"|"Dylan"|"Ryan"|"M"|"621 Johnson Throughway"|"646-398-9177"|"Newspaper journalist"|"Frank, Lopez and Hall"|"1916-08-05"
"7a3e27b5-85c1-4c1d-afbc-329ab2156a28"|"Harry"|"Berry"|"M"|"717 Tiffany Gateway"|"526-675-5716x933"|"Doctor, hospital"|"Daniels Group"|"2018-07-03"
"a0bff6fe-9a59-4a9e-bd4a-65b5598a2759"|"Ronald"|"Saunders"|"M"|"198 Andrew Street Apt. 107"|"+1-682-341-3886x979"|"Planning and development surveyor"|"Cain-Griffin"|"1913-03-11"
"23824a65-5f91-4576-b5a0-461297c2b033"|"Michael"|"Dunn"|"M"|"18 Angela Lights"|"575.370.9954x25665"|"Catering manager"|"Smith, Williamson and Hernandez"|"1984-01-17"
"24799b4a-2ab2-4357-a912-ecc24ece53c9"|"Michelle"|"Jones"|"F"|"415 Davenport Fords"|"001-795-862-9817x99821"|"Games developer"|"Wolfe, Robinson and Ortega"|"2007-11-04"
"b8ebff95-55c8-43e4-ae7f-fd5a9d9edc75"|"Michelle"|"Freeman"|"F"|"688 Anderson Parkways"|"2565434688"|"Occupational psychologist"|"Vincent-Gibson"|"1912-08-25"
"e518fd66-963e-4efb-ae2e-a324f3ca329f"|"Gregory"|"Leach"|"M"|"642 Angela Lights"|"975-344-9742x45073"|"Occupational psychologist"|"Gray, Dunn and Randolph"|"2000-07-07"
"8e30395a-cb9f-4ca8-84da-9613284e9e67"|"Carolyn"|"Perez"|"F"|"381 Michelle Isle Apt. 431"|"+1-365-905-4645x6521"|"Clinical cytogeneticist"|"Johnson, Jones and Suarez"|"1942-07-25"
"35c892aa-8c16-4f6e-a313-90dd320ad819"|"Gregory"|"Green"|"M"|"377 Johnson Throughway"|"001-463-981-6596"|"Haematologist"|"Sanders, Chang and Medina"|"2015-05-11"
"a6c73ea7-2d74-48ba-bdf1-f0171cd98521"|"Robin"|"Drake"|"F"|"287 Stacey Via Suite 001"|"001-336-819-4118x8774"|"Clothing/textile technologist"|"Duncan, Fowler and Johnston"|"1947-02-04"
"1670a0f8-579d-4525-b6b4-60207425acbc"|"Natasha"|"Johnson"|"F"|"886 Patricia Row"|"(925)616-5570x735"|"Holiday representative"|"Jackson, Perez and Simmons"|"1995-02-06"
"13bd94e6-4e3d-41a4-9950-2c15af6b7ef8"|"Kimberly"|"Tyler"|"F"|"922 Matthew Keys"|"376-496-1004x31806"|"Theatre director"|"Fox Ltd"|"1914-05-22"
"8b16c520-138f-43d1-bf3c-f0ed87fb8564"|"Stephen"|"Jones"|"M"|"998 Yvette Loop"|"368-875-4803x649"|"Theatre manager"|"Cruz PLC"|"1927-07-20"
"c2f40fdc-96db-4ffb-ad88-78a5ad0ddd43"|"Justin"|"Garcia"|"M"|"955 Tim Avenue Apt. 437"|"6047745616"|"Buyer, retail"|"Smith, Smith and Reed"|"1939-12-20"
"61a193ec-b74d-4d9b-b5cc-6a0a0ed16406"|"Tristan"|"Buchanan"|"M"|"474 Brian Course"|"427.959.9102x77561"|"Surveyor, rural practice"|"Miller PLC"|"1938-12-31"
"966cd0d1-73f7-4a12-b387-5041aaeb99fd"|"David"|"Zimmerman"|"M"|"216 Weeks Meadow Suite 683"|"576-400-1275"|"Therapist, music"|"Clark PLC"|"1981-12-28"
"359bbde1-0227-4373-a294-ea7f91e107cd"|"Eric"|"Barber"|"M"|"126 Amber Wells"|"(614)405-4042x9344"|"Information systems manager"|"Williams LLC"|"1913-08-06"
"7933f2eb-2ae1-48d6-9277-a9ef3f3573ec"|"Stacy"|"Hall"|"F"|"509 Randall Burg"|"+1-333-346-2864x7841"|"Barista"|"Goodman, Gregory and Hooper"|"2006-07-04"
"466c502b-a1f0-4e0e-9765-8c9e6f0ebb46"|"Natalie"|"Orozco"|"F"|"616 Jessica Mountains Suite 248"|"2294804177"|"Therapist, speech and language"|"Stewart, Holder and Hernandez"|"1962-05-07"
"383550b3-4101-480a-b765-525d14906b42"|"Rita"|"Gardner"|"F"|"832 Heather Garden Suite 383"|"507-537-6389"|"Engineer, electronics"|"Ruiz, Jones and Davis"|"1993-11-06"
"206239e4-bd3d-40bc-9ac9-240f1c4c17c1"|"Reginald"|"Buchanan"|"M"|"729 Angela Lights"|"208.325.0872x77456"|"Conservation officer, historic buildings"|"Gibson Ltd"|"1971-10-04"
"4ae2a7be-6e24-4b6f-b417-ecceb2a2f14d"|"Melissa"|"Curtis"|"F"|"633 Thomas Ford"|"001-694-248-3195x743"|"Barrister's clerk"|"Evans-Black"|"1998-09-18"
"bf6c5db4-c6ed-4254-a406-3c0a04498ae4"|"Craig"|"Conway"|"M"|"627 Yates Harbor Suite 905"|"+1-414-632-4248x6726"|"Administrator, arts"|"Martinez LLC"|"1950-06-28"
"d6949644-96f1-4fb1-b08f-55a1c0b256d6"|"Rick"|"Crawford"|"M"|"197 Elizabeth Creek Apt. 423"|"(796)809-0496x66910"|"Conference centre manager"|"Moore and Sons"|"2022-09-08"
"6eca773d-d4a6-4734-bd39-6169301d265d"|"Troy"|"Romero"|"M"|"281 Luna Loop"|"001-664-951-0702x0269"|"Sports therapist"|"Mason, Maxwell and Krause"|"1917-07-09"
"14387503-da5a-45d4-bd60-e890231b3b30"|"Tammy"|"Matthews"|"F"|"323 Catherine Cove"|"001-837-882-1450x5183"|"Animal technologist"|"Lee, Nguyen and Malone"|"1932-11-27"
"8e372fbf-4e3c-4393-828c-7fc35911f8d2"|"Melissa"|"Lee"|"F"|"697 Yates Harbor Suite 905"|"802.264.2560x14369"|"Prison officer"|"Barker, Sims and Harvey"|"1914-03-23"
"931ddb04-a6ae-4cde-9c1f-c5ed6dcad17c"|"Melissa"|"Welch"|"F"|"573 David Course Apt. 455"|"001-911-695-6413"|"Land/geomatics surveyor"|"Fox-Osborne"|"1994-09-12"
"d4da4f7f-2665-4afa-bd96-18a987027b00"|"Maria"|"Henderson"|"F"|"283 Troy Centers"|"(652)606-1298x757"|"Water engineer"|"Kennedy Inc"|"1966-05-29"
"15f22ec3-b71b-40a0-883e-bbca374f1401"|"Amy"|"Gonzalez"|"F"|"257 Patricia Trafficway Apt. 188"|"352.924.9855x8352"|"Radio producer"|"Thornton Group"|"2000-11-11"
"e50b8e41-3d86-4956-beb2-e2cd95350a8d"|"Shannon"|"Martinez"|"F"|"685 Anderson Parkways"|"488.320.8940x53779"|"Contracting civil engineer"|"Hill-Miller"|"2001-05-14"
"1c6fb9df-d51e-4cac-813b-338b6057bdf9"|"Christopher"|"Williams"|"M"|"729 Yates Harbor Suite 905"|"504.351.7736x81819"|"Chartered certified accountant"|"Williams LLC"|"1984-04-20"
"aecfc969-846a-400f-825b-9cb20deab277"|"Bianca"|"Marquez"|"F"|"619 Patricia Trafficway Apt. 188"|"+1-263-242-9146"|"Lecturer, higher education"|"Ellis Ltd"|"2006-04-14"
"3aaeab83-db72-4c38-a815-7267ed49796f"|"Douglas"|"Scott"|"M"|"827 Diana Point"|"+1-331-712-5255x94237"|"Editor, commissioning"|"Myers, Becker and Beck"|"1953-02-17"
"c8ed40a5-4c91-4af5-bb41-93e0b9e2b615"|"Brandon"|"Fernandez"|"M"|"681 Gray Walks Apt. 075"|"(555)914-7514x68470"|"Geochemist"|"Foster Inc"|"1967-02-12"
"014364e5-73d0-449b-8608-432dd2e345e6"|"Marissa"|"Arnold"|"F"|"281 Banks Curve Apt. 123"|"+1-619-780-2342x09565"|"Therapist, art"|"Nelson Inc"|"1941-07-23"