<?xml version="1.0" encoding="UTF-8" ?><automobiles><automobile><person_id>9426a335-2c8f-4f2e-bf7e-521c6730537a</person_id><license_plate>540 KIO</license_plate><vin>SCG67DNA7FVF75E7W</vin><color>DarkOrange</color><year>1980</year></automobile><automobile><person_id>5688fad8-56bd-4658-8979-8e3097a0c6c5</person_id><license_plate>0BLG839</license_plate><vin>P698VYVN7N37H40WJ</vin><color>LightSkyBlue</color><year>1978</year></automobile><automobile><person_id>5688fad8-56bd-4658-8979-8e3097a0c6c5</person_id><license_plate>550 ISJ</license_plate><vin>2MTT8JXCXVRGU47YN</vin><color>LightPink</color><year>1997</year></automobile><automobile><person_id>132816c7-461a-4b6b-9ece-3de3e6fcf9a1</person_id><license_plate>2R UI799</license_plate><vin>7ERKKXVL447V9KX6H</vin><color>LightSlateGray</color><year>1974</year></automobile><automobile><person_id>132816c7-461a-4b6b-9ece-3de3e6fcf9a1</person_id><license_plate>7QPX911</license_plate><vin>S2B0FHZN6UC8S0JWL</vin><color>PaleGreen</color><year>2012</year></automobile><automobile><person_id>132816c7-461a-4b6b-9ece-3de3e6fcf9a1</person_id><license_plate>68EW0</license_plate><vin>AD8BPA2K3LAMNZ9EC</vin><color>Pink</color><year>2016</year></automobile><automobile><person_id>bd07e4be-e541-416a-be26-a2dbc741fe4e</person_id><license_plate>ZGT-089</license_plate><vin>MY489LMN0JNYUL9DK</vin><color>DarkCyan</color><year>2013</year></automobile><automobile><person_id>2b7fc913-b832-4bbe-856a-bc00a2a06c9a</person_id><license_plate>12E J05</license_plate><vin>EHSKGVD62AW4L8UWX</vin><color>Cyan</color><year>1988</year></automobile><automobile><person_id>49881918-6c4f-449d-b89a-772458306dc9</person_id><license_plate>21-Z225</license_plate><vin>4AHWGBUD18LY1NHZ0</vin><color>ForestGreen</color><year>2021</year></automobile><automobile><person_id>49881918-6c4f-449d-b89a-772458306dc9</person_id><license_plate>155D</license_plate><vin>RATN0WKTX8KCPHF20</vin><color>DimGray</color><year>1982</year></automobile><automobile><person_id>6b2d01fd-8826-4ef3-ac34-db4cf0ca1733</person_id><license_plate>MCG 151</license_plate><vin>3366C27H35K67FX0T</vin><color>SeaGreen</color><year>1975</year></automobile><automobile><person_id>d86833d6-4073-496c-897e-ec80951394eb</person_id><license_plate>M75 8AQ</license_plate><vin>9JH0CKWA75D4D7DBL</vin><color>Salmon</color><year>2012</year></automobile><automobile><person_id>0ce9103c-718a-4340-93bf-de1255503c50</person_id><license_plate>817-CGQ</license_plate><vin>T1C4E5WB6T7N00R0A</vin><color>MediumPurple</color><year>1977</year></automobile><automobile><person_id>3ab1fd1c-e894-4200-8019-285f048a8570</person_id><license_plate>VKK 499</license_plate><vin>7HCSB3KB3GBS4V2GP</vin><color>Plum</color><year>1982</year></automobile><automobile><person_id>bf0b68f7-a44e-41c3-a366-9d3200bcb2ea</person_id><license_plate>6T657</license_plate><vin>AH4MKLKY4VXSHDTBW</vin><color>SeaGreen</color><year>2013</year></automobile><automobile><person_id>bf0b68f7-a44e-41c3-a366-9d3200bcb2ea</person_id><license_plate>E77 6NV</license_plate><vin>YWK0UETD380V2Y278</vin><color>LightSeaGreen</color><year>2004</year></automobile><automobile><person_id>82dea93b-b32c-4d21-b0c6-a56584187561</person_id><license_plate>QV 81431</license_plate><vin>FX01TSU78VFDSWV5M</vin><color>CornflowerBlue</color><year>2013</year></automobile><automobile><person_id>e0a1f35f-0929-4358-9e38-ddd0cc1ea38a</person_id><license_plate>0KG O99</license_plate><vin>V3DPLB1675001R43Y</vin><color>Thistle</color><year>1989</year></automobile><automobile><person_id>e0a1f35f-0929-4358-9e38-ddd0cc1ea38a</person_id><license_plate>6YO88</license_plate><vin>KSAFWRECXHHEYV1CG</vin><color>MistyRose</color><year>1983</year></automobile><automobile><person_id>82e29d33-a7bc-4549-93b2-95a1dd1e67fe</person_id><license_plate>669 7TL</license_plate><vin>FWPK30KE26DEMP0R8</vin><color>MediumBlue</color><year>2023</year></automobile><automobile><person_id>82e29d33-a7bc-4549-93b2-95a1dd1e67fe</person_id><license_plate>42-78242</license_plate><vin>Z0PHCXTS6BZ30MNHX</vin><color>LightSlateGray</color><year>2016</year></automobile><automobile><person_id>82e29d33-a7bc-4549-93b2-95a1dd1e67fe</person_id><license_plate>OSI 871</license_plate><vin>0KB3FMTT8DCM8LW9F</vin><color>BurlyWood</color><year>1989</year></automobile><automobile><person_id>85b1a3bd-1879-4c7d-8db7-0a05241a549b</person_id><license_plate>VH-8992</license_plate><vin>70HBWK156MGHRWDRD</vin><color>PaleGoldenRod</color><year>1979</year></automobile><automobile><person_id>4d13727b-d566-4822-9430-2d44d30d5c10</person_id><license_plate>92E 6660</license_plate><vin>ERB3TUK89RHHMXZ2U</vin><color>MediumVioletRed</color><year>2008</year></automobile><automobile><person_id>4d13727b-d566-4822-9430-2d44d30d5c10</person_id><license_plate>KGS-0143</license_plate><vin>WLF3ETRA5FRB0NZTP</vin><color>Yellow</color><year>1984</year></automobile><automobile><person_id>163da8ca-775b-483c-9b94-24e5ace72f09</person_id><license_plate>8SW 512</license_plate><vin>YW08C346XEPAAS51J</vin><color>BlueViolet</color><year>2024</year></automobile><automobile><person_id>163da8ca-775b-483c-9b94-24e5ace72f09</person_id><license_plate>ULM-6674</license_plate><vin>2U2CD4PA4UAUA2JBG</vin><color>DarkOrange</color><year>2004</year></automobile><automobile><person_id>ffe91b4d-7bcf-447d-979b-595876255e64</person_id><license_plate>7-B9236</license_plate><vin>48GD0V07501U2XM37</vin><color>Snow</color><year>2013</year></automobile><automobile><person_id>24477ff1-fbb6-4293-a6f7-8dff03bea56a</person_id><license_plate>453 MJA</license_plate><vin>VV5RYPWH9YCL3SL9X</vin><color>OldLace</color><year>1974</year></automobile><automobile><person_id>0df94dfe-ac6f-4903-af61-fa10f11eab8c</person_id><license_plate>6-05302</license_plate><vin>FYB079CW5L2T34ZRV</vin><color>DarkMagenta</color><year>2016</year></automobile><automobile><person_id>0df94dfe-ac6f-4903-af61-fa10f11eab8c</person_id><license_plate>5UT B33</license_plate><vin>FASK5EH13YMTHEBPF</vin><color>DarkOrange</color><year>2022</year></automobile><automobile><person_id>2a6b94ce-1604-49f1-961b-de57fd01d64b</person_id><license_plate>NZG 679</license_plate><vin>PLJSMZ788EESW5G0U</vin><color>LightBlue</color><year>2001</year></automobile><automobile><person_id>2a6b94ce-1604-49f1-961b-de57fd01d64b</person_id><license_plate>XVN8985</license_plate><vin>JBLJP8UN751N60R76</vin><color>MediumVioletRed</color><year>2014</year></automobile><automobile><person_id>6962b2db-b6d7-4389-b95c-05c3381c1454</person_id><license_plate>KE6 K2F</license_plate><vin>M9703ULD2UZ52ME8Y</vin><color>PowderBlue</color><year>2012</year></automobile><automobile><person_id>6962b2db-b6d7-4389-b95c-05c3381c1454</person_id><license_plate>75-98043</license_plate><vin>8JF6FBR065BH1V7HT</vin><color>WhiteSmoke</color><year>2011</year></automobile><automobile><person_id>4dc144e8-3bc2-4142-8a3b-0856eefd09d5</person_id><license_plate>0-2142T</license_plate><vin>UE20HTRW9LEM3UP9D</vin><color>DarkCyan</color><year>2017</year></automobile><automobile><person_id>7dddbdb6-0471-42e3-8de1-c7aa9950e971</person_id><license_plate>NBH4615</license_plate><vin>MCT67D5B5LWXHDUER</vin><color>DarkSalmon</color><year>2012</year></automobile><automobile><person_id>f95fb6b8-dd22-4280-9018-87b12f459a0d</person_id><license_plate>5-9276G</license_plate><vin>35MNMPX39S8VN8HT5</vin><color>DarkSalmon</color><year>2006</year></automobile><automobile><person_id>f95fb6b8-dd22-4280-9018-87b12f459a0d</person_id><license_plate>840 5FS</license_plate><vin>NKXP1FHJ2YC5WDJLU</vin><color>MediumSeaGreen</color><year>1971</year></automobile><automobile><person_id>ebb66fd0-cf54-4c0e-8480-939fe5783e52</person_id><license_plate>RMI 125</license_plate><vin>7D7USES4XA57WKHT4</vin><color>LemonChiffon</color><year>1985</year></automobile><automobile><person_id>7a2135ae-5096-43ef-b52a-78f2ce0361bb</person_id><license_plate>LKC 618</license_plate><vin>RVPZWNDY484FAURT8</vin><color>Chocolate</color><year>2009</year></automobile><automobile><person_id>2ea1bff5-5b28-4db8-b6a7-1071ae391a39</person_id><license_plate>1T787</license_plate><vin>NWRZCA7MX9NG8K21Y</vin><color>Salmon</color><year>1990</year></automobile><automobile><person_id>400a215a-a204-482d-9ed6-006790b45d14</person_id><license_plate>IW8 9348</license_plate><vin>MT0V99E77JNHULKYT</vin><color>MidnightBlue</color><year>1978</year></automobile><automobile><person_id>400a215a-a204-482d-9ed6-006790b45d14</person_id><license_plate>26W 5569</license_plate><vin>B1VVA3DH0PW3RJLU1</vin><color>Gold</color><year>1980</year></automobile><automobile><person_id>1f7e27c8-58e0-457c-bab4-4109ce34cd5c</person_id><license_plate>057-MQG</license_plate><vin>9VB5VK4S9NK9ASX5A</vin><color>AntiqueWhite</color><year>2004</year></automobile><automobile><person_id>a73287f2-1140-4bdc-a3d2-5a23272a761b</person_id><license_plate>QMX 019</license_plate><vin>TFBPKUVK6JNAHVRF6</vin><color>RosyBrown</color><year>1972</year></automobile><automobile><person_id>39fa1152-7422-4836-a1de-06c48eca067d</person_id><license_plate>5K 3V5YYZ</license_plate><vin>FWS1N4AK5TPPW79ND</vin><color>PaleGoldenRod</color><year>2017</year></automobile><automobile><person_id>39fa1152-7422-4836-a1de-06c48eca067d</person_id><license_plate>8S699</license_plate><vin>M7HCV7NA076F9VS0L</vin><color>PapayaWhip</color><year>2024</year></automobile><automobile><person_id>473a0611-ce07-4d36-b802-0308faece86f</person_id><license_plate>149-WRJ</license_plate><vin>S2T1FNLU2NLSEXK56</vin><color>MintCream</color><year>2012</year></automobile><automobile><person_id>473a0611-ce07-4d36-b802-0308faece86f</person_id><license_plate>590 QVH</license_plate><vin>00W3LURH0M6GU493F</vin><color>LightSlateGray</color><year>2014</year></automobile><automobile><person_id>c85a2652-7dfb-4b68-8e2b-1eabf2112559</person_id><license_plate>14S YE7</license_plate><vin>THKZWBW28B9JFAHG7</vin><color>Crimson</color><year>2012</year></automobile><automobile><person_id>1c062599-a1e5-4f19-9296-7b8ffb7434c3</person_id><license_plate>AJY-0377</license_plate><vin>3HUHSRHH444ZPXZ7P</vin><color>Beige</color><year>2021</year></automobile><automobile><person_id>1f981bec-b3fb-4841-82dd-8bf1759edc1f</person_id><license_plate>72-5168E</license_plate><vin>6N8XV4EP03887EUNH</vin><color>PaleTurquoise</color><year>1974</year></automobile><automobile><person_id>1f981bec-b3fb-4841-82dd-8bf1759edc1f</person_id><license_plate>690 GAE</license_plate><vin>H19HFJ9R92FEYPXN5</vin><color>SeaGreen</color><year>1990</year></automobile><automobile><person_id>c1488d79-6591-4b22-9109-d656d31f6d5b</person_id><license_plate>8PC 729</license_plate><vin>CJF5NRLX1VHYZ7LV0</vin><color>Fuchsia</color><year>1982</year></automobile><automobile><person_id>a896eaa1-8503-4425-95be-4546a9cde818</person_id><license_plate>7185 BI</license_plate><vin>JTPHMKNJ8JY35XNR6</vin><color>Aquamarine</color><year>2000</year></automobile><automobile><person_id>7c99f31a-85e2-46ff-ad31-32fc7456843d</person_id><license_plate>PNY V46</license_plate><vin>NAKJZFENXGV14TVE0</vin><color>SeaShell</color><year>2001</year></automobile><automobile><person_id>dacd337b-3cba-47b0-935b-045b76ecfff1</person_id><license_plate>5IL1683</license_plate><vin>DWZF1UNS0E1R5HYDC</vin><color>DarkSeaGreen</color><year>1991</year></automobile><automobile><person_id>dacd337b-3cba-47b0-935b-045b76ecfff1</person_id><license_plate>280NE</license_plate><vin>M9WHFY5J0ARYKY2RN</vin><color>PaleGreen</color><year>1992</year></automobile><automobile><person_id>de26a742-2bc3-4343-b799-cbda388752cc</person_id><license_plate>3UZ41</license_plate><vin>9U0JLKV58B7T5LV8S</vin><color>Blue</color><year>2019</year></automobile><automobile><person_id>5df67db1-87c1-4303-a5d9-b6d0ba6aba66</person_id><license_plate>6QB9715</license_plate><vin>B8XX28XV80UL6TAUC</vin><color>PaleGoldenRod</color><year>1986</year></automobile><automobile><person_id>5df67db1-87c1-4303-a5d9-b6d0ba6aba66</person_id><license_plate>FOJ 971</license_plate><vin>HPYKNADN0XLK6L9X6</vin><color>SandyBrown</color><year>1981</year></automobile><automobile><person_id>5df67db1-87c1-4303-a5d9-b6d0ba6aba66</person_id><license_plate>3-84139D</license_plate><vin>49H22VJNXMEYG9ZLJ</vin><color>Moccasin</color><year>2015</year></automobile><automobile><person_id>fa5c41fd-2e3d-46a8-bb09-82956f068125</person_id><license_plate>142W5</license_plate><vin>MPG0JA445DGXKDJJE</vin><color>MintCream</color><year>1991</year></automobile><automobile><person_id>fa5c41fd-2e3d-46a8-bb09-82956f068125</person_id><license_plate>CLH4323</license_plate><vin>FZ0ZZY8Z5JXDJK8RE</vin><color>DeepSkyBlue</color><year>2017</year></automobile><automobile><person_id>9380e07e-b870-48c7-9d6e-e0429020784d</person_id><license_plate>20-F952</license_plate><vin>FLGDR60N9FLEBUNSV</vin><color>Salmon</color><year>2010</year></automobile><automobile><person_id>29f16223-689c-455f-991f-429f13691167</person_id><license_plate>736 FZZ</license_plate><vin>3J3SADCY70KG2FW85</vin><color>Gold</color><year>1989</year></automobile><automobile><person_id>29f16223-689c-455f-991f-429f13691167</person_id><license_plate>2DCL 99</license_plate><vin>B3ZLZB2353DUKPL8Y</vin><color>Ivory</color><year>2000</year></automobile><automobile><person_id>29f16223-689c-455f-991f-429f13691167</person_id><license_plate>32S W45</license_plate><vin>YUDATN9P69YS8F47J</vin><color>DarkSlateBlue</color><year>2001</year></automobile><automobile><person_id>d7dd6412-7fed-4d85-a912-d6807633185d</person_id><license_plate>S 595391</license_plate><vin>JMHPYDRM0M65V3HH5</vin><color>Gray</color><year>1995</year></automobile><automobile><person_id>4a3985a3-9890-466e-9f89-ca632df9282d</person_id><license_plate>91-2686M</license_plate><vin>CCV1EUY86RZSRFCE2</vin><color>MediumSlateBlue</color><year>2024</year></automobile><automobile><person_id>fca32e5d-3b7f-4582-851b-4f4a4be5b769</person_id><license_plate>KWZ6058</license_plate><vin>FXJVBY384WMS1U2C0</vin><color>PapayaWhip</color><year>1988</year></automobile><automobile><person_id>fca32e5d-3b7f-4582-851b-4f4a4be5b769</person_id><license_plate>90G U98</license_plate><vin>Z6XMU6D57J2GSKZH6</vin><color>LightCoral</color><year>1995</year></automobile><automobile><person_id>5c7ac6a7-3df9-4e9d-b910-7a473f5563fc</person_id><license_plate>098 CRT</license_plate><vin>WPAW7LAS7AWHPG8A4</vin><color>Beige</color><year>2017</year></automobile><automobile><person_id>28eab42b-4428-4a2e-83b4-0ddf2709596b</person_id><license_plate>070 ZTZ</license_plate><vin>7A9DTTER1AJF4T46Z</vin><color>Gray</color><year>1978</year></automobile><automobile><person_id>05bc3029-9758-445d-8a39-2e1e97041300</person_id><license_plate>BQB-6975</license_plate><vin>R0Z4ZPELX1GNVJGK8</vin><color>MediumSlateBlue</color><year>2012</year></automobile><automobile><person_id>46921e1f-e98f-4e9e-8bd2-5bb15bf1ed56</person_id><license_plate>JAS 297</license_plate><vin>W2E908RW3STHYK5WV</vin><color>LightGreen</color><year>1992</year></automobile><automobile><person_id>7826ea76-bdd6-4e6f-abfb-57a9ff5119cb</person_id><license_plate>468-OYTZ</license_plate><vin>YUEM0WBK5U5ZBY8X3</vin><color>Wheat</color><year>2016</year></automobile><automobile><person_id>4e81c633-5d64-4e38-b4df-4e192a295b90</person_id><license_plate>685 JI2</license_plate><vin>0JXS9YXR50HAYVLKH</vin><color>SteelBlue</color><year>2022</year></automobile><automobile><person_id>ef90abee-0812-4fd9-ab28-a13a54706946</person_id><license_plate>769Z2</license_plate><vin>S8U2AHK90PTW10BP2</vin><color>DarkRed</color><year>2020</year></automobile><automobile><person_id>541b06cb-2fc7-46ee-b3db-bd26d95f2564</person_id><license_plate>4U 2T4ZPQ</license_plate><vin>59C3N6BSXNXNMEZ1L</vin><color>Silver</color><year>1990</year></automobile><automobile><person_id>cc5592c2-486a-4b28-b5e2-7ed2851080f5</person_id><license_plate>6K107</license_plate><vin>EW4YUPG546FF3XC2B</vin><color>Gray</color><year>2007</year></automobile><automobile><person_id>93788b25-a2d9-4ac2-bed8-70d473d18c27</person_id><license_plate>6SS F75</license_plate><vin>0SBVR2PM52XT7KWNJ</vin><color>WhiteSmoke</color><year>2006</year></automobile><automobile><person_id>93788b25-a2d9-4ac2-bed8-70d473d18c27</person_id><license_plate>255U1</license_plate><vin>X6X825FX2E8S3RFPG</vin><color>LawnGreen</color><year>1983</year></automobile><automobile><person_id>4284a8b7-804d-4192-baa3-1f3746a444c6</person_id><license_plate>345-GGS</license_plate><vin>N3N92R476EZWNE4VZ</vin><color>DarkOrchid</color><year>2017</year></automobile><automobile><person_id>821d75ff-50b5-4dd5-bd4f-3c3175e943b8</person_id><license_plate>RQV 123</license_plate><vin>EP0RT1JD7PS97FYKB</vin><color>Violet</color><year>1974</year></automobile><automobile><person_id>821d75ff-50b5-4dd5-bd4f-3c3175e943b8</person_id><license_plate>WJC 347</license_plate><vin>PG6V82MG1YSBMNTUL</vin><color>Lavender</color><year>1971</year></automobile><automobile><person_id>dba96df2-1b31-48a3-b1cd-9cceeb8135f9</person_id><license_plate>S05 2RT</license_plate><vin>0BXEPC7J7SYEBP626</vin><color>DarkMagenta</color><year>2010</year></automobile><automobile><person_id>dba96df2-1b31-48a3-b1cd-9cceeb8135f9</person_id><license_plate>QJS 306</license_plate><vin>3NB1BDSZ3GPU998ZG</vin><color>Linen</color><year>1977</year></automobile><automobile><person_id>cecef1bb-c1d8-49e3-90d1-59f7ffcb7900</person_id><license_plate>11-ZB40</license_plate><vin>PTGWY2YY1EU3NG7A4</vin><color>HotPink</color><year>1976</year></automobile><automobile><person_id>f66410fe-53bb-4579-a521-0694d731c7b5</person_id><license_plate>597-PON</license_plate><vin>Y65T4JVK65VYNCSAH</vin><color>MediumAquaMarine</color><year>1996</year></automobile><automobile><person_id>cfd6b770-ebf6-4d2f-9f3f-9673adf42f6b</person_id><license_plate>19-4262L</license_plate><vin>7CR9GH8647B5R3KAW</vin><color>OldLace</color><year>1987</year></automobile><automobile><person_id>bd317727-f680-462e-b0a1-f75cf0388d75</person_id><license_plate>9AA0436</license_plate><vin>8Z42X3S590K3EX1KD</vin><color>DarkSlateBlue</color><year>2008</year></automobile><automobile><person_id>bd317727-f680-462e-b0a1-f75cf0388d75</person_id><license_plate>ED-0316</license_plate><vin>MDV0NVZC0X7K6NZPY</vin><color>RosyBrown</color><year>2011</year></automobile><automobile><person_id>de31a64f-337c-4917-a008-161ae035d648</person_id><license_plate>5-9938J</license_plate><vin>G30YUCG02BNSTUMAX</vin><color>Aquamarine</color><year>1977</year></automobile><automobile><person_id>fbcba8a7-4998-4b39-97ef-aaaa6de776bc</person_id><license_plate>511625</license_plate><vin>CL0DZJSF49H8XRDDS</vin><color>SkyBlue</color><year>2012</year></automobile><automobile><person_id>fbcba8a7-4998-4b39-97ef-aaaa6de776bc</person_id><license_plate>AHX-4219</license_plate><vin>8TRHWBDE9FEDS17RV</vin><color>SkyBlue</color><year>2002</year></automobile><automobile><person_id>fbcba8a7-4998-4b39-97ef-aaaa6de776bc</person_id><license_plate>572X5</license_plate><vin>7FAFP3V40ZK7DNH8F</vin><color>Gray</color><year>1970</year></automobile><automobile><person_id>b8e39619-96c9-49b9-89ce-8cad9da567bf</person_id><license_plate>2J 87167</license_plate><vin>24XFSAPY79YV37KKF</vin><color>SlateGray</color><year>1982</year></automobile><automobile><person_id>f05dcb09-cc54-4e19-b17e-f6caf6337345</person_id><license_plate>13PQ966</license_plate><vin>B0ASTUYSXM81UBB1D</vin><color>DeepPink</color><year>1975</year></automobile><automobile><person_id>acd04e67-7412-4459-af86-5852068968c0</person_id><license_plate>ZAI-554</license_plate><vin>GAC6SUKK5AHMYRRL9</vin><color>HotPink</color><year>2000</year></automobile><automobile><person_id>acd04e67-7412-4459-af86-5852068968c0</person_id><license_plate>841 YED</license_plate><vin>UNV4XN787UDSHZ49D</vin><color>DarkViolet</color><year>1980</year></automobile><automobile><person_id>79cd1835-d014-4115-9951-9e7e1191277b</person_id><license_plate>42-H531</license_plate><vin>T83Z7ZCFXWRURX23P</vin><color>Yellow</color><year>1986</year></automobile><automobile><person_id>a9f21f1c-c8f0-4ab4-ab52-335a4a7ee988</person_id><license_plate>ON 2996</license_plate><vin>T90X5A5C3TMREFAAX</vin><color>MediumSlateBlue</color><year>2023</year></automobile><automobile><person_id>5f008d97-6b6a-4cd1-95bc-49e024973b27</person_id><license_plate>L59-24K</license_plate><vin>4BUFNMXN0HSF32CUZ</vin><color>SaddleBrown</color><year>2016</year></automobile><automobile><person_id>0c46ca76-a714-4772-9898-0c240fb6448b</person_id><license_plate>281-YYY</license_plate><vin>6RBWALZT61XRCS2PG</vin><color>MediumTurquoise</color><year>1983</year></automobile><automobile><person_id>0c46ca76-a714-4772-9898-0c240fb6448b</person_id><license_plate>413W3</license_plate><vin>77SKXGVR0JC789GAJ</vin><color>Purple</color><year>1973</year></automobile><automobile><person_id>6b2fc15d-9c26-4d7b-a520-16975c63f3bb</person_id><license_plate>AIX-8025</license_plate><vin>9AVDK68KXUZSHMA2K</vin><color>LightSkyBlue</color><year>2006</year></automobile><automobile><person_id>6b2fc15d-9c26-4d7b-a520-16975c63f3bb</person_id><license_plate>531-MXM</license_plate><vin>SCERP96Y42AY0UHZJ</vin><color>Gray</color><year>1975</year></automobile><automobile><person_id>55f244b1-58d8-42d4-8f2e-7bb6700de810</person_id><license_plate>X 369681</license_plate><vin>0LDGBR36907PH7U58</vin><color>DarkOliveGreen</color><year>2020</year></automobile><automobile><person_id>55f244b1-58d8-42d4-8f2e-7bb6700de810</person_id><license_plate>333743</license_plate><vin>H0G5Y19U87PX6LWMA</vin><color>BlanchedAlmond</color><year>2020</year></automobile><automobile><person_id>36fdaa3b-6261-46dd-ab7f-b0312fcd499b</person_id><license_plate>QSC 679</license_plate><vin>DXAG7PLD9K96DMB33</vin><color>Navy</color><year>2014</year></automobile><automobile><person_id>83de1cf0-c70b-4a35-bdcc-74c08ec490aa</person_id><license_plate>OZB-057</license_plate><vin>JBM9Y34X0W3HHXV16</vin><color>Orchid</color><year>2007</year></automobile><automobile><person_id>83de1cf0-c70b-4a35-bdcc-74c08ec490aa</person_id><license_plate>257 5SJ</license_plate><vin>SWRZ4VW81Y3RWJC9V</vin><color>LightCyan</color><year>2003</year></automobile><automobile><person_id>0f99e5a6-2c9b-4468-9304-fca22339cd26</person_id><license_plate>201-SZU</license_plate><vin>5ZB561WC9XN1H0L0S</vin><color>HotPink</color><year>1991</year></automobile><automobile><person_id>0f99e5a6-2c9b-4468-9304-fca22339cd26</person_id><license_plate>387 SAP</license_plate><vin>1SB9NKMFXPUJ7GK2Z</vin><color>MediumBlue</color><year>2003</year></automobile><automobile><person_id>0f99e5a6-2c9b-4468-9304-fca22339cd26</person_id><license_plate>591 UYB</license_plate><vin>6TRWTXAY2M1A9L02S</vin><color>LightGoldenRodYellow</color><year>2016</year></automobile><automobile><person_id>25fc5844-5427-4b01-ab2c-85ba69147800</person_id><license_plate>335 TKV</license_plate><vin>8MZ3S30S00EWUXR70</vin><color>DeepPink</color><year>2002</year></automobile><automobile><person_id>25fc5844-5427-4b01-ab2c-85ba69147800</person_id><license_plate>5200</license_plate><vin>VJJBPRP96Z5DZBGKV</vin><color>LightYellow</color><year>1991</year></automobile><automobile><person_id>010dc65f-d359-469a-b799-77a3fb263ba7</person_id><license_plate>2H 38308</license_plate><vin>NGXD9UAF52TXSPY6Z</vin><color>Green</color><year>2009</year></automobile><automobile><person_id>5079d774-0a8e-46a3-bb41-2de1f2041629</person_id><license_plate>047T5</license_plate><vin>1TM30TVEX7MUTZ61W</vin><color>OldLace</color><year>2016</year></automobile><automobile><person_id>7e726073-a12c-46c3-b2d5-30e819e2a13c</person_id><license_plate>910P7</license_plate><vin>8DDZYY905GFRNY6FW</vin><color>DimGray</color><year>2015</year></automobile><automobile><person_id>d8092052-bab5-4009-8acc-f05de14a7af2</person_id><license_plate>2ANM 51</license_plate><vin>MMPYDKMA2GHARYSTK</vin><color>DarkSlateBlue</color><year>2015</year></automobile><automobile><person_id>6f253ede-e2b3-46f8-8e4f-df5b72027cc4</person_id><license_plate>540 3LO</license_plate><vin>UYVK6XSKXRG523VCP</vin><color>DarkMagenta</color><year>1996</year></automobile><automobile><person_id>6f253ede-e2b3-46f8-8e4f-df5b72027cc4</person_id><license_plate>23EU645</license_plate><vin>U5HVBPRL5LB3YJ99B</vin><color>DeepSkyBlue</color><year>2009</year></automobile></automobiles>