"id"|"first_name"|"last_name"|"sex"|"address"|"phone_number"|"profession"|"company"|"date_of_birth"
"fd3792a9-4a88-43ee-b5fa-921d7b19ea21"|"Barry"|"Osborne"|"M"|"634 Thomas Wall Suite 035"|"805-439-5580x078"|"Conservator, furniture"|"Pennington-Ruiz"|"1949-02-16"
"4b13fb2b-5420-4881-b136-dd677f7e6e5f"|"Brian"|"Barajas"|"M"|"200 Aimee Circles"|"280.832.4172x19780"|"Technical brewer"|"Mendez LLC"|"1966-12-01"
"7b4fbf05-95c4-4fa3-9bd9-ed11cf04009c"|"Deanna"|"Perez"|"F"|"658 Jeffrey Run"|"001-627-763-8541x6160"|"Mining engineer"|"Grant-Miller"|"1949-07-29"
"8b792353-398e-45c0-89d9-f9ca7125dde9"|"Alexandria"|"Rojas"|"F"|"239 Hart Estates Suite 718"|"935-862-1301"|"Diagnostic radiographer"|"Harris, Hansen and Holt"|"1932-03-14"
"7b7d5993-6516-45a2-96ae-aaa559b17249"|"Kyle"|"Gonzalez"|"M"|"92 Amber Wells"|"953.308.4765x4091"|"Pharmacist, community"|"Peters-Torres"|"1957-12-01"
"c014dc82-1626-400a-8693-6d2084b5832e"|"Kimberly"|"Smith"|"F"|"874 Rivers Squares"|"885-208-3250x02764"|"Actuary"|"Sellers-Fox"|"1936-02-25"
"9783362e-b493-43ba-83a6-d031b5bc70fe"|"Timothy"|"Hanson"|"M"|"977 Shepard Bridge"|"+1-825-462-6592"|"Community development worker"|"Torres-Brown"|"1918-08-07"
"6ac7cb91-956b-41e7-b8fb-6147f8b4b075"|"Toni"|"Parker"|"F"|"491 Thomas Coves Suite 736"|"+1-325-726-5974x55954"|"Location manager"|"Mays Group"|"1953-11-26"
"4b3ce50c-cebf-4e59-9f6f-665d21ab11b0"|"Kevin"|"Richardson"|"M"|"216 Wyatt Pike Suite 863"|"797.456.2597x94003"|"Video editor"|"Robertson-Jones"|"1966-01-11"
"e4ab8224-224d-4d22-93d0-51d10981ddea"|"Nicholas"|"Gonzales"|"M"|"983 Jones Courts Apt. 083"|"(500)214-0866x63186"|"Geologist, wellsite"|"Murphy-Aguirre"|"1940-03-30"
"8be0a4c4-77b1-4d5c-b946-4390352fca7b"|"Tina"|"Welch"|"F"|"795 Christine Gateway"|"001-352-735-6720x600"|"Emergency planning/management officer"|"Esparza-Benson"|"1910-08-11"
"91e6ddc3-d5da-418b-9050-acc4f7cea392"|"Rachael"|"Mitchell"|"F"|"472 Matthew Valleys Suite 832"|"989-421-8473"|"Cytogeneticist"|"Ellison and Sons"|"1955-05-21"
"ca1dc3f5-bd7d-4e41-a21d-429c6081e31d"|"Kristina"|"Fisher"|"F"|"509 Newton Wall"|"299-782-1132"|"Training and development officer"|"Walls, Smith and Gilbert"|"1911-06-15"
"9c4349e0-416d-4044-a524-cb59ec980fb9"|"Kara"|"Dunn"|"F"|"500 Ashley Landing"|"001-794-466-8779x5668"|"Arts development officer"|"Vasquez, Greer and Chambers"|"1984-12-23"
"424765a7-cd17-4fb6-8ed0-e27bf399438d"|"Nicole"|"Terry"|"F"|"465 Hernandez Parkways Suite 200"|"+1-517-634-6318x80600"|"Information systems manager"|"Dean-Hunter"|"1996-12-05"
"45017632-9cec-4a47-a0e0-2b7a647b6e39"|"Thomas"|"Roy"|"M"|"299 Daniel Plaza"|"969-558-8623x3230"|"Management consultant"|"Williams, Gibson and Green"|"2014-11-30"
"425d7d44-4627-4ec1-a660-3626bc489de7"|"Mary"|"Boone"|"F"|"963 Hanson Port"|"+1-597-616-6534x96413"|"Pharmacist, community"|"Castillo Ltd"|"1992-05-13"
"2227eb40-4528-478e-853d-11a3e4ded89e"|"Bryan"|"Hall"|"M"|"986 Randall Burg"|"829.877.1923x63313"|"Teacher, special educational needs"|"Nolan-Long"|"1933-12-26"
"11e62630-3dfd-432f-beb2-8f3de29f3541"|"Victoria"|"Cooke"|"F"|"377 Yvette Loop"|"(903)835-1869x304"|"Higher education careers adviser"|"Silva LLC"|"1920-02-19"
"771e785f-dbb9-40bf-9b25-945530f56a64"|"Terri"|"Flynn"|"F"|"448 Collins Skyway"|"(757)337-7448"|"Archivist"|"Stevenson-Warren"|"2020-06-27"
"c952f8b2-6664-49d1-adf0-88e57c26a800"|"Ronald"|"Smith"|"M"|"26 Jones Cliffs Suite 657"|"539-699-2405"|"Museum education officer"|"Jennings and Sons"|"1998-08-23"
"a4ff87fe-c9dc-4987-9712-611914373d14"|"Monique"|"Williams"|"F"|"513 Matthew Keys"|"(476)725-9959x61631"|"Financial trader"|"Melton-Santiago"|"2024-02-25"
"cda85544-ba7f-4178-b0d6-4fa84fab982d"|"Shawn"|"Stewart"|"M"|"667 Matthew Valleys Suite 832"|"+1-786-881-0477x0477"|"Agricultural consultant"|"Dixon, Hanna and Sanders"|"1986-05-31"
"aeb90018-5db9-4fcb-b0d6-af19b3dfd139"|"Katrina"|"Terry"|"F"|"294 Jonathan Place"|"(816)956-1714"|"Nutritional therapist"|"Lawson, Carey and Davis"|"2001-08-14"
"a72742e1-1ecd-4c0e-8997-e9cf0c6bcbf8"|"Chelsey"|"Buchanan"|"F"|"975 Douglas Springs"|"491-577-5529x8685"|"Senior tax professional/tax inspector"|"Clements LLC"|"1930-08-13"
"be26773f-600c-44fa-aac5-57b87a526d76"|"Martinez"|"Gates"|"M"|"593 Collins Skyway"|"+1-854-829-5841x826"|"Video editor"|"Valdez, Rose and Baldwin"|"2021-08-18"
"cf15d97d-dc51-49cb-9615-2b2339829628"|"Elizabeth"|"Barnett"|"F"|"833 Aimee Circles"|"975.251.7238"|"Rural practice surveyor"|"Coleman, Tapia and Sanchez"|"1921-09-21"
"a1b27564-be62-450c-9ccb-7c6eae785dd2"|"Arthur"|"Harrison"|"M"|"195 Jeffrey Run"|"(557)487-7972"|"Editor, commissioning"|"Jones Group"|"2023-06-01"
"a2b393c2-4dad-4e91-af8a-ffe83383c24c"|"Christina"|"Velez"|"F"|"529 Hernandez Parkways Suite 200"|"507-390-3698"|"Bonds trader"|"Taylor, Butler and Evans"|"1925-07-20"
"66d6c702-bc99-4a2f-b862-1169a4b2cf64"|"Debra"|"Perez"|"F"|"932 Tim Avenue Apt. 437"|"(604)323-2710x4524"|"Farm manager"|"Garcia-Thomas"|"1986-03-03"
"0f858d7d-1a45-49fd-b167-2ee27f87fa39"|"Marc"|"Colon"|"M"|"385 Nelson Estate"|"258.429.0258"|"Paediatric nurse"|"Davis, Bullock and Wilkerson"|"2022-01-21"
"e3500c7b-8a96-4098-b12e-9514ecb67e66"|"Alyssa"|"Wallace"|"F"|"568 Monica Burgs Suite 695"|"+1-946-635-4480x3906"|"Therapist, drama"|"Perez and Sons"|"1957-12-16"
"07ce4abd-a7fb-4e02-ba9a-d27e149dad2d"|"Brian"|"Gardner"|"M"|"678 David Passage Suite 979"|"+1-773-779-0103x179"|"Ceramics designer"|"Mullins LLC"|"1914-05-16"
"ae4b016e-0274-4c77-b258-29fe117ac43e"|"Joshua"|"Rice"|"M"|"784 Jeffrey Run"|"285-713-4058"|"Primary school teacher"|"Hayden and Sons"|"1931-02-18"
"fb815f89-14c3-4c33-9626-64fc2d55de3a"|"Zachary"|"Wood"|"M"|"317 Weaver Haven"|"(252)843-7706"|"Pharmacologist"|"Rosario-Williams"|"1987-09-30"
"4c7a4cb5-3c9e-4879-9df9-d62fc0e00f0e"|"Mark"|"Martin"|"M"|"630 Kari Alley Suite 131"|"5896915319"|"Fine artist"|"Green Ltd"|"2000-10-14"
"3a12febf-349e-46c5-b2d5-ead364e71cdd"|"Terri"|"Gomez"|"F"|"709 Ashley Landing"|"+1-590-633-7423"|"Hospital doctor"|"Davis-Avila"|"1913-05-02"
"5f420230-fe08-40cc-a6ab-d251f08e29c8"|"Jonathan"|"Patrick"|"M"|"224 Davenport Fords"|"(266)793-6667"|"Camera operator"|"Lawrence-Rangel"|"1998-03-27"
"6f0e911b-f7b0-4370-86fc-7b906256596c"|"Michael"|"Strickland"|"M"|"593 Colleen Mount"|"565.973.4264x8222"|"Herpetologist"|"Bradley-Farrell"|"1932-06-29"
"760be0d5-832f-4980-bd95-aaef06e64465"|"Mark"|"Crawford"|"M"|"429 Pham Ports"|"701.838.4278"|"Clinical scientist, histocompatibility and immunogenetics"|"Krueger-Walton"|"2017-01-15"
"5ee1aab1-ea6e-4aea-9413-596f0d690714"|"Jessica"|"Cannon"|"F"|"520 Smith Ranch Suite 211"|"(686)513-7513"|"Publishing copy"|"Cameron, Haynes and Romero"|"1964-04-25"
"17e2a4a8-3879-405b-b481-779eb34f593c"|"John"|"Foster"|"M"|"665 Jessica Mountains Suite 248"|"(685)904-8326x170"|"Statistician"|"Hammond Inc"|"1986-05-17"
"fd1531ac-245f-4806-aa7b-3167769e1d03"|"Lawrence"|"Gonzalez"|"M"|"307 Jacobs Ports Suite 715"|"560.916.4396"|"Textile designer"|"Martinez, Thomas and Sanchez"|"1962-04-12"
"9d048530-3345-4da5-ae7b-10c5da04e173"|"Crystal"|"Haney"|"F"|"734 Colleen Mount"|"631-591-8314"|"Passenger transport manager"|"Wilkins-Summers"|"1936-08-11"
"242ebd91-8f99-416c-a2c2-b4af57e4f8f8"|"Joshua"|"Burke"|"M"|"745 Alexis Freeway Apt. 358"|"640.847.9717"|"Designer, industrial/product"|"Franco Ltd"|"1929-03-06"
"8b3ccd29-f6f2-4ad3-9db5-633b8401c4ee"|"Rodriguez"|"Zhang"|"M"|"735 Ward Parkway Apt. 076"|"001-405-278-1707"|"Historic buildings inspector/conservation officer"|"Garcia-Logan"|"2008-04-02"
"f7d2cacd-d03b-4906-a54e-45db89dcc7b8"|"Leslie"|"Brown"|"F"|"553 Matthew Keys"|"+1-283-969-5915x810"|"Psychologist, occupational"|"Choi, Montoya and Flores"|"1975-06-05"
"6186e2f4-1894-4e48-901e-217324ca1a77"|"Nicole"|"Gomez"|"F"|"873 Charles Mall Apt. 745"|"+1-669-598-0449x999"|"Operations geologist"|"Castro, Gonzalez and Davis"|"1998-01-09"
"5077ae1b-5353-49a0-98f0-699bbcb7ad44"|"Maria"|"Norman"|"F"|"889 Nicole Via"|"324-784-0081x45078"|"Water quality scientist"|"Dickson Inc"|"1932-02-23"
"efa91002-47d5-4cd1-8143-ce1d5c69fe70"|"Michael"|"Bennett"|"M"|"483 Wilson Locks Apt. 694"|"(621)204-3692x499"|"Transport planner"|"Whitney, Lloyd and Craig"|"1966-12-15"
"a90aaf67-a076-4254-9a03-d391e5b9f330"|"Lisa"|"Roberts"|"F"|"342 Phillip Spring"|"001-304-678-2569x631"|"Corporate treasurer"|"Stewart-Sharp"|"1914-08-19"
"425cbd47-655f-4a04-9b2f-720a1b15b733"|"Sharon"|"Buchanan"|"F"|"791 Robinson Highway"|"6483825226"|"Phytotherapist"|"Sanders Ltd"|"2017-11-17"
"ae7c40f2-8baa-4184-8fd2-5e89aa849204"|"Kevin"|"Gardner"|"M"|"961 Anderson Port"|"751-443-1709x595"|"IT technical support officer"|"Baker, Dawson and Long"|"1953-05-04"
"76832a14-c3c5-45d2-aeae-d26cd23b712d"|"Emily"|"Shelton"|"F"|"186 Cooley Dam Apt. 601"|"7548237412"|"Editorial assistant"|"Brooks, Valdez and Bray"|"1930-06-18"
"81e09879-da27-4245-8009-f240c54af313"|"James"|"Vargas"|"M"|"641 Robin Junctions Apt. 618"|"+1-696-790-7709x8457"|"Magazine journalist"|"Simpson, Butler and Ramos"|"2012-12-28"
"bf60378c-80f8-41bb-aede-0a3d22aa7cc4"|"Jennifer"|"Howard"|"F"|"375 Rosario Loop"|"411.909.2003x3745"|"Archivist"|"Preston Group"|"2006-07-18"
"1b49e751-e242-4d5b-b32e-060b039bfe9e"|"Grant"|"Jordan"|"M"|"52 Michael Manor"|"(752)516-2034x670"|"Surveyor, land/geomatics"|"Young and Sons"|"2005-04-25"
"ae5a2ec2-59c7-4ad8-85f1-408ddea10007"|"Megan"|"Dunn"|"F"|"883 Thornton Land Suite 697"|"569-293-9175x78770"|"Civil Service administrator"|"Foley Inc"|"1969-02-28"
"4c6e95e1-e771-4489-aa71-8ef257ebc4f4"|"Sharon"|"Velez"|"F"|"306 Thornton Land Suite 697"|"525-827-3355"|"Teacher, adult education"|"Myers-Reyes"|"1990-10-10"
"9b3f120e-7126-4fc6-92ea-83a73abbb707"|"Ronnie"|"Daniels"|"M"|"754 Johnson Throughway"|"534.638.0453x87459"|"Designer, jewellery"|"Howard-Wagner"|"2009-09-26"
"69021914-8cff-436b-aa38-6a1a14c16709"|"Timothy"|"Mccullough"|"M"|"241 Nelson Estate"|"2276843879"|"Engineer, broadcasting (operations)"|"Patel Ltd"|"1982-07-14"
"916dd078-96ac-49e8-960d-11acc147c027"|"Jackson"|"Wilson"|"F"|"591 Welch Walk"|"845.877.0210x45759"|"Sport and exercise psychologist"|"Pugh, Bruce and Aguilar"|"1977-10-06"
"e51a47a0-ed95-4039-9eac-e95737d6aee5"|"Michelle"|"Foster"|"F"|"156 Aimee Circles"|"351-599-7126x096"|"Editor, film/video"|"Novak LLC"|"2019-10-03"
"aaf36999-4a03-4a03-9551-302d117ade28"|"Kenneth"|"Taylor"|"M"|"388 Shelton Run"|"970.527.1878x8120"|"Chartered loss adjuster"|"Alvarez-Miller"|"1919-12-07"
"61c1c0d8-f1ed-4c69-aede-de2a95abf156"|"Steven"|"Gardner"|"M"|"435 Wyatt Pike Suite 863"|"+1-754-273-6499x222"|"Furniture conservator/restorer"|"Rice, Austin and Johnson"|"1952-11-03"
"d2f542c5-44c8-4d12-b63c-b23fe296bb7f"|"Amanda"|"Pham"|"F"|"399 Higgins Port Apt. 001"|"2577450579"|"Chief Financial Officer"|"Huerta, Harrison and Martinez"|"1988-08-28"
"bb11b6de-c315-44b3-a0b9-c8af19584a4d"|"Richard"|"Rice"|"M"|"460 Quinn Divide"|"+1-533-590-2524"|"Investment analyst"|"Browning-Boyd"|"1973-12-31"
"493fc970-32f5-4258-8796-c9aec2596c93"|"Thomas"|"Hayden"|"M"|"704 Thomas Wall Suite 035"|"(885)542-7018x684"|"Tree surgeon"|"Barry, Shepherd and Maldonado"|"1941-07-26"
"371d8575-8153-4312-bcc9-0a911414128e"|"Emily"|"Lopez"|"F"|"661 Barron Hollow"|"001-558-456-7166"|"Photographer"|"Brennan, Lucero and Rocha"|"1990-05-07"
"54aed830-5afe-4c07-bbe7-73c357112a7a"|"Thomas"|"Cervantes"|"M"|"576 Robinson Highway"|"741.617.2872x25500"|"Animal nutritionist"|"White-Ross"|"2022-05-03"
"f95483fc-a2b6-4f09-8348-0e8d8b3f366f"|"Daniel"|"Strickland"|"M"|"699 Haney Prairie Suite 518"|"547.401.5187x6140"|"Secondary school teacher"|"Thomas, Hernandez and Kelley"|"1957-09-30"
"87e0a720-31d3-4e1b-bbb7-89dfa3cce579"|"Andrew"|"Murray"|"M"|"686 Wyatt Pike Suite 863"|"(828)328-0302x335"|"IT technical support officer"|"Estrada Inc"|"1928-04-23"
"199bcabb-368d-4d6d-9c5b-98ff427cdd39"|"Tonya"|"Ruiz"|"F"|"414 Jennifer Track"|"(711)598-4091x83005"|"Health and safety adviser"|"Nelson, Farley and Fletcher"|"1959-02-12"
"e330c003-b049-4e03-a3b4-072177a7eeb1"|"William"|"Browning"|"M"|"515 Daniel Plaza"|"001-820-812-7325x476"|"Graphic designer"|"White LLC"|"1920-10-10"
"7ba0f89f-e5c5-4325-b638-a29d130cc241"|"Andre"|"Daniels"|"M"|"645 Morales Gardens Suite 197"|"586.757.6900"|"Scientist, research (life sciences)"|"Bray PLC"|"1956-05-21"
"7fa6e566-aeda-477c-a76a-30265dcc0983"|"Vanessa"|"Shelton"|"F"|"371 Patricia Row"|"673-889-7763"|"Copy"|"Jimenez, Spencer and Miller"|"2000-06-11"
"0b9c13c0-0559-4bcc-9033-0eeb04875afe"|"Adrian"|"Glover"|"M"|"916 Welch Walk"|"(449)348-0024"|"Conservator, furniture"|"Phillips-Wilson"|"2016-04-16"
"b8b43978-1888-4ce2-9719-36c24f07e8a5"|"William"|"Johnson"|"M"|"905 Jennifer Track"|"984-456-0125x8598"|"Fine artist"|"Ali Inc"|"1916-01-05"
"6b4ec1bd-917f-448b-ad9f-bac7af69bc13"|"Kayla"|"Goodwin"|"F"|"781 Shepard Bridge"|"001-643-694-5681x85959"|"Ceramics designer"|"Martin-Gross"|"2007-10-11"
"dedaf34d-e8e0-4bfb-8a18-39844fe8f5d8"|"Christina"|"Gallagher"|"F"|"5 Jennifer Track"|"818-205-6724x7306"|"Accountant, chartered public finance"|"Wolf Ltd"|"2023-04-23"
"110f3afa-9cc3-49bf-9ff2-cf41762cd51b"|"Christopher"|"Johnson"|"M"|"78 William Avenue"|"8928067997"|"Operations geologist"|"Hoffman LLC"|"2005-12-22"
"823409cd-6ade-490d-84ec-1b651750a4f1"|"Geoffrey"|"Willis"|"M"|"24 Jones Cliffs Suite 657"|"+1-661-916-3754x240"|"Video editor"|"Davis-Smith"|"1939-03-10"
"83fb8ff8-dc6d-4f99-881d-d82da94dafc1"|"Autumn"|"Davis"|"F"|"855 Hanson Port"|"(978)696-9475x9928"|"Systems developer"|"Miller Inc"|"1942-08-10"
"4938a7f4-ac7e-44b4-911c-932b39d430e6"|"Corey"|"Marquez"|"M"|"556 Christopher Ways"|"400-385-0107x1411"|"Location manager"|"Carter-Gonzalez"|"1976-07-28"
"65c8be1a-f381-44d9-9fb1-6c9c30ee6e42"|"Cody"|"Willis"|"M"|"539 Jeffery Spur Suite 411"|"001-264-493-0892x48643"|"Teaching laboratory technician"|"Phillips Inc"|"2011-04-02"
"75bd2bfc-e6d6-4c45-a04b-8e13a548bf2a"|"Lauren"|"Cunningham"|"F"|"131 Hensley Park Suite 873"|"437-459-7733"|"Journalist, newspaper"|"Garcia, Horne and Randall"|"1957-02-05"
"a12985bd-ecb9-47aa-bcaf-5042e1bc216f"|"Travis"|"Dean"|"M"|"63 Elizabeth Creek Apt. 423"|"627-969-2989x36600"|"Scientist, research (life sciences)"|"Sanders Group"|"1987-12-27"
"a0bdc0aa-e748-4035-af22-ff82f0cc2cb5"|"Michael"|"Vargas"|"M"|"678 Amber Wells"|"268.787.6025x2791"|"Agricultural engineer"|"Barber and Sons"|"1980-04-09"
"183efdc0-f8c7-49ac-b9af-21b01ce5a03a"|"Alicia"|"Osborne"|"F"|"398 Castillo Underpass Apt. 535"|"+1-566-844-9779x357"|"Technical sales engineer"|"Peterson LLC"|"1980-03-12"
"bcc5f9bd-e424-4e7e-8f8d-ff28f7da73ad"|"Timothy"|"Browning"|"M"|"68 Jordan Vista Apt. 756"|"001-773-996-5039x602"|"Medical sales representative"|"Carter Inc"|"1925-08-17"
"92f2d895-68a1-4156-9e09-1dd84cef720f"|"Brenda"|"Morris"|"F"|"811 Robert Way"|"452.264.3007"|"Purchasing manager"|"Hoover-Sanchez"|"1915-04-04"
"7f0c05a4-c66f-4c13-b728-02ec911981bc"|"Angela"|"Alvarez"|"F"|"154 Chandler Tunnel Suite 681"|"(892)740-6880x51693"|"Wellsite geologist"|"Wheeler, Drake and Montes"|"1997-04-16"
"6b560804-ec1f-42bb-9c77-b1a91814940e"|"Edward"|"Long"|"M"|"223 Christopher Tunnel"|"886-600-1114x173"|"Copy"|"Gonzales and Sons"|"1973-03-01"
"4a402f74-6f0a-42e7-a45f-592a7aa18b66"|"Wesley"|"Romero"|"M"|"813 Charles Extension Apt. 046"|"(726)320-5114x418"|"Chemist, analytical"|"Mcdaniel, Smith and Nolan"|"1974-08-14"
"161d562a-cb2f-45f3-bf81-3650ccd032a3"|"Samantha"|"Williams"|"F"|"324 Monica Burgs Suite 695"|"001-628-640-2964x8896"|"Cytogeneticist"|"Curry-Larsen"|"2009-03-26"
"0d4c72d8-3928-4730-975f-8678c558bc02"|"Shannon"|"Crawford"|"F"|"137 William Avenue"|"001-800-325-5305x072"|"Physiological scientist"|"Schmidt, Walter and Pacheco"|"1921-09-25"
"a892a8e8-0a2c-444e-be0b-9101eb14eeb5"|"Jonathan"|"Velez"|"M"|"686 Jessica Mountains Suite 248"|"5787530112"|"Charity fundraiser"|"Marshall and Sons"|"1935-10-13"
"5ac03413-1fc9-49d6-9b8f-88d52ba12a27"|"Joseph"|"Baker"|"M"|"233 Amanda Curve"|"+1-219-517-3454"|"Lexicographer"|"Shaw Group"|"1932-01-20"
"34e09a41-2b37-4bc5-bea4-eb9b5cd37884"|"Benjamin"|"Orozco"|"M"|"963 Martin Field"|"848-782-0361"|"Glass blower/designer"|"Wu and Sons"|"2003-05-13"
"17221af4-d49c-4a94-baa1-dc158db2bac2"|"Robert"|"Alvarez"|"M"|"366 Parks Trace Suite 497"|"+1-676-548-7828"|"Medical physicist"|"Davis PLC"|"1957-11-20"
"052480c3-e574-43ba-ac04-7d86777cc8da"|"Justin"|"James"|"M"|"565 Luna Loop"|"001-939-708-3186x19527"|"Human resources officer"|"Holt, Jimenez and Shaffer"|"2014-03-13"
"2aef4dbe-7e2c-49e1-bcc2-ea3105436091"|"Patricia"|"Nichols"|"F"|"689 Robinson Highway"|"974.964.8511"|"Warehouse manager"|"Castillo, Weaver and Patel"|"1948-07-04"
"fee082de-ee99-4eed-86b8-5aa553e09307"|"Jason"|"Davis"|"M"|"106 Charles Mall Apt. 745"|"326-945-1004"|"Psychiatrist"|"Tucker, Martinez and Howard"|"1939-11-28"
"f1427653-2c8f-4dd3-813e-465425221342"|"James"|"Roy"|"M"|"673 Jeffery Spur Suite 411"|"+1-737-880-9909x69500"|"Forensic scientist"|"Ward, Fields and May"|"1924-03-05"
"423cea80-53a3-4385-811e-cc8aca38f330"|"Karina"|"Hernandez"|"F"|"355 Garcia Road Suite 143"|"(922)319-9083x64429"|"Catering manager"|"Walker-Nielsen"|"1982-09-14"
"7bf4a77a-164d-463d-ab08-38f487055061"|"Nancy"|"Hernandez"|"F"|"991 Lee Burgs"|"662.392.3777x187"|"English as a foreign language teacher"|"Flores LLC"|"1933-08-26"
"5c58ef30-1a1e-4691-b7fe-27a783a8ec0b"|"Curtis"|"Harrison"|"M"|"562 Johnson Throughway"|"577.916.4279x826"|"Jewellery designer"|"Brady, Brown and Gates"|"2007-10-14"
"510988da-bf67-46a1-aca6-acb49db58687"|"Kimberly"|"Aguirre"|"F"|"911 Castillo Underpass Apt. 535"|"(810)224-1005"|"Financial trader"|"Rodriguez LLC"|"1931-12-20"
"da7f1f3c-472b-4403-be57-00f0c5a5fd4e"|"Laura"|"Hall"|"F"|"59 Alexis Run Suite 764"|"(538)484-5309x993"|"Lobbyist"|"Barnett Ltd"|"1911-05-16"
"b31ec08c-5981-4340-a966-fc6d75eab03a"|"James"|"Russell"|"M"|"46 Porter Overpass"|"+1-437-463-0509x293"|"Designer, textile"|"Edwards LLC"|"1930-11-04"
"f0a86c26-0c5b-4fb6-a1df-886a2bcce768"|"Mariah"|"Martin"|"F"|"525 Tara Inlet"|"256-388-4983x0067"|"Barista"|"Kirby and Sons"|"1978-02-12"
"0a4ff604-535b-4f2f-8323-0167bd1b9eda"|"Joyce"|"Mccullough"|"F"|"775 Hart Estates Suite 718"|"771.330.0444"|"Operational investment banker"|"Fernandez PLC"|"1977-06-12"
"d0b6063a-5a8f-4462-a94a-81ca6a5b6066"|"Maria"|"Harper"|"F"|"76 Davis Landing"|"520.850.5549x26702"|"Tax inspector"|"Maxwell-Lawson"|"1996-09-19"
"6702634d-9887-4bee-ae1c-b6ce7bc1f159"|"Rodney"|"Burke"|"M"|"230 Thomas Ford"|"6556342021"|"Waste management officer"|"Peters, May and Roberts"|"1918-03-09"
"3ee8236c-a703-4c62-b944-8c216d6db9b7"|"Paul"|"Curry"|"M"|"483 Alexandra Bridge Suite 474"|"(286)763-6321x34616"|"Therapist, speech and language"|"Alvarado, Hammond and Morales"|"1914-05-12"
"a06dced6-9f81-4397-8222-aa4d9fda11d3"|"Jason"|"Wilson"|"M"|"175 Rosario Loop"|"352.690.2065"|"Biomedical scientist"|"Alvarez PLC"|"1988-01-20"
"88fc7749-db3e-467f-ba02-d21075c9728d"|"Kristin"|"Smith"|"F"|"797 Jones Cliffs Suite 657"|"(451)556-3258x54479"|"Learning mentor"|"Hansen Group"|"1920-09-04"
"c4c9c012-fceb-4356-827a-ee760cd7844c"|"Denise"|"Wilson"|"F"|"101 Phillip Spring"|"001-466-356-2263"|"Engineer, water"|"Bradshaw and Sons"|"1948-12-06"
"3e17fd5a-e44f-4a77-9d6f-98cb7e4cd811"|"Benjamin"|"Torres"|"M"|"638 Wyatt Pike Suite 863"|"743-967-1546"|"Restaurant manager, fast food"|"Esparza LLC"|"1986-07-24"
"ba56dcab-1797-4052-b51f-7e1349ee2c81"|"Lisa"|"Fleming"|"F"|"900 Christopher Ways"|"799-890-6431"|"Logistics and distribution manager"|"Ellis-Davis"|"2006-07-24"
"e6f171f7-681e-49ca-ac89-39a73f85e8b7"|"Melody"|"Flynn"|"F"|"337 Kari Alley Suite 131"|"(649)410-0111x6018"|"Environmental education officer"|"Erickson PLC"|"1922-01-11"
"371031f7-5e4d-4603-8ad8-7381dc3dcef3"|"Wendy"|"Harris"|"F"|"56 Jonathan Stravenue"|"8727324580"|"Designer, exhibition/display"|"Cardenas, May and Alexander"|"2023-01-12"
"365e4ad1-3f53-443e-9e0c-86abe131e321"|"Douglas"|"Espinoza"|"M"|"2 Davenport Fords"|"393-498-2330x7613"|"Arts development officer"|"Martin-Mendez"|"1997-05-08"
"f272ed0e-800d-44fa-9d6e-d0a313a4f920"|"Rebekah"|"Orozco"|"F"|"207 Michael Manor"|"(739)500-2539x2177"|"Cytogeneticist"|"Morrison Ltd"|"1975-05-08"
"5270d214-3f7a-4dbd-9e97-8960160dbc55"|"Krista"|"Weaver"|"F"|"937 Arnold Cliffs"|"505-656-2666"|"Sports therapist"|"Burns and Sons"|"1965-12-25"
"b620f06f-bcfa-427b-999f-7f798031d4b3"|"Michael"|"Hanson"|"M"|"801 Robin Junctions Apt. 618"|"739.234.8638"|"Accountant, chartered certified"|"Lewis, Mitchell and Cardenas"|"1984-05-31"
"e07bf2c3-fb24-4929-9215-20c755673f04"|"Anthony"|"Weaver"|"M"|"520 Jordan Vista Apt. 756"|"(748)965-4528"|"Producer, television/film/video"|"Wilson, Jones and Valentine"|"1985-01-12"
"0f4afd74-51e2-459d-92bc-f60520594eb7"|"Janice"|"Martin"|"F"|"621 Quinn Divide"|"(937)265-9908x5231"|"Network engineer"|"Smith-Clark"|"1978-12-03"
"3cc54eb4-7589-457f-9f3a-0885c79009d8"|"Jacob"|"Jackson"|"M"|"341 Jennifer Track"|"001-843-426-7608x561"|"Engineer, agricultural"|"Weber PLC"|"1949-08-04"
"2446eeb4-5b89-441e-8b8f-79bbd5ebc364"|"Brian"|"Schwartz"|"M"|"684 Collins Skyway"|"(838)719-7614x970"|"Engineer, site"|"Weiss-Smith"|"1990-07-08"
"eeda9ca1-7593-4e29-b8bb-d4e5eb303e93"|"Dorothy"|"Franklin"|"F"|"79 Barry Shoal Suite 612"|"664-801-7150x072"|"Product manager"|"Ward LLC"|"1935-09-18"
"338495cd-daee-4f63-aa8d-322cf9eee1f8"|"Corey"|"Buchanan"|"M"|"242 Jones Cliffs Suite 657"|"+1-309-633-2837x2387"|"Programmer, systems"|"Travis LLC"|"1984-02-20"
"011db149-9018-4ab7-bca4-3570fc9b7b14"|"Daniel"|"Blair"|"M"|"249 King Land"|"277.556.9028x118"|"Freight forwarder"|"Johnson, Rowland and Gibson"|"1995-10-19"
"a31fd148-883a-4ff4-8a8f-bdcfe6732192"|"Alec"|"Martin"|"M"|"39 Arnold Cliffs"|"5486456305"|"Chemical engineer"|"Warren, Hernandez and Donovan"|"1964-02-26"
"9c7f69d1-5d9b-4f62-85da-93b5f21bc359"|"Charles"|"Dunn"|"M"|"679 Murphy Creek Suite 712"|"972.927.4926x6417"|"Information officer"|"Hawkins-Roberts"|"2000-03-29"
"b33b2855-6e0a-4e15-a186-eb1b0ccfc922"|"Stephen"|"Martin"|"M"|"448 Catherine Cove"|"4257550583"|"TEFL teacher"|"Wood-Baldwin"|"1971-11-25"
"626f7227-8a5f-45cf-84d1-69cb98f8a2c9"|"Justin"|"Gallagher"|"M"|"376 Day Inlet"|"837-477-7791x904"|"Loss adjuster, chartered"|"Garza-Briggs"|"1995-12-08"