<?xml version="1.0" encoding="UTF-8" ?><automobiles><automobile><person_id>0e836ccc-4ae0-4d2b-aa86-cc7f5c704127</person_id><license_plate>209-TRGL</license_plate><vin>W3F5BZC6XT4NUC0AL</vin><color>MediumSeaGreen</color><year>1992</year></automobile><automobile><person_id>5326dd9d-0e45-4692-a21c-3fbd49717bb7</person_id><license_plate>1COU220</license_plate><vin>9TB30BL1XY4CW7RLF</vin><color>Purple</color><year>1978</year></automobile><automobile><person_id>049d20f2-05c7-4a04-8e8f-1e0c49bf5968</person_id><license_plate>946-KQK</license_plate><vin>L2F58E4F9ZBNGRY9W</vin><color>DarkOrchid</color><year>1989</year></automobile><automobile><person_id>d305f74c-ad61-451f-ad60-b6c81a804e47</person_id><license_plate>FHM 494</license_plate><vin>KZ1CWXZK85712AZX3</vin><color>Pink</color><year>1970</year></automobile><automobile><person_id>d305f74c-ad61-451f-ad60-b6c81a804e47</person_id><license_plate>S87-QUF</license_plate><vin>FT4LR57G4KV5JL8CJ</vin><color>Salmon</color><year>2008</year></automobile><automobile><person_id>3f66f42b-e1b8-43ee-98f6-49cac7adef5f</person_id><license_plate>155-ASU</license_plate><vin>F8094R4Z8VNE5Z8B1</vin><color>GoldenRod</color><year>2007</year></automobile><automobile><person_id>26c4e419-b1ec-486f-8b79-c49ded9c17d7</person_id><license_plate>OBH0379</license_plate><vin>JWXB7DZB9JPRNENG6</vin><color>Cornsilk</color><year>1990</year></automobile><automobile><person_id>26c4e419-b1ec-486f-8b79-c49ded9c17d7</person_id><license_plate>6FH7827</license_plate><vin>LH5PM55R6RFJVL47R</vin><color>PaleGreen</color><year>2005</year></automobile><automobile><person_id>af0cbe5e-7fe2-4a99-9861-469cbf1132de</person_id><license_plate>ZFY 984</license_plate><vin>RDAK73NC8M6VENVLM</vin><color>MediumSpringGreen</color><year>2012</year></automobile><automobile><person_id>9af2cce5-a4ef-4d16-b27a-1c9b007460d0</person_id><license_plate>011 HFO</license_plate><vin>E8E1Z1R99CW84RFRU</vin><color>Yellow</color><year>2002</year></automobile><automobile><person_id>e8f3f72e-5c67-48cb-8399-99dd4b77b9d8</person_id><license_plate>LJA 192</license_plate><vin>AMN4UU4V1HH9RK7T1</vin><color>SkyBlue</color><year>1988</year></automobile><automobile><person_id>49dff6d7-15aa-4ebc-9d2e-fa6ea6877983</person_id><license_plate>827 PSV</license_plate><vin>UNK8V1E73DW54XDSV</vin><color>Orchid</color><year>2010</year></automobile><automobile><person_id>49dff6d7-15aa-4ebc-9d2e-fa6ea6877983</person_id><license_plate>1383</license_plate><vin>4AEJBG610LVPC1MFE</vin><color>LightGreen</color><year>2020</year></automobile><automobile><person_id>7a4beeb8-c953-4ec5-911f-e924d2dcaf61</person_id><license_plate>91QL792</license_plate><vin>W3VH4FJ825B4FD9HK</vin><color>Black</color><year>2001</year></automobile><automobile><person_id>e7fda211-2065-4092-9688-2612427900f1</person_id><license_plate>868STE</license_plate><vin>P8615PULX9NND4MBZ</vin><color>White</color><year>1980</year></automobile><automobile><person_id>bd65144b-0f0e-440a-96c6-c86c54d98585</person_id><license_plate>437 ULW</license_plate><vin>U3T9ECSP8S0R89JHY</vin><color>Beige</color><year>1997</year></automobile><automobile><person_id>9f6285e1-e68f-4313-b31e-b3fa3a181beb</person_id><license_plate>461 WS1</license_plate><vin>WU8FCNG36CNXXK8VC</vin><color>Ivory</color><year>1970</year></automobile><automobile><person_id>9f6285e1-e68f-4313-b31e-b3fa3a181beb</person_id><license_plate>0HS 393</license_plate><vin>LDZ7M8JWXCK9ECLER</vin><color>MediumPurple</color><year>2004</year></automobile><automobile><person_id>9f6285e1-e68f-4313-b31e-b3fa3a181beb</person_id><license_plate>OCL S02</license_plate><vin>HXWM03CD0FSDPMMUL</vin><color>LightSkyBlue</color><year>2023</year></automobile><automobile><person_id>405abae0-741f-4b3a-8f86-3c74f1e56586</person_id><license_plate>YSP6969</license_plate><vin>AZRLK8R29EFKN5WBX</vin><color>ForestGreen</color><year>2021</year></automobile><automobile><person_id>405abae0-741f-4b3a-8f86-3c74f1e56586</person_id><license_plate>8RYD319</license_plate><vin>S3EFGNBXX8EY3U178</vin><color>DeepPink</color><year>1985</year></automobile><automobile><person_id>b8af9f80-c1ec-43bf-b993-aabd4024a426</person_id><license_plate>894-AQP</license_plate><vin>E7BM2NXTXHRB9VGMR</vin><color>Silver</color><year>1978</year></automobile><automobile><person_id>b8af9f80-c1ec-43bf-b993-aabd4024a426</person_id><license_plate>2F B1296</license_plate><vin>T1Y9TM6C875CTR7VL</vin><color>PaleVioletRed</color><year>1992</year></automobile><automobile><person_id>928fac31-3439-410e-b2a4-c73e0243c6b4</person_id><license_plate>229 0XF</license_plate><vin>VP794RAT6YUYHFZC0</vin><color>GoldenRod</color><year>2004</year></automobile><automobile><person_id>5565b8e5-9fe0-41af-a8ff-d301e705bff8</person_id><license_plate>HL-6045</license_plate><vin>5ANCE9E43W7G9UFMZ</vin><color>HotPink</color><year>1994</year></automobile><automobile><person_id>c08c37a5-ca31-48af-9dde-847df46039c7</person_id><license_plate>12-E894</license_plate><vin>8BYCW474183W1NGKR</vin><color>MediumVioletRed</color><year>1985</year></automobile><automobile><person_id>c08c37a5-ca31-48af-9dde-847df46039c7</person_id><license_plate>OU3 2169</license_plate><vin>XSFZ6LUL3697YKXY1</vin><color>SlateBlue</color><year>1987</year></automobile><automobile><person_id>c08c37a5-ca31-48af-9dde-847df46039c7</person_id><license_plate>665X</license_plate><vin>W8NFGTA484UPY5R8V</vin><color>DarkSlateBlue</color><year>2000</year></automobile><automobile><person_id>357a0b37-dbba-407b-99b9-156bc25c16b9</person_id><license_plate>918K</license_plate><vin>CKEN7YPV31Z96HVM2</vin><color>PaleGoldenRod</color><year>1995</year></automobile><automobile><person_id>357a0b37-dbba-407b-99b9-156bc25c16b9</person_id><license_plate>2-T6638</license_plate><vin>SGB2NT725CNE9489Y</vin><color>Indigo</color><year>2007</year></automobile><automobile><person_id>4cbcfe9a-51fb-4d3d-9e0e-5558cea1b169</person_id><license_plate>424-WJI</license_plate><vin>9D1116WR49XD0N0MZ</vin><color>Black</color><year>2014</year></automobile><automobile><person_id>54e90582-2849-4b33-b49d-c4000baa1e4f</person_id><license_plate>WQR-245</license_plate><vin>W0UTVUB3X842X8H0V</vin><color>LemonChiffon</color><year>2005</year></automobile><automobile><person_id>b63f642d-1a2f-46c0-947e-695a96d4baf4</person_id><license_plate>MMA 232</license_plate><vin>W35L7CEB2XXMKSPXE</vin><color>DarkRed</color><year>1996</year></automobile><automobile><person_id>b63f642d-1a2f-46c0-947e-695a96d4baf4</person_id><license_plate>XWO K45</license_plate><vin>E4BW2W5T7AR8958Z9</vin><color>MediumSlateBlue</color><year>1986</year></automobile><automobile><person_id>b63f642d-1a2f-46c0-947e-695a96d4baf4</person_id><license_plate>8WR 991</license_plate><vin>4M2RLS1M1NELYHD2B</vin><color>OrangeRed</color><year>1975</year></automobile><automobile><person_id>bf2735bf-0229-4fc1-b549-20f5cfb06e77</person_id><license_plate>HUV1441</license_plate><vin>8D3TWL410S3KE70KY</vin><color>GoldenRod</color><year>1978</year></automobile><automobile><person_id>bf2735bf-0229-4fc1-b549-20f5cfb06e77</person_id><license_plate>936-LHB</license_plate><vin>MA8UYEYH6WRF21B7K</vin><color>PaleGreen</color><year>2001</year></automobile><automobile><person_id>bf036b36-bb02-4107-893c-3ce7d5163879</person_id><license_plate>358 DKW</license_plate><vin>DEWZZ8R889K5BTAR9</vin><color>Black</color><year>2017</year></automobile><automobile><person_id>742db320-936e-4a50-a55b-1a84266f703b</person_id><license_plate>51-12034</license_plate><vin>GE6N27D618RJHMZ7S</vin><color>Tan</color><year>1974</year></automobile><automobile><person_id>ce154cb1-2adb-4004-98a2-184941e2633c</person_id><license_plate>5CN7661</license_plate><vin>MZJPU88C7FPZCTVFP</vin><color>Magenta</color><year>1985</year></automobile><automobile><person_id>a5f1385f-0f55-408f-a110-f9da6eb027d2</person_id><license_plate>4U ZS174</license_plate><vin>AX0DRWMG1VW7J9BAC</vin><color>Maroon</color><year>2011</year></automobile><automobile><person_id>a5f1385f-0f55-408f-a110-f9da6eb027d2</person_id><license_plate>VIW 157</license_plate><vin>YD219HGA1D1J5PJH8</vin><color>Orange</color><year>1981</year></automobile><automobile><person_id>b4224807-98bd-497e-a5bd-10a065871dc3</person_id><license_plate>354 IJU</license_plate><vin>UGMDLV1D6000B4PV6</vin><color>DarkViolet</color><year>2004</year></automobile><automobile><person_id>7d1a16fe-2bd4-4e80-ac04-ddb26cb021b4</person_id><license_plate>ZWJ 565</license_plate><vin>3D0RZCMR15LWP9UZ2</vin><color>Violet</color><year>2022</year></automobile><automobile><person_id>72621fdf-3c89-4136-abf3-10a0fb41e928</person_id><license_plate>518 6LS</license_plate><vin>STR28GXC56H2DDYGZ</vin><color>DarkSalmon</color><year>1998</year></automobile><automobile><person_id>af4da7ce-21b9-4cbe-b096-dd7c1e910412</person_id><license_plate>PIH 559</license_plate><vin>WPPRJHSX5ZZ6MJ3GF</vin><color>Azure</color><year>2004</year></automobile><automobile><person_id>af4da7ce-21b9-4cbe-b096-dd7c1e910412</person_id><license_plate>XTR7203</license_plate><vin>GGDVJMG01GLF9YM57</vin><color>LightGoldenRodYellow</color><year>1971</year></automobile><automobile><person_id>57c9309c-22c5-4a83-94f4-853faaf2a180</person_id><license_plate>925 MBU</license_plate><vin>YL08KKNY108JHC74Y</vin><color>DarkTurquoise</color><year>1997</year></automobile><automobile><person_id>7ea775d4-2826-4781-960f-8950798c00eb</person_id><license_plate>857 UVJ</license_plate><vin>07W9YP7F86Z2G5FMG</vin><color>MediumSeaGreen</color><year>1971</year></automobile><automobile><person_id>7ea775d4-2826-4781-960f-8950798c00eb</person_id><license_plate>731-332</license_plate><vin>GFXE22UDXMPD3C54Y</vin><color>Tan</color><year>2014</year></automobile><automobile><person_id>56d9dd12-b2e3-4fe4-8cc1-cc22c9bc1039</person_id><license_plate>735H1</license_plate><vin>63KY2ZFX5AR75EC70</vin><color>DarkGray</color><year>1994</year></automobile><automobile><person_id>b0e7321e-5865-4d88-a6d9-c438d3cfcfcc</person_id><license_plate>MIH 470</license_plate><vin>B1WP8C2J94F8GZ091</vin><color>SandyBrown</color><year>1979</year></automobile><automobile><person_id>b0e7321e-5865-4d88-a6d9-c438d3cfcfcc</person_id><license_plate>MCR 892</license_plate><vin>XC219WJY0UAK3SKGZ</vin><color>GoldenRod</color><year>2003</year></automobile><automobile><person_id>b0e7321e-5865-4d88-a6d9-c438d3cfcfcc</person_id><license_plate>8TG 870</license_plate><vin>JGYYYBFS1R5P0SRTW</vin><color>DarkCyan</color><year>1978</year></automobile><automobile><person_id>5aa55852-b319-4a61-908c-bd9702b2e17a</person_id><license_plate>870-395</license_plate><vin>Y2XTPP1M5Y0DH8F2W</vin><color>MediumTurquoise</color><year>1975</year></automobile><automobile><person_id>5aa55852-b319-4a61-908c-bd9702b2e17a</person_id><license_plate>94-4135L</license_plate><vin>L3Z05K6H8RMRB9FY8</vin><color>Moccasin</color><year>1977</year></automobile><automobile><person_id>cf69732a-8ac4-4635-8c80-6709bc4bba4d</person_id><license_plate>1O296</license_plate><vin>SWHSDHULX1VG3JRNR</vin><color>Gainsboro</color><year>1980</year></automobile><automobile><person_id>d6064a39-a944-48a7-83a3-5ad1d9279a75</person_id><license_plate>0CP21</license_plate><vin>GU6CNTRA6TVUP8HY5</vin><color>RoyalBlue</color><year>2024</year></automobile><automobile><person_id>d6064a39-a944-48a7-83a3-5ad1d9279a75</person_id><license_plate>R77 7JC</license_plate><vin>GR6EA49V36SX0N01N</vin><color>LightSteelBlue</color><year>1970</year></automobile><automobile><person_id>d6064a39-a944-48a7-83a3-5ad1d9279a75</person_id><license_plate>408-DWMZ</license_plate><vin>NHCKE0EU89ZPGLTPT</vin><color>PaleGoldenRod</color><year>2002</year></automobile><automobile><person_id>2182aca2-aef3-4539-bfe6-8267d92bf75e</person_id><license_plate>4E 0U0HAK</license_plate><vin>PY69DDFR3GN3FJGJF</vin><color>Maroon</color><year>1979</year></automobile><automobile><person_id>a79b93bf-ec4b-44bd-9d8e-44a33d863110</person_id><license_plate>QK 63187</license_plate><vin>PERCMKTY0A4YU5J62</vin><color>MintCream</color><year>1976</year></automobile><automobile><person_id>253194b1-e7ea-40d0-8af7-8a5139b8163f</person_id><license_plate>DPV3965</license_plate><vin>2SEP78FR1W1M9BV4C</vin><color>LightCyan</color><year>2016</year></automobile><automobile><person_id>a7bf4789-aef2-4844-af5f-dfe089d112ff</person_id><license_plate>981D</license_plate><vin>X8DH6BHH1S954F1N9</vin><color>LightGray</color><year>1979</year></automobile><automobile><person_id>a7bf4789-aef2-4844-af5f-dfe089d112ff</person_id><license_plate>BPP-9962</license_plate><vin>2Z9C0BWY965LR53UR</vin><color>Chocolate</color><year>2014</year></automobile><automobile><person_id>a7bf4789-aef2-4844-af5f-dfe089d112ff</person_id><license_plate>JQQ2549</license_plate><vin>EKD384ZS429FPZ75R</vin><color>DimGray</color><year>2005</year></automobile><automobile><person_id>09b5a027-f6ca-4142-9041-83d248efbe93</person_id><license_plate>478 BHS</license_plate><vin>U6CGM1CMX9U2P6L7B</vin><color>LightSlateGray</color><year>2010</year></automobile><automobile><person_id>09b5a027-f6ca-4142-9041-83d248efbe93</person_id><license_plate>974T8</license_plate><vin>6X73LX5NX2S3LNZF9</vin><color>MediumVioletRed</color><year>1985</year></automobile><automobile><person_id>09b5a027-f6ca-4142-9041-83d248efbe93</person_id><license_plate>88PR226</license_plate><vin>R44A9X1A7A9ANGHHZ</vin><color>Indigo</color><year>1980</year></automobile><automobile><person_id>604c80b2-023c-45b4-9adf-1d7035abbf36</person_id><license_plate>U68 3BS</license_plate><vin>HD23ZBDB0NPN7U884</vin><color>DeepSkyBlue</color><year>1994</year></automobile><automobile><person_id>604c80b2-023c-45b4-9adf-1d7035abbf36</person_id><license_plate>2IL7590</license_plate><vin>LRX4W4KFX50N9YKES</vin><color>MediumOrchid</color><year>1976</year></automobile><automobile><person_id>604c80b2-023c-45b4-9adf-1d7035abbf36</person_id><license_plate>9BZU 01</license_plate><vin>48EFHF1AXLV8CY32D</vin><color>SlateGray</color><year>2008</year></automobile><automobile><person_id>0f80e4cd-f747-4113-ae46-2023acced4c1</person_id><license_plate>0ZB35</license_plate><vin>CFPFVSD84JCZ1RYUW</vin><color>Pink</color><year>1978</year></automobile><automobile><person_id>0e93042f-92d5-4aab-a272-56d765f0fa90</person_id><license_plate>999-BFR</license_plate><vin>NN98UV120Y08URTPN</vin><color>PaleGoldenRod</color><year>2022</year></automobile><automobile><person_id>0e93042f-92d5-4aab-a272-56d765f0fa90</person_id><license_plate>90BJ981</license_plate><vin>ETNNELAF3T97S10SN</vin><color>Fuchsia</color><year>1971</year></automobile><automobile><person_id>4089c844-4fdb-479e-82e9-fd08fd55635b</person_id><license_plate>712 EBK</license_plate><vin>NYGE3LPYXA4TV5NXP</vin><color>LightBlue</color><year>2021</year></automobile><automobile><person_id>1b233a6a-098b-4c8c-bd2b-f5300992402e</person_id><license_plate>40L P96</license_plate><vin>BR3ZCDA2555RPWSZ1</vin><color>Gray</color><year>2007</year></automobile><automobile><person_id>50ef1681-42c2-4302-bdf2-dcfb90de3c60</person_id><license_plate>ULG-0778</license_plate><vin>8E17YMLM0MWB316SS</vin><color>DarkMagenta</color><year>2000</year></automobile><automobile><person_id>50ef1681-42c2-4302-bdf2-dcfb90de3c60</person_id><license_plate>0RC 661</license_plate><vin>NRMX5SW7XMG2TGYM5</vin><color>Lime</color><year>1997</year></automobile><automobile><person_id>1e2d8c7e-3edc-420f-8d4a-72710ee4900b</person_id><license_plate>038RZB</license_plate><vin>UGR5VR0509T2YDAUJ</vin><color>LightYellow</color><year>1973</year></automobile><automobile><person_id>13c92cc1-378c-4fdc-9e3b-9da93b989fe6</person_id><license_plate>389 SVQ</license_plate><vin>5MFJHBEA63JXKAK87</vin><color>PowderBlue</color><year>1997</year></automobile><automobile><person_id>13c92cc1-378c-4fdc-9e3b-9da93b989fe6</person_id><license_plate>3W807</license_plate><vin>NJ97ZGB8XBYBN12YV</vin><color>Red</color><year>1985</year></automobile><automobile><person_id>b0bc8995-c24f-4214-8cc2-942f82863a59</person_id><license_plate>2UR P78</license_plate><vin>6XUW98PT993R3YBXY</vin><color>DarkSeaGreen</color><year>1990</year></automobile><automobile><person_id>b0bc8995-c24f-4214-8cc2-942f82863a59</person_id><license_plate>EZT-826</license_plate><vin>5HKCNR1J7WWHFK0FE</vin><color>DarkSlateBlue</color><year>2002</year></automobile><automobile><person_id>b0bc8995-c24f-4214-8cc2-942f82863a59</person_id><license_plate>698HGY</license_plate><vin>1LM2M98GXV45TMMPY</vin><color>LawnGreen</color><year>1979</year></automobile><automobile><person_id>24300719-dd76-4025-95b9-5286d9252a55</person_id><license_plate>2DH5401</license_plate><vin>4UM4H08S5GYUMN802</vin><color>Bisque</color><year>2023</year></automobile><automobile><person_id>24300719-dd76-4025-95b9-5286d9252a55</person_id><license_plate>LUH 187</license_plate><vin>W1J2G0ZX93HAU4ZRJ</vin><color>LightSkyBlue</color><year>2023</year></automobile><automobile><person_id>9ca8f8d9-8101-4343-89a0-c961b355074b</person_id><license_plate>556 ZNV</license_plate><vin>P3CBAVAN8K756A1LN</vin><color>Lime</color><year>1983</year></automobile><automobile><person_id>8bb5b9ba-4770-4a73-8d94-0e13b0be25d0</person_id><license_plate>9KE 385</license_plate><vin>4E6N1NGU44VH45MRM</vin><color>Lavender</color><year>2020</year></automobile><automobile><person_id>1ec9e873-8f9a-4b14-b9d0-d9f07230a151</person_id><license_plate>0TJK218</license_plate><vin>H9VXMVGD6LM1EAWC1</vin><color>MediumPurple</color><year>2015</year></automobile><automobile><person_id>1ec9e873-8f9a-4b14-b9d0-d9f07230a151</person_id><license_plate>65S•273</license_plate><vin>T9B13TU5XNPKGHEPZ</vin><color>Indigo</color><year>2019</year></automobile><automobile><person_id>7c1ed733-b6cb-4b4c-a0b4-dc50d2155904</person_id><license_plate>779-ZLBA</license_plate><vin>65LZ801FXH996X0KP</vin><color>Lavender</color><year>2014</year></automobile><automobile><person_id>7c1ed733-b6cb-4b4c-a0b4-dc50d2155904</person_id><license_plate>TB9 5763</license_plate><vin>JJZ78GJC9HNPVDWK4</vin><color>DarkSlateGray</color><year>1973</year></automobile><automobile><person_id>e3664efe-2d3c-479f-9d2c-817c8981da14</person_id><license_plate>8403</license_plate><vin>SP3AMSA045L7BDEL5</vin><color>DarkGoldenRod</color><year>1985</year></automobile><automobile><person_id>76bbb7b4-0b10-4431-ba32-e4283393ed72</person_id><license_plate>760 EOX</license_plate><vin>M8D3S0J84RKL1MY7U</vin><color>PaleTurquoise</color><year>2014</year></automobile><automobile><person_id>a7c15df9-0d3e-4b48-80fd-b2411a8f0f4a</person_id><license_plate>4-43000</license_plate><vin>H2WZLKLN2M2CERS2P</vin><color>Yellow</color><year>1974</year></automobile><automobile><person_id>d3b20edb-6d49-4de7-b134-b65c6f10913b</person_id><license_plate>9S AA294</license_plate><vin>CHV84PN388JU5V0X2</vin><color>Chartreuse</color><year>2012</year></automobile><automobile><person_id>d3b20edb-6d49-4de7-b134-b65c6f10913b</person_id><license_plate>94VB146</license_plate><vin>Z5VLN0A35D5VT2R4E</vin><color>PaleTurquoise</color><year>1998</year></automobile><automobile><person_id>d3b20edb-6d49-4de7-b134-b65c6f10913b</person_id><license_plate>1VB F60</license_plate><vin>GVCD6XUA65G3T80SA</vin><color>Orange</color><year>1995</year></automobile><automobile><person_id>5e777b9b-d189-44fc-8048-33c66895111f</person_id><license_plate>3S 6Z0YXX</license_plate><vin>W8YRVXY99BTBV2SX1</vin><color>DarkGray</color><year>2003</year></automobile><automobile><person_id>5e777b9b-d189-44fc-8048-33c66895111f</person_id><license_plate>MHD 819</license_plate><vin>3VZ1KJLC9VPHD3FV8</vin><color>DarkViolet</color><year>2000</year></automobile><automobile><person_id>c67b3751-ba86-4ffc-bd5d-528a6ee3b39f</person_id><license_plate>RWD-769</license_plate><vin>MLVLUBMMXK3NXY2VW</vin><color>Pink</color><year>2009</year></automobile><automobile><person_id>c67b3751-ba86-4ffc-bd5d-528a6ee3b39f</person_id><license_plate>5-C5570</license_plate><vin>J4KJMT2EXNEH4VERB</vin><color>LemonChiffon</color><year>2011</year></automobile><automobile><person_id>c67b3751-ba86-4ffc-bd5d-528a6ee3b39f</person_id><license_plate>EWE 599</license_plate><vin>SKWK7FSG3GX4BKJLE</vin><color>Magenta</color><year>2008</year></automobile><automobile><person_id>cfcdc7d4-21c1-4272-9e5d-4ca8eed5c260</person_id><license_plate>84-HF78</license_plate><vin>XUSS7J2S5VG9H3TV4</vin><color>MediumVioletRed</color><year>2011</year></automobile><automobile><person_id>cfcdc7d4-21c1-4272-9e5d-4ca8eed5c260</person_id><license_plate>92-4699K</license_plate><vin>5J5FB3JX93E4XVC9D</vin><color>DarkKhaki</color><year>2014</year></automobile><automobile><person_id>1b5c2959-b6ce-4132-b266-710b89ac990e</person_id><license_plate>140KZN</license_plate><vin>BP8CUNCSXPNC7DGSF</vin><color>OrangeRed</color><year>1970</year></automobile><automobile><person_id>1b5c2959-b6ce-4132-b266-710b89ac990e</person_id><license_plate>6DD 703</license_plate><vin>R48ZP68D5ZTMWPMNP</vin><color>Cornsilk</color><year>2000</year></automobile><automobile><person_id>1b5c2959-b6ce-4132-b266-710b89ac990e</person_id><license_plate>64-38724</license_plate><vin>H1HBARGWXBXM562L2</vin><color>LightCyan</color><year>1990</year></automobile><automobile><person_id>e6f151cf-4af3-443b-9a4b-98615cd6d109</person_id><license_plate>L39 8FS</license_plate><vin>D1G7YNEM5Y9ZHUWA9</vin><color>MediumOrchid</color><year>2019</year></automobile><automobile><person_id>e6f151cf-4af3-443b-9a4b-98615cd6d109</person_id><license_plate>VEQ5858</license_plate><vin>VRUEH0N83XDEBT66X</vin><color>DarkSlateBlue</color><year>2020</year></automobile><automobile><person_id>92c54ff5-8446-455e-b969-468eb1248813</person_id><license_plate>KED 072</license_plate><vin>KKSW7BPL97P1U85M0</vin><color>LightSteelBlue</color><year>2018</year></automobile><automobile><person_id>92c54ff5-8446-455e-b969-468eb1248813</person_id><license_plate>233-EJFQ</license_plate><vin>UD7WU8R00F0S9E9M0</vin><color>DarkGoldenRod</color><year>1987</year></automobile><automobile><person_id>92c54ff5-8446-455e-b969-468eb1248813</person_id><license_plate>2Z 4753E</license_plate><vin>ZVS0WPHK4SU3TG3XE</vin><color>LightGoldenRodYellow</color><year>2001</year></automobile><automobile><person_id>4c597dc0-5707-4a2f-b651-62ba8ed0943f</person_id><license_plate>DST-737</license_plate><vin>THHZYFL73VF5WURB3</vin><color>DarkBlue</color><year>2020</year></automobile><automobile><person_id>4c597dc0-5707-4a2f-b651-62ba8ed0943f</person_id><license_plate>155S</license_plate><vin>LPDVAD6U1EYVXDLAM</vin><color>Purple</color><year>1983</year></automobile><automobile><person_id>4c597dc0-5707-4a2f-b651-62ba8ed0943f</person_id><license_plate>4T 6545R</license_plate><vin>D8FVP9NC1GAWCM4CV</vin><color>DarkGray</color><year>1987</year></automobile><automobile><person_id>6974627b-d068-46eb-9dc6-acf43fb05b7a</person_id><license_plate>B92 5KL</license_plate><vin>0LF4PMV357F76MMVM</vin><color>Cyan</color><year>1978</year></automobile><automobile><person_id>6974627b-d068-46eb-9dc6-acf43fb05b7a</person_id><license_plate>JKT-4327</license_plate><vin>PK7A103P9WS43USNH</vin><color>DarkSalmon</color><year>2024</year></automobile><automobile><person_id>97bc8911-057f-44fb-8fc6-b1b6dbbb24c5</person_id><license_plate>670-NGK</license_plate><vin>H7HM79EW8NW5YLM2T</vin><color>SpringGreen</color><year>1987</year></automobile><automobile><person_id>2970aa89-c835-40f0-b3ac-9f878b5731e9</person_id><license_plate>77G N54</license_plate><vin>L8FZTNP29SFAZ0ALN</vin><color>PaleVioletRed</color><year>1991</year></automobile><automobile><person_id>4df58f5b-7f9c-4af5-8acb-49c415672ae8</person_id><license_plate>EDN2991</license_plate><vin>GLMYX4GS6LE8FH31T</vin><color>MediumVioletRed</color><year>2020</year></automobile><automobile><person_id>b7a2b1bb-3a32-42fc-8f1a-f54dd4c67efb</person_id><license_plate>08-82953</license_plate><vin>WS5WD30H0MXNRYL9U</vin><color>DarkGray</color><year>2023</year></automobile><automobile><person_id>b7a2b1bb-3a32-42fc-8f1a-f54dd4c67efb</person_id><license_plate>73-QZ29</license_plate><vin>1A5R2CS42H9F5H0W3</vin><color>SlateGray</color><year>1978</year></automobile><automobile><person_id>b7a2b1bb-3a32-42fc-8f1a-f54dd4c67efb</person_id><license_plate>57C 4343</license_plate><vin>E4DXSSD612GNSLF20</vin><color>DarkGoldenRod</color><year>2011</year></automobile></automobiles>