<?xml version="1.0" encoding="UTF-8" ?><automobiles><automobile><person_id>552ec02d-54d4-4f28-a478-9a6f191158b4</person_id><license_plate>LZD 987</license_plate><vin>H6CUL6KX994DJ6G4L</vin><color>MediumTurquoise</color><year>1988</year></automobile><automobile><person_id>83f62f6e-aefd-4b3f-8f0e-35723092fc4e</person_id><license_plate>A87 6SN</license_plate><vin>0HZ6ZMT62ZWD171LN</vin><color>Tomato</color><year>2009</year></automobile><automobile><person_id>8d6e92f7-5214-4071-b0fa-fae3fcf2b2aa</person_id><license_plate>RNU1248</license_plate><vin>BHS8LE1U58RLRH5CM</vin><color>Navy</color><year>1970</year></automobile><automobile><person_id>8d6e92f7-5214-4071-b0fa-fae3fcf2b2aa</person_id><license_plate>18M•666</license_plate><vin>L53JHY4D0R9GLJV92</vin><color>Snow</color><year>1995</year></automobile><automobile><person_id>e4807502-8d14-40f1-a8da-90843b569706</person_id><license_plate>9-6513I</license_plate><vin>KU9R6LYZ8RTRRZFMT</vin><color>Bisque</color><year>1998</year></automobile><automobile><person_id>e4807502-8d14-40f1-a8da-90843b569706</person_id><license_plate>038-IKZ</license_plate><vin>KBU2YN0K1T0LSJGLV</vin><color>MediumSpringGreen</color><year>2000</year></automobile><automobile><person_id>e4807502-8d14-40f1-a8da-90843b569706</person_id><license_plate>233C5</license_plate><vin>KUV9YMPP2S0TGT2NN</vin><color>LawnGreen</color><year>1985</year></automobile><automobile><person_id>965421be-153b-4104-ae40-68c521377ffb</person_id><license_plate>KOI7431</license_plate><vin>TAADMB3K8C4P5LJYU</vin><color>PaleTurquoise</color><year>1988</year></automobile><automobile><person_id>965421be-153b-4104-ae40-68c521377ffb</person_id><license_plate>414 MGL</license_plate><vin>S7MUEA2C7HGHDVW1V</vin><color>Crimson</color><year>1995</year></automobile><automobile><person_id>965421be-153b-4104-ae40-68c521377ffb</person_id><license_plate>646 VXY</license_plate><vin>2TXR22PH669CE1SKR</vin><color>CornflowerBlue</color><year>2022</year></automobile><automobile><person_id>091f460a-79de-4f64-bb2d-636badd1c0cb</person_id><license_plate>YOB-948</license_plate><vin>HEH3VT5H8JHDVWUFH</vin><color>SlateBlue</color><year>1992</year></automobile><automobile><person_id>b0753b5e-5b96-4094-9fe6-bf6ea331d63a</person_id><license_plate>KFD 868</license_plate><vin>6LKNBZBK2L65MHGWA</vin><color>Purple</color><year>2012</year></automobile><automobile><person_id>b0753b5e-5b96-4094-9fe6-bf6ea331d63a</person_id><license_plate>264 9763</license_plate><vin>8AG34E78003L79XAJ</vin><color>HotPink</color><year>2018</year></automobile><automobile><person_id>b0753b5e-5b96-4094-9fe6-bf6ea331d63a</person_id><license_plate>KHG 127</license_plate><vin>PVSY7V5Z6SW80J742</vin><color>FloralWhite</color><year>1985</year></automobile><automobile><person_id>403e5ae0-6231-4988-a0f5-0783aca05285</person_id><license_plate>95B O97</license_plate><vin>NDK5NKSR5C1JLW2ZR</vin><color>FireBrick</color><year>1986</year></automobile><automobile><person_id>95c39b93-2b5b-47cc-91a6-ca45ccba00a6</person_id><license_plate>U 294708</license_plate><vin>R61U2P7P8Z4SCDVAR</vin><color>Plum</color><year>1984</year></automobile><automobile><person_id>95c39b93-2b5b-47cc-91a6-ca45ccba00a6</person_id><license_plate>329 8LH</license_plate><vin>S74ZEHD36PZPTDDYF</vin><color>Gray</color><year>2001</year></automobile><automobile><person_id>9c85d86e-a088-4f8d-a30a-bd4afe5d1b76</person_id><license_plate>OAJ5900</license_plate><vin>Z8L21JFP9HGFM1D14</vin><color>LawnGreen</color><year>2007</year></automobile><automobile><person_id>142105ab-c266-4bca-babf-1e2e2c69b564</person_id><license_plate>683 4EV</license_plate><vin>2UGLWR5W6WBPG0N6G</vin><color>SlateBlue</color><year>2010</year></automobile><automobile><person_id>142105ab-c266-4bca-babf-1e2e2c69b564</person_id><license_plate>9NH 192</license_plate><vin>GEREWXVL545MURHUC</vin><color>Aqua</color><year>1976</year></automobile><automobile><person_id>043224e3-06ca-4aab-99d9-a15076a5afc0</person_id><license_plate>KST 814</license_plate><vin>90W3M30T7C38F3MUL</vin><color>Beige</color><year>2001</year></automobile><automobile><person_id>e1ac23d8-e819-42bd-a2bf-8e7a5586c735</person_id><license_plate>DY 03007</license_plate><vin>9E9K71ZV5GZCZGXBT</vin><color>Cornsilk</color><year>1975</year></automobile><automobile><person_id>f0900de3-856c-405a-a468-6bc184f41051</person_id><license_plate>LHJ 220</license_plate><vin>9MJEMNK2XWC4AT6XB</vin><color>RosyBrown</color><year>1982</year></automobile><automobile><person_id>f0900de3-856c-405a-a468-6bc184f41051</person_id><license_plate>766 1543</license_plate><vin>7ZWRT5VB93EW1A29S</vin><color>DimGray</color><year>2005</year></automobile><automobile><person_id>30089d80-fa5c-4165-b9c2-f6b9354b5472</person_id><license_plate>7O 0Y2QWB</license_plate><vin>YF82Y42D7YNBZD71D</vin><color>DarkSlateGray</color><year>1984</year></automobile><automobile><person_id>1a678f67-8759-4cd7-950a-d7faca47e158</person_id><license_plate>IJP-605</license_plate><vin>4SZ7BH103L87C8Z09</vin><color>Crimson</color><year>1977</year></automobile><automobile><person_id>48e35198-651b-4794-b6ec-570979abd345</person_id><license_plate>JYE-0114</license_plate><vin>E39KD2AE6NSKADVGL</vin><color>Peru</color><year>2010</year></automobile><automobile><person_id>48e35198-651b-4794-b6ec-570979abd345</person_id><license_plate>AGJ 4823</license_plate><vin>UUAKA2ZH3VKNL8SH9</vin><color>LightGoldenRodYellow</color><year>2007</year></automobile><automobile><person_id>48e35198-651b-4794-b6ec-570979abd345</person_id><license_plate>721 UQY</license_plate><vin>SKUW8NUS0ZBYND8GG</vin><color>Bisque</color><year>1979</year></automobile><automobile><person_id>2dec20cb-ed9b-4813-ac31-2b8d37d35476</person_id><license_plate>5HM11</license_plate><vin>7DY5C06T3935ZBD8V</vin><color>DarkBlue</color><year>1972</year></automobile><automobile><person_id>2dec20cb-ed9b-4813-ac31-2b8d37d35476</person_id><license_plate>6526 FH</license_plate><vin>3X1YAN3V1KL9K35MT</vin><color>Lavender</color><year>1985</year></automobile><automobile><person_id>7fa94996-c205-4eb2-a718-b5d685e1a81b</person_id><license_plate>V30 0WT</license_plate><vin>SNG269ZR65DVV79E0</vin><color>DarkBlue</color><year>2007</year></automobile><automobile><person_id>30a07f2d-d349-4abd-8478-43d7637fe26b</person_id><license_plate>72-9517Q</license_plate><vin>T0SG5EFT2HSJ39C07</vin><color>IndianRed</color><year>1988</year></automobile><automobile><person_id>25ca4e87-deaa-4750-b52d-b3348b6b91e1</person_id><license_plate>996-PNDG</license_plate><vin>19S602UN5VYTYX2DA</vin><color>FloralWhite</color><year>2019</year></automobile><automobile><person_id>25ca4e87-deaa-4750-b52d-b3348b6b91e1</person_id><license_plate>0QX94</license_plate><vin>1W7JCJ1H2M2CBNF6M</vin><color>LightSkyBlue</color><year>1978</year></automobile><automobile><person_id>dd2ef8cb-36a9-4de2-b002-0bafbbcd4bfc</person_id><license_plate>WJU2795</license_plate><vin>MEKRHE7D4Y061VGLB</vin><color>AliceBlue</color><year>1992</year></automobile><automobile><person_id>c29bcf7d-c2c6-419c-aee6-d4d06b56171c</person_id><license_plate>3I 0427P</license_plate><vin>S30KYDVAXKB3X3MX7</vin><color>DarkMagenta</color><year>1981</year></automobile><automobile><person_id>243fbda2-503d-48ea-8ea4-5871e76d75fc</person_id><license_plate>968 IYN</license_plate><vin>TTP4RUVX5NNUG5CEP</vin><color>RoyalBlue</color><year>1972</year></automobile><automobile><person_id>243fbda2-503d-48ea-8ea4-5871e76d75fc</person_id><license_plate>8957</license_plate><vin>VKHNA03M7CJTNDW18</vin><color>IndianRed</color><year>1992</year></automobile><automobile><person_id>4421be3f-94f6-4e66-a62d-4cf6aeb22dae</person_id><license_plate>575 GKI</license_plate><vin>MB99ALD010JRX5NX4</vin><color>SteelBlue</color><year>1976</year></automobile><automobile><person_id>4421be3f-94f6-4e66-a62d-4cf6aeb22dae</person_id><license_plate>N 020260</license_plate><vin>RW3CPPVJ7VE4S5520</vin><color>Green</color><year>1992</year></automobile><automobile><person_id>4631f717-8b1a-4e5a-a8ab-b29b7c2548c4</person_id><license_plate>MAT 520</license_plate><vin>5XDHC9GH6U6JSD64F</vin><color>Navy</color><year>1992</year></automobile><automobile><person_id>4631f717-8b1a-4e5a-a8ab-b29b7c2548c4</person_id><license_plate>CBO 265</license_plate><vin>MBE7VVV71L4TFP04M</vin><color>LightBlue</color><year>1997</year></automobile><automobile><person_id>f5c19ae3-aca4-48eb-b9e3-f73540f9c4ec</person_id><license_plate>5-E6218</license_plate><vin>V0AMKDTN01HLHPV4F</vin><color>MediumSpringGreen</color><year>2017</year></automobile><automobile><person_id>fcd18297-fa83-4509-b70b-26cf9bbb9801</person_id><license_plate>3-72959</license_plate><vin>XZ6KY4JH17MGJWZGF</vin><color>DarkGreen</color><year>1973</year></automobile><automobile><person_id>a17df1ed-79dc-4487-bb6c-80e8831f4d94</person_id><license_plate>398 BVP</license_plate><vin>CSD3X29H7919VW42B</vin><color>Tomato</color><year>1973</year></automobile><automobile><person_id>a17df1ed-79dc-4487-bb6c-80e8831f4d94</person_id><license_plate>AV 6670</license_plate><vin>RS6JRR8K70615BEGM</vin><color>SeaShell</color><year>2007</year></automobile><automobile><person_id>a17df1ed-79dc-4487-bb6c-80e8831f4d94</person_id><license_plate>424-BRH</license_plate><vin>GER8ST4S1V798EN1T</vin><color>AntiqueWhite</color><year>2001</year></automobile><automobile><person_id>cbd86b38-8194-45e6-842b-615840c03be9</person_id><license_plate>FUP-5500</license_plate><vin>J2FZ4UW17ZW6U6SHS</vin><color>DarkGoldenRod</color><year>1970</year></automobile><automobile><person_id>da316b30-4819-449b-b846-829b8165562d</person_id><license_plate>PAB 186</license_plate><vin>Y3EPT0EX2CB52LVRB</vin><color>Teal</color><year>1986</year></automobile><automobile><person_id>2b4c7fff-d1d5-4ef2-b5b4-9063a331df8c</person_id><license_plate>692XUV</license_plate><vin>JHJKTHM92LLH03S67</vin><color>BlanchedAlmond</color><year>1970</year></automobile><automobile><person_id>2b4c7fff-d1d5-4ef2-b5b4-9063a331df8c</person_id><license_plate>895 ZVZ</license_plate><vin>UAEEAVM26FRNCAFE8</vin><color>MediumSpringGreen</color><year>2021</year></automobile><automobile><person_id>74630c50-41cf-483e-a1db-1ec19f76788d</person_id><license_plate>136 JT4</license_plate><vin>R73ZW06B1547HEVTC</vin><color>Turquoise</color><year>1993</year></automobile><automobile><person_id>6a5c2c32-c93d-4bf5-ac75-634d997e4f06</person_id><license_plate>PGF-9161</license_plate><vin>8AP8B1TM7YM6A24E0</vin><color>MediumTurquoise</color><year>1993</year></automobile><automobile><person_id>6a5c2c32-c93d-4bf5-ac75-634d997e4f06</person_id><license_plate>8243 MT</license_plate><vin>956E0F7H9UTU9PCWC</vin><color>Aquamarine</color><year>2002</year></automobile><automobile><person_id>b538f1c6-074e-4825-9d49-e007a158fddf</person_id><license_plate>FRU 9755</license_plate><vin>9PTZ5Y5V2PG8T19NK</vin><color>FloralWhite</color><year>2011</year></automobile><automobile><person_id>b538f1c6-074e-4825-9d49-e007a158fddf</person_id><license_plate>OPD-348</license_plate><vin>6W2DB4S00JY7BU5YU</vin><color>Brown</color><year>1978</year></automobile><automobile><person_id>4ff645cb-1232-4f32-a8c4-7949a2e2a5ae</person_id><license_plate>25O Q01</license_plate><vin>AF675MAH3D4MRURRU</vin><color>Aquamarine</color><year>2014</year></automobile><automobile><person_id>4ff645cb-1232-4f32-a8c4-7949a2e2a5ae</person_id><license_plate>43QY7</license_plate><vin>H2U3DTY79Y57H0T4N</vin><color>MediumBlue</color><year>2009</year></automobile><automobile><person_id>179e677c-6fb5-4a6e-b9f3-0b64b94dae2f</person_id><license_plate>VHO-0849</license_plate><vin>1A07C1JH90DZHZZ8N</vin><color>WhiteSmoke</color><year>2008</year></automobile><automobile><person_id>179e677c-6fb5-4a6e-b9f3-0b64b94dae2f</person_id><license_plate>907 OKQ</license_plate><vin>ZV45Y6YT09LXYCSVX</vin><color>SeaShell</color><year>1990</year></automobile><automobile><person_id>27c0de8a-7200-46d2-92d4-96258ba1363b</person_id><license_plate>65B 538</license_plate><vin>UEAYBPC04H2RZJGJ0</vin><color>Tomato</color><year>2006</year></automobile><automobile><person_id>27c0de8a-7200-46d2-92d4-96258ba1363b</person_id><license_plate>0P 9N1BLP</license_plate><vin>HXBC85H37HVLRHY8M</vin><color>NavajoWhite</color><year>1974</year></automobile><automobile><person_id>6189848c-179f-4f29-a226-8b611e86675c</person_id><license_plate>YQ 95935</license_plate><vin>BNPBGDFX1SHKWUGCH</vin><color>Tan</color><year>1990</year></automobile><automobile><person_id>72dc952b-74ea-48fc-9d33-b8a43d6e8273</person_id><license_plate>214-362</license_plate><vin>22V4WHDA1KN054LKB</vin><color>SlateBlue</color><year>1976</year></automobile><automobile><person_id>72dc952b-74ea-48fc-9d33-b8a43d6e8273</person_id><license_plate>HMK 300</license_plate><vin>CT5096MTXPBFR9FHB</vin><color>Linen</color><year>1983</year></automobile><automobile><person_id>bf52c378-afbe-412c-b181-4a705704d154</person_id><license_plate>5D 9824F</license_plate><vin>H8FBY1KG9U72GJHW2</vin><color>DarkCyan</color><year>1982</year></automobile><automobile><person_id>bf52c378-afbe-412c-b181-4a705704d154</person_id><license_plate>8DEM 78</license_plate><vin>US62ABHY2M8J67SXB</vin><color>AntiqueWhite</color><year>2006</year></automobile><automobile><person_id>3aafbc8a-37a3-479f-90ec-57fd8cc2dc2e</person_id><license_plate>133-HBM</license_plate><vin>J5TZU5029H17AE255</vin><color>MediumOrchid</color><year>2019</year></automobile><automobile><person_id>3aafbc8a-37a3-479f-90ec-57fd8cc2dc2e</person_id><license_plate>VNX 982</license_plate><vin>57JNZ41Y5ME2NNR0X</vin><color>Magenta</color><year>1979</year></automobile><automobile><person_id>3aafbc8a-37a3-479f-90ec-57fd8cc2dc2e</person_id><license_plate>682-SDX</license_plate><vin>XZGD79AF6S5V4RCE7</vin><color>LightSalmon</color><year>1978</year></automobile><automobile><person_id>c2e99d55-3607-4a06-9d0a-b4cb8fa39477</person_id><license_plate>687 TTR</license_plate><vin>6X2R6YJ77C2XPAKJW</vin><color>Chartreuse</color><year>1976</year></automobile><automobile><person_id>6989fe87-f58a-4564-9ec7-35157994a520</person_id><license_plate>5IQ L35</license_plate><vin>MA0KX2MU9V8MBPECL</vin><color>Ivory</color><year>2010</year></automobile><automobile><person_id>7e6df1b1-6c0d-4b2c-a3e5-6d0446335a20</person_id><license_plate>6078</license_plate><vin>Z1WH4KE6XCG7TK00N</vin><color>IndianRed</color><year>2016</year></automobile><automobile><person_id>af97fdea-97f0-45c5-be10-67294bdebcf2</person_id><license_plate>UYI-881</license_plate><vin>0EFFARMV9VW0PPEC8</vin><color>LightSlateGray</color><year>1988</year></automobile><automobile><person_id>af97fdea-97f0-45c5-be10-67294bdebcf2</person_id><license_plate>B22 9IS</license_plate><vin>XP9UA2N1224A43UGF</vin><color>MediumBlue</color><year>1991</year></automobile><automobile><person_id>65c86252-b1b4-4b98-87e0-6dfa6519570f</person_id><license_plate>4-9627N</license_plate><vin>KA7KLGJ95UWSGZ5R1</vin><color>LightCyan</color><year>2008</year></automobile><automobile><person_id>5ecf9d70-f0b3-40d7-b88c-4e971d57962b</person_id><license_plate>UQA-5622</license_plate><vin>YCP69DPP05P621HDJ</vin><color>Indigo</color><year>2000</year></automobile><automobile><person_id>5ecf9d70-f0b3-40d7-b88c-4e971d57962b</person_id><license_plate>QQW4653</license_plate><vin>RPHTCZB366CLGDLHG</vin><color>LightSeaGreen</color><year>1971</year></automobile><automobile><person_id>5ecf9d70-f0b3-40d7-b88c-4e971d57962b</person_id><license_plate>367 5110</license_plate><vin>Z9A7SC331HFZWLP73</vin><color>LightCyan</color><year>2008</year></automobile><automobile><person_id>e2fa87d1-01ab-44c7-8d0c-993fffaeed9a</person_id><license_plate>MDQ 857</license_plate><vin>PKFKT0NU0NMB0B7CP</vin><color>Purple</color><year>1981</year></automobile><automobile><person_id>f8bdbaa7-4a15-49cb-b468-b77885821409</person_id><license_plate>0X Y6710</license_plate><vin>X3Y8SS4Y4Z7CH0JZ3</vin><color>LightSkyBlue</color><year>2008</year></automobile><automobile><person_id>29d8d3f3-7393-4d72-b84a-7ba445b959d5</person_id><license_plate>640HKC</license_plate><vin>L24P51HT29H659ZP6</vin><color>MediumVioletRed</color><year>1994</year></automobile><automobile><person_id>81f4cb33-2a15-4e32-8dae-6d8264a30090</person_id><license_plate>EXZ6484</license_plate><vin>A5SG3WU83KJZLZG4V</vin><color>RoyalBlue</color><year>2010</year></automobile><automobile><person_id>81f4cb33-2a15-4e32-8dae-6d8264a30090</person_id><license_plate>Q11 8KT</license_plate><vin>53F3KFCH5EKAVEBCK</vin><color>AntiqueWhite</color><year>1996</year></automobile><automobile><person_id>1cff9b5f-d96a-463f-8501-0fd1cf13220e</person_id><license_plate>ER-3996</license_plate><vin>L294MXA32J4TCMR16</vin><color>YellowGreen</color><year>2023</year></automobile><automobile><person_id>30198009-6611-46d0-a41d-5a38f91c4ca3</person_id><license_plate>91PE208</license_plate><vin>XTF9MF9P6XNMACFFY</vin><color>Cyan</color><year>2000</year></automobile><automobile><person_id>8217f107-ba55-488a-9782-8d2b949d6a2b</person_id><license_plate>BDK 771</license_plate><vin>UU2PFADU22CYJVFS1</vin><color>MediumBlue</color><year>2013</year></automobile><automobile><person_id>8217f107-ba55-488a-9782-8d2b949d6a2b</person_id><license_plate>867 PXL</license_plate><vin>URKWZAX7XK26P3KSN</vin><color>PapayaWhip</color><year>2012</year></automobile><automobile><person_id>56c0de8e-80a5-4d19-b83d-683c08ec805b</person_id><license_plate>JMR-2806</license_plate><vin>PNWWNRSJ26MSXSY1B</vin><color>Indigo</color><year>2001</year></automobile><automobile><person_id>524b97bd-7109-4b0e-9945-9bce1173483b</person_id><license_plate>5E 99205</license_plate><vin>L0M2A9C8890056MMY</vin><color>DimGray</color><year>1986</year></automobile><automobile><person_id>d662f431-7604-46d2-ae32-070d7d278419</person_id><license_plate>Q82-84Q</license_plate><vin>3BBUHKLK49ESEJ7J5</vin><color>DarkOrchid</color><year>1998</year></automobile><automobile><person_id>c8928634-fe8a-45fc-9420-1367fb74fad5</person_id><license_plate>CFW4309</license_plate><vin>DYZPS5WE84N6BTSMV</vin><color>CornflowerBlue</color><year>2010</year></automobile><automobile><person_id>c8928634-fe8a-45fc-9420-1367fb74fad5</person_id><license_plate>1PX0269</license_plate><vin>908BST9P1R0JPFN95</vin><color>Tan</color><year>2012</year></automobile><automobile><person_id>c8928634-fe8a-45fc-9420-1367fb74fad5</person_id><license_plate>1AO 677</license_plate><vin>77SZRPUH0ZYL51UZN</vin><color>Linen</color><year>1994</year></automobile><automobile><person_id>4c988c41-4196-4635-a436-d114564e6782</person_id><license_plate>143-YIW</license_plate><vin>PH6K3JNH1VPM7LDHR</vin><color>CornflowerBlue</color><year>2012</year></automobile><automobile><person_id>4c988c41-4196-4635-a436-d114564e6782</person_id><license_plate>573-NET</license_plate><vin>LWTZ2XCT0LJMCCVGE</vin><color>LavenderBlush</color><year>2008</year></automobile><automobile><person_id>4c988c41-4196-4635-a436-d114564e6782</person_id><license_plate>461-HNX</license_plate><vin>ESZ2M9B98X3FYUBET</vin><color>LightGray</color><year>2002</year></automobile><automobile><person_id>fec80483-cf23-4efe-a3f2-dc5642c92b07</person_id><license_plate>EL 77852</license_plate><vin>6CC0F6WT6VJSBX93L</vin><color>OldLace</color><year>1972</year></automobile><automobile><person_id>fec80483-cf23-4efe-a3f2-dc5642c92b07</person_id><license_plate>69W Z68</license_plate><vin>X2FZMT5T3564WXHU1</vin><color>Blue</color><year>2021</year></automobile><automobile><person_id>dd53a37c-c7e5-43e3-a064-b6a46f73f672</person_id><license_plate>ORV3605</license_plate><vin>ZATE15T57JZXDR5RB</vin><color>Magenta</color><year>2021</year></automobile><automobile><person_id>dd53a37c-c7e5-43e3-a064-b6a46f73f672</person_id><license_plate>260265</license_plate><vin>19HYJ5VU9WE5M2UEY</vin><color>LightPink</color><year>1990</year></automobile><automobile><person_id>f1a60f76-ada3-4337-afc6-c1ce3615c30a</person_id><license_plate>6YW R10</license_plate><vin>GY8EKV1F92R7LJC73</vin><color>Gold</color><year>1988</year></automobile><automobile><person_id>bea77bd8-8339-4edc-aab2-53253dfd7021</person_id><license_plate>979 1RM</license_plate><vin>SCT31S6PXC4HMRGLW</vin><color>MediumTurquoise</color><year>2008</year></automobile><automobile><person_id>bea77bd8-8339-4edc-aab2-53253dfd7021</person_id><license_plate>1RD06</license_plate><vin>CHXAFGTW3T91BJ1HN</vin><color>Snow</color><year>1970</year></automobile><automobile><person_id>c38cd5bd-3cd7-4d85-bbf6-618e19ccfc09</person_id><license_plate>900 XGT</license_plate><vin>FWD2MSGT9Z032BAVL</vin><color>SeaShell</color><year>2023</year></automobile><automobile><person_id>d6716782-7071-49ce-8800-c1f1198d12b3</person_id><license_plate>T63 4WS</license_plate><vin>229M5GP0313XK784F</vin><color>PaleGoldenRod</color><year>2022</year></automobile><automobile><person_id>8cc34281-f798-4b6e-8da6-f76b268368e4</person_id><license_plate>235-MNL</license_plate><vin>VMPSBZKR91RC08LXX</vin><color>DodgerBlue</color><year>1998</year></automobile><automobile><person_id>5584021c-a257-4838-a441-1401e999a6ce</person_id><license_plate>HJH-2201</license_plate><vin>VA54R4MD9XL0MRTUV</vin><color>PapayaWhip</color><year>2017</year></automobile><automobile><person_id>893c4ba5-6dff-448f-b749-ee82bb01468a</person_id><license_plate>656OWF</license_plate><vin>KR1PL9E24TK4YAVH5</vin><color>AntiqueWhite</color><year>2018</year></automobile><automobile><person_id>35b91193-7743-4a4e-b26d-51d11dbd5df8</person_id><license_plate>R30 5LZ</license_plate><vin>UV98T1AU5NKHLPAGV</vin><color>LightBlue</color><year>1986</year></automobile><automobile><person_id>ad133332-b4e4-429e-934d-a2af2a332c69</person_id><license_plate>26X A62</license_plate><vin>K9HBKG7W9V5EW03Z7</vin><color>LemonChiffon</color><year>1990</year></automobile><automobile><person_id>a82e04af-a2ef-4606-9ab2-6ec03ddd1889</person_id><license_plate>KAU 952</license_plate><vin>D5D5UTGE6PF3BKRHH</vin><color>OrangeRed</color><year>1972</year></automobile><automobile><person_id>154be2db-9fcf-457b-bc7c-831de8cbcefb</person_id><license_plate>310 ZFL</license_plate><vin>KWF8TL2Z6NVTZPAJ3</vin><color>Silver</color><year>2000</year></automobile><automobile><person_id>154be2db-9fcf-457b-bc7c-831de8cbcefb</person_id><license_plate>6759</license_plate><vin>RCCDPBK8273PS81HV</vin><color>Snow</color><year>1998</year></automobile><automobile><person_id>154be2db-9fcf-457b-bc7c-831de8cbcefb</person_id><license_plate>670 FA6</license_plate><vin>P5SHUS4P2KHRPX621</vin><color>DarkViolet</color><year>2022</year></automobile><automobile><person_id>ac1082f7-b081-4298-8e46-b26fd1af1ed6</person_id><license_plate>MSK 045</license_plate><vin>ADXEDKXH4UDRXFP3R</vin><color>DarkSlateGray</color><year>2012</year></automobile><automobile><person_id>3eec174a-53e3-4f11-bfc8-4706f8495a79</person_id><license_plate>454 IER</license_plate><vin>7CPFHABA26D9PUBSM</vin><color>LightCyan</color><year>1992</year></automobile><automobile><person_id>3eec174a-53e3-4f11-bfc8-4706f8495a79</person_id><license_plate>467-ODK</license_plate><vin>US44D0X35RS8XC4YW</vin><color>Fuchsia</color><year>2011</year></automobile><automobile><person_id>7bef54f0-6076-40b7-b18b-733fc660665a</person_id><license_plate>XKT 689</license_plate><vin>222F5PAJ90ZZDM61U</vin><color>LemonChiffon</color><year>2007</year></automobile><automobile><person_id>7bef54f0-6076-40b7-b18b-733fc660665a</person_id><license_plate>1-51273</license_plate><vin>JVDCXR5D5E9SXCSGU</vin><color>Sienna</color><year>1980</year></automobile><automobile><person_id>84624254-93fd-495f-afd4-0a7f62acdf92</person_id><license_plate>84OY3</license_plate><vin>BK8M7L0T26NY5HRK2</vin><color>PaleVioletRed</color><year>2016</year></automobile><automobile><person_id>39a2c03e-1fe7-430a-9577-f7f8e961f0f1</person_id><license_plate>IV-9221</license_plate><vin>AZSJ5DPC8DDDXPCWB</vin><color>DarkCyan</color><year>1990</year></automobile><automobile><person_id>39a2c03e-1fe7-430a-9577-f7f8e961f0f1</person_id><license_plate>3DUH173</license_plate><vin>JA3CEJ0Z5DWDCME9N</vin><color>DeepSkyBlue</color><year>1983</year></automobile><automobile><person_id>39a2c03e-1fe7-430a-9577-f7f8e961f0f1</person_id><license_plate>BBP 787</license_plate><vin>S72WV90E7CCLU7AB7</vin><color>DarkSalmon</color><year>1990</year></automobile></automobiles>