"id"|"first_name"|"last_name"|"sex"|"address"|"phone_number"|"profession"|"company"|"date_of_birth"
"682fa4c5-def7-4601-8437-5501a9e11802"|"Nathan"|"Garrison"|"M"|"539 Thornton Land Suite 697"|"(410)699-5727"|"Engineer, petroleum"|"Webster, Reynolds and Cline"|"2023-01-03"
"e8499498-1dfe-4097-9c08-d63158ce9e4d"|"Lynn"|"Goodwin"|"F"|"235 Gray Walks Apt. 075"|"001-210-300-1337x060"|"Automotive engineer"|"Petersen-Nelson"|"1965-09-29"
"a02c1b05-3e90-471e-8b0f-cf9d62ce3258"|"Michael"|"Smith"|"M"|"841 Matthew Valleys Suite 832"|"(740)709-5704"|"Press sub"|"King-Brown"|"1910-01-11"
"09ad3c2f-9bd0-4d24-8636-91c98ebae055"|"Eric"|"Green"|"M"|"469 Barron Hollow"|"842-677-1742"|"Research officer, trade union"|"Gibson-King"|"1957-05-13"
"a0875e5d-4748-475f-a08b-dd5b230b3c8d"|"Crystal"|"Barnett"|"F"|"241 Johnson Lake"|"988.343.6169x400"|"Actor"|"Glover, Johnson and Combs"|"1978-05-13"
"c3e6f161-1fe5-42fb-9884-815976903e03"|"Robert"|"Walker"|"M"|"656 Jennifer Track"|"355.285.0281x5864"|"Data scientist"|"Burke-Hanna"|"1960-05-26"
"be739f50-10c3-447b-a77f-9629e2e6ed13"|"Brett"|"Morrison"|"M"|"533 Phillip Spring"|"999.747.2316"|"Water quality scientist"|"Stewart, Rodriguez and Williams"|"1981-08-05"
"97f573d0-858a-4738-b0bf-460164e21f83"|"Justin"|"Welch"|"M"|"886 Randall Burg"|"205.638.4002"|"Bookseller"|"Robinson Group"|"2016-09-17"
"028b2505-a492-415e-b762-8357c119021b"|"Kayla"|"Hall"|"F"|"45 Barry Shoal Suite 612"|"311-252-0266"|"Musician"|"Bartlett-Green"|"1997-03-12"
"8d2719b1-0894-4645-a53d-9376c541c18e"|"Lisa"|"Morris"|"F"|"216 May Rest Suite 582"|"7735630513"|"Geophysical data processor"|"Black Inc"|"1912-02-08"
"89337032-7bbc-4d6b-a66c-7005e777e929"|"Sierra"|"Torres"|"F"|"717 Shepard Bridge"|"001-755-949-7746x446"|"Television floor manager"|"Anderson-Clark"|"1920-02-18"
"e9d9ec3d-f4c4-4977-80b8-ac98fcd5eafa"|"Lisa"|"Mitchell"|"F"|"823 Christine Gateway"|"441-484-6474x93178"|"Clinical scientist, histocompatibility and immunogenetics"|"Rodriguez-Mathis"|"1928-10-06"
"7403ac4f-d7c7-4126-912f-cac3aa80498f"|"Katie"|"Steele"|"F"|"514 Christopher Tunnel"|"001-486-349-4486x508"|"Engineer, control and instrumentation"|"Nelson-Mcbride"|"1951-05-31"
"0e81fa65-7e04-4885-a43a-e14df95a3d6d"|"Douglas"|"Villanueva"|"M"|"880 Jeffery Isle"|"+1-539-743-1731"|"Volunteer coordinator"|"George-Ferguson"|"1985-01-24"
"deac53a5-9ca6-4693-9b64-eadbec4430d1"|"Kenneth"|"Hubbard"|"M"|"342 Simpson Mill Apt. 030"|"359.360.7409"|"Engineer, electronics"|"Estrada-Cuevas"|"2022-12-01"
"3d86cd67-dc76-4377-a2dd-e1b6dc769e9d"|"Christina"|"Torres"|"F"|"144 Moore Crossroad Apt. 549"|"(716)298-6843x4616"|"Pharmacist, hospital"|"Harmon-Green"|"1972-04-22"
"7b4afbac-8c3f-4567-b43b-04ff2b5f027d"|"Maria"|"Ray"|"F"|"249 Jeffery Spur Suite 411"|"+1-800-449-5896x259"|"Nutritional therapist"|"Moreno, Munoz and George"|"1957-11-25"
"37ca6359-53f0-4431-ad57-e21fce3691a7"|"Courtney"|"Johnson"|"F"|"26 Arnold Cliffs"|"231-928-1888x03719"|"Clinical scientist, histocompatibility and immunogenetics"|"Roth Inc"|"2021-06-08"
"08db9702-a4c2-46b0-a3e0-6aa63858ceb4"|"Anthony"|"Baker"|"M"|"34 Randolph Way Suite 427"|"(600)954-4162"|"Administrator, charities/voluntary organisations"|"Fisher-Burch"|"1995-04-27"
"23a56bde-d3bc-4cf2-9528-dc699a0f5436"|"Donna"|"Nguyen"|"F"|"395 Ross Camp Apt. 134"|"903.608.2802"|"Administrator, Civil Service"|"Nelson PLC"|"1957-01-08"
"ff4097b1-1653-4a90-884f-e5425f7479f6"|"Monica"|"Leach"|"F"|"56 Phillip Spring"|"803-509-1628x81848"|"Programmer, multimedia"|"Mayo-Tucker"|"1923-07-14"
"b54b6a28-64ad-44ce-8197-c954a5acc7c7"|"John"|"Conway"|"M"|"423 Thomas Ford"|"001-639-630-4499x38229"|"Surveyor, building control"|"Martinez-Kramer"|"2023-01-12"
"16adf469-2b88-458c-b5af-0404d85a4838"|"Seth"|"Baxter"|"M"|"867 Vincent Mountain Apt. 316"|"926-817-7646"|"Multimedia programmer"|"Beard, Odonnell and Morgan"|"1968-04-05"
"63d51b56-d223-4db6-8986-1d2ecadf393b"|"Janice"|"Holmes"|"F"|"713 Jacobs Ports Suite 715"|"(801)216-2576x3018"|"Contractor"|"Cox-Bond"|"1944-05-28"
"e165af41-3c12-4e8f-871a-fdf43078d5e1"|"Richard"|"Craig"|"M"|"619 Davenport Fords"|"+1-205-883-6128"|"Corporate treasurer"|"Herring Group"|"1967-11-07"
"36e6ed3d-964e-4a4c-8302-33cfecb4fd7d"|"Nathan"|"Terry"|"M"|"850 Newton Wall"|"666.409.5828"|"Education officer, environmental"|"Doyle Group"|"1952-11-05"
"dfa9ec02-a586-4eb9-aaaf-1998aea29509"|"Anthony"|"Powers"|"M"|"544 Wilson Locks Apt. 694"|"760.851.7422"|"Solicitor"|"Mills and Sons"|"1955-06-05"
"b04febd9-9b49-415e-9bab-b184072c4745"|"Nicole"|"Fleming"|"F"|"386 Phillip Spring"|"816-939-9587"|"Chief Executive Officer"|"Washington and Sons"|"1975-12-13"
"d563b998-af43-4620-9d15-d63d9c024496"|"Nancy"|"Hubbard"|"F"|"747 Shelton Run"|"(931)302-7008"|"Presenter, broadcasting"|"Baker Inc"|"1928-09-21"
"4a470240-7327-4d0e-92a5-d963efb6935c"|"Rachel"|"Baker"|"F"|"84 Diana Point"|"5317494033"|"Ergonomist"|"Baker-Bennett"|"1972-02-02"
"d0d3e1cd-46f0-40a6-b558-be59bda6a1e6"|"Brittney"|"White"|"F"|"255 May Rest Suite 582"|"001-838-493-2201x957"|"Engineer, site"|"Tate-Smith"|"1976-06-25"
"ae711ec0-c086-43b3-8d46-dd04b03e9d84"|"Matthew"|"Hayden"|"M"|"982 Patricia Row"|"+1-859-545-3254x2018"|"Maintenance engineer"|"Day, Clark and Foley"|"1953-12-11"
"7d922942-bd3c-439a-8f6d-e9c6d36abdf3"|"Thomas"|"Ryan"|"M"|"523 Bailey Trail"|"001-369-982-1154"|"Counsellor"|"Taylor, Vega and Lopez"|"1944-04-06"
"13a4ab7b-3282-4f98-9dfb-dff3cff78bc7"|"Lacey"|"Mendoza"|"F"|"896 Jeffrey Run"|"+1-688-575-6087"|"Investment banker, operational"|"Andrews, Henson and Taylor"|"1928-10-05"
"274e40c3-fa93-4f44-8a4c-0e6c36917cea"|"Kimberly"|"Smith"|"F"|"171 Randall Burg"|"410.729.3343"|"Police Officer"|"TTPD"|"1914-11-24"
"a56bc74f-d570-4919-9dc1-93c8599d1d2b"|"Casey"|"Hale"|"F"|"956 Murphy Creek Suite 712"|"585-380-7728x1609"|"Research officer, trade union"|"Johnson-Andrews"|"2015-03-04"
"7370fd7f-181e-4324-8528-b080a1bfd6d4"|"Sandra"|"Hale"|"F"|"167 Jackson Harbors Suite 257"|"(866)981-1515"|"Writer"|"Bailey Ltd"|"1969-10-27"
"91bbc6c1-8a6a-41b9-8f92-bf2b5148febc"|"Jason"|"Gill"|"M"|"749 Nelson Estate"|"542-556-4585x54642"|"Personal assistant"|"Lopez PLC"|"1926-03-31"
"b039c895-6142-4056-8cdc-8e8a3b19e40b"|"Linda"|"Fuller"|"F"|"630 Michelle Isle Apt. 431"|"269-722-2001x3086"|"Financial manager"|"Harris, Bowen and Rosario"|"1941-12-24"
"a871a9fb-51d5-4aa1-bfbf-57ade7005def"|"Jason"|"Russell"|"M"|"605 Robert Way"|"949-375-8717"|"Transport planner"|"Ball and Sons"|"1949-10-26"
"3eb87365-822a-46c6-b7fc-487c12e8b752"|"Castro"|"Li"|"M"|"364 Alexandra Bridge Suite 474"|"(875)856-9201x29952"|"Youth worker"|"Bruce, Clark and Downs"|"2012-05-01"
"5e5071b7-87ea-4c48-893a-4b64e78ca8ed"|"Tracy"|"Craig"|"F"|"883 Jessica Mountains Suite 248"|"(828)461-4012"|"Wellsite geologist"|"Miller, Jones and Torres"|"1988-09-27"
"c54c95bd-d0c5-403b-8e07-810e3e0f04a6"|"John"|"Gardner"|"M"|"626 Ashley Landing"|"918.852.6431x6941"|"Commercial/residential surveyor"|"Miller Ltd"|"1992-01-04"
"df3dc7b7-3d26-490f-a0c5-be7de97fc525"|"William"|"Strickland"|"M"|"11 Alexis Freeway Apt. 358"|"656.472.4910x1944"|"Contracting civil engineer"|"Gibbs-Callahan"|"1936-04-02"
"a33b619d-9e0c-4cf8-b4a6-4ad80b39c5f4"|"Rachel"|"Li"|"F"|"825 Shepard Bridge"|"736-815-8828"|"IT technical support officer"|"Lynn-Harris"|"1940-09-23"
"c431e00b-ed80-403c-a4e3-80f70f85402f"|"Julie"|"Burke"|"F"|"448 Weeks Meadow Suite 683"|"+1-235-995-6762x6402"|"Animal technologist"|"Owens-Alvarado"|"1990-07-14"
"ca71c765-cdb4-47f8-810c-d5b38c3e3fcb"|"Valerie"|"Jones"|"F"|"791 Murphy Creek Suite 712"|"895.437.9431x977"|"Health service manager"|"Ramirez-Mendoza"|"1918-06-23"
"62914477-08f1-4035-b190-ccb8a199b583"|"Brandon"|"Suarez"|"M"|"157 Robinson Highway"|"419-210-1240x542"|"Printmaker"|"Love LLC"|"1992-06-17"
"9c8eaafb-5d15-48f2-8bbf-85186608597a"|"Jennifer"|"Bryant"|"F"|"219 Gray Walks Apt. 075"|"(307)958-4688"|"Actuary"|"Smith Group"|"1931-08-11"
"1796c9c1-7c7d-4d11-8c8d-8681b0f52027"|"Erin"|"Franklin"|"F"|"355 Collins Skyway"|"567-256-4736x32717"|"Administrator, local government"|"Turner Ltd"|"2016-01-28"
"e2155846-cecb-4713-9da8-8cface393ddf"|"David"|"Christian"|"M"|"868 Yates Harbor Suite 905"|"(204)927-7621"|"Police Officer"|"TTPD"|"1969-12-02"
"ccfe0b36-1f21-4845-bebd-e684394b6e40"|"Christina"|"Herrera"|"F"|"21 Michael Manor"|"+1-645-843-4455x8238"|"Firefighter"|"Cole, Stewart and Lewis"|"2014-12-11"
"68faa2da-bf2a-4e61-a227-19bff6f05cfc"|"Susan"|"Perez"|"F"|"266 Thomas Wall Suite 035"|"848-974-9067"|"Trade union research officer"|"Koch, Chapman and White"|"1933-03-18"
"24f29124-0d5f-4bfe-a9c6-986e21d19421"|"Christopher"|"Padilla"|"M"|"815 Jennifer Track"|"242-670-6975"|"Scientist, research (maths)"|"King and Sons"|"1930-02-03"
"3e14778c-6477-41c6-9619-e102134f7f53"|"Amber"|"Torres"|"F"|"395 John Fall Apt. 476"|"(826)964-1125"|"Accommodation manager"|"Austin-Keller"|"1924-05-18"
"1c7a403a-82d5-4bee-bb9d-3b9f38aa20e4"|"Christine"|"Velez"|"F"|"372 Ward Parkway Apt. 076"|"472-302-5182x8101"|"Musician"|"Russell, Henderson and Brock"|"2017-03-26"
"171b3ecb-c287-42f6-894c-8c708a10ae7b"|"Carla"|"Pham"|"F"|"722 Christopher Tunnel"|"(495)543-7589"|"Scientist, audiological"|"Allen-Sparks"|"2020-08-12"
"6826897b-03e1-4112-9658-24c9710ec701"|"Troy"|"Morris"|"M"|"392 Weaver Haven"|"881-774-1315x81878"|"Lecturer, further education"|"Johnston Group"|"1981-01-03"
"c60d7487-e1b2-4da4-a831-4072fac19c11"|"Laura"|"Jordan"|"F"|"263 Anderson Port"|"579.554.1569x97587"|"Contracting civil engineer"|"Russo, Warner and Russell"|"2007-08-10"
"ed460f54-87cd-425f-9dd3-926b3152c96c"|"Autumn"|"Cooke"|"F"|"850 Murphy Creek Suite 712"|"235-259-3341"|"Therapist, horticultural"|"Gilmore Group"|"1980-08-17"
"c622acee-f8f3-4fb4-be59-6b2677b4e8e4"|"Sean"|"Christian"|"M"|"431 Martin Field"|"+1-367-722-9229x52859"|"Soil scientist"|"Castro, Reeves and Ramos"|"2003-05-17"
"e6f39c22-f8b9-47b3-a8c6-fa52a66690c6"|"Kevin"|"Gomez"|"M"|"709 Kari Alley Suite 131"|"+1-649-223-9105x863"|"Conservator, museum/gallery"|"Wallace Inc"|"1980-06-29"
"b1a6fa34-c1b3-4cb0-ba39-a2e2401a52c4"|"Christopher"|"Cooke"|"M"|"913 Smith Avenue Apt. 759"|"369.814.1678x29744"|"Engineer, mining"|"Savage-Nguyen"|"1963-12-09"
"fce8508a-8349-400f-9199-cc57d85c3d7a"|"Chelsey"|"Arnold"|"F"|"664 Garcia Road Suite 143"|"001-511-723-9552x0342"|"Video editor"|"Anderson-Mills"|"1957-04-16"
"f090d14d-9eac-428b-a4bb-636aa230bce6"|"Travis"|"Brown"|"M"|"746 Andrew Street Apt. 107"|"001-446-690-1904x19575"|"Contracting civil engineer"|"Johnson Group"|"2019-12-16"
"a1af10ab-7e6f-4b41-b92d-1a10c515f933"|"Justin"|"Allen"|"M"|"569 Julia Station"|"001-749-754-9997"|"Scientific laboratory technician"|"Moore-Lowe"|"1972-03-26"
"421404e9-27bc-47ff-9c80-402f2baf6cd8"|"Richard"|"Harrison"|"M"|"402 Amber Wells"|"+1-279-791-2168x6949"|"Public house manager"|"Goodwin, Acosta and Sampson"|"1954-05-05"
"48cda270-dffc-42ea-a1e5-3346f5ed11d1"|"Haley"|"James"|"F"|"11 Heather Garden Suite 383"|"906.914.7472x5432"|"Fine artist"|"Gordon Ltd"|"1932-06-09"
"db640354-f31f-4801-af87-529861783d7e"|"Turner"|"James"|"F"|"825 Day Inlet"|"(495)790-6001"|"Hospital pharmacist"|"Carroll LLC"|"1978-11-16"
"84fc37df-4c06-4690-9e1e-7b90089188bf"|"Jennifer"|"Velez"|"F"|"206 Luna Loop"|"001-445-395-2732"|"Engineer, petroleum"|"Jones Inc"|"1954-01-15"
"ed7628ea-cf91-402e-a733-27ef05667602"|"Debbie"|"Rodriguez"|"F"|"749 Hensley Park Suite 873"|"3127030374"|"Building services engineer"|"Hardy PLC"|"1918-03-19"
"c3c21e47-53d0-4546-acb6-69e371c583ca"|"Henry"|"Rice"|"M"|"172 Warner Circle"|"6136133231"|"Comptroller"|"Guzman-Smith"|"1990-08-05"
"4cebd97d-c182-4d92-94ad-2e0cc00a809e"|"Todd"|"Taylor"|"M"|"161 Hart Estates Suite 718"|"3214891124"|"Lexicographer"|"Lewis and Sons"|"1943-11-22"
"54fee8c1-18a7-42a2-b906-b8a7c2c91bdd"|"Kristin"|"Gray"|"F"|"944 Tiffany Gateway"|"260.297.7588x2077"|"Patent attorney"|"Parrish Ltd"|"1928-09-10"
"1a9f6cec-1507-4aa3-b64d-778e6d260546"|"Ariel"|"Allen"|"F"|"889 Robert Way"|"250.916.8851"|"Journalist, newspaper"|"Smith, Dudley and Lara"|"1968-11-04"
"bc7150a9-6e8c-4dd2-9e98-73be66e197a1"|"Vanessa"|"Martin"|"F"|"551 Day Inlet"|"(639)787-6386x27956"|"Programmer, systems"|"King Ltd"|"1952-05-13"
"4ff81bcc-fb55-4d2d-89e0-dcbdf4d6753b"|"Harris"|"Williams"|"M"|"721 Johnson Plains Suite 376"|"922.751.9183"|"Seismic interpreter"|"Adams LLC"|"1989-10-12"
"ae9befde-8bf0-41a6-aad1-059fb33a42a0"|"Melissa"|"Little"|"F"|"612 Elizabeth Creek Apt. 423"|"+1-904-354-3358"|"Learning disability nurse"|"Frazier-Parker"|"1952-06-16"
"c50a9aff-578f-4599-bc5f-2ad0e3610849"|"Oconnor"|"Welch"|"F"|"305 Kari Alley Suite 131"|"(921)993-6026x6274"|"Veterinary surgeon"|"Todd, Nelson and Collins"|"2015-05-12"
"c51f7e7f-b79d-45ad-ac18-2ee6fa94daa3"|"Alicia"|"Gonzalez"|"F"|"4 Donald Village Apt. 289"|"(415)944-8730"|"Medical secretary"|"Pierce, Lee and Reyes"|"1954-06-17"
"b362ca95-8634-43ca-a107-96115ac1f981"|"Mary"|"Howard"|"F"|"716 Alexandra Bridge Suite 474"|"001-589-386-6823x49082"|"Financial risk analyst"|"Myers, Aguilar and Weaver"|"2010-01-12"
"5cd1e2fa-8435-4158-bf97-6df1f805b5e6"|"Rebecca"|"Smith"|"F"|"508 Oneal Underpass"|"730-866-7499"|"Forensic psychologist"|"Herrera-Hoffman"|"1914-01-18"
"e6debaf0-10a2-4ec9-9958-b6a7f5c71a32"|"Charles"|"Pena"|"M"|"907 Garcia Road Suite 143"|"(734)219-8950x259"|"Operational researcher"|"Mack, Anderson and Fischer"|"1967-12-03"
"894b0e10-066d-4d15-9716-4b8b330a97bf"|"Mark"|"Wallace"|"M"|"898 Welch Walk"|"(302)852-6815x33852"|"Purchasing manager"|"Wright-Kelley"|"2016-07-14"
"7fe18fdd-8e03-47e6-8b51-cac47d2aa65e"|"Morgan"|"Gomez"|"F"|"843 Warner Circle"|"374.329.4692x7774"|"Administrator"|"Alexander-Lucas"|"1937-07-30"
"216745a8-b8a8-48ff-bc38-53f10bcbb8b2"|"Shelly"|"Morrison"|"F"|"506 Johnson Plains Suite 376"|"(923)984-3073x06094"|"Runner, broadcasting/film/video"|"Perez-Marsh"|"1950-04-27"
"759443af-bcde-40d7-a6a9-7ef3fd5f49b8"|"Francisco"|"Cordova"|"M"|"317 Brown Canyon Apt. 503"|"929.597.1507x0729"|"Insurance claims handler"|"Best LLC"|"1949-08-25"
"f645cc28-0f35-491a-867f-9fa7e643a95a"|"Scott"|"Garcia"|"M"|"960 Christopher Tunnel"|"857.864.6101x18111"|"Interpreter"|"Brown LLC"|"1947-06-07"
"bbafa244-e99e-4585-9961-bc7ec22e934f"|"Nicole"|"Smith"|"F"|"176 Mills Springs"|"984.808.2693"|"Software engineer"|"Garza, Cross and Fletcher"|"2009-06-14"
"8c285383-be06-4eb8-9934-e1fb666d00e2"|"Brock"|"Zuniga"|"M"|"78 Chandler Tunnel Suite 681"|"001-542-587-6065"|"Museum/gallery exhibitions officer"|"Wilson, Moore and Smith"|"1912-02-09"
"0cdefef5-eb0a-4248-9413-bd0248d8453d"|"Pamela"|"Morris"|"F"|"882 Rosario Loop"|"607-496-8584x06263"|"Marine scientist"|"Smith Group"|"1984-02-25"
"162f098f-0ff1-421d-9ca1-01284040dc07"|"Angela"|"Mccullough"|"F"|"154 Jeffery Spur Suite 411"|"592.300.5136"|"Soil scientist"|"Adams PLC"|"1928-11-15"
"687e2b1f-f479-4f7b-9c9a-99d5a3ad2401"|"Erik"|"Orozco"|"M"|"178 Cox Turnpike Apt. 083"|"001-980-925-4063"|"Radiation protection practitioner"|"Ramos, Nguyen and Wilson"|"2022-09-16"
"769796a2-7135-4dfd-ad79-57f550bc9302"|"Victoria"|"Barnes"|"F"|"830 Matthew Valleys Suite 832"|"5609168715"|"Horticultural therapist"|"Watson-Lewis"|"1955-09-07"
"06527503-2aca-44f4-a3f9-0906668398d5"|"Steven"|"Mckee"|"M"|"848 Elizabeth Creek Apt. 423"|"360-730-2309"|"Surveyor, quantity"|"Estrada, Nunez and Crosby"|"1913-11-26"
"9e6e66a6-85c4-4d2f-9b26-c1e0e5408478"|"Brittany"|"Cunningham"|"F"|"87 Danielle Estates"|"001-489-635-5271"|"Designer, interior/spatial"|"White, Brown and Ramos"|"1939-09-02"
"648225f6-b12d-4fa3-9125-76012ddf5c1c"|"Terri"|"Ryan"|"F"|"275 Dakota Extensions"|"(297)309-7894x70383"|"Chief Executive Officer"|"Juarez PLC"|"2010-02-15"
"9e76f795-357f-494f-8fb8-fc62375b89eb"|"Roger"|"Blair"|"M"|"471 King Land"|"346-730-6663x47156"|"Scientist, research (physical sciences)"|"Wyatt-Mullins"|"1965-08-30"
"9a96a95c-5036-4954-a39d-67cb38f12b9b"|"Joseph"|"Young"|"M"|"644 Hernandez Parkways Suite 200"|"+1-644-738-1741x8327"|"Ceramics designer"|"Miller PLC"|"1949-03-31"
"d35d277e-133d-4a3c-9954-d5fdfc1f9bb9"|"Krista"|"Evans"|"F"|"807 Weeks Meadow Suite 683"|"001-421-347-4925x839"|"Insurance account manager"|"Elliott-Martinez"|"1943-09-11"
"efd0154a-0caf-4128-a357-09c3cf66ef5c"|"Ashley"|"Casey"|"F"|"925 Quinn Divide"|"001-589-445-9193x5870"|"Accountant, chartered management"|"Jackson-Lin"|"1915-05-05"
"029c5f25-23ac-4bd8-85a5-eef2b0cec2bd"|"Michael"|"Shelton"|"M"|"596 Parks Trace Suite 497"|"573-470-3435x524"|"Armed forces technical officer"|"Tyler-Powers"|"1967-06-20"
"a40e1890-9ab1-4aea-8ff1-d619aa96d05d"|"Gabrielle"|"Welch"|"F"|"719 Alexandra Bridge Suite 474"|"312-986-6079"|"Accounting technician"|"Johnson, Wagner and Elliott"|"1971-11-25"
"8946c0f9-ed9c-4714-b31c-0db2a9d246fe"|"Arias"|"Torres"|"M"|"758 Catherine Cove"|"2014418477"|"Scientist, water quality"|"Whitaker, Jones and Boyer"|"1913-06-12"
"4035dfa7-7f0e-4c60-8af0-863f2e81dd0b"|"Gabriel"|"Mejia"|"M"|"421 Martin Field"|"578.643.5592"|"Sound technician, broadcasting/film/video"|"Parker, Holder and Martinez"|"1947-05-31"
"dab626f7-8aab-4228-8047-4fafa9082daf"|"Brian"|"Conway"|"M"|"770 Catherine Cove"|"914.839.6276"|"Secretary/administrator"|"Lopez LLC"|"2016-05-01"
"6cbbf6a4-52c5-482f-8056-9e9144ce88b6"|"Melissa"|"Matthews"|"F"|"471 Collins Skyway"|"001-547-886-0375"|"Oncologist"|"Holland, Ramos and Miller"|"1914-07-18"
"7240b8f3-6e3e-44e0-8a08-87a4f5c0f499"|"Karen"|"Garcia"|"F"|"171 Ashley Landing"|"646-731-0301"|"Television floor manager"|"Mays-Fischer"|"1940-12-03"
"18ed5d94-c666-419a-b2ce-02bcb93c8b86"|"Richard"|"Jordan"|"M"|"698 Robert Way"|"328-606-3636"|"Chartered loss adjuster"|"Wilson and Sons"|"1943-10-22"
"7c49e274-8fc1-4079-91bb-f45a6e6e824d"|"Jodi"|"Smith"|"F"|"657 Andrew Street Apt. 107"|"001-965-354-8699x441"|"Public relations officer"|"Wood Group"|"1990-04-12"
"94c9ca03-cd7b-4fd0-bdbe-7bac0471ccf2"|"Shane"|"Schwartz"|"M"|"570 Higgins Port Apt. 001"|"841-239-2680"|"Radiographer, diagnostic"|"Moore-Ochoa"|"1973-02-23"
"1886c9ea-baae-4308-8119-8c48cba52086"|"Christopher"|"Phillips"|"M"|"963 Jeffery Isle"|"001-698-948-0002x9264"|"Ergonomist"|"Whitehead Ltd"|"2003-11-01"
"47336851-348d-4dc1-a30e-758d30ecf844"|"Christopher"|"Castaneda"|"M"|"434 Robin Junctions Apt. 618"|"307.759.2927"|"Prison officer"|"Jackson, Jensen and Hernandez"|"2022-04-22"
"03b90fd2-806c-4870-a5ce-0559b7f5bc9b"|"Michael"|"White"|"M"|"403 Shelton Run"|"(342)625-8413"|"Copywriter, advertising"|"Taylor-Copeland"|"1976-10-08"
"59f45202-6775-467f-9817-882aea461abc"|"Lynn"|"Gonzalez"|"F"|"823 Gray Walks Apt. 075"|"(746)898-8606x3622"|"Fine artist"|"Turner Group"|"2016-05-26"
"6eb28329-fdd3-4c84-829f-7b513aed1fa5"|"Vickie"|"Freeman"|"F"|"535 Brian Course"|"700.362.5806x0593"|"Psychologist, educational"|"Dunn-Aguilar"|"1914-03-17"
"993f8a7c-4ef1-4156-9ba7-4a012e238a7e"|"Sarah"|"Curry"|"F"|"603 Ashley Landing"|"(610)453-5630x056"|"Equities trader"|"Johnson, Vaughn and Taylor"|"1952-01-31"
"eeae274e-210a-46e5-806a-615b8baebc6d"|"Jordan"|"Reyes"|"M"|"431 Ashley Landing"|"779-789-1010x73179"|"Company secretary"|"Blair-Cruz"|"1991-11-11"
"b815cf0c-960a-4416-b9d7-d58305b1879c"|"James"|"Ramirez"|"M"|"359 Christopher Ways"|"+1-377-983-8634x1866"|"Commissioning editor"|"Bishop-Schmidt"|"2020-09-23"
"ab1f9edd-84e2-4d8f-a6c5-58ef091c230a"|"Patricia"|"Holmes"|"F"|"770 Anderson Port"|"595-940-4291x72920"|"Engineer, civil (consulting)"|"Hardin-Andrews"|"1966-09-19"
"15df2f64-84ff-445d-a74c-78cc82f58b04"|"Walter"|"Rivera"|"M"|"993 Smith Ranch Suite 211"|"841.443.5537x4473"|"Administrator, Civil Service"|"Hayes-Bowers"|"2022-09-29"
"7c17b813-c89e-4fe9-b1f5-47d4b29471e2"|"Stephanie"|"Torres"|"F"|"573 Ward Parkway Apt. 076"|"824.663.1894"|"Midwife"|"Ramirez, Spencer and Kirby"|"1925-11-01"
"a4baa960-934f-4cd2-92f8-4fa67d61fd4f"|"Brian"|"Clark"|"M"|"31 Montoya Walk Apt. 578"|"+1-538-645-2791"|"Holiday representative"|"Peterson Group"|"1920-07-27"
"8dad7d26-38e7-428c-88f2-5d56a58c0232"|"Tracy"|"Mendoza"|"F"|"936 Banks Curve Apt. 123"|"001-319-855-0823"|"Barista"|"Little, Thomas and Lawson"|"1981-04-06"
"9aaab1df-efc1-4811-bbba-99b81eca2965"|"Ashley"|"Wood"|"F"|"579 Heather Garden Suite 383"|"389-746-0422x30611"|"Cabin crew"|"Alexander-Vargas"|"1923-12-30"
"f2c8e271-1e8e-4f16-9999-addb00f20306"|"Christopher"|"Mitchell"|"M"|"654 Matthew Keys"|"628.281.7996x865"|"Engineering geologist"|"Johnson, Wagner and Hale"|"1943-08-14"
"e1540e65-8000-44bb-b932-21322bee7044"|"Nancy"|"Jones"|"F"|"540 Brian Course"|"993-406-6750"|"Engineer, electronics"|"Scott, Andrews and Anderson"|"1908-10-31"
"5fb39d16-4579-4593-a04f-15b1601ec9a8"|"Joanna"|"Curry"|"F"|"19 Jackson Harbors Suite 257"|"+1-236-700-7498x942"|"Engineer, biomedical"|"Sharp PLC"|"2021-08-01"
"f603bf8e-da6e-4acc-bd42-0fde2daeba97"|"Catherine"|"Pham"|"F"|"986 Randall Burg"|"(322)529-0293"|"Systems analyst"|"Manning-Turner"|"1967-01-07"
"adbd8f07-011f-4e3b-8dcb-e2508e20bf0c"|"Perry"|"Gonzalez"|"M"|"264 Robin Junctions Apt. 618"|"001-778-444-8785x22703"|"Hospital doctor"|"Ellison, Cox and Richards"|"2002-06-18"
"28968ebc-3c3c-405f-8a06-7db857d14b87"|"Larry"|"Smith"|"M"|"320 Lewis Trace"|"338.599.9966x58001"|"Insurance account manager"|"Wheeler LLC"|"1969-09-14"
"7e9810ef-55c9-449d-bdc1-be666897fd2e"|"David"|"Smith"|"M"|"118 Weaver Haven"|"731-581-6357"|"Clothing/textile technologist"|"Wilson and Sons"|"2010-03-25"
"13cad869-66bc-4ffb-95a9-7edaf3dae8b0"|"Shelly"|"Terry"|"F"|"946 Scott Valleys Suite 598"|"566-552-0508"|"Administrator"|"Castillo and Sons"|"1924-01-12"
"5c26cf8e-7b1d-4940-a720-5ce00a39c2e2"|"Jeff"|"White"|"M"|"286 Davenport Fords"|"6757985158"|"Radio broadcast assistant"|"Hughes, Allen and Scott"|"1959-06-24"
"b7fda433-f754-480c-a33e-948d05292e69"|"Jacob"|"Aguirre"|"M"|"999 Elizabeth Creek Apt. 423"|"001-545-942-0814x43897"|"Psychotherapist"|"Graham-Watkins"|"1933-01-09"
"e0aa2aa9-f387-4798-a836-0df179132754"|"Angela"|"Conway"|"F"|"19 Dakota Extensions"|"(718)429-5430"|"Customer service manager"|"Fisher Group"|"1920-11-13"
"dc3d5365-b151-4b82-aa38-e667a1b82374"|"Jessica"|"Anderson"|"F"|"75 Evans Ports Suite 383"|"+1-644-401-4962x298"|"Neurosurgeon"|"Smith and Sons"|"1991-10-10"