"id"|"first_name"|"last_name"|"sex"|"address"|"phone_number"|"profession"|"company"|"date_of_birth"
"176e152c-c837-4f02-8414-8d0f4d780ac2"|"Matthew"|"Miller"|"M"|"783 Yvette Loop"|"+1-881-995-3309"|"Public affairs consultant"|"Oliver Ltd"|"1909-05-26"
"ebee56bd-83f6-4e61-9235-e67212440b6d"|"Meghan"|"Powers"|"F"|"83 Parks Trace Suite 497"|"001-940-274-0453x563"|"Sports development officer"|"Brown, Houston and Torres"|"1994-02-17"
"dbfebfd1-fd32-41a4-9e0f-01e135860b05"|"Karen"|"Stewart"|"F"|"950 Heather Garden Suite 383"|"+1-561-709-3100x746"|"Administrator"|"Rios Group"|"1994-09-09"
"6dd79600-9545-4ae6-bad1-2266ce2114c4"|"Kevin"|"Henderson"|"M"|"130 Weaver Haven"|"896.769.8900x19971"|"Accounting technician"|"Elliott-Perry"|"1955-08-02"
"206296c2-96a1-4889-8af8-faa3d93f5ef6"|"James"|"Torres"|"M"|"262 Matthew Valleys Suite 832"|"001-823-882-9785x6515"|"Oceanographer"|"Ramirez-Boyer"|"1950-02-05"
"03a0067c-cf68-4d05-a627-8e4c173ddf58"|"Erica"|"Cochran"|"F"|"375 Michelle Isle Apt. 431"|"+1-400-538-1739"|"Housing manager/officer"|"Barnes Ltd"|"1921-01-22"
"71c81bfa-3ebe-4d1d-873c-cc64a9bf2f69"|"William"|"Osborne"|"M"|"108 Parks Trace Suite 497"|"(879)719-9811x4360"|"Chartered public finance accountant"|"Bird, Bauer and Mccormick"|"1908-11-16"
"a5c12936-7565-4e9b-92e8-9ae38f5b2633"|"Cassandra"|"Baker"|"F"|"302 Evans Ports Suite 383"|"(392)640-1434"|"Public relations officer"|"Mccarty-Mcintosh"|"1944-12-29"
"6eb65845-af3f-43e4-ae12-5f4c439226f1"|"Bradley"|"Holmes"|"M"|"502 Garcia Road Suite 143"|"001-398-507-3509x3249"|"Advertising copywriter"|"Espinoza Group"|"2022-03-19"
"6175dc9a-a225-4f00-8295-b62523220abf"|"Jeremy"|"Simon"|"M"|"809 Randolph Way Suite 427"|"(608)259-6093"|"Engineer, land"|"Kim, Byrd and Anderson"|"1981-07-19"
"ec3c8f4b-32e3-4850-b02b-c994cce92040"|"Michael"|"Romero"|"M"|"653 Monica Burgs Suite 695"|"+1-470-523-6560x66967"|"Equality and diversity officer"|"Lopez-Luna"|"1970-02-08"
"51f3a79c-5889-4c17-9d10-c56d2445489a"|"Nathan"|"Morgan"|"M"|"900 Troy Centers"|"(780)314-3383"|"Art therapist"|"Hernandez, Barrett and Wells"|"1988-07-22"
"fa876af5-16c2-4501-800d-23f17944c2ab"|"Cody"|"Roberts"|"M"|"30 Catherine Lock"|"001-809-717-3489x8325"|"Health promotion specialist"|"Ferguson-White"|"2015-01-09"
"7d06c10c-502f-47d6-a729-25c1ee1992d5"|"Ryan"|"Smith"|"M"|"108 Lynn Lake Suite 253"|"7745519380"|"Chartered loss adjuster"|"Olson, Espinoza and Robinson"|"1957-01-13"
"38434b93-e55a-475f-9b5f-33fe043e456b"|"Yates"|"Cervantes"|"M"|"161 Ortiz Brooks"|"452.824.3119"|"Industrial buyer"|"Bryant, Spears and Garcia"|"1973-03-10"
"27317c4d-6adb-489f-a5ed-07b61defa483"|"Christine"|"Burton"|"F"|"352 Weeks Meadow Suite 683"|"001-661-328-2574x35487"|"Haematologist"|"Norris-Tanner"|"1993-01-02"
"f491cba2-f9d9-4061-8bce-2a9e2bc8ddcf"|"David"|"Lynch"|"M"|"630 Amanda Curve"|"001-518-635-8211x65318"|"Magazine journalist"|"Zimmerman-Huff"|"2009-10-18"
"d0789142-631b-4bd5-bbe1-3a266e083d2a"|"Deborah"|"Johnson"|"F"|"533 Wilson Locks Apt. 694"|"635.376.6788x696"|"Best boy"|"Mckinney and Sons"|"1960-01-18"
"7f146cae-46e4-4c65-9a36-456a4ed4d4e7"|"John"|"Riddle"|"M"|"147 Jones Courts Apt. 083"|"6453949733"|"Insurance broker"|"Mahoney, Gates and Lewis"|"1967-09-10"
"c05dcbde-54ed-4384-9ae5-a8796726c6d6"|"Lucas"|"Cochran"|"M"|"724 Dakota Extensions"|"(394)793-0495x744"|"Barrister's clerk"|"Howard LLC"|"1910-05-02"
"5971ce01-9b9d-445e-89eb-5015a6e37aab"|"Lee"|"Johnston"|"M"|"115 Donald Village Apt. 289"|"321.707.2184x062"|"Tour manager"|"Lee Ltd"|"1933-08-27"
"ca6d2784-75c4-43de-b97b-19079ae357b2"|"Sherri"|"Holmes"|"F"|"407 Porter Overpass"|"437.968.9574x7796"|"Journalist, broadcasting"|"Tucker-Peterson"|"1996-11-24"
"05597263-0c3d-43a8-9b7d-79d67522bea6"|"Jessica"|"Mitchell"|"F"|"630 Shelton Run"|"562-634-0753x7695"|"Hydrologist"|"King Inc"|"1937-08-03"
"2f722ce3-37bb-45fa-80f7-e01cde15bf5c"|"Elizabeth"|"Smith"|"F"|"535 Bailey Trail"|"(909)819-8829"|"Forensic scientist"|"Booth Inc"|"1957-11-26"
"8808e843-f524-487a-9d3a-9651bc82b33d"|"Sandra"|"Smith"|"F"|"497 Anderson Port"|"001-860-427-1671"|"Engineer, mining"|"Carney, Powers and Tate"|"1936-04-07"
"017d7276-ea55-4dfc-9e45-c179dfa6c2e3"|"Valerie"|"Drake"|"F"|"343 Alexis Run Suite 764"|"001-973-704-2163x16761"|"Engineer, agricultural"|"Smith-Nelson"|"1980-05-10"
"db646bd4-5351-47d3-8a19-2124527ddd38"|"Maria"|"Conway"|"F"|"751 Bailey Trail"|"001-270-930-9506x06251"|"Commercial art gallery manager"|"Hernandez Ltd"|"2001-08-15"
"124bbed1-cb10-42eb-b840-fafe3fc03458"|"James"|"Garrison"|"M"|"791 Cox Turnpike Apt. 083"|"(486)736-5591"|"Archivist"|"King-Bell"|"1977-12-24"
"dec574a4-aa01-4baf-9aa2-a23b19a84aae"|"Lisa"|"Ramirez"|"F"|"785 Jeffery Spur Suite 411"|"985-309-7022"|"Naval architect"|"Mcgee, Day and Archer"|"1927-09-24"
"01fcce6b-5709-40ff-be2c-12dea78f516f"|"Linda"|"Welch"|"F"|"745 Collins Skyway"|"569.560.3631x2935"|"Industrial/product designer"|"Brown Ltd"|"1924-11-19"
"42c1d0cb-629c-4a24-ab9b-ab3e06314537"|"Monica"|"Ramos"|"F"|"320 Yates Harbor Suite 905"|"+1-459-541-6099x58206"|"Paediatric nurse"|"Reed-Snyder"|"2005-10-23"
"4b56b378-d851-4d0b-b8c3-2197f0bdd68e"|"James"|"Stone"|"M"|"108 Morales Gardens Suite 197"|"(878)971-4244x14726"|"Designer, graphic"|"Smith, Smith and Warren"|"1938-04-22"
"3f4d3de4-e624-4db5-83c5-16230e6bee20"|"Ashley"|"Burke"|"F"|"457 Jordan Vista Apt. 756"|"(597)876-8275x471"|"Teacher, English as a foreign language"|"Chen Ltd"|"1919-05-28"
"cca1b8af-c974-436e-82d2-fc2699e47b31"|"Donald"|"Hall"|"M"|"505 Murphy Creek Suite 712"|"733-227-9848x6254"|"Minerals surveyor"|"Boyd-Mcneil"|"1938-08-05"
"8d4a451f-af75-4bbd-be33-50ef653085a2"|"Kaitlyn"|"Anderson"|"F"|"837 Charles Extension Apt. 046"|"684-785-8397"|"Geophysicist/field seismologist"|"Hartman-Knight"|"1967-10-11"
"adc406f6-1c93-4603-8d8b-5b62e8e07ba3"|"Elizabeth"|"Romero"|"F"|"514 Thomas Ford"|"850.570.7794"|"Advertising copywriter"|"Davis PLC"|"1949-01-11"
"5c6422a6-6ed6-468b-84b7-9e2029b3b2f9"|"Sharon"|"Stone"|"F"|"63 Rachel Pine"|"(864)486-4251"|"Administrator, sports"|"Arnold, Anderson and Phillips"|"2020-07-07"
"da8db0f2-2ba5-4833-9755-d2e386e2027b"|"Billy"|"Mills"|"M"|"417 Randolph Way Suite 427"|"001-471-995-6122x832"|"Firefighter"|"James, Holland and Ball"|"1950-07-26"
"f5610530-b6f5-464d-8a5e-8be95487e30d"|"Frank"|"Haney"|"M"|"619 Jackson Harbors Suite 257"|"664-747-9586"|"Electronics engineer"|"Hall, Campos and Glass"|"1978-11-05"
"eb2bd063-289b-4df2-9cfb-eeff757549b5"|"Gregory"|"Jordan"|"M"|"824 Daniel Plaza"|"242-578-9669x258"|"Senior tax professional/tax inspector"|"Ross, Marks and Parrish"|"1937-06-16"
"901f10c5-05ea-45a5-896e-35ecb84acb75"|"Diana"|"Martin"|"F"|"837 Welch Walk"|"907.692.0091"|"Environmental education officer"|"Garcia, Dillon and Lane"|"1958-08-27"
"58b78e76-735c-4c36-9607-4cf7c1c26984"|"David"|"Smith"|"M"|"506 Jeffery Village"|"7713010966"|"Media buyer"|"Brown-Carter"|"2008-11-21"
"010bea0e-f1f7-4632-a084-5d2c12e7e4e2"|"Steven"|"Green"|"M"|"276 Johnson Lake"|"329.698.2940x590"|"Engineer, electrical"|"Marquez, Ross and Williams"|"2020-09-03"
"0124f0c9-b5d0-4f09-9800-dbdc56a3e310"|"Erica"|"Fernandez"|"F"|"443 Marquez Lane"|"(572)939-5164"|"Learning disability nurse"|"Chambers PLC"|"1997-12-08"
"147766d7-57e4-4dca-bc73-450cdcd23181"|"Michael"|"Gonzales"|"M"|"30 John Fall Apt. 476"|"865.615.4740"|"Marine scientist"|"Rojas-Welch"|"1919-06-05"
"8db32faa-93c9-4cdb-a7e3-e16772a1cfb8"|"William"|"Jackson"|"M"|"513 Gray Walks Apt. 075"|"+1-583-707-9356x04841"|"Trade mark attorney"|"Rodgers, Dixon and Marquez"|"1958-06-24"
"df87cc27-23f4-4aa6-9576-f90837917305"|"Hodges"|"Leach"|"F"|"785 Amanda Curve"|"+1-845-329-7342x15808"|"Editorial assistant"|"Nelson, Conrad and Jackson"|"2002-10-25"
"86435df9-36e8-45e5-a2b4-51deae0202b9"|"Scott"|"Hall"|"M"|"118 Newton Wall"|"358-761-0316x30024"|"Gaffer"|"Floyd, Murray and Harris"|"1943-05-15"
"0af04fe2-6613-4513-8b08-7542bbfdff8c"|"Donald"|"Cochran"|"M"|"604 Lee Burgs"|"(960)219-0043"|"Secondary school teacher"|"Mccarthy, Griffith and Davis"|"1956-05-20"
"816c4761-3ece-489d-ba92-503157761651"|"Lisa"|"White"|"F"|"93 Warner Circle"|"001-462-507-1359x582"|"Aeronautical engineer"|"Green, Freeman and Thompson"|"1998-02-21"
"8ef6adbf-f7c9-4928-83b9-e956f0fddabd"|"Tamara"|"Gillespie"|"F"|"576 Martin Field"|"6584700377"|"Brewing technologist"|"Jones-Mitchell"|"1921-03-14"
"4cc6e0e8-cf6d-4396-8be0-5d01a269d674"|"Anthony"|"Nguyen"|"M"|"272 Monica Burgs Suite 695"|"001-881-675-5140x840"|"Technical sales engineer"|"Tran, King and Armstrong"|"1948-02-02"
"bf4cd963-bd20-401b-b61a-1d5658ac3f54"|"Danielle"|"Smith"|"F"|"383 Lee Burgs"|"001-464-551-5068x597"|"Cabin crew"|"Welch-Love"|"1961-01-23"
"d72ff61d-fa64-4bca-bedb-d2c0db0e64cc"|"Amy"|"Holmes"|"F"|"988 Alexandra Bridge Suite 474"|"001-623-860-6540x9715"|"Retail manager"|"Romero and Sons"|"1919-01-10"
"5aa7a84a-930c-4229-9347-00345739b471"|"Richard"|"Phillips"|"M"|"511 Tyler Knoll Apt. 752"|"7029694578"|"Fashion designer"|"Brennan, Weber and Miles"|"1909-09-05"
"0282aa43-d420-4f29-903a-3d3b937da37b"|"Kimberly"|"Suarez"|"F"|"473 Anderson Port"|"699-505-0552x09864"|"Retail buyer"|"Perez Ltd"|"1953-10-05"
"0656b840-a464-4648-8ed0-e0624b70eb79"|"Lynch"|"Gonzalez"|"M"|"568 Catherine Lock"|"549-215-8947x5465"|"Broadcast presenter"|"Olsen-Barry"|"1973-01-29"
"02c71f67-11a8-4d69-b6ea-d4d326457bd6"|"Samuel"|"Roberts"|"M"|"651 Phillip Spring"|"704-652-5736"|"Administrator, education"|"Hughes-Foster"|"1969-06-03"
"20854cae-5264-4116-8647-defeb61c643f"|"Joseph"|"Pena"|"M"|"516 Haney Prairie Suite 518"|"(809)877-0825x2726"|"Private music teacher"|"Ellison, Castillo and Russo"|"1967-09-18"
"adce6936-533a-4045-bdd2-7ad1f2982011"|"James"|"Riley"|"M"|"402 Jackson Harbors Suite 257"|"886.615.4442x0575"|"Engineer, energy"|"Richardson PLC"|"1960-11-01"
"db8605df-ce7f-4576-b57e-2d9c2e75ae22"|"Elizabeth"|"Padilla"|"F"|"403 Wilson Locks Apt. 694"|"208.461.7697x13693"|"Surveyor, building"|"Franklin-Hays"|"1985-09-22"
"95552d3f-e867-49e3-bf52-7b91447cfeeb"|"Autumn"|"Gardner"|"F"|"627 Ashley Landing"|"+1-485-991-2675x2437"|"Community pharmacist"|"Wright-Molina"|"1987-03-13"
"6eebca2d-5d35-4445-9f79-0c20523a84bd"|"Tyler"|"Martin"|"M"|"464 Lee Burgs"|"(966)606-2457"|"Special effects artist"|"Brown, Gray and Scott"|"1989-01-23"
"59176b82-bfc9-4766-90ab-13fef7050eeb"|"Lauren"|"Fernandez"|"F"|"549 Jonathan Stravenue"|"610.646.5660"|"Chief of Staff"|"Cobb-House"|"1962-04-19"
"1fa763d6-fc56-412b-8b0c-3e2615e9257c"|"Norma"|"Bond"|"F"|"79 Arnold Cliffs"|"676-512-7399"|"Training and development officer"|"Carter Inc"|"2023-05-12"
"ca8e4fe1-8d35-4250-b010-27ccf2fb62ee"|"Alexandria"|"Hall"|"F"|"694 Jeffrey Run"|"001-726-261-9972x694"|"Broadcast journalist"|"Green, House and Vega"|"1919-08-31"
"8b79a810-ede4-43ea-87f5-be354737c996"|"Tammy"|"Smith"|"F"|"344 Robinson Highway"|"322.454.6224"|"Corporate investment banker"|"Malone, Lewis and Robertson"|"1997-10-14"
"d138e4c5-c683-4211-aaf0-b2a4e9d8b7cb"|"Joe"|"Perez"|"M"|"245 Jonathan Stravenue"|"397.586.3785"|"Surveyor, quantity"|"Juarez, Martinez and Lewis"|"1949-03-07"
"a898d221-9de7-4e7e-b76d-d8c533a8d23b"|"Anthony"|"Orozco"|"M"|"98 Tyler Knoll Apt. 752"|"(853)434-5404"|"Public relations account executive"|"Farmer Group"|"1915-02-22"
"38374381-f8ff-4eef-ac37-15fd99d00fba"|"Nicole"|"Cochran"|"F"|"683 Cox Turnpike Apt. 083"|"(712)508-5671x832"|"Building surveyor"|"Hill-Stewart"|"1935-01-02"
"07ec2eea-19c0-4dfb-8eb8-357988cd388e"|"Danielle"|"Suarez"|"F"|"887 Anderson Port"|"963-892-5449x81673"|"Therapist, sports"|"Mann-Marquez"|"2004-02-03"
"6e645010-9267-499b-bb6f-40424b0a2fb2"|"Amanda"|"Faulkner"|"F"|"69 Amber Wells"|"557.324.5837"|"Commercial art gallery manager"|"Brooks-Baker"|"1951-10-23"
"c7d92c1d-69c6-4f75-911d-ac97e45fa12e"|"Lisa"|"Hall"|"F"|"29 Bruce View Suite 976"|"657.385.4451"|"Estate manager/land agent"|"Cole, Marsh and Scott"|"1916-05-18"
"a675d1b1-26bd-44bd-bea1-f30d52ebc015"|"Carol"|"Conway"|"F"|"150 Jonathan Stravenue"|"+1-655-421-9744x393"|"Nurse, adult"|"Daniels LLC"|"1976-08-02"
"77e5d21e-bfb5-43db-8406-d74b30a26df8"|"Thomas"|"Saunders"|"M"|"683 Lewis Trace"|"001-670-214-7899"|"Technical brewer"|"Morgan LLC"|"1946-04-15"
"046bbe6e-e789-4b68-acc5-cf88cb8ab5a9"|"Michelle"|"Orozco"|"F"|"688 Bailey Trail"|"(396)669-5940x73607"|"Surveyor, minerals"|"Perez, Mitchell and Oconnor"|"1973-01-13"
"9f7e8a64-bf51-411b-94d9-fb7a11c58ea6"|"William"|"Nichols"|"M"|"292 Simpson Mill Apt. 030"|"(286)316-0011x3196"|"Actor"|"King-Chavez"|"2012-07-06"
"a55a9523-6482-4bd6-84d3-4e6b66590f96"|"Meredith"|"Alvarez"|"F"|"999 Lee Burgs"|"4487589141"|"Physiotherapist"|"Wright-Oliver"|"1950-04-18"
"7def8667-cc47-498f-91ac-15ac03ca960e"|"Connor"|"White"|"M"|"474 Tiffany Gateway"|"2859097626"|"Financial adviser"|"Foley, Thomas and Medina"|"1992-06-17"
"10a9b66c-99d2-4ea6-bdbb-f4913cc4575f"|"Allison"|"Smith"|"F"|"534 Vincent Mountain Apt. 316"|"(600)937-7548"|"Production assistant, radio"|"Moore Ltd"|"1930-01-15"
"161b744a-82ce-4133-990b-500fa378adac"|"Robert"|"Morgan"|"M"|"258 Parks Trace Suite 497"|"804.671.9523x463"|"Research scientist (physical sciences)"|"Mcintosh, Stein and Blair"|"2012-05-24"
"c9d66227-50cc-4157-85c9-b78dae056ab1"|"Laura"|"Taylor"|"F"|"465 Parks Trace Suite 497"|"9212716763"|"Minerals surveyor"|"Vincent, Hayes and Lin"|"1938-04-16"
"a28c3163-a079-4756-bbfc-2e6157619442"|"James"|"Daniels"|"M"|"152 Monica Burgs Suite 695"|"4724333668"|"Buyer, industrial"|"Brown Ltd"|"1922-04-10"
"5db77d95-af37-401e-a068-c6382c8e57aa"|"Jeremiah"|"Alvarez"|"M"|"226 Yates Harbor Suite 905"|"(532)931-4822x270"|"Equities trader"|"Guerrero-Long"|"1953-03-17"
"28652746-9c0e-4f2b-8751-382bb64c67a4"|"Jennifer"|"Jones"|"F"|"947 Smith Avenue Apt. 759"|"001-702-921-8325x7132"|"Research officer, government"|"Young Group"|"1912-03-26"
"b396551c-be00-44e9-8039-7651e38ea010"|"Sarah"|"Fernandez"|"F"|"225 Luna Loop"|"001-998-769-8835x427"|"Therapist, music"|"York-Casey"|"2002-07-04"
"e9320272-b962-4d1d-8e1e-8f6b80b0990f"|"Jonathon"|"Barnes"|"M"|"578 Amanda Curve"|"+1-269-944-5853"|"Retail merchandiser"|"Wagner LLC"|"1998-09-03"
"a8e6140d-7ef1-459d-80a9-8006122db887"|"Crystal"|"Goodwin"|"F"|"867 Tara Inlet"|"846.903.9505"|"Police Officer"|"TTPD"|"1949-01-20"
"2ff80e27-cccd-4f07-83cc-4814ecf8da91"|"Veronica"|"Cervantes"|"F"|"848 Heather Garden Suite 383"|"+1-514-231-0041x336"|"Furniture designer"|"Meyers LLC"|"1927-11-27"
"31901394-01ed-43d8-9c23-7665ed5b8ab1"|"Joshua"|"Green"|"M"|"745 Weaver Haven"|"880.732.4180x3427"|"Sports administrator"|"Doyle-Rowland"|"1966-10-02"
"9a11d9e2-a19b-4db8-bf14-a82839fb19f9"|"Joel"|"Snyder"|"M"|"708 Danielle Estates"|"638-726-9194x6384"|"Hydrographic surveyor"|"Thomas PLC"|"1921-04-23"
"964dd595-7cfa-4f3c-add5-f68c1afc70b2"|"Michelle"|"Zhang"|"F"|"659 Luna Loop"|"319-205-1656"|"Training and development officer"|"Green PLC"|"2017-09-10"
"5f85d32f-67eb-4560-9490-73ec78ae44aa"|"Melanie"|"Holmes"|"F"|"165 Davenport Fords"|"(477)265-6494x464"|"Armed forces technical officer"|"Randolph, Vargas and Hill"|"1989-11-17"
"b4bc1ac6-e0bc-4c5b-9792-04d239089642"|"Gloria"|"Casey"|"F"|"182 Oneal Underpass"|"495-821-6646"|"Dance movement psychotherapist"|"Baker PLC"|"1960-03-14"
"bd331e85-65c6-45a8-97c3-19ee67a740ca"|"Lauren"|"Roberts"|"F"|"127 Luna Loop"|"(796)488-5060"|"Engineer, maintenance"|"Gilbert, Rodriguez and Garcia"|"2006-04-15"
"4aea5a5d-e2aa-4660-bf13-d703947aa953"|"Dustin"|"Booth"|"M"|"132 Bruce View Suite 976"|"5199700235"|"Associate Professor"|"Garcia-Wong"|"1916-08-16"
"89e2e5b2-1968-478f-b651-cc2db56b8187"|"Lisa"|"Gillespie"|"F"|"903 Michael Manor"|"585-233-8897"|"Economist"|"West, Gentry and Perry"|"1933-12-15"
"a28750a7-34f1-4ca6-831a-cd24205d1df5"|"Maurice"|"Alvarez"|"M"|"477 Thornton Land Suite 697"|"563.479.5006"|"Engineer, drilling"|"Potts, Martin and Morales"|"2018-11-15"
"ae4d55ad-d43a-404c-8687-abd14bee2214"|"Paul"|"Williams"|"M"|"433 Chandler Tunnel Suite 681"|"6684328973"|"Seismic interpreter"|"Harmon, Lopez and Smith"|"2019-12-25"
"9817fa44-a0f3-4db2-8b4e-301188ffe692"|"Jamie"|"Garrison"|"F"|"262 Catherine Cove"|"5919852212"|"Transport planner"|"Anderson, Allen and Barker"|"1966-12-29"
"76bd03b1-71bd-4e27-87e0-7abefb463790"|"Joan"|"Morris"|"F"|"47 Thomas Ford"|"517-480-4374x2055"|"Telecommunications researcher"|"Wiggins-Olson"|"1938-05-30"
"81135ddd-4c08-4928-8ba2-0f9eea786881"|"Wendy"|"Orozco"|"F"|"490 Amanda Curve"|"+1-403-904-3461x8591"|"Production assistant, radio"|"Moore Ltd"|"1946-02-23"
"e8af09d7-8360-422b-838d-cf6c912954c4"|"Tommy"|"Casey"|"M"|"607 Gray Walks Apt. 075"|"001-236-820-0885"|"Accounting technician"|"Mata-Mitchell"|"1975-06-19"
"6866c083-caea-4403-8f1f-59a12a40f68f"|"Jessica"|"Bryant"|"F"|"738 Alexis Freeway Apt. 358"|"001-949-938-5859x5267"|"Chartered accountant"|"Maldonado, Matthews and Cooley"|"1936-07-08"
"beecde84-0f4b-45ba-8294-a9c0c1ba14b8"|"Erica"|"Andrews"|"F"|"24 Barron Hollow"|"(278)854-1177x7041"|"Bookseller"|"Hernandez Group"|"1974-10-15"
"7c8bc498-9784-4f55-891d-5763c16677cd"|"Stephanie"|"Jackson"|"F"|"650 Jackson Harbors Suite 257"|"2824947110"|"Sports development officer"|"Lopez PLC"|"1962-05-16"
"47e896c7-589b-466a-a104-0822984ea7c6"|"Hayden"|"Smith"|"M"|"546 Charles Extension Apt. 046"|"(380)687-6428x15375"|"Horticultural consultant"|"Carter-Aguirre"|"1959-01-21"
"af7b6a08-ea5c-4c7d-b31f-6c28e7c72047"|"Briana"|"Rivera"|"F"|"601 Yates Harbor Suite 905"|"001-288-379-4823x599"|"Travel agency manager"|"Larsen, Hernandez and Crawford"|"2023-04-21"
"1de5afb6-661f-4999-97db-c1679262743e"|"Joshua"|"Long"|"M"|"681 Rachel Pine"|"+1-242-892-7237x940"|"Quantity surveyor"|"Oliver, Stone and Hernandez"|"1965-01-10"
"9346f823-791a-40a3-aabd-e9c2d5358b97"|"Laura"|"Rodriguez"|"F"|"863 Evans Ports Suite 383"|"+1-892-495-3970x614"|"Careers information officer"|"Hawkins-Dodson"|"1919-11-06"
"ac852ea5-c3bd-4102-adaf-5608b2035477"|"Bridget"|"Green"|"F"|"304 Diana Point"|"3285627217"|"Engineer, technical sales"|"Harris Inc"|"1987-10-05"
"f93578b0-9e83-4cf8-8c6b-fe9518025da5"|"Paul"|"Pena"|"M"|"192 Troy Centers"|"725-994-7679"|"Housing manager/officer"|"Curry-Melton"|"1931-08-03"
"8770e899-fcb9-40ba-946c-e7083965445d"|"Thomas"|"Ruiz"|"M"|"30 King Land"|"752.370.4113"|"Ergonomist"|"Gonzalez Ltd"|"1948-06-06"
"5b28f366-547b-4ce5-90dc-5b17c7c2945d"|"Alexa"|"Shelton"|"F"|"657 Castillo Underpass Apt. 535"|"(581)636-5322"|"Recruitment consultant"|"Hatfield, Hunt and Casey"|"1974-03-10"
"8fe28907-84b5-4c29-b54d-7fb35ec68fb1"|"Robert"|"Terry"|"M"|"792 Nelson Estate"|"(652)401-8146"|"Administrator, arts"|"Olson Inc"|"1927-10-31"
"3c7e1522-0562-4c1b-9934-9dce3b26d977"|"Robin"|"Rhodes"|"F"|"120 Jones Courts Apt. 083"|"450.321.4072x24533"|"Pensions consultant"|"Lewis and Sons"|"2002-09-02"
"f0201351-c740-4eef-bcf7-59485f4412d8"|"Keith"|"Martin"|"M"|"382 Porter Overpass"|"602-923-8081x03767"|"Systems developer"|"Villanueva, Hughes and Williams"|"1968-01-02"
"c6bd32e6-7c4f-4df5-a50b-b00e2e05b4e7"|"Nathan"|"Mendoza"|"M"|"499 Hart Estates Suite 718"|"001-247-516-2981x319"|"Patent attorney"|"Hamilton PLC"|"1973-05-26"
"90d4dbda-25a8-417e-847d-50264dfcb885"|"Anthony"|"Hayden"|"M"|"335 Montoya Walk Apt. 578"|"5959153900"|"Economist"|"Robinson, Ramos and Taylor"|"1990-10-07"
"c03e4082-ff8d-449e-9849-e66fe5f6822b"|"Susan"|"Perez"|"F"|"39 Alexandra Bridge Suite 474"|"+1-870-925-3660x9341"|"Research scientist (physical sciences)"|"Manning LLC"|"2017-07-29"
"92af70c1-9575-4a4a-b15b-32b2f6135bd7"|"Calvin"|"Benson"|"M"|"444 Dakota Extensions"|"001-458-347-0427x42828"|"Armed forces operational officer"|"Hendrix-Martinez"|"2003-09-02"
"1905e7b0-a5c5-4e3c-bc79-f04e6e325aa9"|"Samantha"|"Willis"|"F"|"592 Phillip Spring"|"+1-474-451-9317x316"|"Biomedical scientist"|"King-Price"|"2011-05-12"
"69b92fa9-a99b-4c54-8173-9f89b8506fc8"|"Bianca"|"Reyes"|"F"|"708 Phillip Spring"|"+1-386-628-8451x50810"|"Regulatory affairs officer"|"Brewer Group"|"1971-08-08"
"3ed5b1ac-a120-48f7-b0cd-e12caf65c825"|"Kathy"|"Holmes"|"F"|"569 Jessica Mountains Suite 248"|"001-816-208-2003x4531"|"Health service manager"|"Gill-Humphrey"|"1919-01-27"
"dbe27b29-1dbb-4323-860c-7d47bc944648"|"Denise"|"Pena"|"F"|"614 Day Inlet"|"7537995579"|"Investment analyst"|"Hansen PLC"|"2005-11-23"
"020f5d75-c85a-4338-9449-c54414bbe2ef"|"Katie"|"Wilson"|"F"|"247 Banks Curve Apt. 123"|"(753)275-2956"|"Personal assistant"|"Garrett-Grant"|"1946-10-09"
"80b5aa39-4964-40c3-b7e8-21b5692890c4"|"Justin"|"Parker"|"M"|"816 Jones Courts Apt. 083"|"490-286-6058x115"|"Information officer"|"Sanchez Inc"|"1992-12-23"
"de07c059-adbf-4c86-b2e5-d0f06b7fb7e3"|"Lisa"|"Shields"|"F"|"595 Angela Lights"|"001-801-822-6430x032"|"Doctor, hospital"|"Thompson, Stevens and Hunt"|"1938-04-26"
"e163baf5-7610-494c-84e3-542003a30024"|"Lori"|"Welch"|"F"|"544 Ward Parkway Apt. 076"|"2378032186"|"Scientist, research (medical)"|"Stuart, Lewis and Wu"|"1933-09-27"
"fa0e610b-cc8c-4f1e-919c-a15185378daf"|"Jamie"|"Roberts"|"F"|"320 Scott Valleys Suite 598"|"924.931.2972x9029"|"Publishing copy"|"Burton-Hernandez"|"1946-11-07"
"fa6607d0-255c-4279-9e30-5f404a9d6921"|"Cynthia"|"Ryan"|"F"|"924 Hanson Port"|"+1-715-431-9853x377"|"Academic librarian"|"Deleon, Harrington and Tran"|"1967-07-28"
"cbb3fb80-0d20-4ffd-98f4-4745d34d48f6"|"Gregory"|"Spencer"|"M"|"524 Brown Canyon Apt. 503"|"(202)589-8937"|"Lawyer"|"Tucker Group"|"1980-04-03"
"7404cfd4-dce1-4c05-bbb8-51efbefd5869"|"Doris"|"Ray"|"F"|"263 Alexandra Bridge Suite 474"|"(958)968-4315x5137"|"Quantity surveyor"|"Johnson, Murphy and Espinoza"|"1975-09-25"
"66d0b901-d08d-41fa-b653-b3099968312a"|"Robert"|"Morris"|"M"|"382 Johnson Lake"|"(814)211-6593x354"|"Acupuncturist"|"Cross-Cooper"|"1927-02-28"
"29f59749-ff08-4e70-8777-02b20fb39bf7"|"Jacqueline"|"Craig"|"F"|"635 Catherine Cove"|"+1-762-229-2390x62628"|"Biomedical engineer"|"Reed and Sons"|"1939-09-04"
"42f89623-da19-465f-a963-e48deed87bf4"|"Christine"|"Parker"|"F"|"792 Angela Lights"|"(744)622-0048"|"Holiday representative"|"Lozano-Yang"|"1909-10-22"
"def033a0-fafd-4057-8cac-904bf84c20d0"|"Ashley"|"Harris"|"F"|"664 Bailey Trail"|"(264)712-1991x7813"|"Leisure centre manager"|"Donovan-Hernandez"|"1979-11-16"