<?xml version="1.0" encoding="UTF-8" ?><automobiles><automobile><person_id>cfaf62fe-b5ad-486b-90ad-697c7c918d0c</person_id><license_plate>SQO-866</license_plate><vin>84F6T64U5RS2TMGS2</vin><color>DarkMagenta</color><year>2021</year></automobile><automobile><person_id>eecb956e-c2b8-4c3d-89f8-87c1f506c397</person_id><license_plate>687 7IV</license_plate><vin>UHCCK20TX1Z80B1M6</vin><color>LightYellow</color><year>2006</year></automobile><automobile><person_id>af7865b3-30e8-4681-b5d3-9eea2b46707a</person_id><license_plate>4PY3121</license_plate><vin>749NWF1L9ZNZ6E4LU</vin><color>Lime</color><year>2003</year></automobile><automobile><person_id>af7865b3-30e8-4681-b5d3-9eea2b46707a</person_id><license_plate>56GX7</license_plate><vin>WNHMUMU78GY5XX10P</vin><color>DimGray</color><year>1993</year></automobile><automobile><person_id>61c7d3f4-8439-4f18-88ef-1647ecdde56d</person_id><license_plate>IQZ 103</license_plate><vin>FN1RCWGN0HSSZ4RFK</vin><color>SaddleBrown</color><year>1978</year></automobile><automobile><person_id>61c7d3f4-8439-4f18-88ef-1647ecdde56d</person_id><license_plate>751 YHW</license_plate><vin>Z2XLVPR880SRTYDD6</vin><color>Orchid</color><year>1981</year></automobile><automobile><person_id>3f6bc07b-3bb6-4599-8c68-bb1254ea2b4e</person_id><license_plate>FOT 131</license_plate><vin>2A644LBW54DK71ZJV</vin><color>Orchid</color><year>1998</year></automobile><automobile><person_id>3f6bc07b-3bb6-4599-8c68-bb1254ea2b4e</person_id><license_plate>030 IKH</license_plate><vin>47Z98WHG1D3YADDVZ</vin><color>OliveDrab</color><year>1970</year></automobile><automobile><person_id>3f6bc07b-3bb6-4599-8c68-bb1254ea2b4e</person_id><license_plate>25TH9</license_plate><vin>30GET1TM8R2W8ZLHT</vin><color>Gainsboro</color><year>1989</year></automobile><automobile><person_id>e3e2903a-04fe-4570-a043-fa81cd28c445</person_id><license_plate>YWB-832</license_plate><vin>MV6EKDJX77L9YR5JH</vin><color>Green</color><year>2020</year></automobile><automobile><person_id>5fe0dc68-417e-4854-8af9-a1d6b1887ee3</person_id><license_plate>30GX467</license_plate><vin>T1XCRT083J1WFJ3FF</vin><color>Gainsboro</color><year>2011</year></automobile><automobile><person_id>37665f80-79a0-4042-af7f-07e51bfd1dc1</person_id><license_plate>QHD8833</license_plate><vin>9L6VG1JV7MCGDRA03</vin><color>Linen</color><year>2019</year></automobile><automobile><person_id>ceb7a111-f5ed-4425-a8ad-b2bce181ece9</person_id><license_plate>97F 900</license_plate><vin>TTCA9LRX39PFDTH4J</vin><color>Tan</color><year>2021</year></automobile><automobile><person_id>ceb7a111-f5ed-4425-a8ad-b2bce181ece9</person_id><license_plate>207-YCK</license_plate><vin>YTFJCMFX4VN50VZD4</vin><color>Beige</color><year>2022</year></automobile><automobile><person_id>ceb7a111-f5ed-4425-a8ad-b2bce181ece9</person_id><license_plate>853-DFU</license_plate><vin>E1AN6FMK9HA54P8SF</vin><color>LimeGreen</color><year>2002</year></automobile><automobile><person_id>e61be0b1-1dbf-4e8d-96bc-7ebbb1e6eb0d</person_id><license_plate>ILR-193</license_plate><vin>THEC4WTL6SGL4R845</vin><color>Green</color><year>1975</year></automobile><automobile><person_id>d6023b52-b80a-4b80-8c12-9a714fd0c1f9</person_id><license_plate>6ML A59</license_plate><vin>VZJJKGXW8XKGVJR2S</vin><color>SteelBlue</color><year>2010</year></automobile><automobile><person_id>d6023b52-b80a-4b80-8c12-9a714fd0c1f9</person_id><license_plate>J24 7JW</license_plate><vin>ZHGL108B79Z8G6SRY</vin><color>Khaki</color><year>1976</year></automobile><automobile><person_id>4401c277-1c39-4fae-8dc1-d42e60942d6b</person_id><license_plate>PP6 4165</license_plate><vin>3Z6V8D531AYT0CW1R</vin><color>PapayaWhip</color><year>1996</year></automobile><automobile><person_id>56f6a1f6-c05d-4679-b86e-0b35bc9823ae</person_id><license_plate>23D 856</license_plate><vin>5M4UG3KU0MZE8BDVB</vin><color>Blue</color><year>1987</year></automobile><automobile><person_id>56f6a1f6-c05d-4679-b86e-0b35bc9823ae</person_id><license_plate>0IM 987</license_plate><vin>8GUM1GB32MLDPH66X</vin><color>MediumVioletRed</color><year>2009</year></automobile><automobile><person_id>3bfc9db0-0231-43ad-bfc2-e7f122b44b87</person_id><license_plate>7RY O10</license_plate><vin>4LBVMR028VE20NZ2M</vin><color>DimGray</color><year>1986</year></automobile><automobile><person_id>3bfc9db0-0231-43ad-bfc2-e7f122b44b87</person_id><license_plate>3B 5988Z</license_plate><vin>XYLY4E8NXZB7SKUSB</vin><color>Indigo</color><year>1993</year></automobile><automobile><person_id>e65d9449-2b8c-4615-84d8-170c8f8f156f</person_id><license_plate>4BC 374</license_plate><vin>PBN1195F31SXZRTHC</vin><color>LemonChiffon</color><year>1985</year></automobile><automobile><person_id>c421a580-b708-4737-b3e9-30ed837fbe22</person_id><license_plate>0SP 401</license_plate><vin>1EY1STVD4R2ES01YV</vin><color>OrangeRed</color><year>1973</year></automobile><automobile><person_id>5508c74c-91d7-43bd-8356-cbd8995b7566</person_id><license_plate>Y19-09K</license_plate><vin>JNDMFGRRX52WFY9EJ</vin><color>MediumBlue</color><year>1981</year></automobile><automobile><person_id>5508c74c-91d7-43bd-8356-cbd8995b7566</person_id><license_plate>2QT P20</license_plate><vin>M76XU0PM2YU1MKBYE</vin><color>LavenderBlush</color><year>1972</year></automobile><automobile><person_id>32ea2c34-a8ec-45de-a22b-f721de3a5d74</person_id><license_plate>0-65742S</license_plate><vin>377WTU1N9NG0TAS66</vin><color>DarkRed</color><year>1972</year></automobile><automobile><person_id>32ea2c34-a8ec-45de-a22b-f721de3a5d74</person_id><license_plate>396-UXI</license_plate><vin>30DVAMM07UL9AADLB</vin><color>MediumSpringGreen</color><year>1976</year></automobile><automobile><person_id>32ea2c34-a8ec-45de-a22b-f721de3a5d74</person_id><license_plate>746 LSA</license_plate><vin>RMPK3C1RXUERF02BR</vin><color>NavajoWhite</color><year>2007</year></automobile><automobile><person_id>7a618acc-50f4-4343-a4bd-6b64c6b27d33</person_id><license_plate>F14 3CG</license_plate><vin>Z42802590R4C76H8D</vin><color>Ivory</color><year>1994</year></automobile><automobile><person_id>8b07b8fe-8912-4745-b173-59e0b85ae55f</person_id><license_plate>212-YLS</license_plate><vin>PT0VM9VR0KG3GJ0JC</vin><color>OliveDrab</color><year>1980</year></automobile><automobile><person_id>8b07b8fe-8912-4745-b173-59e0b85ae55f</person_id><license_plate>197 DRG</license_plate><vin>BGLWS0TV7JGM910WW</vin><color>WhiteSmoke</color><year>1983</year></automobile><automobile><person_id>f3042714-50cb-48ba-9fd8-b50a691d0ae1</person_id><license_plate>PCK-0284</license_plate><vin>7X56667Y8GB8WD0X6</vin><color>Khaki</color><year>2008</year></automobile><automobile><person_id>f3042714-50cb-48ba-9fd8-b50a691d0ae1</person_id><license_plate>177 QBE</license_plate><vin>NBMUBNUN8R6K00WDJ</vin><color>MediumOrchid</color><year>2016</year></automobile><automobile><person_id>9d60c884-e27c-49d0-8553-b6214575fc8e</person_id><license_plate>387255</license_plate><vin>FKGGMHZZ1YZ5BU0P5</vin><color>PowderBlue</color><year>2005</year></automobile><automobile><person_id>9d60c884-e27c-49d0-8553-b6214575fc8e</person_id><license_plate>0ET1197</license_plate><vin>4C0G93083RSTR1F1S</vin><color>PapayaWhip</color><year>2018</year></automobile><automobile><person_id>9d60c884-e27c-49d0-8553-b6214575fc8e</person_id><license_plate>770 JU4</license_plate><vin>LB3JXULX79LS7BRUZ</vin><color>Pink</color><year>1970</year></automobile><automobile><person_id>26d7bf4d-f8d9-4dff-955f-1f461c94c555</person_id><license_plate>975-MSG</license_plate><vin>2YWTEE0917J7BPR2T</vin><color>BlueViolet</color><year>2013</year></automobile><automobile><person_id>4ba3c5e7-709d-4fbb-af1d-07fb85b687ea</person_id><license_plate>JML4774</license_plate><vin>04HE5X3G0TX4JX9M0</vin><color>DarkOliveGreen</color><year>2000</year></automobile><automobile><person_id>63c39ed3-3d29-4048-baa1-a62a47bf9e3f</person_id><license_plate>158 4XR</license_plate><vin>377X2LV687Z9SZ3ET</vin><color>Red</color><year>2013</year></automobile><automobile><person_id>63c39ed3-3d29-4048-baa1-a62a47bf9e3f</person_id><license_plate>N 915377</license_plate><vin>LMH5XCK649NP9HL18</vin><color>DimGray</color><year>1994</year></automobile><automobile><person_id>63c39ed3-3d29-4048-baa1-a62a47bf9e3f</person_id><license_plate>XPB-376</license_plate><vin>DN9AV25D6HWCS9FSY</vin><color>DarkGoldenRod</color><year>1991</year></automobile><automobile><person_id>f1e85add-e2e4-4b09-90eb-64e261a83a05</person_id><license_plate>767-RRU</license_plate><vin>TD5ZE2Y827UBAZUTM</vin><color>MediumPurple</color><year>1999</year></automobile><automobile><person_id>f1e85add-e2e4-4b09-90eb-64e261a83a05</person_id><license_plate>NMZ 087</license_plate><vin>3TJF040Y8RN5NWGL0</vin><color>SeaGreen</color><year>1997</year></automobile><automobile><person_id>ebf894a4-1c24-4695-aa03-b992e3d6ccfb</person_id><license_plate>73-Z645</license_plate><vin>JMMRVUTV5LE36VH8X</vin><color>LightYellow</color><year>2011</year></automobile><automobile><person_id>ebf894a4-1c24-4695-aa03-b992e3d6ccfb</person_id><license_plate>F 707406</license_plate><vin>7JUWHR355R04DK3Y6</vin><color>Turquoise</color><year>1975</year></automobile><automobile><person_id>ca26da58-248d-4ba7-aeab-673fd8db7ab9</person_id><license_plate>306 ZPH</license_plate><vin>5HYC4YX22KEFK8MC5</vin><color>LightGoldenRodYellow</color><year>2006</year></automobile><automobile><person_id>df118c47-0490-4ce2-93fd-d8d20f4ec656</person_id><license_plate>3UL3552</license_plate><vin>GNCXE79K1Y3G8BAJM</vin><color>DeepPink</color><year>1982</year></automobile><automobile><person_id>d8f73dba-9878-4404-92e8-21feb3854297</person_id><license_plate>RH4 V3V</license_plate><vin>5MB0SUKC8WHLLP45P</vin><color>LightPink</color><year>1999</year></automobile><automobile><person_id>d8f73dba-9878-4404-92e8-21feb3854297</person_id><license_plate>HHJ-394</license_plate><vin>BZC6LUUB4HU50JLWG</vin><color>SlateGray</color><year>1991</year></automobile><automobile><person_id>34b6d755-0717-491e-91dd-e828e1021824</person_id><license_plate>4-5925D</license_plate><vin>RZ78WV4L2SY03LZZP</vin><color>BurlyWood</color><year>1997</year></automobile><automobile><person_id>34b6d755-0717-491e-91dd-e828e1021824</person_id><license_plate>AUK 068</license_plate><vin>HUP7PWDS6RSPT959J</vin><color>Fuchsia</color><year>1985</year></automobile><automobile><person_id>a3dc9c78-bc6c-4ad4-9902-86f1981e661d</person_id><license_plate>478YXY</license_plate><vin>003FV5JP9H8E8NSUD</vin><color>IndianRed</color><year>2018</year></automobile><automobile><person_id>a3dc9c78-bc6c-4ad4-9902-86f1981e661d</person_id><license_plate>83S 7648</license_plate><vin>ATBWYTKRXAJE0C0LG</vin><color>Olive</color><year>2011</year></automobile><automobile><person_id>89eca213-d8f3-467a-aedd-d4bd237d6749</person_id><license_plate>5GE 405</license_plate><vin>8KTK3BMA37ZGMG5T9</vin><color>OliveDrab</color><year>2000</year></automobile><automobile><person_id>770802bf-e5a5-4794-b3a2-5b15368c909b</person_id><license_plate>R57-59S</license_plate><vin>299EKC0J2FSCNB0JA</vin><color>LightPink</color><year>2017</year></automobile><automobile><person_id>b8ae339b-4fb1-4331-833a-bbaa231221a3</person_id><license_plate>ADJ-4646</license_plate><vin>UC1LSA5TX8V4LV1Y2</vin><color>PaleGreen</color><year>2007</year></automobile><automobile><person_id>b8ae339b-4fb1-4331-833a-bbaa231221a3</person_id><license_plate>035-PDQ</license_plate><vin>8CE1895L82MKBA91E</vin><color>Peru</color><year>2023</year></automobile><automobile><person_id>b8ae339b-4fb1-4331-833a-bbaa231221a3</person_id><license_plate>HZO 391</license_plate><vin>MMDZUKNE1Y48KVU79</vin><color>PaleGoldenRod</color><year>2009</year></automobile><automobile><person_id>6ae9eb49-f3eb-4a05-8914-ffd1bea72f16</person_id><license_plate>188 JUT</license_plate><vin>6NNDP9ZZ4CL246MKR</vin><color>HotPink</color><year>2016</year></automobile><automobile><person_id>6ae9eb49-f3eb-4a05-8914-ffd1bea72f16</person_id><license_plate>079KKT</license_plate><vin>VME8TUDC10R7B62FM</vin><color>SteelBlue</color><year>1985</year></automobile><automobile><person_id>76062b9e-8071-4ba7-821a-1809fe6b5bf0</person_id><license_plate>JV5 B7Z</license_plate><vin>HH3C7RTV3JCTJ68D6</vin><color>MediumTurquoise</color><year>1979</year></automobile><automobile><person_id>76062b9e-8071-4ba7-821a-1809fe6b5bf0</person_id><license_plate>4N 3F4NEX</license_plate><vin>GTTF12AU7PG2S9M13</vin><color>LawnGreen</color><year>2008</year></automobile><automobile><person_id>76062b9e-8071-4ba7-821a-1809fe6b5bf0</person_id><license_plate>2BE Y16</license_plate><vin>VNZZU0GU2XPGHA1HS</vin><color>DarkGoldenRod</color><year>1993</year></automobile><automobile><person_id>6667ebeb-9a54-415b-9cf5-0755ef14b39e</person_id><license_plate>6NPH 98</license_plate><vin>PYSNXTTC9BFHG4EP1</vin><color>Yellow</color><year>2017</year></automobile><automobile><person_id>6667ebeb-9a54-415b-9cf5-0755ef14b39e</person_id><license_plate>OZZ 619</license_plate><vin>K8EE9G007HBJ7ND4Z</vin><color>MediumPurple</color><year>2018</year></automobile><automobile><person_id>fda63716-d53d-4fba-971c-d988b78c76cf</person_id><license_plate>226-SZLE</license_plate><vin>2HWLRNE9XSVUHDP8X</vin><color>DarkGoldenRod</color><year>1987</year></automobile><automobile><person_id>a013a49b-f70d-4b3d-a6f4-710bc4e8f7f9</person_id><license_plate>PAM 006</license_plate><vin>PBU7R70U065PMA8SB</vin><color>LightSkyBlue</color><year>1984</year></automobile><automobile><person_id>d2a45bd3-0d21-4d11-92df-e24be223f2a2</person_id><license_plate>9879</license_plate><vin>K4J9VE9X5W30XWREK</vin><color>PowderBlue</color><year>1983</year></automobile><automobile><person_id>d2a45bd3-0d21-4d11-92df-e24be223f2a2</person_id><license_plate>29PA6</license_plate><vin>NMVJ14JC6CZWYCLY0</vin><color>Tan</color><year>1978</year></automobile><automobile><person_id>cfc524dd-7244-42a4-9f0b-8082437d99f8</person_id><license_plate>G56-91X</license_plate><vin>C69B1KNT9C61AL36K</vin><color>Fuchsia</color><year>1998</year></automobile><automobile><person_id>cfc524dd-7244-42a4-9f0b-8082437d99f8</person_id><license_plate>0F 4312O</license_plate><vin>UPBHAWUK7YZAWSNDA</vin><color>Linen</color><year>1984</year></automobile><automobile><person_id>cfc524dd-7244-42a4-9f0b-8082437d99f8</person_id><license_plate>35H R85</license_plate><vin>WTA9575X303H4GJL3</vin><color>YellowGreen</color><year>1970</year></automobile><automobile><person_id>b8c0b78a-cf5f-49bf-9cbe-78edbb758db6</person_id><license_plate>9EL5272</license_plate><vin>7VH0SAW14FWME10J8</vin><color>DarkOliveGreen</color><year>1979</year></automobile><automobile><person_id>9776045a-d51e-4f5d-8e50-71a08b29b762</person_id><license_plate>818161</license_plate><vin>6KXYHX438KFYT2G2Z</vin><color>MintCream</color><year>1978</year></automobile><automobile><person_id>9776045a-d51e-4f5d-8e50-71a08b29b762</person_id><license_plate>8HZ 184</license_plate><vin>X6PEX1EM4L8CPF8P8</vin><color>Black</color><year>2002</year></automobile><automobile><person_id>4e0b0f93-8710-44ab-ac71-1975120355ad</person_id><license_plate>730 YOH</license_plate><vin>XD30646A3UTVBF4D4</vin><color>SkyBlue</color><year>2022</year></automobile><automobile><person_id>4e0b0f93-8710-44ab-ac71-1975120355ad</person_id><license_plate>6-E1374</license_plate><vin>109ZLYR54153PK4JK</vin><color>OrangeRed</color><year>2009</year></automobile><automobile><person_id>587eaec1-5091-41ce-b912-f9b75bd89b7e</person_id><license_plate>UZC 6462</license_plate><vin>60XL4CZ01F40MPFMJ</vin><color>Crimson</color><year>2003</year></automobile><automobile><person_id>6153cbba-a812-4515-83ee-44cae397b40a</person_id><license_plate>0C 64905</license_plate><vin>6SP16N6A375KDTGKC</vin><color>LightPink</color><year>1990</year></automobile><automobile><person_id>11b1b15a-b6b7-4399-b29e-aebdcd52fb60</person_id><license_plate>8NP F81</license_plate><vin>DXKUNH177FTAPXFFG</vin><color>Blue</color><year>1980</year></automobile><automobile><person_id>11b1b15a-b6b7-4399-b29e-aebdcd52fb60</person_id><license_plate>3-98397</license_plate><vin>ZFAFXZ239T5PNGBNC</vin><color>BurlyWood</color><year>2019</year></automobile><automobile><person_id>11b1b15a-b6b7-4399-b29e-aebdcd52fb60</person_id><license_plate>451 AKA</license_plate><vin>32UF51FL7TFMWVW07</vin><color>Khaki</color><year>2019</year></automobile><automobile><person_id>e4a140e4-ada3-4d9a-9ad0-666e277381a3</person_id><license_plate>8G 0777N</license_plate><vin>DL8KMFB218NY9XZNU</vin><color>MediumBlue</color><year>1981</year></automobile><automobile><person_id>214f1008-7000-475d-9559-2e5621696f07</person_id><license_plate>ZZS 522</license_plate><vin>GUHFVTF49X9M2JEZW</vin><color>PeachPuff</color><year>1980</year></automobile><automobile><person_id>4ddfec2a-2082-400d-84bb-f2d605397e15</person_id><license_plate>65A•158</license_plate><vin>R7SBHUVR78RC6CL1T</vin><color>Plum</color><year>2012</year></automobile><automobile><person_id>4ddfec2a-2082-400d-84bb-f2d605397e15</person_id><license_plate>Q24 8UA</license_plate><vin>VKXM4XBP5FJYXXXVJ</vin><color>DarkSlateGray</color><year>2002</year></automobile><automobile><person_id>1f4f0004-f3dc-4aa7-90b2-7d7e5c778a41</person_id><license_plate>5LV F02</license_plate><vin>TV9U0FYE65UFLRN4B</vin><color>Orange</color><year>2019</year></automobile><automobile><person_id>cb73e684-f570-46a2-9bac-f92b50b81650</person_id><license_plate>59V 1667</license_plate><vin>BP8192004S41S0BUD</vin><color>Linen</color><year>1996</year></automobile><automobile><person_id>cb73e684-f570-46a2-9bac-f92b50b81650</person_id><license_plate>KDR 683</license_plate><vin>2JW0BXCJ2K81BAR8Z</vin><color>LavenderBlush</color><year>1973</year></automobile><automobile><person_id>c409607d-a0c8-468e-b965-965db92b36e8</person_id><license_plate>4FC0808</license_plate><vin>F8EUCSJ18DD6BBX0H</vin><color>LightSkyBlue</color><year>2003</year></automobile><automobile><person_id>c409607d-a0c8-468e-b965-965db92b36e8</person_id><license_plate>ZXH 110</license_plate><vin>0X1USGY6X5P7J6GU0</vin><color>DarkOrange</color><year>2017</year></automobile><automobile><person_id>a53cab2e-d0ea-4cc9-a983-e52ba4e9622b</person_id><license_plate>ZRC 520</license_plate><vin>R1RLLT8J4F4VYYFUB</vin><color>Lime</color><year>1987</year></automobile><automobile><person_id>a53cab2e-d0ea-4cc9-a983-e52ba4e9622b</person_id><license_plate>KZI2291</license_plate><vin>BCE9TAM94YKVYWFJ1</vin><color>LightGoldenRodYellow</color><year>2007</year></automobile><automobile><person_id>55a22e7d-d211-467f-bc12-7c3db4fe32dd</person_id><license_plate>7V812</license_plate><vin>SM5BBKPC7CUU72GN1</vin><color>OrangeRed</color><year>2018</year></automobile><automobile><person_id>723043cf-a44a-48b0-9281-c3e93646b071</person_id><license_plate>509 RWJ</license_plate><vin>ZBNPKJM1XZ3B4030H</vin><color>RoyalBlue</color><year>1983</year></automobile><automobile><person_id>723043cf-a44a-48b0-9281-c3e93646b071</person_id><license_plate>XVQ 725</license_plate><vin>LHDGENZB848FA5J95</vin><color>LightBlue</color><year>1998</year></automobile><automobile><person_id>7bf83e41-ac0c-4725-ba65-c774e7e3f07b</person_id><license_plate>689J</license_plate><vin>410SYNVC6N6SFBBVJ</vin><color>RoyalBlue</color><year>2005</year></automobile><automobile><person_id>623e7b48-dab9-4d73-9be3-4f8c207793b2</person_id><license_plate>31-R871</license_plate><vin>G4DTX5TM2PV0WFXX6</vin><color>RoyalBlue</color><year>1973</year></automobile><automobile><person_id>54a47649-7abc-4b23-a6d6-83fef23a9817</person_id><license_plate>589498</license_plate><vin>V84KWTZL2YD7TY8ET</vin><color>Pink</color><year>1974</year></automobile><automobile><person_id>5412b250-afbd-4632-91cf-9b59a383eafc</person_id><license_plate>528 GMJ</license_plate><vin>R6ZU5RUX5HUH6TG6R</vin><color>MediumSeaGreen</color><year>1980</year></automobile><automobile><person_id>5412b250-afbd-4632-91cf-9b59a383eafc</person_id><license_plate>281-653</license_plate><vin>L90SJPJ24Y0P3GYYS</vin><color>Coral</color><year>1988</year></automobile><automobile><person_id>8f31e538-7b8b-4636-90a9-93f2806404b2</person_id><license_plate>IAS 434</license_plate><vin>VDBAPMTL4YVE3PK75</vin><color>Navy</color><year>2009</year></automobile><automobile><person_id>46fafcdf-bc86-4d8d-80bf-65b53e9eff06</person_id><license_plate>HAS 568</license_plate><vin>SG578T3N8ZA6AHJJ2</vin><color>Gray</color><year>1971</year></automobile><automobile><person_id>46fafcdf-bc86-4d8d-80bf-65b53e9eff06</person_id><license_plate>M17 2VP</license_plate><vin>K4LSWGED8FSP4NXW6</vin><color>PeachPuff</color><year>1997</year></automobile><automobile><person_id>46fafcdf-bc86-4d8d-80bf-65b53e9eff06</person_id><license_plate>321 VQO</license_plate><vin>3TS57UF75V6RE407X</vin><color>LavenderBlush</color><year>1974</year></automobile><automobile><person_id>46b73938-265a-4db8-96b6-84fa5150850e</person_id><license_plate>VCN-6126</license_plate><vin>YVLPY4NZ1N1XLMKBA</vin><color>DarkOrchid</color><year>1994</year></automobile><automobile><person_id>46b73938-265a-4db8-96b6-84fa5150850e</person_id><license_plate>2HX 552</license_plate><vin>0F0Z7FDW0U1HYJ04U</vin><color>LightSkyBlue</color><year>1991</year></automobile><automobile><person_id>af379785-fedb-4c94-b3e5-bb5ae3b842ad</person_id><license_plate>06X•770</license_plate><vin>43EFHA1U0634WEHH8</vin><color>LightSeaGreen</color><year>2023</year></automobile><automobile><person_id>af379785-fedb-4c94-b3e5-bb5ae3b842ad</person_id><license_plate>S 738029</license_plate><vin>05UZ57B67SBDXS136</vin><color>CornflowerBlue</color><year>1975</year></automobile><automobile><person_id>f005f6b6-2d1b-4ec9-a108-b1eb44d69e9c</person_id><license_plate>0XTB 29</license_plate><vin>G9ANDSGW7FJLKVK7M</vin><color>MidnightBlue</color><year>2007</year></automobile><automobile><person_id>94bd244d-d4c8-4f29-b2f7-32d51076949a</person_id><license_plate>WQ-9297</license_plate><vin>F31FJCF44DN1NFBFT</vin><color>PeachPuff</color><year>1988</year></automobile><automobile><person_id>94bd244d-d4c8-4f29-b2f7-32d51076949a</person_id><license_plate>4-M4015</license_plate><vin>4U0W3LLP2JSDK627N</vin><color>LightGoldenRodYellow</color><year>1971</year></automobile><automobile><person_id>94bd244d-d4c8-4f29-b2f7-32d51076949a</person_id><license_plate>652 MGV</license_plate><vin>3MTKR33F80HUVXF6X</vin><color>FireBrick</color><year>1975</year></automobile><automobile><person_id>c4f61b49-bcff-4688-9f9d-045ae3d516ee</person_id><license_plate>339 3606</license_plate><vin>BLD1D0U402WEBSNW3</vin><color>BurlyWood</color><year>1988</year></automobile><automobile><person_id>c4f61b49-bcff-4688-9f9d-045ae3d516ee</person_id><license_plate>NM8 U4J</license_plate><vin>F331BE356HZ3LG5LT</vin><color>Purple</color><year>1979</year></automobile><automobile><person_id>e01a1cb8-2137-4c74-b0a0-04f1d34c4e06</person_id><license_plate>646FWO</license_plate><vin>1NTL8X4947GF274Z5</vin><color>LightSteelBlue</color><year>2016</year></automobile><automobile><person_id>aaffa46f-30cd-46be-a751-d479cdc02460</person_id><license_plate>526R7</license_plate><vin>0H7M7F5F7WVEF3FP5</vin><color>LightYellow</color><year>1972</year></automobile><automobile><person_id>aaffa46f-30cd-46be-a751-d479cdc02460</person_id><license_plate>94LB5</license_plate><vin>DL6XUNRR1JJRS2EBT</vin><color>Coral</color><year>1993</year></automobile><automobile><person_id>2d4e0b42-6e61-4195-b0b8-d5394e249171</person_id><license_plate>7E 04216</license_plate><vin>5JGHJZCU4LMZZ6L4U</vin><color>BurlyWood</color><year>1970</year></automobile><automobile><person_id>e1b3543f-d242-49c2-9ec1-b5a16dbd0c62</person_id><license_plate>5533 ZD</license_plate><vin>ZBH3CR6E4SPHE9R0U</vin><color>DarkMagenta</color><year>1992</year></automobile><automobile><person_id>e1b3543f-d242-49c2-9ec1-b5a16dbd0c62</person_id><license_plate>4GC 166</license_plate><vin>2N06HBHH8BCR0HVPX</vin><color>SeaShell</color><year>1993</year></automobile><automobile><person_id>f3a65662-7587-4f6c-82f2-1bc4644c817f</person_id><license_plate>4H U8024</license_plate><vin>9R0SVBTW556CA4XNX</vin><color>Beige</color><year>1996</year></automobile><automobile><person_id>f3a65662-7587-4f6c-82f2-1bc4644c817f</person_id><license_plate>059-PTX</license_plate><vin>VFXWURL63XUA48H1F</vin><color>Red</color><year>2021</year></automobile></automobiles>