<?xml version="1.0" encoding="UTF-8" ?><automobiles><automobile><person_id>de9bbbc1-870f-4d5d-a3b4-1d57508d908d</person_id><license_plate>Q15-30W</license_plate><vin>EHDRX1GC8P92G27HV</vin><color>LawnGreen</color><year>1990</year></automobile><automobile><person_id>de9bbbc1-870f-4d5d-a3b4-1d57508d908d</person_id><license_plate>DFL 442</license_plate><vin>EZGMG6HC3DP5CMMA1</vin><color>LightCyan</color><year>2002</year></automobile><automobile><person_id>de9bbbc1-870f-4d5d-a3b4-1d57508d908d</person_id><license_plate>9C 34918</license_plate><vin>USP1EUGL8D3J81MBH</vin><color>Fuchsia</color><year>2020</year></automobile><automobile><person_id>b91ecd98-1413-40c7-a51d-4ed9dc869ce6</person_id><license_plate>KG 16753</license_plate><vin>TC3ZBVB98GJSG5U4V</vin><color>Cornsilk</color><year>2003</year></automobile><automobile><person_id>b91ecd98-1413-40c7-a51d-4ed9dc869ce6</person_id><license_plate>ENI 075</license_plate><vin>YC2AN86033P2M2UD8</vin><color>DarkOrange</color><year>2012</year></automobile><automobile><person_id>30967119-8edf-4118-89a6-f49070bc0ea8</person_id><license_plate>ZMZ 453</license_plate><vin>2RM5STM84JEX8BYEU</vin><color>LightSkyBlue</color><year>1987</year></automobile><automobile><person_id>12b04ba2-a114-4846-9590-d13b787d6680</person_id><license_plate>0-97276O</license_plate><vin>H6RFV7LC65KH7PYDR</vin><color>Gray</color><year>1994</year></automobile><automobile><person_id>12b04ba2-a114-4846-9590-d13b787d6680</person_id><license_plate>026HU</license_plate><vin>4S5ATFU52XDJEX3HS</vin><color>Gold</color><year>2012</year></automobile><automobile><person_id>8a9c6146-8d2e-4948-9de4-cc18d082396d</person_id><license_plate>770QSJ</license_plate><vin>C82L0Y3P8HUTKDNJ3</vin><color>Crimson</color><year>2010</year></automobile><automobile><person_id>3693228b-afa4-4d9e-bc60-8fc1dfff6081</person_id><license_plate>7-E2420</license_plate><vin>CTR1TCZT7HPMZTYRF</vin><color>LawnGreen</color><year>1989</year></automobile><automobile><person_id>3693228b-afa4-4d9e-bc60-8fc1dfff6081</person_id><license_plate>F82 5SS</license_plate><vin>XEPZV3HBXV0SY3YDD</vin><color>DarkRed</color><year>2021</year></automobile><automobile><person_id>34a25813-1fe9-4438-b154-6ba9e1848c20</person_id><license_plate>JE 8990</license_plate><vin>E3719RZL9MURA1241</vin><color>LemonChiffon</color><year>1998</year></automobile><automobile><person_id>34a25813-1fe9-4438-b154-6ba9e1848c20</person_id><license_plate>46M V90</license_plate><vin>XXR0BHHZ7ZGGCJ4WC</vin><color>PaleGoldenRod</color><year>2003</year></automobile><automobile><person_id>34a25813-1fe9-4438-b154-6ba9e1848c20</person_id><license_plate>71UE271</license_plate><vin>YL6UZHFN7UBWY6YSR</vin><color>Snow</color><year>2015</year></automobile><automobile><person_id>c618a15d-5ed4-4bf8-b893-360232724236</person_id><license_plate>2S LN891</license_plate><vin>9PAX2FU0XA5NKPV81</vin><color>DarkSeaGreen</color><year>2001</year></automobile><automobile><person_id>c618a15d-5ed4-4bf8-b893-360232724236</person_id><license_plate>3-8294B</license_plate><vin>RUPW2V1G5KJWJZF46</vin><color>Thistle</color><year>1988</year></automobile><automobile><person_id>c618a15d-5ed4-4bf8-b893-360232724236</person_id><license_plate>2S T4249</license_plate><vin>CTZP8CKV1B66H6E9F</vin><color>PapayaWhip</color><year>2023</year></automobile><automobile><person_id>d267a2d8-8002-4b7e-a23c-40934091cc13</person_id><license_plate>8KMH 93</license_plate><vin>0C3FHLE835X7R3XVG</vin><color>PaleTurquoise</color><year>2006</year></automobile><automobile><person_id>d267a2d8-8002-4b7e-a23c-40934091cc13</person_id><license_plate>ZYU 215</license_plate><vin>NZ6MRXLA34CP1XJRU</vin><color>DarkTurquoise</color><year>1984</year></automobile><automobile><person_id>2d55cfc5-8ba2-4d16-86fc-26595589c079</person_id><license_plate>FNY 826</license_plate><vin>DRT3UW3C7WK943RK1</vin><color>MediumSlateBlue</color><year>2020</year></automobile><automobile><person_id>e8c024a8-b7c2-4581-88d1-20e5e448a17c</person_id><license_plate>ZJ 30085</license_plate><vin>N4XEA00F1JNFZR2LA</vin><color>Brown</color><year>2018</year></automobile><automobile><person_id>e8c024a8-b7c2-4581-88d1-20e5e448a17c</person_id><license_plate>968-974</license_plate><vin>FH06UHGJ7DJRTZ99Y</vin><color>YellowGreen</color><year>1995</year></automobile><automobile><person_id>a8c64af0-402a-4fd4-ba8f-d2dd1ad6cd87</person_id><license_plate>124 BRV</license_plate><vin>XL2HW8JH6T3BRFFHW</vin><color>LightSkyBlue</color><year>1996</year></automobile><automobile><person_id>bf408565-dacf-45ff-a929-f70e29f68100</person_id><license_plate>ZJK-185</license_plate><vin>EW3FL22L3J9G1C6C0</vin><color>Green</color><year>1994</year></automobile><automobile><person_id>9a48cc5b-dccd-4b47-9bf4-62d7641e6901</person_id><license_plate>32-9583H</license_plate><vin>DXWYDJJX9BEJU3MPY</vin><color>SlateGray</color><year>2003</year></automobile><automobile><person_id>9a48cc5b-dccd-4b47-9bf4-62d7641e6901</person_id><license_plate>WKY 451</license_plate><vin>E1KR8UBA4YKD9M81A</vin><color>GreenYellow</color><year>1979</year></automobile><automobile><person_id>0a713e75-add6-4834-b14a-7f7029e3fae9</person_id><license_plate>3IPZ 37</license_plate><vin>2FHVVH6T1S9FKZ48T</vin><color>AliceBlue</color><year>1984</year></automobile><automobile><person_id>2f090fff-bf56-46ef-aacf-20fb8124a920</person_id><license_plate>AIS 999</license_plate><vin>70F24RR66JPK3FHS7</vin><color>FireBrick</color><year>1985</year></automobile><automobile><person_id>2f090fff-bf56-46ef-aacf-20fb8124a920</person_id><license_plate>OP7 8416</license_plate><vin>NN2G1L6E7L509NRWC</vin><color>DarkGray</color><year>2009</year></automobile><automobile><person_id>2f090fff-bf56-46ef-aacf-20fb8124a920</person_id><license_plate>EUB4741</license_plate><vin>C055492T6M1BH1Z7F</vin><color>Ivory</color><year>1976</year></automobile><automobile><person_id>e986d641-13f0-4d42-8246-36c83f9d16d8</person_id><license_plate>BTD 1919</license_plate><vin>XET5192Z2SC9LKGZL</vin><color>LightSlateGray</color><year>1988</year></automobile><automobile><person_id>6608cd05-47cd-45aa-a00a-9e39d136367f</person_id><license_plate>OCB7448</license_plate><vin>18RSJ68C0FSU884KX</vin><color>Cornsilk</color><year>1976</year></automobile><automobile><person_id>6608cd05-47cd-45aa-a00a-9e39d136367f</person_id><license_plate>227E8</license_plate><vin>XSC7FSDR67GGLY5CT</vin><color>PaleVioletRed</color><year>2008</year></automobile><automobile><person_id>fb190663-bef2-471e-90d3-b10c0deca5d3</person_id><license_plate>1003</license_plate><vin>3R1RM92M3U6DY7J0U</vin><color>Crimson</color><year>1998</year></automobile><automobile><person_id>fb190663-bef2-471e-90d3-b10c0deca5d3</person_id><license_plate>QUS C60</license_plate><vin>C4M0H36N0C98P8PX4</vin><color>SteelBlue</color><year>1976</year></automobile><automobile><person_id>b662cace-f7bf-43ef-8578-efc72d29c1ca</person_id><license_plate>FAE 356</license_plate><vin>UGT4923T9FW92ZAGY</vin><color>DarkGray</color><year>1994</year></automobile><automobile><person_id>39215dd7-55c0-4493-888c-669f3ccf7eff</person_id><license_plate>8PO9334</license_plate><vin>8V6BCEU13WSJCV3UE</vin><color>MidnightBlue</color><year>1990</year></automobile><automobile><person_id>39215dd7-55c0-4493-888c-669f3ccf7eff</person_id><license_plate>ZKD 559</license_plate><vin>LVYXXTMA0NPBF0BMT</vin><color>Plum</color><year>2012</year></automobile><automobile><person_id>555e71b4-3b11-47e4-9507-5e902da944e8</person_id><license_plate>4MG3942</license_plate><vin>R3R4SZBM0PBZVV98P</vin><color>RoyalBlue</color><year>2013</year></automobile><automobile><person_id>555e71b4-3b11-47e4-9507-5e902da944e8</person_id><license_plate>0372</license_plate><vin>ULE2P8LA5CVGXCPVA</vin><color>Yellow</color><year>2002</year></automobile><automobile><person_id>bc4b091c-a273-4ba4-9147-98ffe7df7d9c</person_id><license_plate>N78 2FU</license_plate><vin>5GMAMWDSXPVYN01CJ</vin><color>MediumBlue</color><year>1972</year></automobile><automobile><person_id>bc4b091c-a273-4ba4-9147-98ffe7df7d9c</person_id><license_plate>001 7566</license_plate><vin>813KWAHZXA5A9MU4Y</vin><color>GhostWhite</color><year>1975</year></automobile><automobile><person_id>659d6007-7122-4cce-870d-c9f1984c639c</person_id><license_plate>624-DPU</license_plate><vin>D83J68RH7Y235BW6N</vin><color>CornflowerBlue</color><year>2024</year></automobile><automobile><person_id>659d6007-7122-4cce-870d-c9f1984c639c</person_id><license_plate>3NM I13</license_plate><vin>9V6SDWXK3WRCRG91J</vin><color>DarkSeaGreen</color><year>1984</year></automobile><automobile><person_id>3a5da532-2686-4d50-bbbb-4dc15b7dbae5</person_id><license_plate>ZVF 471</license_plate><vin>JKXR2JRX99DD2Y9NM</vin><color>DarkBlue</color><year>2004</year></automobile><automobile><person_id>3a5da532-2686-4d50-bbbb-4dc15b7dbae5</person_id><license_plate>6MGS622</license_plate><vin>TJ008AU77W3NG8DU7</vin><color>DarkKhaki</color><year>2018</year></automobile><automobile><person_id>da4e4df1-231d-4f92-b0fd-a9084645e368</person_id><license_plate>YAW-9482</license_plate><vin>09FTST9668CFE7X7R</vin><color>ForestGreen</color><year>2013</year></automobile><automobile><person_id>da4e4df1-231d-4f92-b0fd-a9084645e368</person_id><license_plate>E01-IHV</license_plate><vin>7JPALWNU03D7D05WX</vin><color>Purple</color><year>1985</year></automobile><automobile><person_id>e30e456d-73c9-4ae9-b627-552bd9ebca62</person_id><license_plate>NBW 613</license_plate><vin>3S6AE6LW5YCG9ABUY</vin><color>SeaShell</color><year>2014</year></automobile><automobile><person_id>e30e456d-73c9-4ae9-b627-552bd9ebca62</person_id><license_plate>HSX2258</license_plate><vin>ZAPL82KU6DPZER920</vin><color>DarkOliveGreen</color><year>1974</year></automobile><automobile><person_id>d4deec48-f917-458f-9fce-192771ee54b9</person_id><license_plate>0142 MJ</license_plate><vin>15C4JKY12JXRG87H4</vin><color>Coral</color><year>2023</year></automobile><automobile><person_id>d4deec48-f917-458f-9fce-192771ee54b9</person_id><license_plate>CVR 9792</license_plate><vin>0DPSV30G1JADBUFPD</vin><color>LemonChiffon</color><year>2008</year></automobile><automobile><person_id>7c4c29ac-a137-4d2d-bd8a-687b8a3ed928</person_id><license_plate>0329</license_plate><vin>DC4EGLU28RVBKPH23</vin><color>Gray</color><year>2010</year></automobile><automobile><person_id>7c4c29ac-a137-4d2d-bd8a-687b8a3ed928</person_id><license_plate>346GLC</license_plate><vin>TWLAXNS12CHCFURJF</vin><color>MediumOrchid</color><year>1999</year></automobile><automobile><person_id>80d12ad3-e4c8-4aa6-b6fc-442534498aff</person_id><license_plate>MKJ 002</license_plate><vin>4MRGJ07U2VTJLBZAK</vin><color>DeepPink</color><year>2001</year></automobile><automobile><person_id>1caf9b8e-d111-4d17-a448-d67fe972d5b9</person_id><license_plate>43T 509</license_plate><vin>PWM87MA68US2AYWTC</vin><color>Azure</color><year>2004</year></automobile><automobile><person_id>1caf9b8e-d111-4d17-a448-d67fe972d5b9</person_id><license_plate>2E676</license_plate><vin>XYD0SDAL3ETM76BP1</vin><color>Snow</color><year>1984</year></automobile><automobile><person_id>1caf9b8e-d111-4d17-a448-d67fe972d5b9</person_id><license_plate>215-RIQ</license_plate><vin>0S3ETJ9F2KFHMAEMN</vin><color>Snow</color><year>2021</year></automobile><automobile><person_id>acfdf3f7-8dba-4e69-818b-ded6d767b994</person_id><license_plate>22Q 912</license_plate><vin>NH0Y0MYS8Z7PNHB9C</vin><color>Plum</color><year>1995</year></automobile><automobile><person_id>ef50f228-a1a7-4844-bbf9-a8c9c07d99d8</person_id><license_plate>I85-XVR</license_plate><vin>1W2S5TZF7EXT0G20K</vin><color>LemonChiffon</color><year>2005</year></automobile><automobile><person_id>a8131c3a-a30f-4143-876b-894bccae75af</person_id><license_plate>ENQ-880</license_plate><vin>HG6TERTE5Z6JVAR4G</vin><color>Thistle</color><year>2007</year></automobile><automobile><person_id>a8131c3a-a30f-4143-876b-894bccae75af</person_id><license_plate>59-5653Y</license_plate><vin>XMUD4GJN5DC0CH5L2</vin><color>SaddleBrown</color><year>2007</year></automobile><automobile><person_id>d023d1bc-83b5-41f1-a248-68f18482da97</person_id><license_plate>M05 6ZI</license_plate><vin>VSPN40ZA2YWJP7F4S</vin><color>LavenderBlush</color><year>1997</year></automobile><automobile><person_id>d023d1bc-83b5-41f1-a248-68f18482da97</person_id><license_plate>NQJ-328</license_plate><vin>2DDS759M9L46EA0W3</vin><color>Teal</color><year>2018</year></automobile><automobile><person_id>bb8a947d-513e-46b9-a819-800dbd2c554d</person_id><license_plate>26-OB81</license_plate><vin>GPDXFRZJ76NPD01CJ</vin><color>Green</color><year>1980</year></automobile><automobile><person_id>3cbb79f4-9362-4285-a2a5-ffb2347f1916</person_id><license_plate>32F•820</license_plate><vin>UNFGYP4Z6FYAM3VFV</vin><color>MediumSpringGreen</color><year>1975</year></automobile><automobile><person_id>59d953cb-c591-48a5-9926-22f80ee60013</person_id><license_plate>ATV7768</license_plate><vin>N7VZKFMM6F7W4AVDT</vin><color>MistyRose</color><year>1981</year></automobile><automobile><person_id>09c94677-0ee0-450b-ba53-3802d660689a</person_id><license_plate>QDD-9571</license_plate><vin>BZJRDB7X057RWL43U</vin><color>MediumTurquoise</color><year>1982</year></automobile><automobile><person_id>09c94677-0ee0-450b-ba53-3802d660689a</person_id><license_plate>9Y 5505S</license_plate><vin>9DK2A9G3871WPRJ2D</vin><color>Violet</color><year>2008</year></automobile><automobile><person_id>6e68c674-56a6-460f-a4e4-6066cbe1ee15</person_id><license_plate>731E</license_plate><vin>F16YMW4K5GEPBXJKV</vin><color>Olive</color><year>1998</year></automobile><automobile><person_id>3f9104cd-bc4a-4efe-963b-381eef0f29d8</person_id><license_plate>6-65368P</license_plate><vin>9C8BVY7X0VP6WJGP8</vin><color>SandyBrown</color><year>1996</year></automobile><automobile><person_id>3f9104cd-bc4a-4efe-963b-381eef0f29d8</person_id><license_plate>YCZ 480</license_plate><vin>TKD82UYK69FSUR4EW</vin><color>LightGoldenRodYellow</color><year>1990</year></automobile><automobile><person_id>0e69687a-bd02-4538-9209-8bcda999e776</person_id><license_plate>MRI-4260</license_plate><vin>WBG93H9D90DFSNB5L</vin><color>Cyan</color><year>1986</year></automobile><automobile><person_id>4bfc2310-9f6f-48b6-b31f-c1c85f1470ab</person_id><license_plate>405-GQM</license_plate><vin>T7WBAPG2X4HXYYNU7</vin><color>DarkSalmon</color><year>1970</year></automobile><automobile><person_id>a0489ccb-6fcf-4952-be6c-0ea00967f2fd</person_id><license_plate>ZSU-070</license_plate><vin>ZTXKTM2S8ZFDFE7ZK</vin><color>LightGray</color><year>2009</year></automobile><automobile><person_id>a0489ccb-6fcf-4952-be6c-0ea00967f2fd</person_id><license_plate>6S IB728</license_plate><vin>ZC8JKWP62J2WHV80A</vin><color>PaleTurquoise</color><year>2013</year></automobile><automobile><person_id>76cde344-37ef-446b-8795-b13dbdcb8f4b</person_id><license_plate>6318 IG</license_plate><vin>7SKD7MWW0PL5BD9DA</vin><color>MediumVioletRed</color><year>1973</year></automobile><automobile><person_id>76cde344-37ef-446b-8795-b13dbdcb8f4b</person_id><license_plate>HYI 137</license_plate><vin>613FUANP4C9ZABSV4</vin><color>LightGoldenRodYellow</color><year>1997</year></automobile><automobile><person_id>2e9642d8-a508-4b9b-9ce1-4eadb77bdc47</person_id><license_plate>N32-CBE</license_plate><vin>BX51NT1E49KKJB8EW</vin><color>NavajoWhite</color><year>2001</year></automobile><automobile><person_id>ba0b8f56-278e-47b8-be2d-b5e79fed6edf</person_id><license_plate>66-04872</license_plate><vin>NSEG8WZF1R21D63S9</vin><color>DarkBlue</color><year>2023</year></automobile><automobile><person_id>ba0b8f56-278e-47b8-be2d-b5e79fed6edf</person_id><license_plate>809-AMD</license_plate><vin>CBFNGRTV5KSZ3W63J</vin><color>Salmon</color><year>2006</year></automobile><automobile><person_id>a64462e8-baf9-4104-a236-32f61452dbea</person_id><license_plate>330 ZWP</license_plate><vin>XY9DKLRT5M242D8YB</vin><color>LightSeaGreen</color><year>2020</year></automobile><automobile><person_id>a64462e8-baf9-4104-a236-32f61452dbea</person_id><license_plate>360FE</license_plate><vin>7AUTD8A40UJD22FHB</vin><color>Orange</color><year>2017</year></automobile><automobile><person_id>f785351e-f94e-44b6-ad97-746b40ac782c</person_id><license_plate>5KSM411</license_plate><vin>WLZN21A19ZRZBC628</vin><color>Indigo</color><year>2005</year></automobile><automobile><person_id>f785351e-f94e-44b6-ad97-746b40ac782c</person_id><license_plate>335-NZS</license_plate><vin>353MYEAJ1YRHFF2JU</vin><color>Chocolate</color><year>1987</year></automobile><automobile><person_id>748fdad6-7a24-4a79-94b7-aa0b44a4de54</person_id><license_plate>72-4190E</license_plate><vin>K6S4KAN87TVUZUAJX</vin><color>Fuchsia</color><year>2015</year></automobile><automobile><person_id>748fdad6-7a24-4a79-94b7-aa0b44a4de54</person_id><license_plate>9WV 353</license_plate><vin>RB1TUCMV0XR64G2LU</vin><color>Pink</color><year>1993</year></automobile><automobile><person_id>20d927d5-69f3-4e9f-9b20-92b32b157533</person_id><license_plate>8M 9189G</license_plate><vin>0LJ76UD01V8VMC9H2</vin><color>Gray</color><year>2018</year></automobile><automobile><person_id>b146fab6-caa3-424a-8f4b-78d81ab28092</person_id><license_plate>9CNN 58</license_plate><vin>VV2EAMFL43ZB7FSCT</vin><color>DarkOrchid</color><year>2016</year></automobile><automobile><person_id>b146fab6-caa3-424a-8f4b-78d81ab28092</person_id><license_plate>30V•275</license_plate><vin>BK1P3M298VD4GT7LH</vin><color>DarkRed</color><year>2007</year></automobile><automobile><person_id>fac5cc71-8884-4afe-82c8-3e38113f20d1</person_id><license_plate>358 0NZ</license_plate><vin>H3RBVV6R31A9WMW2J</vin><color>Plum</color><year>1977</year></automobile><automobile><person_id>fac5cc71-8884-4afe-82c8-3e38113f20d1</person_id><license_plate>843 QOX</license_plate><vin>XJSM5P3L2SYXVVYHT</vin><color>MediumPurple</color><year>1983</year></automobile><automobile><person_id>5a417505-c797-46fe-aa8d-b4d00f43d215</person_id><license_plate>6JF08</license_plate><vin>B8SDB1E64JZ0SSNPH</vin><color>Magenta</color><year>1989</year></automobile><automobile><person_id>5a417505-c797-46fe-aa8d-b4d00f43d215</person_id><license_plate>WGG-7232</license_plate><vin>G44RLMEL7VK2VEY6C</vin><color>GoldenRod</color><year>1994</year></automobile><automobile><person_id>d5ae7b2f-6c76-46f5-89d0-588ab0e1026a</person_id><license_plate>51-Y411</license_plate><vin>04XFJ0LNXNJ6HKFEV</vin><color>Ivory</color><year>2007</year></automobile><automobile><person_id>d5ae7b2f-6c76-46f5-89d0-588ab0e1026a</person_id><license_plate>5W 4937N</license_plate><vin>ALA9UJPX44Z21WRWY</vin><color>MistyRose</color><year>2008</year></automobile><automobile><person_id>d5ae7b2f-6c76-46f5-89d0-588ab0e1026a</person_id><license_plate>879-NLU</license_plate><vin>BFV3ST9S5YB2F2TA7</vin><color>Navy</color><year>2007</year></automobile><automobile><person_id>bbe0e219-d41c-4ca7-b3e2-4dd8c4bd4d23</person_id><license_plate>9-L4286</license_plate><vin>UM390AKF1J0WGCFB7</vin><color>MediumPurple</color><year>2024</year></automobile><automobile><person_id>8d79cbbe-acfc-49b7-ab2d-4ba983dce555</person_id><license_plate>X00 7HR</license_plate><vin>DBR4M6YR08RMAW5GU</vin><color>CornflowerBlue</color><year>2021</year></automobile><automobile><person_id>8d79cbbe-acfc-49b7-ab2d-4ba983dce555</person_id><license_plate>033-IZI</license_plate><vin>Y9J3X9N91VE362925</vin><color>RoyalBlue</color><year>1993</year></automobile><automobile><person_id>ea5d7c0a-48f5-48fe-a806-727f30d61af9</person_id><license_plate>9D629</license_plate><vin>UZGLLWBS3BWK31SMB</vin><color>Moccasin</color><year>1975</year></automobile><automobile><person_id>ea5d7c0a-48f5-48fe-a806-727f30d61af9</person_id><license_plate>TF-7845</license_plate><vin>GR867YB662BKS7B1H</vin><color>Olive</color><year>1971</year></automobile><automobile><person_id>6437aab8-5102-4cd1-bce9-b709f1c76caa</person_id><license_plate>6NMY 27</license_plate><vin>5K4RRRK6XWSY3MX9X</vin><color>Brown</color><year>1979</year></automobile><automobile><person_id>6437aab8-5102-4cd1-bce9-b709f1c76caa</person_id><license_plate>10-A877</license_plate><vin>7VGBD1LM743BGF7G0</vin><color>BurlyWood</color><year>2001</year></automobile><automobile><person_id>59b9b6b2-0d13-43c5-9840-b6cdaddedfcc</person_id><license_plate>HDQ 201</license_plate><vin>T6ENZEFK7KM6GBJJK</vin><color>LemonChiffon</color><year>2023</year></automobile><automobile><person_id>44fa2364-5a46-4665-883f-82a1de37bef6</person_id><license_plate>153-HCB</license_plate><vin>DRC8CAWK428WN63M7</vin><color>SeaGreen</color><year>1978</year></automobile><automobile><person_id>7542b84b-17d5-45ff-9f75-6cef778a40ef</person_id><license_plate>2F DN632</license_plate><vin>X808APAJ510536XHJ</vin><color>DodgerBlue</color><year>2015</year></automobile><automobile><person_id>2d9e9031-b555-4ddf-a786-11dd1ecbf52d</person_id><license_plate>BPV 012</license_plate><vin>99L5AE8L8LJ2TNW8E</vin><color>Salmon</color><year>1997</year></automobile><automobile><person_id>0d968d55-9e5a-450e-8c18-fb33ba8658e6</person_id><license_plate>59MI4</license_plate><vin>H27L3ACZ8PNC9RTZC</vin><color>Sienna</color><year>1997</year></automobile><automobile><person_id>bd6845a0-14cd-4488-9abc-139fe7066103</person_id><license_plate>601O4</license_plate><vin>0PE9YCCGX0XWZSU4D</vin><color>LightSlateGray</color><year>1985</year></automobile><automobile><person_id>158f6e72-ff5e-40de-8687-dce0e4fffea4</person_id><license_plate>770 XGM</license_plate><vin>5TP4UYBB3V926Y1NM</vin><color>Violet</color><year>1993</year></automobile><automobile><person_id>8bbebdce-0527-4e3f-a361-b8f3042da9da</person_id><license_plate>2YX7730</license_plate><vin>MBH8U71H6MRGNFLYT</vin><color>GhostWhite</color><year>1980</year></automobile><automobile><person_id>8bbebdce-0527-4e3f-a361-b8f3042da9da</person_id><license_plate>ZGZ 7925</license_plate><vin>56UL67FP0CD3EA0CJ</vin><color>CadetBlue</color><year>1989</year></automobile><automobile><person_id>ace070c4-35e5-4018-90d4-6568b3b791c1</person_id><license_plate>VWC-6298</license_plate><vin>07WP348C8SBN0RKZE</vin><color>Moccasin</color><year>1990</year></automobile><automobile><person_id>8d769290-b073-41a8-94ea-232d2e399143</person_id><license_plate>1-5651B</license_plate><vin>FX5G26N4084HT3EFB</vin><color>Yellow</color><year>2008</year></automobile><automobile><person_id>8d769290-b073-41a8-94ea-232d2e399143</person_id><license_plate>284DBT</license_plate><vin>9302BS5L64STUUD9D</vin><color>MistyRose</color><year>2013</year></automobile><automobile><person_id>eeb080ca-8482-4bac-95fd-e21239103b10</person_id><license_plate>283 6562</license_plate><vin>8LVPM81M3XY7TN2LU</vin><color>Red</color><year>1972</year></automobile><automobile><person_id>14f7eec8-07e2-4f7f-8207-699b3bf93d08</person_id><license_plate>UZK 779</license_plate><vin>DD328LH9XS5RVX4BR</vin><color>Salmon</color><year>1996</year></automobile><automobile><person_id>14f7eec8-07e2-4f7f-8207-699b3bf93d08</person_id><license_plate>0728 SG</license_plate><vin>PMMMEDWJ085X0V35W</vin><color>Aqua</color><year>1971</year></automobile><automobile><person_id>14f7eec8-07e2-4f7f-8207-699b3bf93d08</person_id><license_plate>9-C0515</license_plate><vin>0BN0U3LZXNRGA0W0W</vin><color>HotPink</color><year>2010</year></automobile><automobile><person_id>69115d99-4a7a-458f-a2c5-4410eec0a4f7</person_id><license_plate>89-UH11</license_plate><vin>821ZTG5460PPB4X0G</vin><color>DarkSlateBlue</color><year>1971</year></automobile><automobile><person_id>d540c18e-faee-4ec3-b3e6-dfc80a02f9d6</person_id><license_plate>7732 ZP</license_plate><vin>W1LPMRMC48CPD3JZR</vin><color>DarkGray</color><year>2009</year></automobile><automobile><person_id>d540c18e-faee-4ec3-b3e6-dfc80a02f9d6</person_id><license_plate>J23-40V</license_plate><vin>LFEH8P53108R3GJ6V</vin><color>Cornsilk</color><year>1993</year></automobile><automobile><person_id>82b1427a-4ec9-44c1-a323-bd4b5394b9ff</person_id><license_plate>899 2123</license_plate><vin>SS66D9BK52TZ6UVCK</vin><color>MediumSlateBlue</color><year>1999</year></automobile><automobile><person_id>82b1427a-4ec9-44c1-a323-bd4b5394b9ff</person_id><license_plate>H22 8HR</license_plate><vin>0TT4N7JP2AMK7YCF2</vin><color>LavenderBlush</color><year>2000</year></automobile></automobiles>