"id"|"first_name"|"last_name"|"sex"|"address"|"phone_number"|"profession"|"company"|"date_of_birth"
"fa72a95a-735d-4a64-ab90-1f8366da6d84"|"Sandra"|"Orozco"|"F"|"59 Matthew Keys"|"(802)589-3112x223"|"Scientist, research (life sciences)"|"Nunez, May and Jones"|"1948-09-20"
"6e446283-1e12-4522-a54e-80aa335d4dc1"|"James"|"Strickland"|"M"|"725 Smith Avenue Apt. 759"|"693.558.7148"|"Copy"|"Collier-Rose"|"1937-12-26"
"5981c4d2-0f48-47fa-85c0-a49cbc05d90f"|"William"|"Barnes"|"M"|"605 Wilson Locks Apt. 694"|"001-405-289-2823x936"|"Data processing manager"|"Rocha-Acevedo"|"1951-03-21"
"5ec40c24-6a8a-476e-bdb6-1001da2f2747"|"Heidi"|"Wallace"|"F"|"570 Porter Overpass"|"539.338.4002"|"Equities trader"|"Bryant-Reyes"|"1935-04-20"
"1417cb13-c268-40a6-b350-cac06953c00f"|"Patricia"|"Garcia"|"F"|"429 Jonathan Stravenue"|"001-229-324-2333x82221"|"Animator"|"James, Green and Daniel"|"1946-10-07"
"08767e97-b132-4c95-a022-9686e21a4908"|"Suzanne"|"Mitchell"|"F"|"825 Smith Ranch Suite 211"|"001-812-814-1323x779"|"Engineer, structural"|"Garcia-Ryan"|"1957-01-23"
"ccdf9e7f-7ebd-41da-901a-86a0a70b4bea"|"David"|"Cervantes"|"M"|"551 Randall Burg"|"681-460-2038"|"Restaurant manager, fast food"|"Morris, Mason and Goodman"|"1971-09-19"
"2c53de30-43ec-4138-8ca2-9f429e6ee617"|"Eric"|"Young"|"M"|"96 Heather Garden Suite 383"|"001-500-250-4607x74959"|"Prison officer"|"Griffin and Sons"|"1932-09-22"
"1b272445-c3f1-412c-8300-f99e484bbd9e"|"Jessica"|"Buchanan"|"F"|"113 Warner Circle"|"001-227-895-9349"|"Insurance account manager"|"Ward, Calhoun and Juarez"|"2004-01-13"
"4a29d703-a715-4351-b483-00e1e109642e"|"Roger"|"Hicks"|"M"|"278 Bruce View Suite 976"|"289-647-5162"|"Journalist, newspaper"|"Hurley-Green"|"1988-05-03"
"0166856f-1720-4533-a089-8d605a29ff35"|"Sean"|"Riley"|"M"|"261 Charles Mall Apt. 745"|"794.713.5916x47750"|"Doctor, hospital"|"Miller-Montoya"|"1953-05-06"
"2223b5f3-7a83-4c92-8801-711e7100d09e"|"Bruce"|"Green"|"M"|"477 Colleen Mount"|"001-786-655-8844x139"|"Merchandiser, retail"|"Huff-Perry"|"1992-07-15"
"77ff2f8b-945e-4459-8542-e1caee955c6a"|"Tony"|"Jackson"|"M"|"614 Bruce View Suite 976"|"001-956-407-7455x32219"|"Engineer, technical sales"|"Payne, Hull and Herrera"|"1930-04-29"
"592adf88-6b9c-4d44-b30b-712554e861e4"|"Julia"|"Reyes"|"F"|"822 Patricia Row"|"2609374535"|"Designer, multimedia"|"Carr, Brown and Rogers"|"1911-04-16"
"ab954db4-d691-460f-9585-8504c9cc1739"|"Michael"|"Jones"|"M"|"7 Smith Avenue Apt. 759"|"001-743-489-5956"|"Bonds trader"|"Garrett and Sons"|"1929-01-05"
"6df99a23-0c31-4aed-80c8-b185292e4f7f"|"Jordan"|"Ryan"|"F"|"166 Barron Hollow"|"265.298.6766"|"Logistics and distribution manager"|"Johnson PLC"|"2017-06-06"
"e774d0b5-c9fe-4cc2-8aa9-70b2f605d87e"|"Douglas"|"Jackson"|"M"|"889 Bruce View Suite 976"|"001-211-800-6341x58962"|"Broadcast presenter"|"Schwartz-Valenzuela"|"1946-08-06"
"744f2d00-3afb-45c0-b43c-c0b2fd599700"|"William"|"Hubbard"|"M"|"165 May Rest Suite 582"|"001-845-548-9825x6535"|"Art therapist"|"Davis, Wolf and Robertson"|"1939-03-26"
"5d5eb991-4fb7-414d-bc7e-214cd81897a3"|"Katherine"|"Hubbard"|"F"|"183 Scott Valleys Suite 598"|"6904904793"|"Editor, film/video"|"Sanders-Pollard"|"2001-12-05"
"60c9da3f-f1d3-4566-8264-8084c233e65c"|"Dale"|"Henderson"|"M"|"647 Randall Burg"|"580-468-9392x046"|"Engineer, energy"|"Rowland-Lee"|"2000-03-12"
"ee3787fd-c0cc-4e0a-9457-05867132ebc5"|"Manuel"|"Freeman"|"M"|"660 May Rest Suite 582"|"459-893-2063"|"Mining engineer"|"Moreno-Pierce"|"1991-01-04"
"6b07baa2-bc16-43a2-b6f2-eb7deb451c0a"|"Lee"|"Hughes"|"M"|"231 Montoya Walk Apt. 578"|"001-590-490-2475x439"|"Geographical information systems officer"|"Lucas, Miller and Watson"|"2014-11-10"
"b76b6688-222c-403c-b554-5579247301c6"|"Benjamin"|"Rodriguez"|"M"|"23 Hensley Park Suite 873"|"786-858-8323x6211"|"Science writer"|"Fowler and Sons"|"1928-03-24"
"b015594d-e473-471e-b103-34442854f3de"|"Victoria"|"Vargas"|"F"|"335 Cox Turnpike Apt. 083"|"8394303717"|"Psychologist, forensic"|"Perkins LLC"|"1962-01-29"
"851e44f0-49e5-427d-916c-447c9b318e4d"|"Paula"|"Watkins"|"F"|"683 Arnold Cliffs"|"001-888-653-3256"|"Accountant, chartered"|"Harris and Sons"|"1960-06-14"
"6c584646-df34-4e0f-bcf9-0949309128a0"|"Michael"|"Reyes"|"M"|"813 Barry Shoal Suite 612"|"001-485-894-7353x1504"|"Web designer"|"Higgins, Davis and Walters"|"1956-08-15"
"f2808c01-5eba-460c-b0dd-be38beb493ec"|"Kristy"|"Floyd"|"F"|"300 Montoya Walk Apt. 578"|"+1-456-635-2991x118"|"Administrator, sports"|"Turner Group"|"1958-06-07"
"af372a47-56c9-4836-b9ab-e823ec5a60ad"|"Brown"|"Leach"|"M"|"660 Christopher Tunnel"|"573-569-8250x60468"|"Pension scheme manager"|"Salas, Fowler and Smith"|"1909-08-08"
"c641dc84-dab6-4acb-be41-656926dcee1f"|"Kyle"|"Morrison"|"M"|"156 Hanson Port"|"(921)318-4791"|"Patent attorney"|"Simpson-Harrison"|"1967-11-22"
"c0c320f8-645b-43b5-a7aa-6f5bc7bb010f"|"Evans"|"Freeman"|"F"|"274 Douglas Springs"|"001-497-811-7773"|"Counselling psychologist"|"Klein-Holt"|"1965-01-21"
"58247255-e4be-4ae8-85f3-d33bd1f2dd15"|"Amy"|"Barnett"|"F"|"32 Marquez Lane"|"(389)818-8986"|"Forest/woodland manager"|"Bishop, Rogers and Smith"|"1959-04-12"
"246f632a-a4ed-4880-892d-f4312d2890b2"|"John"|"Bryant"|"M"|"541 Johnson Lake"|"(906)885-3862x9014"|"Financial controller"|"Jones-Weaver"|"1941-09-06"
"abeddd5e-b3e3-4179-b1fc-8adae74bb0da"|"Beth"|"Lynn"|"F"|"55 Matthew Keys"|"557.291.9139x733"|"Oceanographer"|"Middleton PLC"|"1925-08-30"
"9c32c2fe-cd60-4aad-9f2d-a4f5cf23dbcf"|"Mitchell"|"Ray"|"M"|"459 Cooley Dam Apt. 601"|"(234)567-8414x38950"|"Journalist, broadcasting"|"Shelton-May"|"1980-06-01"
"a71e8989-2624-4571-a389-30a005fb9e7a"|"Lee"|"Schwartz"|"M"|"557 Rosario Loop"|"459.860.1651"|"Press sub"|"Strickland, Simmons and Miller"|"1927-06-25"
"d0b98a09-f1f5-47ba-8ad6-4490868bbfec"|"Christine"|"King"|"F"|"494 Tim Avenue Apt. 437"|"796.667.8711"|"Logistics and distribution manager"|"Jones, Grimes and Bush"|"1947-04-28"
"f26261af-1e4d-4ebc-bbec-11892218aeef"|"Dean"|"Saunders"|"M"|"264 Hood Loop Apt. 276"|"001-574-806-4539"|"Surveyor, building"|"Arroyo LLC"|"1943-09-11"
"2643144b-f759-4df8-a579-92d0aa4fe4b2"|"Rhonda"|"Scott"|"F"|"706 Thomas Coves Suite 736"|"(896)725-4710"|"Administrator, Civil Service"|"Evans, Bailey and Macias"|"1928-08-22"
"f709bb08-df2d-4b93-829c-2c97cca69bb5"|"Michael"|"Mendoza"|"M"|"886 Alexandra Bridge Suite 474"|"(968)720-2679x34545"|"Forensic psychologist"|"Rodriguez-Rodriguez"|"1916-07-08"
"87f48177-4713-446a-8c83-b6d01c02061b"|"Jennifer"|"Roy"|"F"|"944 Lee Burgs"|"526.514.8826"|"Solicitor"|"Wilson, Sexton and Case"|"2016-11-05"
"b5e73d44-3c58-4703-9bde-69f3d33beb9b"|"Rebecca"|"Crane"|"F"|"5 Colleen Mount"|"+1-421-334-4008x76965"|"Police Officer"|"TTPD"|"1915-02-21"
"a881bfde-edfa-443a-ab66-6e65afce428e"|"Daniel"|"Gallagher"|"M"|"118 Jonathan Stravenue"|"359.926.6014x52461"|"Community development worker"|"Horn, Deleon and Swanson"|"1942-08-01"
"0ba7ce31-7ed7-4e98-9081-b570cea37cc3"|"Maria"|"Andrews"|"F"|"514 Hart Estates Suite 718"|"617.737.2475"|"Tree surgeon"|"Johnson and Sons"|"2016-10-15"
"b051053d-a689-498d-8fde-60ff67364814"|"Morgan"|"Cunningham"|"F"|"496 Heather Garden Suite 383"|"+1-974-322-2884x65143"|"Museum education officer"|"Smith LLC"|"1977-09-09"
"2a5b22a5-b075-45a1-9951-66134c3a4b09"|"Andrea"|"Velez"|"F"|"963 Weeks Meadow Suite 683"|"305.866.3563x804"|"Diplomatic Services operational officer"|"Castillo-Wong"|"1967-12-21"
"4300b23c-2015-4a97-9b41-874d5da27958"|"Brianna"|"Howard"|"F"|"694 Thomas Wall Suite 035"|"001-815-852-7403"|"Paramedic"|"Buchanan, Price and Ryan"|"1972-08-08"
"988f29e1-4786-4460-af93-87108740d59b"|"Erin"|"Mitchell"|"F"|"93 Davenport Fords"|"+1-967-237-7036"|"Pensions consultant"|"Brooks, Scott and Taylor"|"1971-04-08"
"adbee664-2144-4d75-bcb8-37bd31150f4b"|"Amy"|"Brown"|"F"|"925 David Passage Suite 979"|"931.937.3586x892"|"Corporate investment banker"|"Diaz-Davis"|"1954-06-09"
"eb2fc0d7-f752-4408-bf69-189e4dcb105b"|"Christine"|"Harrison"|"F"|"672 Jones Courts Apt. 083"|"4296657600"|"Public librarian"|"Goodman LLC"|"2017-04-12"
"de6d13d6-068d-4aa0-ab20-a14c555fe720"|"Vicki"|"Little"|"F"|"765 Michelle Isle Apt. 431"|"+1-789-794-2012x93302"|"Warden/ranger"|"Ramsey-Walker"|"1972-01-16"
"de3e814f-8401-4009-b111-fb89f2b0ab2b"|"Leah"|"Weaver"|"F"|"163 Jacobs Ports Suite 715"|"(591)459-8347x706"|"Comptroller"|"Robinson, Ford and Daniels"|"1973-11-13"
"6f36a856-75ee-40ba-be9f-5deb923fc720"|"Zachary"|"Aguilar"|"M"|"192 Marquez Lane"|"(946)332-4084x72984"|"Teacher, English as a foreign language"|"Obrien Ltd"|"1982-12-23"
"bba0e8c9-e874-428b-bcc9-dfaaea916d9f"|"Amy"|"Pugh"|"F"|"857 Charles Extension Apt. 046"|"001-883-638-3185"|"Museum/gallery curator"|"Michael Group"|"2009-03-22"
"2caee007-89e3-4355-9c37-fde6da6d79a1"|"Brandi"|"Anderson"|"F"|"620 Johnson Lake"|"001-669-474-4831x33685"|"Tax inspector"|"Klein PLC"|"1968-05-22"
"3c4c555a-f745-4e21-b96a-8157878173b8"|"Geoffrey"|"Hernandez"|"M"|"962 Charles Mall Apt. 745"|"(264)915-6816x2507"|"Designer, interior/spatial"|"Gross PLC"|"1968-03-31"
"ccf1d75c-a7b8-4064-91da-30c5073e21ae"|"Bobby"|"Ryan"|"M"|"467 Nicole Via"|"369-249-9162"|"Research officer, political party"|"Hartman-Rodriguez"|"1957-09-05"
"1ab975c6-6682-452b-9cd9-e921bed1013a"|"Kimberly"|"Espinoza"|"F"|"424 Diana Point"|"465.222.0492"|"Accountant, chartered management"|"Banks, Bowman and Lee"|"1921-09-28"
"d6297fa0-9e55-47b0-94f5-fe53c2b5fa7f"|"Deborah"|"Saunders"|"F"|"564 Barron Hollow"|"001-854-790-8546x97538"|"Advertising account executive"|"Hernandez and Sons"|"1949-02-13"
"6c64d0b7-def9-4075-ab89-edd91e266dc1"|"Rachel"|"Anderson"|"F"|"477 Gabriel Hill Apt. 094"|"+1-223-522-2151x55376"|"Fish farm manager"|"Perry Ltd"|"2015-04-04"
"10404982-9d31-4530-8639-7314cc8fae4f"|"Morgan"|"Hooper"|"F"|"55 Thomas Coves Suite 736"|"856-508-5784x243"|"Television camera operator"|"Allen Group"|"1911-07-24"
"b710e161-648f-45bd-923f-97f3465822aa"|"Heather"|"Nguyen"|"F"|"80 King Land"|"503-277-4093x55758"|"Engineer, biomedical"|"Vega LLC"|"1999-04-11"
"4cb1065c-82e9-41ca-bfd5-6a57324c8ea0"|"Shawn"|"Schwartz"|"M"|"216 Bailey Trail"|"+1-993-751-0057x2666"|"Armed forces training and education officer"|"Higgins-Sanchez"|"1999-01-11"
"ab0a3842-e34b-47f1-8650-ee598e180885"|"Alan"|"Vargas"|"M"|"726 Parks Trace Suite 497"|"280.414.4646"|"Public relations account executive"|"White-Stewart"|"1940-10-07"
"b269f30c-dbf3-43c9-93ec-0ebbe54acad9"|"Joseph"|"Herrera"|"M"|"711 Higgins Port Apt. 001"|"001-821-204-9121"|"Lecturer, further education"|"Crawford Group"|"1976-12-03"
"63c525c3-1a88-4949-852e-2d72ff38c06d"|"Victoria"|"Faulkner"|"F"|"814 Jennifer Track"|"264-943-0683"|"Financial planner"|"Cannon, Walton and Vargas"|"1931-07-17"
"14d1244a-3194-4d3b-85c0-077416b0b4e8"|"Horton"|"Mckee"|"F"|"394 Brian Course"|"001-481-667-3099"|"Designer, furniture"|"Cox, Bowers and Trujillo"|"1962-08-30"
"abd8c754-2f5f-4c26-bb49-a530e7d30e2a"|"Timothy"|"Steele"|"M"|"292 Douglas Springs"|"(267)272-1560x256"|"Music tutor"|"Glenn, Garcia and Lee"|"1968-09-25"
"8681a4e7-25ff-478c-bd19-a21f05091c0b"|"Jason"|"Mejia"|"M"|"773 Yvette Loop"|"(220)547-6926x8860"|"Advertising account executive"|"Miller-Clark"|"1999-05-10"
"c4fe76d7-e916-4971-b38c-0b459896e8d9"|"Kristin"|"Wilson"|"F"|"606 Heather Garden Suite 383"|"(733)442-4320x17995"|"Hydrogeologist"|"Steele-Sims"|"1912-02-16"
"2ec03a93-b603-4525-83a0-14880720fd80"|"Paul"|"Richardson"|"M"|"369 William Avenue"|"636-739-5498"|"Chiropodist"|"Elliott Inc"|"1945-07-27"
"cdf1e39f-5973-4a4e-89af-c31ada6bd098"|"Tracy"|"Harrison"|"F"|"304 Patricia Row"|"453.688.2634x047"|"Dispensing optician"|"Dudley and Sons"|"1936-12-07"
"fac06990-2635-4027-8067-22e994300726"|"Charles"|"Fisher"|"M"|"290 Johnson Lake"|"001-617-270-3647x2969"|"Technical author"|"Wong-Weiss"|"1939-12-08"
"7af79db6-06d9-4f30-804e-2ebbd4f0d3a2"|"Jason"|"Gallagher"|"M"|"988 Davenport Fords"|"+1-850-309-9448x08998"|"Careers information officer"|"Johnson LLC"|"2015-10-22"
"1eb2ea21-0cf1-4825-bab4-4adf7e43df44"|"James"|"Anderson"|"M"|"755 Robinson Highway"|"605-558-7289x536"|"Television floor manager"|"Williams, Torres and Crane"|"1967-10-11"
"15bd4494-b4e8-4909-85a4-215ef625eb4f"|"Mariah"|"Sanders"|"F"|"887 Collins Skyway"|"6329159505"|"Intelligence analyst"|"Green, Sawyer and Smith"|"1963-12-17"
"d2103610-2d37-4463-93e5-6a8105fdbe62"|"Casey"|"Roy"|"F"|"510 Martin Field"|"819.958.2178x126"|"Engineer, site"|"Lewis-Bolton"|"1919-11-21"
"51d564ce-27a7-4386-b9c8-2aff6eb285e0"|"Carmen"|"Gray"|"F"|"396 Morales Gardens Suite 197"|"974.267.7866"|"Actuary"|"Fernandez-Romero"|"2016-06-28"
"01d34ff2-3e09-41b8-a8f5-258f7444d38c"|"Michelle"|"Hernandez"|"F"|"631 Patricia Row"|"(813)992-0376x6086"|"Psychotherapist, child"|"Wright, Gallegos and Davis"|"1961-06-17"
"dfd0cff0-8ce6-40e2-8316-7a8bdd44baef"|"Derek"|"Ramos"|"M"|"557 Barron Hollow"|"(863)442-8128x7685"|"Broadcast presenter"|"Jones and Sons"|"1978-03-24"
"b6cd8e02-6af7-4631-8258-481420be6b1a"|"Adrienne"|"Blair"|"F"|"785 Smith Avenue Apt. 759"|"217.366.3382x0161"|"Colour technologist"|"West-Ware"|"2011-08-31"
"83c3a526-053a-437d-8bb9-f6964a9afd7c"|"Ashley"|"Craig"|"F"|"666 Banks Curve Apt. 123"|"(655)343-5836"|"Restaurant manager"|"Smith-Tyler"|"1964-01-18"
"5e645785-99e9-429e-8a14-5f676c2692f4"|"Douglas"|"Barber"|"M"|"416 Wyatt Pike Suite 863"|"+1-590-722-9818x226"|"Petroleum engineer"|"Miller PLC"|"2002-05-22"
"6800aa15-bec0-44b1-be00-c3a0cf176e86"|"Daniel"|"Holmes"|"M"|"276 Jackson Harbors Suite 257"|"+1-573-647-6459x92328"|"Freight forwarder"|"Noble, Bond and Greene"|"1935-09-17"
"10a223e8-39d7-4934-8505-eab7fa452176"|"Jennifer"|"Villanueva"|"F"|"478 Angela Lights"|"964-668-8087x193"|"Designer, blown glass/stained glass"|"Walker-Sanchez"|"2019-09-16"
"0a03a57d-0033-495e-b28e-769c1d79a159"|"Lisa"|"Casey"|"F"|"140 Monica Burgs Suite 695"|"001-454-791-9198x72094"|"Surveyor, rural practice"|"Martinez, Brown and Ford"|"1994-10-04"
"d37d0c12-3604-4266-b956-778fc92c4508"|"Tracy"|"Burke"|"F"|"594 Jonathan Stravenue"|"264-368-3563x502"|"Research scientist (physical sciences)"|"Velez-Smith"|"1953-04-12"
"26240a03-8558-41a1-85a9-b5a8ea437a34"|"Derek"|"Suarez"|"M"|"456 Hanson Port"|"(945)914-9776"|"Freight forwarder"|"Cook, Munoz and Petersen"|"1914-07-01"
"83aa05dc-6a82-4fe3-b6a3-2fce5518f8d8"|"Tracy"|"Martin"|"F"|"554 Christopher Ways"|"+1-454-941-7342x8292"|"Paediatric nurse"|"Walker Ltd"|"1959-06-26"
"617aa700-180c-47b8-9490-26197fc83ea5"|"Corey"|"Phillips"|"M"|"319 Catherine Cove"|"+1-332-890-8755x100"|"Architectural technologist"|"Roach-Monroe"|"2003-12-01"
"c0b8b1d5-ee31-4426-aa78-e769b107779f"|"Johnson"|"Arnold"|"M"|"589 Stacey Via Suite 001"|"(738)233-6261"|"Armed forces training and education officer"|"Brooks, Cline and Rodgers"|"2009-08-13"
"45741c35-e9da-4fdd-a420-dbc6d73ecb52"|"Steve"|"Hernandez"|"M"|"311 Bailey Trail"|"001-606-422-3652x03172"|"Animal technologist"|"Hampton Ltd"|"1912-11-12"
"bdbc7959-532c-452f-a01b-f5705302d3b6"|"Willie"|"Williams"|"M"|"129 Alexis Run Suite 764"|"729.433.8905x63382"|"Advertising art director"|"Stewart, Miller and Dickerson"|"1939-06-01"
"0935ff6d-f7ec-48f2-b5cf-1c0c2cb4f460"|"Brandon"|"Lynn"|"M"|"96 Collins Skyway"|"(723)607-3055x815"|"Research scientist (medical)"|"York-Li"|"1950-08-30"
"0596a564-58e3-4fd2-a42d-2d9b7b5662ae"|"Jeremy"|"Zimmerman"|"M"|"133 Bailey Trail"|"001-882-425-4598"|"Engineer, water"|"Rodriguez-Torres"|"1956-05-13"
"75b38dc5-dcbe-4c23-9506-d717118b210b"|"Mary"|"Jones"|"F"|"511 Tiffany Gateway"|"+1-665-337-1767"|"Engineer, civil (consulting)"|"Campos LLC"|"1967-12-03"
"b58295a6-74b4-4646-892b-30b267841596"|"Crystal"|"Fernandez"|"F"|"812 Jonathan Place"|"4022912721"|"Airline pilot"|"White-Mclean"|"1960-08-26"
"79156cc4-0084-4784-af3e-840568e66e72"|"Austin"|"Scott"|"M"|"549 Garcia Road Suite 143"|"992-771-3919x26347"|"Lighting technician, broadcasting/film/video"|"Sullivan-Burnett"|"1993-05-31"
"05924b23-12f8-41b9-94b5-3da954dde406"|"Samantha"|"Bond"|"F"|"305 Shelton Run"|"609-243-2293x486"|"Air cabin crew"|"Kelly and Sons"|"1984-01-04"
"27df25ee-b489-423c-a765-3d0c4af4f983"|"Jeffrey"|"Buchanan"|"M"|"779 Rosario Loop"|"809.875.3580"|"Automotive engineer"|"Barnett and Sons"|"1986-03-16"
"5f3572c3-45c9-4c00-bd1c-97c5c9b23e36"|"James"|"Burke"|"M"|"395 Warner Circle"|"921.741.0969x059"|"Mental health nurse"|"Klein Group"|"1978-12-31"
"c7129230-042f-450e-87cd-6af3c15ab404"|"Michelle"|"Reyes"|"F"|"591 Haney Prairie Suite 518"|"001-901-444-9291"|"Therapeutic radiographer"|"Diaz and Sons"|"2020-04-18"
"6ce8da37-ea32-4309-b764-59845bf5f6bd"|"Deborah"|"Shaffer"|"F"|"132 Gray Walks Apt. 075"|"938.611.8377"|"Sales promotion account executive"|"Olsen Group"|"1991-07-17"
"5cbca7a0-7363-403f-823b-7d5392ba4e8b"|"Aaron"|"Curtis"|"M"|"572 Jennifer Track"|"740-584-6051x49396"|"Manufacturing engineer"|"Roberts LLC"|"1982-09-16"
"64f919f1-a0d8-4a38-b6e2-b475f68e81c7"|"John"|"Green"|"M"|"317 Stacey Via Suite 001"|"(696)915-3832"|"Medical sales representative"|"Green, Neal and Khan"|"1918-10-10"
"c1eb1c0f-7cf8-4157-85c6-d6824cc7eeae"|"Erin"|"Fox"|"F"|"917 Jeffery Isle"|"442-492-2500x8685"|"Adult nurse"|"Sheppard-Nguyen"|"1941-03-12"
"1ed71440-6de8-46d0-924d-b8533e05f9ca"|"Amanda"|"Gonzalez"|"F"|"305 Brown Canyon Apt. 503"|"479-452-7935x18276"|"Journalist, magazine"|"Macias, Walls and Thompson"|"1987-11-30"
"32d4d259-ed0b-4f6c-8a2e-cb127335ceb4"|"Charles"|"Bryant"|"M"|"406 Cox Turnpike Apt. 083"|"+1-601-627-0069x3997"|"Advertising art director"|"Allen-Morris"|"2001-04-28"
"a1967494-d731-4cc1-938a-4078356ba00c"|"Charles"|"Gill"|"M"|"823 Barry Shoal Suite 612"|"001-555-778-1176x296"|"Pension scheme manager"|"Ramirez, Jones and Curry"|"1910-07-27"
"2bebbf81-5610-44ed-84c7-36275af37419"|"Emily"|"Parker"|"F"|"333 Davenport Fords"|"524.772.6908"|"TEFL teacher"|"Romero Inc"|"1933-06-24"
"a6e2597f-a902-4f01-8fe6-5f98f92b1c82"|"Hannah"|"Bryant"|"F"|"649 Patricia Trafficway Apt. 188"|"491.607.6348"|"Toxicologist"|"Kelly Inc"|"1932-05-06"
"6003a772-e319-4d7f-bf59-afabfd4fc528"|"Kevin"|"Watson"|"M"|"67 Ross Camp Apt. 134"|"001-494-266-6845x2586"|"Clinical molecular geneticist"|"Jones, Black and Davis"|"1933-03-29"
"1b225212-ea73-4ebe-ba8f-5ac97a70829d"|"Phillip"|"Espinoza"|"M"|"69 Matthew Keys"|"504-704-5823"|"Solicitor"|"Fuller-Valencia"|"1919-06-27"
"2bd9c299-8953-4980-b4a5-a2e0881bd386"|"Brenda"|"Ward"|"F"|"516 Hernandez Parkways Suite 200"|"(889)881-2630"|"Agricultural engineer"|"Schneider-Nguyen"|"1962-05-28"
"35f8d626-8c0a-4b26-a978-0ffae7663030"|"Kelsey"|"Solomon"|"F"|"304 Michael Manor"|"945-761-1407"|"Community pharmacist"|"Velazquez, Jones and Thomas"|"1971-05-18"
"794fefa2-81ce-4e4c-9cd1-7c1a06d7661b"|"Nathan"|"Barnett"|"M"|"270 Newton Wall"|"+1-908-437-7898x512"|"Ambulance person"|"Thomas, Preston and Ward"|"2023-01-17"
"2e9a4698-618d-4111-9588-c42d71437304"|"Matthew"|"Davis"|"M"|"544 Brown Canyon Apt. 503"|"880-891-4238x5051"|"Doctor, general practice"|"Cantu-Gonzales"|"1911-11-23"
"96f169b4-0df4-4df0-91e1-6cd2dcc63b33"|"Matthew"|"Gonzalez"|"M"|"756 Johnson Lake"|"(691)517-1005x11935"|"Designer, jewellery"|"Henry Ltd"|"1974-11-07"
"dc91ca59-b51e-4fb7-a7c7-365fefc63e61"|"Laura"|"Osborne"|"F"|"109 Nicole Via"|"833-769-2483x72782"|"Psychiatrist"|"Black, Buckley and Mendoza"|"1997-01-14"
"a327ffa2-87d3-4d17-a4e6-a0021368487c"|"Brianna"|"Holmes"|"F"|"738 Smith Avenue Apt. 759"|"277.496.4976"|"Financial planner"|"Daniels Group"|"2019-06-29"
"094cf100-5a27-41a2-84c8-f485396e70e8"|"Duane"|"Rojas"|"M"|"528 Jacobs Ports Suite 715"|"+1-520-950-4368x1221"|"Adult nurse"|"Myers, Baker and Moore"|"1962-09-06"
"aef13949-ae7d-4510-ac53-53876441bab1"|"Richard"|"Ramirez"|"M"|"223 Jonathan Stravenue"|"310-416-0573x55146"|"Public relations account executive"|"Kane, Walker and Bailey"|"2004-02-11"
"5cc9b064-2ceb-4e62-8a5f-7e5ba3c21598"|"Victoria"|"Welch"|"F"|"204 Shepard Bridge"|"6616442880"|"Clinical scientist, histocompatibility and immunogenetics"|"Marshall-Maxwell"|"2008-08-28"
"211db023-c9d8-4bd6-aa6f-3111e6926ba4"|"Joann"|"Freeman"|"F"|"0 Ortiz Brooks"|"+1-850-594-3131"|"Programmer, systems"|"Lane, Ruiz and Rogers"|"1960-09-20"
"8cf9ecbc-893c-46d0-8f0f-2c018f8886b1"|"Rachel"|"Floyd"|"F"|"19 Montoya Walk Apt. 578"|"+1-277-272-7134"|"Geologist, wellsite"|"Foster Ltd"|"1908-08-06"
"05bec112-6410-4ec5-a4b8-0c8fc847d7a4"|"Christopher"|"Smith"|"M"|"936 Aimee Circles"|"001-684-952-9217x36071"|"Health service manager"|"Silva Group"|"2001-12-17"
"f314fbda-5656-46fd-bcc9-a49dfce6701f"|"Candace"|"Fisher"|"F"|"226 Montoya Walk Apt. 578"|"954-388-6465x725"|"Investment analyst"|"Mitchell-Brown"|"1976-01-03"
"9fd83203-787c-4d30-9a3b-46047e816464"|"James"|"Bennett"|"M"|"338 Hart Estates Suite 718"|"(845)614-0313x58072"|"Community development worker"|"Moreno PLC"|"2010-03-09"
"6c74ffde-879c-47db-80c5-0ecf044fb890"|"Angela"|"Dean"|"F"|"642 Julia Station"|"873.681.3569x3437"|"Research officer, trade union"|"Rivera-Rojas"|"1962-05-01"
"7c94bdfa-5a8b-4cf3-84bf-6b4a573e4595"|"Pamela"|"Gonzalez"|"F"|"747 Donald Village Apt. 289"|"895-710-9651"|"Hydrologist"|"Perry Group"|"1954-12-19"
"a6390a1b-e78f-4b6b-a5f6-21dcf256304c"|"Harry"|"Leach"|"M"|"396 Monica Burgs Suite 695"|"001-218-390-5835x9980"|"Land/geomatics surveyor"|"Carter-Taylor"|"1928-12-28"
"be0741cc-6fbb-4d2d-b519-845855d754f9"|"Shepard"|"Ward"|"F"|"607 Collins Skyway"|"+1-707-682-1868x56965"|"Education administrator"|"Ferguson, Trujillo and Costa"|"1939-07-18"
"da17bf3b-bd46-495f-b4e2-d09ee70e6a2d"|"Samantha"|"Miller"|"F"|"885 Lewis Trace"|"+1-702-562-2612"|"Soil scientist"|"Sanchez-Ramirez"|"1959-07-31"
"fdf4d589-3e1b-4582-8999-0e7d943e0c95"|"Samantha"|"Glover"|"F"|"91 Quinn Divide"|"(993)684-1974x214"|"Hospital doctor"|"Parker-Gross"|"1923-03-21"
"aa651eda-bc29-4ab2-87ce-d0ef432fcac7"|"Makayla"|"Perez"|"F"|"375 Bruce View Suite 976"|"580.426.5685"|"Journalist, magazine"|"Johnson LLC"|"1961-08-23"
"904a798f-c2a9-4941-8312-b565895b9338"|"Michael"|"Spence"|"M"|"459 Cooley Dam Apt. 601"|"675-554-1207x01880"|"Dealer"|"Adams Group"|"1988-08-08"
"9bf62899-ec2d-45be-968c-3a7670f00f53"|"James"|"Williams"|"M"|"561 Yates Harbor Suite 905"|"849.962.4678x53014"|"Architectural technologist"|"Bradford-Wilcox"|"1964-03-19"
"4347df8e-1ac9-4a70-9b8b-81f6a166b2d0"|"Brenda"|"Hall"|"F"|"843 Yvette Loop"|"862-253-0882x8122"|"Manufacturing systems engineer"|"Johnson-Murray"|"1928-03-12"