"id"|"first_name"|"last_name"|"sex"|"address"|"phone_number"|"profession"|"company"|"date_of_birth"
"a24b7ed4-2920-4166-85af-13a5ca567f69"|"Ashley"|"Smith"|"F"|"284 Scott Valleys Suite 598"|"729.227.5494x293"|"Curator"|"Mason, Williams and Perkins"|"1930-07-13"
"d89fe1e7-31fa-4a79-8165-d5889e3e14fb"|"Jessica"|"Joseph"|"F"|"384 Anderson Port"|"816-474-4097"|"Physiotherapist"|"Williams LLC"|"2021-12-23"
"ede59a1c-98fe-4d28-ad9d-1e1d83b0d831"|"Mackenzie"|"Reyes"|"F"|"395 Day Inlet"|"2315187392"|"Psychologist, forensic"|"Alvarez-Mclaughlin"|"1957-03-18"
"f0e64fb9-3255-45e4-a331-a46191731f26"|"Elizabeth"|"Martin"|"F"|"374 Jeffery Village"|"7259665060"|"Illustrator"|"Payne-Harper"|"1993-10-29"
"cb4dbccc-a935-418f-8aa3-f33a4b08828e"|"Monica"|"Jordan"|"F"|"307 Porter Overpass"|"(386)754-3232x60266"|"Maintenance engineer"|"Frost, Lee and Collins"|"1935-10-01"
"06767ac5-5a7a-4f68-ad2f-b504a62c1a49"|"Jill"|"Conway"|"F"|"122 Ortiz Brooks"|"576.685.7797x133"|"Astronomer"|"Strong PLC"|"2014-09-07"
"ed03a6b1-3167-4e15-8a85-e958011fb146"|"Mark"|"Fisher"|"M"|"150 Brian Course"|"419-640-7329x739"|"Government social research officer"|"Davis and Sons"|"1965-10-03"
"14d60e22-47cc-4cbc-bb58-8d019754d98c"|"Evan"|"Mendoza"|"M"|"545 Donald Village Apt. 289"|"001-357-739-7310"|"Medical illustrator"|"Anderson, Wong and Mitchell"|"1978-01-04"
"93c1d4b3-3021-4f6e-9d13-d4f0a60fd256"|"Sabrina"|"Sparks"|"F"|"580 Ward Parkway Apt. 076"|"(660)450-5597"|"Teacher, secondary school"|"Williams-Flores"|"1984-12-02"
"10b980e7-da54-45d8-97ad-3c90b2278a16"|"Heather"|"Schwartz"|"F"|"27 Warner Circle"|"001-480-717-9946x0635"|"Dealer"|"Adkins Ltd"|"1976-01-16"
"033cdc45-e9ba-427e-a357-69e658464cdd"|"Andrea"|"Smith"|"F"|"526 Martin Field"|"(210)460-2964"|"Higher education careers adviser"|"Weaver Inc"|"1920-02-14"
"b05085f5-92e0-43f9-89fc-f76ba82ef479"|"Tammy"|"Wood"|"F"|"994 Jeffery Isle"|"682-765-3345x81113"|"Proofreader"|"Walsh-Chase"|"1928-08-26"
"2cb65432-f26d-4537-aa78-c1df7e51adf7"|"Rachel"|"Barnes"|"F"|"992 Alexis Run Suite 764"|"+1-437-819-7673x151"|"Administrator, sports"|"Brown, Jefferson and Bennett"|"1954-07-02"
"a5d72ee1-5f89-4e74-a5af-49b75bc9bb5a"|"Carmen"|"Floyd"|"F"|"463 Christopher Tunnel"|"001-458-411-3813x67366"|"Immigration officer"|"Carson, Becker and Gray"|"1923-09-02"
"241bde14-532e-4c9a-a860-15ca36e96c85"|"Michelle"|"Fernandez"|"F"|"398 Hood Loop Apt. 276"|"+1-836-882-6536x1448"|"Acupuncturist"|"Rodriguez-Hammond"|"1924-03-11"
"1234a04a-541a-4c88-90b7-d020ae467919"|"Bradley"|"Mcdowell"|"M"|"533 Michael Circles Suite 720"|"(562)838-8140x37371"|"Arts development officer"|"Davis LLC"|"1945-09-29"
"d9934de8-f079-449a-a3ad-cade72488abf"|"Diana"|"Green"|"F"|"299 Jones Cliffs Suite 657"|"880-686-0154x37227"|"Operations geologist"|"West-Woods"|"1973-03-08"
"d871f9fa-8b2f-415e-b59c-e7800cc7ef35"|"Jane"|"Fleming"|"F"|"466 Christopher Ways"|"+1-384-505-8928x5949"|"Ship broker"|"Mitchell Ltd"|"2013-08-09"
"a3b28a82-e04b-4292-ba54-341c1383a4b2"|"Kathleen"|"Moore"|"F"|"164 Christopher Ways"|"3238646911"|"Immigration officer"|"Payne, Blankenship and Gutierrez"|"1961-06-25"
"838f1b5f-92e6-4586-8b2a-43433fd4d000"|"Kyle"|"Cervantes"|"M"|"110 Lewis Trace"|"(418)259-6740x0360"|"Farm manager"|"Carlson LLC"|"1969-04-26"
"fc0a3148-091f-40c9-b5b2-19e004b1b60f"|"Laura"|"Morgan"|"F"|"406 Monica Burgs Suite 695"|"(253)952-1576x68761"|"IT consultant"|"Edwards Inc"|"1986-12-29"
"d8e158a6-2cca-4167-aa14-1523de517f9e"|"Emily"|"Mcdaniel"|"F"|"998 Johnson Lake"|"8796518839"|"Teacher, special educational needs"|"Cox, Reynolds and Sanders"|"1996-12-25"
"761fc171-06b2-4083-93ed-22f1052300e4"|"Meredith"|"Blair"|"F"|"707 Banks Curve Apt. 123"|"+1-926-763-9760x01731"|"Nurse, children's"|"Sanchez Group"|"1909-01-06"
"571f280a-ca2a-4215-9d26-6f60e5d9b7e3"|"Sarah"|"Hayden"|"F"|"336 Jeffery Isle"|"967.691.5217x645"|"Physicist, medical"|"Haley Ltd"|"2005-07-07"
"8d66c657-a8ac-4d08-a683-b11e1207ba88"|"Katherine"|"Wallace"|"F"|"225 Gray Walks Apt. 075"|"+1-989-935-6604x875"|"Fast food restaurant manager"|"Todd Group"|"2008-02-15"
"5f65b6fa-8aff-4095-82d9-7fe05464ebb9"|"Curtis"|"Anderson"|"M"|"294 Julia Station"|"372-777-9432"|"Editor, magazine features"|"Long Inc"|"1929-05-28"
"fd08d1cb-dcf4-4f9a-8dc2-05ed8eba6e3f"|"Carla"|"Mccullough"|"F"|"633 Patricia Trafficway Apt. 188"|"(533)682-8963x0280"|"Contracting civil engineer"|"Orozco-Klein"|"1967-04-17"
"86fed697-4ef0-487c-95ff-246fa4f8960e"|"Brandi"|"Dunn"|"F"|"886 Castillo Underpass Apt. 535"|"904-950-0521"|"Teacher, early years/pre"|"Graham, Brown and King"|"1963-09-12"
"dc88a955-6d79-4769-9410-308f301f59c9"|"Scott"|"Wallace"|"M"|"216 Barry Shoal Suite 612"|"313.302.1649"|"Trade mark attorney"|"Smith-Wolf"|"2020-11-01"
"6dd27c56-958c-4807-bc54-a52c4ae17af4"|"George"|"Garcia"|"M"|"876 Michelle Isle Apt. 431"|"679-714-1169x7478"|"Biomedical engineer"|"Snyder, Burch and Thomas"|"1916-06-15"
"b9648cdd-2d78-43ae-9eeb-4d3f461bd0e9"|"Sean"|"Williams"|"M"|"241 Amanda Curve"|"289.830.8486x10167"|"Designer, blown glass/stained glass"|"Johnson PLC"|"1990-01-10"
"be4927c1-663e-4dad-8adb-7ef016e531d2"|"Stephanie"|"Gates"|"F"|"464 Scott Valleys Suite 598"|"639-729-1874x6536"|"Horticulturist, amenity"|"Jennings Ltd"|"1966-03-27"
"218158f2-80c9-4d8c-971d-10f3334a0879"|"Bill"|"Saunders"|"M"|"46 Ross Camp Apt. 134"|"+1-924-606-4116x3788"|"Environmental health practitioner"|"Patterson, Bell and Patel"|"2018-05-21"
"c21f29d1-5c4b-4db5-a4ac-ea32af9ca7c1"|"Frederick"|"Mcdowell"|"M"|"904 King Land"|"483.750.7588x796"|"Fashion designer"|"Davis-Fuller"|"1947-08-27"
"fe591530-a037-41a9-97e4-ee7afb7ec5d9"|"Crystal"|"Goodwin"|"F"|"173 Davenport Fords"|"748-646-1120"|"Clinical scientist, histocompatibility and immunogenetics"|"Charles, Edwards and Crawford"|"1960-07-16"
"38763cbc-6301-4409-b720-849c1919d881"|"David"|"Castaneda"|"M"|"814 Evans Ports Suite 383"|"(395)680-4115x1803"|"Orthoptist"|"Melendez Inc"|"1952-11-28"
"5fc4de1e-4f7a-4b37-9e6a-7edf0c697b4b"|"Teresa"|"Smith"|"F"|"391 Hood Loop Apt. 276"|"+1-719-888-4951x6400"|"Paediatric nurse"|"Skinner, Figueroa and Ortiz"|"1960-01-19"
"13b94a89-f1e7-42c8-8e05-5fcec1983b82"|"Stephanie"|"Henderson"|"F"|"959 Jessica Mountains Suite 248"|"+1-661-508-1270"|"Community arts worker"|"Castro, Valentine and Torres"|"1997-03-31"
"e0787a61-f1b8-483f-9264-bad29cbc8b75"|"Martin"|"Scott"|"M"|"978 Simpson Mill Apt. 030"|"205-968-8369"|"Prison officer"|"Mercado, Bell and Hanna"|"1992-05-12"
"0bf9831e-d6e2-485a-830b-0e95e2e68c0e"|"Gloria"|"Smith"|"F"|"414 Michael Manor"|"+1-827-391-5256x6097"|"Conservator, furniture"|"Rogers, Potter and Cooper"|"1929-09-22"
"b2c0e1bb-2679-457b-96a7-61bf54614e97"|"Sarah"|"Anderson"|"F"|"792 Tara Inlet"|"307-237-4065x27771"|"Fast food restaurant manager"|"Logan-Cooper"|"2004-12-02"
"055d3012-fdf1-4471-be63-060ce0a21533"|"Tiffany"|"Jackson"|"F"|"993 Rosario Loop"|"715.787.3982x7099"|"Barrister"|"Kirby, Garcia and Klein"|"1953-03-09"
"1f037945-502c-4576-a088-9eb7504e6e17"|"Katie"|"Gillespie"|"F"|"173 Patricia Trafficway Apt. 188"|"+1-422-693-8197x2701"|"Optician, dispensing"|"Keller, Miller and Hill"|"1936-09-12"
"93bbe492-f4cf-48c5-830a-1824c94f936c"|"William"|"Velez"|"M"|"768 Quinn Divide"|"(512)699-3366"|"Doctor, hospital"|"Lane, Schroeder and Scott"|"1941-10-23"
"5702c67d-e518-4e20-b9eb-b9b48ab016c3"|"Alejandra"|"Smith"|"F"|"307 Diana Point"|"+1-955-414-4539x21180"|"Engineer, biomedical"|"Dean PLC"|"1918-08-10"
"428d925a-9e8d-46f1-99db-e20b08d34a5b"|"Ann"|"Rice"|"F"|"905 Amanda Curve"|"3282192122"|"Health service manager"|"Moore-Burns"|"1980-10-19"
"7603a6c6-dc4b-45e0-997c-1fb9ea936fc0"|"Laura"|"Williams"|"F"|"731 Robin Junctions Apt. 618"|"001-938-571-4781"|"Sport and exercise psychologist"|"Norton, Bentley and Contreras"|"1949-12-24"
"12dc5444-e7d1-469f-9d14-2a7273d43e78"|"Joseph"|"Shaffer"|"M"|"554 Brian Course"|"538-207-8653x033"|"Charity fundraiser"|"Jones-Winters"|"1916-06-22"
"7003350b-61c5-44b6-b17c-bd6975a87626"|"Douglas"|"Nichols"|"M"|"192 Garcia Road Suite 143"|"833.947.3038x56981"|"Actor"|"Sanchez PLC"|"2023-09-17"
"2bba5b14-caa0-43c5-97cd-43566659667c"|"Jeremy"|"Hubbard"|"M"|"562 Tara Inlet"|"001-887-329-3013x1568"|"Chief Technology Officer"|"Mccall-Johnson"|"1964-04-18"
"40fe8134-4a42-49df-9b44-25bcb4102c25"|"Cassandra"|"Velez"|"F"|"641 Christopher Tunnel"|"+1-488-629-5450x111"|"Publishing rights manager"|"Lewis and Sons"|"1973-07-07"
"6fb52d27-acc3-4394-9373-ecaba41e85ea"|"John"|"Park"|"M"|"96 Pham Ports"|"+1-681-640-9932"|"Tax inspector"|"Donaldson LLC"|"1985-11-01"
"b4609863-f485-49f8-8df1-58d8ef2bbc94"|"Andrew"|"Gonzales"|"M"|"392 Lee Burgs"|"001-501-684-4479"|"Engineering geologist"|"Sims-Wall"|"1912-01-23"
"a1a2f8bc-7c60-4d7b-a70b-a3e6d824c2d6"|"Kevin"|"Gonzalez"|"M"|"471 Quinn Divide"|"5756076646"|"Librarian, academic"|"Myers, Johnson and White"|"1977-06-13"
"77703ac5-a41c-4118-b1c2-9c0480ab11d6"|"Charles"|"Andrews"|"M"|"454 Patricia Trafficway Apt. 188"|"226-396-2052x144"|"Data processing manager"|"Garcia, Bender and Mcdonald"|"1933-06-15"
"a20a3f59-2b85-4150-903e-a8b5d64a83dc"|"Pamela"|"Lynn"|"F"|"291 Martinez Grove Apt. 125"|"565-774-7303x91236"|"Oncologist"|"Kelly-Martin"|"1994-06-26"
"5d34c7d1-aad1-49a2-a73f-4ade8ebb5986"|"Larry"|"Richardson"|"M"|"332 King Land"|"(354)420-7683x44559"|"Operational researcher"|"Olson, Smith and Smith"|"1939-08-26"
"16b51db6-97ba-4071-acf5-2f4111693bcf"|"Jill"|"Stone"|"F"|"228 Jonathan Place"|"514-867-3881"|"Geophysicist/field seismologist"|"Lane, Wilson and Anderson"|"1934-12-16"
"863bef79-7ba7-443f-9ca4-6ab6e0f8e814"|"Jane"|"Pham"|"F"|"349 Robin Junctions Apt. 618"|"466-696-9310"|"Production engineer"|"Nichols and Sons"|"1965-08-22"
"569c05a1-2e78-47af-b2bc-83551334e028"|"Melissa"|"Ramirez"|"F"|"588 Matthew Valleys Suite 832"|"001-666-622-9537x017"|"Horticulturist, commercial"|"Hansen, Bowers and Miller"|"2006-03-20"
"37eadce2-993e-4dc1-8b4d-b6d1fb1dc7a6"|"Matthew"|"Shaffer"|"M"|"763 Douglas Springs"|"613-887-1254x9859"|"Private music teacher"|"Young and Sons"|"2002-04-04"
"093c22b5-b186-49bb-9fa0-cbfb89f0d61d"|"Eddie"|"Alvarez"|"M"|"320 Jeffery Village"|"+1-308-633-8901x8944"|"Sports therapist"|"Thomas-Pope"|"1955-04-23"
"fd9945c7-b916-47ec-9b75-ad6513780a3a"|"Bradley"|"Mills"|"M"|"570 Michelle Isle Apt. 431"|"001-790-659-0314x4302"|"Community arts worker"|"Larson-Huang"|"1970-04-16"
"93f2fcd0-9fa4-4276-b218-6345ca866845"|"Rickey"|"Allen"|"M"|"882 Gabriel Hill Apt. 094"|"(846)757-5290x430"|"Medical technical officer"|"Allen-Singh"|"1948-08-29"
"a5b39a9a-a6cf-4de5-8b22-02fc9604966c"|"Erin"|"Little"|"F"|"475 Amber Wells"|"(908)537-5668x1810"|"Astronomer"|"Allison-Diaz"|"2020-05-20"
"f849a63f-e5c4-4be7-8cae-900d327e4b2d"|"Roy"|"Reyes"|"M"|"932 Ortiz Brooks"|"+1-437-582-9900x7641"|"Geoscientist"|"Stevens PLC"|"1999-08-01"
"7c976c3c-a687-4885-a722-d2ab8ef19b91"|"Kayla"|"Conway"|"F"|"392 Wyatt Pike Suite 863"|"920.292.0126x7375"|"Health and safety adviser"|"Reyes-Williams"|"2015-01-01"
"f9572cfa-83f5-4401-b4eb-03b1391a8a55"|"Nancy"|"Cordova"|"F"|"327 Banks Curve Apt. 123"|"959.911.5125x899"|"Animal technologist"|"Newman LLC"|"1940-08-05"
"ee79975a-c5a8-4d9f-b944-920651a3076f"|"Carney"|"Li"|"M"|"502 Julia Station"|"862-513-6188"|"Engineer, electronics"|"Castillo Inc"|"2021-05-28"
"29b757f2-809a-44f7-a9e8-f8fe65ea291d"|"Scott"|"Aguirre"|"M"|"117 Porter Overpass"|"+1-513-419-1569x820"|"Police Officer"|"TTPD"|"1951-09-06"
"719027cf-1293-4884-9dea-51d6d8c1f27e"|"David"|"Parker"|"M"|"212 Donald Village Apt. 289"|"261.759.9046"|"Surveyor, quantity"|"Banks LLC"|"2003-08-03"
"bed0fd8e-eadc-4e37-8bbd-ae93718b4b51"|"Julie"|"Cordova"|"F"|"111 Wilson Locks Apt. 694"|"991-498-4769"|"Financial manager"|"Williams-Lawrence"|"1976-08-25"
"cab07529-4e11-4183-b308-373e4039ad0f"|"Hannah"|"Wilson"|"F"|"881 Andrew Street Apt. 107"|"466-580-6320x348"|"Engineer, agricultural"|"Hatfield, Casey and Brown"|"1926-02-15"
"85e18023-1a53-486c-bbf8-3a3ee7499b0e"|"Brooke"|"Lynch"|"F"|"756 Ashley Landing"|"001-569-769-0581x53607"|"Sports administrator"|"Harris Group"|"1963-08-11"
"7bdeaf1c-67d7-47db-bebc-fdcd2f9b42f1"|"Blake"|"Mckee"|"M"|"743 Weeks Meadow Suite 683"|"001-409-714-5640x3864"|"Education administrator"|"White PLC"|"1975-01-17"
"ffd25d72-9f59-44a0-9733-59b52e8b5309"|"Scott"|"Foster"|"M"|"403 Jessica Mountains Suite 248"|"(463)249-1923"|"Automotive engineer"|"Nichols and Sons"|"1960-10-14"
"e3a6de49-dbf8-4068-8611-9afd26c8f021"|"Sharon"|"Willis"|"F"|"218 Murphy Creek Suite 712"|"+1-423-267-2353x921"|"Records manager"|"Davis and Sons"|"1926-11-22"
"2f7acfbd-d19a-403b-b987-bf9037b9c53b"|"Michael"|"Green"|"M"|"47 Evans Ports Suite 383"|"(204)608-9170x840"|"Administrator, education"|"Olsen Inc"|"1937-12-07"
"6d415ca4-4f0b-4794-9d32-b99657a1f5b9"|"Renee"|"Roberts"|"F"|"489 Angela Lights"|"(900)387-8371"|"Bookseller"|"Walker and Sons"|"1918-04-05"
"766f90fe-1989-41fc-949e-c94be67c2baf"|"Stephanie"|"Wood"|"F"|"89 Rivers Squares"|"(878)286-0343x651"|"Accountant, chartered"|"Suarez, Acevedo and Long"|"1962-12-11"
"dc315cc7-86ff-4803-9c06-10b3479e3635"|"Shawn"|"Watson"|"M"|"339 Quinn Divide"|"954.353.4784"|"Social research officer, government"|"Woodward Ltd"|"1955-11-13"
"0a374a5e-d131-4245-827c-84bf7d2eea9c"|"Christina"|"Shaffer"|"F"|"148 Anderson Port"|"(373)405-6632"|"Civil Service fast streamer"|"Pearson, Henry and Wheeler"|"2000-02-12"
"e11383ca-0b7c-41e6-93ca-ee9792e71c44"|"Tiffany"|"Jones"|"F"|"838 Rivers Squares"|"(860)428-1313x2561"|"Dancer"|"Bryant Group"|"1933-07-27"
"8fe5d23e-14d2-4df1-ad05-01f17be94a0d"|"Diana"|"Conway"|"F"|"850 Montoya Walk Apt. 578"|"637.543.4516x7115"|"Producer, television/film/video"|"Chan-Wagner"|"1998-05-13"
"7d2d0a03-3a48-4d2f-8fa0-3f87bd5572a7"|"Julie"|"Weiss"|"F"|"903 Morales Gardens Suite 197"|"001-377-511-8220"|"Psychiatrist"|"Fleming-Welch"|"1964-06-10"
"b98693d8-e945-4069-94a3-32018933a230"|"Johnny"|"Shaffer"|"M"|"22 Amanda Curve"|"001-222-709-3361x781"|"Therapist, sports"|"Young and Sons"|"1938-01-29"
"5b3c3422-3798-43e7-8f1d-c1923b9f86de"|"Rose"|"King"|"F"|"124 Thomas Coves Suite 736"|"(301)430-8731x053"|"Museum/gallery exhibitions officer"|"Williams, Faulkner and Martin"|"1936-01-20"
"3a022040-5116-486d-b2fb-3b379bd0de35"|"Taylor"|"Crawford"|"F"|"824 Scott Valleys Suite 598"|"919-286-2130x032"|"Merchant navy officer"|"Tucker and Sons"|"1944-10-07"
"c21221c4-d9e6-41b9-b2bd-969ae0888205"|"Dean"|"Gonzalez"|"M"|"836 Davenport Fords"|"+1-220-521-4709x91053"|"Early years teacher"|"Lopez-Davis"|"1983-04-12"
"165bfbc3-efbf-470c-850c-b2cb4c33b86e"|"Paul"|"Williams"|"M"|"926 Elizabeth Creek Apt. 423"|"647.389.7647x500"|"Scientist, marine"|"Graham Group"|"1949-08-14"
"25794324-4302-4664-8b1a-899fcd35d4c6"|"Amber"|"Harrison"|"F"|"675 Yates Harbor Suite 905"|"001-460-998-8931"|"Graphic designer"|"Campbell-Combs"|"1968-10-01"
"2693c42f-83fb-4189-a457-4e0ab812bc07"|"Sarah"|"Wilson"|"F"|"931 Robinson Highway"|"563.485.3927x8242"|"Engineer, water"|"Morgan-Ruiz"|"1972-03-27"
"83a81606-c425-47ea-ba3d-6551edde6262"|"Nancy"|"Barnes"|"F"|"413 Ross Camp Apt. 134"|"(205)643-9891"|"Product designer"|"Anderson, Griffin and Patton"|"1959-03-08"
"6ce38ae4-94e2-48c6-877f-f7c29c325345"|"Kathy"|"Fleming"|"F"|"497 May Rest Suite 582"|"724.563.6426x90921"|"Geologist, engineering"|"Chan, Colon and Mills"|"1943-06-08"
"2ca6bdb6-0f02-4985-99ad-b3e69ceb53d3"|"Cory"|"Hughes"|"M"|"929 Tyler Knoll Apt. 752"|"001-485-735-7864"|"Immigration officer"|"Young, Mays and Sandoval"|"1934-05-02"
"27ecd164-407b-40f7-90e3-48a9d177ea41"|"Robert"|"Shelton"|"M"|"832 Anderson Port"|"(240)287-6225x307"|"Best boy"|"Jensen, Foster and Woods"|"2003-05-26"
"6ee8d25f-0e61-48e4-b4bd-816a5067dd3c"|"David"|"Ruiz"|"M"|"190 Montoya Walk Apt. 578"|"607-476-8750x27312"|"Senior tax professional/tax inspector"|"Wright LLC"|"1933-12-13"
"a158ff13-4ec7-48b7-adec-7cc278232e46"|"Sarah"|"Wilson"|"F"|"818 Andrew Street Apt. 107"|"925.974.6434x81763"|"Engineer, manufacturing systems"|"Cruz, Bowman and Richardson"|"1996-06-15"
"cc5ee869-d244-4107-877c-cec2ee029d0d"|"Robin"|"Gonzalez"|"F"|"503 Mills Springs"|"3434064013"|"Scientist, research (physical sciences)"|"Carroll, Hale and Morris"|"1983-07-27"
"ed0c70e4-7729-48ab-baf2-bb91b6471ca3"|"Johns"|"Weiss"|"F"|"116 Robin Junctions Apt. 618"|"231-734-4850x482"|"Illustrator"|"Weaver-Riddle"|"2012-12-27"
"4e810058-30b9-4de7-9fbc-0e50025b5a69"|"Charles"|"Mitchell"|"M"|"449 Shepard Bridge"|"950-604-8717x892"|"Development worker, community"|"Garcia, Walker and Solomon"|"1961-12-08"
"c033c016-0b37-4777-8d6e-5e2abc6d81db"|"Kayla"|"Hall"|"F"|"999 Scott Valleys Suite 598"|"+1-242-941-1887x08309"|"Designer, jewellery"|"Wall LLC"|"1916-07-18"
"4450bebb-4f16-40e8-84e0-030908623319"|"Mindy"|"Saunders"|"F"|"31 Michael Manor"|"202-334-7180"|"Medical technical officer"|"Dixon-Roy"|"1949-12-04"
"446b44c1-ce06-4ae1-ac10-4f3aff458c99"|"Yolanda"|"Haney"|"F"|"119 Tim Avenue Apt. 437"|"+1-392-247-9492x796"|"Radiographer, therapeutic"|"Stokes, Thompson and Melton"|"1998-09-24"
"6c568763-c460-4cdf-9972-9ceef77e9023"|"Carol"|"Hall"|"F"|"389 Colleen Mount"|"854-359-0150x7854"|"Advertising account planner"|"Myers-Ingram"|"1941-06-25"
"537ee3c1-51b9-42ce-9185-3c58e2fe1fb5"|"Matthew"|"Roberts"|"M"|"378 Hanson Port"|"(853)571-6265x82449"|"Chemical engineer"|"Walker, Waller and Taylor"|"2014-10-04"
"a8308c32-6f24-42fd-916c-c662f8d64e1f"|"Vincent"|"Mitchell"|"M"|"336 Weaver Haven"|"(253)846-0720x6774"|"Meteorologist"|"Turner, Miller and Cobb"|"1958-07-28"
"c0d2546c-b5a0-4c00-ab1d-3108cf0f5440"|"Williams"|"Wood"|"F"|"280 Ortiz Brooks"|"8747823843"|"Commercial art gallery manager"|"Knox Inc"|"1997-06-16"
"088f53ad-ac23-41a9-ab2f-eccb76f32dfd"|"Robin"|"Rivera"|"F"|"42 Bailey Trail"|"+1-963-718-8932x32904"|"Chartered certified accountant"|"Little-Caldwell"|"1935-04-18"
"e4746636-3f99-4d47-8729-867bcd13d912"|"Chelsea"|"Marquez"|"F"|"330 Chandler Tunnel Suite 681"|"001-659-226-1381x30618"|"Passenger transport manager"|"Sanford Group"|"1920-06-23"
"1175efbe-3271-4782-ab30-de0fc8c4326c"|"Mallory"|"Mcdaniel"|"F"|"722 Parks Trace Suite 497"|"001-892-867-8125x341"|"Primary school teacher"|"Williams-Romero"|"1949-09-26"
"f6fafe65-e7e3-46d7-8728-bc1cd3f8fd08"|"Michelle"|"Ruiz"|"F"|"809 Davenport Fords"|"(804)617-8344x42869"|"Warehouse manager"|"Garrett, Miller and Baker"|"1950-03-25"
"fa869967-b593-4518-8c93-548b6900025b"|"Jonathan"|"Holmes"|"M"|"718 Hart Estates Suite 718"|"740.842.3224x17992"|"Lobbyist"|"Johnson-Davis"|"1942-04-27"
"977cb2cd-b4fd-4dd9-9f43-9d23161caa58"|"Eric"|"Jones"|"M"|"568 Smith Ranch Suite 211"|"6169407473"|"Air traffic controller"|"Wilson-Anderson"|"2004-01-26"
"4351ab7b-7a2b-4aa9-906b-882dad521fb8"|"Joseph"|"Williams"|"M"|"171 Gray Walks Apt. 075"|"001-246-726-1242x1216"|"Software engineer"|"Zavala and Sons"|"1973-10-21"
"775ec377-1242-4e1a-b4e3-97fa25e97385"|"Mark"|"Smith"|"M"|"935 Colleen Mount"|"(983)686-7541"|"Retail banker"|"Graves PLC"|"1954-04-10"
"552ec02d-54d4-4f28-a478-9a6f191158b4"|"Jacqueline"|"Burns"|"F"|"102 John Fall Apt. 476"|"379-755-9428x67285"|"Lexicographer"|"Lee, Romero and Vincent"|"1992-05-14"
"83f62f6e-aefd-4b3f-8f0e-35723092fc4e"|"Kathy"|"Bond"|"F"|"531 Wyatt Pike Suite 863"|"324.790.7016"|"Teaching laboratory technician"|"Morgan Ltd"|"1961-12-12"
"8d6e92f7-5214-4071-b0fa-fae3fcf2b2aa"|"Tracy"|"Buchanan"|"F"|"667 Nathan Views"|"001-279-528-8784x88154"|"Health visitor"|"Frazier-Hutchinson"|"1948-01-24"
"e4807502-8d14-40f1-a8da-90843b569706"|"Michael"|"Romero"|"M"|"439 Luna Loop"|"001-546-945-7151x713"|"Geophysicist/field seismologist"|"Sanders-Roach"|"1995-03-24"
"965421be-153b-4104-ae40-68c521377ffb"|"Susan"|"Ruiz"|"F"|"961 Kari Alley Suite 131"|"976-669-8759x295"|"Psychotherapist, dance movement"|"Smith and Sons"|"1992-08-01"
"091f460a-79de-4f64-bb2d-636badd1c0cb"|"Laura"|"Sparks"|"F"|"284 Smith Avenue Apt. 759"|"850-989-0383x95876"|"Dealer"|"Medina, Butler and Garcia"|"2018-08-15"
"b0753b5e-5b96-4094-9fe6-bf6ea331d63a"|"Mckenzie"|"Haas"|"F"|"169 Rosario Loop"|"+1-944-679-7586x93248"|"Toxicologist"|"Pierce, Harrell and Rodriguez"|"1915-07-19"
"403e5ae0-6231-4988-a0f5-0783aca05285"|"Amanda"|"Gates"|"F"|"342 Banks Curve Apt. 123"|"602-481-2478x48338"|"Furniture conservator/restorer"|"Carter-Tran"|"1984-08-05"
"95c39b93-2b5b-47cc-91a6-ca45ccba00a6"|"Christopher"|"Morgan"|"M"|"672 Christopher Ways"|"386-643-8480"|"Editorial assistant"|"Le-Williams"|"1967-03-10"
"9c85d86e-a088-4f8d-a30a-bd4afe5d1b76"|"Lauren"|"Hicks"|"F"|"740 Haney Prairie Suite 518"|"403.748.6029"|"Engineer, energy"|"Gilbert, Mccoy and Conner"|"1979-12-14"
"142105ab-c266-4bca-babf-1e2e2c69b564"|"Andrew"|"Matthews"|"M"|"877 Cox Turnpike Apt. 083"|"9035785069"|"Private music teacher"|"Smith, Blanchard and Ford"|"1935-10-02"
"554ca977-5ae6-49b3-805e-0800119f7a2f"|"David"|"Mcdowell"|"M"|"910 Shepard Bridge"|"381.551.8004"|"Armed forces logistics/support/administrative officer"|"Rogers and Sons"|"2003-11-18"
"043224e3-06ca-4aab-99d9-a15076a5afc0"|"Jacob"|"Little"|"M"|"721 Randolph Way Suite 427"|"327-224-5761"|"Optician, dispensing"|"Jones-Frey"|"2023-02-14"
"e1ac23d8-e819-42bd-a2bf-8e7a5586c735"|"Kimberly"|"Conway"|"F"|"489 Patricia Trafficway Apt. 188"|"(479)665-1912"|"Probation officer"|"Edwards-Becker"|"1986-01-16"
"f0900de3-856c-405a-a468-6bc184f41051"|"Isaac"|"Ryan"|"M"|"258 Catherine Lock"|"001-521-394-5234"|"Trading standards officer"|"Cooper, Clark and Tucker"|"1989-07-24"
"30089d80-fa5c-4165-b9c2-f6b9354b5472"|"Bruce"|"Hanson"|"M"|"888 Catherine Lock"|"483-623-6745"|"Sports administrator"|"Norton, Boone and Chapman"|"1954-02-27"
"1a678f67-8759-4cd7-950a-d7faca47e158"|"Nancy"|"Evans"|"F"|"419 Nathan Views"|"8795843733"|"Dealer"|"Bradley-Jackson"|"1970-07-28"
"48e35198-651b-4794-b6ec-570979abd345"|"Krista"|"Velez"|"F"|"183 Christopher Ways"|"(477)714-8908x45575"|"Nurse, children's"|"Scott Group"|"2003-05-04"
"2dec20cb-ed9b-4813-ac31-2b8d37d35476"|"Dalton"|"Browning"|"M"|"494 Donald Village Apt. 289"|"429.438.6416x1879"|"Facilities manager"|"Williams Ltd"|"2014-12-11"
"7fa94996-c205-4eb2-a718-b5d685e1a81b"|"Timothy"|"Wilson"|"M"|"916 Elizabeth Creek Apt. 423"|"(648)992-3786x7793"|"Armed forces technical officer"|"Wiley, Garcia and Carpenter"|"2018-12-01"
"30a07f2d-d349-4abd-8478-43d7637fe26b"|"Robert"|"Jackson"|"M"|"657 Lee Burgs"|"775-814-3240x291"|"Recruitment consultant"|"Ingram-Bailey"|"1990-11-30"