<?xml version="1.0" encoding="UTF-8" ?><automobiles><automobile><person_id>7d49e4ab-db7b-4702-aa17-8229a0f6b9b9</person_id><license_plate>3HV0701</license_plate><vin>1XDEHWE6637WHPWX0</vin><color>OrangeRed</color><year>1979</year></automobile><automobile><person_id>7d49e4ab-db7b-4702-aa17-8229a0f6b9b9</person_id><license_plate>300E9</license_plate><vin>937CF00S0W1DGX6WS</vin><color>DeepPink</color><year>2000</year></automobile><automobile><person_id>0e312bbe-bed0-4a30-8fe4-88f186b50aff</person_id><license_plate>ZUS 316</license_plate><vin>KESYHLEW13D8CH294</vin><color>MediumVioletRed</color><year>1981</year></automobile><automobile><person_id>0e312bbe-bed0-4a30-8fe4-88f186b50aff</person_id><license_plate>3-2870Q</license_plate><vin>3DXUN7YX1N6W9N03N</vin><color>Gainsboro</color><year>2015</year></automobile><automobile><person_id>6e3f57e3-17de-4e85-ac03-98fb88ea0f9d</person_id><license_plate>649 BWM</license_plate><vin>W5Y06SR234KDU4S0A</vin><color>LightGoldenRodYellow</color><year>1989</year></automobile><automobile><person_id>6e3f57e3-17de-4e85-ac03-98fb88ea0f9d</person_id><license_plate>2YS4151</license_plate><vin>NALJN6BC6GRREFU9P</vin><color>DarkGreen</color><year>1998</year></automobile><automobile><person_id>a7cd6a66-c078-4827-947b-a3398b35c3f7</person_id><license_plate>GLN 506</license_plate><vin>FYDH0EDE6KKXZJKZC</vin><color>LightCyan</color><year>1990</year></automobile><automobile><person_id>a7cd6a66-c078-4827-947b-a3398b35c3f7</person_id><license_plate>QLZ 929</license_plate><vin>K1RSD9GC2PU2XNS7M</vin><color>SandyBrown</color><year>2023</year></automobile><automobile><person_id>edebdeed-227a-4e27-9043-ac35da4e3d5c</person_id><license_plate>180-LUH</license_plate><vin>3LGVNSRH8KFHMJU3P</vin><color>AliceBlue</color><year>1996</year></automobile><automobile><person_id>36e4326f-1549-4d86-b682-aaadca2faa05</person_id><license_plate>38U 704</license_plate><vin>R2JVZNEC1UA69UXWH</vin><color>Magenta</color><year>1978</year></automobile><automobile><person_id>c59f6d39-ff37-49e3-965a-9dbd059d65d0</person_id><license_plate>6NY5302</license_plate><vin>VVZXAT8VX2MPHL49J</vin><color>Lime</color><year>2016</year></automobile><automobile><person_id>937e5420-445a-4c75-a3fd-d3c89b658e0f</person_id><license_plate>FEN-0542</license_plate><vin>C95LZ94P1160MGWR6</vin><color>GreenYellow</color><year>2011</year></automobile><automobile><person_id>937e5420-445a-4c75-a3fd-d3c89b658e0f</person_id><license_plate>PN 04563</license_plate><vin>8YYEVKAF63Z76HVWA</vin><color>Khaki</color><year>1974</year></automobile><automobile><person_id>e95dbac4-495a-419e-ae1f-53873f2405d0</person_id><license_plate>3FF6105</license_plate><vin>NCPA53DZ9CFGMJPGW</vin><color>DarkGreen</color><year>2006</year></automobile><automobile><person_id>e95dbac4-495a-419e-ae1f-53873f2405d0</person_id><license_plate>982-326</license_plate><vin>R3M9UH6S363M1ZS7W</vin><color>PaleTurquoise</color><year>1976</year></automobile><automobile><person_id>8b1df6b9-8a98-49f6-94fa-dc4d7f57584a</person_id><license_plate>JE9 D3I</license_plate><vin>3KLNHXYF7SCPXD7EU</vin><color>MediumVioletRed</color><year>1979</year></automobile><automobile><person_id>3e15c979-3067-450a-b529-a772d6006d9f</person_id><license_plate>89-EY97</license_plate><vin>21DLNC2K663WXVX6E</vin><color>BurlyWood</color><year>2020</year></automobile><automobile><person_id>c04f114e-2d66-42fe-8f8c-26ee53339dfc</person_id><license_plate>3ZU 194</license_plate><vin>VLZ1CA1R38A7J6R6D</vin><color>DarkGoldenRod</color><year>2016</year></automobile><automobile><person_id>c04f114e-2d66-42fe-8f8c-26ee53339dfc</person_id><license_plate>489-QUD</license_plate><vin>7J3T27UF21MTSWPK6</vin><color>SlateGray</color><year>1994</year></automobile><automobile><person_id>8226d800-a6aa-4b94-aad3-d61fba49fe71</person_id><license_plate>5-30426N</license_plate><vin>S90S946X4JZRKKTE5</vin><color>HotPink</color><year>2021</year></automobile><automobile><person_id>8226d800-a6aa-4b94-aad3-d61fba49fe71</person_id><license_plate>328 EX9</license_plate><vin>EVGXGEXH4394RW42N</vin><color>MintCream</color><year>2011</year></automobile><automobile><person_id>8226d800-a6aa-4b94-aad3-d61fba49fe71</person_id><license_plate>6ZN3821</license_plate><vin>P7K75AFA17M7H7KY9</vin><color>DarkGoldenRod</color><year>1983</year></automobile><automobile><person_id>a647ac16-c774-4dac-9e4a-378508597ae8</person_id><license_plate>339-TBHJ</license_plate><vin>21UEUB6682N0BA9P9</vin><color>Lime</color><year>1993</year></automobile><automobile><person_id>a647ac16-c774-4dac-9e4a-378508597ae8</person_id><license_plate>773 5FM</license_plate><vin>61E0WS766P9CDF8M7</vin><color>DarkSlateBlue</color><year>2002</year></automobile><automobile><person_id>4463b191-ef55-4507-aead-fbbb77d8478d</person_id><license_plate>3Z OW430</license_plate><vin>DBSTSJLH0JFXDPD9R</vin><color>LightSeaGreen</color><year>1988</year></automobile><automobile><person_id>4463b191-ef55-4507-aead-fbbb77d8478d</person_id><license_plate>520 HQI</license_plate><vin>UEFKS1CM3UJEUCC6B</vin><color>MediumTurquoise</color><year>2023</year></automobile><automobile><person_id>2939c0a7-ada0-4efd-8542-aa4647a6e82b</person_id><license_plate>7ZJ F74</license_plate><vin>A22LSVRN6G6BP8N2Z</vin><color>DimGray</color><year>1994</year></automobile><automobile><person_id>2939c0a7-ada0-4efd-8542-aa4647a6e82b</person_id><license_plate>584DYN</license_plate><vin>3A9XPV4Y3N9ZDFWK8</vin><color>LightCoral</color><year>2013</year></automobile><automobile><person_id>64a6985a-6416-4b50-8166-ad20a118d2de</person_id><license_plate>5O545</license_plate><vin>BE15PGUK2LW5T2GJK</vin><color>Azure</color><year>2022</year></automobile><automobile><person_id>64a6985a-6416-4b50-8166-ad20a118d2de</person_id><license_plate>438-JWI</license_plate><vin>UR2XAS9J6W2JJ7AVM</vin><color>MediumSlateBlue</color><year>2002</year></automobile><automobile><person_id>1df0fbdd-b2b5-43d7-b5f5-801775387f0e</person_id><license_plate>5-62980V</license_plate><vin>1A24020F55DM8A4FM</vin><color>FloralWhite</color><year>1987</year></automobile><automobile><person_id>1df0fbdd-b2b5-43d7-b5f5-801775387f0e</person_id><license_plate>NKJ-3144</license_plate><vin>L2UFA51KXRFRHHB60</vin><color>BlanchedAlmond</color><year>2017</year></automobile><automobile><person_id>62a418a1-8bf1-4612-ba19-cbea9e96c951</person_id><license_plate>195-FNN</license_plate><vin>UYYP2ZNZ5Z2JLUKZ3</vin><color>DarkSlateBlue</color><year>1975</year></automobile><automobile><person_id>4912a31f-414b-45ed-9440-69f17b46859e</person_id><license_plate>H 523616</license_plate><vin>EB4NF7DH7MYHNKS7M</vin><color>OliveDrab</color><year>1997</year></automobile><automobile><person_id>4912a31f-414b-45ed-9440-69f17b46859e</person_id><license_plate>545DLI</license_plate><vin>KRSDP4L57NBTZULGR</vin><color>SeaGreen</color><year>2007</year></automobile><automobile><person_id>c85fdee3-2e7e-4482-82f6-5523fd2a3b67</person_id><license_plate>42U K96</license_plate><vin>J51H4V3M9JLVT246V</vin><color>SeaGreen</color><year>1998</year></automobile><automobile><person_id>c85fdee3-2e7e-4482-82f6-5523fd2a3b67</person_id><license_plate>ZSJ 096</license_plate><vin>KTT2TS86964CCL799</vin><color>MediumVioletRed</color><year>2014</year></automobile><automobile><person_id>989d4cb1-023f-4fd4-875d-a9c8318d9ecb</person_id><license_plate>92-PH84</license_plate><vin>6GCHKBN953P7G10D9</vin><color>ForestGreen</color><year>1984</year></automobile><automobile><person_id>989d4cb1-023f-4fd4-875d-a9c8318d9ecb</person_id><license_plate>5A FG078</license_plate><vin>STMMA4AF4WDZ8B7YS</vin><color>Peru</color><year>2007</year></automobile><automobile><person_id>989d4cb1-023f-4fd4-875d-a9c8318d9ecb</person_id><license_plate>07F Y43</license_plate><vin>7AT4UBN85X87T2S7V</vin><color>Violet</color><year>1992</year></automobile><automobile><person_id>8f217439-9e8e-4efd-bf98-67e9989fb923</person_id><license_plate>II 83544</license_plate><vin>8LSH1NVP6EPJ3NYSN</vin><color>Moccasin</color><year>1984</year></automobile><automobile><person_id>a584337d-084c-4536-845b-2b109ce457aa</person_id><license_plate>WL-8776</license_plate><vin>09RW3WWZ729A8KD4Z</vin><color>AntiqueWhite</color><year>2008</year></automobile><automobile><person_id>e38d1004-d2e7-4a24-bd8d-cfea5ccf2f8a</person_id><license_plate>P18 5PR</license_plate><vin>K2NXNX9T0A3RUVSMP</vin><color>LightGreen</color><year>1999</year></automobile><automobile><person_id>6e64140e-eadd-4d86-aa8e-48cf3b56b283</person_id><license_plate>5P MG445</license_plate><vin>1DHWJ1W20ZB763JNY</vin><color>MistyRose</color><year>1971</year></automobile><automobile><person_id>7b260922-b9ae-4ab8-9edd-326ef7c44eae</person_id><license_plate>RA 2100</license_plate><vin>ZPYY0W913H076461C</vin><color>Gray</color><year>1989</year></automobile><automobile><person_id>7b260922-b9ae-4ab8-9edd-326ef7c44eae</person_id><license_plate>97FQ826</license_plate><vin>ESV78TWN8VXHJ8NCY</vin><color>Black</color><year>2008</year></automobile><automobile><person_id>7b260922-b9ae-4ab8-9edd-326ef7c44eae</person_id><license_plate>051 VSX</license_plate><vin>3JGNSYFA2K0UCXPXE</vin><color>GhostWhite</color><year>2022</year></automobile><automobile><person_id>39ad288a-8abf-4e49-87b2-6e148be1742f</person_id><license_plate>C61-HIP</license_plate><vin>HL2AEDH98NE5PD3M1</vin><color>LemonChiffon</color><year>2005</year></automobile><automobile><person_id>39ad288a-8abf-4e49-87b2-6e148be1742f</person_id><license_plate>07-94703</license_plate><vin>FE3Z2NGXXU6NPZZ2S</vin><color>Magenta</color><year>2023</year></automobile><automobile><person_id>6d9a3327-e06b-49bb-aa80-8417ee4ff49f</person_id><license_plate>CYS Q80</license_plate><vin>5R4GXZAZ2BCES0MY2</vin><color>MediumBlue</color><year>2018</year></automobile><automobile><person_id>a507abb8-cf83-48a7-b3ec-b6ee71b5466f</person_id><license_plate>8QQ 212</license_plate><vin>DN8ZP5Z02JFW9PZYC</vin><color>Gray</color><year>2017</year></automobile><automobile><person_id>a507abb8-cf83-48a7-b3ec-b6ee71b5466f</person_id><license_plate>9J 96535</license_plate><vin>8EHW4VA58BVACM634</vin><color>Azure</color><year>2005</year></automobile><automobile><person_id>a507abb8-cf83-48a7-b3ec-b6ee71b5466f</person_id><license_plate>MIB3036</license_plate><vin>HNMBXWW19N7R4N03S</vin><color>DarkSlateBlue</color><year>1998</year></automobile><automobile><person_id>6c1582b7-2261-4f92-8a31-3759f329f55f</person_id><license_plate>NH-7035</license_plate><vin>TZDFKXZF7R5TLA6N3</vin><color>OrangeRed</color><year>2022</year></automobile><automobile><person_id>c8017239-c436-40c0-af13-dc513541abde</person_id><license_plate>CVJ-3176</license_plate><vin>GT9HR6R59HZHS4N24</vin><color>GhostWhite</color><year>1991</year></automobile><automobile><person_id>c8017239-c436-40c0-af13-dc513541abde</person_id><license_plate>7RT9969</license_plate><vin>DZL7E9GN2WVNHBAXK</vin><color>SandyBrown</color><year>2015</year></automobile><automobile><person_id>c8017239-c436-40c0-af13-dc513541abde</person_id><license_plate>65-R452</license_plate><vin>49WYY9PB8GXRKKUT5</vin><color>DarkTurquoise</color><year>1975</year></automobile><automobile><person_id>e5355f83-7b90-4386-a7fe-47ee64caeee3</person_id><license_plate>4-79384E</license_plate><vin>2R65T8DV934D67DJ8</vin><color>LightSeaGreen</color><year>1996</year></automobile><automobile><person_id>436207a5-379d-43d7-963d-783cd9ae60a9</person_id><license_plate>380-FOG</license_plate><vin>AV58SVLJ1CFRZU31R</vin><color>Thistle</color><year>2001</year></automobile><automobile><person_id>436207a5-379d-43d7-963d-783cd9ae60a9</person_id><license_plate>ABX-0836</license_plate><vin>VXGY5XGY26TAY4G19</vin><color>Gold</color><year>2022</year></automobile><automobile><person_id>2ceb0107-b46a-4b7a-8ee9-9b9dbfa2c1dd</person_id><license_plate>TNY 230</license_plate><vin>ZX7C0LKB47J71ZYEB</vin><color>Cornsilk</color><year>1983</year></automobile><automobile><person_id>2ceb0107-b46a-4b7a-8ee9-9b9dbfa2c1dd</person_id><license_plate>014-EBD</license_plate><vin>9K3FH9SB9N7HNKWSY</vin><color>Aqua</color><year>1976</year></automobile><automobile><person_id>d56b190f-1e33-4030-ad40-0cc7b1ad3d75</person_id><license_plate>5ZO47</license_plate><vin>ATFB9YGBXYX6X0S48</vin><color>LavenderBlush</color><year>2013</year></automobile><automobile><person_id>6d874f81-6dd5-42f8-8988-8b415f284356</person_id><license_plate>0R 9336X</license_plate><vin>54H09X2V0XWJZ6H6Y</vin><color>FireBrick</color><year>2020</year></automobile><automobile><person_id>6d874f81-6dd5-42f8-8988-8b415f284356</person_id><license_plate>668-VAK</license_plate><vin>DNH5UPVW6JLAZXPZK</vin><color>Cyan</color><year>2017</year></automobile><automobile><person_id>8211cb3f-8096-49c9-94bf-57e48d3bff57</person_id><license_plate>370U8</license_plate><vin>ADJ5KPAC6MPFDPZBC</vin><color>Brown</color><year>2000</year></automobile><automobile><person_id>8211cb3f-8096-49c9-94bf-57e48d3bff57</person_id><license_plate>8M I7029</license_plate><vin>56UPRTJT8EHGWJEFK</vin><color>AntiqueWhite</color><year>1990</year></automobile><automobile><person_id>38544b4b-eb08-46a7-9b20-1e9a9b1de06b</person_id><license_plate>FRU-409</license_plate><vin>8YSCERAT8PTRL84BX</vin><color>AliceBlue</color><year>2004</year></automobile><automobile><person_id>c3beb3fe-6989-40a4-99fb-25b769ddd3d4</person_id><license_plate>4-5661M</license_plate><vin>35FD0DRR4H7R53XG6</vin><color>SandyBrown</color><year>1972</year></automobile><automobile><person_id>c3beb3fe-6989-40a4-99fb-25b769ddd3d4</person_id><license_plate>110 QCM</license_plate><vin>UUC1ZXZY5S8FHBBF5</vin><color>PapayaWhip</color><year>2004</year></automobile><automobile><person_id>c3beb3fe-6989-40a4-99fb-25b769ddd3d4</person_id><license_plate>753 TOI</license_plate><vin>BD4MGJVM2PD0PAY1D</vin><color>Red</color><year>2014</year></automobile><automobile><person_id>afe915ce-fa8f-4db2-8b2e-7ba1fce78383</person_id><license_plate>5-K2527</license_plate><vin>XAA35ERJ2K918VW63</vin><color>ForestGreen</color><year>1989</year></automobile><automobile><person_id>afe915ce-fa8f-4db2-8b2e-7ba1fce78383</person_id><license_plate>533-RKP</license_plate><vin>H2LPVMCRXHJY0TCAP</vin><color>DarkMagenta</color><year>1994</year></automobile><automobile><person_id>154de931-2872-4bde-8751-d821977d5a7e</person_id><license_plate>6NL I21</license_plate><vin>WJLXRYS9159ZGGYVR</vin><color>BlanchedAlmond</color><year>2001</year></automobile><automobile><person_id>154de931-2872-4bde-8751-d821977d5a7e</person_id><license_plate>14-39284</license_plate><vin>3XLNNDZ00HMH0C2E5</vin><color>Fuchsia</color><year>1992</year></automobile><automobile><person_id>638eb926-a394-4c13-b9e7-4042fc0beb2e</person_id><license_plate>152-YTK</license_plate><vin>5Y0HSNAN5RU5HTUPM</vin><color>AntiqueWhite</color><year>1995</year></automobile><automobile><person_id>5d87fbc6-8d3d-471f-aab9-c24bdfa25a2b</person_id><license_plate>FXW 554</license_plate><vin>Y3FSRP6Y9UA9JY0R0</vin><color>Moccasin</color><year>1984</year></automobile><automobile><person_id>9e3c68cb-151e-4f8e-af95-095246b674bb</person_id><license_plate>ED 75426</license_plate><vin>Z567KUUE05MRVGG3U</vin><color>Navy</color><year>1996</year></automobile><automobile><person_id>9e3c68cb-151e-4f8e-af95-095246b674bb</person_id><license_plate>433-EVH</license_plate><vin>RDFS4V4D6FYZJVAYP</vin><color>AliceBlue</color><year>2006</year></automobile><automobile><person_id>492874db-e32d-40d4-948d-9cc4854bbadc</person_id><license_plate>YK-8698</license_plate><vin>NU2FHAV608WRX3G8E</vin><color>OrangeRed</color><year>1992</year></automobile><automobile><person_id>492874db-e32d-40d4-948d-9cc4854bbadc</person_id><license_plate>00ZB8</license_plate><vin>J6651AW21T17RBA60</vin><color>SaddleBrown</color><year>1998</year></automobile><automobile><person_id>e8708919-fef8-4092-8221-e2b90c46b664</person_id><license_plate>1NN D65</license_plate><vin>NZS887CB3LD4U45TY</vin><color>MediumSeaGreen</color><year>1984</year></automobile><automobile><person_id>fc91a2fb-560b-43c6-b602-9c9ac28b097f</person_id><license_plate>JIK 840</license_plate><vin>VKRYKU076ZR5NGEZ9</vin><color>Red</color><year>1984</year></automobile><automobile><person_id>79e42aca-61f9-4b18-94cc-6f141e5fe3a2</person_id><license_plate>TKS9680</license_plate><vin>8M60V1JRXFH2DDB5M</vin><color>IndianRed</color><year>2006</year></automobile><automobile><person_id>0fd9edf1-cb9e-4104-a040-4e5a0dd7ef10</person_id><license_plate>99TY2</license_plate><vin>NF6CZA3G70CZM5YJ3</vin><color>DarkSalmon</color><year>1980</year></automobile><automobile><person_id>c5af1630-7c18-4136-8099-caf0b722fde0</person_id><license_plate>58-02353</license_plate><vin>7UA70Y1L7SX5A6W2X</vin><color>MediumOrchid</color><year>1995</year></automobile><automobile><person_id>c5af1630-7c18-4136-8099-caf0b722fde0</person_id><license_plate>4-7951L</license_plate><vin>V287NFT1044URA714</vin><color>OliveDrab</color><year>2021</year></automobile><automobile><person_id>c5af1630-7c18-4136-8099-caf0b722fde0</person_id><license_plate>SDN-850</license_plate><vin>Y34XH7N23FUU07NCY</vin><color>PowderBlue</color><year>1976</year></automobile><automobile><person_id>b1374bb7-a7b8-4f52-94e9-4d65910fe5e7</person_id><license_plate>614-EHL</license_plate><vin>61KHE0ME9F7HUWVJE</vin><color>Sienna</color><year>2008</year></automobile><automobile><person_id>6b14dd77-3b9a-4c27-a696-a534b7f258dc</person_id><license_plate>965 HO8</license_plate><vin>7VN45A3W0FFWFE6BM</vin><color>PowderBlue</color><year>2000</year></automobile><automobile><person_id>6b14dd77-3b9a-4c27-a696-a534b7f258dc</person_id><license_plate>335 HQK</license_plate><vin>CAJVKMAB213KMTNSC</vin><color>NavajoWhite</color><year>2015</year></automobile><automobile><person_id>f34fd086-a318-47bb-b95b-1ee7b30921f1</person_id><license_plate>16PU352</license_plate><vin>YETCSM627WG3361W9</vin><color>MediumBlue</color><year>2016</year></automobile><automobile><person_id>f34fd086-a318-47bb-b95b-1ee7b30921f1</person_id><license_plate>9AL 380</license_plate><vin>JRDPP070499AYGZZN</vin><color>Turquoise</color><year>2005</year></automobile><automobile><person_id>d1e2e13e-45f2-4698-898d-fb372da10a79</person_id><license_plate>436 WJY</license_plate><vin>V5TN9D931PALK873J</vin><color>GhostWhite</color><year>2020</year></automobile><automobile><person_id>d1e2e13e-45f2-4698-898d-fb372da10a79</person_id><license_plate>498-086</license_plate><vin>SCGRPB8A1GDZFCMT6</vin><color>HotPink</color><year>1982</year></automobile><automobile><person_id>8d931209-ed42-4c75-aed7-ec2e541cc5a7</person_id><license_plate>9-5515F</license_plate><vin>K9GRS2LU3HV089AL5</vin><color>LightYellow</color><year>1979</year></automobile><automobile><person_id>8d931209-ed42-4c75-aed7-ec2e541cc5a7</person_id><license_plate>9T ZD179</license_plate><vin>BN4BJPWG7GRSMH9W5</vin><color>Moccasin</color><year>2023</year></automobile><automobile><person_id>dbc73942-a09f-44f0-acdf-e7cd51143e94</person_id><license_plate>174-MHI</license_plate><vin>XUR6SFL80CW88RAMD</vin><color>SlateBlue</color><year>1972</year></automobile><automobile><person_id>0cf384e1-c41e-4227-9447-eec5e09e0b0f</person_id><license_plate>NHP1476</license_plate><vin>0NAGH5EDXGT9L3M9R</vin><color>Bisque</color><year>2015</year></automobile><automobile><person_id>5c237ee3-8e68-4dc2-aab4-d82872ab69e1</person_id><license_plate>159 QKP</license_plate><vin>8X7DSWC97S3GLM42E</vin><color>Salmon</color><year>2010</year></automobile><automobile><person_id>5c237ee3-8e68-4dc2-aab4-d82872ab69e1</person_id><license_plate>51T•142</license_plate><vin>T8060BGV8747SK33K</vin><color>GreenYellow</color><year>2010</year></automobile><automobile><person_id>5c237ee3-8e68-4dc2-aab4-d82872ab69e1</person_id><license_plate>CZP 502</license_plate><vin>6J35U1X48JWVEV3EK</vin><color>Ivory</color><year>2013</year></automobile><automobile><person_id>7b118de6-ce27-44a3-9160-51cacf3dc42d</person_id><license_plate>KRH R38</license_plate><vin>3NJKL9H967WSB5DP8</vin><color>Magenta</color><year>1999</year></automobile><automobile><person_id>bf10ccc5-d794-4c1a-8257-3d1b2b44746b</person_id><license_plate>7I633</license_plate><vin>68K3K9TM6J3MSN6ZU</vin><color>YellowGreen</color><year>2022</year></automobile><automobile><person_id>bf10ccc5-d794-4c1a-8257-3d1b2b44746b</person_id><license_plate>0V B5131</license_plate><vin>2W5ZAKNBXAWT4STH4</vin><color>DodgerBlue</color><year>1972</year></automobile><automobile><person_id>b9d1ea0e-e31b-4923-ac32-126020bb5036</person_id><license_plate>SCU-685</license_plate><vin>SVAVBHK11MUYTVL3K</vin><color>MediumAquaMarine</color><year>1990</year></automobile><automobile><person_id>b9d1ea0e-e31b-4923-ac32-126020bb5036</person_id><license_plate>9Z 1W7PWG</license_plate><vin>73VTBFU32L6DSVD85</vin><color>Thistle</color><year>2008</year></automobile><automobile><person_id>b9d1ea0e-e31b-4923-ac32-126020bb5036</person_id><license_plate>SYL-4340</license_plate><vin>T3B5LG8G888H8HGUS</vin><color>LightSlateGray</color><year>1975</year></automobile><automobile><person_id>85ae76cb-6277-40e7-86c4-55d691ca0773</person_id><license_plate>849 9TV</license_plate><vin>G8LRXCWT5P5LXJ56K</vin><color>RosyBrown</color><year>2022</year></automobile><automobile><person_id>c42afea4-56f7-4d00-b61c-b693f7c15887</person_id><license_plate>5KV2959</license_plate><vin>SJ6UXD6Z3JH420PLT</vin><color>GhostWhite</color><year>2002</year></automobile><automobile><person_id>227b5e5a-c1e7-497d-bc4e-ec654e3d8e64</person_id><license_plate>61L NH7</license_plate><vin>22PG1C199XNGMRYTU</vin><color>LavenderBlush</color><year>1997</year></automobile><automobile><person_id>227b5e5a-c1e7-497d-bc4e-ec654e3d8e64</person_id><license_plate>563 4GX</license_plate><vin>7R9CCUJTX1ETZ5SSN</vin><color>Orchid</color><year>1988</year></automobile><automobile><person_id>42f2ffb7-9c5a-4058-b827-c1adfaf39abd</person_id><license_plate>HHB 619</license_plate><vin>XBS0611H2170ZH2GD</vin><color>Blue</color><year>2018</year></automobile><automobile><person_id>42f2ffb7-9c5a-4058-b827-c1adfaf39abd</person_id><license_plate>30-53870</license_plate><vin>RZ3ZDWXD620FXCGDX</vin><color>MediumBlue</color><year>1974</year></automobile><automobile><person_id>42f2ffb7-9c5a-4058-b827-c1adfaf39abd</person_id><license_plate>O45-63R</license_plate><vin>AFM71PJZ1W2B7K4TV</vin><color>PowderBlue</color><year>1984</year></automobile><automobile><person_id>5ad490ac-5cff-4ce8-b3af-fbb5a32b9715</person_id><license_plate>QY 4277</license_plate><vin>1A5F0K6928HC5G405</vin><color>MediumSeaGreen</color><year>1990</year></automobile><automobile><person_id>5ad490ac-5cff-4ce8-b3af-fbb5a32b9715</person_id><license_plate>277 3883</license_plate><vin>C1ES3ATK3BPHNZWL8</vin><color>Indigo</color><year>1989</year></automobile><automobile><person_id>16b33795-6516-4f47-b497-51a1e9239f15</person_id><license_plate>J17 5AC</license_plate><vin>4656CSCJXFM5RWYX1</vin><color>Wheat</color><year>2019</year></automobile><automobile><person_id>16b33795-6516-4f47-b497-51a1e9239f15</person_id><license_plate>288 BTY</license_plate><vin>URMDAFES5D9VPGJM9</vin><color>LightGreen</color><year>1972</year></automobile><automobile><person_id>16b33795-6516-4f47-b497-51a1e9239f15</person_id><license_plate>IYX 526</license_plate><vin>FPKW9K712H1BCYF82</vin><color>Black</color><year>1990</year></automobile><automobile><person_id>dae2e9c8-e6a9-4a7e-baf5-6042540b2a76</person_id><license_plate>78DV2</license_plate><vin>S2UXL11D7LEG99PHW</vin><color>NavajoWhite</color><year>2012</year></automobile><automobile><person_id>86846d97-78f0-40ec-8593-68b42dc7346f</person_id><license_plate>398-NKIY</license_plate><vin>KEM6ZGCR9M60GVM0J</vin><color>Salmon</color><year>2016</year></automobile><automobile><person_id>86846d97-78f0-40ec-8593-68b42dc7346f</person_id><license_plate>FHC 512</license_plate><vin>21PA662987LBJZ43V</vin><color>Snow</color><year>1989</year></automobile><automobile><person_id>86846d97-78f0-40ec-8593-68b42dc7346f</person_id><license_plate>5G 68288</license_plate><vin>XEWPEUV02SXGBYGK9</vin><color>Gray</color><year>1987</year></automobile><automobile><person_id>b882eacd-b3b5-4b2f-b1c2-e2180ab09568</person_id><license_plate>70-M265</license_plate><vin>A9G7JESE5PJJ7PELZ</vin><color>WhiteSmoke</color><year>1984</year></automobile></automobiles>