<?xml version="1.0" encoding="UTF-8" ?><automobiles><automobile><person_id>ea0f4986-2d8a-49d7-9910-29f4986f0c51</person_id><license_plate>RIH-949</license_plate><vin>YEN5WZ6P9UD87NXHR</vin><color>Thistle</color><year>1999</year></automobile><automobile><person_id>0be3216e-9ef2-4787-8339-459b70b7e2ee</person_id><license_plate>ZYN 114</license_plate><vin>9HUNEVPT4G53EYRR4</vin><color>Brown</color><year>2000</year></automobile><automobile><person_id>67c7258f-3581-4766-bb0c-a3e01680725f</person_id><license_plate>4GV V64</license_plate><vin>TJPVBHPY6Z1N16J41</vin><color>Tan</color><year>2008</year></automobile><automobile><person_id>67c7258f-3581-4766-bb0c-a3e01680725f</person_id><license_plate>VZH-453</license_plate><vin>DY95P8EY2SA9EUZ3B</vin><color>Silver</color><year>2016</year></automobile><automobile><person_id>50ec7e99-48bb-4af8-98a5-0e1f5ef9e471</person_id><license_plate>8J 57910</license_plate><vin>9XRPUG4D5CSZZT8KP</vin><color>SkyBlue</color><year>2009</year></automobile><automobile><person_id>52a6c10a-1215-4779-bd01-52e1497fb312</person_id><license_plate>ZUD 988</license_plate><vin>BT9NJCFC3XR5A9HFF</vin><color>BlueViolet</color><year>2015</year></automobile><automobile><person_id>9ee87038-f8e3-4e3a-8c66-3342f91956dc</person_id><license_plate>56L X34</license_plate><vin>YP93E4M93MT3HA0CV</vin><color>MediumSeaGreen</color><year>1999</year></automobile><automobile><person_id>9ee87038-f8e3-4e3a-8c66-3342f91956dc</person_id><license_plate>RK5 9614</license_plate><vin>66CEAHV370PMUV7WF</vin><color>ForestGreen</color><year>2022</year></automobile><automobile><person_id>9ee87038-f8e3-4e3a-8c66-3342f91956dc</person_id><license_plate>AEO 302</license_plate><vin>FFRTEZHD547VTASVV</vin><color>Lime</color><year>1996</year></automobile><automobile><person_id>ce82af5f-14b8-43be-af44-077b041f223f</person_id><license_plate>VAG-9450</license_plate><vin>ZLWYKVH12N9RE94HT</vin><color>Sienna</color><year>1991</year></automobile><automobile><person_id>e05ab3b5-7920-462e-b81c-27df417d9490</person_id><license_plate>0-0518Z</license_plate><vin>LA7ADEXUX5BEXH0WX</vin><color>Aquamarine</color><year>1995</year></automobile><automobile><person_id>e05ab3b5-7920-462e-b81c-27df417d9490</person_id><license_plate>79-W797</license_plate><vin>32UGVNUS2CL6JFRGM</vin><color>Olive</color><year>1994</year></automobile><automobile><person_id>a424e0f7-4372-4143-888a-2264071b0e29</person_id><license_plate>BL9 H5M</license_plate><vin>A81RXJBL7VM85JA2W</vin><color>PaleTurquoise</color><year>2023</year></automobile><automobile><person_id>94ba7928-b52e-4eb5-9cf7-6a01424d06d1</person_id><license_plate>356 HMR</license_plate><vin>LLZB0PUB7A1K2TDH2</vin><color>CadetBlue</color><year>1999</year></automobile><automobile><person_id>94ba7928-b52e-4eb5-9cf7-6a01424d06d1</person_id><license_plate>PKN-477</license_plate><vin>CBX9PH928YKLBCS99</vin><color>Lime</color><year>1996</year></automobile><automobile><person_id>12c77bf5-234f-4477-8076-adebf93bf0c3</person_id><license_plate>733 VJ4</license_plate><vin>BTFK2RCS80P97SHUF</vin><color>LightSeaGreen</color><year>2006</year></automobile><automobile><person_id>b087983c-f5c4-4ae9-a5f3-90360dd94cc5</person_id><license_plate>527JTZ</license_plate><vin>90JL4PBAXMJUKL40B</vin><color>MediumPurple</color><year>1970</year></automobile><automobile><person_id>b087983c-f5c4-4ae9-a5f3-90360dd94cc5</person_id><license_plate>EZJ-749</license_plate><vin>XBFJAR6L58ZDKGBND</vin><color>YellowGreen</color><year>2008</year></automobile><automobile><person_id>b087983c-f5c4-4ae9-a5f3-90360dd94cc5</person_id><license_plate>R 151536</license_plate><vin>Y5KW5Y464R38E94TR</vin><color>Black</color><year>2021</year></automobile><automobile><person_id>a3b85515-7a1d-410a-b877-401798c4f6e0</person_id><license_plate>1392</license_plate><vin>GRVELSLN2C00GXLRR</vin><color>DarkRed</color><year>1980</year></automobile><automobile><person_id>7b662f02-3dc0-494c-b94e-758442de94c6</person_id><license_plate>913 JYJ</license_plate><vin>ADUY1C0X4HULGEWBC</vin><color>MediumPurple</color><year>2008</year></automobile><automobile><person_id>7b662f02-3dc0-494c-b94e-758442de94c6</person_id><license_plate>60R T67</license_plate><vin>APY84V804RHZNLVY5</vin><color>DimGray</color><year>1986</year></automobile><automobile><person_id>6e13a55c-31c0-48bd-bb1f-fabab9f0c3b4</person_id><license_plate>7-20039M</license_plate><vin>Z6N90KVM344VWR4Y9</vin><color>Bisque</color><year>2012</year></automobile><automobile><person_id>6e13a55c-31c0-48bd-bb1f-fabab9f0c3b4</person_id><license_plate>3HL5282</license_plate><vin>VSNKUCJC35Y4AR2WF</vin><color>SaddleBrown</color><year>2010</year></automobile><automobile><person_id>a9acbb9c-67f6-4313-9f2b-c4fc4bb65e42</person_id><license_plate>ZA5 5055</license_plate><vin>EGPGAG1C9U016A8BH</vin><color>Moccasin</color><year>1984</year></automobile><automobile><person_id>a9acbb9c-67f6-4313-9f2b-c4fc4bb65e42</person_id><license_plate>KHJ 818</license_plate><vin>T8XHJZRL3868NK1H1</vin><color>GoldenRod</color><year>1998</year></automobile><automobile><person_id>a9acbb9c-67f6-4313-9f2b-c4fc4bb65e42</person_id><license_plate>030-CIV</license_plate><vin>R46Y9T494JK6S3870</vin><color>Red</color><year>2017</year></automobile><automobile><person_id>f80b94c5-4b42-41b3-9fe4-7c9d4cd0a99f</person_id><license_plate>680507</license_plate><vin>X19MKNRN8G4ZHRCEU</vin><color>SeaGreen</color><year>1986</year></automobile><automobile><person_id>f80b94c5-4b42-41b3-9fe4-7c9d4cd0a99f</person_id><license_plate>HTR 058</license_plate><vin>CNYE3LE36JE8UWR8W</vin><color>LightGoldenRodYellow</color><year>2023</year></automobile><automobile><person_id>3bfa9253-d26c-413f-b004-8e8a8aecc6c7</person_id><license_plate>ZKV 461</license_plate><vin>1SCND7CFXM8162D07</vin><color>Tomato</color><year>1993</year></automobile><automobile><person_id>8e6d676c-f486-404b-85d4-4b3dc9bcc406</person_id><license_plate>7NO O46</license_plate><vin>J2TE467K64BYHWJJE</vin><color>WhiteSmoke</color><year>2017</year></automobile><automobile><person_id>7e3a8af7-b310-4ec2-aad2-43789a135212</person_id><license_plate>3IY 055</license_plate><vin>H3WF86X82349Y9PYF</vin><color>HotPink</color><year>2020</year></automobile><automobile><person_id>6ce7aebf-44ec-403e-b28a-b9aa551f8347</person_id><license_plate>EXX 641</license_plate><vin>2X1R8CG08TYDYJ972</vin><color>Tomato</color><year>1976</year></automobile><automobile><person_id>f5874c08-7dfa-4a2d-a213-942429a4c0a3</person_id><license_plate>970 ZR6</license_plate><vin>8M6590RZ64WZ3J0KL</vin><color>Plum</color><year>1997</year></automobile><automobile><person_id>f5874c08-7dfa-4a2d-a213-942429a4c0a3</person_id><license_plate>BSV-2901</license_plate><vin>NG0F67WD3E52FNXMY</vin><color>MediumSeaGreen</color><year>2003</year></automobile><automobile><person_id>49e1c189-2905-464a-b8e0-b039abccadff</person_id><license_plate>69M GV6</license_plate><vin>A8X6D4E40XE148ZGC</vin><color>RoyalBlue</color><year>1979</year></automobile><automobile><person_id>49e1c189-2905-464a-b8e0-b039abccadff</person_id><license_plate>ABT 939</license_plate><vin>GC2X1MY40EPDSDPMN</vin><color>PaleTurquoise</color><year>1987</year></automobile><automobile><person_id>f565f627-cfe8-4c60-b8fc-3fbd4ddaa2a5</person_id><license_plate>187 BEX</license_plate><vin>W100NGHM8LJXF8H5F</vin><color>Navy</color><year>2012</year></automobile><automobile><person_id>f565f627-cfe8-4c60-b8fc-3fbd4ddaa2a5</person_id><license_plate>HN-1764</license_plate><vin>XUGGS0TV0WRY7DV4H</vin><color>BurlyWood</color><year>1973</year></automobile><automobile><person_id>1301a76c-fe56-433f-9114-3f49a2eb8123</person_id><license_plate>V32 7HM</license_plate><vin>816W859V21G5X74YL</vin><color>MediumTurquoise</color><year>2021</year></automobile><automobile><person_id>1301a76c-fe56-433f-9114-3f49a2eb8123</person_id><license_plate>8JQ 508</license_plate><vin>G2CPSSF875EP2KDK9</vin><color>DarkSlateBlue</color><year>2001</year></automobile><automobile><person_id>1301a76c-fe56-433f-9114-3f49a2eb8123</person_id><license_plate>5M 76331</license_plate><vin>3CS3051Y26BKXCA5X</vin><color>AntiqueWhite</color><year>1972</year></automobile><automobile><person_id>e62fe365-4732-4f77-9807-428d7041a928</person_id><license_plate>326-NPY</license_plate><vin>4R5BFE263AXYLTL3M</vin><color>Green</color><year>1978</year></automobile><automobile><person_id>cea77dc2-65df-4498-b595-4fa0318a6150</person_id><license_plate>1156 BM</license_plate><vin>9PKW9DBM9J2L47RM4</vin><color>MediumOrchid</color><year>1981</year></automobile><automobile><person_id>5170f2ef-0b27-4e6c-ae91-6205d098041f</person_id><license_plate>491WMY</license_plate><vin>UPKZTATR42BPMVNYD</vin><color>Purple</color><year>1990</year></automobile><automobile><person_id>c352dfe4-e6b4-43fc-a8ea-33cc12bdc7b1</person_id><license_plate>GZP-8775</license_plate><vin>TSJV2R6G612RP0LBJ</vin><color>PaleTurquoise</color><year>1989</year></automobile><automobile><person_id>c352dfe4-e6b4-43fc-a8ea-33cc12bdc7b1</person_id><license_plate>2T G0133</license_plate><vin>0DGNX30472UTRWFWW</vin><color>Plum</color><year>1985</year></automobile><automobile><person_id>336f916c-3e28-458f-936b-aba42f7d9f31</person_id><license_plate>KGA-487</license_plate><vin>V1RGSC3B3CVFSF89V</vin><color>OldLace</color><year>2021</year></automobile><automobile><person_id>34044ffe-bba0-4a98-b291-acfce38cdf27</person_id><license_plate>WSI 615</license_plate><vin>PBEAU1HK0PMB1142T</vin><color>Ivory</color><year>2006</year></automobile><automobile><person_id>6f8adc69-b67f-49ed-aa26-0e774afa3553</person_id><license_plate>OS7 R2A</license_plate><vin>FGB32K7LX9WD0UJK2</vin><color>Navy</color><year>2016</year></automobile><automobile><person_id>fc5c79db-163d-42d2-8af4-274a78f989b7</person_id><license_plate>IYU-2994</license_plate><vin>HWABWZLS9C9JJ20XU</vin><color>HoneyDew</color><year>1990</year></automobile><automobile><person_id>fe2c5aac-f749-4cdf-b91e-95c059200fc0</person_id><license_plate>ZFN 778</license_plate><vin>CTB92E1676ZR1MEJ0</vin><color>Purple</color><year>1976</year></automobile><automobile><person_id>fe2c5aac-f749-4cdf-b91e-95c059200fc0</person_id><license_plate>HT4 3787</license_plate><vin>MVUZF6ZJX0V8FX6JC</vin><color>LightGray</color><year>2014</year></automobile><automobile><person_id>5774476c-4a1b-49cc-bc2a-3b047d4555fe</person_id><license_plate>76J 8838</license_plate><vin>PAHV0MX1XPDEWW24Z</vin><color>Moccasin</color><year>1977</year></automobile><automobile><person_id>212d26e5-d721-451d-b2de-1755a5e81c72</person_id><license_plate>4-38250D</license_plate><vin>TT81J7199T5H4A9P7</vin><color>MediumPurple</color><year>1996</year></automobile><automobile><person_id>5e761346-f427-4854-b5c9-28c6817f6e81</person_id><license_plate>5BZ5223</license_plate><vin>RN4P083V7V9KD5J6E</vin><color>MediumOrchid</color><year>1978</year></automobile><automobile><person_id>6f44c8e2-9c51-4a2e-8473-4631af369a41</person_id><license_plate>29-07788</license_plate><vin>236WRTUF82PS38G55</vin><color>MediumVioletRed</color><year>1970</year></automobile><automobile><person_id>6f44c8e2-9c51-4a2e-8473-4631af369a41</person_id><license_plate>SW 18362</license_plate><vin>EDFG7YFK93E3TYT7X</vin><color>HotPink</color><year>2024</year></automobile><automobile><person_id>ba0bb0f9-598a-4bfe-9f88-d3a3e7e2b1ed</person_id><license_plate>OXX 029</license_plate><vin>YNKSUXR95WDE35NYK</vin><color>DarkSalmon</color><year>2018</year></automobile><automobile><person_id>ba0bb0f9-598a-4bfe-9f88-d3a3e7e2b1ed</person_id><license_plate>WSZ-892</license_plate><vin>LFWL8T467GRPLKPV5</vin><color>LightYellow</color><year>1984</year></automobile><automobile><person_id>aec8a185-bd93-4192-bc8e-c437eb1770a9</person_id><license_plate>0HX 255</license_plate><vin>DMCGHAEV265TANTT6</vin><color>DarkViolet</color><year>1987</year></automobile><automobile><person_id>76e65f24-9e1b-4fa0-8b38-7a067211d9fa</person_id><license_plate>VMW 510</license_plate><vin>X2KZLA1E7S7RXUFSJ</vin><color>PeachPuff</color><year>1999</year></automobile><automobile><person_id>76e65f24-9e1b-4fa0-8b38-7a067211d9fa</person_id><license_plate>FQH-652</license_plate><vin>8T6BRR9D7H6G89YNZ</vin><color>DarkOliveGreen</color><year>2016</year></automobile><automobile><person_id>ad3f5301-d90f-4a66-94aa-4b9bd0b585b2</person_id><license_plate>J58 9LO</license_plate><vin>4L5RTTV02BW0NEWZF</vin><color>MediumSeaGreen</color><year>2018</year></automobile><automobile><person_id>ad3f5301-d90f-4a66-94aa-4b9bd0b585b2</person_id><license_plate>B 385005</license_plate><vin>VD7J05EU0PTMFEEGE</vin><color>NavajoWhite</color><year>1999</year></automobile><automobile><person_id>6bfd3d8c-71ae-45b8-a419-891ee1007549</person_id><license_plate>776218</license_plate><vin>BZFBZ3DZ5HLKHU1YS</vin><color>Chartreuse</color><year>1971</year></automobile><automobile><person_id>0f244b8f-9117-45ba-b0b3-308a9a66a0d6</person_id><license_plate>613-283</license_plate><vin>B2Y1BZCB51NEFU9N0</vin><color>GreenYellow</color><year>2001</year></automobile><automobile><person_id>0f244b8f-9117-45ba-b0b3-308a9a66a0d6</person_id><license_plate>TLH-2744</license_plate><vin>XS92TVD39J70U5DG0</vin><color>DarkMagenta</color><year>2005</year></automobile><automobile><person_id>acede462-2ded-4328-bf34-26d71af9c461</person_id><license_plate>RN 30368</license_plate><vin>BV1TP3WG0VAS7D5N4</vin><color>Coral</color><year>1997</year></automobile><automobile><person_id>acede462-2ded-4328-bf34-26d71af9c461</person_id><license_plate>W96 9PI</license_plate><vin>E8Y6KHZ99R8SKU5BT</vin><color>LavenderBlush</color><year>2015</year></automobile><automobile><person_id>acede462-2ded-4328-bf34-26d71af9c461</person_id><license_plate>IZ-0182</license_plate><vin>PSTGUMYZ85RHENMKR</vin><color>LightSkyBlue</color><year>2007</year></automobile><automobile><person_id>8624a2a5-2978-495b-b3c0-47b86ac076d3</person_id><license_plate>3J XU115</license_plate><vin>1HLNT11X87LFSFP7F</vin><color>Yellow</color><year>2023</year></automobile><automobile><person_id>8624a2a5-2978-495b-b3c0-47b86ac076d3</person_id><license_plate>LMP 949</license_plate><vin>97NRR35353PPSVWCC</vin><color>Indigo</color><year>2009</year></automobile><automobile><person_id>8624a2a5-2978-495b-b3c0-47b86ac076d3</person_id><license_plate>084-GYW</license_plate><vin>YGF6S6PT356KTL82Y</vin><color>LightGray</color><year>1993</year></automobile><automobile><person_id>59c066a6-73b1-4631-9963-84963666c3bc</person_id><license_plate>4K M2775</license_plate><vin>FMFKTPEA4Y99AM3GG</vin><color>MediumSpringGreen</color><year>2023</year></automobile><automobile><person_id>59c066a6-73b1-4631-9963-84963666c3bc</person_id><license_plate>MSG 970</license_plate><vin>6F8ZN7D087SZSJA27</vin><color>Moccasin</color><year>1997</year></automobile><automobile><person_id>dff57c5c-d52d-4e12-8643-d34a37dfea0d</person_id><license_plate>123XLG</license_plate><vin>G2JFJ9VK4BG9FSF8A</vin><color>DarkMagenta</color><year>2009</year></automobile><automobile><person_id>dff57c5c-d52d-4e12-8643-d34a37dfea0d</person_id><license_plate>051 LE9</license_plate><vin>54CKA9V90DTX43VBT</vin><color>Coral</color><year>2015</year></automobile><automobile><person_id>af0d67d7-590c-4799-9938-721189ff974d</person_id><license_plate>ITB2231</license_plate><vin>FTC7MVFHXY3MABAEJ</vin><color>Salmon</color><year>1993</year></automobile><automobile><person_id>af0d67d7-590c-4799-9938-721189ff974d</person_id><license_plate>1718</license_plate><vin>73P00ERP1Y19H70ZV</vin><color>Blue</color><year>2014</year></automobile><automobile><person_id>47ffe163-b532-4b51-906b-c9955cc83690</person_id><license_plate>227-VFN</license_plate><vin>TTA9BKM2X0TLSP5GP</vin><color>Thistle</color><year>2004</year></automobile><automobile><person_id>fe09864e-6a11-4e97-a2db-c21f345561e2</person_id><license_plate>1-47433</license_plate><vin>FLU0SB8L6J9DCSGVG</vin><color>Tomato</color><year>1982</year></automobile><automobile><person_id>70927cf7-9c19-4c92-b55a-627b159e1987</person_id><license_plate>4H 1Y2MEK</license_plate><vin>87U0M8FU0A69ZNE6Z</vin><color>DarkOrchid</color><year>1977</year></automobile><automobile><person_id>d3726682-f7e8-4df7-a577-af72bb39210c</person_id><license_plate>4-0406H</license_plate><vin>XBV4SS6131DAADGZS</vin><color>Maroon</color><year>2008</year></automobile><automobile><person_id>d3726682-f7e8-4df7-a577-af72bb39210c</person_id><license_plate>651-UZI</license_plate><vin>2WKN0RD65DFHMWJK9</vin><color>Green</color><year>1976</year></automobile><automobile><person_id>a5ad32ec-aaf7-4c93-9b86-b1665833823d</person_id><license_plate>1IKT 46</license_plate><vin>YM8LEHUP1977WPWTC</vin><color>LemonChiffon</color><year>1980</year></automobile><automobile><person_id>8481cae4-35eb-40d7-95ae-9c1aba0ec0a1</person_id><license_plate>XZQ2194</license_plate><vin>JEUD9U626CNGWBMGX</vin><color>Green</color><year>1981</year></automobile><automobile><person_id>8481cae4-35eb-40d7-95ae-9c1aba0ec0a1</person_id><license_plate>52ZD605</license_plate><vin>6SHVN0PWX5UGXAPYR</vin><color>DarkGreen</color><year>2007</year></automobile><automobile><person_id>2bb21aef-e648-46c6-a24d-2fc57e723092</person_id><license_plate>272 QSI</license_plate><vin>UT88YJMK4MY8CXKPJ</vin><color>RosyBrown</color><year>2021</year></automobile><automobile><person_id>2bb21aef-e648-46c6-a24d-2fc57e723092</person_id><license_plate>4-E4263</license_plate><vin>WMGE93LU9HZ9MU0U9</vin><color>Cyan</color><year>1980</year></automobile><automobile><person_id>9ebdae02-5680-4701-985d-9af7891de2b3</person_id><license_plate>8-72345F</license_plate><vin>5RTYN0DS3DES30XTW</vin><color>PowderBlue</color><year>2023</year></automobile><automobile><person_id>f6a71776-b9d7-4f03-9ca2-3bb82ee26751</person_id><license_plate>MED 613</license_plate><vin>UD6RUVYR3DSL8RSJE</vin><color>SlateGray</color><year>2014</year></automobile><automobile><person_id>f6a71776-b9d7-4f03-9ca2-3bb82ee26751</person_id><license_plate>41X JI5</license_plate><vin>CSWVT2GX9P4CMUTP0</vin><color>SpringGreen</color><year>1974</year></automobile><automobile><person_id>d1975bba-416c-4ef3-80ce-041542d738c0</person_id><license_plate>9-27207W</license_plate><vin>MET1XX733HG0HT9T1</vin><color>LightGreen</color><year>1994</year></automobile><automobile><person_id>d1975bba-416c-4ef3-80ce-041542d738c0</person_id><license_plate>C 483826</license_plate><vin>TXHDJBJX0L5W5ZK38</vin><color>LightCyan</color><year>2008</year></automobile><automobile><person_id>d1975bba-416c-4ef3-80ce-041542d738c0</person_id><license_plate>547-RMCZ</license_plate><vin>39F19K3L6HKPSV3LF</vin><color>Silver</color><year>2001</year></automobile><automobile><person_id>d602e4ab-c41d-4aed-8893-107086509b39</person_id><license_plate>IBX-410</license_plate><vin>JST5F0XY2GU99CYLA</vin><color>FireBrick</color><year>2016</year></automobile><automobile><person_id>d602e4ab-c41d-4aed-8893-107086509b39</person_id><license_plate>401 3IR</license_plate><vin>PMHAXGKS5FBZ2427D</vin><color>SkyBlue</color><year>1994</year></automobile><automobile><person_id>1836d5c7-8251-4435-a415-70aad0e30347</person_id><license_plate>UXT-052</license_plate><vin>H9JUDVR4994VHAX62</vin><color>Purple</color><year>1977</year></automobile><automobile><person_id>a322af29-0703-44ac-8f07-ba841488c6d3</person_id><license_plate>444CO</license_plate><vin>N598DD849MTMK354Y</vin><color>PaleVioletRed</color><year>1973</year></automobile><automobile><person_id>a322af29-0703-44ac-8f07-ba841488c6d3</person_id><license_plate>6-1627T</license_plate><vin>TY3G9L2C38GNX0J2Y</vin><color>Gray</color><year>1995</year></automobile><automobile><person_id>a322af29-0703-44ac-8f07-ba841488c6d3</person_id><license_plate>F 662231</license_plate><vin>UVSJR77B7SNGP6U6S</vin><color>SaddleBrown</color><year>1989</year></automobile><automobile><person_id>02c3558c-c861-4d54-b931-0b5069dc555e</person_id><license_plate>1068</license_plate><vin>P2SNXM846DE30P57K</vin><color>HoneyDew</color><year>1980</year></automobile><automobile><person_id>02c3558c-c861-4d54-b931-0b5069dc555e</person_id><license_plate>383JVF</license_plate><vin>YFC5XUGS2L6L75PU8</vin><color>YellowGreen</color><year>1977</year></automobile><automobile><person_id>6272012b-8be3-43cf-acf7-a1e42b580499</person_id><license_plate>248 DEE</license_plate><vin>H4DSPPL627U2MUEWN</vin><color>Moccasin</color><year>2005</year></automobile><automobile><person_id>6272012b-8be3-43cf-acf7-a1e42b580499</person_id><license_plate>BNG 247</license_plate><vin>MF28V9A720DC7RMN2</vin><color>MediumSpringGreen</color><year>2003</year></automobile><automobile><person_id>8162961d-87b2-4f51-a59c-fd7a6004cdbb</person_id><license_plate>0S 5W7ODO</license_plate><vin>FUTCCDZ77FD8F3J7D</vin><color>Plum</color><year>1999</year></automobile><automobile><person_id>5b45a475-2699-406a-ac15-350d7db8e30e</person_id><license_plate>9WRC 09</license_plate><vin>W8JB0J2H02C4G613F</vin><color>MediumVioletRed</color><year>1984</year></automobile><automobile><person_id>490c6bec-edcd-415c-b007-ed15cb7aa891</person_id><license_plate>0928 BZ</license_plate><vin>0G3ZR73V7HX0NUX3R</vin><color>DarkMagenta</color><year>2008</year></automobile><automobile><person_id>490c6bec-edcd-415c-b007-ed15cb7aa891</person_id><license_plate>K71-GPA</license_plate><vin>6YD04E8H50VZSX0GD</vin><color>DimGray</color><year>2023</year></automobile><automobile><person_id>3a37a8c3-20f7-4a45-9460-87575c3b033b</person_id><license_plate>775RDU</license_plate><vin>ZR579WPG61YCXBJX7</vin><color>Magenta</color><year>2005</year></automobile><automobile><person_id>b62e0182-7a7c-4d2b-9781-51a1ba39af12</person_id><license_plate>HNV 604</license_plate><vin>FYW38ACC5XKFU722X</vin><color>PaleGreen</color><year>1979</year></automobile><automobile><person_id>689deb25-d03c-4989-a236-1f84c38568a9</person_id><license_plate>PDT-739</license_plate><vin>KJYW0W8L76SHHRDA0</vin><color>Brown</color><year>2023</year></automobile><automobile><person_id>96a37b46-8388-4a16-824f-104f0a47a7dd</person_id><license_plate>QB-0254</license_plate><vin>09RVMGJS0LLSF4DU1</vin><color>Purple</color><year>1993</year></automobile><automobile><person_id>96a37b46-8388-4a16-824f-104f0a47a7dd</person_id><license_plate>RAN 1376</license_plate><vin>KFV9HKUB2LD253JTA</vin><color>CornflowerBlue</color><year>1974</year></automobile><automobile><person_id>0d8f4ded-24cf-404d-b666-ae28855491d5</person_id><license_plate>950 TAX</license_plate><vin>R1B43NL1XGSKD0M1T</vin><color>PaleVioletRed</color><year>1978</year></automobile><automobile><person_id>0d8f4ded-24cf-404d-b666-ae28855491d5</person_id><license_plate>06-2779A</license_plate><vin>HP8KVUZW05PG5D1NT</vin><color>Bisque</color><year>1990</year></automobile><automobile><person_id>acd9a151-78c7-4884-8aab-70b40e03061b</person_id><license_plate>CAC-289</license_plate><vin>NF0B9JV87AFMRVATH</vin><color>SeaShell</color><year>2003</year></automobile><automobile><person_id>a5d3cc7a-6c66-410f-ae0a-5729babf755a</person_id><license_plate>595 FVT</license_plate><vin>5KAVXJW664Y6CK52R</vin><color>MediumTurquoise</color><year>2008</year></automobile><automobile><person_id>a5d3cc7a-6c66-410f-ae0a-5729babf755a</person_id><license_plate>34EF322</license_plate><vin>7VL6Z2F24GHRCHNZ1</vin><color>DimGray</color><year>1988</year></automobile><automobile><person_id>885a4d79-c844-4c43-ab92-3bd1d1af5587</person_id><license_plate>438 RMK</license_plate><vin>58MNE9UW2E55ULA8L</vin><color>PaleGreen</color><year>1994</year></automobile><automobile><person_id>f0c25388-46f8-4ff4-aa96-750c6627f5e1</person_id><license_plate>66VH8</license_plate><vin>LWHLWB1X403CBM07H</vin><color>RoyalBlue</color><year>2012</year></automobile><automobile><person_id>dd994672-fe47-403c-bb5b-bbf4822a8b44</person_id><license_plate>24-TY01</license_plate><vin>T2UT6B6F9S6RHU1PK</vin><color>Orchid</color><year>1981</year></automobile><automobile><person_id>ad4f5e45-309a-4ae0-af26-42f5aab208ae</person_id><license_plate>VLY 978</license_plate><vin>RYR3TM4L9H41JFMYX</vin><color>LightSalmon</color><year>2009</year></automobile><automobile><person_id>1631bf8d-0232-418e-aa14-93dbe2157ebf</person_id><license_plate>WGL-630</license_plate><vin>TLBE7EG94ZL1UR6AZ</vin><color>NavajoWhite</color><year>2011</year></automobile></automobiles>