<?xml version="1.0" encoding="UTF-8" ?><automobiles><automobile><person_id>f92b1fd2-66fb-42f2-8838-b6311f51fc51</person_id><license_plate>LLG7073</license_plate><vin>GH74UK2U3LANMG7W3</vin><color>WhiteSmoke</color><year>1984</year></automobile><automobile><person_id>d47edeb4-9754-4ee9-955b-783c66ad7a58</person_id><license_plate>2BVL 91</license_plate><vin>PJYK3T3J7X6YJ5DZK</vin><color>Peru</color><year>2005</year></automobile><automobile><person_id>d47edeb4-9754-4ee9-955b-783c66ad7a58</person_id><license_plate>FGD-451</license_plate><vin>1TWCEK053PPHURDXC</vin><color>SteelBlue</color><year>1998</year></automobile><automobile><person_id>d47edeb4-9754-4ee9-955b-783c66ad7a58</person_id><license_plate>432 KTM</license_plate><vin>RYUEFASP02GF45G2R</vin><color>PaleGoldenRod</color><year>1973</year></automobile><automobile><person_id>430238c1-6328-4d61-9aca-377adf03305e</person_id><license_plate>QFM 726</license_plate><vin>8NRLV3Z69UFVGRKWM</vin><color>LemonChiffon</color><year>1983</year></automobile><automobile><person_id>c7771be5-61cb-44fc-9398-503e5c8a9652</person_id><license_plate>67-LT69</license_plate><vin>JGJ48ND04Y2KN4KNE</vin><color>HotPink</color><year>2017</year></automobile><automobile><person_id>c7771be5-61cb-44fc-9398-503e5c8a9652</person_id><license_plate>768 IMF</license_plate><vin>4UV4116K14PFE7K97</vin><color>PeachPuff</color><year>1981</year></automobile><automobile><person_id>c7771be5-61cb-44fc-9398-503e5c8a9652</person_id><license_plate>HWT 083</license_plate><vin>9WF447PS8JKK3JTZ9</vin><color>Orchid</color><year>2000</year></automobile><automobile><person_id>7284dcab-2090-4c6d-84a8-4b57c9754ba0</person_id><license_plate>YQB 5899</license_plate><vin>6BTWD7E45VXH9S4TJ</vin><color>Azure</color><year>1990</year></automobile><automobile><person_id>7284dcab-2090-4c6d-84a8-4b57c9754ba0</person_id><license_plate>7V 0667V</license_plate><vin>P098U57S5R9P3T1AV</vin><color>SeaGreen</color><year>2008</year></automobile><automobile><person_id>7284dcab-2090-4c6d-84a8-4b57c9754ba0</person_id><license_plate>G29-76C</license_plate><vin>E7EA3PT72LUBLNU1U</vin><color>LightSlateGray</color><year>2020</year></automobile><automobile><person_id>d87b6a43-2260-4d87-9a72-b449293251ff</person_id><license_plate>8-8490U</license_plate><vin>5DPEX4GJ6DH0N618B</vin><color>AntiqueWhite</color><year>1975</year></automobile><automobile><person_id>25862c1f-6519-4080-9f5d-b0fa7ab2b7ea</person_id><license_plate>0BJ 957</license_plate><vin>EVX8DC8Y31FD8L4HE</vin><color>Green</color><year>1990</year></automobile><automobile><person_id>df20358c-ccb3-4d8d-8a28-f9cbf781f8e8</person_id><license_plate>637 XTI</license_plate><vin>DL350RC01NB07B75J</vin><color>MistyRose</color><year>1975</year></automobile><automobile><person_id>df20358c-ccb3-4d8d-8a28-f9cbf781f8e8</person_id><license_plate>49F•809</license_plate><vin>5BVK9RHB04Y12BGK9</vin><color>Aqua</color><year>1986</year></automobile><automobile><person_id>df20358c-ccb3-4d8d-8a28-f9cbf781f8e8</person_id><license_plate>80M D88</license_plate><vin>TJCGVU236MGMY8HH5</vin><color>LightGreen</color><year>1977</year></automobile><automobile><person_id>ecd40f7f-4a09-480e-9811-604097ef68a3</person_id><license_plate>COY T35</license_plate><vin>2YTT0GZ1X3KB0TLUJ</vin><color>Cornsilk</color><year>2005</year></automobile><automobile><person_id>ecd40f7f-4a09-480e-9811-604097ef68a3</person_id><license_plate>TS-1822</license_plate><vin>34CELUT73SXWV6S8R</vin><color>Pink</color><year>1991</year></automobile><automobile><person_id>ecd40f7f-4a09-480e-9811-604097ef68a3</person_id><license_plate>0Q LP076</license_plate><vin>H5AC24D963VKTD6EC</vin><color>MediumSlateBlue</color><year>2011</year></automobile><automobile><person_id>6523161a-d6c7-425f-bce8-bcbc894d1ca6</person_id><license_plate>DUN 727</license_plate><vin>D310NDE72Y038JLL8</vin><color>Plum</color><year>1974</year></automobile><automobile><person_id>6523161a-d6c7-425f-bce8-bcbc894d1ca6</person_id><license_plate>AZ 55033</license_plate><vin>BTEK3C5LXS43RR01R</vin><color>Chartreuse</color><year>2000</year></automobile><automobile><person_id>6523161a-d6c7-425f-bce8-bcbc894d1ca6</person_id><license_plate>8T 20143</license_plate><vin>6MVNST6E0PSD85SX5</vin><color>Violet</color><year>1991</year></automobile><automobile><person_id>a3dbcd87-aef1-4793-ba6a-e9729f6df2a0</person_id><license_plate>THJ-272</license_plate><vin>RF5RRPJA5F9XMR6JB</vin><color>DarkBlue</color><year>1975</year></automobile><automobile><person_id>d6715d28-1857-4d16-940c-4f11cde69989</person_id><license_plate>GVN-264</license_plate><vin>LW48UW502CPHG7YSG</vin><color>SandyBrown</color><year>2021</year></automobile><automobile><person_id>99be62fb-488c-4f66-8e33-b1c140252a8b</person_id><license_plate>JJD-9484</license_plate><vin>L2X25KHD64NEUMBC7</vin><color>DarkOrange</color><year>1997</year></automobile><automobile><person_id>eb4f5fbe-4641-4ee7-b7da-87bb6c8ec356</person_id><license_plate>X74-77L</license_plate><vin>7J5BXMF169LJD3R82</vin><color>Coral</color><year>2002</year></automobile><automobile><person_id>6d93db54-9026-46be-bafd-003ea4d4d051</person_id><license_plate>739 MIP</license_plate><vin>7AEN9SLD8UW57PAAL</vin><color>DarkSlateBlue</color><year>2019</year></automobile><automobile><person_id>9b6f36ce-4110-42d9-868e-aea8fd2a3837</person_id><license_plate>546-HXK</license_plate><vin>25KLZ2HV7852T6EBC</vin><color>SteelBlue</color><year>2002</year></automobile><automobile><person_id>9b6f36ce-4110-42d9-868e-aea8fd2a3837</person_id><license_plate>414 EHC</license_plate><vin>X50AUXA2XUTZWCXDS</vin><color>MediumAquaMarine</color><year>2012</year></automobile><automobile><person_id>f4ca7b0f-9862-455b-84c3-1749436d7eb2</person_id><license_plate>79IH0</license_plate><vin>LVMWJ38R0UTF1L8UD</vin><color>Silver</color><year>1993</year></automobile><automobile><person_id>dade86c2-4883-43a6-85be-2d52935409b9</person_id><license_plate>324426</license_plate><vin>UHRL1MAB5KL95XSZF</vin><color>LightSlateGray</color><year>1982</year></automobile><automobile><person_id>dade86c2-4883-43a6-85be-2d52935409b9</person_id><license_plate>097GSE</license_plate><vin>UYYHFUYZ7J68AK7DB</vin><color>MediumSeaGreen</color><year>1994</year></automobile><automobile><person_id>1e864195-d718-4a4d-992e-5d445e218201</person_id><license_plate>BKT2785</license_plate><vin>NFBWY8YR9PPE52JJ3</vin><color>Linen</color><year>2002</year></automobile><automobile><person_id>1e864195-d718-4a4d-992e-5d445e218201</person_id><license_plate>67H X05</license_plate><vin>70NH90X24YCM48PYD</vin><color>PaleGoldenRod</color><year>2015</year></automobile><automobile><person_id>1eec251c-9677-4f80-a5a8-867ec824724f</person_id><license_plate>OZJ 0163</license_plate><vin>TL8XBJKF29DVRJ66W</vin><color>MidnightBlue</color><year>1970</year></automobile><automobile><person_id>1eec251c-9677-4f80-a5a8-867ec824724f</person_id><license_plate>KBB 246</license_plate><vin>T61RJZZF114TP8BUR</vin><color>Silver</color><year>2021</year></automobile><automobile><person_id>db1bb822-2432-4800-8ffe-8997a60ca599</person_id><license_plate>JZB E02</license_plate><vin>U8WW3KYX8YBGGN03E</vin><color>PaleTurquoise</color><year>2020</year></automobile><automobile><person_id>db1bb822-2432-4800-8ffe-8997a60ca599</person_id><license_plate>OC 83812</license_plate><vin>TAZVGLXU0JDPNRS2Y</vin><color>Coral</color><year>1997</year></automobile><automobile><person_id>db1bb822-2432-4800-8ffe-8997a60ca599</person_id><license_plate>697068</license_plate><vin>LTWTU43S6WL2V4TFX</vin><color>SeaShell</color><year>1994</year></automobile><automobile><person_id>35f471f7-859c-4e88-b9a7-7e330400afed</person_id><license_plate>N37-03I</license_plate><vin>2Y83SG0J1L95T9ZYN</vin><color>Chocolate</color><year>2021</year></automobile><automobile><person_id>35f471f7-859c-4e88-b9a7-7e330400afed</person_id><license_plate>YA4 D8G</license_plate><vin>JD532ADM88V3SUG56</vin><color>RosyBrown</color><year>1985</year></automobile><automobile><person_id>35f471f7-859c-4e88-b9a7-7e330400afed</person_id><license_plate>Y09 6RT</license_plate><vin>3FEZ9E0558XBRFRRA</vin><color>DarkGreen</color><year>2015</year></automobile><automobile><person_id>d5c35c74-25a7-4fed-b883-955fea0c0f31</person_id><license_plate>GCS-562</license_plate><vin>2JCCLVGD8A0L5U8XA</vin><color>LightCoral</color><year>1983</year></automobile><automobile><person_id>96093124-c139-471c-83a2-5aab6ca4964c</person_id><license_plate>1-5265Z</license_plate><vin>9HWAT1KY9UL2ZYDMR</vin><color>CornflowerBlue</color><year>1985</year></automobile><automobile><person_id>80ac2748-6cb1-4aab-a946-e3605d2d26fe</person_id><license_plate>765 YII</license_plate><vin>353J50A78LEV9EXWX</vin><color>DarkSlateGray</color><year>1975</year></automobile><automobile><person_id>a0bc8011-3a6c-4c1b-a6b1-cc924c92f7b3</person_id><license_plate>310 6613</license_plate><vin>S5484JRP80CZUEMD9</vin><color>AliceBlue</color><year>1991</year></automobile><automobile><person_id>22b46b26-8a77-470a-9a8a-b993c271fe5e</person_id><license_plate>RTD 756</license_plate><vin>LPK87EWE8HB140V80</vin><color>FireBrick</color><year>1995</year></automobile><automobile><person_id>22b46b26-8a77-470a-9a8a-b993c271fe5e</person_id><license_plate>KBV 486</license_plate><vin>VWEG2A7B6JYKCHM87</vin><color>SandyBrown</color><year>2022</year></automobile><automobile><person_id>f2c99ae5-cddc-4213-9727-e4b86b84a8aa</person_id><license_plate>FTO-125</license_plate><vin>HWWPVP5U0LTLJT87K</vin><color>Turquoise</color><year>1987</year></automobile><automobile><person_id>839293e9-5f9a-457c-9b64-fecc6c0c7c6c</person_id><license_plate>HFO-1067</license_plate><vin>VBNTCMWW0M1FFWYCM</vin><color>SkyBlue</color><year>2016</year></automobile><automobile><person_id>839293e9-5f9a-457c-9b64-fecc6c0c7c6c</person_id><license_plate>ZPM-9230</license_plate><vin>FLDHMSZJ7R41YA7VK</vin><color>DarkOrange</color><year>1971</year></automobile><automobile><person_id>8e778b55-63a2-48aa-813c-7655f9a32357</person_id><license_plate>49RR5</license_plate><vin>96K40RN35G2WC6X32</vin><color>HotPink</color><year>1990</year></automobile><automobile><person_id>9901f765-e9c0-4b98-922f-4d4ea7173e1a</person_id><license_plate>668-ZDI</license_plate><vin>P53VNK3V7GBSM0T2U</vin><color>Violet</color><year>2017</year></automobile><automobile><person_id>9901f765-e9c0-4b98-922f-4d4ea7173e1a</person_id><license_plate>2I TY246</license_plate><vin>Y1ZKRB0A1L5R0DWHF</vin><color>CornflowerBlue</color><year>1990</year></automobile><automobile><person_id>9dade7f1-9b48-41f3-8c70-7f8b5f071a5e</person_id><license_plate>3-63353</license_plate><vin>6BM4G9P69VGVZV32G</vin><color>SeaShell</color><year>2018</year></automobile><automobile><person_id>a8225d6b-bb2b-433f-8230-014a73bc5736</person_id><license_plate>1H RN831</license_plate><vin>239FPCD82K89Z7PSY</vin><color>HotPink</color><year>1996</year></automobile><automobile><person_id>e0a327a0-f3cd-42f3-adf2-0905e5916e04</person_id><license_plate>2FC5144</license_plate><vin>HC4L996D2KJA3UVY0</vin><color>OldLace</color><year>1979</year></automobile><automobile><person_id>e0a327a0-f3cd-42f3-adf2-0905e5916e04</person_id><license_plate>7-55504</license_plate><vin>8ZN0K81L8TLD4DX1Z</vin><color>DimGray</color><year>1993</year></automobile><automobile><person_id>e9074d8e-42d8-4150-bdf0-76ded8984a2c</person_id><license_plate>000 HCG</license_plate><vin>KW654RTE40B4N16LK</vin><color>Chartreuse</color><year>2002</year></automobile><automobile><person_id>e9074d8e-42d8-4150-bdf0-76ded8984a2c</person_id><license_plate>814-GSX</license_plate><vin>ZHU004XB8AZY658DD</vin><color>LightPink</color><year>1986</year></automobile><automobile><person_id>e9074d8e-42d8-4150-bdf0-76ded8984a2c</person_id><license_plate>5A 95881</license_plate><vin>M9219PHN8WTNUZ514</vin><color>MediumSlateBlue</color><year>2003</year></automobile><automobile><person_id>dc641363-60b4-402b-8852-5f18c4d70a1b</person_id><license_plate>KCH-837</license_plate><vin>VF4EUBY77HZ5EE2LW</vin><color>DarkOrange</color><year>1989</year></automobile><automobile><person_id>dc641363-60b4-402b-8852-5f18c4d70a1b</person_id><license_plate>Q71 4IH</license_plate><vin>FVN9K4WH77CDWP6E9</vin><color>GhostWhite</color><year>2003</year></automobile><automobile><person_id>dc641363-60b4-402b-8852-5f18c4d70a1b</person_id><license_plate>7YV18</license_plate><vin>HCT7MVR17BA3RZCHA</vin><color>Snow</color><year>1988</year></automobile><automobile><person_id>4eb6d3a7-25f8-4085-992d-53a9381f7887</person_id><license_plate>9X 4Q0DYD</license_plate><vin>7L3HZE3S22UMGUWUV</vin><color>LightSeaGreen</color><year>1979</year></automobile><automobile><person_id>482aa658-c8b7-43df-a6eb-21520521b3ab</person_id><license_plate>073 FZS</license_plate><vin>5T7PPZUH5B4ZUCW8D</vin><color>PaleGreen</color><year>1979</year></automobile><automobile><person_id>482aa658-c8b7-43df-a6eb-21520521b3ab</person_id><license_plate>CG-4261</license_plate><vin>JX15RW7L3ABGXM2A0</vin><color>Chartreuse</color><year>2004</year></automobile><automobile><person_id>c1012f0a-ce8e-4f9c-ab85-70f9b9c3a9da</person_id><license_plate>D 698737</license_plate><vin>V13J9XM051AAAGVHP</vin><color>Lavender</color><year>1980</year></automobile><automobile><person_id>c1012f0a-ce8e-4f9c-ab85-70f9b9c3a9da</person_id><license_plate>MX9 V1P</license_plate><vin>5L9L5TV14WXCKCLS6</vin><color>MediumVioletRed</color><year>2013</year></automobile><automobile><person_id>8f7bc1e1-0d49-4833-85c7-c2ca5928bd6c</person_id><license_plate>314-TMH</license_plate><vin>S07E856396K6VFEV2</vin><color>OliveDrab</color><year>2007</year></automobile><automobile><person_id>8f7bc1e1-0d49-4833-85c7-c2ca5928bd6c</person_id><license_plate>40L BM8</license_plate><vin>ZEJSA2C27W83JG1GT</vin><color>Sienna</color><year>2008</year></automobile><automobile><person_id>6ed849fb-1a85-4d65-9aff-f5d2f6f16397</person_id><license_plate>23-GV99</license_plate><vin>ZH40G3RD500C15NH7</vin><color>DarkSlateBlue</color><year>1978</year></automobile><automobile><person_id>6ed849fb-1a85-4d65-9aff-f5d2f6f16397</person_id><license_plate>KIK 682</license_plate><vin>M6J06V6Y6MA4GFUUD</vin><color>Olive</color><year>1970</year></automobile><automobile><person_id>febad149-3121-422b-b486-a41423b7901d</person_id><license_plate>7706</license_plate><vin>XDSGDADL1MXZF8TFP</vin><color>FireBrick</color><year>1996</year></automobile><automobile><person_id>c01ee08d-ae1e-435a-936b-3e3a9f0745c4</person_id><license_plate>235HP</license_plate><vin>WHYZ6JX76CAK37DDU</vin><color>Tomato</color><year>2013</year></automobile><automobile><person_id>c01ee08d-ae1e-435a-936b-3e3a9f0745c4</person_id><license_plate>57-5023K</license_plate><vin>MDHZTPGJ16XS28R3E</vin><color>DarkGreen</color><year>1993</year></automobile><automobile><person_id>c01ee08d-ae1e-435a-936b-3e3a9f0745c4</person_id><license_plate>926 MVT</license_plate><vin>SBFY3WV359385N6SF</vin><color>DarkBlue</color><year>1987</year></automobile><automobile><person_id>a7efa6eb-7a1f-4d62-80fd-c6e15d8d64e0</person_id><license_plate>IWL 667</license_plate><vin>6KFUW9JP6VLVGFESX</vin><color>DarkViolet</color><year>1972</year></automobile><automobile><person_id>a7efa6eb-7a1f-4d62-80fd-c6e15d8d64e0</person_id><license_plate>8MC H26</license_plate><vin>K7N8RFY2XR4VG73B2</vin><color>SandyBrown</color><year>1972</year></automobile><automobile><person_id>632a8216-4b26-4402-85a7-fdc473a383e7</person_id><license_plate>MQA 270</license_plate><vin>ELT2H6PS889036292</vin><color>Lavender</color><year>1974</year></automobile><automobile><person_id>632a8216-4b26-4402-85a7-fdc473a383e7</person_id><license_plate>9XR 615</license_plate><vin>EHX0G82T9YMW474H1</vin><color>LightCoral</color><year>1970</year></automobile><automobile><person_id>181faf31-070c-47eb-b67f-3344b7576a18</person_id><license_plate>693 SMT</license_plate><vin>GJ1YLFR7XYJV6MMA0</vin><color>SeaGreen</color><year>1993</year></automobile><automobile><person_id>183751bf-b085-422c-876e-43ce5a5dca56</person_id><license_plate>714-153</license_plate><vin>NX4KVW7F0MUUAC7C9</vin><color>PaleGoldenRod</color><year>2001</year></automobile><automobile><person_id>183751bf-b085-422c-876e-43ce5a5dca56</person_id><license_plate>0ZY E16</license_plate><vin>H826BZWH5XB5ML928</vin><color>AliceBlue</color><year>2004</year></automobile><automobile><person_id>18178fc7-f9e3-4268-8d7d-e9574c8381e9</person_id><license_plate>MIL 6146</license_plate><vin>0Y2EREKK43AWZ37TY</vin><color>LightBlue</color><year>1989</year></automobile><automobile><person_id>ff9bbea8-628b-4cf0-b4cf-d70bb789a0d6</person_id><license_plate>8WV A44</license_plate><vin>XSU4C9G22X903R0JN</vin><color>Moccasin</color><year>2017</year></automobile><automobile><person_id>4e927029-c540-4aaa-abc4-9bfce061a7f5</person_id><license_plate>5DRP437</license_plate><vin>R2PYLYKY7BAMMVGMH</vin><color>DarkSalmon</color><year>2021</year></automobile><automobile><person_id>4e927029-c540-4aaa-abc4-9bfce061a7f5</person_id><license_plate>L08-23G</license_plate><vin>7U813L3X28CBNNAZW</vin><color>LavenderBlush</color><year>2013</year></automobile><automobile><person_id>4e927029-c540-4aaa-abc4-9bfce061a7f5</person_id><license_plate>1823</license_plate><vin>GJ8EMSSF56MK5YWG4</vin><color>RosyBrown</color><year>1976</year></automobile><automobile><person_id>6b987f80-ac9a-4036-a53a-f54df60829ee</person_id><license_plate>6RPT 29</license_plate><vin>EHKGZRMG0EVMYHRGD</vin><color>DeepSkyBlue</color><year>2022</year></automobile><automobile><person_id>6b987f80-ac9a-4036-a53a-f54df60829ee</person_id><license_plate>345 YA8</license_plate><vin>A32WC6UG5VJHM23YV</vin><color>WhiteSmoke</color><year>1988</year></automobile><automobile><person_id>973f5011-cd38-4d7f-857b-d4cbb627db3c</person_id><license_plate>484578</license_plate><vin>TRKHHN144SYKZ8Z8E</vin><color>GoldenRod</color><year>2016</year></automobile><automobile><person_id>973f5011-cd38-4d7f-857b-d4cbb627db3c</person_id><license_plate>531-UXZ</license_plate><vin>1GH28TK95NMX1CBDC</vin><color>Lime</color><year>2023</year></automobile><automobile><person_id>973f5011-cd38-4d7f-857b-d4cbb627db3c</person_id><license_plate>OA-3602</license_plate><vin>M1S18WEK19H3Z83M5</vin><color>Bisque</color><year>1993</year></automobile><automobile><person_id>8746ca1c-094e-4a69-b6ae-ce6dcbc24412</person_id><license_plate>690 0110</license_plate><vin>9NSB4CXR2SZHMLCHZ</vin><color>Violet</color><year>2015</year></automobile><automobile><person_id>8746ca1c-094e-4a69-b6ae-ce6dcbc24412</person_id><license_plate>9NJE645</license_plate><vin>EU9SRE8874MGE83WL</vin><color>Brown</color><year>2005</year></automobile><automobile><person_id>8746ca1c-094e-4a69-b6ae-ce6dcbc24412</person_id><license_plate>MGE 592</license_plate><vin>5N5K3ARG8M6490CE2</vin><color>LightSalmon</color><year>2012</year></automobile><automobile><person_id>5947afe0-181b-455a-bca6-5b5e5394eff4</person_id><license_plate>1HV7152</license_plate><vin>SXZD0EN83S92UH1BN</vin><color>PapayaWhip</color><year>1982</year></automobile><automobile><person_id>5947afe0-181b-455a-bca6-5b5e5394eff4</person_id><license_plate>73XH219</license_plate><vin>NU8BV72Y38527G6K7</vin><color>Bisque</color><year>2015</year></automobile><automobile><person_id>5947afe0-181b-455a-bca6-5b5e5394eff4</person_id><license_plate>57A W50</license_plate><vin>NDRNPU10XTFJYB8E4</vin><color>DarkRed</color><year>1993</year></automobile><automobile><person_id>7b7a9a01-ad67-47c1-a7a2-de1f73545335</person_id><license_plate>BYD 995</license_plate><vin>95ZGAHZP0039YFT0T</vin><color>Orchid</color><year>2015</year></automobile><automobile><person_id>c20064fb-b08b-4d19-891c-7376e8022940</person_id><license_plate>66S 971</license_plate><vin>9L6MGY172ADNVZWGC</vin><color>DarkCyan</color><year>1994</year></automobile><automobile><person_id>b937d435-34ff-4936-a232-1d3f2e4707b6</person_id><license_plate>FYD B21</license_plate><vin>853UWRWB9791CA6RA</vin><color>GreenYellow</color><year>1989</year></automobile><automobile><person_id>b937d435-34ff-4936-a232-1d3f2e4707b6</person_id><license_plate>720R0</license_plate><vin>36YMC90T91FS3RSHG</vin><color>Orange</color><year>2004</year></automobile><automobile><person_id>f1a50cac-1013-416b-802b-549e7d44bc0c</person_id><license_plate>8PI D81</license_plate><vin>ZSWKNVVCX5YPLG652</vin><color>Lavender</color><year>1979</year></automobile><automobile><person_id>00cfe14a-8cba-4813-a80e-bdbee97403bb</person_id><license_plate>973 UIX</license_plate><vin>M6248UGH308JJSY24</vin><color>LimeGreen</color><year>1994</year></automobile><automobile><person_id>00cfe14a-8cba-4813-a80e-bdbee97403bb</person_id><license_plate>768 QLZ</license_plate><vin>9S2W8Y6N1U876A7RH</vin><color>Aqua</color><year>1987</year></automobile><automobile><person_id>00cfe14a-8cba-4813-a80e-bdbee97403bb</person_id><license_plate>ZRR6100</license_plate><vin>F0ZC1CYB0T42CPPKK</vin><color>LightGreen</color><year>2006</year></automobile><automobile><person_id>5d7713b9-5875-4f59-960c-c0bfbfc8eaa6</person_id><license_plate>92OP3</license_plate><vin>ZJ3T2FNF6CCCZYY8Y</vin><color>BurlyWood</color><year>1980</year></automobile><automobile><person_id>4b0c53c1-b8a8-45bf-a3a8-ae3a26be48cc</person_id><license_plate>06H I00</license_plate><vin>HYJFWYP01NPKD5LL8</vin><color>YellowGreen</color><year>1990</year></automobile><automobile><person_id>4b0c53c1-b8a8-45bf-a3a8-ae3a26be48cc</person_id><license_plate>10A•335</license_plate><vin>729RL3AUX2705XJFJ</vin><color>PowderBlue</color><year>1985</year></automobile><automobile><person_id>411594fe-fd1a-41c9-a935-851b0d20804f</person_id><license_plate>OKK-9844</license_plate><vin>C14VTV1NX2PEZX54T</vin><color>LightGreen</color><year>1989</year></automobile><automobile><person_id>411594fe-fd1a-41c9-a935-851b0d20804f</person_id><license_plate>8K LE110</license_plate><vin>T7AL0C554T6Y49WAE</vin><color>Crimson</color><year>1978</year></automobile><automobile><person_id>84693a3e-37d7-4819-a398-75f8e9375841</person_id><license_plate>1H W0122</license_plate><vin>0PBLTSU55L22E4618</vin><color>WhiteSmoke</color><year>1980</year></automobile><automobile><person_id>49da6378-7102-4fba-8e09-d8a8fca04df4</person_id><license_plate>324C6</license_plate><vin>SCSBEBJE87F0XJ39K</vin><color>MediumAquaMarine</color><year>1991</year></automobile><automobile><person_id>49da6378-7102-4fba-8e09-d8a8fca04df4</person_id><license_plate>J85 5GY</license_plate><vin>0SPENGNU9WGZEHRZS</vin><color>LightBlue</color><year>1976</year></automobile><automobile><person_id>b688b2db-5bde-4a71-a0b2-5420bccb38bf</person_id><license_plate>8063</license_plate><vin>UVY86FTE8BU8VXGG4</vin><color>LightGreen</color><year>1988</year></automobile><automobile><person_id>47756dc9-af2d-4e19-b76d-81c9bd490165</person_id><license_plate>549-EBO</license_plate><vin>Z8USRXZC37MTWZWZ8</vin><color>Azure</color><year>1974</year></automobile><automobile><person_id>d087d462-e5e1-41b0-901e-9a494f497fd5</person_id><license_plate>WOU2999</license_plate><vin>A3GVHKSS958JLDCY1</vin><color>LightSeaGreen</color><year>2015</year></automobile><automobile><person_id>a7631972-3ed9-410a-804e-dff69cd55214</person_id><license_plate>ELC 447</license_plate><vin>CS3H732P638UNREGK</vin><color>RosyBrown</color><year>2017</year></automobile><automobile><person_id>a7631972-3ed9-410a-804e-dff69cd55214</person_id><license_plate>1-2360J</license_plate><vin>UKG8H94K3N8YF08VJ</vin><color>Cyan</color><year>2008</year></automobile><automobile><person_id>a7631972-3ed9-410a-804e-dff69cd55214</person_id><license_plate>2LV 665</license_plate><vin>MR7LHSP12UPNW0GCC</vin><color>SlateGray</color><year>1972</year></automobile><automobile><person_id>e863a0a5-246a-4674-914e-5e98145e473e</person_id><license_plate>30E 6943</license_plate><vin>M3WKRZ404ZL2BRTV8</vin><color>LightSteelBlue</color><year>2014</year></automobile><automobile><person_id>e863a0a5-246a-4674-914e-5e98145e473e</person_id><license_plate>383-KQA</license_plate><vin>H9LMTAXU16CFA67C7</vin><color>CornflowerBlue</color><year>2023</year></automobile><automobile><person_id>3a4cdb61-edae-40a0-84d8-9708bec41093</person_id><license_plate>JSG-606</license_plate><vin>WJV0PF6HXVTA619HC</vin><color>LimeGreen</color><year>2007</year></automobile></automobiles>