{"speeding_tickets": [{"id": "ac000421-d34a-4f30-92d0-6838a864d9ab", "ticket_time": "2021-07-31 01:12:59", "license_plate": "NBD-751", "officer_id": "18b728bd-a3fe-47d0-b742-373eecdce982", "speed_limit": 60, "recorded_mph_over_limit": 26, "school_zone_ind": false, "work_zone_ind": false}, {"id": "d0f67a2e-c2f6-47e8-99ab-a308703f5591", "ticket_time": "2021-05-31 16:18:21", "license_plate": "FBA 683", "officer_id": "29b757f2-809a-44f7-a9e8-f8fe65ea291d", "speed_limit": 55, "recorded_mph_over_limit": 23, "school_zone_ind": true, "work_zone_ind": false}, {"id": "c21ac664-0127-41b4-b498-6e96d6dc65ba", "ticket_time": "2022-01-31 02:55:48", "license_plate": "LEQ 606", "officer_id": "9e80fe90-cb7c-49ac-95a7-7596012cc50f", "speed_limit": 30, "recorded_mph_over_limit": 14, "school_zone_ind": false, "work_zone_ind": true}, {"id": "a8ca5306-fa4a-4c08-accf-48e53ad0475e", "ticket_time": "2022-12-31 06:28:59", "license_plate": "06B ET6", "officer_id": "b754baad-7a14-4c8c-a2ce-568b3c8c8238", "speed_limit": 65, "recorded_mph_over_limit": 23, "school_zone_ind": false, "work_zone_ind": true}, {"id": "2be65f98-1e05-4293-baa1-88b35229aeb4", "ticket_time": "2023-02-28 11:36:57", "license_plate": "4244", "officer_id": "f23a8e6f-f9db-454a-93e9-66c9be81cce6", "speed_limit": 60, "recorded_mph_over_limit": 16, "school_zone_ind": false, "work_zone_ind": true}, {"id": "75a7f681-d0dc-449b-ba5f-4a91f4d84eaa", "ticket_time": "2022-05-31 00:23:04", "license_plate": "YWE2415", "officer_id": "0e1f5d48-2bb1-45fb-9b46-01a907d6f546", "speed_limit": 15, "recorded_mph_over_limit": 14, "school_zone_ind": false, "work_zone_ind": false}, {"id": "29262f44-b23b-435d-baf8-fe0c953c31f5", "ticket_time": "2022-12-31 13:34:48", "license_plate": "QDZ-4432", "officer_id": "0e1f5d48-2bb1-45fb-9b46-01a907d6f546", "speed_limit": 55, "recorded_mph_over_limit": 14, "school_zone_ind": false, "work_zone_ind": false}, {"id": "06228d37-3aaa-42c7-b4b9-5a5796c0921c", "ticket_time": "2021-01-31 00:57:14", "license_plate": "60DW327", "officer_id": "d140d9d7-c677-4532-98a7-1c169936c523", "speed_limit": 15, "recorded_mph_over_limit": 22, "school_zone_ind": false, "work_zone_ind": true}, {"id": "8e09f26e-218e-4076-afb1-8555f005d3ea", "ticket_time": "2023-07-31 12:44:52", "license_plate": "3Z 9702S", "officer_id": "7d01ef10-6213-4535-84b8-77b22f6a0683", "speed_limit": 15, "recorded_mph_over_limit": 12, "school_zone_ind": false, "work_zone_ind": false}, {"id": "3a114f08-a2a7-41d6-9748-2cd74de05573", "ticket_time": "2021-12-31 09:59:48", "license_plate": "9R 6W7AKR", "officer_id": "391da49c-a89f-4ef2-86c3-ddbb75f1add9", "speed_limit": 55, "recorded_mph_over_limit": 24, "school_zone_ind": false, "work_zone_ind": false}, {"id": "434f33ae-7fc5-4ba6-aa2f-8a4b94344d6a", "ticket_time": "2023-10-31 14:37:02", "license_plate": "1-06244", "officer_id": "29b757f2-809a-44f7-a9e8-f8fe65ea291d", "speed_limit": 60, "recorded_mph_over_limit": 28, "school_zone_ind": true, "work_zone_ind": false}, {"id": "db68f586-1757-430a-9bf8-1d255636f7b2", "ticket_time": "2021-10-31 07:11:08", "license_plate": "KL-7994", "officer_id": "9cb344b3-c2c2-4ca8-9b8e-2d1295b5905a", "speed_limit": 65, "recorded_mph_over_limit": 11, "school_zone_ind": false, "work_zone_ind": false}, {"id": "2dd31592-e3cf-4c94-9b19-9328d88c5f58", "ticket_time": "2023-12-31 15:28:21", "license_plate": "33E P93", "officer_id": "18b728bd-a3fe-47d0-b742-373eecdce982", "speed_limit": 15, "recorded_mph_over_limit": 22, "school_zone_ind": false, "work_zone_ind": true}, {"id": "1bdf6adb-d88d-4e8e-8daf-876fcae9e316", "ticket_time": "2021-03-31 22:43:40", "license_plate": "ND-6522", "officer_id": "f23a8e6f-f9db-454a-93e9-66c9be81cce6", "speed_limit": 40, "recorded_mph_over_limit": 29, "school_zone_ind": false, "work_zone_ind": false}, {"id": "1e3c848f-c39b-4cf8-bf03-f9437575777e", "ticket_time": "2021-07-31 02:59:40", "license_plate": "ZCT 510", "officer_id": "847fe956-65c6-4323-9f40-583cfc5def71", "speed_limit": 55, "recorded_mph_over_limit": 26, "school_zone_ind": true, "work_zone_ind": false}, {"id": "9255cc01-e98d-43fb-ac1d-05c7e07eb088", "ticket_time": "2022-07-31 02:46:06", "license_plate": "757PL", "officer_id": "51226066-9f3d-482f-a245-9a9b7c1698c8", "speed_limit": 65, "recorded_mph_over_limit": 12, "school_zone_ind": false, "work_zone_ind": false}, {"id": "0cba0edb-3d90-4aba-a5e7-5190c0e9e341", "ticket_time": "2023-03-31 01:08:20", "license_plate": "095ZFR", "officer_id": "d140d9d7-c677-4532-98a7-1c169936c523", "speed_limit": 55, "recorded_mph_over_limit": 23, "school_zone_ind": true, "work_zone_ind": true}, {"id": "65de3519-2cd6-44fc-9b88-2fa0d7b1441e", "ticket_time": "2023-05-31 07:01:40", "license_plate": "WGG-7232", "officer_id": "fc97a956-e4e5-40c2-b824-b8d7276460fd", "speed_limit": 65, "recorded_mph_over_limit": 29, "school_zone_ind": false, "work_zone_ind": false}, {"id": "363e79c3-6d32-4234-ada9-d9faa7d6ae76", "ticket_time": "2021-09-30 13:04:03", "license_plate": "4HZ 543", "officer_id": "a085670f-9bf0-4dcc-94b9-58081126f6d7", "speed_limit": 25, "recorded_mph_over_limit": 21, "school_zone_ind": false, "work_zone_ind": false}, {"id": "c764f71b-c39d-42a2-8971-7a659eb660c1", "ticket_time": "2022-10-31 16:25:46", "license_plate": "YCS-7553", "officer_id": "b5e73d44-3c58-4703-9bde-69f3d33beb9b", "speed_limit": 25, "recorded_mph_over_limit": 22, "school_zone_ind": false, "work_zone_ind": false}, {"id": "55827357-0173-4266-afea-2b5a3d057b1f", "ticket_time": "2023-07-31 09:40:55", "license_plate": "W59 6SD", "officer_id": "d9a0f8ea-66b0-4181-8ec0-6354fb96e7a0", "speed_limit": 15, "recorded_mph_over_limit": 14, "school_zone_ind": false, "work_zone_ind": true}, {"id": "4ff518d9-a462-4504-94e6-1aa02c726b5f", "ticket_time": "2020-08-31 02:11:01", "license_plate": "ELC 447", "officer_id": "d9a0f8ea-66b0-4181-8ec0-6354fb96e7a0", "speed_limit": 60, "recorded_mph_over_limit": 10, "school_zone_ind": false, "work_zone_ind": false}, {"id": "625636ce-ddff-4bec-b73e-6b4faa0cd139", "ticket_time": "2021-12-31 08:31:53", "license_plate": "TPP 323", "officer_id": "847fe956-65c6-4323-9f40-583cfc5def71", "speed_limit": 55, "recorded_mph_over_limit": 28, "school_zone_ind": false, "work_zone_ind": true}, {"id": "a95fb29f-b39f-4a52-8c44-4a6610c6d9b8", "ticket_time": "2021-03-31 10:29:26", "license_plate": "FY5 K9S", "officer_id": "a085670f-9bf0-4dcc-94b9-58081126f6d7", "speed_limit": 65, "recorded_mph_over_limit": 30, "school_zone_ind": true, "work_zone_ind": false}, {"id": "b986eb40-fcd1-4e77-bbb0-f6b67435f8a0", "ticket_time": "2021-01-31 14:28:22", "license_plate": "360 CKY", "officer_id": "a085670f-9bf0-4dcc-94b9-58081126f6d7", "speed_limit": 40, "recorded_mph_over_limit": 26, "school_zone_ind": false, "work_zone_ind": false}, {"id": "ea49f3d5-ba57-4a6e-9b35-550c49c7fb36", "ticket_time": "2022-09-30 01:19:05", "license_plate": "3DUH173", "officer_id": "7d01ef10-6213-4535-84b8-77b22f6a0683", "speed_limit": 65, "recorded_mph_over_limit": 14, "school_zone_ind": false, "work_zone_ind": true}, {"id": "bd5f244d-6fdd-425a-b5f5-4103fe681ba1", "ticket_time": "2021-12-31 15:09:39", "license_plate": "SLN9541", "officer_id": "b754baad-7a14-4c8c-a2ce-568b3c8c8238", "speed_limit": 65, "recorded_mph_over_limit": 22, "school_zone_ind": false, "work_zone_ind": false}, {"id": "0d574513-fd04-4e7f-b193-cc5b735e1ac6", "ticket_time": "2023-12-31 01:33:19", "license_plate": "1D 2015E", "officer_id": "a9f3b97c-1121-44e1-86b4-123d48ae47ff", "speed_limit": 40, "recorded_mph_over_limit": 16, "school_zone_ind": true, "work_zone_ind": false}, {"id": "4c39774e-f257-40b6-8842-db2259b4a617", "ticket_time": "2022-11-30 12:01:48", "license_plate": "834 LT8", "officer_id": "4089c844-4fdb-479e-82e9-fd08fd55635b", "speed_limit": 40, "recorded_mph_over_limit": 10, "school_zone_ind": true, "work_zone_ind": true}, {"id": "504b1b44-872e-48b0-8f4b-32be253d8716", "ticket_time": "2022-01-31 22:04:38", "license_plate": "6UR 804", "officer_id": "d140d9d7-c677-4532-98a7-1c169936c523", "speed_limit": 65, "recorded_mph_over_limit": 13, "school_zone_ind": true, "work_zone_ind": true}, {"id": "b93ce249-5875-400c-be0b-4469b95fea5c", "ticket_time": "2022-12-31 09:06:31", "license_plate": "888 BSW", "officer_id": "f6c8ecff-14c4-410f-ac7a-adb9214ed6b8", "speed_limit": 30, "recorded_mph_over_limit": 9, "school_zone_ind": false, "work_zone_ind": true}, {"id": "dae42c91-fcf0-422c-880d-6a644fcf748a", "ticket_time": "2021-12-31 09:16:54", "license_plate": "YMS-0529", "officer_id": "e25e51fe-477a-4b9a-a41d-7cfa09888f37", "speed_limit": 25, "recorded_mph_over_limit": 22, "school_zone_ind": false, "work_zone_ind": false}, {"id": "82346718-a6aa-4ace-8307-e16c78d6b637", "ticket_time": "2021-01-31 04:22:33", "license_plate": "4CJ 647", "officer_id": "e9f10fd7-a9e4-43fc-9b26-908bb7a748d7", "speed_limit": 60, "recorded_mph_over_limit": 21, "school_zone_ind": false, "work_zone_ind": false}, {"id": "d52d0e99-3ba5-43c4-bc26-fc529cd95c10", "ticket_time": "2023-09-30 07:26:27", "license_plate": "3VB6427", "officer_id": "368eb483-c619-4c08-9421-4168d1b78625", "speed_limit": 25, "recorded_mph_over_limit": 14, "school_zone_ind": false, "work_zone_ind": false}, {"id": "0b6a208b-8351-40f1-9aae-9da54e4ecf7e", "ticket_time": "2023-03-31 19:19:50", "license_plate": "491 2175", "officer_id": "d9a0f8ea-66b0-4181-8ec0-6354fb96e7a0", "speed_limit": 65, "recorded_mph_over_limit": 8, "school_zone_ind": true, "work_zone_ind": false}, {"id": "ad16c06b-c3ca-4faa-bf6a-2777a47acb82", "ticket_time": "2021-10-31 16:48:12", "license_plate": "9-37874", "officer_id": "7d01ef10-6213-4535-84b8-77b22f6a0683", "speed_limit": 25, "recorded_mph_over_limit": 27, "school_zone_ind": false, "work_zone_ind": false}, {"id": "ef56b34b-9085-4df1-95c2-778ae33a24ff", "ticket_time": "2023-02-28 15:58:08", "license_plate": "DML-8987", "officer_id": "b754baad-7a14-4c8c-a2ce-568b3c8c8238", "speed_limit": 30, "recorded_mph_over_limit": 23, "school_zone_ind": false, "work_zone_ind": false}, {"id": "ffde91e8-20a0-4463-97de-b52e4305737e", "ticket_time": "2023-08-31 09:34:05", "license_plate": "165ILY", "officer_id": "e9f10fd7-a9e4-43fc-9b26-908bb7a748d7", "speed_limit": 65, "recorded_mph_over_limit": 27, "school_zone_ind": false, "work_zone_ind": true}, {"id": "23e785ae-6968-477a-a8f5-7a511bd7b007", "ticket_time": "2023-12-31 23:03:22", "license_plate": "DMZ-0703", "officer_id": "274e40c3-fa93-4f44-8a4c-0e6c36917cea", "speed_limit": 65, "recorded_mph_over_limit": 24, "school_zone_ind": false, "work_zone_ind": false}, {"id": "c6d75eef-32b4-4d6d-bd30-d6ea7f7a8d0d", "ticket_time": "2022-08-31 16:38:42", "license_plate": "639RU", "officer_id": "e2155846-cecb-4713-9da8-8cface393ddf", "speed_limit": 55, "recorded_mph_over_limit": 13, "school_zone_ind": false, "work_zone_ind": false}, {"id": "58351773-8d27-481a-84dc-312315aed225", "ticket_time": "2021-01-31 00:48:16", "license_plate": "31C MX2", "officer_id": "2cd8fc26-c03b-428c-ab87-bdecb40e9507", "speed_limit": 65, "recorded_mph_over_limit": 28, "school_zone_ind": false, "work_zone_ind": false}, {"id": "3923a5e3-0eee-4016-86c3-3ed7ef61ec8f", "ticket_time": "2023-09-30 00:11:11", "license_plate": "64-38724", "officer_id": "2cd8fc26-c03b-428c-ab87-bdecb40e9507", "speed_limit": 65, "recorded_mph_over_limit": 25, "school_zone_ind": true, "work_zone_ind": false}, {"id": "12c6a073-0452-49c3-be8d-d5aa9833e060", "ticket_time": "2022-12-31 20:34:49", "license_plate": "107 7CG", "officer_id": "89e6205d-154c-4d4b-b4ac-da0b410b61ac", "speed_limit": 15, "recorded_mph_over_limit": 10, "school_zone_ind": false, "work_zone_ind": true}, {"id": "b653c6d2-c7ec-452f-9567-aec3fe839f6a", "ticket_time": "2023-10-31 17:59:03", "license_plate": "4YO 944", "officer_id": "eda79663-1ae5-4384-ac1c-6c328c469809", "speed_limit": 30, "recorded_mph_over_limit": 13, "school_zone_ind": false, "work_zone_ind": false}, {"id": "dd64ab16-3b97-4ca2-8363-47bbed5a6a58", "ticket_time": "2022-12-31 12:07:42", "license_plate": "689 RTF", "officer_id": "9e80fe90-cb7c-49ac-95a7-7596012cc50f", "speed_limit": 30, "recorded_mph_over_limit": 11, "school_zone_ind": false, "work_zone_ind": false}, {"id": "2ba31356-e636-4956-96ac-4cb4f80f2597", "ticket_time": "2023-04-30 06:28:37", "license_plate": "572X5", "officer_id": "7d01ef10-6213-4535-84b8-77b22f6a0683", "speed_limit": 60, "recorded_mph_over_limit": 17, "school_zone_ind": false, "work_zone_ind": false}, {"id": "fcb0ac21-a34f-434b-aec0-eee6df400960", "ticket_time": "2023-12-31 00:50:44", "license_plate": "BV-0421", "officer_id": "c30a45e5-5f6d-40da-b5cb-c0473042861b", "speed_limit": 30, "recorded_mph_over_limit": 18, "school_zone_ind": false, "work_zone_ind": false}, {"id": "c3f3af9f-2aa6-4655-9a58-f694550e6293", "ticket_time": "2022-08-31 18:49:00", "license_plate": "IGN 315", "officer_id": "75b9a11f-ce88-486c-b5c8-b06fd3955b4a", "speed_limit": 55, "recorded_mph_over_limit": 29, "school_zone_ind": false, "work_zone_ind": false}, {"id": "888aba45-d236-42e8-ae96-15a2475f7d32", "ticket_time": "2022-11-30 19:29:50", "license_plate": "462429", "officer_id": "a9f3b97c-1121-44e1-86b4-123d48ae47ff", "speed_limit": 65, "recorded_mph_over_limit": 25, "school_zone_ind": true, "work_zone_ind": false}, {"id": "381ff023-6c52-4c96-9d31-0be79722fb20", "ticket_time": "2021-09-30 22:02:02", "license_plate": "KST 814", "officer_id": "274e40c3-fa93-4f44-8a4c-0e6c36917cea", "speed_limit": 40, "recorded_mph_over_limit": 29, "school_zone_ind": true, "work_zone_ind": true}, {"id": "07809b8f-6a7a-4082-b4af-7a7c6e782c58", "ticket_time": "2021-05-31 16:13:31", "license_plate": "ZUK 133", "officer_id": "c85a2652-7dfb-4b68-8e2b-1eabf2112559", "speed_limit": 15, "recorded_mph_over_limit": 29, "school_zone_ind": false, "work_zone_ind": true}, {"id": "7c823e1d-e748-4b3f-9596-6a5238ecd120", "ticket_time": "2020-01-31 23:12:51", "license_plate": "4-82716", "officer_id": "e9f10fd7-a9e4-43fc-9b26-908bb7a748d7", "speed_limit": 15, "recorded_mph_over_limit": 28, "school_zone_ind": false, "work_zone_ind": false}, {"id": "679660a5-d4d1-48c3-9b8c-9208edbb2e8f", "ticket_time": "2021-09-30 21:43:01", "license_plate": "SH-2167", "officer_id": "b304a890-64cf-44d3-b0b1-351ca677089c", "speed_limit": 15, "recorded_mph_over_limit": 23, "school_zone_ind": false, "work_zone_ind": true}, {"id": "41113b18-6891-48c5-ba9f-093dfaee8faa", "ticket_time": "2023-05-31 17:55:31", "license_plate": "726 TND", "officer_id": "29b757f2-809a-44f7-a9e8-f8fe65ea291d", "speed_limit": 15, "recorded_mph_over_limit": 8, "school_zone_ind": false, "work_zone_ind": false}, {"id": "9fc8eb47-ef89-4636-b96e-22035e71e707", "ticket_time": "2022-02-28 13:31:25", "license_plate": "2131 QT", "officer_id": "9e80fe90-cb7c-49ac-95a7-7596012cc50f", "speed_limit": 30, "recorded_mph_over_limit": 26, "school_zone_ind": false, "work_zone_ind": false}, {"id": "659f0d5b-18dc-45e8-8774-b8adde36ac82", "ticket_time": "2023-01-31 18:27:45", "license_plate": "157770", "officer_id": "a9f3b97c-1121-44e1-86b4-123d48ae47ff", "speed_limit": 60, "recorded_mph_over_limit": 28, "school_zone_ind": true, "work_zone_ind": false}, {"id": "c66bedbb-0f3f-479f-91c0-6556d00bcfd1", "ticket_time": "2021-03-31 18:23:59", "license_plate": "2XF2724", "officer_id": "368eb483-c619-4c08-9421-4168d1b78625", "speed_limit": 65, "recorded_mph_over_limit": 29, "school_zone_ind": false, "work_zone_ind": true}, {"id": "cf56926d-0763-4dd9-8284-ed015797a1ef", "ticket_time": "2023-08-31 17:27:53", "license_plate": "EL 77852", "officer_id": "f23a8e6f-f9db-454a-93e9-66c9be81cce6", "speed_limit": 60, "recorded_mph_over_limit": 13, "school_zone_ind": false, "work_zone_ind": true}, {"id": "f3561184-b6fe-48b8-a52d-94f6cfcd9761", "ticket_time": "2023-08-31 02:00:21", "license_plate": "1450 ZK", "officer_id": "978c46d0-f61c-4f9e-be51-7ad01036f332", "speed_limit": 65, "recorded_mph_over_limit": 20, "school_zone_ind": false, "work_zone_ind": false}, {"id": "2826d77c-d2fe-44aa-be96-ee219c81463b", "ticket_time": "2022-08-31 17:57:39", "license_plate": "TRX-1649", "officer_id": "f6c8ecff-14c4-410f-ac7a-adb9214ed6b8", "speed_limit": 15, "recorded_mph_over_limit": 10, "school_zone_ind": false, "work_zone_ind": false}, {"id": "9bf4d711-5689-4d80-a327-17f338d78b4f", "ticket_time": "2022-08-31 01:53:42", "license_plate": "77B 660", "officer_id": "4089c844-4fdb-479e-82e9-fd08fd55635b", "speed_limit": 55, "recorded_mph_over_limit": 28, "school_zone_ind": false, "work_zone_ind": true}, {"id": "d865b179-bd5d-453e-ad4e-76abfd2ac3ff", "ticket_time": "2023-12-31 01:28:30", "license_plate": "0XZ B53", "officer_id": "6b2fc15d-9c26-4d7b-a520-16975c63f3bb", "speed_limit": 15, "recorded_mph_over_limit": 21, "school_zone_ind": true, "work_zone_ind": true}, {"id": "fe37fa30-af13-4e1a-85d5-710fccd7e454", "ticket_time": "2023-06-30 09:22:10", "license_plate": "CKH-5091", "officer_id": "3e99107e-ed1c-4895-b78a-85d270e0559a", "speed_limit": 40, "recorded_mph_over_limit": 23, "school_zone_ind": false, "work_zone_ind": false}, {"id": "196d063b-a5e2-4581-96f3-b8a233caded4", "ticket_time": "2022-12-31 04:13:31", "license_plate": "310-MDB", "officer_id": "b5e73d44-3c58-4703-9bde-69f3d33beb9b", "speed_limit": 40, "recorded_mph_over_limit": 27, "school_zone_ind": true, "work_zone_ind": true}, {"id": "6183ad7f-2acb-48a3-a960-71e2d63608ba", "ticket_time": "2020-02-28 19:38:01", "license_plate": "ROI 742", "officer_id": "c85a2652-7dfb-4b68-8e2b-1eabf2112559", "speed_limit": 65, "recorded_mph_over_limit": 10, "school_zone_ind": false, "work_zone_ind": true}, {"id": "9d70a53c-9ef2-4fd2-afe5-4d0042991824", "ticket_time": "2021-12-31 14:23:20", "license_plate": "959-BFM", "officer_id": "e25e51fe-477a-4b9a-a41d-7cfa09888f37", "speed_limit": 60, "recorded_mph_over_limit": 29, "school_zone_ind": false, "work_zone_ind": false}, {"id": "72eedb1e-6bf7-4342-8264-372e6f7b85c0", "ticket_time": "2023-11-30 07:45:33", "license_plate": "98-18034", "officer_id": "9ca8f8d9-8101-4343-89a0-c961b355074b", "speed_limit": 25, "recorded_mph_over_limit": 23, "school_zone_ind": false, "work_zone_ind": true}, {"id": "57492f8e-1945-4499-b716-c7adbd9421c8", "ticket_time": "2022-10-31 23:26:00", "license_plate": "65-VR14", "officer_id": "a8e6140d-7ef1-459d-80a9-8006122db887", "speed_limit": 40, "recorded_mph_over_limit": 15, "school_zone_ind": false, "work_zone_ind": false}, {"id": "a3bb3538-b80e-4baa-8730-61aad378c53e", "ticket_time": "2021-12-31 15:59:32", "license_plate": "QN 4253", "officer_id": "eda79663-1ae5-4384-ac1c-6c328c469809", "speed_limit": 40, "recorded_mph_over_limit": 8, "school_zone_ind": false, "work_zone_ind": true}, {"id": "8a8f3665-3221-401d-b43d-c07948b727c3", "ticket_time": "2021-04-30 16:09:23", "license_plate": "CRB 2595", "officer_id": "f23a8e6f-f9db-454a-93e9-66c9be81cce6", "speed_limit": 25, "recorded_mph_over_limit": 21, "school_zone_ind": false, "work_zone_ind": false}, {"id": "cf15a48a-d630-4d41-ae8d-0c93ef3da5be", "ticket_time": "2023-08-31 15:40:01", "license_plate": "CU6 N5E", "officer_id": "978c46d0-f61c-4f9e-be51-7ad01036f332", "speed_limit": 25, "recorded_mph_over_limit": 29, "school_zone_ind": false, "work_zone_ind": true}, {"id": "f1809fee-e7ff-4814-998d-0f30b6c07ee4", "ticket_time": "2021-06-30 08:24:41", "license_plate": "B 620965", "officer_id": "d9a0f8ea-66b0-4181-8ec0-6354fb96e7a0", "speed_limit": 60, "recorded_mph_over_limit": 25, "school_zone_ind": false, "work_zone_ind": true}, {"id": "14b7204b-9f53-4d7c-933d-9557e04a87df", "ticket_time": "2023-12-31 02:11:31", "license_plate": "70P 015", "officer_id": "9cb344b3-c2c2-4ca8-9b8e-2d1295b5905a", "speed_limit": 40, "recorded_mph_over_limit": 13, "school_zone_ind": false, "work_zone_ind": false}, {"id": "c7e7bfc9-a3c7-472b-a725-0d7e14ffc1b4", "ticket_time": "2023-12-31 04:34:56", "license_plate": "VH-8992", "officer_id": "9e80fe90-cb7c-49ac-95a7-7596012cc50f", "speed_limit": 25, "recorded_mph_over_limit": 13, "school_zone_ind": false, "work_zone_ind": false}, {"id": "3f95de75-ac63-4388-9580-f8e5fad10b5a", "ticket_time": "2021-09-30 16:09:18", "license_plate": "350 KRB", "officer_id": "a9f3b97c-1121-44e1-86b4-123d48ae47ff", "speed_limit": 25, "recorded_mph_over_limit": 22, "school_zone_ind": false, "work_zone_ind": true}, {"id": "ec8ef955-2a3a-4fd1-853d-47f49b7e006e", "ticket_time": "2023-06-30 17:53:15", "license_plate": "167-LGH", "officer_id": "29b757f2-809a-44f7-a9e8-f8fe65ea291d", "speed_limit": 40, "recorded_mph_over_limit": 13, "school_zone_ind": true, "work_zone_ind": false}, {"id": "b080185c-6c68-43df-8094-bbb79dce1925", "ticket_time": "2023-06-30 19:05:45", "license_plate": "2EC I83", "officer_id": "23888131-5f02-4fc6-9ab8-4c88dc6d3b1d", "speed_limit": 55, "recorded_mph_over_limit": 11, "school_zone_ind": true, "work_zone_ind": true}, {"id": "3242b62c-d779-4d86-83ec-b2e08a3e24d6", "ticket_time": "2021-09-30 02:47:50", "license_plate": "248K3", "officer_id": "6b2fc15d-9c26-4d7b-a520-16975c63f3bb", "speed_limit": 60, "recorded_mph_over_limit": 15, "school_zone_ind": false, "work_zone_ind": true}, {"id": "ae069a30-4c94-4077-ae44-1b5f04853165", "ticket_time": "2020-03-31 03:38:18", "license_plate": "QKN 2807", "officer_id": "274e40c3-fa93-4f44-8a4c-0e6c36917cea", "speed_limit": 25, "recorded_mph_over_limit": 19, "school_zone_ind": false, "work_zone_ind": true}, {"id": "0137302a-f7ca-48d6-9aad-ccbb1b5501ac", "ticket_time": "2023-08-31 01:49:30", "license_plate": "819A0", "officer_id": "e25e51fe-477a-4b9a-a41d-7cfa09888f37", "speed_limit": 60, "recorded_mph_over_limit": 18, "school_zone_ind": false, "work_zone_ind": false}, {"id": "baa39c1f-7326-4af8-a549-3a2d73f5fc2d", "ticket_time": "2020-01-31 22:13:38", "license_plate": "756 PVH", "officer_id": "f6c8ecff-14c4-410f-ac7a-adb9214ed6b8", "speed_limit": 15, "recorded_mph_over_limit": 14, "school_zone_ind": false, "work_zone_ind": false}, {"id": "71a83d79-96d4-42d2-8eec-1c663af8f38e", "ticket_time": "2023-07-31 20:07:44", "license_plate": "U 308354", "officer_id": "ee57777a-e7f8-45d6-95a3-1adae28e59ad", "speed_limit": 60, "recorded_mph_over_limit": 14, "school_zone_ind": false, "work_zone_ind": false}, {"id": "663b1d06-ac8a-4883-acf7-32e8bf8867fe", "ticket_time": "2022-06-30 01:28:17", "license_plate": "WIB 976", "officer_id": "e25e51fe-477a-4b9a-a41d-7cfa09888f37", "speed_limit": 30, "recorded_mph_over_limit": 9, "school_zone_ind": true, "work_zone_ind": false}, {"id": "a2f84b77-bc6c-4947-9fe3-0eae7acdb08e", "ticket_time": "2021-10-31 21:28:34", "license_plate": "678 6ZW", "officer_id": "6b2fc15d-9c26-4d7b-a520-16975c63f3bb", "speed_limit": 40, "recorded_mph_over_limit": 13, "school_zone_ind": true, "work_zone_ind": true}, {"id": "d080347a-a2ca-4173-aab2-9e43f058a192", "ticket_time": "2023-12-31 15:42:08", "license_plate": "998-HXN", "officer_id": "29b757f2-809a-44f7-a9e8-f8fe65ea291d", "speed_limit": 40, "recorded_mph_over_limit": 27, "school_zone_ind": false, "work_zone_ind": false}, {"id": "6ede79e9-99e4-4a6a-bd5a-85416359cd65", "ticket_time": "2023-07-31 19:52:18", "license_plate": "841-HRC", "officer_id": "274e40c3-fa93-4f44-8a4c-0e6c36917cea", "speed_limit": 15, "recorded_mph_over_limit": 11, "school_zone_ind": false, "work_zone_ind": true}, {"id": "e4e72484-538b-46f4-9ee0-8392df123004", "ticket_time": "2023-02-28 04:37:44", "license_plate": "817-CGQ", "officer_id": "d140d9d7-c677-4532-98a7-1c169936c523", "speed_limit": 55, "recorded_mph_over_limit": 21, "school_zone_ind": false, "work_zone_ind": false}, {"id": "6498ee06-2202-4f58-bd48-ab906e2c9f6e", "ticket_time": "2023-08-31 06:14:14", "license_plate": "3-26310C", "officer_id": "6b2fc15d-9c26-4d7b-a520-16975c63f3bb", "speed_limit": 60, "recorded_mph_over_limit": 28, "school_zone_ind": false, "work_zone_ind": false}, {"id": "46dcec85-a207-471f-bd6b-177478bbf7ef", "ticket_time": "2023-01-31 19:01:34", "license_plate": "81R I98", "officer_id": "e25e51fe-477a-4b9a-a41d-7cfa09888f37", "speed_limit": 15, "recorded_mph_over_limit": 22, "school_zone_ind": true, "work_zone_ind": false}, {"id": "dfd6c224-ad5f-4ff0-abfa-97d7d3e673d6", "ticket_time": "2022-09-30 19:03:11", "license_plate": "3046", "officer_id": "f6c8ecff-14c4-410f-ac7a-adb9214ed6b8", "speed_limit": 60, "recorded_mph_over_limit": 9, "school_zone_ind": true, "work_zone_ind": true}, {"id": "7c3e995c-8435-463c-b8d1-7514db377f43", "ticket_time": "2021-01-31 00:59:47", "license_plate": "9EVT 58", "officer_id": "0e1f5d48-2bb1-45fb-9b46-01a907d6f546", "speed_limit": 25, "recorded_mph_over_limit": 9, "school_zone_ind": false, "work_zone_ind": false}, {"id": "a69a5757-15f9-4e76-9c81-102997683ff6", "ticket_time": "2021-09-30 15:00:40", "license_plate": "H 950584", "officer_id": "3752c341-8470-455a-889d-c0fc2d1f5283", "speed_limit": 65, "recorded_mph_over_limit": 28, "school_zone_ind": false, "work_zone_ind": false}, {"id": "32c311fa-60dc-4e3b-87a6-75632f134f75", "ticket_time": "2021-12-31 13:38:04", "license_plate": "914-KEW", "officer_id": "89e6205d-154c-4d4b-b4ac-da0b410b61ac", "speed_limit": 30, "recorded_mph_over_limit": 9, "school_zone_ind": false, "work_zone_ind": true}, {"id": "1738ec01-bf07-4da5-92d2-bf49de90a949", "ticket_time": "2021-03-31 06:27:33", "license_plate": "664 3BC", "officer_id": "9ca8f8d9-8101-4343-89a0-c961b355074b", "speed_limit": 25, "recorded_mph_over_limit": 10, "school_zone_ind": false, "work_zone_ind": true}, {"id": "97bb606e-8bad-432e-b0ed-2cb0b3b39e29", "ticket_time": "2023-01-31 21:57:54", "license_plate": "0M 75758", "officer_id": "c30a45e5-5f6d-40da-b5cb-c0473042861b", "speed_limit": 55, "recorded_mph_over_limit": 27, "school_zone_ind": false, "work_zone_ind": true}, {"id": "1877c4b1-8625-40d9-97b6-e18a50fe78cb", "ticket_time": "2020-09-30 16:42:51", "license_plate": "HTA 581", "officer_id": "51226066-9f3d-482f-a245-9a9b7c1698c8", "speed_limit": 40, "recorded_mph_over_limit": 25, "school_zone_ind": false, "work_zone_ind": false}, {"id": "24b4bcb0-6e10-4ea0-8544-be6b3d26798e", "ticket_time": "2021-08-31 19:55:03", "license_plate": "ZXK 288", "officer_id": "d140d9d7-c677-4532-98a7-1c169936c523", "speed_limit": 30, "recorded_mph_over_limit": 17, "school_zone_ind": false, "work_zone_ind": false}, {"id": "80ca0722-e8ff-4ac2-b07c-e2cd4cfddefc", "ticket_time": "2021-08-31 23:21:45", "license_plate": "614-EHL", "officer_id": "6577761b-34db-457c-b61f-d1bdf59c8825", "speed_limit": 40, "recorded_mph_over_limit": 24, "school_zone_ind": false, "work_zone_ind": false}, {"id": "463e95b5-e0df-4d72-bfc6-71b6cc7239dc", "ticket_time": "2023-12-31 23:24:53", "license_plate": "ZFT 571", "officer_id": "6b2fc15d-9c26-4d7b-a520-16975c63f3bb", "speed_limit": 25, "recorded_mph_over_limit": 16, "school_zone_ind": false, "work_zone_ind": false}, {"id": "71c3e5ae-a521-4c6a-a17a-f365085e72f6", "ticket_time": "2023-12-31 17:25:48", "license_plate": "6GE N03", "officer_id": "a8e6140d-7ef1-459d-80a9-8006122db887", "speed_limit": 40, "recorded_mph_over_limit": 19, "school_zone_ind": false, "work_zone_ind": true}, {"id": "3c00f152-e38c-4024-b452-75f80b8fc8b5", "ticket_time": "2020-04-30 10:20:34", "license_plate": "2787 FR", "officer_id": "ee57777a-e7f8-45d6-95a3-1adae28e59ad", "speed_limit": 40, "recorded_mph_over_limit": 29, "school_zone_ind": false, "work_zone_ind": true}, {"id": "ccfa075d-4d4c-4529-bb6a-b67e37e5d1a4", "ticket_time": "2022-01-31 15:30:12", "license_plate": "DXL-153", "officer_id": "f23a8e6f-f9db-454a-93e9-66c9be81cce6", "speed_limit": 65, "recorded_mph_over_limit": 9, "school_zone_ind": false, "work_zone_ind": false}, {"id": "9709c461-7a92-4768-ae30-de4d388911e3", "ticket_time": "2022-12-31 13:12:39", "license_plate": "RXQ-3877", "officer_id": "89e6205d-154c-4d4b-b4ac-da0b410b61ac", "speed_limit": 55, "recorded_mph_over_limit": 21, "school_zone_ind": false, "work_zone_ind": false}, {"id": "1a3b3bec-3991-4cfa-9a18-bf7e3c89009b", "ticket_time": "2023-01-31 04:56:36", "license_plate": "20P E42", "officer_id": "2cd8fc26-c03b-428c-ab87-bdecb40e9507", "speed_limit": 55, "recorded_mph_over_limit": 27, "school_zone_ind": false, "work_zone_ind": true}, {"id": "bfc24270-cbf4-4a88-953f-e4c88bb8ef56", "ticket_time": "2021-08-31 21:16:17", "license_plate": "WR3 E7I", "officer_id": "7d01ef10-6213-4535-84b8-77b22f6a0683", "speed_limit": 25, "recorded_mph_over_limit": 23, "school_zone_ind": false, "work_zone_ind": true}, {"id": "2c206566-876b-4d06-97b3-f1ce3d2b4713", "ticket_time": "2020-12-31 06:28:44", "license_plate": "704 0MI", "officer_id": "9ca8f8d9-8101-4343-89a0-c961b355074b", "speed_limit": 55, "recorded_mph_over_limit": 16, "school_zone_ind": false, "work_zone_ind": false}, {"id": "02d41b1b-fee1-44d6-8010-281389cfda84", "ticket_time": "2021-10-31 16:00:46", "license_plate": "T61-31Y", "officer_id": "c30a45e5-5f6d-40da-b5cb-c0473042861b", "speed_limit": 25, "recorded_mph_over_limit": 24, "school_zone_ind": false, "work_zone_ind": false}, {"id": "f6bccd86-f375-4981-8cd0-c26c75bf1c72", "ticket_time": "2022-01-31 20:12:13", "license_plate": "43N 4220", "officer_id": "f23a8e6f-f9db-454a-93e9-66c9be81cce6", "speed_limit": 40, "recorded_mph_over_limit": 14, "school_zone_ind": false, "work_zone_ind": false}, {"id": "40a6a9e1-336e-4964-a04e-1ed7a43614b9", "ticket_time": "2021-11-30 10:45:04", "license_plate": "5ZO47", "officer_id": "0e1f5d48-2bb1-45fb-9b46-01a907d6f546", "speed_limit": 40, "recorded_mph_over_limit": 15, "school_zone_ind": true, "work_zone_ind": false}, {"id": "59b7ecfc-2cd9-454c-83a8-b857f5e452e0", "ticket_time": "2023-11-30 15:30:11", "license_plate": "ZSM2576", "officer_id": "7d01ef10-6213-4535-84b8-77b22f6a0683", "speed_limit": 55, "recorded_mph_over_limit": 10, "school_zone_ind": false, "work_zone_ind": true}, {"id": "55d1eba4-5222-4761-930f-700b120de1c2", "ticket_time": "2022-07-31 18:10:12", "license_plate": "7KM 336", "officer_id": "b5e73d44-3c58-4703-9bde-69f3d33beb9b", "speed_limit": 60, "recorded_mph_over_limit": 19, "school_zone_ind": false, "work_zone_ind": true}, {"id": "713f6109-2ea6-4b4f-b201-4c2cbae218ba", "ticket_time": "2021-05-31 10:03:10", "license_plate": "90-TN07", "officer_id": "3752c341-8470-455a-889d-c0fc2d1f5283", "speed_limit": 40, "recorded_mph_over_limit": 11, "school_zone_ind": false, "work_zone_ind": false}, {"id": "4fd96288-e907-4f6e-bc13-56de0ac9d962", "ticket_time": "2023-05-31 09:41:50", "license_plate": "085ANX", "officer_id": "d140d9d7-c677-4532-98a7-1c169936c523", "speed_limit": 40, "recorded_mph_over_limit": 20, "school_zone_ind": false, "work_zone_ind": true}, {"id": "94152975-6e30-4d75-949e-51078b15d4f5", "ticket_time": "2022-12-31 03:36:51", "license_plate": "MWA 456", "officer_id": "e2155846-cecb-4713-9da8-8cface393ddf", "speed_limit": 25, "recorded_mph_over_limit": 8, "school_zone_ind": false, "work_zone_ind": true}, {"id": "58802321-27ba-416c-88df-ad191e84a11a", "ticket_time": "2023-08-31 16:21:45", "license_plate": "165595", "officer_id": "7d01ef10-6213-4535-84b8-77b22f6a0683", "speed_limit": 55, "recorded_mph_over_limit": 17, "school_zone_ind": false, "work_zone_ind": false}, {"id": "09f53bab-8c5c-484c-ac88-409c827ed3a9", "ticket_time": "2022-06-30 17:16:21", "license_plate": "23-9528X", "officer_id": "e25e51fe-477a-4b9a-a41d-7cfa09888f37", "speed_limit": 40, "recorded_mph_over_limit": 8, "school_zone_ind": false, "work_zone_ind": true}, {"id": "a0ed56b7-cb8b-40e9-a6aa-b90bee0e7d73", "ticket_time": "2022-06-30 09:01:27", "license_plate": "0HX 255", "officer_id": "b754baad-7a14-4c8c-a2ce-568b3c8c8238", "speed_limit": 55, "recorded_mph_over_limit": 17, "school_zone_ind": false, "work_zone_ind": false}, {"id": "6b5ad2b1-054b-4e23-a800-377b57d33ce6", "ticket_time": "2021-03-31 18:28:18", "license_plate": "Y08 0TY", "officer_id": "a8e6140d-7ef1-459d-80a9-8006122db887", "speed_limit": 55, "recorded_mph_over_limit": 19, "school_zone_ind": false, "work_zone_ind": true}, {"id": "2bfcd866-569d-4690-a6b3-c15b1a18f678", "ticket_time": "2022-12-31 12:43:52", "license_plate": "PIH 559", "officer_id": "6577761b-34db-457c-b61f-d1bdf59c8825", "speed_limit": 40, "recorded_mph_over_limit": 17, "school_zone_ind": false, "work_zone_ind": false}, {"id": "bf5f0f37-9c1a-4216-8134-ffe668d89a8b", "ticket_time": "2023-07-31 16:01:54", "license_plate": "YHV 135", "officer_id": "a9f3b97c-1121-44e1-86b4-123d48ae47ff", "speed_limit": 25, "recorded_mph_over_limit": 25, "school_zone_ind": false, "work_zone_ind": true}, {"id": "8248ce28-2156-422e-b7a0-0c6fcdb6b68c", "ticket_time": "2023-06-30 21:02:29", "license_plate": "640 2078", "officer_id": "e9f10fd7-a9e4-43fc-9b26-908bb7a748d7", "speed_limit": 25, "recorded_mph_over_limit": 21, "school_zone_ind": false, "work_zone_ind": false}, {"id": "2736da83-01d4-4c0b-97bd-1417adfa9b40", "ticket_time": "2022-12-31 06:51:19", "license_plate": "486-CLR", "officer_id": "b304a890-64cf-44d3-b0b1-351ca677089c", "speed_limit": 25, "recorded_mph_over_limit": 22, "school_zone_ind": false, "work_zone_ind": false}, {"id": "6f005c65-db06-4dbd-9e7a-33aa48fdbed1", "ticket_time": "2022-11-30 04:05:05", "license_plate": "ENW 533", "officer_id": "274e40c3-fa93-4f44-8a4c-0e6c36917cea", "speed_limit": 30, "recorded_mph_over_limit": 16, "school_zone_ind": false, "work_zone_ind": false}, {"id": "a92181bc-142c-44b4-8f8c-12dba77bfedc", "ticket_time": "2021-06-30 12:40:38", "license_plate": "P88-JUF", "officer_id": "baea06fd-fb25-424b-a2b7-c728d6a72cc1", "speed_limit": 30, "recorded_mph_over_limit": 8, "school_zone_ind": false, "work_zone_ind": true}, {"id": "94a5ac83-ac7c-4d30-aa51-f85663a5ac93", "ticket_time": "2021-12-31 17:32:45", "license_plate": "7F 0063F", "officer_id": "75b9a11f-ce88-486c-b5c8-b06fd3955b4a", "speed_limit": 30, "recorded_mph_over_limit": 30, "school_zone_ind": false, "work_zone_ind": true}, {"id": "34faf654-7169-47e8-b0a4-50ffbc95e86b", "ticket_time": "2022-10-31 20:53:41", "license_plate": "284 SAE", "officer_id": "3752c341-8470-455a-889d-c0fc2d1f5283", "speed_limit": 30, "recorded_mph_over_limit": 30, "school_zone_ind": false, "work_zone_ind": false}, {"id": "68a91bd5-1abe-4d39-9406-f8161bc3d8d7", "ticket_time": "2023-12-31 21:03:46", "license_plate": "LK2 J6K", "officer_id": "89e6205d-154c-4d4b-b4ac-da0b410b61ac", "speed_limit": 55, "recorded_mph_over_limit": 16, "school_zone_ind": false, "work_zone_ind": false}, {"id": "95599e0f-fc7c-43e3-a93d-a8f291080d59", "ticket_time": "2022-05-31 15:16:17", "license_plate": "599-NZA", "officer_id": "978c46d0-f61c-4f9e-be51-7ad01036f332", "speed_limit": 25, "recorded_mph_over_limit": 23, "school_zone_ind": false, "work_zone_ind": false}, {"id": "564e8551-adc2-42ba-8c2d-6c5b2de8d5be", "ticket_time": "2020-03-31 09:54:08", "license_plate": "HTR 019", "officer_id": "18b728bd-a3fe-47d0-b742-373eecdce982", "speed_limit": 30, "recorded_mph_over_limit": 29, "school_zone_ind": true, "work_zone_ind": true}, {"id": "653f38de-464a-4f49-acb9-53d29023c2a1", "ticket_time": "2021-09-30 09:58:25", "license_plate": "27-6908H", "officer_id": "e2155846-cecb-4713-9da8-8cface393ddf", "speed_limit": 40, "recorded_mph_over_limit": 15, "school_zone_ind": true, "work_zone_ind": false}, {"id": "b230f914-9daa-4b2d-a221-d312900bcb37", "ticket_time": "2023-06-30 02:03:06", "license_plate": "3-9182Q", "officer_id": "9ca8f8d9-8101-4343-89a0-c961b355074b", "speed_limit": 55, "recorded_mph_over_limit": 17, "school_zone_ind": true, "work_zone_ind": false}, {"id": "4614b686-66d5-4790-b1d8-330de5619a33", "ticket_time": "2023-02-28 09:29:38", "license_plate": "3UZ41", "officer_id": "2cd8fc26-c03b-428c-ab87-bdecb40e9507", "speed_limit": 30, "recorded_mph_over_limit": 13, "school_zone_ind": false, "work_zone_ind": false}, {"id": "97a5f0e1-23bf-4f4f-86f3-3be13d3a27dc", "ticket_time": "2023-02-28 17:09:59", "license_plate": "62QB491", "officer_id": "391da49c-a89f-4ef2-86c3-ddbb75f1add9", "speed_limit": 15, "recorded_mph_over_limit": 17, "school_zone_ind": true, "work_zone_ind": false}, {"id": "39d6d5bf-8d9d-43e0-ae4c-62bedd05e7d9", "ticket_time": "2023-12-31 10:36:26", "license_plate": "49-7637X", "officer_id": "c85a2652-7dfb-4b68-8e2b-1eabf2112559", "speed_limit": 15, "recorded_mph_over_limit": 18, "school_zone_ind": false, "work_zone_ind": false}, {"id": "136b2f1e-d0c6-4366-8d0e-712fee2cb4cd", "ticket_time": "2022-07-31 20:11:39", "license_plate": "043JZ", "officer_id": "b754baad-7a14-4c8c-a2ce-568b3c8c8238", "speed_limit": 25, "recorded_mph_over_limit": 13, "school_zone_ind": false, "work_zone_ind": false}, {"id": "5ef7b2ed-7cb2-4d28-b791-6791ec31482d", "ticket_time": "2022-06-30 04:53:23", "license_plate": "505565", "officer_id": "7d01ef10-6213-4535-84b8-77b22f6a0683", "speed_limit": 15, "recorded_mph_over_limit": 22, "school_zone_ind": false, "work_zone_ind": false}, {"id": "2492a186-e019-4ab6-8733-9c3b54d4e2e4", "ticket_time": "2022-04-30 13:28:35", "license_plate": "783 LVK", "officer_id": "9cb344b3-c2c2-4ca8-9b8e-2d1295b5905a", "speed_limit": 55, "recorded_mph_over_limit": 26, "school_zone_ind": false, "work_zone_ind": true}, {"id": "2f2112fa-6d23-4bff-9dc0-4584df122cdb", "ticket_time": "2021-08-31 23:55:47", "license_plate": "3-7799Y", "officer_id": "baea06fd-fb25-424b-a2b7-c728d6a72cc1", "speed_limit": 60, "recorded_mph_over_limit": 15, "school_zone_ind": false, "work_zone_ind": false}, {"id": "014d4141-2d21-4072-be3d-661aae79aa3c", "ticket_time": "2022-07-31 21:34:41", "license_plate": "57-5023K", "officer_id": "8dd353b0-6fb9-4c7f-9e9c-f29cd748ba29", "speed_limit": 25, "recorded_mph_over_limit": 19, "school_zone_ind": false, "work_zone_ind": false}, {"id": "2a807c47-1f15-4af8-881f-f7d12c7c8ead", "ticket_time": "2023-01-31 15:54:12", "license_plate": "912 5OR", "officer_id": "23888131-5f02-4fc6-9ab8-4c88dc6d3b1d", "speed_limit": 25, "recorded_mph_over_limit": 29, "school_zone_ind": false, "work_zone_ind": false}, {"id": "821af282-dde2-425d-84e6-281dd13dec73", "ticket_time": "2022-07-31 14:00:50", "license_plate": "HUO 013", "officer_id": "3e99107e-ed1c-4895-b78a-85d270e0559a", "speed_limit": 40, "recorded_mph_over_limit": 22, "school_zone_ind": false, "work_zone_ind": false}, {"id": "97c6a0cb-c6b4-4b49-a59b-4d1d03ec0866", "ticket_time": "2023-08-31 08:17:02", "license_plate": "0-R8547", "officer_id": "b304a890-64cf-44d3-b0b1-351ca677089c", "speed_limit": 40, "recorded_mph_over_limit": 13, "school_zone_ind": false, "work_zone_ind": false}, {"id": "1ee11b71-6e59-4034-925a-c273f7cb880a", "ticket_time": "2021-08-31 21:54:13", "license_plate": "333743", "officer_id": "6b2fc15d-9c26-4d7b-a520-16975c63f3bb", "speed_limit": 55, "recorded_mph_over_limit": 16, "school_zone_ind": false, "work_zone_ind": false}, {"id": "74309f83-ec95-4666-9796-7490a460d869", "ticket_time": "2023-01-31 00:41:06", "license_plate": "887 BXM", "officer_id": "b754baad-7a14-4c8c-a2ce-568b3c8c8238", "speed_limit": 30, "recorded_mph_over_limit": 11, "school_zone_ind": false, "work_zone_ind": false}, {"id": "6fef8162-8683-4731-8abc-58a8c1ecf82f", "ticket_time": "2022-07-31 01:37:42", "license_plate": "16T 6179", "officer_id": "a085670f-9bf0-4dcc-94b9-58081126f6d7", "speed_limit": 60, "recorded_mph_over_limit": 15, "school_zone_ind": false, "work_zone_ind": false}, {"id": "e0cdaef4-ae78-43eb-a81c-9a8480f5c25f", "ticket_time": "2022-02-28 20:55:24", "license_plate": "DL9 X6L", "officer_id": "368eb483-c619-4c08-9421-4168d1b78625", "speed_limit": 40, "recorded_mph_over_limit": 12, "school_zone_ind": false, "work_zone_ind": false}, {"id": "bdfb6f1e-cc15-482c-a098-a4326a22f108", "ticket_time": "2023-12-31 09:39:53", "license_plate": "LUI-0477", "officer_id": "2cd8fc26-c03b-428c-ab87-bdecb40e9507", "speed_limit": 15, "recorded_mph_over_limit": 23, "school_zone_ind": false, "work_zone_ind": false}, {"id": "c7da0f62-e365-466b-8c32-721c145ad9af", "ticket_time": "2021-09-30 11:31:24", "license_plate": "LAI 064", "officer_id": "f6c8ecff-14c4-410f-ac7a-adb9214ed6b8", "speed_limit": 65, "recorded_mph_over_limit": 21, "school_zone_ind": false, "work_zone_ind": false}, {"id": "459b2960-de87-43df-b6af-e3e85e7e9026", "ticket_time": "2021-10-31 00:20:04", "license_plate": "LS 76279", "officer_id": "89e6205d-154c-4d4b-b4ac-da0b410b61ac", "speed_limit": 60, "recorded_mph_over_limit": 13, "school_zone_ind": false, "work_zone_ind": false}, {"id": "ee920aef-9219-489f-9969-6a11ea101367", "ticket_time": "2021-08-31 01:45:38", "license_plate": "HCM 140", "officer_id": "e25e51fe-477a-4b9a-a41d-7cfa09888f37", "speed_limit": 40, "recorded_mph_over_limit": 15, "school_zone_ind": false, "work_zone_ind": true}, {"id": "5fad73b9-6c27-47f8-a7a1-e842d599a6de", "ticket_time": "2022-06-30 04:13:13", "license_plate": "VU 86317", "officer_id": "29b757f2-809a-44f7-a9e8-f8fe65ea291d", "speed_limit": 15, "recorded_mph_over_limit": 28, "school_zone_ind": false, "work_zone_ind": false}, {"id": "bdac2424-b281-42e8-bccc-cab4c955f3bd", "ticket_time": "2021-07-31 05:04:34", "license_plate": "UV 7336", "officer_id": "75b9a11f-ce88-486c-b5c8-b06fd3955b4a", "speed_limit": 65, "recorded_mph_over_limit": 12, "school_zone_ind": false, "work_zone_ind": true}, {"id": "7e6a600d-573e-453d-b9af-11d2d94f87be", "ticket_time": "2023-09-30 16:40:42", "license_plate": "MYK 033", "officer_id": "51226066-9f3d-482f-a245-9a9b7c1698c8", "speed_limit": 15, "recorded_mph_over_limit": 14, "school_zone_ind": false, "work_zone_ind": true}, {"id": "3402efca-35d6-47f8-9a85-1ebb4ae512db", "ticket_time": "2023-01-31 07:38:21", "license_plate": "MN 16528", "officer_id": "3e99107e-ed1c-4895-b78a-85d270e0559a", "speed_limit": 15, "recorded_mph_over_limit": 12, "school_zone_ind": false, "work_zone_ind": true}, {"id": "35c0ac0d-ef5e-41ac-a419-83033da7b4ea", "ticket_time": "2023-03-31 16:42:47", "license_plate": "698HGY", "officer_id": "2cd8fc26-c03b-428c-ab87-bdecb40e9507", "speed_limit": 55, "recorded_mph_over_limit": 28, "school_zone_ind": false, "work_zone_ind": false}, {"id": "e6a07d50-8611-4174-8b59-78d8740c4223", "ticket_time": "2023-12-31 21:13:09", "license_plate": "42-H531", "officer_id": "6b2fc15d-9c26-4d7b-a520-16975c63f3bb", "speed_limit": 40, "recorded_mph_over_limit": 30, "school_zone_ind": false, "work_zone_ind": true}, {"id": "ffbfcaf2-9032-4f7c-85aa-0966bd3d850d", "ticket_time": "2022-05-31 14:50:25", "license_plate": "175 DXI", "officer_id": "b754baad-7a14-4c8c-a2ce-568b3c8c8238", "speed_limit": 25, "recorded_mph_over_limit": 24, "school_zone_ind": false, "work_zone_ind": true}, {"id": "cddaf30d-834f-45d4-aa62-a6b8b410c8ab", "ticket_time": "2022-12-31 08:47:33", "license_plate": "298-STV", "officer_id": "e2155846-cecb-4713-9da8-8cface393ddf", "speed_limit": 60, "recorded_mph_over_limit": 15, "school_zone_ind": false, "work_zone_ind": false}, {"id": "ee6e3c73-1eb3-420c-a1a5-49f810910f8f", "ticket_time": "2021-06-30 10:06:34", "license_plate": "ELX K82", "officer_id": "f23a8e6f-f9db-454a-93e9-66c9be81cce6", "speed_limit": 55, "recorded_mph_over_limit": 11, "school_zone_ind": false, "work_zone_ind": false}, {"id": "0d16c0f5-d17c-400f-8150-c54c6a212bc8", "ticket_time": "2021-06-30 15:59:25", "license_plate": "5ST 043", "officer_id": "4089c844-4fdb-479e-82e9-fd08fd55635b", "speed_limit": 65, "recorded_mph_over_limit": 14, "school_zone_ind": false, "work_zone_ind": true}, {"id": "43270216-3500-49fc-9b3d-e39ba454897b", "ticket_time": "2023-12-31 14:14:37", "license_plate": "M81 3FV", "officer_id": "b754baad-7a14-4c8c-a2ce-568b3c8c8238", "speed_limit": 65, "recorded_mph_over_limit": 15, "school_zone_ind": false, "work_zone_ind": true}, {"id": "35f9d842-e216-4fad-b498-5f9006cc165b", "ticket_time": "2022-11-30 04:56:15", "license_plate": "351 5207", "officer_id": "3752c341-8470-455a-889d-c0fc2d1f5283", "speed_limit": 25, "recorded_mph_over_limit": 8, "school_zone_ind": false, "work_zone_ind": true}, {"id": "486f2176-a107-464a-82da-9dda9d578b40", "ticket_time": "2022-11-30 20:22:43", "license_plate": "IQ3 Q7Q", "officer_id": "18b728bd-a3fe-47d0-b742-373eecdce982", "speed_limit": 15, "recorded_mph_over_limit": 14, "school_zone_ind": false, "work_zone_ind": true}, {"id": "7d3f9ca8-da46-4e01-95b3-5b949af186e1", "ticket_time": "2022-12-31 03:56:57", "license_plate": "QLZ 929", "officer_id": "847fe956-65c6-4323-9f40-583cfc5def71", "speed_limit": 40, "recorded_mph_over_limit": 24, "school_zone_ind": true, "work_zone_ind": false}, {"id": "fd8b81d1-115a-445f-941f-2f49fec4ecf2", "ticket_time": "2023-05-31 11:55:08", "license_plate": "7D X9524", "officer_id": "ee57777a-e7f8-45d6-95a3-1adae28e59ad", "speed_limit": 15, "recorded_mph_over_limit": 16, "school_zone_ind": false, "work_zone_ind": true}, {"id": "748b12ac-bcd4-4a95-9347-881034a30820", "ticket_time": "2023-05-31 06:25:46", "license_plate": "H05 4BE", "officer_id": "23888131-5f02-4fc6-9ab8-4c88dc6d3b1d", "speed_limit": 65, "recorded_mph_over_limit": 18, "school_zone_ind": false, "work_zone_ind": false}, {"id": "e574df1f-49c8-4d2e-a911-19a8140c33a7", "ticket_time": "2022-11-30 17:20:53", "license_plate": "0Y IM746", "officer_id": "a9f3b97c-1121-44e1-86b4-123d48ae47ff", "speed_limit": 65, "recorded_mph_over_limit": 21, "school_zone_ind": false, "work_zone_ind": false}, {"id": "2aa3147d-8e16-4f6d-8c25-57ee5727c63a", "ticket_time": "2022-04-30 17:24:18", "license_plate": "373-NRF", "officer_id": "c85a2652-7dfb-4b68-8e2b-1eabf2112559", "speed_limit": 40, "recorded_mph_over_limit": 13, "school_zone_ind": false, "work_zone_ind": false}, {"id": "64a82357-d193-4bfa-8243-619ffe606016", "ticket_time": "2022-08-31 00:15:12", "license_plate": "3CW8650", "officer_id": "a085670f-9bf0-4dcc-94b9-58081126f6d7", "speed_limit": 15, "recorded_mph_over_limit": 19, "school_zone_ind": true, "work_zone_ind": false}, {"id": "f4fdf2ca-e81b-417c-a177-83cfea8977ac", "ticket_time": "2022-10-31 23:56:59", "license_plate": "7CM 530", "officer_id": "e25e51fe-477a-4b9a-a41d-7cfa09888f37", "speed_limit": 65, "recorded_mph_over_limit": 10, "school_zone_ind": false, "work_zone_ind": true}, {"id": "7a8a3eaf-61dc-42a4-adb3-3dd3bc33ae03", "ticket_time": "2020-12-31 02:23:05", "license_plate": "FRI-1617", "officer_id": "29b757f2-809a-44f7-a9e8-f8fe65ea291d", "speed_limit": 25, "recorded_mph_over_limit": 24, "school_zone_ind": false, "work_zone_ind": true}, {"id": "0e19ec31-0475-42f9-8327-d92a50eaf56a", "ticket_time": "2022-09-30 02:15:11", "license_plate": "07-88568", "officer_id": "eda79663-1ae5-4384-ac1c-6c328c469809", "speed_limit": 30, "recorded_mph_over_limit": 23, "school_zone_ind": false, "work_zone_ind": true}, {"id": "bee12d96-7d49-4ffd-ba41-3b53facf5d6c", "ticket_time": "2021-12-31 06:47:29", "license_plate": "4CH J69", "officer_id": "9ca8f8d9-8101-4343-89a0-c961b355074b", "speed_limit": 30, "recorded_mph_over_limit": 20, "school_zone_ind": false, "work_zone_ind": false}, {"id": "57d45a44-fcd6-44cf-823a-3cc9e9673e5e", "ticket_time": "2021-10-31 01:29:03", "license_plate": "TGV 595", "officer_id": "0e1f5d48-2bb1-45fb-9b46-01a907d6f546", "speed_limit": 25, "recorded_mph_over_limit": 13, "school_zone_ind": false, "work_zone_ind": false}, {"id": "3a6fe9cd-13f6-4371-af95-613a15714f33", "ticket_time": "2023-03-31 13:30:38", "license_plate": "854 JFO", "officer_id": "3752c341-8470-455a-889d-c0fc2d1f5283", "speed_limit": 30, "recorded_mph_over_limit": 8, "school_zone_ind": false, "work_zone_ind": false}, {"id": "95da20d6-502f-4837-8e8b-66693d58bdcb", "ticket_time": "2023-08-31 03:45:44", "license_plate": "Q34-39O", "officer_id": "6577761b-34db-457c-b61f-d1bdf59c8825", "speed_limit": 30, "recorded_mph_over_limit": 28, "school_zone_ind": false, "work_zone_ind": false}, {"id": "c60d390f-acdf-4116-90a5-8f0eb7200dd8", "ticket_time": "2023-12-31 21:43:06", "license_plate": "8RK4395", "officer_id": "e2155846-cecb-4713-9da8-8cface393ddf", "speed_limit": 40, "recorded_mph_over_limit": 18, "school_zone_ind": false, "work_zone_ind": true}, {"id": "f0eb10f1-9dd5-4a8a-8d8f-d07a64e05b75", "ticket_time": "2023-07-31 06:55:48", "license_plate": "YNK 936", "officer_id": "d9a0f8ea-66b0-4181-8ec0-6354fb96e7a0", "speed_limit": 25, "recorded_mph_over_limit": 24, "school_zone_ind": false, "work_zone_ind": true}, {"id": "8b74428e-c64b-4a17-b6f2-0d98f1a2f787", "ticket_time": "2022-12-31 22:43:51", "license_plate": "962AS", "officer_id": "e2155846-cecb-4713-9da8-8cface393ddf", "speed_limit": 25, "recorded_mph_over_limit": 12, "school_zone_ind": false, "work_zone_ind": false}, {"id": "409bb7e7-be74-461c-92d3-44760779d238", "ticket_time": "2023-06-30 18:21:41", "license_plate": "4A K5946", "officer_id": "ee57777a-e7f8-45d6-95a3-1adae28e59ad", "speed_limit": 15, "recorded_mph_over_limit": 25, "school_zone_ind": false, "work_zone_ind": false}, {"id": "c43ff4d5-45a4-4a9e-9f4e-3953664ef63f", "ticket_time": "2020-02-28 08:50:46", "license_plate": "IF 12575", "officer_id": "b304a890-64cf-44d3-b0b1-351ca677089c", "speed_limit": 65, "recorded_mph_over_limit": 22, "school_zone_ind": false, "work_zone_ind": false}, {"id": "35c323eb-5d19-40de-8937-37226a143e3d", "ticket_time": "2021-06-30 10:09:55", "license_plate": "873 ZVK", "officer_id": "8dd353b0-6fb9-4c7f-9e9c-f29cd748ba29", "speed_limit": 25, "recorded_mph_over_limit": 25, "school_zone_ind": false, "work_zone_ind": false}, {"id": "debb999a-0368-4edb-8f85-b0595fe77419", "ticket_time": "2022-07-31 23:53:47", "license_plate": "POF1403", "officer_id": "9e80fe90-cb7c-49ac-95a7-7596012cc50f", "speed_limit": 15, "recorded_mph_over_limit": 10, "school_zone_ind": false, "work_zone_ind": true}, {"id": "1fcf599b-5b18-44bb-918b-3acce1e3a4ba", "ticket_time": "2023-12-31 08:40:27", "license_plate": "VAV6346", "officer_id": "e2155846-cecb-4713-9da8-8cface393ddf", "speed_limit": 30, "recorded_mph_over_limit": 25, "school_zone_ind": true, "work_zone_ind": true}, {"id": "2dd0e039-3e67-4b62-86ad-4093cb616ab3", "ticket_time": "2023-11-30 11:05:51", "license_plate": "R68-OJJ", "officer_id": "ee57777a-e7f8-45d6-95a3-1adae28e59ad", "speed_limit": 30, "recorded_mph_over_limit": 23, "school_zone_ind": false, "work_zone_ind": true}, {"id": "bc6ffe9c-69c5-45e5-955e-29964e631026", "ticket_time": "2023-08-31 22:06:43", "license_plate": "WGW-410", "officer_id": "51226066-9f3d-482f-a245-9a9b7c1698c8", "speed_limit": 15, "recorded_mph_over_limit": 15, "school_zone_ind": false, "work_zone_ind": false}, {"id": "bf34de2a-1fa9-48e1-b64a-487c627b2777", "ticket_time": "2023-07-31 16:00:04", "license_plate": "806 FMV", "officer_id": "29b757f2-809a-44f7-a9e8-f8fe65ea291d", "speed_limit": 30, "recorded_mph_over_limit": 9, "school_zone_ind": false, "work_zone_ind": false}, {"id": "abd8d3b1-f649-4834-b8ad-7955e5578435", "ticket_time": "2022-08-31 02:00:09", "license_plate": "922 FVL", "officer_id": "a9f3b97c-1121-44e1-86b4-123d48ae47ff", "speed_limit": 15, "recorded_mph_over_limit": 9, "school_zone_ind": false, "work_zone_ind": true}, {"id": "286d4568-78a1-4ed7-88d0-a2650139aa53", "ticket_time": "2023-09-30 04:18:03", "license_plate": "MTK 674", "officer_id": "a085670f-9bf0-4dcc-94b9-58081126f6d7", "speed_limit": 25, "recorded_mph_over_limit": 12, "school_zone_ind": false, "work_zone_ind": false}, {"id": "edd0d631-f081-4689-9aba-bf668d014345", "ticket_time": "2021-12-31 13:11:47", "license_plate": "133 IVM", "officer_id": "7d01ef10-6213-4535-84b8-77b22f6a0683", "speed_limit": 40, "recorded_mph_over_limit": 27, "school_zone_ind": false, "work_zone_ind": false}, {"id": "a8967798-efb6-47e4-a806-86785f28b7af", "ticket_time": "2023-01-31 06:03:52", "license_plate": "8GQ G98", "officer_id": "3752c341-8470-455a-889d-c0fc2d1f5283", "speed_limit": 65, "recorded_mph_over_limit": 17, "school_zone_ind": false, "work_zone_ind": false}, {"id": "877e2b9e-bc7e-4e45-b1e4-8451687958e5", "ticket_time": "2023-04-30 19:09:41", "license_plate": "197-JBT", "officer_id": "391da49c-a89f-4ef2-86c3-ddbb75f1add9", "speed_limit": 40, "recorded_mph_over_limit": 11, "school_zone_ind": false, "work_zone_ind": false}, {"id": "e15bfa0d-7ed8-4cd2-93ba-f4da4e6f1409", "ticket_time": "2021-07-31 05:18:18", "license_plate": "173 LDF", "officer_id": "51226066-9f3d-482f-a245-9a9b7c1698c8", "speed_limit": 25, "recorded_mph_over_limit": 19, "school_zone_ind": false, "work_zone_ind": true}, {"id": "f57ebf93-c640-4e89-abc8-04d89e899e31", "ticket_time": "2022-12-31 16:23:34", "license_plate": "WNQ-396", "officer_id": "7d01ef10-6213-4535-84b8-77b22f6a0683", "speed_limit": 25, "recorded_mph_over_limit": 27, "school_zone_ind": false, "work_zone_ind": false}, {"id": "5a8c5d34-72cb-4b0f-959b-048712d0f128", "ticket_time": "2021-04-30 16:34:40", "license_plate": "020 6EJ", "officer_id": "3e99107e-ed1c-4895-b78a-85d270e0559a", "speed_limit": 60, "recorded_mph_over_limit": 18, "school_zone_ind": false, "work_zone_ind": true}, {"id": "24286988-e5be-4f65-b5b1-d5ef9ba59c44", "ticket_time": "2021-03-31 13:24:59", "license_plate": "8L 6M6JLP", "officer_id": "4089c844-4fdb-479e-82e9-fd08fd55635b", "speed_limit": 60, "recorded_mph_over_limit": 12, "school_zone_ind": false, "work_zone_ind": false}, {"id": "4d3e7b39-0dcd-4abe-9e5b-45799e01999d", "ticket_time": "2023-09-30 08:21:13", "license_plate": "ZTF 207", "officer_id": "f6c8ecff-14c4-410f-ac7a-adb9214ed6b8", "speed_limit": 15, "recorded_mph_over_limit": 26, "school_zone_ind": false, "work_zone_ind": false}, {"id": "37a36b2c-da46-454f-9766-f1bbaeb6fe0b", "ticket_time": "2021-10-31 22:39:06", "license_plate": "096-MSB", "officer_id": "3752c341-8470-455a-889d-c0fc2d1f5283", "speed_limit": 30, "recorded_mph_over_limit": 15, "school_zone_ind": false, "work_zone_ind": true}, {"id": "2f9601be-54cd-4065-89f7-9f639dbc9ff7", "ticket_time": "2022-06-30 21:00:30", "license_plate": "846SXJ", "officer_id": "18b728bd-a3fe-47d0-b742-373eecdce982", "speed_limit": 55, "recorded_mph_over_limit": 13, "school_zone_ind": false, "work_zone_ind": false}, {"id": "57af01c2-6f43-46ba-9018-7f86de35eb81", "ticket_time": "2022-02-28 06:48:13", "license_plate": "B44 2DY", "officer_id": "29b757f2-809a-44f7-a9e8-f8fe65ea291d", "speed_limit": 30, "recorded_mph_over_limit": 8, "school_zone_ind": false, "work_zone_ind": true}, {"id": "ba7453b6-2238-446d-b626-30101d16a134", "ticket_time": "2020-07-31 21:02:32", "license_plate": "474-OMA", "officer_id": "b754baad-7a14-4c8c-a2ce-568b3c8c8238", "speed_limit": 30, "recorded_mph_over_limit": 8, "school_zone_ind": false, "work_zone_ind": false}, {"id": "8e2452e4-bf49-4ef4-9a03-a667e354c08d", "ticket_time": "2021-12-31 04:17:37", "license_plate": "0LRY 37", "officer_id": "b304a890-64cf-44d3-b0b1-351ca677089c", "speed_limit": 15, "recorded_mph_over_limit": 24, "school_zone_ind": false, "work_zone_ind": true}, {"id": "07bd1893-5c78-4730-9684-864a9da8ce8e", "ticket_time": "2021-03-31 15:34:47", "license_plate": "JFX 211", "officer_id": "8dd353b0-6fb9-4c7f-9e9c-f29cd748ba29", "speed_limit": 30, "recorded_mph_over_limit": 13, "school_zone_ind": false, "work_zone_ind": false}, {"id": "90b9c82e-863a-4226-9434-5abc5d835fb5", "ticket_time": "2023-12-31 09:35:55", "license_plate": "433 4FX", "officer_id": "d9a0f8ea-66b0-4181-8ec0-6354fb96e7a0", "speed_limit": 30, "recorded_mph_over_limit": 24, "school_zone_ind": false, "work_zone_ind": true}, {"id": "02be4250-d49d-4d85-86c2-b606b30cf710", "ticket_time": "2023-02-28 14:37:06", "license_plate": "75-AU12", "officer_id": "b5e73d44-3c58-4703-9bde-69f3d33beb9b", "speed_limit": 15, "recorded_mph_over_limit": 25, "school_zone_ind": false, "work_zone_ind": false}, {"id": "d2960ff5-1a06-4aa5-925b-ea8a6c9cefdb", "ticket_time": "2021-06-30 19:23:54", "license_plate": "PN 04563", "officer_id": "3752c341-8470-455a-889d-c0fc2d1f5283", "speed_limit": 55, "recorded_mph_over_limit": 15, "school_zone_ind": false, "work_zone_ind": true}, {"id": "b3c9565b-877c-43b3-8659-b3eebf4b547d", "ticket_time": "2023-03-31 01:48:58", "license_plate": "866-FAS", "officer_id": "b304a890-64cf-44d3-b0b1-351ca677089c", "speed_limit": 65, "recorded_mph_over_limit": 27, "school_zone_ind": false, "work_zone_ind": false}, {"id": "4e0d262a-e0bd-44a2-8d29-59b676659ef7", "ticket_time": "2023-12-31 11:38:24", "license_plate": "915 CRS", "officer_id": "8dd353b0-6fb9-4c7f-9e9c-f29cd748ba29", "speed_limit": 30, "recorded_mph_over_limit": 18, "school_zone_ind": false, "work_zone_ind": false}, {"id": "1886a18b-6256-4b11-ac8e-a5c3e2f58701", "ticket_time": "2021-12-31 23:22:20", "license_plate": "XPU6743", "officer_id": "6b2fc15d-9c26-4d7b-a520-16975c63f3bb", "speed_limit": 40, "recorded_mph_over_limit": 26, "school_zone_ind": false, "work_zone_ind": true}, {"id": "5da44e9f-b4cd-497a-a9d8-7fb536060ef3", "ticket_time": "2022-09-30 19:29:21", "license_plate": "728-BKT", "officer_id": "b754baad-7a14-4c8c-a2ce-568b3c8c8238", "speed_limit": 60, "recorded_mph_over_limit": 16, "school_zone_ind": true, "work_zone_ind": true}, {"id": "baec0721-646f-4a2b-bc5a-438e3d162b4d", "ticket_time": "2022-12-31 07:00:16", "license_plate": "WXH3362", "officer_id": "9e80fe90-cb7c-49ac-95a7-7596012cc50f", "speed_limit": 65, "recorded_mph_over_limit": 16, "school_zone_ind": true, "work_zone_ind": false}, {"id": "0b7a080f-083d-48a3-99e6-cf64b3f1e95e", "ticket_time": "2020-12-31 15:58:03", "license_plate": "69Z V91", "officer_id": "baea06fd-fb25-424b-a2b7-c728d6a72cc1", "speed_limit": 55, "recorded_mph_over_limit": 9, "school_zone_ind": false, "work_zone_ind": false}, {"id": "cc66ea51-e9a6-41db-860b-0c58d8037ebd", "ticket_time": "2023-12-31 18:53:43", "license_plate": "128 KQE", "officer_id": "e25e51fe-477a-4b9a-a41d-7cfa09888f37", "speed_limit": 65, "recorded_mph_over_limit": 11, "school_zone_ind": true, "work_zone_ind": true}, {"id": "f9732579-8f08-4a23-900d-53824bcfcb6f", "ticket_time": "2020-08-31 14:43:30", "license_plate": "722NKN", "officer_id": "274e40c3-fa93-4f44-8a4c-0e6c36917cea", "speed_limit": 40, "recorded_mph_over_limit": 12, "school_zone_ind": false, "work_zone_ind": true}, {"id": "a6598880-c774-4770-ba4e-bd06ab1ddecd", "ticket_time": "2021-08-31 08:33:27", "license_plate": "69T Z10", "officer_id": "7d01ef10-6213-4535-84b8-77b22f6a0683", "speed_limit": 40, "recorded_mph_over_limit": 22, "school_zone_ind": true, "work_zone_ind": false}, {"id": "202654e9-c638-472f-ade8-723fe531a64a", "ticket_time": "2021-09-30 09:30:52", "license_plate": "7T 08176", "officer_id": "a8e6140d-7ef1-459d-80a9-8006122db887", "speed_limit": 55, "recorded_mph_over_limit": 8, "school_zone_ind": false, "work_zone_ind": false}, {"id": "030c61dc-7752-4df1-a8ae-d7b06e1dfbce", "ticket_time": "2023-07-31 10:57:12", "license_plate": "2PL 258", "officer_id": "d140d9d7-c677-4532-98a7-1c169936c523", "speed_limit": 55, "recorded_mph_over_limit": 19, "school_zone_ind": false, "work_zone_ind": false}, {"id": "e6844cf5-3c08-47b2-8270-ae2165047393", "ticket_time": "2022-01-31 14:10:58", "license_plate": "11ZD6", "officer_id": "b754baad-7a14-4c8c-a2ce-568b3c8c8238", "speed_limit": 55, "recorded_mph_over_limit": 18, "school_zone_ind": false, "work_zone_ind": false}, {"id": "c6586ba8-bcf0-456f-93b3-53da4cc29ba7", "ticket_time": "2022-09-30 11:55:05", "license_plate": "4-85310", "officer_id": "c30a45e5-5f6d-40da-b5cb-c0473042861b", "speed_limit": 65, "recorded_mph_over_limit": 11, "school_zone_ind": false, "work_zone_ind": false}, {"id": "a29b6cb6-2bd9-484f-8ee6-88059b1453f5", "ticket_time": "2021-04-30 15:29:49", "license_plate": "SOB 202", "officer_id": "d9a0f8ea-66b0-4181-8ec0-6354fb96e7a0", "speed_limit": 15, "recorded_mph_over_limit": 13, "school_zone_ind": false, "work_zone_ind": false}, {"id": "537aec66-2d79-4e65-89da-a0fbc258f33e", "ticket_time": "2021-07-31 00:16:19", "license_plate": "EMT-933", "officer_id": "b754baad-7a14-4c8c-a2ce-568b3c8c8238", "speed_limit": 15, "recorded_mph_over_limit": 16, "school_zone_ind": false, "work_zone_ind": false}, {"id": "49c46bb2-5d1e-4195-9c94-abe9ebdd7624", "ticket_time": "2021-12-31 11:31:01", "license_plate": "2-05675", "officer_id": "274e40c3-fa93-4f44-8a4c-0e6c36917cea", "speed_limit": 65, "recorded_mph_over_limit": 24, "school_zone_ind": false, "work_zone_ind": false}, {"id": "638877ed-10a5-4721-82cb-d55baab46767", "ticket_time": "2021-10-31 11:56:39", "license_plate": "328 WYH", "officer_id": "18b728bd-a3fe-47d0-b742-373eecdce982", "speed_limit": 25, "recorded_mph_over_limit": 26, "school_zone_ind": false, "work_zone_ind": false}, {"id": "dea1001a-e678-4069-8b4c-cbcf0e01dd1d", "ticket_time": "2023-03-31 14:46:26", "license_plate": "5A FG078", "officer_id": "baea06fd-fb25-424b-a2b7-c728d6a72cc1", "speed_limit": 60, "recorded_mph_over_limit": 13, "school_zone_ind": false, "work_zone_ind": true}, {"id": "09b93eb9-1ac1-49c3-a86b-f9a57bf31211", "ticket_time": "2023-03-31 06:00:19", "license_plate": "D06 3IP", "officer_id": "b304a890-64cf-44d3-b0b1-351ca677089c", "speed_limit": 65, "recorded_mph_over_limit": 13, "school_zone_ind": true, "work_zone_ind": false}, {"id": "042c17ad-02b2-41cc-b7f4-83e41fd0493f", "ticket_time": "2022-09-30 10:50:47", "license_plate": "GNA-524", "officer_id": "d9a0f8ea-66b0-4181-8ec0-6354fb96e7a0", "speed_limit": 15, "recorded_mph_over_limit": 11, "school_zone_ind": false, "work_zone_ind": false}, {"id": "d7c24f44-f9dc-4b96-8e3a-fe86cbf748ff", "ticket_time": "2021-01-31 15:42:17", "license_plate": "816 KNF", "officer_id": "3e99107e-ed1c-4895-b78a-85d270e0559a", "speed_limit": 25, "recorded_mph_over_limit": 16, "school_zone_ind": false, "work_zone_ind": false}, {"id": "67a0ec37-4c5f-46a8-86fa-ae081b78c38a", "ticket_time": "2023-11-30 03:45:25", "license_plate": "8PC 729", "officer_id": "fc97a956-e4e5-40c2-b824-b8d7276460fd", "speed_limit": 55, "recorded_mph_over_limit": 22, "school_zone_ind": false, "work_zone_ind": false}, {"id": "db941396-919e-458f-bbe1-c0264d667ec1", "ticket_time": "2023-08-31 22:02:49", "license_plate": "H42 6TS", "officer_id": "f6c8ecff-14c4-410f-ac7a-adb9214ed6b8", "speed_limit": 30, "recorded_mph_over_limit": 23, "school_zone_ind": false, "work_zone_ind": false}, {"id": "f17e81bd-7ff1-4088-932b-f1804bd98935", "ticket_time": "2023-10-31 09:54:03", "license_plate": "981D", "officer_id": "3e99107e-ed1c-4895-b78a-85d270e0559a", "speed_limit": 25, "recorded_mph_over_limit": 11, "school_zone_ind": true, "work_zone_ind": false}, {"id": "ff027d2d-6e62-44fc-8370-d3f34b5ec1a8", "ticket_time": "2023-01-31 17:51:27", "license_plate": "HDC 253", "officer_id": "e9f10fd7-a9e4-43fc-9b26-908bb7a748d7", "speed_limit": 55, "recorded_mph_over_limit": 28, "school_zone_ind": false, "work_zone_ind": true}, {"id": "6a07d0b7-737b-42b7-9fe6-2ed70f5bf9e2", "ticket_time": "2022-06-30 03:56:56", "license_plate": "2519 CP", "officer_id": "b304a890-64cf-44d3-b0b1-351ca677089c", "speed_limit": 25, "recorded_mph_over_limit": 13, "school_zone_ind": false, "work_zone_ind": true}, {"id": "86feba9b-387b-4d68-a05f-c686d50c3243", "ticket_time": "2021-04-30 12:41:49", "license_plate": "722PHS", "officer_id": "2cd8fc26-c03b-428c-ab87-bdecb40e9507", "speed_limit": 55, "recorded_mph_over_limit": 10, "school_zone_ind": false, "work_zone_ind": true}, {"id": "39290840-eb13-4ece-8475-2cba2fca720f", "ticket_time": "2021-01-31 17:29:36", "license_plate": "06-72720", "officer_id": "368eb483-c619-4c08-9421-4168d1b78625", "speed_limit": 30, "recorded_mph_over_limit": 13, "school_zone_ind": false, "work_zone_ind": false}, {"id": "c3040df9-8fbd-401c-9afb-a0900905e1e3", "ticket_time": "2022-12-31 01:18:02", "license_plate": "3JU 801", "officer_id": "29b757f2-809a-44f7-a9e8-f8fe65ea291d", "speed_limit": 25, "recorded_mph_over_limit": 24, "school_zone_ind": false, "work_zone_ind": false}, {"id": "fa25ec22-8346-401d-8580-39a505435306", "ticket_time": "2023-05-31 17:46:51", "license_plate": "002-DDL", "officer_id": "fc97a956-e4e5-40c2-b824-b8d7276460fd", "speed_limit": 60, "recorded_mph_over_limit": 15, "school_zone_ind": false, "work_zone_ind": true}, {"id": "7fb5667c-527c-4440-9205-4f4e6886fa18", "ticket_time": "2023-11-30 21:46:30", "license_plate": "894 MEY", "officer_id": "d140d9d7-c677-4532-98a7-1c169936c523", "speed_limit": 25, "recorded_mph_over_limit": 30, "school_zone_ind": false, "work_zone_ind": true}, {"id": "618d77b7-0a19-4e83-b8ec-bad298a2c537", "ticket_time": "2021-12-31 13:49:58", "license_plate": "25B 632", "officer_id": "3e99107e-ed1c-4895-b78a-85d270e0559a", "speed_limit": 15, "recorded_mph_over_limit": 21, "school_zone_ind": false, "work_zone_ind": false}, {"id": "1e6d482d-aae5-4639-b586-67e94c3016a3", "ticket_time": "2023-01-31 06:06:37", "license_plate": "421 SZQ", "officer_id": "0e1f5d48-2bb1-45fb-9b46-01a907d6f546", "speed_limit": 30, "recorded_mph_over_limit": 21, "school_zone_ind": false, "work_zone_ind": false}, {"id": "e5d3dc5e-e86c-4897-8d91-324010cc2cae", "ticket_time": "2023-03-31 08:33:40", "license_plate": "AWI U56", "officer_id": "274e40c3-fa93-4f44-8a4c-0e6c36917cea", "speed_limit": 30, "recorded_mph_over_limit": 30, "school_zone_ind": false, "work_zone_ind": false}, {"id": "d06d3b1b-ca2e-4726-98e7-ce067245f108", "ticket_time": "2021-10-31 22:19:50", "license_plate": "053-KMT", "officer_id": "a9f3b97c-1121-44e1-86b4-123d48ae47ff", "speed_limit": 30, "recorded_mph_over_limit": 29, "school_zone_ind": true, "work_zone_ind": false}, {"id": "b263db55-9ef8-4eee-a246-fea286f17277", "ticket_time": "2023-12-31 02:46:34", "license_plate": "DCB-624", "officer_id": "4089c844-4fdb-479e-82e9-fd08fd55635b", "speed_limit": 55, "recorded_mph_over_limit": 22, "school_zone_ind": false, "work_zone_ind": true}, {"id": "f299a145-d9d3-45cb-8aec-2e4d4374a3a8", "ticket_time": "2021-07-31 07:30:11", "license_plate": "01-17416", "officer_id": "368eb483-c619-4c08-9421-4168d1b78625", "speed_limit": 40, "recorded_mph_over_limit": 21, "school_zone_ind": false, "work_zone_ind": false}, {"id": "4780833f-07a7-480a-a6a3-8652c306a4ff", "ticket_time": "2023-07-31 03:53:05", "license_plate": "ZEK2492", "officer_id": "f6c8ecff-14c4-410f-ac7a-adb9214ed6b8", "speed_limit": 40, "recorded_mph_over_limit": 22, "school_zone_ind": false, "work_zone_ind": false}, {"id": "517af3b8-2275-4a36-8d0c-c2fd58a1e1c2", "ticket_time": "2023-11-30 10:58:12", "license_plate": "YCS 068", "officer_id": "18b728bd-a3fe-47d0-b742-373eecdce982", "speed_limit": 15, "recorded_mph_over_limit": 9, "school_zone_ind": false, "work_zone_ind": false}, {"id": "742a0dd8-4f9d-4d1a-9bfc-9e0014bf2c67", "ticket_time": "2020-06-30 03:38:22", "license_plate": "90BJ981", "officer_id": "b5e73d44-3c58-4703-9bde-69f3d33beb9b", "speed_limit": 65, "recorded_mph_over_limit": 27, "school_zone_ind": false, "work_zone_ind": false}, {"id": "f6b28f7e-59dc-4ff9-8a97-993903ad3170", "ticket_time": "2023-01-31 05:12:49", "license_plate": "BFN 717", "officer_id": "b754baad-7a14-4c8c-a2ce-568b3c8c8238", "speed_limit": 60, "recorded_mph_over_limit": 19, "school_zone_ind": false, "work_zone_ind": false}, {"id": "6fdaa101-f6fd-44ce-aaf5-b895e709fcb2", "ticket_time": "2021-12-31 03:39:16", "license_plate": "QV 81431", "officer_id": "51226066-9f3d-482f-a245-9a9b7c1698c8", "speed_limit": 30, "recorded_mph_over_limit": 18, "school_zone_ind": false, "work_zone_ind": false}, {"id": "33a8cfe7-ce9d-4331-a5ba-7d564f4f5b88", "ticket_time": "2022-10-31 05:03:25", "license_plate": "3M EK392", "officer_id": "75b9a11f-ce88-486c-b5c8-b06fd3955b4a", "speed_limit": 40, "recorded_mph_over_limit": 14, "school_zone_ind": false, "work_zone_ind": false}, {"id": "0e62e187-8cca-4609-b0a1-52b794a084b4", "ticket_time": "2023-04-30 19:18:28", "license_plate": "5LV F02", "officer_id": "9cb344b3-c2c2-4ca8-9b8e-2d1295b5905a", "speed_limit": 65, "recorded_mph_over_limit": 19, "school_zone_ind": false, "work_zone_ind": false}, {"id": "837e15fa-a494-4d14-ba8e-70c525f7b2e4", "ticket_time": "2020-05-31 08:08:57", "license_plate": "7Y096", "officer_id": "2cd8fc26-c03b-428c-ab87-bdecb40e9507", "speed_limit": 30, "recorded_mph_over_limit": 12, "school_zone_ind": false, "work_zone_ind": false}, {"id": "bba474f7-2bbe-4ec9-964b-7ae34088032b", "ticket_time": "2021-12-31 07:13:07", "license_plate": "A05-FOO", "officer_id": "e2155846-cecb-4713-9da8-8cface393ddf", "speed_limit": 55, "recorded_mph_over_limit": 29, "school_zone_ind": false, "work_zone_ind": false}, {"id": "13eeef1a-33c8-452e-b2ea-9da855fb490a", "ticket_time": "2023-12-31 22:27:35", "license_plate": "03BJ094", "officer_id": "29b757f2-809a-44f7-a9e8-f8fe65ea291d", "speed_limit": 65, "recorded_mph_over_limit": 16, "school_zone_ind": false, "work_zone_ind": true}, {"id": "339e29e2-ca20-4344-8d02-dfadfb893c0b", "ticket_time": "2023-07-31 21:04:05", "license_plate": "211 GHO", "officer_id": "3e99107e-ed1c-4895-b78a-85d270e0559a", "speed_limit": 65, "recorded_mph_over_limit": 28, "school_zone_ind": false, "work_zone_ind": true}, {"id": "15d3ca62-7d86-48d7-a350-6780aaa19a2f", "ticket_time": "2023-07-31 22:45:26", "license_plate": "2BE Y16", "officer_id": "75b9a11f-ce88-486c-b5c8-b06fd3955b4a", "speed_limit": 65, "recorded_mph_over_limit": 8, "school_zone_ind": false, "work_zone_ind": false}, {"id": "d10fdc39-1709-44f1-8bc5-a82c33d07c03", "ticket_time": "2023-12-31 21:37:36", "license_plate": "PQI1688", "officer_id": "a8e6140d-7ef1-459d-80a9-8006122db887", "speed_limit": 65, "recorded_mph_over_limit": 19, "school_zone_ind": false, "work_zone_ind": false}, {"id": "9c6758ad-c69a-4193-a214-ab66cc5d62f4", "ticket_time": "2021-12-31 14:08:34", "license_plate": "015AI", "officer_id": "368eb483-c619-4c08-9421-4168d1b78625", "speed_limit": 40, "recorded_mph_over_limit": 14, "school_zone_ind": false, "work_zone_ind": true}, {"id": "de71e8ad-c7c5-414d-b291-121bf075da65", "ticket_time": "2021-09-30 18:55:44", "license_plate": "A76 6RL", "officer_id": "baea06fd-fb25-424b-a2b7-c728d6a72cc1", "speed_limit": 60, "recorded_mph_over_limit": 18, "school_zone_ind": false, "work_zone_ind": true}, {"id": "5da109f2-fca7-4a6f-bf9f-26681ced71f4", "ticket_time": "2022-03-31 16:15:21", "license_plate": "1RAP919", "officer_id": "ee57777a-e7f8-45d6-95a3-1adae28e59ad", "speed_limit": 25, "recorded_mph_over_limit": 20, "school_zone_ind": false, "work_zone_ind": true}, {"id": "799e260b-8d2f-41bd-a0a5-87ca996b0611", "ticket_time": "2023-02-28 23:56:38", "license_plate": "ED 2288", "officer_id": "e2155846-cecb-4713-9da8-8cface393ddf", "speed_limit": 55, "recorded_mph_over_limit": 25, "school_zone_ind": true, "work_zone_ind": false}, {"id": "1a3ec678-986d-4393-93b5-eb1478023ba6", "ticket_time": "2021-11-30 11:18:03", "license_plate": "818161", "officer_id": "a9f3b97c-1121-44e1-86b4-123d48ae47ff", "speed_limit": 55, "recorded_mph_over_limit": 17, "school_zone_ind": false, "work_zone_ind": false}, {"id": "8fb87af3-37a8-46a5-9a0e-a43789dfa57b", "ticket_time": "2023-02-28 23:00:43", "license_plate": "518-XOT", "officer_id": "f6c8ecff-14c4-410f-ac7a-adb9214ed6b8", "speed_limit": 30, "recorded_mph_over_limit": 21, "school_zone_ind": false, "work_zone_ind": false}, {"id": "69c61064-9636-42ae-9997-168f178d12d4", "ticket_time": "2022-12-31 15:49:05", "license_plate": "62B\u2022248", "officer_id": "6577761b-34db-457c-b61f-d1bdf59c8825", "speed_limit": 30, "recorded_mph_over_limit": 13, "school_zone_ind": true, "work_zone_ind": false}, {"id": "b0f05564-5dbc-4958-9b87-2ce088ff77e3", "ticket_time": "2023-08-31 09:49:21", "license_plate": "373-NQS", "officer_id": "18b728bd-a3fe-47d0-b742-373eecdce982", "speed_limit": 25, "recorded_mph_over_limit": 22, "school_zone_ind": false, "work_zone_ind": false}, {"id": "1e146e0e-2abc-4cb4-9ee6-e04fb6916706", "ticket_time": "2023-08-31 06:25:18", "license_plate": "CWF 0975", "officer_id": "368eb483-c619-4c08-9421-4168d1b78625", "speed_limit": 65, "recorded_mph_over_limit": 16, "school_zone_ind": false, "work_zone_ind": false}, {"id": "4303c875-a6fe-4eb7-9dfc-7154224c76b7", "ticket_time": "2022-12-31 17:23:01", "license_plate": "159-KBU", "officer_id": "3752c341-8470-455a-889d-c0fc2d1f5283", "speed_limit": 30, "recorded_mph_over_limit": 30, "school_zone_ind": false, "work_zone_ind": true}, {"id": "acb06649-cd32-46c9-8ac7-6c9c8c27da61", "ticket_time": "2021-09-30 16:28:53", "license_plate": "409-BLV", "officer_id": "e25e51fe-477a-4b9a-a41d-7cfa09888f37", "speed_limit": 55, "recorded_mph_over_limit": 22, "school_zone_ind": false, "work_zone_ind": false}, {"id": "4e441a3f-b628-485b-b2c3-96c53d5c7161", "ticket_time": "2022-08-31 14:19:58", "license_plate": "166 KQX", "officer_id": "978c46d0-f61c-4f9e-be51-7ad01036f332", "speed_limit": 65, "recorded_mph_over_limit": 23, "school_zone_ind": false, "work_zone_ind": true}, {"id": "0327d501-6696-4d98-b55f-02773423afc9", "ticket_time": "2023-08-31 18:55:20", "license_plate": "813 UI7", "officer_id": "2cd8fc26-c03b-428c-ab87-bdecb40e9507", "speed_limit": 65, "recorded_mph_over_limit": 20, "school_zone_ind": false, "work_zone_ind": true}, {"id": "4fb2b665-e6b9-45df-9019-c8bfb8cfc93d", "ticket_time": "2022-12-31 06:23:29", "license_plate": "FQH 024", "officer_id": "89e6205d-154c-4d4b-b4ac-da0b410b61ac", "speed_limit": 60, "recorded_mph_over_limit": 14, "school_zone_ind": false, "work_zone_ind": false}, {"id": "1bcb93ba-8bab-4f26-aa98-737e7771e6f2", "ticket_time": "2023-09-30 13:07:29", "license_plate": "601 FDC", "officer_id": "ee57777a-e7f8-45d6-95a3-1adae28e59ad", "speed_limit": 55, "recorded_mph_over_limit": 15, "school_zone_ind": false, "work_zone_ind": false}, {"id": "ecbfaf1b-8b48-4bbb-abb2-a0922d168d51", "ticket_time": "2023-12-31 19:52:26", "license_plate": "316XRK", "officer_id": "0e1f5d48-2bb1-45fb-9b46-01a907d6f546", "speed_limit": 55, "recorded_mph_over_limit": 22, "school_zone_ind": true, "work_zone_ind": false}, {"id": "f230f8b4-754f-4015-9fab-1e563e1348ed", "ticket_time": "2023-12-31 06:21:51", "license_plate": "719 FEQ", "officer_id": "b304a890-64cf-44d3-b0b1-351ca677089c", "speed_limit": 55, "recorded_mph_over_limit": 19, "school_zone_ind": true, "work_zone_ind": false}, {"id": "f79e8ddd-be4c-4782-ab1a-a67ea3724c19", "ticket_time": "2022-01-31 02:10:45", "license_plate": "KXX 452", "officer_id": "ee57777a-e7f8-45d6-95a3-1adae28e59ad", "speed_limit": 55, "recorded_mph_over_limit": 15, "school_zone_ind": false, "work_zone_ind": true}, {"id": "cf86c57f-37fe-4061-a2fc-b9c9d339f99e", "ticket_time": "2020-07-31 12:21:16", "license_plate": "326 IDW", "officer_id": "eda79663-1ae5-4384-ac1c-6c328c469809", "speed_limit": 55, "recorded_mph_over_limit": 30, "school_zone_ind": false, "work_zone_ind": false}, {"id": "e904a587-3749-4d54-b10a-30b5673afc5f", "ticket_time": "2021-09-30 21:44:05", "license_plate": "56GX7", "officer_id": "23888131-5f02-4fc6-9ab8-4c88dc6d3b1d", "speed_limit": 55, "recorded_mph_over_limit": 23, "school_zone_ind": true, "work_zone_ind": false}, {"id": "75220388-ecc3-4958-b98f-563d1a595b76", "ticket_time": "2022-12-31 01:38:29", "license_plate": "WZX-830", "officer_id": "9e80fe90-cb7c-49ac-95a7-7596012cc50f", "speed_limit": 30, "recorded_mph_over_limit": 30, "school_zone_ind": true, "work_zone_ind": false}, {"id": "17e288b4-be07-4133-915e-caefeb5f0c10", "ticket_time": "2023-08-31 07:48:29", "license_plate": "7IV T14", "officer_id": "e2155846-cecb-4713-9da8-8cface393ddf", "speed_limit": 30, "recorded_mph_over_limit": 15, "school_zone_ind": false, "work_zone_ind": false}, {"id": "9d0b890d-5230-48ee-b354-5bbe72c59168", "ticket_time": "2021-12-31 14:33:22", "license_plate": "979 1RM", "officer_id": "c30a45e5-5f6d-40da-b5cb-c0473042861b", "speed_limit": 55, "recorded_mph_over_limit": 29, "school_zone_ind": false, "work_zone_ind": false}, {"id": "55b2413c-dc3e-4a12-95c7-ea762cf3272a", "ticket_time": "2021-01-31 17:04:19", "license_plate": "876-XYF", "officer_id": "18b728bd-a3fe-47d0-b742-373eecdce982", "speed_limit": 60, "recorded_mph_over_limit": 14, "school_zone_ind": false, "work_zone_ind": false}, {"id": "d727a539-86a4-490c-a599-72c0cec5ab14", "ticket_time": "2022-12-31 20:46:06", "license_plate": "KEV 228", "officer_id": "274e40c3-fa93-4f44-8a4c-0e6c36917cea", "speed_limit": 25, "recorded_mph_over_limit": 22, "school_zone_ind": false, "work_zone_ind": false}, {"id": "42a9be6b-3917-4a3f-ae02-815cec57dc6a", "ticket_time": "2023-11-30 20:28:56", "license_plate": "624-GLW", "officer_id": "e2155846-cecb-4713-9da8-8cface393ddf", "speed_limit": 25, "recorded_mph_over_limit": 17, "school_zone_ind": false, "work_zone_ind": false}, {"id": "0cc59cf2-9384-47ee-a2d3-be9d366b007f", "ticket_time": "2023-02-28 14:35:21", "license_plate": "084-XAY", "officer_id": "f6c8ecff-14c4-410f-ac7a-adb9214ed6b8", "speed_limit": 15, "recorded_mph_over_limit": 26, "school_zone_ind": false, "work_zone_ind": true}, {"id": "4e71d07b-66ef-4ac9-aeb5-e9d0a8751a03", "ticket_time": "2020-12-31 03:56:41", "license_plate": "BVJ-068", "officer_id": "b754baad-7a14-4c8c-a2ce-568b3c8c8238", "speed_limit": 40, "recorded_mph_over_limit": 11, "school_zone_ind": false, "work_zone_ind": true}, {"id": "4fb68dfc-02fe-4149-bff6-b3011d1d6ed2", "ticket_time": "2021-12-31 02:34:36", "license_plate": "IQD4517", "officer_id": "2cd8fc26-c03b-428c-ab87-bdecb40e9507", "speed_limit": 65, "recorded_mph_over_limit": 24, "school_zone_ind": false, "work_zone_ind": false}, {"id": "b69c6de7-7bdd-478d-9bd2-0d007420891e", "ticket_time": "2020-12-31 16:25:01", "license_plate": "9KJ Z99", "officer_id": "b754baad-7a14-4c8c-a2ce-568b3c8c8238", "speed_limit": 65, "recorded_mph_over_limit": 11, "school_zone_ind": true, "work_zone_ind": true}, {"id": "83ea3c39-a9c5-462f-a28c-5a3caafb0e13", "ticket_time": "2023-01-31 13:33:59", "license_plate": "447-HIH", "officer_id": "c30a45e5-5f6d-40da-b5cb-c0473042861b", "speed_limit": 40, "recorded_mph_over_limit": 11, "school_zone_ind": true, "work_zone_ind": false}, {"id": "15f4f4ed-8a1f-47ac-88fc-9e336297d0ed", "ticket_time": "2020-09-30 08:13:44", "license_plate": "OU 5301", "officer_id": "391da49c-a89f-4ef2-86c3-ddbb75f1add9", "speed_limit": 25, "recorded_mph_over_limit": 8, "school_zone_ind": true, "work_zone_ind": true}, {"id": "37f3c417-cf22-4742-8bf4-953861cca289", "ticket_time": "2023-12-31 13:52:44", "license_plate": "66Z 7451", "officer_id": "6b2fc15d-9c26-4d7b-a520-16975c63f3bb", "speed_limit": 60, "recorded_mph_over_limit": 12, "school_zone_ind": false, "work_zone_ind": false}, {"id": "dcdefbca-2ad5-4ce1-81dc-abd21e4e7ec2", "ticket_time": "2021-10-31 14:52:35", "license_plate": "642-116", "officer_id": "18b728bd-a3fe-47d0-b742-373eecdce982", "speed_limit": 65, "recorded_mph_over_limit": 19, "school_zone_ind": false, "work_zone_ind": false}, {"id": "51612f19-692d-4099-8a56-3c0c9026de6c", "ticket_time": "2023-07-31 22:35:01", "license_plate": "MCU0011", "officer_id": "391da49c-a89f-4ef2-86c3-ddbb75f1add9", "speed_limit": 25, "recorded_mph_over_limit": 26, "school_zone_ind": true, "work_zone_ind": false}, {"id": "53337deb-b98e-434c-9555-5fcae1012292", "ticket_time": "2023-09-30 08:48:28", "license_plate": "444 VOF", "officer_id": "89e6205d-154c-4d4b-b4ac-da0b410b61ac", "speed_limit": 40, "recorded_mph_over_limit": 25, "school_zone_ind": false, "work_zone_ind": false}, {"id": "f8891737-1134-456b-86ab-43a3f504067d", "ticket_time": "2021-11-30 09:37:55", "license_plate": "469-INJ", "officer_id": "6577761b-34db-457c-b61f-d1bdf59c8825", "speed_limit": 60, "recorded_mph_over_limit": 24, "school_zone_ind": false, "work_zone_ind": false}, {"id": "b2e9a222-785b-44c7-99cc-071ddc0a993b", "ticket_time": "2022-09-30 22:19:20", "license_plate": "3RX54", "officer_id": "9cb344b3-c2c2-4ca8-9b8e-2d1295b5905a", "speed_limit": 40, "recorded_mph_over_limit": 26, "school_zone_ind": false, "work_zone_ind": true}, {"id": "8ef370f9-910c-4d20-bef3-41cd33a9c575", "ticket_time": "2022-12-31 17:07:01", "license_plate": "892 ATI", "officer_id": "a9f3b97c-1121-44e1-86b4-123d48ae47ff", "speed_limit": 25, "recorded_mph_over_limit": 19, "school_zone_ind": false, "work_zone_ind": false}, {"id": "bb063a32-39cb-416a-8991-0bbc1b495c79", "ticket_time": "2022-08-31 15:02:18", "license_plate": "6EL54", "officer_id": "368eb483-c619-4c08-9421-4168d1b78625", "speed_limit": 55, "recorded_mph_over_limit": 28, "school_zone_ind": true, "work_zone_ind": false}, {"id": "78e44250-a0e0-434f-837d-106266ff752a", "ticket_time": "2023-12-31 17:06:53", "license_plate": "4-11833", "officer_id": "8dd353b0-6fb9-4c7f-9e9c-f29cd748ba29", "speed_limit": 40, "recorded_mph_over_limit": 9, "school_zone_ind": false, "work_zone_ind": true}, {"id": "a4680ac1-4db8-4b64-acae-57580f039bb6", "ticket_time": "2022-05-31 04:17:51", "license_plate": "UN 49620", "officer_id": "23888131-5f02-4fc6-9ab8-4c88dc6d3b1d", "speed_limit": 30, "recorded_mph_over_limit": 18, "school_zone_ind": false, "work_zone_ind": false}, {"id": "7b6a2697-e998-4fd3-aa2a-1cd5a9d80d3f", "ticket_time": "2022-02-28 04:05:21", "license_plate": "99J\u2022391", "officer_id": "f6c8ecff-14c4-410f-ac7a-adb9214ed6b8", "speed_limit": 60, "recorded_mph_over_limit": 12, "school_zone_ind": false, "work_zone_ind": true}, {"id": "373fb987-6953-46c1-89b7-62a7571bb6ba", "ticket_time": "2021-03-31 22:34:55", "license_plate": "YJU-6300", "officer_id": "e2155846-cecb-4713-9da8-8cface393ddf", "speed_limit": 25, "recorded_mph_over_limit": 23, "school_zone_ind": true, "work_zone_ind": false}, {"id": "7fa47196-e711-4f23-a9c3-f0f579dc6363", "ticket_time": "2022-07-31 10:24:59", "license_plate": "1584 PI", "officer_id": "fc97a956-e4e5-40c2-b824-b8d7276460fd", "speed_limit": 65, "recorded_mph_over_limit": 11, "school_zone_ind": false, "work_zone_ind": true}, {"id": "e87c95ab-1117-4a36-9062-96400d5396ad", "ticket_time": "2020-09-30 12:46:57", "license_plate": "5P MG445", "officer_id": "3752c341-8470-455a-889d-c0fc2d1f5283", "speed_limit": 30, "recorded_mph_over_limit": 25, "school_zone_ind": false, "work_zone_ind": false}, {"id": "aedffe31-0601-49e6-8708-c5bb89fa5687", "ticket_time": "2021-01-31 19:06:30", "license_plate": "66HH7", "officer_id": "6577761b-34db-457c-b61f-d1bdf59c8825", "speed_limit": 60, "recorded_mph_over_limit": 23, "school_zone_ind": false, "work_zone_ind": false}, {"id": "6448aac7-10d3-4b9c-ad9d-5a5abcda34dd", "ticket_time": "2021-12-31 09:58:20", "license_plate": "174-MHI", "officer_id": "baea06fd-fb25-424b-a2b7-c728d6a72cc1", "speed_limit": 55, "recorded_mph_over_limit": 24, "school_zone_ind": false, "work_zone_ind": false}, {"id": "05cd86de-665f-47ee-b3db-028b96ede453", "ticket_time": "2023-11-30 13:50:37", "license_plate": "GC0 8833", "officer_id": "b5e73d44-3c58-4703-9bde-69f3d33beb9b", "speed_limit": 55, "recorded_mph_over_limit": 10, "school_zone_ind": false, "work_zone_ind": false}, {"id": "68b3b3c2-83c8-4de3-a752-205f2d036886", "ticket_time": "2020-08-31 20:32:37", "license_plate": "HTR 019", "officer_id": "eda79663-1ae5-4384-ac1c-6c328c469809", "speed_limit": 65, "recorded_mph_over_limit": 12, "school_zone_ind": true, "work_zone_ind": true}, {"id": "a8b20deb-d369-45e5-bd4c-efb00c5d3502", "ticket_time": "2023-12-31 23:48:39", "license_plate": "33UB810", "officer_id": "fc97a956-e4e5-40c2-b824-b8d7276460fd", "speed_limit": 15, "recorded_mph_over_limit": 19, "school_zone_ind": true, "work_zone_ind": false}, {"id": "4086a996-264b-4f52-bc93-a7c8e4aa6b42", "ticket_time": "2023-08-31 12:58:42", "license_plate": "1-8727R", "officer_id": "2cd8fc26-c03b-428c-ab87-bdecb40e9507", "speed_limit": 15, "recorded_mph_over_limit": 22, "school_zone_ind": true, "work_zone_ind": false}, {"id": "54e9f061-9069-4ded-a787-90fc69244dca", "ticket_time": "2022-09-30 12:35:10", "license_plate": "LCJ 437", "officer_id": "f23a8e6f-f9db-454a-93e9-66c9be81cce6", "speed_limit": 60, "recorded_mph_over_limit": 14, "school_zone_ind": false, "work_zone_ind": false}, {"id": "a0a3bb6d-1fe5-4f2c-b05f-87254028407a", "ticket_time": "2022-06-30 15:55:37", "license_plate": "SCU-685", "officer_id": "b304a890-64cf-44d3-b0b1-351ca677089c", "speed_limit": 30, "recorded_mph_over_limit": 23, "school_zone_ind": false, "work_zone_ind": true}, {"id": "0804d5d7-35ee-4c57-9447-b528553c0486", "ticket_time": "2022-10-31 23:51:51", "license_plate": "83H\u2022031", "officer_id": "3752c341-8470-455a-889d-c0fc2d1f5283", "speed_limit": 15, "recorded_mph_over_limit": 11, "school_zone_ind": false, "work_zone_ind": true}, {"id": "0f976945-eeb0-4902-b196-4e3b69a106ae", "ticket_time": "2023-12-31 08:03:47", "license_plate": "4BV 532", "officer_id": "e2155846-cecb-4713-9da8-8cface393ddf", "speed_limit": 55, "recorded_mph_over_limit": 25, "school_zone_ind": false, "work_zone_ind": false}, {"id": "93e508ec-4782-4962-af4c-968f4e21c58e", "ticket_time": "2022-01-31 15:06:00", "license_plate": "757PL", "officer_id": "75b9a11f-ce88-486c-b5c8-b06fd3955b4a", "speed_limit": 40, "recorded_mph_over_limit": 17, "school_zone_ind": false, "work_zone_ind": false}, {"id": "155d8b2c-69b1-44d1-b53f-87ad81018bdf", "ticket_time": "2023-12-31 03:42:44", "license_plate": "MKN-2136", "officer_id": "a8e6140d-7ef1-459d-80a9-8006122db887", "speed_limit": 25, "recorded_mph_over_limit": 16, "school_zone_ind": true, "work_zone_ind": false}, {"id": "abc07b05-7fbd-442b-9dcf-75ca4d9bbc3d", "ticket_time": "2022-02-28 13:48:31", "license_plate": "739 MIP", "officer_id": "c30a45e5-5f6d-40da-b5cb-c0473042861b", "speed_limit": 30, "recorded_mph_over_limit": 26, "school_zone_ind": false, "work_zone_ind": false}, {"id": "ccb513a8-5bf9-4a9a-bb12-5c202e9d2998", "ticket_time": "2022-08-31 07:11:07", "license_plate": "VI 1425", "officer_id": "c85a2652-7dfb-4b68-8e2b-1eabf2112559", "speed_limit": 40, "recorded_mph_over_limit": 18, "school_zone_ind": true, "work_zone_ind": false}, {"id": "2d36fe78-108a-46c9-862d-54b026a784af", "ticket_time": "2023-03-31 11:00:37", "license_plate": "ZU6 Q6E", "officer_id": "d140d9d7-c677-4532-98a7-1c169936c523", "speed_limit": 40, "recorded_mph_over_limit": 18, "school_zone_ind": false, "work_zone_ind": true}, {"id": "3289af16-e20f-4d48-940f-31e730f128bb", "ticket_time": "2022-01-31 13:10:01", "license_plate": "2-4663S", "officer_id": "6b2fc15d-9c26-4d7b-a520-16975c63f3bb", "speed_limit": 40, "recorded_mph_over_limit": 23, "school_zone_ind": true, "work_zone_ind": false}, {"id": "5ba2bd57-46f9-410c-9fa8-d810e1a4aa0c", "ticket_time": "2022-12-31 06:19:43", "license_plate": "VLX-1768", "officer_id": "6b2fc15d-9c26-4d7b-a520-16975c63f3bb", "speed_limit": 30, "recorded_mph_over_limit": 30, "school_zone_ind": false, "work_zone_ind": true}, {"id": "85c9bf6e-5a10-4e35-8823-05626f6209af", "ticket_time": "2020-12-31 19:06:05", "license_plate": "240 9GQ", "officer_id": "3752c341-8470-455a-889d-c0fc2d1f5283", "speed_limit": 60, "recorded_mph_over_limit": 10, "school_zone_ind": true, "work_zone_ind": true}, {"id": "95447688-8f91-4c21-a8a4-e87427c5709c", "ticket_time": "2022-01-31 18:29:53", "license_plate": "KHJ 818", "officer_id": "89e6205d-154c-4d4b-b4ac-da0b410b61ac", "speed_limit": 25, "recorded_mph_over_limit": 23, "school_zone_ind": true, "work_zone_ind": false}, {"id": "67f14c75-cc2e-4f46-b3ed-c7d16f828383", "ticket_time": "2023-12-31 18:02:51", "license_plate": "DVC2301", "officer_id": "29b757f2-809a-44f7-a9e8-f8fe65ea291d", "speed_limit": 60, "recorded_mph_over_limit": 17, "school_zone_ind": false, "work_zone_ind": true}, {"id": "a4554c4c-6cc5-45bf-a557-0c0344f24bdb", "ticket_time": "2023-04-30 23:35:17", "license_plate": "7L 1Y3NZD", "officer_id": "3752c341-8470-455a-889d-c0fc2d1f5283", "speed_limit": 40, "recorded_mph_over_limit": 14, "school_zone_ind": true, "work_zone_ind": false}, {"id": "0901df05-3745-4b99-918a-6d4d8fa9f589", "ticket_time": "2023-07-31 05:32:38", "license_plate": "9VP 324", "officer_id": "c85a2652-7dfb-4b68-8e2b-1eabf2112559", "speed_limit": 40, "recorded_mph_over_limit": 11, "school_zone_ind": false, "work_zone_ind": false}, {"id": "74f344ed-484e-4bc5-941d-5704fd7ff08f", "ticket_time": "2022-02-28 21:38:24", "license_plate": "BCQ-6550", "officer_id": "29b757f2-809a-44f7-a9e8-f8fe65ea291d", "speed_limit": 55, "recorded_mph_over_limit": 10, "school_zone_ind": true, "work_zone_ind": true}, {"id": "dcdd5bbc-436c-4d6a-95cb-caf95badfd81", "ticket_time": "2023-11-30 14:13:44", "license_plate": "CU6 N5E", "officer_id": "368eb483-c619-4c08-9421-4168d1b78625", "speed_limit": 40, "recorded_mph_over_limit": 24, "school_zone_ind": false, "work_zone_ind": false}, {"id": "5b851b8b-b874-41b1-b168-3154c39ef0df", "ticket_time": "2021-12-31 03:56:52", "license_plate": "512Z7", "officer_id": "a9f3b97c-1121-44e1-86b4-123d48ae47ff", "speed_limit": 55, "recorded_mph_over_limit": 24, "school_zone_ind": false, "work_zone_ind": false}, {"id": "37b81449-776d-4336-ac96-4c4ae145927a", "ticket_time": "2023-09-30 19:49:17", "license_plate": "GVN-264", "officer_id": "baea06fd-fb25-424b-a2b7-c728d6a72cc1", "speed_limit": 15, "recorded_mph_over_limit": 23, "school_zone_ind": false, "work_zone_ind": true}, {"id": "62f6aac4-fc4d-4ab0-bd94-e387ff297805", "ticket_time": "2023-08-31 18:32:19", "license_plate": "AYZ9659", "officer_id": "3e99107e-ed1c-4895-b78a-85d270e0559a", "speed_limit": 30, "recorded_mph_over_limit": 14, "school_zone_ind": false, "work_zone_ind": false}, {"id": "1fef4b79-fccb-418f-8667-f406af0ec759", "ticket_time": "2023-10-31 09:12:32", "license_plate": "LTD 054", "officer_id": "9cb344b3-c2c2-4ca8-9b8e-2d1295b5905a", "speed_limit": 30, "recorded_mph_over_limit": 22, "school_zone_ind": false, "work_zone_ind": false}, {"id": "19079f86-b658-4190-b26d-5244a59ba8a2", "ticket_time": "2022-09-30 15:34:47", "license_plate": "6738 ZW", "officer_id": "89e6205d-154c-4d4b-b4ac-da0b410b61ac", "speed_limit": 25, "recorded_mph_over_limit": 20, "school_zone_ind": false, "work_zone_ind": true}, {"id": "100fe9b4-646c-48ac-9616-05024ff1dd80", "ticket_time": "2021-09-30 14:55:24", "license_plate": "QA2 7271", "officer_id": "b304a890-64cf-44d3-b0b1-351ca677089c", "speed_limit": 15, "recorded_mph_over_limit": 25, "school_zone_ind": false, "work_zone_ind": true}, {"id": "5a0115ad-3cfa-474b-81dc-3ca969d35ba3", "ticket_time": "2023-04-30 11:37:10", "license_plate": "EPK 1423", "officer_id": "e9f10fd7-a9e4-43fc-9b26-908bb7a748d7", "speed_limit": 30, "recorded_mph_over_limit": 22, "school_zone_ind": true, "work_zone_ind": false}, {"id": "9426dc63-5ffc-4034-b734-d86f71fc8f82", "ticket_time": "2023-01-31 14:48:02", "license_plate": "0372", "officer_id": "d9a0f8ea-66b0-4181-8ec0-6354fb96e7a0", "speed_limit": 30, "recorded_mph_over_limit": 26, "school_zone_ind": false, "work_zone_ind": false}, {"id": "b96491fd-88d4-466a-ae5a-b6532fac0b01", "ticket_time": "2023-02-28 20:03:25", "license_plate": "BU8 Q9E", "officer_id": "8dd353b0-6fb9-4c7f-9e9c-f29cd748ba29", "speed_limit": 30, "recorded_mph_over_limit": 25, "school_zone_ind": true, "work_zone_ind": false}, {"id": "8604d66c-bb0b-40cb-8830-583bfe9636c1", "ticket_time": "2023-06-30 15:45:34", "license_plate": "55-EV94", "officer_id": "2cd8fc26-c03b-428c-ab87-bdecb40e9507", "speed_limit": 15, "recorded_mph_over_limit": 8, "school_zone_ind": false, "work_zone_ind": false}, {"id": "3b0eb9c8-ceb6-4f72-bbf7-6a3a0893ff73", "ticket_time": "2023-08-31 09:46:59", "license_plate": "0CR9075", "officer_id": "2cd8fc26-c03b-428c-ab87-bdecb40e9507", "speed_limit": 30, "recorded_mph_over_limit": 21, "school_zone_ind": true, "work_zone_ind": false}, {"id": "773256e6-ece3-4cf5-9732-63dc43eeb722", "ticket_time": "2022-09-30 13:45:42", "license_plate": "569-ALX", "officer_id": "c30a45e5-5f6d-40da-b5cb-c0473042861b", "speed_limit": 40, "recorded_mph_over_limit": 20, "school_zone_ind": false, "work_zone_ind": false}, {"id": "9705c24e-8fbf-4a45-918b-67bccfc8d6a9", "ticket_time": "2022-08-31 16:27:01", "license_plate": "366 0ZF", "officer_id": "d140d9d7-c677-4532-98a7-1c169936c523", "speed_limit": 25, "recorded_mph_over_limit": 18, "school_zone_ind": false, "work_zone_ind": false}, {"id": "d6cdedd1-1536-4b6c-9c2d-681ed5165776", "ticket_time": "2022-01-31 21:56:45", "license_plate": "43-GP11", "officer_id": "2cd8fc26-c03b-428c-ab87-bdecb40e9507", "speed_limit": 65, "recorded_mph_over_limit": 18, "school_zone_ind": false, "work_zone_ind": true}, {"id": "b87f33f4-c3a4-48ae-91e5-ecf959eed36c", "ticket_time": "2023-04-30 14:46:49", "license_plate": "21-Z225", "officer_id": "c30a45e5-5f6d-40da-b5cb-c0473042861b", "speed_limit": 30, "recorded_mph_over_limit": 9, "school_zone_ind": true, "work_zone_ind": false}, {"id": "58617f2e-34a1-4c17-80f4-40d74574c71d", "ticket_time": "2020-10-31 07:22:52", "license_plate": "626155", "officer_id": "6577761b-34db-457c-b61f-d1bdf59c8825", "speed_limit": 30, "recorded_mph_over_limit": 26, "school_zone_ind": true, "work_zone_ind": true}, {"id": "9599c280-0603-493f-9d98-aa168eb23095", "ticket_time": "2021-09-30 23:03:03", "license_plate": "369 GXB", "officer_id": "0e1f5d48-2bb1-45fb-9b46-01a907d6f546", "speed_limit": 65, "recorded_mph_over_limit": 27, "school_zone_ind": false, "work_zone_ind": false}, {"id": "1077161e-8f3d-457d-b9cf-a324c193c87d", "ticket_time": "2023-08-31 23:02:42", "license_plate": "264 HOE", "officer_id": "4089c844-4fdb-479e-82e9-fd08fd55635b", "speed_limit": 30, "recorded_mph_over_limit": 24, "school_zone_ind": false, "work_zone_ind": false}, {"id": "7fe44475-3286-4ce6-9ecf-9d1ae44fdd66", "ticket_time": "2023-11-30 17:55:46", "license_plate": "4VR P09", "officer_id": "23888131-5f02-4fc6-9ab8-4c88dc6d3b1d", "speed_limit": 25, "recorded_mph_over_limit": 9, "school_zone_ind": false, "work_zone_ind": false}, {"id": "51c481d6-94b9-4376-8a09-9ceaaa54d5a0", "ticket_time": "2022-10-31 21:35:08", "license_plate": "VAG-9450", "officer_id": "b304a890-64cf-44d3-b0b1-351ca677089c", "speed_limit": 60, "recorded_mph_over_limit": 12, "school_zone_ind": false, "work_zone_ind": false}, {"id": "af5a1dd2-ec70-4d3f-b9e2-96d9da196129", "ticket_time": "2023-05-31 12:12:17", "license_plate": "58-02353", "officer_id": "7d01ef10-6213-4535-84b8-77b22f6a0683", "speed_limit": 25, "recorded_mph_over_limit": 25, "school_zone_ind": false, "work_zone_ind": false}, {"id": "14f06b32-da26-4963-9a4b-2f3ff5d0153b", "ticket_time": "2021-09-30 17:03:04", "license_plate": "F35-00Y", "officer_id": "8dd353b0-6fb9-4c7f-9e9c-f29cd748ba29", "speed_limit": 65, "recorded_mph_over_limit": 15, "school_zone_ind": true, "work_zone_ind": false}, {"id": "d7a8691b-9470-48b9-9e23-2278ca137aab", "ticket_time": "2021-10-31 10:22:44", "license_plate": "2LL 872", "officer_id": "eda79663-1ae5-4384-ac1c-6c328c469809", "speed_limit": 40, "recorded_mph_over_limit": 20, "school_zone_ind": true, "work_zone_ind": false}, {"id": "2666c257-55e9-467a-b4fe-70e65f2f0c2a", "ticket_time": "2023-04-30 05:35:39", "license_plate": "JE 8990", "officer_id": "29b757f2-809a-44f7-a9e8-f8fe65ea291d", "speed_limit": 30, "recorded_mph_over_limit": 18, "school_zone_ind": true, "work_zone_ind": false}, {"id": "c8821c7d-42ff-440a-bc80-bfac1b900376", "ticket_time": "2023-02-28 07:31:17", "license_plate": "EPL 692", "officer_id": "c85a2652-7dfb-4b68-8e2b-1eabf2112559", "speed_limit": 55, "recorded_mph_over_limit": 29, "school_zone_ind": true, "work_zone_ind": true}, {"id": "3b68ddee-a77f-471f-904e-ff1fa4f29f83", "ticket_time": "2022-12-31 17:13:29", "license_plate": "1C EJ532", "officer_id": "2cd8fc26-c03b-428c-ab87-bdecb40e9507", "speed_limit": 55, "recorded_mph_over_limit": 9, "school_zone_ind": false, "work_zone_ind": false}, {"id": "2613a707-3fa2-4b92-af29-908cda864204", "ticket_time": "2023-08-31 21:03:11", "license_plate": "VQB 157", "officer_id": "274e40c3-fa93-4f44-8a4c-0e6c36917cea", "speed_limit": 30, "recorded_mph_over_limit": 17, "school_zone_ind": false, "work_zone_ind": false}, {"id": "2b53c5f7-4461-4552-aa48-e8abd5aa1848", "ticket_time": "2023-01-31 16:03:45", "license_plate": "MQA 711", "officer_id": "978c46d0-f61c-4f9e-be51-7ad01036f332", "speed_limit": 40, "recorded_mph_over_limit": 13, "school_zone_ind": false, "work_zone_ind": false}, {"id": "29535e91-5718-4321-b763-2c22592e888a", "ticket_time": "2022-02-28 12:18:48", "license_plate": "1G842", "officer_id": "d140d9d7-c677-4532-98a7-1c169936c523", "speed_limit": 60, "recorded_mph_over_limit": 13, "school_zone_ind": false, "work_zone_ind": false}, {"id": "6ac1a503-8493-4f56-a829-3c5284333359", "ticket_time": "2022-03-31 02:20:05", "license_plate": "162VGF", "officer_id": "75b9a11f-ce88-486c-b5c8-b06fd3955b4a", "speed_limit": 55, "recorded_mph_over_limit": 17, "school_zone_ind": false, "work_zone_ind": false}, {"id": "7750f5da-62c7-4ebe-9185-207420a62693", "ticket_time": "2023-04-30 02:02:19", "license_plate": "KYG2425", "officer_id": "e25e51fe-477a-4b9a-a41d-7cfa09888f37", "speed_limit": 65, "recorded_mph_over_limit": 10, "school_zone_ind": false, "work_zone_ind": false}, {"id": "0fa0c765-4d00-4bd7-a09e-443934aea83e", "ticket_time": "2023-03-31 02:13:52", "license_plate": "5YUW 81", "officer_id": "f6c8ecff-14c4-410f-ac7a-adb9214ed6b8", "speed_limit": 25, "recorded_mph_over_limit": 23, "school_zone_ind": false, "work_zone_ind": false}, {"id": "8bba5835-7852-4fc6-aa00-fe57f413a5f3", "ticket_time": "2022-05-31 16:09:56", "license_plate": "470 OCE", "officer_id": "2cd8fc26-c03b-428c-ab87-bdecb40e9507", "speed_limit": 55, "recorded_mph_over_limit": 9, "school_zone_ind": false, "work_zone_ind": true}, {"id": "783ea8e4-661f-41fa-9b61-b3855b0005c4", "ticket_time": "2022-12-31 02:04:24", "license_plate": "053MPL", "officer_id": "8dd353b0-6fb9-4c7f-9e9c-f29cd748ba29", "speed_limit": 30, "recorded_mph_over_limit": 25, "school_zone_ind": false, "work_zone_ind": false}, {"id": "193edbde-ea5e-485d-bf82-497d071d2da0", "ticket_time": "2023-12-31 01:26:54", "license_plate": "26-04061", "officer_id": "e2155846-cecb-4713-9da8-8cface393ddf", "speed_limit": 15, "recorded_mph_over_limit": 25, "school_zone_ind": false, "work_zone_ind": false}, {"id": "76ae804d-bb80-4534-86aa-22bc203226f5", "ticket_time": "2023-10-31 09:40:50", "license_plate": "0HS 393", "officer_id": "a8e6140d-7ef1-459d-80a9-8006122db887", "speed_limit": 15, "recorded_mph_over_limit": 20, "school_zone_ind": false, "work_zone_ind": false}, {"id": "7f08b0d7-8e5d-418b-89e4-108c46a653e4", "ticket_time": "2023-12-31 15:37:44", "license_plate": "TY 66258", "officer_id": "f6c8ecff-14c4-410f-ac7a-adb9214ed6b8", "speed_limit": 65, "recorded_mph_over_limit": 20, "school_zone_ind": false, "work_zone_ind": false}, {"id": "af058293-1d06-4bb5-aeb1-97af454c84a0", "ticket_time": "2021-09-30 08:45:13", "license_plate": "097D", "officer_id": "ee57777a-e7f8-45d6-95a3-1adae28e59ad", "speed_limit": 25, "recorded_mph_over_limit": 16, "school_zone_ind": false, "work_zone_ind": true}, {"id": "5be5c492-d94f-4682-9a72-6bf467336a37", "ticket_time": "2023-03-31 23:49:02", "license_plate": "871 9TX", "officer_id": "6b2fc15d-9c26-4d7b-a520-16975c63f3bb", "speed_limit": 30, "recorded_mph_over_limit": 16, "school_zone_ind": false, "work_zone_ind": false}, {"id": "feb995a3-4263-40f1-9afa-bc344893ec58", "ticket_time": "2020-12-31 05:06:45", "license_plate": "93C WZ6", "officer_id": "a085670f-9bf0-4dcc-94b9-58081126f6d7", "speed_limit": 60, "recorded_mph_over_limit": 18, "school_zone_ind": false, "work_zone_ind": false}, {"id": "33002ca7-fe1d-48fd-be01-c43bf5308c12", "ticket_time": "2022-11-30 17:08:26", "license_plate": "HYH-2441", "officer_id": "6577761b-34db-457c-b61f-d1bdf59c8825", "speed_limit": 15, "recorded_mph_over_limit": 17, "school_zone_ind": true, "work_zone_ind": false}, {"id": "567e7a91-6789-4dcc-807a-e478833e5010", "ticket_time": "2021-06-30 16:08:13", "license_plate": "08S 455", "officer_id": "3752c341-8470-455a-889d-c0fc2d1f5283", "speed_limit": 25, "recorded_mph_over_limit": 27, "school_zone_ind": false, "work_zone_ind": false}, {"id": "602defb6-05e8-49f1-85fd-6ffd6ad34210", "ticket_time": "2022-01-31 16:03:18", "license_plate": "MUC-347", "officer_id": "51226066-9f3d-482f-a245-9a9b7c1698c8", "speed_limit": 30, "recorded_mph_over_limit": 11, "school_zone_ind": false, "work_zone_ind": true}, {"id": "25587602-4c86-4ac5-bb24-69b3b8a0257a", "ticket_time": "2023-10-31 23:32:53", "license_plate": "CPV 176", "officer_id": "89e6205d-154c-4d4b-b4ac-da0b410b61ac", "speed_limit": 55, "recorded_mph_over_limit": 17, "school_zone_ind": true, "work_zone_ind": false}, {"id": "b331879b-735a-4009-befa-f4497dab58ab", "ticket_time": "2022-08-31 11:47:16", "license_plate": "311 LLH", "officer_id": "23888131-5f02-4fc6-9ab8-4c88dc6d3b1d", "speed_limit": 25, "recorded_mph_over_limit": 30, "school_zone_ind": false, "work_zone_ind": false}, {"id": "151673b7-2ae0-4bcc-b4c4-ac52e57df1ce", "ticket_time": "2021-12-31 15:03:14", "license_plate": "50-65753", "officer_id": "2cd8fc26-c03b-428c-ab87-bdecb40e9507", "speed_limit": 40, "recorded_mph_over_limit": 17, "school_zone_ind": false, "work_zone_ind": false}, {"id": "1825067d-a8e8-4a33-9585-bb29aa7f60ca", "ticket_time": "2022-03-31 03:08:38", "license_plate": "67SR206", "officer_id": "3752c341-8470-455a-889d-c0fc2d1f5283", "speed_limit": 65, "recorded_mph_over_limit": 21, "school_zone_ind": false, "work_zone_ind": false}]}