<?xml version="1.0" encoding="UTF-8" ?><automobiles><automobile><person_id>5cd1e2fa-8435-4158-bf97-6df1f805b5e6</person_id><license_plate>0D S2428</license_plate><vin>ZFAYFBDP3BHB46PWF</vin><color>YellowGreen</color><year>1996</year></automobile><automobile><person_id>5cd1e2fa-8435-4158-bf97-6df1f805b5e6</person_id><license_plate>CEC 590</license_plate><vin>H64UFVTS7N5VSN8RH</vin><color>PaleGoldenRod</color><year>2005</year></automobile><automobile><person_id>e6debaf0-10a2-4ec9-9958-b6a7f5c71a32</person_id><license_plate>LCL 092</license_plate><vin>0D2TDLKC0J5WFN1SN</vin><color>Moccasin</color><year>1990</year></automobile><automobile><person_id>894b0e10-066d-4d15-9716-4b8b330a97bf</person_id><license_plate>24-1709K</license_plate><vin>KDF5SKAE3AL1YZEBG</vin><color>PaleGoldenRod</color><year>2005</year></automobile><automobile><person_id>894b0e10-066d-4d15-9716-4b8b330a97bf</person_id><license_plate>724-ODX</license_plate><vin>0PYFZJNHXJRURYJK7</vin><color>DimGray</color><year>2013</year></automobile><automobile><person_id>7fe18fdd-8e03-47e6-8b51-cac47d2aa65e</person_id><license_plate>MMH 150</license_plate><vin>MG19XLCP2R2ZE79WC</vin><color>DarkOliveGreen</color><year>2017</year></automobile><automobile><person_id>7fe18fdd-8e03-47e6-8b51-cac47d2aa65e</person_id><license_plate>KJT 885</license_plate><vin>XB3R497200MLGRG12</vin><color>DarkBlue</color><year>2020</year></automobile><automobile><person_id>759443af-bcde-40d7-a6a9-7ef3fd5f49b8</person_id><license_plate>3O 8828C</license_plate><vin>C5RS7RB682LPS7JXN</vin><color>BlanchedAlmond</color><year>1992</year></automobile><automobile><person_id>f645cc28-0f35-491a-867f-9fa7e643a95a</person_id><license_plate>901 CE3</license_plate><vin>HGF1MGY444Z7HVNXX</vin><color>Thistle</color><year>1970</year></automobile><automobile><person_id>bbafa244-e99e-4585-9961-bc7ec22e934f</person_id><license_plate>P91 1HO</license_plate><vin>P3G35MVS6FJ6ZG0JE</vin><color>CadetBlue</color><year>2016</year></automobile><automobile><person_id>8c285383-be06-4eb8-9934-e1fb666d00e2</person_id><license_plate>41YI6</license_plate><vin>E2X28VZ33LBX48KHN</vin><color>Plum</color><year>2009</year></automobile><automobile><person_id>8c285383-be06-4eb8-9934-e1fb666d00e2</person_id><license_plate>OZO-2366</license_plate><vin>XYE64YNF2XD4RSV3V</vin><color>OldLace</color><year>2013</year></automobile><automobile><person_id>0cdefef5-eb0a-4248-9413-bd0248d8453d</person_id><license_plate>338-381</license_plate><vin>YYD9N0YE3VFNWCMN1</vin><color>White</color><year>2021</year></automobile><automobile><person_id>162f098f-0ff1-421d-9ca1-01284040dc07</person_id><license_plate>YWE2415</license_plate><vin>AZY7GS4A6ETEUTV1M</vin><color>Snow</color><year>2003</year></automobile><automobile><person_id>687e2b1f-f479-4f7b-9c9a-99d5a3ad2401</person_id><license_plate>497-IAV</license_plate><vin>NA85X1YU204MSDNM6</vin><color>LightGreen</color><year>2014</year></automobile><automobile><person_id>06527503-2aca-44f4-a3f9-0906668398d5</person_id><license_plate>G35 8BW</license_plate><vin>S039C52K214FDK70J</vin><color>Cyan</color><year>2009</year></automobile><automobile><person_id>06527503-2aca-44f4-a3f9-0906668398d5</person_id><license_plate>4RG R78</license_plate><vin>TC5TC34651JU8DS0A</vin><color>SeaShell</color><year>1989</year></automobile><automobile><person_id>648225f6-b12d-4fa3-9125-76012ddf5c1c</person_id><license_plate>0-Q0640</license_plate><vin>5FRUS46640WB4UVCC</vin><color>Olive</color><year>1973</year></automobile><automobile><person_id>648225f6-b12d-4fa3-9125-76012ddf5c1c</person_id><license_plate>QGB-345</license_plate><vin>MFKHHTJU9DSY799V8</vin><color>DarkGreen</color><year>2011</year></automobile><automobile><person_id>648225f6-b12d-4fa3-9125-76012ddf5c1c</person_id><license_plate>29T 424</license_plate><vin>X473A52U3FVSHEY4P</vin><color>DarkSeaGreen</color><year>1974</year></automobile><automobile><person_id>9e76f795-357f-494f-8fb8-fc62375b89eb</person_id><license_plate>757 AYR</license_plate><vin>A7YRL8FW5P00EE37X</vin><color>LightSalmon</color><year>2001</year></automobile><automobile><person_id>9e76f795-357f-494f-8fb8-fc62375b89eb</person_id><license_plate>2E 2501A</license_plate><vin>B5HUREU9XY8NWHWCF</vin><color>MistyRose</color><year>2006</year></automobile><automobile><person_id>9a96a95c-5036-4954-a39d-67cb38f12b9b</person_id><license_plate>CBQ-616</license_plate><vin>J147P5S6531CUDC9B</vin><color>LightSteelBlue</color><year>1995</year></automobile><automobile><person_id>9a96a95c-5036-4954-a39d-67cb38f12b9b</person_id><license_plate>09JH210</license_plate><vin>6EGL7JFEX70JNNPP5</vin><color>Plum</color><year>2015</year></automobile><automobile><person_id>d35d277e-133d-4a3c-9954-d5fdfc1f9bb9</person_id><license_plate>3-01744</license_plate><vin>AZC34FN1309Y4T651</vin><color>Linen</color><year>1992</year></automobile><automobile><person_id>efd0154a-0caf-4128-a357-09c3cf66ef5c</person_id><license_plate>5WS 129</license_plate><vin>HSG4220R8392JW868</vin><color>LightSalmon</color><year>1979</year></automobile><automobile><person_id>efd0154a-0caf-4128-a357-09c3cf66ef5c</person_id><license_plate>8V488</license_plate><vin>2J50EKWKXVWHSDCDA</vin><color>Salmon</color><year>2002</year></automobile><automobile><person_id>029c5f25-23ac-4bd8-85a5-eef2b0cec2bd</person_id><license_plate>302 PXU</license_plate><vin>K28EK3435F6BW12EM</vin><color>LightSeaGreen</color><year>2015</year></automobile><automobile><person_id>a40e1890-9ab1-4aea-8ff1-d619aa96d05d</person_id><license_plate>1Q D2531</license_plate><vin>80XHBZSE7G7Y0F10G</vin><color>WhiteSmoke</color><year>1971</year></automobile><automobile><person_id>8946c0f9-ed9c-4714-b31c-0db2a9d246fe</person_id><license_plate>910 LEM</license_plate><vin>2HE5LZJ3XFCSU40R6</vin><color>Chartreuse</color><year>1973</year></automobile><automobile><person_id>8946c0f9-ed9c-4714-b31c-0db2a9d246fe</person_id><license_plate>LDS 177</license_plate><vin>GZAEWJCR4ECYWA4RC</vin><color>IndianRed</color><year>2003</year></automobile><automobile><person_id>4035dfa7-7f0e-4c60-8af0-863f2e81dd0b</person_id><license_plate>62S U99</license_plate><vin>8D817HMT6CHKS9GJZ</vin><color>MistyRose</color><year>2009</year></automobile><automobile><person_id>4035dfa7-7f0e-4c60-8af0-863f2e81dd0b</person_id><license_plate>TTU-4947</license_plate><vin>GR8ZGLMV9LNL2UUK0</vin><color>Snow</color><year>2019</year></automobile><automobile><person_id>dab626f7-8aab-4228-8047-4fafa9082daf</person_id><license_plate>4-2262I</license_plate><vin>S2KR968V6263LSUKP</vin><color>MistyRose</color><year>2009</year></automobile><automobile><person_id>6cbbf6a4-52c5-482f-8056-9e9144ce88b6</person_id><license_plate>LDC 591</license_plate><vin>JRZ0HJLR4UMAM008N</vin><color>Black</color><year>2007</year></automobile><automobile><person_id>7240b8f3-6e3e-44e0-8a08-87a4f5c0f499</person_id><license_plate>4EJ 524</license_plate><vin>PZ8ZJAHD4432C2AYL</vin><color>Peru</color><year>2008</year></automobile><automobile><person_id>18ed5d94-c666-419a-b2ce-02bcb93c8b86</person_id><license_plate>47-20173</license_plate><vin>6XCJ7CEV08P929CUL</vin><color>RosyBrown</color><year>2003</year></automobile><automobile><person_id>18ed5d94-c666-419a-b2ce-02bcb93c8b86</person_id><license_plate>41I•730</license_plate><vin>L43DJTHCXHEPRRSTJ</vin><color>Lavender</color><year>2004</year></automobile><automobile><person_id>7c49e274-8fc1-4079-91bb-f45a6e6e824d</person_id><license_plate>627-SGY</license_plate><vin>FJNWPLZN87Y9WYMHE</vin><color>MediumTurquoise</color><year>2006</year></automobile><automobile><person_id>94c9ca03-cd7b-4fd0-bdbe-7bac0471ccf2</person_id><license_plate>70C•037</license_plate><vin>MNL71T0P8W65502HJ</vin><color>MediumOrchid</color><year>1982</year></automobile><automobile><person_id>94c9ca03-cd7b-4fd0-bdbe-7bac0471ccf2</person_id><license_plate>PGO 811</license_plate><vin>K3L7E1AY9VVEM7L8L</vin><color>BurlyWood</color><year>1973</year></automobile><automobile><person_id>1886c9ea-baae-4308-8119-8c48cba52086</person_id><license_plate>C31-AKI</license_plate><vin>J55H7T547ASL0X48Y</vin><color>SeaGreen</color><year>2019</year></automobile><automobile><person_id>47336851-348d-4dc1-a30e-758d30ecf844</person_id><license_plate>BUU9081</license_plate><vin>XH683CNN2YGYF98T5</vin><color>LightGray</color><year>1979</year></automobile><automobile><person_id>03b90fd2-806c-4870-a5ce-0559b7f5bc9b</person_id><license_plate>168 8KD</license_plate><vin>F412NGK72L6Y5D3Z2</vin><color>Orange</color><year>1980</year></automobile><automobile><person_id>59f45202-6775-467f-9817-882aea461abc</person_id><license_plate>A90-LZU</license_plate><vin>UAFE8CHU563FTDMS1</vin><color>ForestGreen</color><year>2010</year></automobile><automobile><person_id>59f45202-6775-467f-9817-882aea461abc</person_id><license_plate>752 GJD</license_plate><vin>N0ELLFB63WZ4TXKXC</vin><color>LightSteelBlue</color><year>1979</year></automobile><automobile><person_id>6eb28329-fdd3-4c84-829f-7b513aed1fa5</person_id><license_plate>981-GVO</license_plate><vin>4VEBD2299SNEWTGH4</vin><color>WhiteSmoke</color><year>1980</year></automobile><automobile><person_id>6eb28329-fdd3-4c84-829f-7b513aed1fa5</person_id><license_plate>217MBX</license_plate><vin>6MNSV0FD8JAB1VY7J</vin><color>MediumOrchid</color><year>1971</year></automobile><automobile><person_id>993f8a7c-4ef1-4156-9ba7-4a012e238a7e</person_id><license_plate>E29-XQQ</license_plate><vin>URJJSP3V9K3449XMJ</vin><color>LightCyan</color><year>1999</year></automobile><automobile><person_id>993f8a7c-4ef1-4156-9ba7-4a012e238a7e</person_id><license_plate>BZF 235</license_plate><vin>WJGGUC217FUEHUTA3</vin><color>White</color><year>1970</year></automobile><automobile><person_id>eeae274e-210a-46e5-806a-615b8baebc6d</person_id><license_plate>662 5IV</license_plate><vin>L84F80ZS6YSZ7V7EX</vin><color>PaleTurquoise</color><year>1974</year></automobile><automobile><person_id>b815cf0c-960a-4416-b9d7-d58305b1879c</person_id><license_plate>71PE8</license_plate><vin>BNPP4Z2A63X6C3N5J</vin><color>DarkGreen</color><year>1995</year></automobile><automobile><person_id>ab1f9edd-84e2-4d8f-a6c5-58ef091c230a</person_id><license_plate>113 3ZP</license_plate><vin>AFSP3E8E4RXEHTEJ9</vin><color>Silver</color><year>1982</year></automobile><automobile><person_id>ab1f9edd-84e2-4d8f-a6c5-58ef091c230a</person_id><license_plate>VZ 22631</license_plate><vin>DLMS544X8FDKZWD7D</vin><color>MediumVioletRed</color><year>2019</year></automobile><automobile><person_id>ab1f9edd-84e2-4d8f-a6c5-58ef091c230a</person_id><license_plate>UU 48512</license_plate><vin>VXWV647U0V88G6J24</vin><color>LightSteelBlue</color><year>2015</year></automobile><automobile><person_id>15df2f64-84ff-445d-a74c-78cc82f58b04</person_id><license_plate>3EI 065</license_plate><vin>9W9VGSGT5UT68747Z</vin><color>DimGray</color><year>1987</year></automobile><automobile><person_id>7c17b813-c89e-4fe9-b1f5-47d4b29471e2</person_id><license_plate>783 LVK</license_plate><vin>01Z4XHSG24BGPSPRY</vin><color>DeepPink</color><year>1989</year></automobile><automobile><person_id>7c17b813-c89e-4fe9-b1f5-47d4b29471e2</person_id><license_plate>880JSB</license_plate><vin>SC72L3HG7H20K0WD8</vin><color>BlanchedAlmond</color><year>1999</year></automobile><automobile><person_id>a4baa960-934f-4cd2-92f8-4fa67d61fd4f</person_id><license_plate>U 472559</license_plate><vin>YHYMJJJL1FDRKFMV7</vin><color>DarkGreen</color><year>2006</year></automobile><automobile><person_id>8dad7d26-38e7-428c-88f2-5d56a58c0232</person_id><license_plate>581-GHV</license_plate><vin>XMNKFTPWXKXLY0X33</vin><color>Chocolate</color><year>1978</year></automobile><automobile><person_id>f2c8e271-1e8e-4f16-9999-addb00f20306</person_id><license_plate>9445 WS</license_plate><vin>X5XB24UM8A6JXR5RL</vin><color>Azure</color><year>1990</year></automobile><automobile><person_id>f2c8e271-1e8e-4f16-9999-addb00f20306</person_id><license_plate>MD 3886</license_plate><vin>BFMVKFFAXYAE4SW23</vin><color>DarkSeaGreen</color><year>1974</year></automobile><automobile><person_id>adbd8f07-011f-4e3b-8dcb-e2508e20bf0c</person_id><license_plate>1FT A80</license_plate><vin>Z8ZV11HC2UX70JYY1</vin><color>DarkTurquoise</color><year>2017</year></automobile><automobile><person_id>adbd8f07-011f-4e3b-8dcb-e2508e20bf0c</person_id><license_plate>SRM 354</license_plate><vin>H9RB30H84DZPBRY5Y</vin><color>LightSlateGray</color><year>1981</year></automobile><automobile><person_id>28968ebc-3c3c-405f-8a06-7db857d14b87</person_id><license_plate>764-WAS</license_plate><vin>9DP4SRBJ9A0R1GXHR</vin><color>CadetBlue</color><year>1980</year></automobile><automobile><person_id>28968ebc-3c3c-405f-8a06-7db857d14b87</person_id><license_plate>EUB 066</license_plate><vin>TDSRVUVJXKRG46N5L</vin><color>Tomato</color><year>2013</year></automobile><automobile><person_id>7e9810ef-55c9-449d-bdc1-be666897fd2e</person_id><license_plate>C79-ZJP</license_plate><vin>5HBPEBZX71CK0AE4R</vin><color>LavenderBlush</color><year>1991</year></automobile><automobile><person_id>13cad869-66bc-4ffb-95a9-7edaf3dae8b0</person_id><license_plate>86RH828</license_plate><vin>TSMALFA0XDMC5S8BD</vin><color>Cyan</color><year>1983</year></automobile><automobile><person_id>5c26cf8e-7b1d-4940-a720-5ce00a39c2e2</person_id><license_plate>81PD8</license_plate><vin>9TMR2NNJ5GEBWWYVE</vin><color>Khaki</color><year>1997</year></automobile><automobile><person_id>b7fda433-f754-480c-a33e-948d05292e69</person_id><license_plate>0S UG424</license_plate><vin>K9LNRJFE1T0UU64EF</vin><color>Moccasin</color><year>2011</year></automobile><automobile><person_id>b7fda433-f754-480c-a33e-948d05292e69</person_id><license_plate>941-PDFW</license_plate><vin>4F30STRU9FEK3083H</vin><color>Yellow</color><year>1983</year></automobile><automobile><person_id>e0aa2aa9-f387-4798-a836-0df179132754</person_id><license_plate>F49 7TD</license_plate><vin>EFHZSTGJ8UJJ7MVXF</vin><color>Chartreuse</color><year>1991</year></automobile><automobile><person_id>9371cacb-3328-478c-aa3a-7dc3f1ac5ea5</person_id><license_plate>52-58254</license_plate><vin>6D23YBAF6DJ2XFRCJ</vin><color>LightSeaGreen</color><year>1980</year></automobile><automobile><person_id>7af0a2b3-1e65-4ccc-ac40-07eb7692c2c5</person_id><license_plate>904 KLR</license_plate><vin>WG316X95XAWFGHLY0</vin><color>Red</color><year>1975</year></automobile><automobile><person_id>7af0a2b3-1e65-4ccc-ac40-07eb7692c2c5</person_id><license_plate>804-WGJ</license_plate><vin>6RNJT4TFX7HHMXANM</vin><color>MediumSeaGreen</color><year>2013</year></automobile><automobile><person_id>e55f73c8-d6cf-4e23-b4ea-5cf2200d2a91</person_id><license_plate>21-96183</license_plate><vin>GP2FP7LJ7HH78NNVU</vin><color>OrangeRed</color><year>1986</year></automobile><automobile><person_id>76dd8fd7-d9a4-4278-b762-610ed47daf77</person_id><license_plate>MQ 79092</license_plate><vin>NE6FMFKJ5CF9DX9ND</vin><color>YellowGreen</color><year>2020</year></automobile><automobile><person_id>76dd8fd7-d9a4-4278-b762-610ed47daf77</person_id><license_plate>8A 86385</license_plate><vin>7BFRRE0720AYFF07D</vin><color>Aqua</color><year>2001</year></automobile><automobile><person_id>aaf6e483-75ad-41cf-b878-6f20e528a80d</person_id><license_plate>72GL9</license_plate><vin>RSGAWC7CXYWBJNB2L</vin><color>BlanchedAlmond</color><year>2013</year></automobile><automobile><person_id>aaf6e483-75ad-41cf-b878-6f20e528a80d</person_id><license_plate>MNI 599</license_plate><vin>M0YS2P5G8G3PYAHFE</vin><color>Orchid</color><year>1983</year></automobile><automobile><person_id>fa19e0cd-9f56-4ca3-948f-d4db382d7e5d</person_id><license_plate>JWJ-5935</license_plate><vin>97HS6T5J0J7CG3KGX</vin><color>Khaki</color><year>1996</year></automobile><automobile><person_id>9e994b2d-00ce-4f45-a469-8480f3f61218</person_id><license_plate>7-9348P</license_plate><vin>SUVPFH0E9CEURU36V</vin><color>White</color><year>1991</year></automobile><automobile><person_id>9e994b2d-00ce-4f45-a469-8480f3f61218</person_id><license_plate>624 TWW</license_plate><vin>MB2RZ2BWXZZSXDST3</vin><color>SpringGreen</color><year>1984</year></automobile><automobile><person_id>9e994b2d-00ce-4f45-a469-8480f3f61218</person_id><license_plate>5A OB279</license_plate><vin>9MR2RJSD332RRFA94</vin><color>MediumSlateBlue</color><year>1990</year></automobile><automobile><person_id>0c617c4b-b4ac-4621-992c-a4824a3dc5bc</person_id><license_plate>5QMK 25</license_plate><vin>M3LEWFSR70BLW8MA3</vin><color>DarkCyan</color><year>2009</year></automobile><automobile><person_id>0c617c4b-b4ac-4621-992c-a4824a3dc5bc</person_id><license_plate>119 XAW</license_plate><vin>0765HMFEX5J9YEWNT</vin><color>Green</color><year>2006</year></automobile><automobile><person_id>22df06e2-2e3c-494e-a903-047da65fbeba</person_id><license_plate>8499</license_plate><vin>AE889S9B7HR99LRGJ</vin><color>DarkMagenta</color><year>2018</year></automobile><automobile><person_id>94378417-0246-414b-9cf2-a012152e8559</person_id><license_plate>ZCZ-612</license_plate><vin>CU7G1EUJX2PWFZR1S</vin><color>Chocolate</color><year>2013</year></automobile><automobile><person_id>94378417-0246-414b-9cf2-a012152e8559</person_id><license_plate>919 1JV</license_plate><vin>KTUV1SEA5PJBU73R7</vin><color>Olive</color><year>1984</year></automobile><automobile><person_id>fa278195-08da-46ad-8a17-5ae927205aec</person_id><license_plate>6R 3784N</license_plate><vin>LGFN2KHZ7KVF3N9VN</vin><color>SaddleBrown</color><year>2012</year></automobile><automobile><person_id>fa278195-08da-46ad-8a17-5ae927205aec</person_id><license_plate>SQS 358</license_plate><vin>2GH8B6GA5KR628J19</vin><color>Salmon</color><year>1993</year></automobile><automobile><person_id>14a21337-b395-4a80-8d3c-95efcf1a3182</person_id><license_plate>09B P77</license_plate><vin>KBUM2F925KJ795W21</vin><color>MediumTurquoise</color><year>1984</year></automobile><automobile><person_id>f117a179-d024-4df6-96f5-a9a3e870e77f</person_id><license_plate>333DMY</license_plate><vin>V2T14XTP99KNCEVPV</vin><color>Fuchsia</color><year>2011</year></automobile><automobile><person_id>8cf56aa5-2a74-46a3-8ec9-a178bb286aa9</person_id><license_plate>HWW 918</license_plate><vin>ZF0WDVYG46RM01H69</vin><color>DarkTurquoise</color><year>1976</year></automobile><automobile><person_id>62ac341b-44e4-4164-9364-1231b2d8bd46</person_id><license_plate>845-QJO</license_plate><vin>YV77HV8R95HBLFM3F</vin><color>Turquoise</color><year>2000</year></automobile><automobile><person_id>62ac341b-44e4-4164-9364-1231b2d8bd46</person_id><license_plate>607 NDP</license_plate><vin>LEUMCUHK5U6YNYTUB</vin><color>Olive</color><year>1988</year></automobile><automobile><person_id>16815108-64b1-456d-8648-0123d20ed6ce</person_id><license_plate>33J 187</license_plate><vin>KU5EPU5V47P5JD165</vin><color>LightPink</color><year>1970</year></automobile><automobile><person_id>16815108-64b1-456d-8648-0123d20ed6ce</person_id><license_plate>RDS-8041</license_plate><vin>1S8DU2088992RS105</vin><color>Indigo</color><year>2009</year></automobile><automobile><person_id>5f4245f1-a5ec-4a25-a3b2-e2e547094fe8</person_id><license_plate>JYG 518</license_plate><vin>9GUHTNX93NSJGKFKN</vin><color>Lime</color><year>1985</year></automobile><automobile><person_id>5f4245f1-a5ec-4a25-a3b2-e2e547094fe8</person_id><license_plate>2625 FV</license_plate><vin>SW4H95F36GSGL2SV4</vin><color>DarkSlateBlue</color><year>1988</year></automobile><automobile><person_id>98f38802-c8a3-4488-ab7b-7aa05e1a60e1</person_id><license_plate>853 JWM</license_plate><vin>A38BMD6Y98VRDTJT2</vin><color>PaleGoldenRod</color><year>2000</year></automobile><automobile><person_id>98f38802-c8a3-4488-ab7b-7aa05e1a60e1</person_id><license_plate>CJI-232</license_plate><vin>SLX66P0K59W9NGMK7</vin><color>Sienna</color><year>2005</year></automobile><automobile><person_id>6975676a-8bf5-4e8f-9dab-66fbc170d0a2</person_id><license_plate>0328</license_plate><vin>XKD6RA7G5MVNEJW8B</vin><color>Cornsilk</color><year>2000</year></automobile><automobile><person_id>ae89c1b5-db59-4364-b6f4-09c84c2a7bdc</person_id><license_plate>XJN-5016</license_plate><vin>GCUAAZAA5JHB2G0H3</vin><color>PaleGreen</color><year>1972</year></automobile><automobile><person_id>ae89c1b5-db59-4364-b6f4-09c84c2a7bdc</person_id><license_plate>L 758073</license_plate><vin>54RBU48K2ZVZ7X0YY</vin><color>Snow</color><year>1972</year></automobile><automobile><person_id>6b0097d0-d3b7-41dc-9094-fecdccae8457</person_id><license_plate>3-W4411</license_plate><vin>RUXC4V6K4N411M7VH</vin><color>Orchid</color><year>1973</year></automobile><automobile><person_id>dc75647b-f070-4776-b02d-7167c96f1ae0</person_id><license_plate>8C A0793</license_plate><vin>TJFVYDRG4N3VLVN75</vin><color>GreenYellow</color><year>1976</year></automobile><automobile><person_id>a34f67f0-1a31-4a8c-a6c1-444ea273e614</person_id><license_plate>UVO 849</license_plate><vin>S00RK45B8LVZWK46C</vin><color>DarkOrange</color><year>1978</year></automobile><automobile><person_id>42bf643a-f032-4fb0-a27a-3a0b02df2ba0</person_id><license_plate>01W I55</license_plate><vin>XE1BHBW42KXF7JCL3</vin><color>Cornsilk</color><year>1972</year></automobile><automobile><person_id>ca0f5a23-c532-4c3a-ab7a-0daa205eaaeb</person_id><license_plate>267-URE</license_plate><vin>RNX9SFCM2KZJG7W9T</vin><color>BlueViolet</color><year>2004</year></automobile><automobile><person_id>6023ce4b-8911-40b5-8906-62e7f698ef67</person_id><license_plate>5TN 900</license_plate><vin>87J0STYG1ECZD00SA</vin><color>BurlyWood</color><year>1970</year></automobile><automobile><person_id>6023ce4b-8911-40b5-8906-62e7f698ef67</person_id><license_plate>A 395630</license_plate><vin>EH091EJP7S10ZU0E6</vin><color>LawnGreen</color><year>1974</year></automobile><automobile><person_id>f550cfdb-b3e4-4f64-90f1-b4159230e2cc</person_id><license_plate>RBW 1224</license_plate><vin>YAK5K2D95YHBAZCHN</vin><color>MediumSeaGreen</color><year>1974</year></automobile><automobile><person_id>f550cfdb-b3e4-4f64-90f1-b4159230e2cc</person_id><license_plate>3U 3685T</license_plate><vin>SAB14LS540V02G5BG</vin><color>SlateBlue</color><year>2019</year></automobile><automobile><person_id>916eb667-2abd-4553-8cb5-ef2af4432661</person_id><license_plate>UD1 8923</license_plate><vin>UCD78SHB4G1HNNSZD</vin><color>DarkOliveGreen</color><year>1986</year></automobile><automobile><person_id>3991c386-112a-4317-ae62-5a8f2af27641</person_id><license_plate>PGX 266</license_plate><vin>XA4WSV400Z0ZKSJ99</vin><color>DarkRed</color><year>1977</year></automobile><automobile><person_id>3991c386-112a-4317-ae62-5a8f2af27641</person_id><license_plate>18B 309</license_plate><vin>WSNYDFVJ6AT1TEXAG</vin><color>Azure</color><year>2019</year></automobile><automobile><person_id>7e95764d-758d-4ca7-a3b5-eff900603a63</person_id><license_plate>POF1403</license_plate><vin>5F7W1Z3D61DBYTP7B</vin><color>FireBrick</color><year>1977</year></automobile><automobile><person_id>7e95764d-758d-4ca7-a3b5-eff900603a63</person_id><license_plate>816TPK</license_plate><vin>865JJ0K5XM3L7YFXE</vin><color>RosyBrown</color><year>2005</year></automobile><automobile><person_id>b99d9e78-b4da-49e3-b9cd-48d91b9da0c8</person_id><license_plate>MGS 261</license_plate><vin>3ZF78CT85EJW3B6ZD</vin><color>GoldenRod</color><year>2024</year></automobile><automobile><person_id>1b85dbb9-de5e-4bdb-8ec2-c0a1736e7b64</person_id><license_plate>62Z Y44</license_plate><vin>VEAT5ZU98M0X0E1TZ</vin><color>DarkRed</color><year>1980</year></automobile><automobile><person_id>08fd3bea-f0ef-499b-a36b-e08ecb2ee69a</person_id><license_plate>6BIG270</license_plate><vin>M0TEBU251MADYGP2S</vin><color>DarkBlue</color><year>1988</year></automobile><automobile><person_id>08fd3bea-f0ef-499b-a36b-e08ecb2ee69a</person_id><license_plate>791 ZON</license_plate><vin>3NWA2APH384HXK5JG</vin><color>Brown</color><year>1987</year></automobile><automobile><person_id>43650b87-95c7-4c6c-8496-57931bc9d8ad</person_id><license_plate>5Y 12344</license_plate><vin>D61DK7KU4G92KHAJM</vin><color>Bisque</color><year>2016</year></automobile><automobile><person_id>91dddf3f-0070-45ad-b497-68d3375cc03c</person_id><license_plate>HJG 824</license_plate><vin>C96NNYW6X59351SGL</vin><color>DarkMagenta</color><year>1974</year></automobile></automobiles>