<?xml version="1.0" encoding="UTF-8" ?><automobiles><automobile><person_id>66fe9ccc-5176-481c-ad89-f191bcda380a</person_id><license_plate>W16 2UR</license_plate><vin>JE5N3BAD3XZTYHS9L</vin><color>Magenta</color><year>1982</year></automobile><automobile><person_id>fc2496b6-984c-4051-835d-b8bf978531b6</person_id><license_plate>706 5ZL</license_plate><vin>VG6VYRXJ40YZVRL5S</vin><color>PapayaWhip</color><year>1993</year></automobile><automobile><person_id>fc2496b6-984c-4051-835d-b8bf978531b6</person_id><license_plate>91G 154</license_plate><vin>CXWD4LH97J6XVV0RE</vin><color>PaleGreen</color><year>2006</year></automobile><automobile><person_id>cdae0e9d-9316-4d85-91d7-5dba208962ae</person_id><license_plate>99ZE181</license_plate><vin>DZSHZP2G7GJ7CLR6T</vin><color>DarkOrchid</color><year>2010</year></automobile><automobile><person_id>d4261e59-cf97-4ae7-b8fa-e39aa35a2d43</person_id><license_plate>MOE 061</license_plate><vin>US78914C9PXMXMHEE</vin><color>DarkOliveGreen</color><year>2010</year></automobile><automobile><person_id>75cf6d7c-8b09-4b40-8968-670591c0ebda</person_id><license_plate>M18 2HQ</license_plate><vin>N4VZ58EK3SDVVNDJ6</vin><color>MidnightBlue</color><year>2006</year></automobile><automobile><person_id>75cf6d7c-8b09-4b40-8968-670591c0ebda</person_id><license_plate>730 7783</license_plate><vin>LXTUYZAW09ARUBPH7</vin><color>DarkOrange</color><year>1995</year></automobile><automobile><person_id>4ba64124-9fd1-4c5d-9e49-4460afed00bb</person_id><license_plate>BDA 788</license_plate><vin>6WUKYJEK8DFR0DHM2</vin><color>RosyBrown</color><year>2002</year></automobile><automobile><person_id>a9a0da16-de41-4ca8-a649-cbb7f37ad5c1</person_id><license_plate>811VE</license_plate><vin>41BNHMUG1NS4S7CDT</vin><color>LightGreen</color><year>1986</year></automobile><automobile><person_id>a472aafa-a5de-4229-a524-5badd7eee157</person_id><license_plate>741521</license_plate><vin>XEEN7CMM7NRR3462F</vin><color>LightCyan</color><year>2019</year></automobile><automobile><person_id>a472aafa-a5de-4229-a524-5badd7eee157</person_id><license_plate>RLH-944</license_plate><vin>P2TJCE8Z1RNML9YF4</vin><color>Sienna</color><year>2013</year></automobile><automobile><person_id>54d00701-65ee-4048-9446-68733eceb3f6</person_id><license_plate>03DB593</license_plate><vin>9BXLPV9R9VSCEM81E</vin><color>Blue</color><year>2012</year></automobile><automobile><person_id>eafc3065-ffa4-449a-9c1b-6f79eb0c5d34</person_id><license_plate>748D8</license_plate><vin>DLT03HJZ4NPUZFGXH</vin><color>Yellow</color><year>2001</year></automobile><automobile><person_id>699fc409-972f-442f-8c23-400044620604</person_id><license_plate>790 RZ5</license_plate><vin>0D2HDRF07X87RNH0G</vin><color>Silver</color><year>1981</year></automobile><automobile><person_id>26c40efa-831a-4113-a7e5-f9eeca5d5d59</person_id><license_plate>6UG F90</license_plate><vin>8WZDM2YD2HADWFDX3</vin><color>DarkKhaki</color><year>1985</year></automobile><automobile><person_id>26c40efa-831a-4113-a7e5-f9eeca5d5d59</person_id><license_plate>55Z 8050</license_plate><vin>D1XW3GC2XGZF7CNHJ</vin><color>SeaGreen</color><year>2022</year></automobile><automobile><person_id>79c9ed64-0758-4588-aff4-d30ee5c0321d</person_id><license_plate>4118</license_plate><vin>HT5WAEKU3HBACN13Z</vin><color>Black</color><year>1973</year></automobile><automobile><person_id>79c9ed64-0758-4588-aff4-d30ee5c0321d</person_id><license_plate>5R 9B3PAZ</license_plate><vin>S4810BXV8GW8KLUTZ</vin><color>Navy</color><year>2002</year></automobile><automobile><person_id>5f4adaac-f5cd-4ae2-8593-f169fa5a7577</person_id><license_plate>LFZ 294</license_plate><vin>S5KCEU9X3PL1MFJ8X</vin><color>PaleTurquoise</color><year>1990</year></automobile><automobile><person_id>5f4adaac-f5cd-4ae2-8593-f169fa5a7577</person_id><license_plate>H57 7II</license_plate><vin>BD60SX865ALWVNUDG</vin><color>Khaki</color><year>2007</year></automobile><automobile><person_id>5f4adaac-f5cd-4ae2-8593-f169fa5a7577</person_id><license_plate>HE 7098</license_plate><vin>XCFJBT9C8T806Y9YH</vin><color>DarkRed</color><year>1996</year></automobile><automobile><person_id>2f8167e1-a3b5-489b-9114-366a23a1a8ab</person_id><license_plate>E65-41Q</license_plate><vin>K2D9CR8MXS1KSY0WX</vin><color>SeaShell</color><year>1978</year></automobile><automobile><person_id>2f8167e1-a3b5-489b-9114-366a23a1a8ab</person_id><license_plate>825707</license_plate><vin>LYT8THJS3Z64F9XHF</vin><color>Indigo</color><year>1996</year></automobile><automobile><person_id>2f8167e1-a3b5-489b-9114-366a23a1a8ab</person_id><license_plate>NOV9554</license_plate><vin>7H2EH74C41LA5DC5E</vin><color>PapayaWhip</color><year>1979</year></automobile><automobile><person_id>0c530510-36b1-49b4-8709-d08b3f05f914</person_id><license_plate>TIU 0376</license_plate><vin>AW95DTHJ4TB3NUYD9</vin><color>Chocolate</color><year>1987</year></automobile><automobile><person_id>0c530510-36b1-49b4-8709-d08b3f05f914</person_id><license_plate>9-D6778</license_plate><vin>UL43UTBD9KVX8TY13</vin><color>DarkSalmon</color><year>1974</year></automobile><automobile><person_id>d9bbdd08-caaa-42ad-a6a8-c94fe6375519</person_id><license_plate>71Z•750</license_plate><vin>Z1ZN7VK69G6A0X2FH</vin><color>ForestGreen</color><year>2012</year></automobile><automobile><person_id>d9bbdd08-caaa-42ad-a6a8-c94fe6375519</person_id><license_plate>QGW-807</license_plate><vin>HF2M2YCP4CEC35V5N</vin><color>Wheat</color><year>1986</year></automobile><automobile><person_id>6d8e2f1c-cc87-490e-a669-6fd1cb85dd19</person_id><license_plate>42-89298</license_plate><vin>T7RLWRWV02818591C</vin><color>SkyBlue</color><year>2006</year></automobile><automobile><person_id>6d8e2f1c-cc87-490e-a669-6fd1cb85dd19</person_id><license_plate>QE7 2678</license_plate><vin>0K6MBHXH889GJHKGT</vin><color>Coral</color><year>2012</year></automobile><automobile><person_id>70eade74-c312-4d21-b25d-e1ae3665f660</person_id><license_plate>626 KTN</license_plate><vin>BYTZJ67C8NZ01C7RE</vin><color>LightSkyBlue</color><year>2017</year></automobile><automobile><person_id>70eade74-c312-4d21-b25d-e1ae3665f660</person_id><license_plate>AWI 742</license_plate><vin>M6VDLC4P0WST9HRM3</vin><color>MediumBlue</color><year>1980</year></automobile><automobile><person_id>70eade74-c312-4d21-b25d-e1ae3665f660</person_id><license_plate>BXB-837</license_plate><vin>2J3F0YG30LAE2JKRP</vin><color>MintCream</color><year>1987</year></automobile><automobile><person_id>401df249-efd6-434a-b5af-bd3c422e6b84</person_id><license_plate>C 664991</license_plate><vin>XVM0ETU79MDPM266W</vin><color>Khaki</color><year>1997</year></automobile><automobile><person_id>6c750133-e652-43db-bc29-0caecb2af643</person_id><license_plate>0-R8547</license_plate><vin>GBG9147W4CB336N6X</vin><color>LightSteelBlue</color><year>1998</year></automobile><automobile><person_id>6c750133-e652-43db-bc29-0caecb2af643</person_id><license_plate>97-8983S</license_plate><vin>RZE7D3SN6F2BWV3P0</vin><color>BlueViolet</color><year>2022</year></automobile><automobile><person_id>218f4a94-26ba-4bed-b3ee-8c4f1b918e0d</person_id><license_plate>7CW4022</license_plate><vin>7U4HH72T59H6W6A21</vin><color>PaleGreen</color><year>1974</year></automobile><automobile><person_id>218f4a94-26ba-4bed-b3ee-8c4f1b918e0d</person_id><license_plate>JOR-1767</license_plate><vin>TMTSA5TX3H72KRC2Z</vin><color>Beige</color><year>2021</year></automobile><automobile><person_id>5823ed84-fb00-4dcf-bca8-c87b78b7c9b8</person_id><license_plate>Q74 3QC</license_plate><vin>65RD0C6C9VGMEGGN2</vin><color>Azure</color><year>2011</year></automobile><automobile><person_id>78eecc18-e98e-49ef-9e23-25f05d829ccb</person_id><license_plate>LHS 177</license_plate><vin>DNB1AA2972TYE1JJ6</vin><color>Gainsboro</color><year>2023</year></automobile><automobile><person_id>78eecc18-e98e-49ef-9e23-25f05d829ccb</person_id><license_plate>SRF-725</license_plate><vin>9HBLF8AX53XL9Z9CE</vin><color>SeaGreen</color><year>2011</year></automobile><automobile><person_id>809c9920-b665-463a-b378-2d42477a9377</person_id><license_plate>800 NRN</license_plate><vin>KXPUESFL7UHJ9T6D9</vin><color>MediumOrchid</color><year>1995</year></automobile><automobile><person_id>6fa43b47-1237-46a4-985a-b5cfcb1d234d</person_id><license_plate>01-7634Y</license_plate><vin>HXJ476LZ9N091K1JK</vin><color>MediumSlateBlue</color><year>1979</year></automobile><automobile><person_id>6fa43b47-1237-46a4-985a-b5cfcb1d234d</person_id><license_plate>VZB V01</license_plate><vin>3FMFWDX21U7EX8NL1</vin><color>Violet</color><year>2001</year></automobile><automobile><person_id>240ecc3b-e415-4ae6-a2f4-24433dcf40a3</person_id><license_plate>QE5 S2H</license_plate><vin>N7ZUZUA49DSAMW2ZB</vin><color>Coral</color><year>2023</year></automobile><automobile><person_id>240ecc3b-e415-4ae6-a2f4-24433dcf40a3</person_id><license_plate>95M L04</license_plate><vin>DZ5CTAND41PK4ZWFY</vin><color>Gray</color><year>1988</year></automobile><automobile><person_id>240ecc3b-e415-4ae6-a2f4-24433dcf40a3</person_id><license_plate>OL 93437</license_plate><vin>51YYHVZ14D6K3YNWR</vin><color>DarkRed</color><year>2020</year></automobile><automobile><person_id>557079cd-2bfa-47d1-9ba2-5b16ae49be10</person_id><license_plate>050 BO4</license_plate><vin>FM4AR8YA9XBRPSKY5</vin><color>Tan</color><year>1985</year></automobile><automobile><person_id>bb4467c5-ec13-44fe-8e99-34872671d792</person_id><license_plate>DXI-2744</license_plate><vin>0DKTARNG5T1CB72DA</vin><color>PaleTurquoise</color><year>2009</year></automobile><automobile><person_id>722bb6a9-95e6-4d6e-b5f5-79a565f45146</person_id><license_plate>79PN6</license_plate><vin>MGLCX7WE2DKN6MWDY</vin><color>LightGray</color><year>2003</year></automobile><automobile><person_id>722bb6a9-95e6-4d6e-b5f5-79a565f45146</person_id><license_plate>DCB-624</license_plate><vin>EZ68HDL043UD0A4R7</vin><color>Khaki</color><year>2018</year></automobile><automobile><person_id>722bb6a9-95e6-4d6e-b5f5-79a565f45146</person_id><license_plate>330 ZSC</license_plate><vin>038E04KS11280GWX9</vin><color>DarkBlue</color><year>2021</year></automobile><automobile><person_id>7eeddea6-9835-4b36-80cb-7b772f5169aa</person_id><license_plate>938 GMU</license_plate><vin>FFXPPCCM5FWNHDKWM</vin><color>LightCyan</color><year>1986</year></automobile><automobile><person_id>eb73a50a-9209-4c42-87a3-0acce2b611c9</person_id><license_plate>MWV-561</license_plate><vin>23AGJ6VF98TMYNP67</vin><color>HoneyDew</color><year>2013</year></automobile><automobile><person_id>d4f76cbb-3476-4136-bbd5-ebabd6892d8c</person_id><license_plate>04MR3</license_plate><vin>81A5D9N57RY0P36C9</vin><color>Aquamarine</color><year>1997</year></automobile><automobile><person_id>d4f76cbb-3476-4136-bbd5-ebabd6892d8c</person_id><license_plate>CSF 209</license_plate><vin>GPHNBN8TXD8PE13X4</vin><color>CornflowerBlue</color><year>1971</year></automobile><automobile><person_id>6a0a3636-d108-4421-8609-6ae317d86a0c</person_id><license_plate>214 GXO</license_plate><vin>3WK9L2TAXJTL1J30R</vin><color>PapayaWhip</color><year>1987</year></automobile><automobile><person_id>6a0a3636-d108-4421-8609-6ae317d86a0c</person_id><license_plate>60DW327</license_plate><vin>8UGG73RX63RX26P1M</vin><color>Black</color><year>1972</year></automobile><automobile><person_id>5ffd5344-e439-47dc-97dd-0589ce79f264</person_id><license_plate>773-WMPS</license_plate><vin>K50BPU4B27G5DMY3U</vin><color>FireBrick</color><year>2002</year></automobile><automobile><person_id>5ffd5344-e439-47dc-97dd-0589ce79f264</person_id><license_plate>8-4561K</license_plate><vin>VN7VTGAY0ST9LYSW8</vin><color>HotPink</color><year>2020</year></automobile><automobile><person_id>caa85612-fc51-45c0-b5e7-52bb18a58c11</person_id><license_plate>CZO 042</license_plate><vin>7CTVR7S3445MLR51N</vin><color>Wheat</color><year>1978</year></automobile><automobile><person_id>a876aecb-3aba-45e4-94c9-e9b0b5498eeb</person_id><license_plate>HEZ 705</license_plate><vin>7UTV9FAYX52SG9N25</vin><color>LightSkyBlue</color><year>2018</year></automobile><automobile><person_id>a876aecb-3aba-45e4-94c9-e9b0b5498eeb</person_id><license_plate>FCT 264</license_plate><vin>UJRRV4726U9GHZ6Z9</vin><color>Crimson</color><year>1972</year></automobile><automobile><person_id>a876aecb-3aba-45e4-94c9-e9b0b5498eeb</person_id><license_plate>7489</license_plate><vin>47NFNHS67V8RUR6FG</vin><color>Fuchsia</color><year>1979</year></automobile><automobile><person_id>bf04d780-4ee5-409b-8f8a-95e8bb15ac56</person_id><license_plate>YNW 842</license_plate><vin>NGWK8T3U17ZPHA8EW</vin><color>Tan</color><year>2001</year></automobile><automobile><person_id>63409b2d-7e04-4e5c-a2a3-cc9cfdc77564</person_id><license_plate>X 158154</license_plate><vin>F5X3E4K572D9RHA5T</vin><color>DarkViolet</color><year>1990</year></automobile><automobile><person_id>932c3e41-a0ac-49c9-b6cd-ffd8d852f481</person_id><license_plate>2O FA453</license_plate><vin>2L5NY2JN4HMMVFFFT</vin><color>Aqua</color><year>2010</year></automobile><automobile><person_id>932c3e41-a0ac-49c9-b6cd-ffd8d852f481</person_id><license_plate>449C5</license_plate><vin>3F7G4VJS6AMAH93KP</vin><color>DarkRed</color><year>1973</year></automobile><automobile><person_id>932c3e41-a0ac-49c9-b6cd-ffd8d852f481</person_id><license_plate>1FX 518</license_plate><vin>DEUJY6274B8TECLGV</vin><color>Red</color><year>1970</year></automobile><automobile><person_id>3aa11ce6-0196-4dcd-9ce1-2ac7e3f9e231</person_id><license_plate>323RE</license_plate><vin>R2RBAADT1HR6Z8M42</vin><color>Indigo</color><year>1973</year></automobile><automobile><person_id>3aa11ce6-0196-4dcd-9ce1-2ac7e3f9e231</person_id><license_plate>173 LDF</license_plate><vin>K6MY6NEA7DBJM00JB</vin><color>PaleVioletRed</color><year>1977</year></automobile><automobile><person_id>ee2b09d2-08ef-4c77-a337-4450443c235d</person_id><license_plate>KEJ-239</license_plate><vin>612B3L818X9BWX5AK</vin><color>Bisque</color><year>1985</year></automobile><automobile><person_id>ee2b09d2-08ef-4c77-a337-4450443c235d</person_id><license_plate>197-VQL</license_plate><vin>3BPMVPZUXL88BDJTK</vin><color>PeachPuff</color><year>1986</year></automobile><automobile><person_id>ee2b09d2-08ef-4c77-a337-4450443c235d</person_id><license_plate>186-IYW</license_plate><vin>CT0TNP5S3BGJJZB60</vin><color>Aqua</color><year>1979</year></automobile><automobile><person_id>bac49b10-54d6-4dbc-ac07-e2c6ecc9d14c</person_id><license_plate>7F 0063F</license_plate><vin>GXND4VFJ1LA99PABX</vin><color>Aqua</color><year>1974</year></automobile><automobile><person_id>ea63ae3b-814d-4c02-b333-c7c492e2160b</person_id><license_plate>QAO1964</license_plate><vin>FBVNF74G312E605HM</vin><color>Gray</color><year>1975</year></automobile><automobile><person_id>ea63ae3b-814d-4c02-b333-c7c492e2160b</person_id><license_plate>624 FBS</license_plate><vin>A7P1BKL2XH2E6V05D</vin><color>LightSlateGray</color><year>2014</year></automobile><automobile><person_id>493b64e8-b01c-4ddc-af37-144599ec5301</person_id><license_plate>OL-4574</license_plate><vin>MS8L2RKA6Y047KP7N</vin><color>MediumSpringGreen</color><year>2016</year></automobile><automobile><person_id>ece3ee12-9002-4583-87eb-cafcd61260d4</person_id><license_plate>BO8 1567</license_plate><vin>AC9M12947AZ9W6SM1</vin><color>GhostWhite</color><year>2012</year></automobile><automobile><person_id>ece3ee12-9002-4583-87eb-cafcd61260d4</person_id><license_plate>OGH 479</license_plate><vin>BK3E6ZXH7XHNPTA1X</vin><color>DarkOrange</color><year>1981</year></automobile><automobile><person_id>3ab1d2d9-d037-4a26-ae41-e8c6fecad0d4</person_id><license_plate>579 5VD</license_plate><vin>MWPCUNFUX9PPV2ADH</vin><color>Tan</color><year>1998</year></automobile><automobile><person_id>c00717e0-76b5-4587-be08-3869502705f8</person_id><license_plate>9-77100</license_plate><vin>GM0MR9E08B9F16N51</vin><color>MediumVioletRed</color><year>2003</year></automobile><automobile><person_id>c00717e0-76b5-4587-be08-3869502705f8</person_id><license_plate>YMS-0529</license_plate><vin>L88NJP4C3ZXKY3T0F</vin><color>Sienna</color><year>2018</year></automobile><automobile><person_id>a32d6374-a109-4e10-a988-b22a5880c397</person_id><license_plate>467-SMK</license_plate><vin>3CUFKA061VZCTBBWJ</vin><color>Chocolate</color><year>2018</year></automobile><automobile><person_id>20bad5bb-cbc3-4ee8-be28-0f2c1c7d07ba</person_id><license_plate>356-880</license_plate><vin>JJYYPSX98P4ZM6V97</vin><color>Orchid</color><year>2008</year></automobile><automobile><person_id>20bad5bb-cbc3-4ee8-be28-0f2c1c7d07ba</person_id><license_plate>317717</license_plate><vin>SA45N2TM1VZAVJU7A</vin><color>MediumTurquoise</color><year>2004</year></automobile><automobile><person_id>c3e01143-f1e3-497d-b727-560e4b162de5</person_id><license_plate>UXU6568</license_plate><vin>YFAPLN729JN3FSVHS</vin><color>SteelBlue</color><year>1983</year></automobile><automobile><person_id>c3e01143-f1e3-497d-b727-560e4b162de5</person_id><license_plate>15OC3</license_plate><vin>BUC8EX0A69D9RN3GH</vin><color>MintCream</color><year>2007</year></automobile><automobile><person_id>fc338530-58d3-4b06-9108-86f50063d287</person_id><license_plate>SG3 V6B</license_plate><vin>03PNG2SJXNGXT51VX</vin><color>DarkGray</color><year>1982</year></automobile><automobile><person_id>fc338530-58d3-4b06-9108-86f50063d287</person_id><license_plate>175-292</license_plate><vin>WB2EA692022AC3L0U</vin><color>Gray</color><year>2018</year></automobile><automobile><person_id>63919d2c-a8db-4dc4-b5b2-36fd4fcd09c2</person_id><license_plate>MNR 650</license_plate><vin>SN3NJPJ78JXA9T9NN</vin><color>Coral</color><year>1982</year></automobile><automobile><person_id>93c95dbf-0d41-4d40-bcb6-eb4a89dcd082</person_id><license_plate>0IT44</license_plate><vin>SNP0M5C7114FXFM9N</vin><color>NavajoWhite</color><year>2008</year></automobile><automobile><person_id>93c95dbf-0d41-4d40-bcb6-eb4a89dcd082</person_id><license_plate>UP1 L9L</license_plate><vin>DWKUS8ZGXF1KS99UN</vin><color>Plum</color><year>1995</year></automobile><automobile><person_id>12afa38a-91da-42bf-a357-c1a4d7d447b6</person_id><license_plate>125 4BG</license_plate><vin>BDH3432F5YCMHB10D</vin><color>Green</color><year>2010</year></automobile><automobile><person_id>12afa38a-91da-42bf-a357-c1a4d7d447b6</person_id><license_plate>81G X81</license_plate><vin>W7WX5C1S8RK4MR2UB</vin><color>LavenderBlush</color><year>2021</year></automobile><automobile><person_id>2b297d13-1069-4301-aff1-e42133db96fd</person_id><license_plate>1C 3R1CDF</license_plate><vin>NTW4S7VG3P2V79G1Z</vin><color>Sienna</color><year>2010</year></automobile><automobile><person_id>1c28b1ec-7e28-42f3-b812-7c17a1ad0ea4</person_id><license_plate>604-FXQ</license_plate><vin>D8GJMDF625HXRS5MD</vin><color>Tomato</color><year>2003</year></automobile><automobile><person_id>1c28b1ec-7e28-42f3-b812-7c17a1ad0ea4</person_id><license_plate>7-09238</license_plate><vin>KT7SUJ3L24H92S5KE</vin><color>Black</color><year>2022</year></automobile><automobile><person_id>54d81a41-9f8b-42ec-b466-a5bd42a4a858</person_id><license_plate>689 RTF</license_plate><vin>Z1HWV4RNXJ78TUGHK</vin><color>Sienna</color><year>2015</year></automobile><automobile><person_id>c7ce582d-c1d4-42be-808e-7aa0b0a40e22</person_id><license_plate>UA6 V2P</license_plate><vin>7NMPDFNM2RHMXBENP</vin><color>DarkBlue</color><year>1984</year></automobile><automobile><person_id>051bddd0-1046-4bd3-8be2-bc19bc7fa8c4</person_id><license_plate>789-HUZ</license_plate><vin>T80TM1DT0U25ASV62</vin><color>DarkCyan</color><year>2002</year></automobile><automobile><person_id>051bddd0-1046-4bd3-8be2-bc19bc7fa8c4</person_id><license_plate>03X 6316</license_plate><vin>WU2A0X867B2LYPZZW</vin><color>Maroon</color><year>1974</year></automobile><automobile><person_id>4ef83e3e-abe2-4dd0-b267-485dca309677</person_id><license_plate>306-ZKKI</license_plate><vin>AZE97NJM1AC6XHJ0H</vin><color>DarkSlateGray</color><year>2024</year></automobile><automobile><person_id>8ba93740-1f23-40f6-a9ff-186a5fbccd6e</person_id><license_plate>7-20096</license_plate><vin>1UL8WLB77X7V3M9YY</vin><color>Azure</color><year>1989</year></automobile><automobile><person_id>3b5f768f-ce04-4d3a-bf23-4ac46f7eb1d5</person_id><license_plate>869 BR8</license_plate><vin>UG3YDX5H22JF6TKCR</vin><color>DarkOrchid</color><year>2002</year></automobile><automobile><person_id>3b5f768f-ce04-4d3a-bf23-4ac46f7eb1d5</person_id><license_plate>745QCL</license_plate><vin>2MJBLN7H0NCZ8C6JB</vin><color>Aquamarine</color><year>1983</year></automobile><automobile><person_id>9c3b759a-f413-4a2d-a166-3220732a846e</person_id><license_plate>6C 73991</license_plate><vin>16TY8TY031ARSJS0D</vin><color>DarkOliveGreen</color><year>2014</year></automobile><automobile><person_id>9c3b759a-f413-4a2d-a166-3220732a846e</person_id><license_plate>XZR 574</license_plate><vin>S6YSJJ3550HFKKUKL</vin><color>OrangeRed</color><year>2010</year></automobile><automobile><person_id>c2a6bb2c-0ab4-402d-bb14-b69ea9717058</person_id><license_plate>3-35415</license_plate><vin>BDJA5B0X2R959UZZ5</vin><color>LawnGreen</color><year>2012</year></automobile><automobile><person_id>c2a6bb2c-0ab4-402d-bb14-b69ea9717058</person_id><license_plate>0-80262</license_plate><vin>U20KV00G1V4Y3CVNT</vin><color>Khaki</color><year>2017</year></automobile><automobile><person_id>a4d6cece-eb15-4604-b5da-8ccf3e8d3de9</person_id><license_plate>IPJ 370</license_plate><vin>J9MHV4SP7LWSLYGYZ</vin><color>Blue</color><year>1996</year></automobile><automobile><person_id>a4d6cece-eb15-4604-b5da-8ccf3e8d3de9</person_id><license_plate>KWG 990</license_plate><vin>PZ7B7JN8X07FEZ2YU</vin><color>LightSeaGreen</color><year>2005</year></automobile><automobile><person_id>dda02fbf-8a2c-4bd0-9ebe-0c792657c983</person_id><license_plate>9BFH 08</license_plate><vin>AF3WA7KA8P182KY5H</vin><color>WhiteSmoke</color><year>1985</year></automobile><automobile><person_id>dda02fbf-8a2c-4bd0-9ebe-0c792657c983</person_id><license_plate>XVW 490</license_plate><vin>F815XK0W7X1CYAPVM</vin><color>Indigo</color><year>1996</year></automobile><automobile><person_id>e197a366-779d-4f4e-a2ca-1a137fabd842</person_id><license_plate>31-47381</license_plate><vin>EA6LX5P066165H17K</vin><color>MediumTurquoise</color><year>1999</year></automobile><automobile><person_id>e197a366-779d-4f4e-a2ca-1a137fabd842</person_id><license_plate>929-DVD</license_plate><vin>TVW7M29A81L67GW4X</vin><color>DeepSkyBlue</color><year>1988</year></automobile><automobile><person_id>3a34b985-1783-44b6-a6e8-7e27bf18c10d</person_id><license_plate>818UXB</license_plate><vin>H3EPA6TE0AX063X7X</vin><color>SteelBlue</color><year>2000</year></automobile><automobile><person_id>3a34b985-1783-44b6-a6e8-7e27bf18c10d</person_id><license_plate>69-H251</license_plate><vin>143TTFVM347UJZVR5</vin><color>MediumSpringGreen</color><year>1991</year></automobile><automobile><person_id>96c99b56-7b7c-4f2a-8a31-6baae9885c76</person_id><license_plate>7AX 439</license_plate><vin>7ZU9KRJ96W2VNUS2T</vin><color>DarkOliveGreen</color><year>1997</year></automobile><automobile><person_id>96c99b56-7b7c-4f2a-8a31-6baae9885c76</person_id><license_plate>B16-74Z</license_plate><vin>014F6YGJ768SKF16D</vin><color>PaleVioletRed</color><year>1992</year></automobile><automobile><person_id>51519b5b-845a-48b6-9049-17a219ff6dd4</person_id><license_plate>K36 0HB</license_plate><vin>NHUCA7WW20T3A5ZAZ</vin><color>Wheat</color><year>2020</year></automobile><automobile><person_id>51519b5b-845a-48b6-9049-17a219ff6dd4</person_id><license_plate>8RK4395</license_plate><vin>E3H3139W3C0U75723</vin><color>Thistle</color><year>1976</year></automobile><automobile><person_id>51b1bc68-fd96-4f3e-a019-b1ec1e229a70</person_id><license_plate>5FNH 15</license_plate><vin>K690DR8EX1YVYVE79</vin><color>DarkGray</color><year>1995</year></automobile><automobile><person_id>51b1bc68-fd96-4f3e-a019-b1ec1e229a70</person_id><license_plate>QIH-317</license_plate><vin>SZP2NSVH4ESU6GRTG</vin><color>Peru</color><year>2008</year></automobile><automobile><person_id>51b1bc68-fd96-4f3e-a019-b1ec1e229a70</person_id><license_plate>C84 6MX</license_plate><vin>W9BVPA160Y6536UB9</vin><color>Gainsboro</color><year>1984</year></automobile></automobiles>