<?xml version="1.0" encoding="UTF-8" ?><automobiles><automobile><person_id>11ce0153-1fbc-4370-9810-80c6d5e316a1</person_id><license_plate>8Q 03020</license_plate><vin>3DR8HV2K7RVUKCST2</vin><color>Sienna</color><year>1999</year></automobile><automobile><person_id>83d6ca97-788b-44ec-bf0a-65ebf16fc009</person_id><license_plate>961 7055</license_plate><vin>3NN2PFKW4T45DTV11</vin><color>DeepPink</color><year>1972</year></automobile><automobile><person_id>83d6ca97-788b-44ec-bf0a-65ebf16fc009</person_id><license_plate>1BA 371</license_plate><vin>AGWW1MXY5H8MDXPMS</vin><color>ForestGreen</color><year>1987</year></automobile><automobile><person_id>83d6ca97-788b-44ec-bf0a-65ebf16fc009</person_id><license_plate>SVC 5018</license_plate><vin>RP58VL668XVBSYZ48</vin><color>DarkMagenta</color><year>1977</year></automobile><automobile><person_id>773d2596-a57e-4b98-80e9-96aa70d0e731</person_id><license_plate>48-33384</license_plate><vin>ZR4GKRC97YB3DBJ5B</vin><color>FireBrick</color><year>1972</year></automobile><automobile><person_id>4cb925ec-98a8-4e52-b201-e1d0e7c48de6</person_id><license_plate>MJ-2622</license_plate><vin>NPD761X85VS1N8KTN</vin><color>FloralWhite</color><year>1997</year></automobile><automobile><person_id>4cb925ec-98a8-4e52-b201-e1d0e7c48de6</person_id><license_plate>851LXV</license_plate><vin>BKZNCSUJ23V0M8A4R</vin><color>DarkRed</color><year>1978</year></automobile><automobile><person_id>c98f0017-d45f-48de-a101-8e8dcd735712</person_id><license_plate>045 OYY</license_plate><vin>AAVTVTEW0UUURZPYF</vin><color>OliveDrab</color><year>1975</year></automobile><automobile><person_id>4f270889-fae3-458d-9d54-83709d3c10b1</person_id><license_plate>SSD8815</license_plate><vin>K28TMY4E2N31UL1ZT</vin><color>IndianRed</color><year>1989</year></automobile><automobile><person_id>394a5f09-e77d-4d0a-a275-abdad5246242</person_id><license_plate>393MAL</license_plate><vin>6P0X9ZCZX2P3RR3Z7</vin><color>DeepPink</color><year>2012</year></automobile><automobile><person_id>394a5f09-e77d-4d0a-a275-abdad5246242</person_id><license_plate>6YZ 914</license_plate><vin>5FUMFGSV75ADGLLE1</vin><color>FireBrick</color><year>1970</year></automobile><automobile><person_id>394a5f09-e77d-4d0a-a275-abdad5246242</person_id><license_plate>340JSP</license_plate><vin>7AUR3LPH0CBNKU63C</vin><color>PaleVioletRed</color><year>2020</year></automobile><automobile><person_id>8a4ce432-95f4-4c44-8716-aed7f4a06efe</person_id><license_plate>749 AO0</license_plate><vin>D8VRJ2XT5K4B9P786</vin><color>MediumSpringGreen</color><year>1984</year></automobile><automobile><person_id>e934ae25-406c-4698-8c0b-a38d0b870127</person_id><license_plate>487 DVX</license_plate><vin>B6NBFS2S4AM3K32YC</vin><color>RoyalBlue</color><year>1974</year></automobile><automobile><person_id>e934ae25-406c-4698-8c0b-a38d0b870127</person_id><license_plate>QHR Q89</license_plate><vin>2F0ETHSS3GZ41V2J9</vin><color>DimGray</color><year>2021</year></automobile><automobile><person_id>94b292f6-3b01-4875-88a2-878b20d3fa94</person_id><license_plate>18-3333W</license_plate><vin>5J6XFV5517AD4Z9R2</vin><color>DeepSkyBlue</color><year>2007</year></automobile><automobile><person_id>9eb5ce35-c3be-4df8-a6bf-26355dc79778</person_id><license_plate>060-700</license_plate><vin>GV3CXFEA6WZKFCMMS</vin><color>LightSteelBlue</color><year>2010</year></automobile><automobile><person_id>54bcb35a-6fcc-4f94-be2c-a984fcf21ad1</person_id><license_plate>166 BAN</license_plate><vin>F3E1YFKG1K2NJ2SSS</vin><color>LightBlue</color><year>1984</year></automobile><automobile><person_id>54bcb35a-6fcc-4f94-be2c-a984fcf21ad1</person_id><license_plate>592-228</license_plate><vin>M2PSK67C9H1KV8J8W</vin><color>LightGray</color><year>1982</year></automobile><automobile><person_id>19ff86c0-8ef5-4a55-82b1-7ec66aa56036</person_id><license_plate>168 4409</license_plate><vin>ASAJUX2F27H5F9NWH</vin><color>SlateGray</color><year>2004</year></automobile><automobile><person_id>b32821a3-8005-4a49-adeb-79941217ee5a</person_id><license_plate>30-2349S</license_plate><vin>WYAM9R8L38HZ0695F</vin><color>LightCoral</color><year>2004</year></automobile><automobile><person_id>9ecb03ac-248f-4a7e-bb02-4bf97e848037</person_id><license_plate>454 8LX</license_plate><vin>8XD0F6DN0B7S9P98V</vin><color>Tan</color><year>1979</year></automobile><automobile><person_id>c9ff7108-55d3-448e-a947-45728e6a89ba</person_id><license_plate>JTB9309</license_plate><vin>9ZCSBK9990HX9J2S0</vin><color>PapayaWhip</color><year>1986</year></automobile><automobile><person_id>c9ff7108-55d3-448e-a947-45728e6a89ba</person_id><license_plate>341 3BN</license_plate><vin>YH4FP5G3XWW4PPW63</vin><color>PeachPuff</color><year>2024</year></automobile><automobile><person_id>348953ca-8229-46fb-99e4-0d6e294a3c61</person_id><license_plate>8DZ 956</license_plate><vin>PACS0PH030PG9K47E</vin><color>MintCream</color><year>1974</year></automobile><automobile><person_id>348953ca-8229-46fb-99e4-0d6e294a3c61</person_id><license_plate>767 BFC</license_plate><vin>SCVSFVN80N4T3ZY21</vin><color>MediumSeaGreen</color><year>2019</year></automobile><automobile><person_id>710d1ad5-8488-4029-876f-81e49a045cfa</person_id><license_plate>64AK145</license_plate><vin>R0XCWX5R8JE8KW90J</vin><color>Crimson</color><year>1973</year></automobile><automobile><person_id>710d1ad5-8488-4029-876f-81e49a045cfa</person_id><license_plate>VAO 199</license_plate><vin>DGR1WY7T62BYG8GNE</vin><color>LightPink</color><year>1990</year></automobile><automobile><person_id>ea8e486b-9d8f-4b76-8ebb-7e5ddef111eb</person_id><license_plate>SY-9651</license_plate><vin>CDT9TFFU7FS9988XX</vin><color>White</color><year>2017</year></automobile><automobile><person_id>22a90ec7-547d-4d64-8e46-cd4153275992</person_id><license_plate>228 BTK</license_plate><vin>8ZW5GG9U522REAX7A</vin><color>Tan</color><year>1989</year></automobile><automobile><person_id>3eb689e6-31f2-47c5-a87f-6b6074101111</person_id><license_plate>912-AEM</license_plate><vin>ABY7SAUU1LCTYTUD2</vin><color>CornflowerBlue</color><year>1999</year></automobile><automobile><person_id>08bc2419-cd4e-47ef-8574-460a9d487df8</person_id><license_plate>027 HQO</license_plate><vin>L0HKALHB6ZKAAEKRJ</vin><color>Silver</color><year>2017</year></automobile><automobile><person_id>08bc2419-cd4e-47ef-8574-460a9d487df8</person_id><license_plate>NP 18229</license_plate><vin>AK341V396NF4HET1Z</vin><color>MediumBlue</color><year>1970</year></automobile><automobile><person_id>08bc2419-cd4e-47ef-8574-460a9d487df8</person_id><license_plate>379IA</license_plate><vin>XNY5L1L47BNJL1JWJ</vin><color>DarkRed</color><year>1990</year></automobile><automobile><person_id>61aaede7-c665-4a44-a73b-6e4a65ba5b97</person_id><license_plate>7EA 506</license_plate><vin>YJLAE4JC7NG2CCB54</vin><color>Lavender</color><year>1986</year></automobile><automobile><person_id>55904cf3-c0c0-49cc-974a-ad8dccc8e6ed</person_id><license_plate>34-39916</license_plate><vin>JWK8MKC19PP9GXMSL</vin><color>DarkTurquoise</color><year>2020</year></automobile><automobile><person_id>55904cf3-c0c0-49cc-974a-ad8dccc8e6ed</person_id><license_plate>38V O36</license_plate><vin>BDM0UUNW0M7XHF8Z9</vin><color>LightPink</color><year>1970</year></automobile><automobile><person_id>9cf8c5c6-818b-4813-aac6-cbdcfda2479e</person_id><license_plate>432 POO</license_plate><vin>HLMDSL5V3BGSAXPVV</vin><color>Olive</color><year>1986</year></automobile><automobile><person_id>00bbf313-36ba-456a-864b-c8c4e6b6dfb6</person_id><license_plate>PHX9137</license_plate><vin>46CGHGSZXUT1X7ZAS</vin><color>Green</color><year>1999</year></automobile><automobile><person_id>f40095bc-1da2-4ba2-86b0-16a2e1257981</person_id><license_plate>91Y U63</license_plate><vin>LPA9W2JV994TRZJJP</vin><color>MidnightBlue</color><year>1978</year></automobile><automobile><person_id>f40095bc-1da2-4ba2-86b0-16a2e1257981</person_id><license_plate>D96 1FN</license_plate><vin>CGXLBERGXJGZXC1AT</vin><color>LightGoldenRodYellow</color><year>2009</year></automobile><automobile><person_id>8096bf06-e71b-4662-9ae0-2e93909f88b7</person_id><license_plate>KGQ 088</license_plate><vin>8EFHZKDT2B2B6950Y</vin><color>DeepPink</color><year>2009</year></automobile><automobile><person_id>fa8df4e2-dbfb-4125-8051-35e39e907938</person_id><license_plate>933JC</license_plate><vin>LDH50B802XHUKXN9J</vin><color>Aquamarine</color><year>2008</year></automobile><automobile><person_id>fa8df4e2-dbfb-4125-8051-35e39e907938</person_id><license_plate>8YC C11</license_plate><vin>JZSFMK3U4SUSS2WYU</vin><color>BlanchedAlmond</color><year>1988</year></automobile><automobile><person_id>2b6ea5e8-3a84-42c0-8f33-510cfea8a015</person_id><license_plate>4MVY 25</license_plate><vin>XN66VHD85286ZVM5E</vin><color>Magenta</color><year>1976</year></automobile><automobile><person_id>2b6ea5e8-3a84-42c0-8f33-510cfea8a015</person_id><license_plate>8IM2008</license_plate><vin>BM8S1Y0K6BHGWN1TG</vin><color>Wheat</color><year>2019</year></automobile><automobile><person_id>f5827276-0ae9-4bd2-b020-0d3c48968978</person_id><license_plate>37-7319S</license_plate><vin>37KVFEUK547PZN5TM</vin><color>SeaShell</color><year>2000</year></automobile><automobile><person_id>f5827276-0ae9-4bd2-b020-0d3c48968978</person_id><license_plate>RJ 2059</license_plate><vin>AKC6CZ9930C2WD9CE</vin><color>MediumVioletRed</color><year>2023</year></automobile><automobile><person_id>0461a825-6eac-414b-9e7d-e0c334b16b6c</person_id><license_plate>32D CI2</license_plate><vin>JSBPJKD58L49TWB71</vin><color>Khaki</color><year>1997</year></automobile><automobile><person_id>49fa0604-95c9-4e3b-a666-b69292a82889</person_id><license_plate>13FV9</license_plate><vin>281SKEDVXE2W0VMEF</vin><color>SlateBlue</color><year>1997</year></automobile><automobile><person_id>49fa0604-95c9-4e3b-a666-b69292a82889</person_id><license_plate>081WVC</license_plate><vin>A0C61ZG49W0CGEFSB</vin><color>LightGreen</color><year>1981</year></automobile><automobile><person_id>0ce19421-a57a-4112-879f-27ce4aaad010</person_id><license_plate>961JH</license_plate><vin>EJ50XRMT65WS5YW2X</vin><color>Linen</color><year>1979</year></automobile><automobile><person_id>1d219bb4-d77c-4a88-95a9-81e2ee0d58d5</person_id><license_plate>4JP 073</license_plate><vin>KSKV186F0DYZLTXSE</vin><color>GreenYellow</color><year>1979</year></automobile><automobile><person_id>b6b2be14-e6f5-4e95-a92d-b45b1ace40ba</person_id><license_plate>217 1KR</license_plate><vin>TKCHCBT61EYJSL3G4</vin><color>AntiqueWhite</color><year>2008</year></automobile><automobile><person_id>c6adb7a6-3ed6-47bf-821f-a623fe81b457</person_id><license_plate>2RW B76</license_plate><vin>DN9B1EH5XM9GRF6WT</vin><color>Magenta</color><year>1972</year></automobile><automobile><person_id>c6adb7a6-3ed6-47bf-821f-a623fe81b457</person_id><license_plate>NBD-751</license_plate><vin>LNPEVGLX644J1LCJS</vin><color>Orchid</color><year>1978</year></automobile><automobile><person_id>8c1b55b5-88c6-4068-bc2d-07cab3c261c9</person_id><license_plate>MUO 414</license_plate><vin>TVZ28EJG71668UEY8</vin><color>Cyan</color><year>2015</year></automobile><automobile><person_id>8c1b55b5-88c6-4068-bc2d-07cab3c261c9</person_id><license_plate>414-EMEO</license_plate><vin>ETGPGUPJ6RJUR83Y4</vin><color>Orange</color><year>1997</year></automobile><automobile><person_id>8c1b55b5-88c6-4068-bc2d-07cab3c261c9</person_id><license_plate>QML-754</license_plate><vin>FE2FUYBY8C3ACU5ZW</vin><color>Magenta</color><year>1996</year></automobile><automobile><person_id>c488ba1b-ddf2-4510-92d7-ca8627545c5c</person_id><license_plate>S19-79X</license_plate><vin>BKAG4RJY4708YXN50</vin><color>Chartreuse</color><year>2016</year></automobile><automobile><person_id>087ee492-7d14-40d2-b5a3-c2410ad42471</person_id><license_plate>849-QBW</license_plate><vin>4XP3AYBV4V5KT18J6</vin><color>LightSeaGreen</color><year>2006</year></automobile><automobile><person_id>14ac30cb-131e-4603-9faa-766c64e214f9</person_id><license_plate>ZXJ-5641</license_plate><vin>B5BE9VRC1YJEAX1WN</vin><color>AntiqueWhite</color><year>2004</year></automobile><automobile><person_id>14ac30cb-131e-4603-9faa-766c64e214f9</person_id><license_plate>593-OZC</license_plate><vin>5YXENKLB7JVAXG51N</vin><color>LightSteelBlue</color><year>1995</year></automobile><automobile><person_id>1b639760-fdec-4d8e-bdd0-d3f325d5537c</person_id><license_plate>88Q 859</license_plate><vin>PH3TD0388G1RVUZ41</vin><color>Peru</color><year>2013</year></automobile><automobile><person_id>946bb556-5a1c-41fb-8989-750e2b4d8771</person_id><license_plate>VT 2225</license_plate><vin>K73SLU570M991LSH4</vin><color>Lavender</color><year>2006</year></automobile><automobile><person_id>946bb556-5a1c-41fb-8989-750e2b4d8771</person_id><license_plate>366 2AD</license_plate><vin>TJVN3AFWX6LU7WX2E</vin><color>Thistle</color><year>2016</year></automobile><automobile><person_id>946bb556-5a1c-41fb-8989-750e2b4d8771</person_id><license_plate>393727</license_plate><vin>69NYKCRB8BP1AHXWC</vin><color>GhostWhite</color><year>2001</year></automobile><automobile><person_id>1370a47f-a134-4a0c-84fc-8c142dc8d54c</person_id><license_plate>YNK 936</license_plate><vin>CMP93GEP95N9JUD60</vin><color>Lime</color><year>1984</year></automobile><automobile><person_id>0fb4472f-68a0-4dce-a626-4813e0bf03e9</person_id><license_plate>5CI04</license_plate><vin>08KTEZPV30MP6GJNF</vin><color>BurlyWood</color><year>1983</year></automobile><automobile><person_id>0fb4472f-68a0-4dce-a626-4813e0bf03e9</person_id><license_plate>405 3HX</license_plate><vin>N3T8DD7H6HSE340PF</vin><color>DarkSalmon</color><year>1990</year></automobile><automobile><person_id>f0682877-e8a8-4a0d-aca0-ab6b532f32e8</person_id><license_plate>453 6MS</license_plate><vin>6RE2HVCN536MS7Y7E</vin><color>Lavender</color><year>1971</year></automobile><automobile><person_id>f0682877-e8a8-4a0d-aca0-ab6b532f32e8</person_id><license_plate>9GSR 03</license_plate><vin>FBLBKDDM7GM58FW2Z</vin><color>Tomato</color><year>2009</year></automobile><automobile><person_id>52134e49-19f7-4b53-8c5c-da0bd656cf99</person_id><license_plate>3-83134D</license_plate><vin>HT6J8Y989YPFECM3T</vin><color>Lime</color><year>1984</year></automobile><automobile><person_id>caf1dea1-e79c-48a1-a811-52bb697a03a2</person_id><license_plate>SXW-3030</license_plate><vin>ZX1CE1UN3R1AAL498</vin><color>CadetBlue</color><year>2012</year></automobile><automobile><person_id>9b0e66fd-8b1b-4342-adc4-294b80e33ed2</person_id><license_plate>YI-0561</license_plate><vin>VKBBLZT999F9JT6SL</vin><color>HoneyDew</color><year>2012</year></automobile><automobile><person_id>7c63e802-d711-4167-a1c4-6988284e3947</person_id><license_plate>167 8635</license_plate><vin>KMF8DN1T44C5T17HG</vin><color>LightSlateGray</color><year>1992</year></automobile><automobile><person_id>7c63e802-d711-4167-a1c4-6988284e3947</person_id><license_plate>R27-81S</license_plate><vin>SG87Z7EU0W02HH0RJ</vin><color>Red</color><year>2005</year></automobile><automobile><person_id>f526bb24-2ffe-4923-8376-afbe21ba5587</person_id><license_plate>STQ-7913</license_plate><vin>JBKCP5RM80CTRLWYK</vin><color>AntiqueWhite</color><year>2002</year></automobile><automobile><person_id>c20848c3-2d05-42ef-ad8b-13c4b7c0f43a</person_id><license_plate>06-G343</license_plate><vin>09UZXRX22SRPNP2MD</vin><color>PaleGoldenRod</color><year>1970</year></automobile><automobile><person_id>c20848c3-2d05-42ef-ad8b-13c4b7c0f43a</person_id><license_plate>792342</license_plate><vin>TFZRNM3Z3KYMV2YV4</vin><color>Red</color><year>1993</year></automobile><automobile><person_id>c20848c3-2d05-42ef-ad8b-13c4b7c0f43a</person_id><license_plate>7F 11457</license_plate><vin>JEFPU65P3MN0KKK5T</vin><color>LightCyan</color><year>2007</year></automobile><automobile><person_id>cef5679f-a2b5-47d7-8e36-bba9dbbe0e60</person_id><license_plate>671 TSI</license_plate><vin>DW1M3ZX75XHSZ9ANR</vin><color>Purple</color><year>1991</year></automobile><automobile><person_id>339ce81e-37e5-4ad4-b096-0dd31247e1da</person_id><license_plate>LU 2943</license_plate><vin>5Z4JD9EZ7VL0KNMYS</vin><color>MediumOrchid</color><year>1999</year></automobile><automobile><person_id>848caa20-8ec0-4886-b085-5ac9e91ae670</person_id><license_plate>GLF 731</license_plate><vin>3FKKHV3J4W5KEK28X</vin><color>Moccasin</color><year>2006</year></automobile><automobile><person_id>57b48da9-b2fc-4c7c-a049-bbcb43de6cb9</person_id><license_plate>DPR-014</license_plate><vin>4KEVTRJS154TVHXWE</vin><color>PowderBlue</color><year>2016</year></automobile><automobile><person_id>77279ee3-8db7-473f-86b8-b793421a68ed</person_id><license_plate>125 CKH</license_plate><vin>WN9CYEX47UBNS48RY</vin><color>LightSeaGreen</color><year>1976</year></automobile><automobile><person_id>77279ee3-8db7-473f-86b8-b793421a68ed</person_id><license_plate>0886 CF</license_plate><vin>24NWTW378PZTF73KB</vin><color>Orange</color><year>1999</year></automobile><automobile><person_id>ad9cdecb-abf7-40d4-bc0b-615c6aa63b70</person_id><license_plate>98Z K95</license_plate><vin>S38AR8D93AA7US0JB</vin><color>DarkOliveGreen</color><year>2004</year></automobile><automobile><person_id>9d7914a9-d4ac-420d-b94a-7480c5be783d</person_id><license_plate>3AK79</license_plate><vin>9RXK0JKH2SWTGWHVT</vin><color>Azure</color><year>1996</year></automobile><automobile><person_id>9d7914a9-d4ac-420d-b94a-7480c5be783d</person_id><license_plate>ZJX 913</license_plate><vin>7JPFMEKC0K6XXNV25</vin><color>Gainsboro</color><year>1980</year></automobile><automobile><person_id>a74cd1ac-31e9-4429-a9ff-a3c5624c3183</person_id><license_plate>09CD375</license_plate><vin>XD2L3H2C8MLCSFXL4</vin><color>Beige</color><year>2018</year></automobile><automobile><person_id>a74cd1ac-31e9-4429-a9ff-a3c5624c3183</person_id><license_plate>2IB32</license_plate><vin>WE6L19344LU0GURKS</vin><color>Gainsboro</color><year>1978</year></automobile><automobile><person_id>a74cd1ac-31e9-4429-a9ff-a3c5624c3183</person_id><license_plate>HVW-9705</license_plate><vin>B8Z9A4Y45WW8E26KZ</vin><color>Yellow</color><year>2003</year></automobile><automobile><person_id>50fbc564-9c17-4518-b9eb-72504145dffd</person_id><license_plate>674-YAA</license_plate><vin>3Y0K5F5P160JVKM3D</vin><color>SlateGray</color><year>1981</year></automobile><automobile><person_id>9510eb5a-ca7f-4ca5-b1bd-242417a4ebf8</person_id><license_plate>QWL1380</license_plate><vin>7Z8UMP763YCXYY83G</vin><color>DarkGray</color><year>1971</year></automobile><automobile><person_id>0370eab4-6483-41cc-9fa9-23e6d3eaadc8</person_id><license_plate>540 XJH</license_plate><vin>4D6MMVAW6LW9XCVFK</vin><color>Peru</color><year>1986</year></automobile><automobile><person_id>d95218e2-f32d-4e39-a677-60a5f7aae273</person_id><license_plate>9-06520A</license_plate><vin>8MY0CLPPXD7HEXU61</vin><color>MediumVioletRed</color><year>1991</year></automobile><automobile><person_id>d95218e2-f32d-4e39-a677-60a5f7aae273</person_id><license_plate>1M OW656</license_plate><vin>28HD21VX8RCDGB182</vin><color>Gainsboro</color><year>2004</year></automobile><automobile><person_id>a06a07be-b531-4041-b245-351cedaa05fa</person_id><license_plate>4CGN 26</license_plate><vin>UWT2EDUR4GCA72V6T</vin><color>LightGoldenRodYellow</color><year>1972</year></automobile><automobile><person_id>f7454b85-fac5-4256-887b-7281aa03e3bf</person_id><license_plate>T 923157</license_plate><vin>447U93BL4TAC01G7F</vin><color>Fuchsia</color><year>1982</year></automobile><automobile><person_id>9b3afc7a-b380-4ae0-92be-5e10f8daafd3</person_id><license_plate>745BNI</license_plate><vin>HE85H0ZW7CSNFKYBP</vin><color>DarkTurquoise</color><year>1977</year></automobile><automobile><person_id>9f84c88e-91cf-4a6f-a4e4-e5400181e6dd</person_id><license_plate>367-CUR</license_plate><vin>25RM3KKT5451C7RF6</vin><color>RosyBrown</color><year>2009</year></automobile><automobile><person_id>9ca3ef1b-e9a3-49ef-ad5f-88fc689a2c67</person_id><license_plate>EXB R57</license_plate><vin>UU8SEWXF4MM4N7YR8</vin><color>Maroon</color><year>2010</year></automobile><automobile><person_id>9ca3ef1b-e9a3-49ef-ad5f-88fc689a2c67</person_id><license_plate>FSD 119</license_plate><vin>LAKMWGBT52UFUMFRC</vin><color>Cyan</color><year>1997</year></automobile><automobile><person_id>964ef104-0bfd-4f2b-8a72-607542ab27eb</person_id><license_plate>OAH-8011</license_plate><vin>CYK7UGA6XSKA5RCD9</vin><color>HoneyDew</color><year>1980</year></automobile><automobile><person_id>0f0d2ec4-de46-42f2-8e18-ff931668702d</person_id><license_plate>0R 72982</license_plate><vin>Y5WLDW4X0T5DLYKJP</vin><color>LightPink</color><year>2007</year></automobile><automobile><person_id>2b33423f-8275-4629-8cb7-b2d68d6f5d4d</person_id><license_plate>080-GMRU</license_plate><vin>V7ABVJ723K6C4G69Z</vin><color>DeepPink</color><year>1998</year></automobile><automobile><person_id>2b33423f-8275-4629-8cb7-b2d68d6f5d4d</person_id><license_plate>01V•186</license_plate><vin>7X0BPBK65HFH58WEJ</vin><color>LightGoldenRodYellow</color><year>2006</year></automobile><automobile><person_id>2b33423f-8275-4629-8cb7-b2d68d6f5d4d</person_id><license_plate>HUI 279</license_plate><vin>0Z8PGUVB4BS8PK75E</vin><color>SeaShell</color><year>2008</year></automobile><automobile><person_id>bd3133d0-96fa-4d47-ae61-53fd46da3ae8</person_id><license_plate>98-AJ38</license_plate><vin>T9Z2ZYVE72TS4GVVS</vin><color>GhostWhite</color><year>2001</year></automobile><automobile><person_id>e68c198d-22f1-4c1f-89ea-7c22a0b0e6f5</person_id><license_plate>EXQ 895</license_plate><vin>CBEK6T6NXS2C73YCX</vin><color>Gray</color><year>2002</year></automobile><automobile><person_id>6ce627ba-20c8-4cd4-b0d8-11b7d755099c</person_id><license_plate>591RUX</license_plate><vin>1YGWNALV4UR3HXRSU</vin><color>CornflowerBlue</color><year>1976</year></automobile><automobile><person_id>6ce627ba-20c8-4cd4-b0d8-11b7d755099c</person_id><license_plate>98-18034</license_plate><vin>JRV38K3595253SK97</vin><color>Crimson</color><year>1994</year></automobile><automobile><person_id>5b879e32-46d3-4de0-b801-d84a03f1f7ce</person_id><license_plate>008-PJF</license_plate><vin>DCMSXTCZ7NBDKGDUM</vin><color>LightCoral</color><year>1999</year></automobile><automobile><person_id>5b879e32-46d3-4de0-b801-d84a03f1f7ce</person_id><license_plate>1425 II</license_plate><vin>3X6REDR52EMP17FFW</vin><color>Lime</color><year>1996</year></automobile><automobile><person_id>5b879e32-46d3-4de0-b801-d84a03f1f7ce</person_id><license_plate>939 XNZ</license_plate><vin>5NH2YTYH69WYA4SC7</vin><color>MediumSpringGreen</color><year>2006</year></automobile><automobile><person_id>ae790d7d-8478-4876-a23e-9de52712f654</person_id><license_plate>720-DIZF</license_plate><vin>2WCEY5V90U87S0J11</vin><color>Indigo</color><year>2023</year></automobile><automobile><person_id>ae790d7d-8478-4876-a23e-9de52712f654</person_id><license_plate>0UW3171</license_plate><vin>V8BFVJR78TJ0YH0LF</vin><color>MediumSlateBlue</color><year>1993</year></automobile><automobile><person_id>f70b3d3a-4528-4c1d-8cbd-f5ccddfc1a76</person_id><license_plate>8GE 977</license_plate><vin>W8W3UA6LXBSDJ9HS3</vin><color>LightCoral</color><year>2003</year></automobile><automobile><person_id>f70b3d3a-4528-4c1d-8cbd-f5ccddfc1a76</person_id><license_plate>631-JKH</license_plate><vin>M86014WF88GB33APX</vin><color>Thistle</color><year>2005</year></automobile><automobile><person_id>833b3d93-7cd5-4522-a373-e702a5329acf</person_id><license_plate>ZGW 643</license_plate><vin>9M4G0EZW4J2XD2JN5</vin><color>DarkSlateBlue</color><year>2005</year></automobile><automobile><person_id>833b3d93-7cd5-4522-a373-e702a5329acf</person_id><license_plate>QVL7418</license_plate><vin>8E1XWD4C15612WYSG</vin><color>DarkSlateBlue</color><year>2000</year></automobile><automobile><person_id>f9d65077-9f73-45a6-85af-5aabb192a6ba</person_id><license_plate>518-XOT</license_plate><vin>E7DRXY924VVZYZ0B2</vin><color>MediumSeaGreen</color><year>2013</year></automobile><automobile><person_id>e20176ee-b602-471a-a90e-52df4f0e643a</person_id><license_plate>11H•947</license_plate><vin>A1A0K5410T2MU4ZE7</vin><color>Teal</color><year>2005</year></automobile><automobile><person_id>94e15ca1-2b68-4fe8-9d06-7355d5b0ea3c</person_id><license_plate>IG 2339</license_plate><vin>L1C7WM4F9UZN1UUWG</vin><color>LightSkyBlue</color><year>1978</year></automobile></automobiles>