"id"|"first_name"|"last_name"|"sex"|"address"|"phone_number"|"profession"|"company"|"date_of_birth"
"11ce0153-1fbc-4370-9810-80c6d5e316a1"|"Rebecca"|"Fernandez"|"F"|"570 Hanson Port"|"+1-560-820-2678"|"Physiotherapist"|"Chavez PLC"|"1973-06-22"
"83d6ca97-788b-44ec-bf0a-65ebf16fc009"|"Julie"|"Hall"|"F"|"942 Weeks Meadow Suite 683"|"419.749.1116"|"Building control surveyor"|"Harris, Martinez and Rojas"|"1976-06-05"
"bf3a8647-148c-4136-953b-5ebd8303dc95"|"Stacey"|"Robinson"|"F"|"121 Jackson Harbors Suite 257"|"2205521534"|"Futures trader"|"Woods-Parker"|"2003-08-21"
"773d2596-a57e-4b98-80e9-96aa70d0e731"|"Danielle"|"Floyd"|"F"|"918 Tim Avenue Apt. 437"|"001-378-975-7662x091"|"IT technical support officer"|"Smith, Sellers and Walker"|"1946-05-28"
"4cb925ec-98a8-4e52-b201-e1d0e7c48de6"|"Robert"|"Davis"|"M"|"312 Thomas Coves Suite 736"|"001-392-713-0957x4801"|"Nurse, adult"|"Taylor, French and Hansen"|"1938-07-26"
"c98f0017-d45f-48de-a101-8e8dcd735712"|"Donna"|"Dean"|"F"|"493 Castillo Underpass Apt. 535"|"(393)346-4634x3213"|"Production assistant, radio"|"Vaughn-Frey"|"1970-08-15"
"4f270889-fae3-458d-9d54-83709d3c10b1"|"Susan"|"Brown"|"F"|"650 Martin Field"|"784-871-3895x883"|"Scientist, marine"|"Ayala-Gutierrez"|"2018-07-29"
"394a5f09-e77d-4d0a-a275-abdad5246242"|"Michelle"|"Johnston"|"F"|"512 Gray Walks Apt. 075"|"+1-992-268-7955x065"|"Information officer"|"Brady-Wilson"|"2019-02-08"
"8a4ce432-95f4-4c44-8716-aed7f4a06efe"|"Brittany"|"May"|"F"|"429 Amber Wells"|"+1-286-718-8109x974"|"Quality manager"|"May, Vazquez and Williamson"|"1975-07-22"
"e934ae25-406c-4698-8c0b-a38d0b870127"|"Michael"|"Hernandez"|"M"|"980 Hood Loop Apt. 276"|"(328)731-0485x84111"|"Economist"|"Rodriguez-Good"|"1961-10-02"
"d195e18d-6846-4082-8588-f400cebbb255"|"Peter"|"Hanson"|"M"|"986 David Course Apt. 455"|"7389885150"|"Immigration officer"|"Lawson LLC"|"2019-07-28"
"94b292f6-3b01-4875-88a2-878b20d3fa94"|"Nicolas"|"Pugh"|"M"|"992 Bailey Trail"|"001-700-967-3719x70701"|"Chief Executive Officer"|"Lopez-Thomas"|"1921-06-04"
"9eb5ce35-c3be-4df8-a6bf-26355dc79778"|"Andrew"|"Jordan"|"M"|"769 Rachel Pine"|"(971)239-0085x949"|"Radiographer, diagnostic"|"Evans PLC"|"1977-01-20"
"54bcb35a-6fcc-4f94-be2c-a984fcf21ad1"|"Kyle"|"Matthews"|"M"|"26 Nicole Via"|"(321)316-7797"|"Biomedical engineer"|"Peck LLC"|"1945-02-10"
"19ff86c0-8ef5-4a55-82b1-7ec66aa56036"|"Charles"|"Evans"|"M"|"810 Randolph Way Suite 427"|"(998)675-1236x7916"|"Radiation protection practitioner"|"Olsen Group"|"2004-01-29"
"b32821a3-8005-4a49-adeb-79941217ee5a"|"Mark"|"Mitchell"|"M"|"858 Danielle Estates"|"+1-795-892-6192x5566"|"Field seismologist"|"Byrd-Davis"|"1912-10-14"
"9ecb03ac-248f-4a7e-bb02-4bf97e848037"|"Patrick"|"Howard"|"M"|"531 Jonathan Place"|"+1-272-895-9162x3071"|"Consulting civil engineer"|"Briggs-Bennett"|"1928-01-14"
"c9ff7108-55d3-448e-a947-45728e6a89ba"|"Robert"|"Johnson"|"M"|"852 Christopher Tunnel"|"346.758.4377x8102"|"Science writer"|"Johnson-Rogers"|"1967-11-28"
"348953ca-8229-46fb-99e4-0d6e294a3c61"|"Lisa"|"Ward"|"F"|"859 Morales Gardens Suite 197"|"667.916.6791x32235"|"Surveyor, building control"|"Sullivan Ltd"|"1930-04-25"
"710d1ad5-8488-4029-876f-81e49a045cfa"|"Thomas"|"Cochran"|"M"|"971 Robert Way"|"(256)728-4215"|"Customer service manager"|"Atkinson, Oconnell and Ray"|"1951-11-05"
"ea8e486b-9d8f-4b76-8ebb-7e5ddef111eb"|"Smith"|"Hale"|"F"|"400 Charles Extension Apt. 046"|"957-395-2876x4135"|"Chief Technology Officer"|"Cruz-Porter"|"2019-11-07"
"22a90ec7-547d-4d64-8e46-cd4153275992"|"Wendy"|"Villanueva"|"F"|"106 Arnold Cliffs"|"+1-428-470-7940x94843"|"Production assistant, radio"|"Gonzalez LLC"|"1965-10-23"
"3eb689e6-31f2-47c5-a87f-6b6074101111"|"Robert"|"Gillespie"|"M"|"831 Douglas Springs"|"001-760-764-6377x8725"|"Community education officer"|"Lawrence, Brown and Newman"|"2012-03-22"
"08bc2419-cd4e-47ef-8574-460a9d487df8"|"Austin"|"Colon"|"M"|"854 Thornton Land Suite 697"|"(546)685-7917x8964"|"Recruitment consultant"|"Wilson, Johnson and Jones"|"1964-06-15"
"61aaede7-c665-4a44-a73b-6e4a65ba5b97"|"Jonathan"|"Buchanan"|"M"|"8 Douglas Springs"|"+1-263-491-2804x450"|"Patent attorney"|"Alexander-Anderson"|"2013-07-03"
"55904cf3-c0c0-49cc-974a-ad8dccc8e6ed"|"Stacey"|"Cannon"|"F"|"388 Cooley Dam Apt. 601"|"6695363378"|"Engineer, site"|"Johnson-Gaines"|"1966-01-10"
"3abd620a-87ef-46be-bc4d-f34df468123a"|"Brianna"|"Nichols"|"F"|"286 Anderson Port"|"+1-981-909-1135x1192"|"Manufacturing engineer"|"Blair-Wells"|"2008-09-13"
"9cf8c5c6-818b-4813-aac6-cbdcfda2479e"|"Brianna"|"Rodriguez"|"F"|"891 Catherine Cove"|"(579)864-0784x83199"|"Engineer, automotive"|"Fields Group"|"1924-12-16"
"00bbf313-36ba-456a-864b-c8c4e6b6dfb6"|"Gina"|"Franklin"|"F"|"283 Ross Camp Apt. 134"|"(414)599-8376"|"Exhibition designer"|"Brown, Tate and Huynh"|"1942-04-17"
"f40095bc-1da2-4ba2-86b0-16a2e1257981"|"Christopher"|"Jones"|"M"|"371 Angela Lights"|"743-900-2845"|"Medical sales representative"|"Norris Group"|"1990-05-08"
"8096bf06-e71b-4662-9ae0-2e93909f88b7"|"William"|"Mitchell"|"M"|"415 Evans Ports Suite 383"|"414-225-9823"|"Set designer"|"White Inc"|"1911-09-25"
"fa8df4e2-dbfb-4125-8051-35e39e907938"|"Keith"|"Aguilar"|"M"|"60 Thomas Ford"|"992.336.6455"|"Records manager"|"Joseph LLC"|"1926-08-19"
"2b6ea5e8-3a84-42c0-8f33-510cfea8a015"|"Karen"|"Haney"|"F"|"527 Ashley Landing"|"(743)295-3605x970"|"Health physicist"|"Davis Inc"|"2006-04-17"
"f5827276-0ae9-4bd2-b020-0d3c48968978"|"Shari"|"Nguyen"|"F"|"781 Alexandra Bridge Suite 474"|"(654)608-2832"|"Medical technical officer"|"Martinez, Torres and Gross"|"2004-05-26"
"0461a825-6eac-414b-9e7d-e0c334b16b6c"|"Cynthia"|"Smith"|"F"|"514 Colleen Mount"|"+1-792-971-6305x12753"|"Scientist, research (maths)"|"Sims, Turner and Johnson"|"1985-12-31"
"49fa0604-95c9-4e3b-a666-b69292a82889"|"Ethan"|"Peterson"|"M"|"98 Pham Ports"|"482-607-1128"|"Race relations officer"|"Frederick, Mcclain and Soto"|"1984-01-01"
"0ce19421-a57a-4112-879f-27ce4aaad010"|"Aaron"|"Jordan"|"M"|"666 Jeffery Village"|"001-572-294-1602"|"Development worker, international aid"|"Baker LLC"|"2005-03-21"
"1d219bb4-d77c-4a88-95a9-81e2ee0d58d5"|"Marc"|"Patrick"|"M"|"251 Danielle Estates"|"296.342.2097x4275"|"Neurosurgeon"|"Allen, Hernandez and Clark"|"1926-12-26"
"b6b2be14-e6f5-4e95-a92d-b45b1ace40ba"|"Anthony"|"Mitchell"|"M"|"815 Hanson Port"|"(868)566-1209"|"Hotel manager"|"Thompson-Rowe"|"1968-08-10"
"c6adb7a6-3ed6-47bf-821f-a623fe81b457"|"Jonathan"|"Smith"|"M"|"107 Robin Junctions Apt. 618"|"(732)738-6488"|"Environmental education officer"|"Khan, Jefferson and Munoz"|"1945-11-21"
"8c1b55b5-88c6-4068-bc2d-07cab3c261c9"|"Raymond"|"Marquez"|"M"|"661 Haney Prairie Suite 518"|"827.976.2158"|"Chemical engineer"|"Wagner and Sons"|"2017-10-07"
"c488ba1b-ddf2-4510-92d7-ca8627545c5c"|"Debra"|"Velez"|"F"|"145 Davis Landing"|"+1-645-821-7983x223"|"Farm manager"|"Willis-Spencer"|"1978-12-05"
"087ee492-7d14-40d2-b5a3-c2410ad42471"|"Kevin"|"Benson"|"M"|"367 Christine Gateway"|"9428532966"|"Photographer"|"Orozco-Mullins"|"2023-05-12"
"14ac30cb-131e-4603-9faa-766c64e214f9"|"Savannah"|"Christian"|"F"|"461 Hernandez Parkways Suite 200"|"+1-907-576-6613x17943"|"Aeronautical engineer"|"Davis-Hurley"|"2019-07-28"
"50e8ac96-35d3-4677-9fd8-998e5ae31fc1"|"David"|"Nichols"|"M"|"49 Mills Springs"|"9717158294"|"Museum education officer"|"Gutierrez PLC"|"1950-08-25"
"1b639760-fdec-4d8e-bdd0-d3f325d5537c"|"Charles"|"Bond"|"M"|"155 Murphy Creek Suite 712"|"001-601-409-8269x9415"|"Insurance risk surveyor"|"Smith-Bryan"|"1946-06-30"
"946bb556-5a1c-41fb-8989-750e2b4d8771"|"Timothy"|"Zuniga"|"M"|"444 Jeffery Village"|"+1-675-369-6304x94707"|"IT sales professional"|"Williams-Ross"|"1989-02-28"
"1370a47f-a134-4a0c-84fc-8c142dc8d54c"|"Jimmy"|"Riley"|"M"|"994 Pham Ports"|"(880)530-9678"|"Primary school teacher"|"Estrada-Scott"|"1908-09-13"
"0fb4472f-68a0-4dce-a626-4813e0bf03e9"|"Teresa"|"Smith"|"F"|"365 John Fall Apt. 476"|"(884)819-1883x0336"|"Engineer, maintenance"|"Martinez-Allen"|"1963-03-17"
"f0682877-e8a8-4a0d-aca0-ab6b532f32e8"|"Matthew"|"Fisher"|"M"|"707 Johnson Plains Suite 376"|"890-635-7553"|"Public affairs consultant"|"Turner-Erickson"|"1912-10-01"
"52134e49-19f7-4b53-8c5c-da0bd656cf99"|"Eric"|"Welch"|"M"|"657 Marquez Lane"|"(385)332-6442x2647"|"Theatre stage manager"|"Miller-Henderson"|"1990-06-02"
"caf1dea1-e79c-48a1-a811-52bb697a03a2"|"Hannah"|"Willis"|"F"|"373 Christopher Tunnel"|"464-597-9725"|"Animal nutritionist"|"Martinez, Horton and Smith"|"2012-10-02"
"9b0e66fd-8b1b-4342-adc4-294b80e33ed2"|"Brady"|"Hicks"|"M"|"800 Amanda Curve"|"4319734132"|"Public librarian"|"Bryant, Kaiser and Williams"|"2023-10-03"
"7c63e802-d711-4167-a1c4-6988284e3947"|"Amber"|"Garcia"|"F"|"240 Rivers Squares"|"240-617-9953x3064"|"Fast food restaurant manager"|"Bradford-Moore"|"1974-07-18"
"f526bb24-2ffe-4923-8376-afbe21ba5587"|"Travis"|"Hall"|"M"|"764 Thornton Land Suite 697"|"681.735.2641"|"Sports administrator"|"Jackson Inc"|"1933-09-04"
"c20848c3-2d05-42ef-ad8b-13c4b7c0f43a"|"Austin"|"Pham"|"M"|"251 Evans Ports Suite 383"|"001-835-647-3167"|"Arts development officer"|"Dillon LLC"|"1998-01-04"
"cef5679f-a2b5-47d7-8e36-bba9dbbe0e60"|"Alexander"|"Hall"|"M"|"312 Julia Station"|"868.968.3456x91918"|"IT trainer"|"Cook, Smith and Martin"|"1949-11-25"
"339ce81e-37e5-4ad4-b096-0dd31247e1da"|"Dustin"|"Howell"|"M"|"537 Kari Alley Suite 131"|"(335)583-6922x3531"|"Armed forces technical officer"|"Jackson Ltd"|"2018-03-02"
"848caa20-8ec0-4886-b085-5ac9e91ae670"|"Samantha"|"Harding"|"F"|"121 Haney Prairie Suite 518"|"784-277-9194"|"Rural practice surveyor"|"Medina, Lopez and Reed"|"1989-03-13"
"57b48da9-b2fc-4c7c-a049-bbcb43de6cb9"|"Sherry"|"Casey"|"F"|"265 Ward Parkway Apt. 076"|"001-622-573-8716"|"Nurse, learning disability"|"Wilson Inc"|"1937-12-27"
"77279ee3-8db7-473f-86b8-b793421a68ed"|"Hannah"|"Floyd"|"F"|"155 Hensley Park Suite 873"|"7517170343"|"Town planner"|"Adams, Shaw and Torres"|"1913-10-31"
"ad9cdecb-abf7-40d4-bc0b-615c6aa63b70"|"Harris"|"Norman"|"M"|"358 Wyatt Pike Suite 863"|"627.393.2575"|"Publishing copy"|"Hoffman Group"|"1956-12-23"
"9d7914a9-d4ac-420d-b94a-7480c5be783d"|"Jennifer"|"Hubbard"|"F"|"422 Cox Turnpike Apt. 083"|"257.202.9627x4974"|"Health visitor"|"Houston-Alvarez"|"2021-12-26"
"a74cd1ac-31e9-4429-a9ff-a3c5624c3183"|"Peter"|"Morris"|"M"|"850 Hanson Port"|"001-663-785-5260x3972"|"Producer, radio"|"Graham LLC"|"1952-09-12"
"50fbc564-9c17-4518-b9eb-72504145dffd"|"Vanessa"|"Simon"|"F"|"185 Gray Walks Apt. 075"|"287.922.1418"|"Investment analyst"|"Long Ltd"|"1940-03-25"
"9510eb5a-ca7f-4ca5-b1bd-242417a4ebf8"|"Larry"|"Anderson"|"M"|"267 Murphy Creek Suite 712"|"400-423-5515"|"Food technologist"|"Webb-Best"|"1965-05-06"
"0370eab4-6483-41cc-9fa9-23e6d3eaadc8"|"Brian"|"Floyd"|"M"|"241 Yvette Loop"|"861-898-5648"|"Journalist, broadcasting"|"Stone-Travis"|"1978-05-11"
"d95218e2-f32d-4e39-a677-60a5f7aae273"|"Beverly"|"Romero"|"F"|"282 Garcia Road Suite 143"|"686-657-2975x761"|"Chartered management accountant"|"Bennett, Smith and Young"|"1995-08-06"
"a06a07be-b531-4041-b245-351cedaa05fa"|"Nicole"|"Fuller"|"F"|"147 Shepard Bridge"|"535.361.5458x33904"|"Waste management officer"|"Dyer, Baird and Spencer"|"1996-11-22"
"f7454b85-fac5-4256-887b-7281aa03e3bf"|"Ashley"|"Buchanan"|"F"|"349 Dakota Extensions"|"+1-224-203-7549x90785"|"Engineer, maintenance"|"Turner, Edwards and Weber"|"1969-07-27"
"9b3afc7a-b380-4ae0-92be-5e10f8daafd3"|"Lauren"|"Barnes"|"F"|"501 Patricia Row"|"(551)350-7677x309"|"Energy engineer"|"Mitchell Inc"|"1909-05-26"
"9f84c88e-91cf-4a6f-a4e4-e5400181e6dd"|"Brandon"|"Schwartz"|"M"|"655 Higgins Port Apt. 001"|"+1-669-460-0759"|"Fine artist"|"Mendoza-Mcbride"|"2005-11-30"
"9ca3ef1b-e9a3-49ef-ad5f-88fc689a2c67"|"Laura"|"Baker"|"F"|"42 Christopher Ways"|"989.445.6156x6778"|"Engineer, water"|"Gregory, Johnston and Reed"|"1944-01-11"
"964ef104-0bfd-4f2b-8a72-607542ab27eb"|"Emily"|"Watson"|"F"|"0 Tara Inlet"|"(943)522-3603x106"|"Financial manager"|"Li Ltd"|"1973-02-24"
"0f0d2ec4-de46-42f2-8e18-ff931668702d"|"Amanda"|"Hughes"|"F"|"488 Hensley Park Suite 873"|"+1-971-388-4603"|"Chartered management accountant"|"Savage LLC"|"1935-01-27"
"2b33423f-8275-4629-8cb7-b2d68d6f5d4d"|"Denise"|"King"|"F"|"547 Nicole Via"|"001-587-924-2077x09488"|"Psychologist, occupational"|"Wilson-Garcia"|"2004-02-23"
"bd3133d0-96fa-4d47-ae61-53fd46da3ae8"|"David"|"Wilson"|"M"|"10 Gabriel Hill Apt. 094"|"001-659-737-2254x56381"|"Human resources officer"|"Cain Inc"|"1965-09-14"
"e68c198d-22f1-4c1f-89ea-7c22a0b0e6f5"|"Kristi"|"Rhodes"|"F"|"689 Padilla Estate Suite 556"|"+1-985-851-2588"|"Teacher, music"|"Wolfe-Flores"|"2020-11-04"
"6ce627ba-20c8-4cd4-b0d8-11b7d755099c"|"Courtney"|"Gonzalez"|"F"|"956 Davis Landing"|"+1-417-583-0793x734"|"Archivist"|"Nielsen-Floyd"|"1958-04-15"
"5b879e32-46d3-4de0-b801-d84a03f1f7ce"|"Edwards"|"Conway"|"F"|"177 Smith Avenue Apt. 759"|"(804)515-1029x370"|"Surveyor, hydrographic"|"Foster-Jones"|"1911-05-06"
"ae790d7d-8478-4876-a23e-9de52712f654"|"Toni"|"Anderson"|"F"|"489 Weeks Meadow Suite 683"|"701.926.1722x38232"|"Solicitor, Scotland"|"Wheeler, Lynn and Thompson"|"1936-09-29"
"f70b3d3a-4528-4c1d-8cbd-f5ccddfc1a76"|"Jennifer"|"Nguyen"|"F"|"506 King Land"|"(372)546-3515"|"Petroleum engineer"|"Wiley Ltd"|"1936-10-13"
"833b3d93-7cd5-4522-a373-e702a5329acf"|"Jessica"|"Jordan"|"F"|"37 Ashley Landing"|"425-559-7974x33559"|"Chartered management accountant"|"Walton, Young and Collins"|"1913-08-05"
"f9d65077-9f73-45a6-85af-5aabb192a6ba"|"Michael"|"Evans"|"M"|"15 Garcia Road Suite 143"|"001-793-916-9985x36455"|"Gaffer"|"Turner-Cox"|"1975-04-12"
"e20176ee-b602-471a-a90e-52df4f0e643a"|"Terri"|"Freeman"|"F"|"366 Christopher Tunnel"|"472.246.7982x883"|"Electronics engineer"|"Johns-Williams"|"1966-06-24"
"94e15ca1-2b68-4fe8-9d06-7355d5b0ea3c"|"Jason"|"Morris"|"M"|"41 Bailey Trail"|"991.533.9159x0297"|"Engineer, chemical"|"Waters, Hunter and Brown"|"2021-03-30"
"9fe09f3e-173c-4f68-bf93-059943812c25"|"Thomas"|"Marquez"|"M"|"126 Johnson Plains Suite 376"|"961-590-2094"|"Designer, blown glass/stained glass"|"Russo-Jackson"|"1995-08-02"
"8857d011-96ed-48e5-9ec7-ec0957263ae5"|"Heather"|"Roberts"|"F"|"853 Christopher Ways"|"440.465.3906"|"Associate Professor"|"Jimenez, Daniel and Wells"|"1972-08-30"
"d4aa13ae-9985-46b3-9924-ac875c8184fe"|"Johnny"|"Tyler"|"M"|"407 Thomas Coves Suite 736"|"(435)668-5998x5651"|"Museum/gallery exhibitions officer"|"Brown, Cox and Johnson"|"1915-07-07"
"7a6d088c-e215-447f-91f5-cee48586c3c8"|"Sandra"|"Curry"|"F"|"382 Cox Turnpike Apt. 083"|"826.250.6590x7317"|"Research officer, trade union"|"Clarke, Forbes and Simmons"|"2002-06-01"
"a9ab5a24-3461-4fc1-96f8-269b5250c525"|"Anna"|"Booth"|"F"|"283 Jeffrey Run"|"+1-548-688-3867x8835"|"Photographer"|"Haas, Graham and Price"|"2006-08-02"
"e715b3c8-b4fa-4575-8d37-b9277155e944"|"Jacob"|"Wood"|"M"|"736 Catherine Lock"|"976-711-0472x6897"|"Arts administrator"|"Fuller-Jimenez"|"1938-12-17"
"e2c6243a-eef2-4b4b-be0e-ad08224b8d4c"|"Dennis"|"Perez"|"M"|"608 Wilson Locks Apt. 694"|"001-683-938-5739"|"Psychologist, clinical"|"Ibarra-Thompson"|"1987-05-26"
"7ef9f33e-b38c-4a96-8532-26b323a85196"|"Jack"|"Sparks"|"M"|"790 Phillip Spring"|"439-785-6220x7668"|"Educational psychologist"|"Chung Ltd"|"2016-08-19"
"a7f3d1fd-b1fd-4937-af09-4094294802fc"|"John"|"Nichols"|"M"|"21 Jeffery Village"|"669.328.7090"|"English as a foreign language teacher"|"Mccormick and Sons"|"1964-10-11"
"0d37e70d-7d98-4f84-8dad-e114d4ba1ca0"|"Manuel"|"Mendoza"|"M"|"123 Robinson Highway"|"001-316-389-3587"|"Magazine features editor"|"Wilson and Sons"|"1931-09-25"
"59bd3b96-dd3a-4189-898f-e5aa9a424d0d"|"Matthew"|"Hernandez"|"M"|"107 Bailey Trail"|"+1-281-977-0315x5777"|"Data processing manager"|"Coleman, Strong and Howe"|"1962-04-22"
"9cc33849-f1a9-4c81-8dd0-010e6ac66b76"|"Catherine"|"Pugh"|"F"|"970 Cooley Dam Apt. 601"|"6628390573"|"Visual merchandiser"|"Smith, Wilson and Roberts"|"1992-11-08"
"bbb263a1-7686-46ce-889c-7710fd618942"|"Cynthia"|"Fisher"|"F"|"600 Martin Field"|"923-921-8287x669"|"Journalist, magazine"|"Bailey Group"|"1920-01-01"
"bac7311d-68f6-4922-add9-24e59d9d38c1"|"Michael"|"Faulkner"|"M"|"421 Jeffrey Run"|"975.954.3138"|"Aid worker"|"Curtis-Baker"|"1981-06-13"
"acbbea1a-0aba-45bd-961d-78b133d44cff"|"Eric"|"Smith"|"M"|"870 Shepard Bridge"|"455.204.3912x914"|"Psychologist, sport and exercise"|"Hughes, Mcmillan and Jackson"|"1980-06-17"
"72c352d6-469c-4cfd-9f95-dbe8110dd983"|"Chad"|"Leach"|"M"|"636 Porter Overpass"|"(227)236-9849"|"Police officer"|"Mcdowell LLC"|"2016-02-28"
"9a2e56ca-f0ce-46fd-b74a-9645a2a90de5"|"Patricia"|"Boone"|"F"|"630 Anderson Parkways"|"367-358-0444x1884"|"Oncologist"|"Greene, Fleming and Williams"|"1976-06-15"
"407061f5-de5b-47ce-9c18-ffc0f8a8c859"|"Joseph"|"Ryan"|"M"|"764 Monica Burgs Suite 695"|"(832)202-8676"|"Surveyor, quantity"|"Golden-Thompson"|"2007-08-02"
"0514ff10-c0d0-416f-8313-09e966f519e7"|"Cassie"|"Terry"|"F"|"452 Lynn Lake Suite 253"|"984.897.7257x98942"|"Therapist, music"|"Evans-Jones"|"1983-08-03"
"423ef1a8-e167-4199-8332-205c3cdcefbe"|"Justin"|"Matthews"|"M"|"287 Jordan Vista Apt. 756"|"(327)427-2543"|"Building surveyor"|"Rocha, Burns and Walker"|"2002-04-12"
"8a2f5543-311e-488a-b9b1-93dd231159a3"|"Juan"|"Phillips"|"M"|"877 Nelson Estate"|"777.513.9072"|"Sub"|"Jordan, Santiago and Meyers"|"1989-10-03"
"d4cc40f5-cc40-4fab-ad65-42f4818ac72c"|"Hendricks"|"Gonzalez"|"M"|"924 Jackson Harbors Suite 257"|"+1-739-932-5650x3451"|"Financial adviser"|"Hayes, Butler and Sparks"|"1941-02-02"
"4576da8b-d016-4ba2-9bfb-1aa2c02c333e"|"David"|"Williams"|"M"|"654 Johnson Lake"|"001-533-215-3240"|"Chartered accountant"|"Fisher-Evans"|"1910-12-10"
"06a05912-51cc-475e-ab9f-5447cf1cd2db"|"Spencer"|"Blair"|"M"|"551 Tiffany Gateway"|"334-581-4300"|"Cartographer"|"Quinn-Jackson"|"1990-09-29"
"7b64fdb7-cc46-40b0-9d2b-eb7ef0cf6c11"|"Jake"|"Hicks"|"M"|"829 Shepard Bridge"|"6802515706"|"Librarian, academic"|"Davis, Villegas and Allen"|"1961-08-12"
"64f20689-17c4-49f2-be90-154edc310c33"|"Tyler"|"Watson"|"M"|"296 Troy Centers"|"+1-500-657-8575x430"|"Dietitian"|"Todd-Kelly"|"1959-05-14"
"5f36d5e8-36ed-472f-8830-627cb89de0ed"|"Jason"|"Blair"|"M"|"741 Jessica Mountains Suite 248"|"(357)743-7889"|"Tax adviser"|"Mcdaniel-Reyes"|"1937-04-10"
"b3560313-5f9c-495a-be80-4061491cd75f"|"Kyle"|"Holmes"|"M"|"653 Michael Manor"|"733.370.3105x7061"|"Chemical engineer"|"Brown LLC"|"1947-08-31"
"9b0bc9a6-6f51-4cdc-b252-4b47e7f4ba6c"|"Nicole"|"Christian"|"F"|"845 Kari Alley Suite 131"|"9928568874"|"Warehouse manager"|"Williams, Rhodes and Small"|"2006-02-04"
"05b50086-36f7-4f8d-a0b5-ea4dcbe3e4ce"|"Matthew"|"Wallace"|"M"|"724 Hanson Port"|"678.942.7763x2958"|"Sound technician, broadcasting/film/video"|"Jones, Barnett and Wilson"|"1942-04-26"
"dbec252b-359f-4b0a-845b-d1976fa6c8b8"|"Torres"|"Walker"|"M"|"173 Michael Circles Suite 720"|"213.995.8268"|"Meteorologist"|"Stewart Group"|"1989-12-05"
"38b238c4-be72-4652-8227-9c4eacd455f2"|"Melissa"|"Davis"|"F"|"708 Newton Wall"|"(829)628-5923"|"Public house manager"|"Montoya-Morales"|"1944-08-15"
"9a1271ab-8c8f-4248-ab5a-da08db71c34d"|"Shawn"|"Wilson"|"M"|"723 Barry Shoal Suite 612"|"(804)561-0687x8181"|"Designer, jewellery"|"Harvey, Small and Lane"|"1926-04-05"
"a9d9be2d-a66e-41a5-a2ce-686fd7b10e08"|"Jessica"|"Jones"|"F"|"826 Wilson Locks Apt. 694"|"426-271-4151"|"Television/film/video producer"|"Taylor-Hall"|"1968-03-07"
"4f728b11-e3e0-497a-9c35-adf82b636cfa"|"Andre"|"Barajas"|"M"|"376 Phillip Spring"|"+1-244-420-0362"|"Bonds trader"|"Larson, Barnett and Garza"|"1937-10-22"
"a5858c93-d78b-4a31-8ca3-c5ef3d338d68"|"Valencia"|"Garrison"|"M"|"658 Matthew Keys"|"(524)747-3059"|"Administrator, arts"|"Stephens, Eaton and Peterson"|"1997-03-04"
"be68171f-023b-4f1c-a77b-0bc4a3749149"|"David"|"Burke"|"M"|"664 William Avenue"|"223.523.1031x6805"|"Producer, radio"|"Pena PLC"|"1963-06-02"
"4b4f1ba8-361d-4c20-98e0-45f7373e76d5"|"David"|"Shields"|"M"|"776 Jessica Mountains Suite 248"|"+1-323-867-0445x3245"|"Forensic psychologist"|"Delgado-Conway"|"1927-07-06"
"00e8669e-3f8b-4eb1-9f09-2e5c48ce534f"|"Jessica"|"Patrick"|"F"|"648 Charles Extension Apt. 046"|"+1-628-667-5092x739"|"Soil scientist"|"Garrett LLC"|"2011-05-27"
"aff01ac3-327f-4a88-b94a-d72cd812ae73"|"Mary"|"Davis"|"F"|"417 Rachel Pine"|"702-347-0233"|"Arboriculturist"|"Dunn Ltd"|"2017-01-13"
"75889b19-7e83-4897-b5c7-bcd250db382d"|"Connor"|"Smith"|"M"|"283 Davenport Fords"|"382-660-1890"|"Psychologist, educational"|"Hogan-Kramer"|"1946-11-10"
"6436392e-2d94-4141-92be-53016369f4c9"|"Monica"|"Jackson"|"F"|"428 Welch Walk"|"001-946-635-3219x384"|"Research scientist (medical)"|"Hernandez Ltd"|"1933-04-14"
"b39f8e92-56d7-4ae1-a922-d10265812d83"|"Michael"|"Jones"|"M"|"686 Colleen Mount"|"001-665-805-5111"|"Chemist, analytical"|"White-Smith"|"1981-04-21"
"e1d769cf-05ca-43b4-ac6a-e3417062cf97"|"Tina"|"Harris"|"F"|"175 Lee Burgs"|"001-985-395-6106x554"|"Broadcast engineer"|"Perry-Nelson"|"2000-09-05"
"36e57a01-5da6-4dae-84c0-c2b75b8d29ad"|"Joel"|"Long"|"M"|"933 Nicole Via"|"(674)943-2398"|"General practice doctor"|"Cox, Montgomery and Watson"|"2014-05-11"
"1a6e7662-e5ea-47e1-ba10-2d4ddbd363a4"|"Annette"|"Roberts"|"F"|"729 Daniel Plaza"|"488-811-7423x7569"|"Civil engineer, contracting"|"Farley LLC"|"1973-07-24"
"936e3d3d-b362-433d-9a74-fdc3a8ab422a"|"Daniel"|"Pugh"|"M"|"261 Jessica Mountains Suite 248"|"820.989.6217x10654"|"Social researcher"|"Castro-Ruiz"|"2017-02-16"
"14996d7a-7eb5-45be-86d7-75bd263aa0f6"|"Anthony"|"Smith"|"M"|"214 Moore Crossroad Apt. 549"|"(653)672-7166"|"Quality manager"|"James, King and Randolph"|"1998-06-24"
"a55015d6-8b3d-4e51-b10f-f2879d86df17"|"Stephen"|"Garner"|"M"|"390 Hensley Park Suite 873"|"+1-224-627-7592x7579"|"Actuary"|"Perry-Ward"|"1939-06-30"
"908e9fe5-f9b1-48f9-a1e1-da9bee0a4087"|"Michaela"|"Roberts"|"F"|"826 Stacey Via Suite 001"|"463-874-0516"|"Nurse, learning disability"|"Combs Inc"|"1973-04-02"
"09d93bdd-6f3c-41d5-99c0-1eb4cdd38da8"|"Andrea"|"Cochran"|"F"|"278 Shelton Run"|"(428)920-1429x16834"|"Orthoptist"|"Martin, Mason and Dennis"|"2014-12-03"