<?xml version="1.0" encoding="UTF-8" ?><automobiles><automobile><person_id>cac35ee9-611f-4f18-97a1-fc7472889285</person_id><license_plate>KXE3454</license_plate><vin>X922M10Z8X5TYLEFL</vin><color>Tomato</color><year>2013</year></automobile><automobile><person_id>9ea2477a-6368-4186-9159-2a859d3b70fd</person_id><license_plate>UCK 800</license_plate><vin>ZD3AFRT979UDF3XNM</vin><color>Tomato</color><year>1986</year></automobile><automobile><person_id>ca080780-372b-443c-8ade-addc121e88cc</person_id><license_plate>GIF 321</license_plate><vin>GR2UUASS8SFBLXU3D</vin><color>DarkGray</color><year>2001</year></automobile><automobile><person_id>ca080780-372b-443c-8ade-addc121e88cc</person_id><license_plate>836PZ</license_plate><vin>MD6HU8JS7WR5HZE66</vin><color>DarkTurquoise</color><year>1980</year></automobile><automobile><person_id>ca080780-372b-443c-8ade-addc121e88cc</person_id><license_plate>02V M93</license_plate><vin>R10X56SA8RFU5FCVY</vin><color>LightBlue</color><year>2010</year></automobile><automobile><person_id>48b1fb29-9dcb-4ec2-a61c-c98e4d2a11bd</person_id><license_plate>749 ZRE</license_plate><vin>9X7B2H728CHAKDCS3</vin><color>Fuchsia</color><year>1992</year></automobile><automobile><person_id>ef9aa156-3417-403e-a4bf-f49728642562</person_id><license_plate>39U B15</license_plate><vin>WEUN7FVA73E9YN273</vin><color>Lavender</color><year>1990</year></automobile><automobile><person_id>ef9aa156-3417-403e-a4bf-f49728642562</person_id><license_plate>307G6</license_plate><vin>RT1RUN1MX7EXAB1DY</vin><color>Thistle</color><year>1978</year></automobile><automobile><person_id>ed75d8de-c42c-4cb1-9873-68d8f56d31ab</person_id><license_plate>3-34338</license_plate><vin>VGV245Y10JU06DJYM</vin><color>RoyalBlue</color><year>1985</year></automobile><automobile><person_id>a3ac1954-d4de-4e01-97f2-238aef95a80a</person_id><license_plate>740-NEH</license_plate><vin>8ZL7J03F3KHLYTM1U</vin><color>MediumOrchid</color><year>1982</year></automobile><automobile><person_id>a84a4df3-d4a7-4924-949e-47adcb288717</person_id><license_plate>EVM 0232</license_plate><vin>65VMSHD38N563TJ3L</vin><color>PowderBlue</color><year>1984</year></automobile><automobile><person_id>b946da30-b26b-49c2-b709-f9ca4b52fd35</person_id><license_plate>5TF 500</license_plate><vin>U79SXEGG0UWPMHZXJ</vin><color>Orange</color><year>1983</year></automobile><automobile><person_id>dc8c0b84-bb36-4377-b837-58af750d2065</person_id><license_plate>219QNM</license_plate><vin>D1WUTZ8Z7NDJG9FX1</vin><color>DarkGreen</color><year>1989</year></automobile><automobile><person_id>58b7efa8-9e66-4874-99bb-7bde97a82217</person_id><license_plate>QNV 014</license_plate><vin>XEZ2HLJA6EWBMR432</vin><color>Azure</color><year>1980</year></automobile><automobile><person_id>58b7efa8-9e66-4874-99bb-7bde97a82217</person_id><license_plate>0FGK487</license_plate><vin>D7JH192J0DMZN26GD</vin><color>Teal</color><year>1983</year></automobile><automobile><person_id>1f990c5a-a9a4-415c-987c-cf2ffb65d797</person_id><license_plate>HFB 835</license_plate><vin>K3SCSDYP5VFUCTWAC</vin><color>DodgerBlue</color><year>1992</year></automobile><automobile><person_id>1f990c5a-a9a4-415c-987c-cf2ffb65d797</person_id><license_plate>QEO 783</license_plate><vin>6MHH1SKLXLXLHR10D</vin><color>MediumSlateBlue</color><year>2019</year></automobile><automobile><person_id>a1faa750-8a97-412b-b0c1-a96b4ce07147</person_id><license_plate>9J831</license_plate><vin>F2NWZTS29J4CAD882</vin><color>DarkCyan</color><year>2006</year></automobile><automobile><person_id>a1faa750-8a97-412b-b0c1-a96b4ce07147</person_id><license_plate>116 6HH</license_plate><vin>XG0CF3J96D6EUSTVN</vin><color>Lavender</color><year>2006</year></automobile><automobile><person_id>a1faa750-8a97-412b-b0c1-a96b4ce07147</person_id><license_plate>XAG-6054</license_plate><vin>HVFJR40G41GGB2VA8</vin><color>YellowGreen</color><year>1975</year></automobile><automobile><person_id>366eefec-1830-44ad-a519-4c67545a1f8c</person_id><license_plate>375 UOU</license_plate><vin>A0ZD48SN4ADLPU6F7</vin><color>DarkOliveGreen</color><year>2022</year></automobile><automobile><person_id>366eefec-1830-44ad-a519-4c67545a1f8c</person_id><license_plate>957856</license_plate><vin>82BZ0N9G67W09XMHW</vin><color>Aquamarine</color><year>2021</year></automobile><automobile><person_id>366eefec-1830-44ad-a519-4c67545a1f8c</person_id><license_plate>520-VPE</license_plate><vin>PBAMFCUCXKN262JEX</vin><color>RosyBrown</color><year>2001</year></automobile><automobile><person_id>587f1fe1-a5d4-47a6-87ac-1861ad35ca94</person_id><license_plate>G54-99Q</license_plate><vin>0YZXZ3A29GUEDXLB4</vin><color>Black</color><year>1979</year></automobile><automobile><person_id>587f1fe1-a5d4-47a6-87ac-1861ad35ca94</person_id><license_plate>477 FJE</license_plate><vin>2ZMC328J6Z62EHCR5</vin><color>MediumSeaGreen</color><year>1978</year></automobile><automobile><person_id>1c41f880-1d8e-4439-bdf7-23c567d09c23</person_id><license_plate>KOV 450</license_plate><vin>F15K7MY04ZH0GSH9B</vin><color>Gainsboro</color><year>2010</year></automobile><automobile><person_id>5130a113-3ae1-43b7-b325-aed3ca84cd5c</person_id><license_plate>3710 HO</license_plate><vin>BLFWA8449TRD2RN7F</vin><color>RosyBrown</color><year>1989</year></automobile><automobile><person_id>5167d3e8-c7e7-485d-8668-21bec537652a</person_id><license_plate>KQ 5488</license_plate><vin>FX5SS6Z95JSLFEEBU</vin><color>Pink</color><year>2007</year></automobile><automobile><person_id>8900ee98-257e-4d1d-b094-d550d7e56bb3</person_id><license_plate>8VC Q95</license_plate><vin>TNKC2BL74VFHA48B0</vin><color>BurlyWood</color><year>1979</year></automobile><automobile><person_id>8900ee98-257e-4d1d-b094-d550d7e56bb3</person_id><license_plate>13X•661</license_plate><vin>T0Z6MB3B5WP22CXS8</vin><color>Blue</color><year>1984</year></automobile><automobile><person_id>0d0e6ca1-d5bb-4a8e-98f5-5b76218d3d0d</person_id><license_plate>715-MOR</license_plate><vin>RYDXBS4F9VKTABD3J</vin><color>BurlyWood</color><year>1975</year></automobile><automobile><person_id>0e6381b2-7aa4-4eb8-becc-680dfae030aa</person_id><license_plate>8IN5625</license_plate><vin>2VHM0W7MXSVBZAP5D</vin><color>Teal</color><year>2002</year></automobile><automobile><person_id>0e6381b2-7aa4-4eb8-becc-680dfae030aa</person_id><license_plate>2Y AQ107</license_plate><vin>NWNC676A9REY32SN8</vin><color>Lime</color><year>2016</year></automobile><automobile><person_id>7e8c4aef-b6ec-4ed1-bfff-160f6778b4a4</person_id><license_plate>6MK9295</license_plate><vin>2J3CCLY34TPA1XKFE</vin><color>Tan</color><year>2022</year></automobile><automobile><person_id>7e8c4aef-b6ec-4ed1-bfff-160f6778b4a4</person_id><license_plate>230-307</license_plate><vin>FZ2E6ENF05S8TBK8C</vin><color>PaleVioletRed</color><year>2010</year></automobile><automobile><person_id>b915ce33-7e62-422e-ac58-632722bfb9c5</person_id><license_plate>7SB5245</license_plate><vin>T24N20NEXZYXPLKLH</vin><color>MediumSpringGreen</color><year>1987</year></automobile><automobile><person_id>ec500f88-b948-4894-88e4-e779e4cc1f14</person_id><license_plate>657CK</license_plate><vin>GF35CNR66Z5P96Z1T</vin><color>Tan</color><year>2014</year></automobile><automobile><person_id>ec500f88-b948-4894-88e4-e779e4cc1f14</person_id><license_plate>78PM0</license_plate><vin>HWMLL5ES73R3TVMN9</vin><color>SpringGreen</color><year>2007</year></automobile><automobile><person_id>1bcd0d5b-7d9f-4eb8-a017-b559f8ef5ed8</person_id><license_plate>008-HTD</license_plate><vin>E5UN8DN88FRBKZ5HK</vin><color>WhiteSmoke</color><year>2004</year></automobile><automobile><person_id>3690cb89-b2b1-478a-863c-272b4add5050</person_id><license_plate>D40 4MQ</license_plate><vin>A6D3CVUK41MNC86WG</vin><color>AntiqueWhite</color><year>1976</year></automobile><automobile><person_id>3690cb89-b2b1-478a-863c-272b4add5050</person_id><license_plate>8G P7296</license_plate><vin>P8T95RVZ73VE1KH1Y</vin><color>OliveDrab</color><year>2020</year></automobile><automobile><person_id>c0d32e77-1915-4a8c-9c3a-89ac5646de38</person_id><license_plate>598-FKN</license_plate><vin>040J0FG61HT2LPRPD</vin><color>MediumTurquoise</color><year>1993</year></automobile><automobile><person_id>c4098016-eb78-433b-a249-6e5ce8b92d77</person_id><license_plate>QQB-806</license_plate><vin>356A0XCY3RBY8N4DK</vin><color>MediumTurquoise</color><year>1977</year></automobile><automobile><person_id>143f6b20-861e-4b85-a0e8-e196ae934f66</person_id><license_plate>7-B6812</license_plate><vin>3HRBE9ZA8PZB2V1JG</vin><color>MediumPurple</color><year>1970</year></automobile><automobile><person_id>c13351bc-4bdd-4dff-b432-0c5ad5a70575</person_id><license_plate>993BKK</license_plate><vin>FH9YRVKE60T0GVUHF</vin><color>DarkKhaki</color><year>1993</year></automobile><automobile><person_id>c13351bc-4bdd-4dff-b432-0c5ad5a70575</person_id><license_plate>VOK 916</license_plate><vin>UCSB2NXV04TLAHPPX</vin><color>MidnightBlue</color><year>2010</year></automobile><automobile><person_id>8bfe8e96-cda1-4165-a2f2-a04111ef4f50</person_id><license_plate>E96 1TW</license_plate><vin>TJ7FHZKW1EK6YVSKP</vin><color>Yellow</color><year>2011</year></automobile><automobile><person_id>8debee23-e416-4d98-80a8-dbbfe05df873</person_id><license_plate>116621</license_plate><vin>G9LE00EY239ETEYCH</vin><color>Aquamarine</color><year>2023</year></automobile><automobile><person_id>8debee23-e416-4d98-80a8-dbbfe05df873</person_id><license_plate>GJA 7381</license_plate><vin>L8FDPNMG2YR5XK7X2</vin><color>LightCyan</color><year>2007</year></automobile><automobile><person_id>b7639719-7bd9-4dd2-af73-f1954aea0fa1</person_id><license_plate>2L G1204</license_plate><vin>U1FNY3RMX9J3UCEE6</vin><color>LightGoldenRodYellow</color><year>1993</year></automobile><automobile><person_id>69e10fcf-35cb-4d3c-ac7a-889c2b3307d1</person_id><license_plate>915 CRS</license_plate><vin>Y1EXZ5XM8A74EXYS0</vin><color>SlateBlue</color><year>1977</year></automobile><automobile><person_id>69e10fcf-35cb-4d3c-ac7a-889c2b3307d1</person_id><license_plate>111 BEQ</license_plate><vin>T5MRYW05738V7WKFC</vin><color>CadetBlue</color><year>2017</year></automobile><automobile><person_id>f9177d90-7365-4f8c-907f-75c663790a12</person_id><license_plate>26F GU3</license_plate><vin>YU42UK7E8STK2F7VZ</vin><color>MediumAquaMarine</color><year>1984</year></automobile><automobile><person_id>f9177d90-7365-4f8c-907f-75c663790a12</person_id><license_plate>LAO-324</license_plate><vin>ZGHS857J8HD82TVCB</vin><color>Pink</color><year>1987</year></automobile><automobile><person_id>f9177d90-7365-4f8c-907f-75c663790a12</person_id><license_plate>102 HXP</license_plate><vin>BF6YUW2BX209JS4L2</vin><color>Coral</color><year>1971</year></automobile><automobile><person_id>26c4bcaa-fa4e-42b9-a1fd-45a42008da28</person_id><license_plate>B89-AMA</license_plate><vin>GFNT9PUF1PWN6LJ1A</vin><color>DarkTurquoise</color><year>1992</year></automobile><automobile><person_id>26c4bcaa-fa4e-42b9-a1fd-45a42008da28</person_id><license_plate>3-5543I</license_plate><vin>BFWU3EF12E8K2E9HS</vin><color>Violet</color><year>1996</year></automobile><automobile><person_id>fdce5f35-2238-4dd3-95c9-a0e3169257ff</person_id><license_plate>MRH 146</license_plate><vin>7KZBUPDA7HPX8HUY4</vin><color>PaleVioletRed</color><year>2015</year></automobile><automobile><person_id>d7b2c89b-7543-44c1-b814-4b9d9d26068e</person_id><license_plate>AGY-6130</license_plate><vin>0ZR90NGM0DFBDRYE3</vin><color>LightYellow</color><year>2005</year></automobile><automobile><person_id>4c537e0c-cb2e-4838-b08d-806f5650a573</person_id><license_plate>O99-26I</license_plate><vin>B7Y9PEC011J5DKX19</vin><color>RoyalBlue</color><year>2020</year></automobile><automobile><person_id>4c537e0c-cb2e-4838-b08d-806f5650a573</person_id><license_plate>165ILY</license_plate><vin>47ZMW3WM9LN3GENGJ</vin><color>Silver</color><year>1982</year></automobile><automobile><person_id>0f23a6c1-1bf3-4e5f-b5a2-f06ed789e94b</person_id><license_plate>A80 6CH</license_plate><vin>T6NRV8FM2W6CJNTLU</vin><color>DarkSlateGray</color><year>2013</year></automobile><automobile><person_id>0f23a6c1-1bf3-4e5f-b5a2-f06ed789e94b</person_id><license_plate>438-UMS</license_plate><vin>7KFK8T0G5MUW071GB</vin><color>Gold</color><year>1987</year></automobile><automobile><person_id>0f23a6c1-1bf3-4e5f-b5a2-f06ed789e94b</person_id><license_plate>ES 1079</license_plate><vin>LTDTV7N71SXRF5T81</vin><color>LightSteelBlue</color><year>2000</year></automobile><automobile><person_id>a3998aaf-3d75-4311-90a6-fcb1eb48049c</person_id><license_plate>544-ZUT</license_plate><vin>DDJUYVMB11FVT45XE</vin><color>WhiteSmoke</color><year>1981</year></automobile><automobile><person_id>a3998aaf-3d75-4311-90a6-fcb1eb48049c</person_id><license_plate>15E 409</license_plate><vin>GXVY8BPKXXYJA4246</vin><color>Orange</color><year>1990</year></automobile><automobile><person_id>d72b3da9-c294-4ceb-8cbe-45b475bad863</person_id><license_plate>0Y IM746</license_plate><vin>1EP8NHWM109MLMDWS</vin><color>LightSalmon</color><year>1981</year></automobile><automobile><person_id>d72b3da9-c294-4ceb-8cbe-45b475bad863</person_id><license_plate>4AX U85</license_plate><vin>J3HGE19Y2E9E8D6BP</vin><color>Fuchsia</color><year>1985</year></automobile><automobile><person_id>787f0884-2100-4ab8-ae24-fb1bbdbc10ce</person_id><license_plate>ZYX 188</license_plate><vin>RGYW1HGK9XPPYX3D6</vin><color>LightSalmon</color><year>2015</year></automobile><automobile><person_id>d2169952-7c5f-4c01-a098-e2cf982028e3</person_id><license_plate>3O 76042</license_plate><vin>50Y6BMVA34GK8CAUW</vin><color>Bisque</color><year>2006</year></automobile><automobile><person_id>06cb5d0a-6f05-4ebe-81f2-5559591d93fb</person_id><license_plate>GVU-4622</license_plate><vin>ZPR8CNLG21CVLF76T</vin><color>Maroon</color><year>2006</year></automobile><automobile><person_id>06cb5d0a-6f05-4ebe-81f2-5559591d93fb</person_id><license_plate>76-67973</license_plate><vin>MNBR8G7808RHG4JLK</vin><color>PapayaWhip</color><year>1975</year></automobile><automobile><person_id>4c3ce35a-a5b6-4b0d-926d-ca478c70b915</person_id><license_plate>PSA-1956</license_plate><vin>FMEW0GGC1GGEUVYCR</vin><color>DarkSlateGray</color><year>1974</year></automobile><automobile><person_id>a8efe485-b778-428d-b167-93df960acb8f</person_id><license_plate>2A 6000R</license_plate><vin>5PWWS3K95PM3VHALJ</vin><color>DarkGray</color><year>1982</year></automobile><automobile><person_id>f4ee54f9-a905-41f5-9d8e-0f80609cbf1a</person_id><license_plate>231-DJU</license_plate><vin>E9BZDRMJ57R1K2V8Y</vin><color>LightYellow</color><year>2019</year></automobile><automobile><person_id>f4ee54f9-a905-41f5-9d8e-0f80609cbf1a</person_id><license_plate>1029 RH</license_plate><vin>XCHLXSW88G0WYB37M</vin><color>IndianRed</color><year>1986</year></automobile><automobile><person_id>ffe47e24-44b4-4258-ad6a-a5b5d498b552</person_id><license_plate>731 HWG</license_plate><vin>56RJ37618TFXSKXEU</vin><color>DarkGray</color><year>1988</year></automobile><automobile><person_id>7bb53259-a19c-4869-b8e2-2df0e233a0bb</person_id><license_plate>P31 4LX</license_plate><vin>XN7CHRZZ3FFLMV5WT</vin><color>Thistle</color><year>1999</year></automobile><automobile><person_id>7bb53259-a19c-4869-b8e2-2df0e233a0bb</person_id><license_plate>964AC</license_plate><vin>NCH4GAFK5AT6C11CN</vin><color>FireBrick</color><year>1979</year></automobile><automobile><person_id>ae99dcfb-2543-4936-b7c2-71fc927fb4c7</person_id><license_plate>ZPN 419</license_plate><vin>JMURUU658EG1CF092</vin><color>Green</color><year>1978</year></automobile><automobile><person_id>71daf1c3-47ae-4299-a346-375cc5fef498</person_id><license_plate>769 YIT</license_plate><vin>GP0A6NH839K9RSG2C</vin><color>Moccasin</color><year>1981</year></automobile><automobile><person_id>71daf1c3-47ae-4299-a346-375cc5fef498</person_id><license_plate>21Z 442</license_plate><vin>T5NRN5D75K8F5P7VN</vin><color>Yellow</color><year>2023</year></automobile><automobile><person_id>178a5623-9a5d-44d1-80f3-b087f2e4c222</person_id><license_plate>GRA 0044</license_plate><vin>B90MH7UG6MLZG513A</vin><color>Black</color><year>2018</year></automobile><automobile><person_id>178a5623-9a5d-44d1-80f3-b087f2e4c222</person_id><license_plate>8CC4998</license_plate><vin>SYFPJWRB6K04K3L7H</vin><color>DimGray</color><year>1981</year></automobile><automobile><person_id>68ade8b5-54fd-4af8-abea-07940e787fa5</person_id><license_plate>73-J813</license_plate><vin>RN9TTFS32R71B3JPC</vin><color>Maroon</color><year>2021</year></automobile><automobile><person_id>68ade8b5-54fd-4af8-abea-07940e787fa5</person_id><license_plate>283-DKU</license_plate><vin>MSLDDWYN5625DUE1F</vin><color>DarkSeaGreen</color><year>1981</year></automobile><automobile><person_id>68ade8b5-54fd-4af8-abea-07940e787fa5</person_id><license_plate>UK 67580</license_plate><vin>DZ5D5RHT76WB12HC7</vin><color>BurlyWood</color><year>1979</year></automobile><automobile><person_id>ac3fd624-6a52-42a1-b3bc-77d20268fb73</person_id><license_plate>NCD-5282</license_plate><vin>TPWXW36C0RAC2HKJB</vin><color>DarkBlue</color><year>2017</year></automobile><automobile><person_id>ac3fd624-6a52-42a1-b3bc-77d20268fb73</person_id><license_plate>B33 0TR</license_plate><vin>NJR0VWVU951WZ54XY</vin><color>SteelBlue</color><year>1988</year></automobile><automobile><person_id>350a3e3e-76e3-44cd-8762-391d476d7095</person_id><license_plate>8490</license_plate><vin>NS88858J2C8YWUMKA</vin><color>Teal</color><year>2022</year></automobile><automobile><person_id>350a3e3e-76e3-44cd-8762-391d476d7095</person_id><license_plate>T85 0CT</license_plate><vin>RMNK9MFJ9T5BKVA0Z</vin><color>Blue</color><year>2020</year></automobile><automobile><person_id>9206448f-85d9-4f4b-8a41-9d88892fe922</person_id><license_plate>J93 7KZ</license_plate><vin>5XS5BNPB3HYFA7CBF</vin><color>IndianRed</color><year>1974</year></automobile><automobile><person_id>9206448f-85d9-4f4b-8a41-9d88892fe922</person_id><license_plate>3-26088</license_plate><vin>XPDDMN6G5TKBE46RG</vin><color>MediumTurquoise</color><year>1980</year></automobile><automobile><person_id>498f9871-f491-4745-a9e3-6eea3bada532</person_id><license_plate>562X8</license_plate><vin>K7865VB2818WMFZ3E</vin><color>MediumPurple</color><year>2019</year></automobile><automobile><person_id>498f9871-f491-4745-a9e3-6eea3bada532</person_id><license_plate>834 LT8</license_plate><vin>S1GVGLJP7ER7E3R71</vin><color>CadetBlue</color><year>1990</year></automobile><automobile><person_id>498f9871-f491-4745-a9e3-6eea3bada532</person_id><license_plate>Z27 5BE</license_plate><vin>NGPF31FA27T9SULS0</vin><color>MediumSpringGreen</color><year>1987</year></automobile><automobile><person_id>72b8c68d-ce10-43cc-8797-a9f2f26da5e4</person_id><license_plate>50N X42</license_plate><vin>8P3YBZPW3C8ZKG0JX</vin><color>SandyBrown</color><year>1996</year></automobile><automobile><person_id>72b8c68d-ce10-43cc-8797-a9f2f26da5e4</person_id><license_plate>VNR5392</license_plate><vin>Z2NL81S703JXZ5XE8</vin><color>Violet</color><year>2020</year></automobile><automobile><person_id>f5bb5bbd-0370-4e7e-b9e8-6a47b96f7eda</person_id><license_plate>61AW0</license_plate><vin>0AFUW5ES8C02ZFDCF</vin><color>PaleVioletRed</color><year>1975</year></automobile><automobile><person_id>262089d0-41bb-46f6-952d-1401059199b4</person_id><license_plate>543-NNTQ</license_plate><vin>Y8006UNJ0P02UHMMR</vin><color>SandyBrown</color><year>1970</year></automobile><automobile><person_id>9d1c7ac0-81b9-4e84-b5bb-50ab9e3b2e8c</person_id><license_plate>6JL C75</license_plate><vin>HAAD58A32NEK5EARR</vin><color>CadetBlue</color><year>2020</year></automobile><automobile><person_id>33cdf766-7157-4682-89dc-8ccf5ae9cd6e</person_id><license_plate>275-IVI</license_plate><vin>JW4VHVGY385XPWRJU</vin><color>MediumSlateBlue</color><year>1985</year></automobile><automobile><person_id>33cdf766-7157-4682-89dc-8ccf5ae9cd6e</person_id><license_plate>LHP 750</license_plate><vin>REW0MW9X0CDLR29XR</vin><color>SandyBrown</color><year>1995</year></automobile><automobile><person_id>33cdf766-7157-4682-89dc-8ccf5ae9cd6e</person_id><license_plate>645 XX9</license_plate><vin>4FJ8D3BV80R8TZ1A9</vin><color>LawnGreen</color><year>1970</year></automobile><automobile><person_id>ba6c450e-89b1-403e-ab04-5fac69911223</person_id><license_plate>L93-36J</license_plate><vin>YJ7L2PYEXAB0KK5B0</vin><color>PaleVioletRed</color><year>2010</year></automobile><automobile><person_id>06ebba6b-58c0-4e25-81fa-bf8281a13fbd</person_id><license_plate>MRV 943</license_plate><vin>AHSRVYFW6PVJMY83H</vin><color>Black</color><year>1975</year></automobile><automobile><person_id>68259844-2190-4b8b-bb54-ba8642b1cf54</person_id><license_plate>280-GOE</license_plate><vin>PC7P6NTP4LWJPSC7D</vin><color>MistyRose</color><year>2020</year></automobile><automobile><person_id>5860ca45-2b5b-4f4f-8d74-14eb739d5c9f</person_id><license_plate>7AV 976</license_plate><vin>8RXL6EFC1KAW54H16</vin><color>Chartreuse</color><year>1999</year></automobile><automobile><person_id>7b53a0c7-0f64-46fe-b854-e4ac8b692d29</person_id><license_plate>BVL 274</license_plate><vin>07DMKMSC6AJUL6EWX</vin><color>Pink</color><year>2003</year></automobile><automobile><person_id>d371a65f-aaed-470e-b2b4-e09b7ecb51de</person_id><license_plate>9PBD 90</license_plate><vin>PJD1UURP3BFKBF1AZ</vin><color>DarkKhaki</color><year>1991</year></automobile><automobile><person_id>6055e02a-a20f-46cd-8e37-9425b43780f7</person_id><license_plate>744 UCF</license_plate><vin>5F9D9V480X9J7H1DK</vin><color>Teal</color><year>2023</year></automobile><automobile><person_id>1120e1ad-7728-4055-b14e-1fb497f2017f</person_id><license_plate>4O TH180</license_plate><vin>NNC6YV1Y7UV8G8EB5</vin><color>SeaGreen</color><year>1997</year></automobile><automobile><person_id>3532dbd4-fd4c-43ca-addb-0f05be5a9975</person_id><license_plate>SOY 671</license_plate><vin>55UYCBNK0NZ5YF3F2</vin><color>MediumSpringGreen</color><year>2014</year></automobile><automobile><person_id>4e37f28a-a1a9-4004-b7f4-6037537b23f4</person_id><license_plate>33X 4079</license_plate><vin>UJ9KG6SS7LM4VAE4N</vin><color>Orchid</color><year>1981</year></automobile><automobile><person_id>d161a327-d22c-48f4-bb2c-1c9b690df491</person_id><license_plate>4-5554D</license_plate><vin>BY1TWTML2AY1TNPTD</vin><color>LightGray</color><year>2013</year></automobile><automobile><person_id>d161a327-d22c-48f4-bb2c-1c9b690df491</person_id><license_plate>990-XSF</license_plate><vin>K6AKJG3D5V9LFPTRM</vin><color>Crimson</color><year>2001</year></automobile><automobile><person_id>516a0055-9ee4-41ac-a6e4-8d44472c2973</person_id><license_plate>40Q R25</license_plate><vin>ATW8GAKK7XNKZSDCS</vin><color>Black</color><year>1980</year></automobile><automobile><person_id>923860d7-89ce-432a-9570-188f75c2923b</person_id><license_plate>QTR 440</license_plate><vin>UX3MBABF4BG565X83</vin><color>LemonChiffon</color><year>2006</year></automobile><automobile><person_id>923860d7-89ce-432a-9570-188f75c2923b</person_id><license_plate>KLQ 985</license_plate><vin>DH0Y7LF68VAWNB3XN</vin><color>BlanchedAlmond</color><year>2017</year></automobile><automobile><person_id>d4d314eb-9741-47e5-8104-531ad42af7e3</person_id><license_plate>O45 6AU</license_plate><vin>6WFCM64P8KDAJVPF3</vin><color>DarkViolet</color><year>2013</year></automobile><automobile><person_id>d4d314eb-9741-47e5-8104-531ad42af7e3</person_id><license_plate>2-97882</license_plate><vin>E6KKPNSL7E34B7BHA</vin><color>PowderBlue</color><year>2011</year></automobile><automobile><person_id>a022414e-7581-4016-a956-96d3fc6cdd78</person_id><license_plate>1Q103</license_plate><vin>HGX66TG33GN3NJ3LW</vin><color>CornflowerBlue</color><year>2000</year></automobile><automobile><person_id>a9cec7aa-914c-41ff-b905-0bdac8d3decb</person_id><license_plate>EYW Z96</license_plate><vin>26FFWCA950JDR18D1</vin><color>AntiqueWhite</color><year>2008</year></automobile><automobile><person_id>520c3cb0-359e-47a7-abab-5b48bdeda445</person_id><license_plate>KWP2388</license_plate><vin>F3F9VZUUXFUKJBX4H</vin><color>PaleVioletRed</color><year>2002</year></automobile><automobile><person_id>520c3cb0-359e-47a7-abab-5b48bdeda445</person_id><license_plate>365-CWK</license_plate><vin>16A043410JE1MXAUF</vin><color>LightSlateGray</color><year>2013</year></automobile></automobiles>