"id"|"first_name"|"last_name"|"sex"|"address"|"phone_number"|"profession"|"company"|"date_of_birth"
"d371a65f-aaed-470e-b2b4-e09b7ecb51de"|"Marisa"|"Garcia"|"F"|"990 Higgins Port Apt. 001"|"457.424.7434x079"|"Horticulturist, amenity"|"Barrett, Hines and Martin"|"1925-10-23"
"6055e02a-a20f-46cd-8e37-9425b43780f7"|"Michelle"|"Hernandez"|"F"|"269 Thornton Land Suite 697"|"8412038560"|"Designer, exhibition/display"|"Archer, Pruitt and Tyler"|"1942-04-06"
"1120e1ad-7728-4055-b14e-1fb497f2017f"|"Jeffrey"|"Fisher"|"M"|"56 Colleen Mount"|"548-833-4447x2957"|"Audiological scientist"|"Morales LLC"|"2024-03-21"
"3532dbd4-fd4c-43ca-addb-0f05be5a9975"|"Charles"|"Davis"|"M"|"775 Alexandra Bridge Suite 474"|"+1-831-762-3048"|"Information officer"|"Lopez, Wilson and Ford"|"1954-07-25"
"4e37f28a-a1a9-4004-b7f4-6037537b23f4"|"Kristi"|"Patrick"|"F"|"137 Pham Ports"|"938.270.9591"|"Field trials officer"|"Smith-Davis"|"1925-11-28"
"13d5290f-e2ff-4549-8f9d-44ee8c858e06"|"Jennifer"|"Daniels"|"F"|"153 Jennifer Track"|"315.950.6720x269"|"Financial controller"|"May and Sons"|"1984-08-14"
"d161a327-d22c-48f4-bb2c-1c9b690df491"|"Olivia"|"Boone"|"F"|"718 Catherine Lock"|"001-647-301-6833x2660"|"Osteopath"|"Estrada Group"|"1917-07-18"
"516a0055-9ee4-41ac-a6e4-8d44472c2973"|"Leah"|"Berry"|"F"|"718 Elizabeth Creek Apt. 423"|"693-911-7356"|"Heritage manager"|"Thomas, Hughes and Perez"|"1995-07-31"
"cd7941fa-e618-45b8-8f7a-4c0d2d6ba3ef"|"Steven"|"Green"|"M"|"757 Hood Loop Apt. 276"|"+1-346-700-2005x74480"|"Scientist, research (medical)"|"Vasquez-Wilson"|"1974-05-31"
"923860d7-89ce-432a-9570-188f75c2923b"|"Sophia"|"Franklin"|"F"|"472 Brown Canyon Apt. 503"|"(871)842-0722"|"Oceanographer"|"Patel, Webb and Wallace"|"1913-09-09"
"d4d314eb-9741-47e5-8104-531ad42af7e3"|"John"|"Tyler"|"M"|"840 Thomas Coves Suite 736"|"389.578.9914x1084"|"Engineer, agricultural"|"Lopez-Henry"|"1953-12-28"
"a022414e-7581-4016-a956-96d3fc6cdd78"|"Jesse"|"Boone"|"M"|"922 Jacobs Ports Suite 715"|"(957)307-0728"|"Scientist, research (maths)"|"Allen LLC"|"1921-12-19"
"a9cec7aa-914c-41ff-b905-0bdac8d3decb"|"Maria"|"Hanson"|"F"|"574 Barry Shoal Suite 612"|"5836889109"|"Programme researcher, broadcasting/film/video"|"Herman, Petersen and Holloway"|"2005-02-09"
"520c3cb0-359e-47a7-abab-5b48bdeda445"|"Brenda"|"Pugh"|"F"|"48 Jeffery Isle"|"988-598-9994x0891"|"Scientist, audiological"|"Patel-Griffin"|"1912-04-30"
"33585412-192e-46c1-8ec8-9bad80902053"|"David"|"Weaver"|"M"|"474 Newton Wall"|"001-357-262-6262x62390"|"Forensic psychologist"|"Strong LLC"|"1918-10-31"
"a37a8efb-9fb6-4d01-91d0-3ec212fa972e"|"Morgan"|"Ward"|"F"|"575 Diana Point"|"847-437-5307"|"Electronics engineer"|"Holland LLC"|"1992-01-29"
"fce2bb9b-a52d-494c-b8d6-8f97444ef8ab"|"Ashley"|"Patton"|"F"|"26 Christopher Ways"|"+1-822-650-3129x321"|"Theatre director"|"Powers, Finley and Rosales"|"1970-06-16"
"b9186e2a-d1a3-4ea3-b0c8-d38520d0467f"|"Gary"|"Taylor"|"M"|"39 Weeks Meadow Suite 683"|"(821)825-2059x426"|"Legal executive"|"Good Inc"|"1953-06-11"
"ed9ec0f6-a4e1-4147-9ae1-816be8343f30"|"John"|"Stone"|"M"|"957 Brown Canyon Apt. 503"|"001-237-923-6307x27704"|"Pharmacologist"|"Roth Group"|"1931-09-28"
"34663c92-abc1-4620-acb8-8392aa1a86b3"|"David"|"Gray"|"M"|"311 Jessica Mountains Suite 248"|"001-847-564-9272x0985"|"Journalist, magazine"|"Herrera, Jones and Jacobs"|"2006-05-05"
"02229131-0800-4b6b-983d-e3606d7bdf8c"|"Kelly"|"Cochran"|"M"|"370 Jonathan Stravenue"|"(420)924-8683x886"|"Sport and exercise psychologist"|"Smith Group"|"1952-11-17"
"aaedbf91-afc8-4faa-b2f6-e91b238a2c43"|"Scott"|"Suarez"|"M"|"194 Davenport Fords"|"669.745.7104x19336"|"Health promotion specialist"|"Howard Group"|"2009-03-18"
"69e42bca-eb61-4721-804b-e5bd8816f3e7"|"Steven"|"Burns"|"M"|"79 Julia Station"|"001-635-377-7399x55666"|"Designer, fashion/clothing"|"Mendoza, Harris and Gamble"|"1960-06-24"
"57b19ba9-5ed7-4092-b54a-27d998264af3"|"Alicia"|"Saunders"|"F"|"98 Anderson Parkways"|"(508)278-4110x70257"|"Engineer, broadcasting (operations)"|"Dominguez, Charles and Buckley"|"1992-12-27"
"72b762bd-0626-46ef-a8f0-501258752220"|"Robert"|"Hanson"|"M"|"415 Luna Loop"|"977.310.4902"|"Ambulance person"|"Torres, Webb and Watkins"|"1918-07-30"
"0d0ec806-3520-4b44-b12a-b7809721b4f6"|"Michael"|"Haney"|"M"|"525 Barry Shoal Suite 612"|"+1-246-203-5120"|"Financial manager"|"Monroe, Ruiz and Mitchell"|"2014-11-09"
"306eec56-9d05-4c58-aab3-ed0fa62f4782"|"Sherry"|"Williams"|"F"|"941 Troy Centers"|"(223)953-4080"|"Camera operator"|"Flores, Green and Morgan"|"1951-03-09"
"89129a26-1911-4dce-a941-94c4c50b908c"|"Richard"|"Crane"|"M"|"741 Michelle Isle Apt. 431"|"906-922-6454x988"|"Civil engineer, consulting"|"Jensen-Mason"|"2014-08-24"
"f89ca5c7-4825-4fc4-89f9-d4468008ddb7"|"William"|"Brown"|"M"|"585 Christine Gateway"|"3358327191"|"Engineer, building services"|"Parks-Stark"|"2004-08-31"
"b63be3ee-bed4-4772-a0ac-a564c9b7ea0f"|"Mary"|"Gonzales"|"F"|"588 Julia Station"|"798.395.5637x5742"|"Nurse, adult"|"Cherry Ltd"|"2014-01-14"
"f7a6b04e-60e8-4c04-805c-f42ef09d7b58"|"Christopher"|"Vargas"|"M"|"259 Rosario Loop"|"001-442-906-4002x209"|"Nurse, adult"|"Smith, Lowe and Jensen"|"1998-04-15"
"c035955c-bf06-459f-8f4a-17d58fe4ddb5"|"Thomas"|"Ward"|"M"|"949 Cox Turnpike Apt. 083"|"(217)397-6266x216"|"Engineer, automotive"|"Stone Group"|"2006-03-06"
"c525f65b-11c0-41d3-ba0a-880ca686c7ec"|"Samuel"|"Baxter"|"M"|"137 Brown Canyon Apt. 503"|"(731)619-0400x89314"|"Buyer, industrial"|"Cooper-Gilmore"|"2014-12-10"
"88b533a5-bd80-4fb6-86fa-9c69b548e170"|"Ryan"|"Strickland"|"M"|"64 Luna Loop"|"875.323.6137x180"|"Operations geologist"|"Miller, Nunez and Weaver"|"1913-09-13"
"55d33e89-73a5-4f5f-a73d-c1b434087864"|"Francisco"|"Pham"|"M"|"288 David Course Apt. 455"|"001-602-359-4564"|"Accountant, chartered certified"|"Doyle, Bernard and Smith"|"1952-07-30"
"442302dd-cde1-4ce7-bea7-4b5c6ff14448"|"Eric"|"Sparks"|"M"|"980 Andrew Street Apt. 107"|"734.431.7190"|"Engineer, control and instrumentation"|"Terrell Inc"|"1918-01-06"
"f90c9ba3-2507-4579-b56a-079cf3ae8e11"|"Joseph"|"Anderson"|"M"|"43 Hensley Park Suite 873"|"+1-310-377-1738x15112"|"Tree surgeon"|"Estrada-Flores"|"1979-08-06"
"dbc98766-e5cd-42ab-bc77-df162182ab36"|"Douglas"|"Garner"|"M"|"976 Jacobs Ports Suite 715"|"001-751-809-6904x123"|"Community pharmacist"|"Barnes, Warner and Hardy"|"1991-12-09"
"afa67697-2313-45b3-b448-a5aa24b6130c"|"Mary"|"White"|"F"|"139 Castillo Underpass Apt. 535"|"+1-960-423-1750x50619"|"Production assistant, radio"|"Walker, Russell and Price"|"1930-08-15"
"cc4a1410-36f4-4587-a5eb-25d42abec695"|"Brian"|"Colon"|"M"|"502 Ashley Landing"|"312-546-5298x850"|"Lighting technician, broadcasting/film/video"|"Bryant-Wheeler"|"1952-03-18"
"3dbb50b9-9e88-497d-9666-c2c68f198863"|"Andrew"|"Garrison"|"M"|"434 Rivers Squares"|"001-962-836-3829x38859"|"Commercial/residential surveyor"|"Shaw, Moody and Smith"|"1959-10-21"
"a7fa4f8b-09f3-4e61-b78c-2532dbc3c394"|"Joseph"|"Li"|"M"|"337 Andrew Street Apt. 107"|"370.365.9084x6660"|"Mental health nurse"|"Burton LLC"|"2006-12-15"
"a76e73a0-4cbc-491c-9b10-c138148b81a8"|"Stacie"|"May"|"F"|"781 Hanson Port"|"997.209.3892x935"|"Petroleum engineer"|"Rogers Group"|"2014-09-09"
"e62a1632-daa1-40a6-9a78-298da33000ca"|"Tina"|"Miller"|"F"|"120 Jackson Harbors Suite 257"|"001-690-935-8101x836"|"Catering manager"|"Miller-Howe"|"1944-11-06"
"1f30c37a-5c74-48cd-a1c6-292d024a6386"|"Hannah"|"Flynn"|"F"|"883 Jones Cliffs Suite 657"|"898-350-5042x62474"|"Television production assistant"|"Rangel, Christian and Garcia"|"1936-07-14"
"7d279ee4-3418-4169-b23f-d85ef01fac67"|"Andrea"|"Hanson"|"F"|"467 Johnson Plains Suite 376"|"(726)402-7209"|"Surveyor, planning and development"|"Hampton Inc"|"1987-09-10"
"c3db2685-1de0-4799-8657-3f8f807c0878"|"Natalie"|"Smith"|"F"|"506 Yvette Loop"|"+1-991-941-8648x22774"|"Acupuncturist"|"Hoffman PLC"|"1928-03-04"
"c0bf1eae-ea7a-4e59-a694-b72baba215d3"|"Jonathan"|"Torres"|"M"|"867 Christine Gateway"|"264.608.4971x5788"|"Chiropodist"|"Lynch-Williams"|"1925-02-28"
"fc297f31-cc1c-4607-bf49-7e8a4f734112"|"Linda"|"Green"|"F"|"381 Jonathan Place"|"001-636-708-8810"|"Advertising account planner"|"Turner Ltd"|"1960-03-08"
"77872dfb-587a-4d24-a030-5d31abecf640"|"Boone"|"Parker"|"F"|"914 Nathan Views"|"7674758463"|"Chief Financial Officer"|"Wood, Hogan and Jenkins"|"2002-05-23"
"a75cb736-9a40-458d-8d60-3c1ede170860"|"Anne"|"Velez"|"F"|"221 Angela Lights"|"001-991-514-5270x2104"|"Psychologist, sport and exercise"|"Martinez, Moore and Bell"|"1926-04-01"
"3539d28a-4e6d-47c6-805d-0fe8a6b9a600"|"Walter"|"Barnes"|"M"|"913 Hart Estates Suite 718"|"(288)844-9237x8378"|"Art gallery manager"|"Smith-Huff"|"1963-12-27"
"5983525c-8f85-4a12-9d6b-db81ca2bdcb5"|"Benjamin"|"Smith"|"M"|"467 Weaver Haven"|"001-479-782-6301"|"Gaffer"|"Lopez-Ward"|"2016-05-04"
"a4b5fe60-7388-473c-ba3e-8aca7f10e8c0"|"Ryan"|"Lynn"|"M"|"732 Stacey Via Suite 001"|"+1-713-784-0425x5363"|"Production engineer"|"Roberts Group"|"2009-02-27"
"107cd5ca-cf2b-4705-b55f-2484eeeff92c"|"Virginia"|"Jones"|"F"|"415 Monica Burgs Suite 695"|"001-252-834-6968x9738"|"Astronomer"|"Spence, Henry and Hernandez"|"1929-04-05"
"03753fb6-5f5e-4d33-9d5e-7a49ca65ebe7"|"Dorothy"|"Lopez"|"F"|"876 Christopher Ways"|"+1-575-934-4283x63627"|"Health physicist"|"Wilcox PLC"|"1958-07-07"
"98352d21-1213-4dfc-9b5c-abb131b3d2b0"|"Scott"|"Hubbard"|"M"|"249 Charles Extension Apt. 046"|"001-607-639-6631x291"|"Pathologist"|"Adams LLC"|"1999-03-07"
"632425ac-1cfb-498d-8a91-96ab33286c06"|"Catherine"|"Ryan"|"F"|"842 Christopher Tunnel"|"344.542.0258"|"Child psychotherapist"|"Flores and Sons"|"1954-09-24"
"eead531b-bf17-409a-aa47-ee8dcc097e0d"|"Martha"|"Cordova"|"F"|"898 Charles Extension Apt. 046"|"3122899870"|"Special educational needs teacher"|"Clarke, George and Lewis"|"1981-05-11"
"1948ea3f-c586-40a4-ac01-9cef5fbf67c6"|"Kelli"|"Howard"|"F"|"594 Arnold Cliffs"|"+1-814-944-2581x37709"|"Medical secretary"|"Smith, Howell and Daniel"|"1949-05-18"
"5cef3906-2dd9-4450-8c66-0317ab6045ae"|"Amber"|"Roy"|"F"|"176 Banks Curve Apt. 123"|"244.569.7334x8548"|"Special effects artist"|"Allen-Lewis"|"1919-05-25"
"c7dc4805-174b-41bf-99b7-850f32d5779f"|"Douglas"|"Watkins"|"M"|"136 Lee Burgs"|"311.987.0404x841"|"Tree surgeon"|"Romero, Reynolds and Spencer"|"1974-01-29"
"d56d25bd-748c-41c4-9420-1871c34e9f68"|"Sandy"|"Lynn"|"F"|"829 Weaver Haven"|"604.422.8280x15483"|"Conservator, museum/gallery"|"Salinas-Reynolds"|"1917-01-12"
"72806935-ffc1-4511-8b6b-050c24ee2a8b"|"Erik"|"Hicks"|"M"|"40 Jackson Harbors Suite 257"|"648-278-3680x3806"|"Licensed conveyancer"|"Wiggins-Mccullough"|"1968-12-28"
"9c6e044c-9fe9-41aa-9b91-401a863dd4c0"|"Corey"|"Smith"|"M"|"353 Weaver Haven"|"001-907-425-1261x1702"|"IT technical support officer"|"Austin-Wilcox"|"1916-04-24"
"f79de430-3401-42c4-b1f3-31f3b00d5ce9"|"Christopher"|"Jackson"|"M"|"801 Davis Landing"|"001-791-747-1663x1320"|"Multimedia specialist"|"Daniels Group"|"1963-01-15"
"a320991b-be5c-4f0a-8f10-d2a1c47fa92c"|"Tabitha"|"Solomon"|"F"|"259 May Rest Suite 582"|"+1-875-323-1957x06700"|"Futures trader"|"Green-Cook"|"1930-04-01"
"321d0359-3f8b-4f41-993c-277965fdad63"|"Martin"|"Powers"|"M"|"82 Stacey Via Suite 001"|"001-830-269-5223x527"|"Catering manager"|"Williams, Carter and Jones"|"2013-01-10"
"ef9e2c5b-dcfa-49fa-826c-192f04f2c4f4"|"Sean"|"Bennett"|"M"|"710 Danielle Estates"|"544-497-6790"|"Brewing technologist"|"Brown Inc"|"2023-07-31"
"2922386f-ad72-4e84-99e3-af2cf178eb91"|"Kimberly"|"Park"|"F"|"757 Jonathan Place"|"711-448-3153x6997"|"International aid/development worker"|"Shelton-Taylor"|"1963-07-01"
"8b102f96-5a5c-4da5-b5fa-5b7e52c96a15"|"Karen"|"Curtis"|"F"|"820 Gray Walks Apt. 075"|"404-524-3894x991"|"Mudlogger"|"Arnold Ltd"|"1961-06-29"
"207f958b-ac3c-4e67-b30c-cccc627a96f6"|"Danielle"|"Howard"|"F"|"152 David Course Apt. 455"|"(846)938-9914"|"Market researcher"|"Jones, Cruz and Kelley"|"1931-05-28"
"777c17a7-2d4f-46e9-856b-6d3d2fbd7ebe"|"Robert"|"Baxter"|"M"|"67 Smith Avenue Apt. 759"|"+1-786-990-0922x5345"|"Communications engineer"|"Perkins, Gray and Moore"|"1978-12-22"
"13593df1-bdf1-48be-932c-f8bd35d2e54c"|"Davis"|"Hernandez"|"M"|"46 Arnold Cliffs"|"508.993.0957"|"Public relations officer"|"Smith-Snyder"|"1990-12-23"
"70ac899a-a9ab-4a19-b801-f9f568cabf50"|"Tyler"|"Weiss"|"M"|"730 Jeffery Isle"|"250.932.5682x407"|"Oceanographer"|"Farley Group"|"2022-02-10"
"f8ea6586-3729-41ab-abdf-a3fbb10659c5"|"Jennifer"|"Moore"|"F"|"350 Yvette Loop"|"707.381.9565x02806"|"Therapist, speech and language"|"Thomas LLC"|"1980-12-14"
"9a071d59-5a7b-4a05-943a-15b355c26822"|"Todd"|"Williams"|"M"|"56 Smith Avenue Apt. 759"|"001-547-521-7053x1759"|"Government social research officer"|"Graham, Graham and Sullivan"|"1994-08-22"
"50712d32-65b1-4835-95da-1aeb968941ad"|"Justin"|"Cole"|"M"|"125 Tara Inlet"|"+1-448-722-4968x5903"|"Commercial horticulturist"|"Stewart-Dennis"|"1911-04-30"
"ea61617a-7f98-4fb6-a99b-0836d5c3da86"|"Billy"|"Mejia"|"M"|"935 Hood Loop Apt. 276"|"001-772-836-5084"|"Geophysicist/field seismologist"|"Horton, Howell and Lambert"|"1967-04-24"
"265b5b7c-3fba-4186-8071-4c049fb62711"|"Zachary"|"Weiss"|"M"|"498 Christopher Tunnel"|"3825587244"|"Geochemist"|"Shields and Sons"|"1978-03-01"
"d4b88c29-26c8-4104-a101-e4b47f170f82"|"Ann"|"Wood"|"F"|"789 Hart Estates Suite 718"|"+1-216-607-6705x577"|"Designer, industrial/product"|"Morris, Long and Neal"|"2019-04-04"
"a19622eb-0bc2-4136-b48b-66c4e6b5f399"|"Brittany"|"Smith"|"F"|"154 Catherine Lock"|"001-682-794-5041"|"Chiropractor"|"Wallace, Turner and Sutton"|"1955-01-04"
"11a4a76c-9434-4690-bd02-2cd398914429"|"Amber"|"Nguyen"|"F"|"243 Anderson Port"|"+1-593-854-7607"|"Designer, textile"|"Deleon-Brown"|"2000-03-01"
"5d25dbe6-38db-4d96-aaee-c49a6237320a"|"David"|"Hughes"|"M"|"391 Michael Circles Suite 720"|"+1-834-606-6629x5008"|"Office manager"|"Miller PLC"|"1968-12-09"
"f849e5b6-62d9-4758-9604-7ba2e741a6c0"|"Annette"|"Lopez"|"F"|"360 Yates Harbor Suite 905"|"(902)962-7193x2322"|"Personnel officer"|"Myers-Jarvis"|"1943-08-15"
"75b9a11f-ce88-486c-b5c8-b06fd3955b4a"|"Jessica"|"Perez"|"F"|"229 Yates Harbor Suite 905"|"328-305-7082x33967"|"Police Officer"|"TTPD"|"2007-06-24"
"388b0459-0fbb-423a-89bb-bd20c73c325c"|"Jacqueline"|"Jones"|"F"|"107 Arnold Cliffs"|"+1-698-605-7744x203"|"Stage manager"|"Gonzalez Ltd"|"1954-04-16"
"35c535b8-1826-4f1e-a573-6db92c58daf8"|"Joy"|"Tyler"|"F"|"792 Christopher Ways"|"+1-712-869-1232x3341"|"Risk analyst"|"Bailey and Sons"|"1975-02-23"
"e65d1585-ca88-417c-aeef-60be7f1b4377"|"Gina"|"Miller"|"F"|"746 Lee Burgs"|"+1-700-584-2445x684"|"Personnel officer"|"Singh-Gutierrez"|"1957-04-28"
"2ca478af-591f-4478-8e13-ff0030063a87"|"Andrea"|"Berry"|"F"|"620 Matthew Valleys Suite 832"|"248-875-9715x273"|"Television camera operator"|"Wood-Butler"|"1934-04-27"
"a7e5f620-d06e-46a6-89fc-eed27e9be7ed"|"John"|"Spence"|"M"|"418 Colleen Mount"|"+1-950-949-7221"|"Public relations account executive"|"Le, Johnson and Richard"|"1996-03-17"
"45aec253-1ccf-41ce-8967-231e95d874d2"|"Shannon"|"Gomez"|"F"|"677 Randall Burg"|"001-591-614-7154"|"Scientist, forensic"|"Williams Inc"|"1921-07-24"
"edfabfc7-2d60-4ceb-8b74-9e970c2a06ed"|"Lisa"|"Terry"|"F"|"208 Patricia Row"|"579-594-7828x21651"|"Producer, radio"|"Soto-Miller"|"2018-07-06"
"13c278fd-9d92-43d0-96bb-86388a1fedee"|"Michael"|"Riddle"|"M"|"36 David Course Apt. 455"|"001-782-203-8958x1196"|"Exercise physiologist"|"West-White"|"1937-05-11"
"fef7da30-b94c-42e7-aa9d-a052015f5a3b"|"Matthew"|"Downs"|"M"|"410 Padilla Estate Suite 556"|"+1-422-712-6445x8900"|"Health physicist"|"Fuller Group"|"1938-11-07"
"2995fd34-a504-4ef2-b2b3-dff4eb0c5741"|"Laurie"|"Hall"|"F"|"627 Bruce View Suite 976"|"(209)517-4990x54766"|"Planning and development surveyor"|"Richards LLC"|"1965-10-18"
"6a559877-a12a-457b-b3f7-991091814dda"|"Lindsey"|"Morris"|"F"|"633 Phillip Spring"|"729.467.4771"|"Tree surgeon"|"Weiss and Sons"|"1921-11-25"
"8cffd2e6-667f-49ba-9434-b3d71e33729b"|"Christopher"|"Joseph"|"M"|"589 Angela Lights"|"495.997.3363"|"Operational investment banker"|"Collins Group"|"1923-02-04"
"5a3d2a0d-c361-4a2e-8a15-e8aa92f6b7b7"|"Shannon"|"Gill"|"F"|"652 Randolph Way Suite 427"|"(655)542-6185"|"Firefighter"|"Strickland Inc"|"1987-09-22"
"87ed675c-bbd8-4b81-9e7f-2d78a87fa6d4"|"Sean"|"Gardner"|"M"|"428 Tiffany Gateway"|"(259)331-4443x5450"|"Medical sales representative"|"Perez-Schaefer"|"1956-12-25"
"fcd0d343-00e8-426f-8497-62863d4269c8"|"William"|"Norman"|"M"|"771 Gabriel Hill Apt. 094"|"(378)577-1275x0606"|"Air traffic controller"|"Martinez-Newman"|"1990-04-19"
"11d03f6d-4276-48a1-a074-e0f5f66a4d24"|"Marissa"|"May"|"F"|"34 Collins Skyway"|"430.257.1961x9433"|"Microbiologist"|"Gay LLC"|"2011-05-01"
"422ffeee-42a7-4d7b-89d6-0751e4868fcd"|"Aaron"|"Ramirez"|"M"|"203 Jordan Vista Apt. 756"|"213-319-3192x3072"|"Aeronautical engineer"|"Rice-Delgado"|"1961-09-25"
"36212a3f-92b2-4330-98b8-affce1d6a7ec"|"Michele"|"Burke"|"F"|"815 Johnson Lake"|"(301)556-0444x9881"|"Quality manager"|"Ortiz-Moore"|"1976-01-19"
"25cae08c-1f47-4376-9cb9-c76fbca9c3f1"|"Annette"|"White"|"F"|"391 Shelton Run"|"640.965.8677"|"Speech and language therapist"|"Smith Group"|"1916-10-20"
"da47f558-ea0c-43b3-8db2-2a4b213400a6"|"Jared"|"Ruiz"|"M"|"805 Morales Gardens Suite 197"|"(796)345-6572"|"Clinical cytogeneticist"|"Moore-Duncan"|"2003-01-20"
"3ce8bb9a-83b0-4393-926e-7195ca2e3107"|"Haley"|"Crane"|"F"|"61 Tim Avenue Apt. 437"|"360.976.7861x2146"|"Licensed conveyancer"|"Ward, Bass and Harris"|"1952-12-16"
"35886d28-7fb6-4a2f-8092-989ede6d21ea"|"Michael"|"Ramirez"|"M"|"536 Andrew Street Apt. 107"|"418.287.0881x81676"|"Environmental health practitioner"|"Cross-Vasquez"|"1917-07-05"
"27fc00e7-236a-475a-a607-53eecc8ebb65"|"Lisa"|"Fernandez"|"F"|"667 Scott Valleys Suite 598"|"531.645.5740"|"Educational psychologist"|"Johnson Ltd"|"1988-06-13"
"8e7801d2-2507-41b0-bda5-644bb79e2c8f"|"Robert"|"Matthews"|"M"|"67 Johnson Plains Suite 376"|"671.299.2521x016"|"Quantity surveyor"|"Murray LLC"|"1920-05-26"
"3b3b0a64-fcbf-4dd0-ac3e-8f70d6c2a9f1"|"Christopher"|"Drake"|"M"|"651 Aimee Circles"|"001-732-255-7241x0695"|"Journalist, magazine"|"Alvarado-Bowers"|"1928-04-20"
"d197f929-9043-4cfa-8736-09aa31fbc7f6"|"Anita"|"Hall"|"F"|"510 Alexis Run Suite 764"|"001-561-388-9078x2176"|"Engineer, materials"|"Wood, Paul and Watson"|"1925-07-27"
"792498c0-fe7f-4095-96c3-9081da79fa69"|"Alexander"|"Tyler"|"M"|"555 Davis Landing"|"313.397.1118x9956"|"Writer"|"Graham, Ruiz and Moore"|"1927-01-17"
"e097bdfd-fd81-4f01-b4f1-c43139c8f6f4"|"Sandra"|"Martin"|"F"|"829 Davis Landing"|"+1-922-776-8819x252"|"Teacher, adult education"|"Owen, Le and Shaffer"|"1955-07-29"
"8d725de7-72a3-49fb-a8e0-79aa91162d71"|"Clark"|"Roberts"|"F"|"656 Michael Manor"|"(302)290-7975"|"Production designer, theatre/television/film"|"Holloway, Weaver and Fisher"|"1935-08-25"
"9e4235f3-7b34-431b-b0a9-d24c9dd9410b"|"Gerald"|"Browning"|"M"|"670 Johnson Plains Suite 376"|"(698)975-2868"|"Ceramics designer"|"Cruz, Richardson and Gray"|"1924-08-26"
"44283bd0-cbdc-43d4-bcd7-87897b3e1050"|"Wayne"|"Aguirre"|"M"|"196 Brown Canyon Apt. 503"|"938.625.3584"|"Medical sales representative"|"Smith-Jackson"|"1987-01-05"
"b49e287e-4d39-441e-8477-6724ccc895a9"|"Todd"|"Marquez"|"M"|"724 Jones Courts Apt. 083"|"+1-952-778-2283x41182"|"Production engineer"|"Alexander Ltd"|"1909-04-17"
"f5b1ee00-1a5f-4a4d-a92d-05c314371877"|"Jeffrey"|"Bailey"|"M"|"634 Monica Burgs Suite 695"|"+1-357-635-9042x5516"|"Risk analyst"|"Lee-Lee"|"1924-09-10"
"feb03592-d623-4b32-9d83-761b0e64408c"|"Christopher"|"Barber"|"M"|"20 Dakota Extensions"|"(506)950-9298"|"Counsellor"|"Owens-Bailey"|"1963-04-14"
"7e45ad3a-6b14-4ce7-88fa-dfd4c3e324ff"|"Patricia"|"Robbins"|"F"|"514 Haney Prairie Suite 518"|"001-462-325-8586x99644"|"Musician"|"Griffin-Diaz"|"1931-07-01"
"c57e29a6-6df3-401f-ba76-cda52414f71b"|"Deanna"|"Cannon"|"F"|"967 Rivers Squares"|"(604)767-2416"|"Academic librarian"|"Nguyen Ltd"|"1954-03-04"
"18b728bd-a3fe-47d0-b742-373eecdce982"|"Jaime"|"Ward"|"F"|"568 David Course Apt. 455"|"001-595-236-6399x02016"|"Police Officer"|"TTPD"|"1942-05-03"
"38a9999e-6b19-49c7-ad5b-a600d94cd970"|"Stefanie"|"Castaneda"|"F"|"128 Evans Ports Suite 383"|"568-456-5880x50808"|"Museum/gallery exhibitions officer"|"Hernandez Ltd"|"1936-02-25"
"98f3601d-8bc4-4c1c-ac84-00bce1ff63a8"|"Richard"|"Martin"|"M"|"964 Patricia Row"|"5649538258"|"Energy engineer"|"Dougherty, Alvarez and Vega"|"1952-08-10"
"7680340a-a9e4-4c94-9444-0f9abb43a7d4"|"Elizabeth"|"Reyes"|"F"|"994 Christopher Tunnel"|"(532)251-9703"|"Administrator"|"White LLC"|"1944-09-28"
"91b853dc-48be-4c09-a5f7-4759616858d8"|"Amanda"|"Ryan"|"F"|"275 Amanda Curve"|"001-792-668-0284x412"|"Public relations officer"|"Clark, Oliver and Garza"|"1986-03-19"
"ae978e5d-e1a8-47a6-8e80-3db7c0a942f6"|"Stacy"|"Jones"|"F"|"169 Oneal Underpass"|"001-874-517-8139x260"|"Chartered legal executive (England and Wales)"|"Anderson, Gregory and Riddle"|"2004-12-18"
"f11eeb3d-d2cd-452c-b26d-c106809245cd"|"Keith"|"Zuniga"|"M"|"479 Day Inlet"|"851-465-9110x35438"|"Health and safety inspector"|"Thompson, Hayes and Smith"|"1961-05-06"
"69c304ea-0138-4916-8119-b0a4dfdc3b6d"|"Jennifer"|"Holmes"|"F"|"201 Garcia Road Suite 143"|"564.726.2617x636"|"Merchant navy officer"|"Flores-Miller"|"1994-05-19"
"2c5551ae-cb07-4d3d-baf5-1c9404216f6e"|"Michael"|"Howard"|"M"|"850 Shepard Bridge"|"+1-743-662-1163x4226"|"Toxicologist"|"Barrett-Callahan"|"1939-01-14"
"879746f1-d238-48f5-a248-507aeff23c8d"|"Blake"|"Cannon"|"M"|"337 Lewis Trace"|"+1-540-560-1241x18812"|"Ophthalmologist"|"Rojas-Johnson"|"1955-09-01"
"766f20cb-3fd1-44cb-be68-cdd1b7fab8c1"|"Heather"|"Ramirez"|"F"|"287 Rivers Squares"|"8197989701"|"Dispensing optician"|"Richard, Tran and Thomas"|"2016-10-15"
"c6f7f0ee-f9c4-4bee-a326-475fc12ccc8b"|"Terry"|"Smith"|"M"|"311 Ross Camp Apt. 134"|"533-491-1108x72222"|"Seismic interpreter"|"Chambers-Acevedo"|"1954-08-13"
"5a4d0bfc-78ab-4699-9c04-eb34e51d6c4d"|"Evelyn"|"Morris"|"F"|"88 Collins Skyway"|"317-841-7961x00037"|"Programmer, systems"|"Stewart, Thomas and Harris"|"1927-11-25"
"79928273-3ca6-44ea-9ed6-874a6167a508"|"David"|"Pittman"|"M"|"919 Jeffrey Run"|"6862614804"|"Lecturer, higher education"|"Evans, Velasquez and Smith"|"2013-04-19"