"id"|"first_name"|"last_name"|"sex"|"address"|"phone_number"|"profession"|"company"|"date_of_birth"
"20c77a2b-14bd-4d74-b16b-6b024cf3266b"|"Sherry"|"Sanders"|"F"|"77 Nathan Views"|"001-790-983-7517x8896"|"Clinical molecular geneticist"|"Ramirez and Sons"|"1979-09-05"
"78545966-6629-4b9d-a5c9-d7eb0c301efa"|"Timothy"|"Gardner"|"M"|"833 Shelton Run"|"001-524-454-5433"|"Water engineer"|"Smith-Gates"|"2014-07-11"
"63cd4235-a8f1-45e6-a285-d2887328f520"|"Haley"|"Anderson"|"F"|"354 Robert Way"|"001-309-743-8003x511"|"Recycling officer"|"Bridges PLC"|"1992-07-11"
"37087ac9-7b06-4db0-b756-d37650fed13e"|"Heather"|"Benson"|"F"|"411 Yates Harbor Suite 905"|"841-500-3456"|"Geologist, wellsite"|"Jackson Ltd"|"1919-06-20"
"58f115c9-f2bd-44d0-af3f-41cd534710c3"|"Tony"|"Mckee"|"M"|"888 Douglas Springs"|"300.423.5807x282"|"Careers adviser"|"Villanueva Group"|"1992-05-15"
"36a0d9bc-faef-45e6-b9d4-70ae73332ebd"|"Olivia"|"Pugh"|"F"|"480 Ashley Landing"|"001-238-659-4741"|"Exhibitions officer, museum/gallery"|"Thomas and Sons"|"1971-04-20"
"c7fda9ac-4658-484f-8315-5d813fcf2203"|"Michael"|"Barnett"|"M"|"679 Murphy Creek Suite 712"|"(307)999-9336x441"|"Oceanographer"|"Figueroa Inc"|"1938-10-09"
"f31101e5-ad32-40be-929e-51674db54041"|"Matthew"|"Gomez"|"M"|"356 Wilson Locks Apt. 694"|"(318)953-9927x4859"|"Paramedic"|"Whitehead Inc"|"2000-07-04"
"d42fbdf7-4096-405b-92ef-aaa6bab85526"|"Carmen"|"Rhodes"|"F"|"231 Michael Circles Suite 720"|"+1-404-518-5615"|"Ship broker"|"Cortez and Sons"|"1999-04-13"
"063f3354-2a73-444a-925a-88ab3c050022"|"Brian"|"Herrera"|"M"|"492 Hernandez Parkways Suite 200"|"+1-274-716-1101"|"Technical sales engineer"|"King Group"|"1995-06-29"
"6b2c308c-4f02-44cf-86cd-3a5db8774f86"|"Damon"|"Morgan"|"M"|"81 Danielle Estates"|"(451)907-8219x40469"|"Midwife"|"Snyder-Grimes"|"2008-11-19"
"99347b1d-2143-4a60-bb0f-f4982ee1c8a8"|"Diana"|"Rivera"|"F"|"83 Parks Trace Suite 497"|"2384016898"|"Psychologist, forensic"|"Duncan-Buckley"|"2019-07-16"
"a60f27ed-609a-41c1-85b0-35fee582a7b2"|"Sheila"|"Simon"|"F"|"147 Jessica Mountains Suite 248"|"631.480.5387x6111"|"Horticulturist, amenity"|"Richard-Hernandez"|"1933-09-13"
"241471df-c0e4-4e90-857a-b853ff5b0eb5"|"Michael"|"Young"|"M"|"375 Nathan Views"|"+1-838-713-4271"|"Sports therapist"|"Villarreal-Leonard"|"1983-09-12"
"e2a076d4-920b-44f0-bca4-950b1da39026"|"Adam"|"Goodwin"|"M"|"843 Stacey Via Suite 001"|"828-469-1200x0238"|"Journalist, magazine"|"Foster-Garner"|"2011-06-30"
"16bb322f-f584-446a-8360-45a8eda20a29"|"Anna"|"Freeman"|"F"|"695 Weaver Haven"|"463-530-1752x04425"|"Secondary school teacher"|"Camacho PLC"|"1918-11-04"
"cf9d24b4-5f77-45ed-9f70-3fd089ab0abb"|"Michele"|"Johnston"|"F"|"893 Patricia Row"|"+1-621-727-4750x10982"|"Consulting civil engineer"|"Mckenzie Inc"|"1972-10-26"
"f71c5b15-a7c5-4116-8a83-73857e8b228a"|"Jordan"|"Howard"|"M"|"836 Alexis Run Suite 764"|"7613622343"|"Clothing/textile technologist"|"Anthony-Willis"|"2006-08-07"
"4c31f6d0-83bc-4e8a-8ec8-fa8eef30626d"|"Michael"|"Mitchell"|"M"|"825 May Rest Suite 582"|"(759)378-0731x0300"|"Sound technician, broadcasting/film/video"|"Reyes-Jackson"|"2023-11-08"
"7dfe6902-5a18-4a2c-b1a7-5fc8a22fbaae"|"Cody"|"Hall"|"M"|"298 Barry Shoal Suite 612"|"(307)651-6373x97890"|"Broadcast journalist"|"Pierce-Odonnell"|"2020-07-03"
"9e9ef92f-2593-45d2-8628-6b1d1a61873d"|"David"|"Parker"|"M"|"187 Catherine Lock"|"001-394-302-9331x8570"|"Professor Emeritus"|"Collins-Jackson"|"1913-09-22"
"fec4b8e4-eb02-4c9d-842f-723bf176013c"|"Christina"|"Wilson"|"F"|"473 Yvette Loop"|"778-369-8265x48601"|"Administrator, arts"|"Jones LLC"|"1934-09-05"
"ecee1f7f-d64c-4317-bdb1-cf815fcb6e30"|"Herbert"|"Johnston"|"M"|"372 Patricia Trafficway Apt. 188"|"001-546-331-7707x5765"|"IT consultant"|"Cannon-Wolfe"|"1964-12-09"
"0d5c7ea6-1d33-4657-9374-de3c8fef684e"|"Kevin"|"Mitchell"|"M"|"866 Tyler Knoll Apt. 752"|"+1-487-399-3362x72427"|"Financial risk analyst"|"Jensen Group"|"1994-04-14"
"b594e6c0-6243-468d-8fca-4104f2c5bcc4"|"Katie"|"Howard"|"F"|"159 Rivers Squares"|"(520)880-6400x352"|"Psychiatrist"|"Garner PLC"|"2023-04-14"
"fc9133cd-aabe-4ff5-8b85-2e27f556ba1b"|"Brian"|"Henderson"|"M"|"341 Cox Turnpike Apt. 083"|"(997)908-9018x103"|"Clinical cytogeneticist"|"Rangel and Sons"|"1983-07-03"
"f96ed9f7-fcd6-4948-8188-0a2811496551"|"Richard"|"Mitchell"|"M"|"6 Michael Circles Suite 720"|"+1-477-505-4588x6027"|"Facilities manager"|"Watson PLC"|"1910-12-30"
"7266dd59-fb1a-48be-9125-aa92f5434a0c"|"Nathan"|"Wilson"|"M"|"428 Matthew Keys"|"205-598-0953x1743"|"Dance movement psychotherapist"|"Berry-Pacheco"|"1983-12-27"
"586f415a-f9d7-444b-b26a-7e7610564be4"|"Wallace"|"Davis"|"F"|"208 Matthew Keys"|"001-756-361-0960"|"Brewing technologist"|"Armstrong-Johnson"|"1955-09-19"
"12c0170c-647a-4306-908a-522fa876ef84"|"Megan"|"Booth"|"F"|"410 Pham Ports"|"574.937.6420"|"Risk analyst"|"Humphrey-White"|"1986-09-02"
"da455cc1-e8fa-4b9d-b6cf-46c8263718f6"|"Cynthia"|"Watson"|"F"|"338 Rosario Loop"|"(431)251-5277"|"Surveyor, land/geomatics"|"Bell-Cline"|"1916-11-24"
"1e975ccd-5a13-4e3a-a1e3-bfb8e76d4f70"|"Kendra"|"Lee"|"F"|"17 Robin Junctions Apt. 618"|"+1-743-901-3009x3990"|"Physiological scientist"|"Jefferson-Scott"|"1989-07-21"
"8bc15198-e17d-4d84-affa-91483d6ff96b"|"Brenda"|"Garcia"|"F"|"498 Alexandra Bridge Suite 474"|"001-437-606-0454x8311"|"Restaurant manager"|"King Ltd"|"2014-08-19"
"90ea5a7a-c482-4a0c-85b4-a371c50814ad"|"Melissa"|"Gallagher"|"F"|"715 Luna Loop"|"(421)993-2277"|"Freight forwarder"|"Greer, Davidson and Fletcher"|"1948-05-13"
"22a63639-5c3d-4c4a-a9bc-4e08d1c9875e"|"Robert"|"Fernandez"|"M"|"53 William Avenue"|"602-707-2765x889"|"Catering manager"|"Richardson, Gordon and Proctor"|"1960-06-01"
"6a9b6c02-b901-4337-a7dd-08e262514e4e"|"Derek"|"Johnson"|"M"|"524 Evans Ports Suite 383"|"001-672-611-9555x81508"|"Designer, textile"|"Hudson-Giles"|"2008-08-13"
"e44cb461-a272-48c0-921f-b5d9810807b8"|"Scott"|"Weiss"|"M"|"655 Padilla Estate Suite 556"|"(983)549-0817x022"|"Education officer, community"|"Wright and Sons"|"2004-02-09"
"f9570340-8e71-47a5-b164-b71217e7e37e"|"Courtney"|"Riley"|"F"|"839 Quinn Divide"|"(569)916-2209"|"Field trials officer"|"Sanders, Elliott and Powell"|"1992-07-23"
"c16d764c-de06-4280-bf6c-e4d228cb1700"|"Lauren"|"Jackson"|"F"|"600 Brian Course"|"674.633.8408x41558"|"Trade mark attorney"|"Martin, Griffin and West"|"2012-11-19"
"12d6a1a6-4051-4cf9-8a98-64406a3aaa9e"|"Jordan"|"Allen"|"M"|"574 Weeks Meadow Suite 683"|"(315)833-8849x77967"|"Homeopath"|"Smith, Phelps and Aguirre"|"1941-02-12"
"0ccb9bb3-b905-482f-85c3-5d2fb30d2afd"|"April"|"Smith"|"F"|"297 Christopher Tunnel"|"663.942.5910"|"Arts development officer"|"Scott PLC"|"1950-06-29"
"f4f699b0-68f9-4aaf-bdcb-4d489a216676"|"Heather"|"Mejia"|"F"|"380 Angela Lights"|"929.546.4386x5038"|"Risk analyst"|"Owens LLC"|"1975-10-18"
"22b7286f-cc01-4477-bded-fe6a5863bf5b"|"Russell"|"Velez"|"M"|"153 Michelle Isle Apt. 431"|"928-961-5627x007"|"Financial manager"|"House, Marquez and Spence"|"1938-09-30"
"f72d1649-9235-4301-a46d-49e2918ae0c2"|"Donald"|"Ray"|"M"|"523 Ashley Landing"|"(349)607-0951"|"Administrator, arts"|"Sandoval LLC"|"1961-08-01"
"309b9af5-eb32-4db7-bdef-874291e126e6"|"Marissa"|"Padilla"|"F"|"236 Wyatt Pike Suite 863"|"475-622-2010"|"Video editor"|"Jordan PLC"|"1968-11-25"
"84ad7e76-7b1b-4ca9-9111-a5d797c37f21"|"Melissa"|"Wilson"|"F"|"265 Christopher Tunnel"|"(728)842-9941"|"Sports therapist"|"Roberts-Stewart"|"1981-06-02"
"82acf1cb-986c-4c1f-a975-d5cb110c2101"|"Vanessa"|"Perez"|"F"|"363 Matthew Valleys Suite 832"|"433-865-9351"|"Telecommunications researcher"|"Daniel Group"|"2022-09-30"
"3187570f-453a-4e7b-b39c-e489083e11c7"|"Cynthia"|"Conway"|"F"|"673 Oneal Underpass"|"511.722.4452x0748"|"Designer, industrial/product"|"Horton Group"|"1919-02-24"
"ac5390a6-7da1-4ddf-92fb-0e30f4c3a10e"|"Gina"|"Riddle"|"F"|"462 Stacey Via Suite 001"|"(761)615-2631x92641"|"Ergonomist"|"Kelley-Sellers"|"1949-03-16"
"ba1b9314-b96f-4eaa-95e3-0e28851c2f2d"|"Alexis"|"May"|"F"|"558 Anderson Port"|"313-995-5461x6673"|"Engineer, biomedical"|"Newman Inc"|"2008-08-09"
"3c254c98-a224-49d5-961f-5fde3c6c1864"|"Johnny"|"Ryan"|"M"|"612 Thornton Land Suite 697"|"617-420-4551x2463"|"Pharmacologist"|"Boyer, Spencer and Mccoy"|"1967-10-22"
"eeaa4e18-aeb7-4761-ac7b-f571ebb40c5c"|"Richard"|"Cannon"|"M"|"312 Luna Loop"|"2095690856"|"Artist"|"Weaver Ltd"|"1987-06-18"
"83ae9cc0-7b49-4493-b45b-8486c047a3b0"|"Kevin"|"Matthews"|"M"|"630 Alexandra Bridge Suite 474"|"264.402.5644"|"Exhibitions officer, museum/gallery"|"Proctor, Chavez and Harris"|"1959-05-28"
"40fd31fa-e08a-4556-9842-f1fbd3eeba87"|"Maria"|"Shaffer"|"F"|"778 Gabriel Hill Apt. 094"|"619.584.9747"|"Publishing copy"|"Turner-Pope"|"1939-03-23"
"c311ea13-2c86-4593-8b18-087f7cd5257b"|"Albert"|"Fox"|"M"|"300 Amanda Curve"|"951.280.1332x903"|"Engineer, automotive"|"Anderson-Matthews"|"1933-07-21"
"b304a890-64cf-44d3-b0b1-351ca677089c"|"Erica"|"Brown"|"F"|"848 Padilla Estate Suite 556"|"389-659-1496"|"Police Officer"|"TTPD"|"1993-05-01"
"ccb2f2e5-5a52-4cf3-9b2a-361a2d23dbad"|"Gregory"|"Gray"|"M"|"168 Jonathan Place"|"679.769.8520x64123"|"IT technical support officer"|"Douglas-Ponce"|"1909-03-02"
"dbb008bb-72de-4c82-8832-39569ed82501"|"Susan"|"Freeman"|"F"|"351 Nelson Estate"|"(252)970-7485"|"Web designer"|"Snyder-Jones"|"1968-10-29"
"09e6b685-f81b-4909-ae33-7ad87182f38a"|"Hannah"|"Barnes"|"F"|"942 Chandler Tunnel Suite 681"|"+1-964-514-9044"|"Sub"|"Collins-Mitchell"|"2023-12-18"
"6c46695d-70a8-47a0-8a98-6c324d3b07c8"|"Kiara"|"Good"|"F"|"875 Michael Manor"|"+1-463-753-2836x440"|"Oncologist"|"Tran-Carrillo"|"1939-08-26"
"2371ce0a-deb5-42e4-940e-6dc471c79919"|"Michael"|"Robbins"|"M"|"526 Christopher Tunnel"|"(752)720-3758x3305"|"Nutritional therapist"|"Anderson, Chapman and Fisher"|"1958-12-01"
"cac35ee9-611f-4f18-97a1-fc7472889285"|"Marc"|"Moore"|"M"|"698 Hanson Port"|"(559)557-3382"|"Cytogeneticist"|"Morgan-Le"|"1995-08-02"
"9ea2477a-6368-4186-9159-2a859d3b70fd"|"Timothy"|"Morgan"|"M"|"537 Donald Village Apt. 289"|"(264)690-8331x3379"|"Archivist"|"Guzman PLC"|"1939-05-23"
"ca080780-372b-443c-8ade-addc121e88cc"|"James"|"Gillespie"|"M"|"443 Rosario Loop"|"(916)802-8236"|"Physiotherapist"|"Willis Group"|"1925-06-23"
"48b1fb29-9dcb-4ec2-a61c-c98e4d2a11bd"|"Paula"|"Hernandez"|"F"|"771 Simpson Mill Apt. 030"|"+1-740-360-1206x1303"|"Therapist, drama"|"Williams and Sons"|"1916-10-13"
"7bd3ba16-9e30-43e0-a92a-c4c639ab0647"|"Marc"|"Floyd"|"M"|"948 Christopher Ways"|"399-242-8352x413"|"Film/video editor"|"Moore Inc"|"1996-06-12"
"ef9aa156-3417-403e-a4bf-f49728642562"|"Jeanette"|"Gardner"|"F"|"517 Rivers Squares"|"+1-211-316-0113x002"|"Tour manager"|"Gordon-Yates"|"1957-10-13"
"ed75d8de-c42c-4cb1-9873-68d8f56d31ab"|"Dale"|"Foster"|"M"|"852 Johnson Throughway"|"479-442-4187"|"Merchandiser, retail"|"Rivera Ltd"|"1936-10-30"
"a3ac1954-d4de-4e01-97f2-238aef95a80a"|"Michael"|"Ruiz"|"M"|"902 Rivers Squares"|"(549)507-2038x5534"|"Public relations officer"|"Martin-Bell"|"1927-04-23"
"a84a4df3-d4a7-4924-949e-47adcb288717"|"Stephen"|"Hurley"|"M"|"499 Tara Inlet"|"718.267.4025x60181"|"Engineer, agricultural"|"Duarte-Walls"|"1948-03-09"
"b946da30-b26b-49c2-b709-f9ca4b52fd35"|"Erica"|"Weiss"|"F"|"732 Bruce View Suite 976"|"001-553-993-6819x8734"|"Sales promotion account executive"|"Morris, Booth and Buchanan"|"1987-07-20"
"dc8c0b84-bb36-4377-b837-58af750d2065"|"Corey"|"Terry"|"M"|"430 Tim Avenue Apt. 437"|"001-820-859-3635"|"Ecologist"|"Gallagher, Cruz and Fuentes"|"1974-01-13"
"58b7efa8-9e66-4874-99bb-7bde97a82217"|"Jocelyn"|"Morrison"|"F"|"939 Daniel Plaza"|"(742)400-3537x64811"|"Hospital doctor"|"Davis-Norton"|"1914-08-20"
"0732500d-9017-4ee1-97e2-cc28bc28e842"|"Marie"|"Hernandez"|"F"|"428 Colleen Mount"|"+1-520-809-1868"|"Bonds trader"|"Chen-Sullivan"|"1987-08-30"
"1f990c5a-a9a4-415c-987c-cf2ffb65d797"|"Carly"|"King"|"F"|"373 Scott Valleys Suite 598"|"953-408-9977x3016"|"Television production assistant"|"Thomas, Boyd and Thomas"|"1925-08-10"
"a1faa750-8a97-412b-b0c1-a96b4ce07147"|"Shelby"|"Mitchell"|"F"|"910 Chandler Tunnel Suite 681"|"(591)869-9173x6998"|"Adult guidance worker"|"Schmidt Ltd"|"1941-07-23"
"366eefec-1830-44ad-a519-4c67545a1f8c"|"Bonnie"|"Marquez"|"F"|"133 Alexandra Bridge Suite 474"|"913.780.5248x06302"|"Copy"|"Sweeney LLC"|"1929-08-16"
"587f1fe1-a5d4-47a6-87ac-1861ad35ca94"|"Antonio"|"Miller"|"M"|"283 Jeffery Isle"|"+1-939-239-4710x80398"|"Dramatherapist"|"King, Roberts and Scott"|"1974-12-06"
"1c41f880-1d8e-4439-bdf7-23c567d09c23"|"Don"|"Christian"|"M"|"563 Martinez Grove Apt. 125"|"225-397-8438x7741"|"Sport and exercise psychologist"|"Diaz PLC"|"2021-02-24"
"5130a113-3ae1-43b7-b325-aed3ca84cd5c"|"Thomas"|"Wilson"|"M"|"263 Randall Burg"|"7883158027"|"Purchasing manager"|"Cole Group"|"1950-05-05"
"5167d3e8-c7e7-485d-8668-21bec537652a"|"Jordan"|"Holmes"|"M"|"957 Thornton Land Suite 697"|"001-401-677-1437"|"Town planner"|"Adams, Bailey and Scott"|"1963-03-25"
"8900ee98-257e-4d1d-b094-d550d7e56bb3"|"Ryan"|"Sanders"|"M"|"550 Scott Valleys Suite 598"|"+1-369-891-8879x0039"|"Translator"|"Brock-Sampson"|"2000-07-04"
"0d0e6ca1-d5bb-4a8e-98f5-5b76218d3d0d"|"Patrick"|"Matthews"|"M"|"342 Martin Field"|"323-644-5110x6521"|"Communications engineer"|"Hamilton-Ferrell"|"1949-02-21"
"0e6381b2-7aa4-4eb8-becc-680dfae030aa"|"Ashley"|"Velez"|"F"|"540 Colleen Mount"|"2602529218"|"Systems analyst"|"Johnson Inc"|"2014-12-23"
"7e8c4aef-b6ec-4ed1-bfff-160f6778b4a4"|"Luis"|"Burke"|"M"|"291 Johnson Plains Suite 376"|"001-497-308-7880x00503"|"Product designer"|"Guerra Ltd"|"1976-11-16"
"b915ce33-7e62-422e-ac58-632722bfb9c5"|"Jeffery"|"Martin"|"M"|"315 Jonathan Stravenue"|"+1-860-691-0524x983"|"Cartographer"|"Peters-Williams"|"1929-08-27"
"ec500f88-b948-4894-88e4-e779e4cc1f14"|"William"|"Gill"|"M"|"216 Oneal Underpass"|"5232628511"|"Education administrator"|"Ruiz-Boyd"|"1966-09-18"
"1bcd0d5b-7d9f-4eb8-a017-b559f8ef5ed8"|"Kevin"|"May"|"M"|"533 Rosario Loop"|"+1-730-698-4681x60254"|"Administrator, Civil Service"|"Pugh-Boyd"|"1928-12-04"
"63bfa3a8-665e-49ed-b008-0cecf52a0e7f"|"Dean"|"Faulkner"|"M"|"738 Jessica Mountains Suite 248"|"(746)610-2327"|"Lecturer, higher education"|"Jackson Ltd"|"1937-06-28"
"3690cb89-b2b1-478a-863c-272b4add5050"|"Shannon"|"Rivera"|"F"|"427 Luna Loop"|"971.522.1736"|"Systems analyst"|"Davidson, Perry and Owens"|"2021-06-10"
"c0d32e77-1915-4a8c-9c3a-89ac5646de38"|"Jesus"|"Wilson"|"M"|"348 Jeffrey Run"|"(221)703-0443x9537"|"Company secretary"|"Ward, Miller and Sutton"|"1996-07-28"
"c4098016-eb78-433b-a249-6e5ce8b92d77"|"Kristin"|"Velez"|"F"|"541 Simpson Mill Apt. 030"|"(234)623-0931x43283"|"Primary school teacher"|"Peterson PLC"|"2006-08-05"
"143f6b20-861e-4b85-a0e8-e196ae934f66"|"Sara"|"Fox"|"F"|"575 William Avenue"|"797-653-0850x05688"|"Dietitian"|"Reeves Group"|"1977-08-24"
"c13351bc-4bdd-4dff-b432-0c5ad5a70575"|"Garcia"|"Hall"|"F"|"592 Nathan Views"|"001-809-562-1422x4950"|"Pathologist"|"Duke, Jones and Cox"|"2014-10-27"
"8bfe8e96-cda1-4165-a2f2-a04111ef4f50"|"Dawn"|"Anderson"|"F"|"829 Michael Circles Suite 720"|"(464)624-0204x5885"|"Corporate investment banker"|"Guzman LLC"|"1977-03-15"
"8debee23-e416-4d98-80a8-dbbfe05df873"|"Mia"|"Torres"|"F"|"611 Robin Junctions Apt. 618"|"558.546.6695x85517"|"Chartered loss adjuster"|"Mccoy-Harper"|"2010-07-03"
"b7639719-7bd9-4dd2-af73-f1954aea0fa1"|"Shelly"|"Parker"|"F"|"932 Barry Shoal Suite 612"|"+1-974-915-0568x98503"|"Fine artist"|"Frederick and Sons"|"1994-11-15"
"58308226-5df7-483e-b6b0-332879ba96d8"|"Christine"|"Anderson"|"F"|"180 Garcia Road Suite 143"|"555-730-1603x89947"|"Jewellery designer"|"Wilson-Torres"|"1932-12-17"
"69e10fcf-35cb-4d3c-ac7a-889c2b3307d1"|"Anna"|"Taylor"|"F"|"100 Barry Shoal Suite 612"|"548-355-7477"|"Conservator, museum/gallery"|"Miller-Beasley"|"2013-07-19"
"f9177d90-7365-4f8c-907f-75c663790a12"|"Bryan"|"Steele"|"M"|"962 Johnson Lake"|"+1-558-320-2774x3087"|"Immunologist"|"Carpenter-Torres"|"1939-06-08"
"26c4bcaa-fa4e-42b9-a1fd-45a42008da28"|"Kim"|"Johnson"|"F"|"602 Matthew Keys"|"747.801.9940x63697"|"Scientist, research (physical sciences)"|"Howell-Stokes"|"1946-10-08"
"fdce5f35-2238-4dd3-95c9-a0e3169257ff"|"Karen"|"King"|"F"|"874 Cooley Dam Apt. 601"|"(786)944-0527x988"|"Museum/gallery exhibitions officer"|"Johnson-Martin"|"2022-08-29"
"d7b2c89b-7543-44c1-b814-4b9d9d26068e"|"Amanda"|"Lee"|"F"|"423 Haney Prairie Suite 518"|"+1-221-518-0081"|"Engineer, manufacturing"|"Trujillo LLC"|"1985-09-26"
"4c537e0c-cb2e-4838-b08d-806f5650a573"|"Sarah"|"Gill"|"F"|"239 Nicole Via"|"(966)863-2164"|"Pathologist"|"Schultz-Mason"|"2012-12-27"
"0f23a6c1-1bf3-4e5f-b5a2-f06ed789e94b"|"Adriana"|"Bailey"|"F"|"32 Newton Wall"|"232.280.1061x2761"|"Teacher, secondary school"|"Adams, Silva and Hart"|"1941-01-28"
"a3998aaf-3d75-4311-90a6-fcb1eb48049c"|"Amanda"|"Hall"|"F"|"130 Jeffery Village"|"+1-748-594-6699"|"Geologist, wellsite"|"Gillespie-Gilmore"|"1950-04-18"
"d72b3da9-c294-4ceb-8cbe-45b475bad863"|"Meghan"|"Garner"|"F"|"116 Davis Landing"|"001-337-704-2043x31706"|"Conservator, furniture"|"Mccullough, Jones and Wilson"|"1996-03-04"
"787f0884-2100-4ab8-ae24-fb1bbdbc10ce"|"Gabriela"|"Smith"|"F"|"346 Martin Field"|"+1-540-311-6189"|"Investment banker, operational"|"Gibson Group"|"1942-10-14"
"d2169952-7c5f-4c01-a098-e2cf982028e3"|"Clinton"|"Nichols"|"M"|"962 Marquez Lane"|"254.475.4124x63444"|"Licensed conveyancer"|"Scott-Webb"|"1983-01-11"
"06cb5d0a-6f05-4ebe-81f2-5559591d93fb"|"Summer"|"Anderson"|"F"|"858 Hernandez Parkways Suite 200"|"358.633.6740"|"Engineer, agricultural"|"White Group"|"1930-12-18"
"4c3ce35a-a5b6-4b0d-926d-ca478c70b915"|"Charles"|"Glover"|"M"|"788 Collins Skyway"|"(665)909-3239x276"|"Surveyor, rural practice"|"Preston-Blanchard"|"1959-02-08"
"a8efe485-b778-428d-b167-93df960acb8f"|"Richard"|"Spence"|"M"|"806 Weaver Haven"|"(764)378-9155x91696"|"Automotive engineer"|"Terry-Nguyen"|"2004-12-25"
"f4ee54f9-a905-41f5-9d8e-0f80609cbf1a"|"Catherine"|"Haney"|"F"|"890 Simpson Mill Apt. 030"|"001-391-997-1907x84087"|"Buyer, industrial"|"Deleon-Williams"|"1995-07-09"
"ffe47e24-44b4-4258-ad6a-a5b5d498b552"|"Alicia"|"Johnson"|"F"|"353 Rosario Loop"|"201.852.2593x739"|"Legal secretary"|"Ward-Robbins"|"1908-10-17"
"7bb53259-a19c-4869-b8e2-2df0e233a0bb"|"Patrick"|"Gonzalez"|"M"|"500 Marquez Lane"|"001-607-880-7068x7435"|"Toxicologist"|"Smith Group"|"2008-05-03"
"d643a24d-c675-4c8d-bfa4-17655776c8b2"|"Jeffrey"|"Parker"|"M"|"964 Robert Way"|"573-323-6354"|"Geophysicist/field seismologist"|"Washington-Hoffman"|"2005-07-17"
"ae99dcfb-2543-4936-b7c2-71fc927fb4c7"|"Jenny"|"Smith"|"F"|"1 Douglas Springs"|"(891)616-5294x79257"|"Tourism officer"|"Lee Group"|"1994-03-13"
"71daf1c3-47ae-4299-a346-375cc5fef498"|"Tracy"|"Hall"|"F"|"46 Amanda Curve"|"883.508.7384x287"|"Charity fundraiser"|"Sampson, Torres and Gutierrez"|"1982-04-12"
"178a5623-9a5d-44d1-80f3-b087f2e4c222"|"Michael"|"Saunders"|"M"|"572 Haney Prairie Suite 518"|"(799)651-7126x11053"|"Research scientist (life sciences)"|"Barajas-Clarke"|"2022-07-30"
"68ade8b5-54fd-4af8-abea-07940e787fa5"|"Matthew"|"Flynn"|"M"|"621 Lee Burgs"|"(644)614-9716x821"|"Recycling officer"|"Johnson, Williams and Wilson"|"1947-07-17"
"ac3fd624-6a52-42a1-b3bc-77d20268fb73"|"Steven"|"Dean"|"M"|"799 Yvette Loop"|"3527332208"|"Teacher, special educational needs"|"Farley, Moore and Garcia"|"1917-03-16"
"350a3e3e-76e3-44cd-8762-391d476d7095"|"Nicole"|"Stone"|"F"|"788 Thomas Coves Suite 736"|"001-805-706-1004x17228"|"Futures trader"|"Green-Gilbert"|"1956-11-02"
"9206448f-85d9-4f4b-8a41-9d88892fe922"|"Aaron"|"Ryan"|"M"|"395 Thomas Coves Suite 736"|"895-649-3230x73526"|"Scientist, physiological"|"Mccormick-Schultz"|"1982-04-10"
"498f9871-f491-4745-a9e3-6eea3bada532"|"Mario"|"Schwartz"|"M"|"837 Matthew Valleys Suite 832"|"001-554-791-3667x88243"|"Engineer, control and instrumentation"|"Jones-Harris"|"1955-07-11"
"72b8c68d-ce10-43cc-8797-a9f2f26da5e4"|"Debra"|"Mckee"|"F"|"592 Heather Garden Suite 383"|"946-408-3747x04398"|"Media buyer"|"Harrison Group"|"1973-01-14"
"705d1086-8f62-40eb-9a23-d5972b6a0b1d"|"Cassandra"|"Schwartz"|"F"|"777 Garcia Road Suite 143"|"(209)948-8779"|"Hospital pharmacist"|"Green, Ross and Frank"|"2019-09-06"
"f5bb5bbd-0370-4e7e-b9e8-6a47b96f7eda"|"John"|"Young"|"M"|"531 Scott Valleys Suite 598"|"001-892-337-0842x0679"|"Horticultural consultant"|"Smith, Oliver and Mueller"|"1960-02-11"
"262089d0-41bb-46f6-952d-1401059199b4"|"Peter"|"Smith"|"M"|"306 Haney Prairie Suite 518"|"551-485-6788"|"Health promotion specialist"|"Mack, Williams and Allen"|"1958-01-03"
"9d1c7ac0-81b9-4e84-b5bb-50ab9e3b2e8c"|"Matthew"|"Bryant"|"M"|"843 Arnold Cliffs"|"(979)256-8304"|"Programme researcher, broadcasting/film/video"|"Clark-Lee"|"1919-11-26"
"4afd103e-f6fd-4c8c-ba81-b96f506855c0"|"Christine"|"Jones"|"F"|"913 Wilson Locks Apt. 694"|"263-963-1163"|"Educational psychologist"|"Bruce, Harrell and Chavez"|"1913-08-06"
"33cdf766-7157-4682-89dc-8ccf5ae9cd6e"|"Joshua"|"Barnes"|"M"|"152 Randolph Way Suite 427"|"(288)231-6387"|"Bookseller"|"Gordon LLC"|"1959-08-18"
"3a589412-7166-47b4-8770-117bbeb8791a"|"Tiffany"|"Burton"|"F"|"652 Thomas Coves Suite 736"|"5168914637"|"Physicist, medical"|"Bryant-Stephens"|"1974-11-16"
"ba6c450e-89b1-403e-ab04-5fac69911223"|"Jasmine"|"Good"|"F"|"731 Cox Turnpike Apt. 083"|"615-513-7573"|"Air cabin crew"|"Jordan-Howe"|"1925-03-26"
"06ebba6b-58c0-4e25-81fa-bf8281a13fbd"|"Erica"|"Christian"|"F"|"795 Johnson Lake"|"374.339.2224"|"Aid worker"|"Gregory Group"|"1969-07-13"
"68259844-2190-4b8b-bb54-ba8642b1cf54"|"Tanya"|"Mccullough"|"F"|"502 Brown Canyon Apt. 503"|"876-605-0337"|"Producer, television/film/video"|"Anderson Group"|"1936-11-15"
"5860ca45-2b5b-4f4f-8d74-14eb739d5c9f"|"Melissa"|"Morgan"|"F"|"597 Kari Alley Suite 131"|"3878595785"|"Engineer, manufacturing systems"|"Deleon Ltd"|"1944-09-15"
"7b53a0c7-0f64-46fe-b854-e4ac8b692d29"|"Matthew"|"Davis"|"M"|"172 Kari Alley Suite 131"|"4905142277"|"Seismic interpreter"|"Rivera-Bradley"|"1908-07-28"