<?xml version="1.0" encoding="UTF-8" ?><automobiles><automobile><person_id>7bdde3e6-8552-4ef9-9e1f-3cec623c2344</person_id><license_plate>JHJ1110</license_plate><vin>PU9L9W1B67JCUDXXE</vin><color>DimGray</color><year>1995</year></automobile><automobile><person_id>7bdde3e6-8552-4ef9-9e1f-3cec623c2344</person_id><license_plate>026 GIT</license_plate><vin>TCGHTKFM2BZ07613B</vin><color>Crimson</color><year>1979</year></automobile><automobile><person_id>bd61d35f-df2b-4fc0-956e-dc0092497725</person_id><license_plate>L84 8JG</license_plate><vin>VEVHZKXZ5PLALFGR6</vin><color>FireBrick</color><year>2000</year></automobile><automobile><person_id>c178ef09-f287-4114-bc8f-354ee5c7ba75</person_id><license_plate>151-747</license_plate><vin>X5RCEN239G2AFJT50</vin><color>BlanchedAlmond</color><year>2016</year></automobile><automobile><person_id>c178ef09-f287-4114-bc8f-354ee5c7ba75</person_id><license_plate>8349</license_plate><vin>NFHHN1PZ174UYEMSP</vin><color>DarkGoldenRod</color><year>1993</year></automobile><automobile><person_id>9b13a59c-61bf-45d7-ad09-ea9f0ec8f0c8</person_id><license_plate>1QY M30</license_plate><vin>8VWYWA69787ZC2D88</vin><color>DarkCyan</color><year>2012</year></automobile><automobile><person_id>9b13a59c-61bf-45d7-ad09-ea9f0ec8f0c8</person_id><license_plate>504237</license_plate><vin>3M9YL5Z54JBXD4NAZ</vin><color>Gray</color><year>2011</year></automobile><automobile><person_id>4e5337f8-b03e-45cd-ac7f-45e3d77d519e</person_id><license_plate>COL7714</license_plate><vin>MXBK8LLVXKW0VEEX0</vin><color>SteelBlue</color><year>1981</year></automobile><automobile><person_id>4e5337f8-b03e-45cd-ac7f-45e3d77d519e</person_id><license_plate>YCS 068</license_plate><vin>SDUAPHX91XK2ASV96</vin><color>Plum</color><year>1972</year></automobile><automobile><person_id>8c8d6304-848b-476b-b137-45fe41b18d3d</person_id><license_plate>84D O93</license_plate><vin>7F4DCM9J4JGEW9W6Y</vin><color>DarkOrchid</color><year>2002</year></automobile><automobile><person_id>8c8d6304-848b-476b-b137-45fe41b18d3d</person_id><license_plate>4LW76</license_plate><vin>K5X4JU9C25V074XPX</vin><color>SeaShell</color><year>2024</year></automobile><automobile><person_id>d3e2edfc-2114-429e-9671-1bfa4417c484</person_id><license_plate>03M R47</license_plate><vin>G30WZWC53WSB83PJK</vin><color>DarkTurquoise</color><year>2022</year></automobile><automobile><person_id>d3e2edfc-2114-429e-9671-1bfa4417c484</person_id><license_plate>310 GUL</license_plate><vin>M55ZVUPZ3J3H10AF2</vin><color>Yellow</color><year>1997</year></automobile><automobile><person_id>ec483e56-0b7c-4a2c-9f41-782ddbf49b2a</person_id><license_plate>3-2932L</license_plate><vin>RDP6H5Y31JW9XGR9S</vin><color>OliveDrab</color><year>2024</year></automobile><automobile><person_id>ec483e56-0b7c-4a2c-9f41-782ddbf49b2a</person_id><license_plate>039-YMC</license_plate><vin>2F79V15T8NVT4VYXN</vin><color>DarkOrange</color><year>1981</year></automobile><automobile><person_id>ec483e56-0b7c-4a2c-9f41-782ddbf49b2a</person_id><license_plate>BVJ-068</license_plate><vin>9FRWU6C485BBJA5VH</vin><color>Chocolate</color><year>2018</year></automobile><automobile><person_id>358a8bbf-bd95-436c-85b7-45df5cb4aa97</person_id><license_plate>BXL 907</license_plate><vin>HGH85Y2T9GAX0MM6Z</vin><color>OliveDrab</color><year>2001</year></automobile><automobile><person_id>780aa515-d4d3-48af-9266-a591c4fe05f9</person_id><license_plate>VYW-312</license_plate><vin>02T8R50W63M6DP35E</vin><color>SeaShell</color><year>1990</year></automobile><automobile><person_id>780aa515-d4d3-48af-9266-a591c4fe05f9</person_id><license_plate>1OZ8647</license_plate><vin>BLX1LH8E2ND2GBE11</vin><color>CornflowerBlue</color><year>2010</year></automobile><automobile><person_id>780aa515-d4d3-48af-9266-a591c4fe05f9</person_id><license_plate>I55-PUF</license_plate><vin>W2KZWP470E2NHVBK2</vin><color>DarkMagenta</color><year>2015</year></automobile><automobile><person_id>ddf009ce-b97d-4113-a3f6-20d47389a715</person_id><license_plate>89-26390</license_plate><vin>V31XPB604FGGVKKVD</vin><color>Tan</color><year>1993</year></automobile><automobile><person_id>ddf009ce-b97d-4113-a3f6-20d47389a715</person_id><license_plate>6VS 936</license_plate><vin>22WG8X8E9CS65NLAU</vin><color>Sienna</color><year>1976</year></automobile><automobile><person_id>ddf009ce-b97d-4113-a3f6-20d47389a715</person_id><license_plate>1SA20</license_plate><vin>5GF1X6BJ4G26EUDZR</vin><color>IndianRed</color><year>2015</year></automobile><automobile><person_id>d54637c2-e1f1-4914-987a-2ccd5a19111d</person_id><license_plate>61A 593</license_plate><vin>GTGR0A604NCXEPAGA</vin><color>LimeGreen</color><year>1993</year></automobile><automobile><person_id>d54637c2-e1f1-4914-987a-2ccd5a19111d</person_id><license_plate>142D</license_plate><vin>TZ6LLXXXXD9L8S56X</vin><color>Khaki</color><year>1987</year></automobile><automobile><person_id>247e2e63-bf70-49db-ad72-af9fb88ea501</person_id><license_plate>LFQ-722</license_plate><vin>1LBZE25W063YD2UVK</vin><color>CornflowerBlue</color><year>1982</year></automobile><automobile><person_id>3cedefce-625b-4e76-9079-70649b8be6a3</person_id><license_plate>149 QV0</license_plate><vin>2ANZG87K3Y8VR86XS</vin><color>DarkGray</color><year>1985</year></automobile><automobile><person_id>a8724996-2565-411c-b8a2-fb15a734c7e3</person_id><license_plate>983AJE</license_plate><vin>WNWN6HFX8CVJYB9AX</vin><color>PeachPuff</color><year>2021</year></automobile><automobile><person_id>a8724996-2565-411c-b8a2-fb15a734c7e3</person_id><license_plate>840 ITA</license_plate><vin>HEGLHSPB49L6D5BHN</vin><color>DarkCyan</color><year>2008</year></automobile><automobile><person_id>efc22504-368a-40d1-b9bf-65a87854d2fa</person_id><license_plate>666HP</license_plate><vin>HGT83CGS34XT2F8MR</vin><color>DarkKhaki</color><year>1973</year></automobile><automobile><person_id>efc22504-368a-40d1-b9bf-65a87854d2fa</person_id><license_plate>1WJ6369</license_plate><vin>FXP0FBU00H7B5503A</vin><color>BurlyWood</color><year>2023</year></automobile><automobile><person_id>ec0e032a-d7bd-47f8-854e-e577a6003282</person_id><license_plate>922EXJ</license_plate><vin>D5LW9XV94RU2JBDKR</vin><color>AntiqueWhite</color><year>1990</year></automobile><automobile><person_id>048d4bf9-4667-4d6f-b67c-68b09d4b8f95</person_id><license_plate>2893</license_plate><vin>A6AE78HG0086CUUNA</vin><color>Orange</color><year>1981</year></automobile><automobile><person_id>c436518f-ab2e-4d57-bf2c-bac15cf895ac</person_id><license_plate>MS 39298</license_plate><vin>1JM6U78H3D1H5B6ZT</vin><color>LightBlue</color><year>1983</year></automobile><automobile><person_id>c436518f-ab2e-4d57-bf2c-bac15cf895ac</person_id><license_plate>OTV 430</license_plate><vin>S9SHHP0F244MERV2F</vin><color>Beige</color><year>1994</year></automobile><automobile><person_id>8c15fbce-50a5-4dd8-85d6-48befc5b9c40</person_id><license_plate>0PI 798</license_plate><vin>98K0KY9655XYRJ2XH</vin><color>Orange</color><year>1974</year></automobile><automobile><person_id>8c15fbce-50a5-4dd8-85d6-48befc5b9c40</person_id><license_plate>NBP-9032</license_plate><vin>YUJG6M8ZX5L4FMM3M</vin><color>Azure</color><year>1977</year></automobile><automobile><person_id>269bf2c2-7d12-4561-a7b6-2ab35034f917</person_id><license_plate>EEZ-8031</license_plate><vin>HAP5TND7XZUC651HC</vin><color>Linen</color><year>1988</year></automobile><automobile><person_id>269bf2c2-7d12-4561-a7b6-2ab35034f917</person_id><license_plate>P86 3DZ</license_plate><vin>GS4GKRJB2AJS77X70</vin><color>DarkMagenta</color><year>1989</year></automobile><automobile><person_id>ad6c3a61-01fb-45af-bfe2-a84d117d935f</person_id><license_plate>058 0016</license_plate><vin>J73484UP9RL8L1LNN</vin><color>LightSeaGreen</color><year>2020</year></automobile><automobile><person_id>ad6c3a61-01fb-45af-bfe2-a84d117d935f</person_id><license_plate>ORI-9855</license_plate><vin>HXXZ37A33L8M7DV1Z</vin><color>LemonChiffon</color><year>1973</year></automobile><automobile><person_id>6edd4ced-91ad-4ef7-bf9b-e619e813e8c1</person_id><license_plate>YXY-378</license_plate><vin>ZTV26HCA3NREJJ67Y</vin><color>Fuchsia</color><year>1971</year></automobile><automobile><person_id>6edd4ced-91ad-4ef7-bf9b-e619e813e8c1</person_id><license_plate>ZAL 979</license_plate><vin>BBBP8XL02EHGRDMUA</vin><color>Turquoise</color><year>1985</year></automobile><automobile><person_id>e7408ad7-1414-4fe2-956d-0aa7c4a2e3f2</person_id><license_plate>RGF 060</license_plate><vin>KZTW7MYB9MRMHNFJV</vin><color>Brown</color><year>1980</year></automobile><automobile><person_id>e7408ad7-1414-4fe2-956d-0aa7c4a2e3f2</person_id><license_plate>BMB 682</license_plate><vin>F5G4JLGZ62YEKK2XH</vin><color>PaleVioletRed</color><year>1996</year></automobile><automobile><person_id>82927b48-128a-4049-9403-456f5e36a2bb</person_id><license_plate>129-VKE</license_plate><vin>WENM81RT2GKA7UC00</vin><color>Turquoise</color><year>2009</year></automobile><automobile><person_id>82927b48-128a-4049-9403-456f5e36a2bb</person_id><license_plate>671MUL</license_plate><vin>AEEF3CSB9HCEKS4WS</vin><color>DarkMagenta</color><year>2004</year></automobile><automobile><person_id>be27af9f-0719-40c1-b5e8-346030ead568</person_id><license_plate>2198 GE</license_plate><vin>9UYNAYN61E9ZVU55S</vin><color>SteelBlue</color><year>2019</year></automobile><automobile><person_id>04070c02-0619-4a98-8dd6-479f8a69dd8c</person_id><license_plate>1AB6671</license_plate><vin>GNBJEPFR18MYBDHNT</vin><color>Teal</color><year>2003</year></automobile><automobile><person_id>04070c02-0619-4a98-8dd6-479f8a69dd8c</person_id><license_plate>866M3</license_plate><vin>U69D6UL94XMT9TN4A</vin><color>DeepSkyBlue</color><year>2010</year></automobile><automobile><person_id>a507a4a8-441b-45bc-931b-74cede8fd333</person_id><license_plate>960-NTI</license_plate><vin>PC30TR2J573S0JFW3</vin><color>NavajoWhite</color><year>2003</year></automobile><automobile><person_id>a507a4a8-441b-45bc-931b-74cede8fd333</person_id><license_plate>3AP 774</license_plate><vin>68LM6YF48M4PANUZK</vin><color>OldLace</color><year>2019</year></automobile><automobile><person_id>a507a4a8-441b-45bc-931b-74cede8fd333</person_id><license_plate>857 IQQ</license_plate><vin>KEVMN7TM5HZUWHW7D</vin><color>LightCoral</color><year>1988</year></automobile><automobile><person_id>a408ba3d-0837-4277-922b-23065b6107c8</person_id><license_plate>ABN 892</license_plate><vin>X8JPUDDX5XCUEFVJN</vin><color>Tomato</color><year>2023</year></automobile><automobile><person_id>e7a790e0-aaf7-44d6-9675-e680ddc42186</person_id><license_plate>7H118</license_plate><vin>2JLRF2SA1ZZ6YAVYD</vin><color>LightBlue</color><year>2012</year></automobile><automobile><person_id>e7a790e0-aaf7-44d6-9675-e680ddc42186</person_id><license_plate>85AP2</license_plate><vin>E8HDFT1R91N8YGB04</vin><color>LightBlue</color><year>2020</year></automobile><automobile><person_id>e7a790e0-aaf7-44d6-9675-e680ddc42186</person_id><license_plate>9B 7898J</license_plate><vin>73AWMNM72G28VFYP8</vin><color>LightSlateGray</color><year>2007</year></automobile><automobile><person_id>070c4eb7-3615-4902-b6b3-7ca502ae70b3</person_id><license_plate>7NV47</license_plate><vin>AALWH2AC5MPDC3BYT</vin><color>DarkTurquoise</color><year>1986</year></automobile><automobile><person_id>e7c9ee8f-d3ec-41d4-a1a5-922513157e93</person_id><license_plate>UE-3228</license_plate><vin>1D8DFUCB5ZX48BNVV</vin><color>RoyalBlue</color><year>1986</year></automobile><automobile><person_id>7a2058b5-414e-4371-8d89-a3b976b1d014</person_id><license_plate>9VEP 66</license_plate><vin>XW658HYL29MYZKMGV</vin><color>Beige</color><year>1995</year></automobile><automobile><person_id>7a2058b5-414e-4371-8d89-a3b976b1d014</person_id><license_plate>613-RFQ</license_plate><vin>PJ0KH0CE9Y3Z3HALP</vin><color>LightSkyBlue</color><year>1971</year></automobile><automobile><person_id>e929b06a-f5e8-40f2-8838-0d25c4887717</person_id><license_plate>9VP 324</license_plate><vin>TBFAGNRA3AK6J8YV6</vin><color>Orange</color><year>2021</year></automobile><automobile><person_id>e929b06a-f5e8-40f2-8838-0d25c4887717</person_id><license_plate>852-YKYG</license_plate><vin>4K669T7M3FCLREUMS</vin><color>DarkGray</color><year>1983</year></automobile><automobile><person_id>9874d436-8081-4dbc-8634-6bea47833878</person_id><license_plate>MDN 400</license_plate><vin>1987G40M9LZ9D4NWB</vin><color>Linen</color><year>2004</year></automobile><automobile><person_id>9874d436-8081-4dbc-8634-6bea47833878</person_id><license_plate>376 QIE</license_plate><vin>FXMHLK1X0WUE8ZZP3</vin><color>LightCyan</color><year>1970</year></automobile><automobile><person_id>a0127eb9-6fe4-436b-9731-e713b3e4e48f</person_id><license_plate>5LA 255</license_plate><vin>TL3NC2188HHCC43DM</vin><color>Brown</color><year>1999</year></automobile><automobile><person_id>7dc1381d-2e2d-4c18-a5de-0f15d0aae759</person_id><license_plate>UDQ Y56</license_plate><vin>F5LFPS6M7RZ9TNFTS</vin><color>SaddleBrown</color><year>2020</year></automobile><automobile><person_id>d0e88c8b-ca58-476b-a9d7-b8871f29df71</person_id><license_plate>IWX-638</license_plate><vin>72WHC60139R486HBB</vin><color>SeaGreen</color><year>2017</year></automobile><automobile><person_id>d0e88c8b-ca58-476b-a9d7-b8871f29df71</person_id><license_plate>YAV 4099</license_plate><vin>VK9D7KT68NLA22572</vin><color>DarkGray</color><year>1982</year></automobile><automobile><person_id>d0e88c8b-ca58-476b-a9d7-b8871f29df71</person_id><license_plate>LPS 319</license_plate><vin>HS86FVRF3K1YFL5HS</vin><color>SeaGreen</color><year>1989</year></automobile><automobile><person_id>841867a6-edaf-4768-b8e9-a04044b0aedc</person_id><license_plate>329-KTF</license_plate><vin>RHAJEDTH5316UANR1</vin><color>Tomato</color><year>2023</year></automobile><automobile><person_id>841867a6-edaf-4768-b8e9-a04044b0aedc</person_id><license_plate>X71-MIJ</license_plate><vin>FKE1GYUYXN6E2PRU6</vin><color>WhiteSmoke</color><year>1990</year></automobile><automobile><person_id>478132f3-7d3d-4239-8df4-3d2a5336c73f</person_id><license_plate>74WC051</license_plate><vin>MZMWA78F37GRAAECB</vin><color>Magenta</color><year>2021</year></automobile><automobile><person_id>783d5d2c-bbab-4a7e-ab0d-841f012c5bd5</person_id><license_plate>98I•804</license_plate><vin>AZDUYTBK8F7DF3ZNL</vin><color>Teal</color><year>1985</year></automobile><automobile><person_id>d0e2a67d-8f86-4325-8ecc-ac4ba38db86e</person_id><license_plate>0F 4736I</license_plate><vin>35S77UU726P4CR5CE</vin><color>Peru</color><year>2002</year></automobile><automobile><person_id>77251f46-60b2-4bd7-ba19-8afd40e51d9b</person_id><license_plate>P63 2MB</license_plate><vin>6VVLAYA32WFLADS7E</vin><color>GoldenRod</color><year>2012</year></automobile><automobile><person_id>77251f46-60b2-4bd7-ba19-8afd40e51d9b</person_id><license_plate>16T•922</license_plate><vin>BVASFHFJX9D4K72AK</vin><color>Blue</color><year>1979</year></automobile><automobile><person_id>81870643-166d-4ea5-8984-432d88a60550</person_id><license_plate>AVP-575</license_plate><vin>7RTX9K7A8VKRH2N9G</vin><color>Magenta</color><year>2000</year></automobile><automobile><person_id>e23626d1-de70-4b01-8bef-646282bbbaff</person_id><license_plate>LPS 536</license_plate><vin>DVT8FJ261B01GWNRB</vin><color>PaleGoldenRod</color><year>1974</year></automobile><automobile><person_id>d0b62071-a6d2-475b-b54e-b091342e5f8f</person_id><license_plate>XNX5105</license_plate><vin>8TVSZKTJ39WFV2L50</vin><color>Maroon</color><year>1994</year></automobile><automobile><person_id>d0b62071-a6d2-475b-b54e-b091342e5f8f</person_id><license_plate>3-96381Y</license_plate><vin>LSWCX19NXAW777UES</vin><color>LightGoldenRodYellow</color><year>1995</year></automobile><automobile><person_id>7b6cf2c9-cdcc-47ac-8466-fbd0151ca116</person_id><license_plate>SOB 202</license_plate><vin>MT5U1UHN01GAWEN0G</vin><color>Khaki</color><year>1981</year></automobile><automobile><person_id>9a96d18a-7ac9-4c7f-8397-928ff7ad0de8</person_id><license_plate>1L980</license_plate><vin>CUTA2LXT2XGPKLFBB</vin><color>Purple</color><year>2003</year></automobile><automobile><person_id>a0722ad9-1741-4502-86a2-87c1b25de784</person_id><license_plate>13L Q05</license_plate><vin>HZ3KEB654VPBTCZ17</vin><color>Maroon</color><year>1997</year></automobile><automobile><person_id>360a0fa5-70f6-48f7-a537-feeef2199bec</person_id><license_plate>599385</license_plate><vin>X8S1BNZFXPYXVSFZM</vin><color>CornflowerBlue</color><year>2007</year></automobile><automobile><person_id>360a0fa5-70f6-48f7-a537-feeef2199bec</person_id><license_plate>8LV K56</license_plate><vin>A1X7TRG4580NYRERJ</vin><color>SlateGray</color><year>2017</year></automobile><automobile><person_id>2a0e6f7f-b460-4df0-81f5-cf2a75704f95</person_id><license_plate>HNO 903</license_plate><vin>Y9U5KDN774LHL2XR8</vin><color>PaleTurquoise</color><year>1982</year></automobile><automobile><person_id>2a0e6f7f-b460-4df0-81f5-cf2a75704f95</person_id><license_plate>02D U47</license_plate><vin>CSJ8VV5M6TZ470S85</vin><color>MediumTurquoise</color><year>1995</year></automobile><automobile><person_id>c3c03d1b-0368-470c-a3b6-b8207bdab370</person_id><license_plate>PBZ Z95</license_plate><vin>ZRSGC23G32T50202M</vin><color>Wheat</color><year>1982</year></automobile><automobile><person_id>cbe28b2a-a12b-4886-80dd-a3d1485baf00</person_id><license_plate>9Q F6410</license_plate><vin>J25350W96A65B6THV</vin><color>Plum</color><year>1976</year></automobile><automobile><person_id>cbe28b2a-a12b-4886-80dd-a3d1485baf00</person_id><license_plate>207RXD</license_plate><vin>MP03JT117D5VWNA09</vin><color>LawnGreen</color><year>1989</year></automobile><automobile><person_id>5f1c6cb2-d655-4b2e-95cf-96758e03f2c1</person_id><license_plate>81DM100</license_plate><vin>FKTE46XTX3ZM1RCFK</vin><color>Orchid</color><year>1988</year></automobile><automobile><person_id>757d278e-94cb-48af-ac27-2ac113400b16</person_id><license_plate>502 GCU</license_plate><vin>2D0CE8GW2MKSV0D5L</vin><color>SaddleBrown</color><year>2021</year></automobile><automobile><person_id>757d278e-94cb-48af-ac27-2ac113400b16</person_id><license_plate>LWA 055</license_plate><vin>BTF89TDJ1RB429KVY</vin><color>GoldenRod</color><year>1984</year></automobile><automobile><person_id>a86a3f1f-0108-4fd4-a533-6372f57f2518</person_id><license_plate>GFC 8647</license_plate><vin>USYU0VX53LL7UBW78</vin><color>BlueViolet</color><year>1982</year></automobile><automobile><person_id>1c5482f6-f46e-4118-9e6b-0d45a7aa2555</person_id><license_plate>209 QVW</license_plate><vin>1N78LJ6B3H9NG4WWN</vin><color>DimGray</color><year>1997</year></automobile><automobile><person_id>1c5482f6-f46e-4118-9e6b-0d45a7aa2555</person_id><license_plate>LDO 742</license_plate><vin>3VA9WC3CXC7Z5N53U</vin><color>DarkKhaki</color><year>2015</year></automobile><automobile><person_id>3d65747a-645f-4719-9c87-7c32c674738b</person_id><license_plate>794-IRM</license_plate><vin>CZUMU4DE6P2L1HSPV</vin><color>Gray</color><year>2011</year></automobile><automobile><person_id>33ee1212-a88f-4046-b9d5-44f286f11aac</person_id><license_plate>LKD 787</license_plate><vin>MSDG8RPC9W0PP273Y</vin><color>SkyBlue</color><year>2017</year></automobile><automobile><person_id>33ee1212-a88f-4046-b9d5-44f286f11aac</person_id><license_plate>X75 1XM</license_plate><vin>4BTUAGTX5K5BCR0CL</vin><color>DarkSeaGreen</color><year>2011</year></automobile><automobile><person_id>33ee1212-a88f-4046-b9d5-44f286f11aac</person_id><license_plate>YAR7672</license_plate><vin>6DN0LVTZ5HEJX2RHR</vin><color>LawnGreen</color><year>1993</year></automobile><automobile><person_id>4842fb93-d629-4b19-8ea4-4729f35cddb6</person_id><license_plate>80M 078</license_plate><vin>6MYSCGJA8KCWL5BU6</vin><color>Teal</color><year>1975</year></automobile><automobile><person_id>8795b475-20f0-419a-83c8-a74bdba1001f</person_id><license_plate>4X 9419O</license_plate><vin>VZ5J2AJ08NV4UYK1N</vin><color>PowderBlue</color><year>1980</year></automobile><automobile><person_id>8795b475-20f0-419a-83c8-a74bdba1001f</person_id><license_plate>4SB N91</license_plate><vin>2T7Z15XP6ZYWZATMK</vin><color>Yellow</color><year>1983</year></automobile><automobile><person_id>f1d74d7e-2905-4932-99c9-5e2ce63d3ed7</person_id><license_plate>166 KQX</license_plate><vin>THKVR5WV94P7S4RC6</vin><color>CadetBlue</color><year>1986</year></automobile><automobile><person_id>f1d74d7e-2905-4932-99c9-5e2ce63d3ed7</person_id><license_plate>07A 1854</license_plate><vin>WG6BBLCK0PX724AX9</vin><color>DarkTurquoise</color><year>1983</year></automobile><automobile><person_id>ee5894d8-cbf4-4eda-9c65-5ca96044e059</person_id><license_plate>8KW 500</license_plate><vin>B6SG4YJJ2KT4UGKXC</vin><color>DodgerBlue</color><year>2008</year></automobile><automobile><person_id>82c33af1-e44c-4021-9300-20314d42cc74</person_id><license_plate>CI 0220</license_plate><vin>G6J5U2UG630ZRJBPC</vin><color>LimeGreen</color><year>2001</year></automobile><automobile><person_id>cd97055e-c43e-4aae-bd8b-810aab892c74</person_id><license_plate>618-RGC</license_plate><vin>MBEL3TBA2JV9RJ9Y4</vin><color>BurlyWood</color><year>2005</year></automobile><automobile><person_id>cd97055e-c43e-4aae-bd8b-810aab892c74</person_id><license_plate>XHQ 871</license_plate><vin>W2411VYU6XH380N2X</vin><color>Moccasin</color><year>1977</year></automobile><automobile><person_id>cf023ffa-fc7d-4315-88fb-78a955bc9f58</person_id><license_plate>SSI-2200</license_plate><vin>5RET76S15B99JL2SH</vin><color>SpringGreen</color><year>2002</year></automobile><automobile><person_id>cf023ffa-fc7d-4315-88fb-78a955bc9f58</person_id><license_plate>LIH3169</license_plate><vin>98ZYDJBK8MYVFUFCX</vin><color>LightSlateGray</color><year>1974</year></automobile><automobile><person_id>871a20d5-d973-4ad1-8773-3954caf4bda1</person_id><license_plate>397N</license_plate><vin>2130DMW45HTJFV1FL</vin><color>DodgerBlue</color><year>2003</year></automobile><automobile><person_id>871a20d5-d973-4ad1-8773-3954caf4bda1</person_id><license_plate>159-KBU</license_plate><vin>VGWEPG1Z6W7DGYW67</vin><color>SteelBlue</color><year>1996</year></automobile><automobile><person_id>871a20d5-d973-4ad1-8773-3954caf4bda1</person_id><license_plate>795 ZXN</license_plate><vin>LKLAMUXR0XP9THT0L</vin><color>Ivory</color><year>1985</year></automobile><automobile><person_id>d611d6a4-e222-450d-acc5-064112393ef0</person_id><license_plate>5MY 230</license_plate><vin>95WD73PJ6TG9FVY4B</vin><color>OliveDrab</color><year>1971</year></automobile><automobile><person_id>7205c775-15aa-4a07-96d8-60a8eb33cfb2</person_id><license_plate>139-325</license_plate><vin>UUPZHZ5Y6J985479R</vin><color>Khaki</color><year>1981</year></automobile><automobile><person_id>7205c775-15aa-4a07-96d8-60a8eb33cfb2</person_id><license_plate>ZGD 551</license_plate><vin>E8DME8P179KE72ZVS</vin><color>Khaki</color><year>1978</year></automobile><automobile><person_id>adadf11a-64d3-4ba6-bdc3-054fbfed249d</person_id><license_plate>EXY 017</license_plate><vin>9EAXCM3K8XZ21L962</vin><color>Coral</color><year>2014</year></automobile><automobile><person_id>adadf11a-64d3-4ba6-bdc3-054fbfed249d</person_id><license_plate>CVX 174</license_plate><vin>KLPEJWSD9BEWWH3EE</vin><color>BlueViolet</color><year>1975</year></automobile><automobile><person_id>2cb94bfa-4df2-4def-a6b7-085c90212c95</person_id><license_plate>MUX 781</license_plate><vin>JCS8854JX9PM4GYJW</vin><color>LightGray</color><year>2000</year></automobile><automobile><person_id>2cb94bfa-4df2-4def-a6b7-085c90212c95</person_id><license_plate>87U BZ4</license_plate><vin>UB04J3PX9DFD1UYFN</vin><color>NavajoWhite</color><year>1987</year></automobile><automobile><person_id>bb1ef4a9-1322-4759-a460-71adac0f39b3</person_id><license_plate>12J•866</license_plate><vin>RBB0TXKF5PJJ33MG7</vin><color>DodgerBlue</color><year>1971</year></automobile><automobile><person_id>6ebb4af6-056b-49f0-a77e-41cf40b81560</person_id><license_plate>025-HOU</license_plate><vin>0VEH7Z853PG280Z93</vin><color>Black</color><year>1979</year></automobile><automobile><person_id>cfaf62fe-b5ad-486b-90ad-697c7c918d0c</person_id><license_plate>UAY 1106</license_plate><vin>60JPPXP50ZMJH1GLL</vin><color>NavajoWhite</color><year>1974</year></automobile></automobiles>