<?xml version="1.0" encoding="UTF-8" ?><automobiles><automobile><person_id>44189a9d-5261-4324-9cef-454f212a9698</person_id><license_plate>057 NSS</license_plate><vin>PZ3LVRFP9N52BLAKE</vin><color>Brown</color><year>2021</year></automobile><automobile><person_id>44189a9d-5261-4324-9cef-454f212a9698</person_id><license_plate>00YA6</license_plate><vin>P6FM0A9F8WE7V7WKM</vin><color>Orange</color><year>1980</year></automobile><automobile><person_id>4a121fe0-efe6-4329-8ad2-32a4225e918f</person_id><license_plate>128-YEY</license_plate><vin>4AG7PLUS4SM1ZRR56</vin><color>PaleGreen</color><year>2002</year></automobile><automobile><person_id>469c0e68-8157-427e-a9b7-654c90482589</person_id><license_plate>YW-4708</license_plate><vin>R51JDAYF85B4DD7M9</vin><color>MediumVioletRed</color><year>2017</year></automobile><automobile><person_id>469c0e68-8157-427e-a9b7-654c90482589</person_id><license_plate>0HA W10</license_plate><vin>P1A2M3ZY9CKGUZGX2</vin><color>PapayaWhip</color><year>2021</year></automobile><automobile><person_id>b4a352cb-0696-4c43-95be-aa769bcb4a95</person_id><license_plate>757 DZT</license_plate><vin>BPJNEAW95CN084AFW</vin><color>Gray</color><year>2014</year></automobile><automobile><person_id>b4a352cb-0696-4c43-95be-aa769bcb4a95</person_id><license_plate>Y96 5AV</license_plate><vin>H5GLHL568ETMV2Y7J</vin><color>Tan</color><year>1983</year></automobile><automobile><person_id>d904cabe-c7de-46ef-b734-a3fbf3b75264</person_id><license_plate>8-29257W</license_plate><vin>Z6TJ691W3KF6PV38K</vin><color>Cornsilk</color><year>1995</year></automobile><automobile><person_id>d904cabe-c7de-46ef-b734-a3fbf3b75264</person_id><license_plate>777 XCS</license_plate><vin>FB1KAP8X4J4VLL7FF</vin><color>MediumTurquoise</color><year>1983</year></automobile><automobile><person_id>2b68ba35-bf1f-4117-984d-7cd7a1196b75</person_id><license_plate>54U M31</license_plate><vin>VD9KHRYG11MGTN142</vin><color>MediumPurple</color><year>1983</year></automobile><automobile><person_id>d2af4e8b-b1d0-482b-b82b-5de5220041ca</person_id><license_plate>9-71419</license_plate><vin>SACN8M0G6RAC8UA57</vin><color>Teal</color><year>1999</year></automobile><automobile><person_id>d2af4e8b-b1d0-482b-b82b-5de5220041ca</person_id><license_plate>VB2 8401</license_plate><vin>XND9SEDZ6E8X7F28J</vin><color>LightGreen</color><year>2016</year></automobile><automobile><person_id>1811b273-1ea7-4337-a42c-78379f4ea762</person_id><license_plate>47O B41</license_plate><vin>CBGCHT1C5MM2HC1DC</vin><color>Green</color><year>1995</year></automobile><automobile><person_id>0e8027e2-9f94-4a6a-b837-bdce7c09ffec</person_id><license_plate>7BP0709</license_plate><vin>6KHLM81M1FXBFMYP6</vin><color>SeaShell</color><year>2018</year></automobile><automobile><person_id>0e8027e2-9f94-4a6a-b837-bdce7c09ffec</person_id><license_plate>3CP 599</license_plate><vin>6WKAP9FF2662ER910</vin><color>Sienna</color><year>1985</year></automobile><automobile><person_id>42b7174e-7a43-4490-aeff-6436f8445e3d</person_id><license_plate>3RW A58</license_plate><vin>26B0E62P29TZ3CGRK</vin><color>LimeGreen</color><year>1994</year></automobile><automobile><person_id>42b7174e-7a43-4490-aeff-6436f8445e3d</person_id><license_plate>BEC-0449</license_plate><vin>DXF1E68P9Y3YU6SPW</vin><color>Plum</color><year>1978</year></automobile><automobile><person_id>37b0f5e8-31f2-49d1-837f-9ab04d5e0b30</person_id><license_plate>R96 4JF</license_plate><vin>921RW2YY5B0B957YD</vin><color>BurlyWood</color><year>1980</year></automobile><automobile><person_id>e4773fdb-0e3a-4893-8ccb-67eebd7bc724</person_id><license_plate>UTT 433</license_plate><vin>5AD0RRD110HM5P1BF</vin><color>DarkSlateGray</color><year>1977</year></automobile><automobile><person_id>bae5135a-05ce-434a-9a96-3ca597939ed1</person_id><license_plate>10ID3</license_plate><vin>GCZBR62L18RYRMS4L</vin><color>MediumSeaGreen</color><year>1978</year></automobile><automobile><person_id>bae5135a-05ce-434a-9a96-3ca597939ed1</person_id><license_plate>1J 5H8AID</license_plate><vin>1TJ8169S24WLLGZUJ</vin><color>MediumOrchid</color><year>1992</year></automobile><automobile><person_id>5ad6c1f7-fd79-4a7a-a055-81e3e9b755dd</person_id><license_plate>12R O52</license_plate><vin>0E1Z7ERG8HD6FCTE9</vin><color>PaleGoldenRod</color><year>1996</year></automobile><automobile><person_id>ee57777a-e7f8-45d6-95a3-1adae28e59ad</person_id><license_plate>18N D82</license_plate><vin>1PJKCYX176FK43L0K</vin><color>GhostWhite</color><year>2015</year></automobile><automobile><person_id>377060bc-5a57-4a8b-9fdd-395cbb811720</person_id><license_plate>CZA 938</license_plate><vin>RGZGBNGE79V59BDY0</vin><color>MediumVioletRed</color><year>2010</year></automobile><automobile><person_id>377060bc-5a57-4a8b-9fdd-395cbb811720</person_id><license_plate>39-18834</license_plate><vin>4S4JMHZJ9730B968K</vin><color>LightCyan</color><year>1992</year></automobile><automobile><person_id>6a300d76-e5ae-40a4-8b36-ef946f08e3df</person_id><license_plate>MZA 030</license_plate><vin>Y2FWUZWJ46PX10AKY</vin><color>SpringGreen</color><year>2012</year></automobile><automobile><person_id>bd7695e4-63e6-4491-91d4-0ac6caca7048</person_id><license_plate>196 EWN</license_plate><vin>E3LMATYF2TMLZ9KLG</vin><color>Olive</color><year>1977</year></automobile><automobile><person_id>e47282a1-4498-46fe-a6a2-5195f1a22639</person_id><license_plate>9K XU764</license_plate><vin>J2YNLSYC4DHER0ET6</vin><color>Gold</color><year>2015</year></automobile><automobile><person_id>5537950c-29ff-45f2-ba43-76361f2e2ffa</person_id><license_plate>3Z 80626</license_plate><vin>JRV23MWP8E3A4YMS7</vin><color>DarkBlue</color><year>1974</year></automobile><automobile><person_id>0f628759-9c04-405b-b377-11e3456e190c</person_id><license_plate>PU2 K6I</license_plate><vin>25FXV6CC1ZB8AF9U4</vin><color>RoyalBlue</color><year>1982</year></automobile><automobile><person_id>cb3f2a57-5e01-4c29-ae67-8c27e450178a</person_id><license_plate>097 LTE</license_plate><vin>ZUU5HKGW05RG57NGL</vin><color>Tan</color><year>1991</year></automobile><automobile><person_id>cb3f2a57-5e01-4c29-ae67-8c27e450178a</person_id><license_plate>RYZ 604</license_plate><vin>3Y1HGK8R677Y2CWV8</vin><color>DarkOrange</color><year>2008</year></automobile><automobile><person_id>f25cd746-81d8-4450-9e96-5a198dcc5b42</person_id><license_plate>261HBC</license_plate><vin>38UVP0EE8UFK1N79X</vin><color>SlateGray</color><year>2009</year></automobile><automobile><person_id>4e01cfca-2146-41dd-b9c6-722dca1e830f</person_id><license_plate>65-9728I</license_plate><vin>FXFW1B7U0UR8UXDSW</vin><color>Beige</color><year>2003</year></automobile><automobile><person_id>4e01cfca-2146-41dd-b9c6-722dca1e830f</person_id><license_plate>U 140393</license_plate><vin>0RM9RBZM9Y9KEXVAB</vin><color>SlateGray</color><year>1980</year></automobile><automobile><person_id>491402f3-4ec9-426e-8142-17c83cf885e0</person_id><license_plate>5JZ 676</license_plate><vin>RGLESTNY71X3SW2R1</vin><color>DeepSkyBlue</color><year>1981</year></automobile><automobile><person_id>7f1d3b8d-6514-451f-b302-919f54f43cb0</person_id><license_plate>175 NM9</license_plate><vin>V0UBNRKA6TJXDXM1L</vin><color>White</color><year>2019</year></automobile><automobile><person_id>7f1d3b8d-6514-451f-b302-919f54f43cb0</person_id><license_plate>0TU 971</license_plate><vin>FBTJJR0T12ZDX1JL9</vin><color>SlateBlue</color><year>2019</year></automobile><automobile><person_id>8b5c25f1-a0a2-4f80-abd9-62597c3daef8</person_id><license_plate>84C 673</license_plate><vin>JZH1PY6BXVLZ6362Z</vin><color>Green</color><year>1978</year></automobile><automobile><person_id>f108b946-3fba-4c86-9a76-76669fe96f75</person_id><license_plate>HMD 257</license_plate><vin>AN38YAU09Z99H01JW</vin><color>LightSlateGray</color><year>2011</year></automobile><automobile><person_id>4e7d8575-3340-4823-a5ea-d394a42e21b4</person_id><license_plate>WFL-790</license_plate><vin>5PAEGL1HXX9XFJ6U8</vin><color>Coral</color><year>1975</year></automobile><automobile><person_id>4e7d8575-3340-4823-a5ea-d394a42e21b4</person_id><license_plate>2131 TX</license_plate><vin>H9MWNVYV8Z1L8DSY0</vin><color>Aquamarine</color><year>2015</year></automobile><automobile><person_id>08293c15-d874-4dea-8d22-e0d2466eb46c</person_id><license_plate>41-6953H</license_plate><vin>W3RZ2MG3802S4JGLV</vin><color>BlueViolet</color><year>1972</year></automobile><automobile><person_id>08293c15-d874-4dea-8d22-e0d2466eb46c</person_id><license_plate>HGA 736</license_plate><vin>94CVXH8A3B0FAHYRA</vin><color>DarkOrange</color><year>1983</year></automobile><automobile><person_id>d055c95c-3067-4e9c-a0e1-c746b062c615</person_id><license_plate>EQC 9578</license_plate><vin>Y3LCGYN34EBG26PP0</vin><color>MintCream</color><year>2018</year></automobile><automobile><person_id>d055c95c-3067-4e9c-a0e1-c746b062c615</person_id><license_plate>42-85850</license_plate><vin>VHLU7HJL80GUXCZM4</vin><color>PowderBlue</color><year>2012</year></automobile><automobile><person_id>bfad1be7-b043-496e-b1df-88ef9ac89d0a</person_id><license_plate>NZ-8862</license_plate><vin>HTK8MTBC4CC9X6XB3</vin><color>Beige</color><year>1977</year></automobile><automobile><person_id>b690dfab-fc4f-4aba-a46b-76ef18137809</person_id><license_plate>982 HWH</license_plate><vin>CCW9T2WR63MV9KD78</vin><color>DarkViolet</color><year>2014</year></automobile><automobile><person_id>00688334-f106-4729-a4b5-7b3739d3b6ec</person_id><license_plate>193BNQ</license_plate><vin>B2TAKJXR4L409U7GL</vin><color>LightGray</color><year>1998</year></automobile><automobile><person_id>c205604c-9596-4db3-bb97-c71c346d1cb1</person_id><license_plate>295 GKO</license_plate><vin>VF1TAWJZ3HXGGFSXG</vin><color>Blue</color><year>1993</year></automobile><automobile><person_id>4b11f953-7558-42ff-917f-fc86cdffc4bd</person_id><license_plate>9-63160R</license_plate><vin>AHN6MZPC5FPKFUV0F</vin><color>DarkGoldenRod</color><year>1993</year></automobile><automobile><person_id>4b11f953-7558-42ff-917f-fc86cdffc4bd</person_id><license_plate>372 5GR</license_plate><vin>MNAU2BFA6NRHKBDA2</vin><color>LightGray</color><year>2004</year></automobile><automobile><person_id>19374492-8952-4454-a58a-cbe4e5582391</person_id><license_plate>58I M79</license_plate><vin>GC8UD0E69723MFRCU</vin><color>White</color><year>2013</year></automobile><automobile><person_id>19374492-8952-4454-a58a-cbe4e5582391</person_id><license_plate>056-ZUG</license_plate><vin>30FFUFBV0BD7CN1TU</vin><color>Lime</color><year>1992</year></automobile><automobile><person_id>da326eda-732f-4270-9c7c-dff4967eea08</person_id><license_plate>FKD 682</license_plate><vin>U62AKEWR42VVRUMLG</vin><color>GoldenRod</color><year>2014</year></automobile><automobile><person_id>da326eda-732f-4270-9c7c-dff4967eea08</person_id><license_plate>5JK14</license_plate><vin>Z6GTAY5V7GUJ4SN6G</vin><color>BlanchedAlmond</color><year>1988</year></automobile><automobile><person_id>a98d1465-1338-42bd-af63-20c8155355be</person_id><license_plate>L74 3IN</license_plate><vin>M5K61ZYU4JUZ53YHE</vin><color>BurlyWood</color><year>2022</year></automobile><automobile><person_id>eaa172fc-faaf-4cf2-a5be-e1ed3e3f2089</person_id><license_plate>RYZ-4945</license_plate><vin>J77UX3V139JY21F16</vin><color>LightCoral</color><year>1998</year></automobile><automobile><person_id>e4fea088-be55-4e9d-adce-159155b284bd</person_id><license_plate>20ID361</license_plate><vin>BDFSWJ8C9WXTXU9B9</vin><color>Gray</color><year>1984</year></automobile><automobile><person_id>98049a15-b514-40c3-851f-c7f626ca2b38</person_id><license_plate>552AKV</license_plate><vin>RSYFY9KU3XH00MK0N</vin><color>Maroon</color><year>1978</year></automobile><automobile><person_id>98049a15-b514-40c3-851f-c7f626ca2b38</person_id><license_plate>JNT 592</license_plate><vin>49TVPLAE1W5H8MNDD</vin><color>Plum</color><year>1970</year></automobile><automobile><person_id>98049a15-b514-40c3-851f-c7f626ca2b38</person_id><license_plate>393 MVA</license_plate><vin>EHJARLB20DSWRR0LR</vin><color>Plum</color><year>2020</year></automobile><automobile><person_id>9cbbbe2c-9c68-4d65-8b0f-c19d182a976d</person_id><license_plate>32UA9</license_plate><vin>PCUDY70F97Z9YE6Z7</vin><color>FireBrick</color><year>2000</year></automobile><automobile><person_id>9cbbbe2c-9c68-4d65-8b0f-c19d182a976d</person_id><license_plate>62-92048</license_plate><vin>20FYA12V25NNHTDD6</vin><color>IndianRed</color><year>2019</year></automobile><automobile><person_id>f1ae7558-1b9f-45d7-9022-e0f604a0d1cf</person_id><license_plate>1X 5B1WRF</license_plate><vin>0EFM3S5V8KM3P5AYX</vin><color>FloralWhite</color><year>1994</year></automobile><automobile><person_id>f1ae7558-1b9f-45d7-9022-e0f604a0d1cf</person_id><license_plate>359-MDKZ</license_plate><vin>DE83PHBYXBMFVV97A</vin><color>DarkMagenta</color><year>1998</year></automobile><automobile><person_id>587f6974-df27-4ba9-9dc7-a7b688a65231</person_id><license_plate>SEQ 038</license_plate><vin>3M6T8TTR6P3HLB2EF</vin><color>GhostWhite</color><year>1972</year></automobile><automobile><person_id>40954c2b-4cfc-4348-a5b4-6a532896a670</person_id><license_plate>8TD9256</license_plate><vin>78E078Y35XG72V8B3</vin><color>SpringGreen</color><year>1993</year></automobile><automobile><person_id>40954c2b-4cfc-4348-a5b4-6a532896a670</person_id><license_plate>KKM 843</license_plate><vin>A6B3CPDU75DUEXSBT</vin><color>PaleVioletRed</color><year>1985</year></automobile><automobile><person_id>40954c2b-4cfc-4348-a5b4-6a532896a670</person_id><license_plate>ZE 26610</license_plate><vin>MYLCXXFN4045484YD</vin><color>LightYellow</color><year>1997</year></automobile><automobile><person_id>647f9d0a-766b-4324-b1e4-591f9e9f445e</person_id><license_plate>619 5993</license_plate><vin>LLSMFXA63MDYYN3DY</vin><color>LimeGreen</color><year>2002</year></automobile><automobile><person_id>4c5fb470-3f5d-41e2-9a88-43c2fc903aec</person_id><license_plate>7JD45</license_plate><vin>FN7STUWWX4T8M0K3R</vin><color>ForestGreen</color><year>1992</year></automobile><automobile><person_id>4c5fb470-3f5d-41e2-9a88-43c2fc903aec</person_id><license_plate>VJW 986</license_plate><vin>6BPYYB7H91UL9JUP2</vin><color>Silver</color><year>2022</year></automobile><automobile><person_id>e11eaab9-4869-4bb8-9bd2-1086ba4757da</person_id><license_plate>QWE-9095</license_plate><vin>8AYM40RR63E7V2AW8</vin><color>Violet</color><year>2012</year></automobile><automobile><person_id>e11eaab9-4869-4bb8-9bd2-1086ba4757da</person_id><license_plate>FHK-1264</license_plate><vin>062G63HZ7D6STBW69</vin><color>BlueViolet</color><year>1988</year></automobile><automobile><person_id>c9717662-caee-4d36-8a92-de52ac6e6c7c</person_id><license_plate>804 UOP</license_plate><vin>JDLVMNM54TFS3G6W2</vin><color>HotPink</color><year>1975</year></automobile><automobile><person_id>88d79f09-e983-421a-8270-8ca08c8d8cc9</person_id><license_plate>316 LY9</license_plate><vin>9H3S8U1L4P98CJS6Y</vin><color>Maroon</color><year>2003</year></automobile><automobile><person_id>88d79f09-e983-421a-8270-8ca08c8d8cc9</person_id><license_plate>500-BJG</license_plate><vin>YES8EB2U5FG4EBDHL</vin><color>Linen</color><year>1984</year></automobile><automobile><person_id>2ddb981a-5f8a-4755-aedf-b3fa604eb952</person_id><license_plate>1-88704T</license_plate><vin>B046S1RM8G9S0W657</vin><color>PaleGoldenRod</color><year>1970</year></automobile><automobile><person_id>1366541a-1b97-41d3-a238-b0ac6425424a</person_id><license_plate>3-N4809</license_plate><vin>PHUXUTT12R0X084UV</vin><color>PaleVioletRed</color><year>2002</year></automobile><automobile><person_id>1366541a-1b97-41d3-a238-b0ac6425424a</person_id><license_plate>UKY-258</license_plate><vin>ZZJL98A27V04BBG92</vin><color>BurlyWood</color><year>2001</year></automobile><automobile><person_id>021fe983-312f-4662-bdb8-d0bacacd1088</person_id><license_plate>39Q 9648</license_plate><vin>2W204SN733TNDVVL4</vin><color>MistyRose</color><year>2016</year></automobile><automobile><person_id>1f708936-8e2a-4596-b049-5caf1e64f435</person_id><license_plate>794GUL</license_plate><vin>0YYRYZSMX1YJY97LE</vin><color>MintCream</color><year>2004</year></automobile><automobile><person_id>1f708936-8e2a-4596-b049-5caf1e64f435</person_id><license_plate>1V 8L5CBG</license_plate><vin>7GAYB0S94FA84DDZ4</vin><color>PapayaWhip</color><year>2005</year></automobile><automobile><person_id>52409916-cd1c-4349-b9f3-af15c37f670e</person_id><license_plate>OIJ 712</license_plate><vin>YPEY6N0H5D0RAPXVB</vin><color>SlateGray</color><year>2014</year></automobile><automobile><person_id>52409916-cd1c-4349-b9f3-af15c37f670e</person_id><license_plate>35-X216</license_plate><vin>SEFHVLA60MMBZT9J5</vin><color>MediumVioletRed</color><year>2012</year></automobile><automobile><person_id>52409916-cd1c-4349-b9f3-af15c37f670e</person_id><license_plate>195-HCB</license_plate><vin>R6X118D7221FNY7G5</vin><color>Azure</color><year>1976</year></automobile><automobile><person_id>1f21d0b8-9c0d-454f-8afb-62cce47481c7</person_id><license_plate>836 9SG</license_plate><vin>HWJNHTYR5N0K7KUVD</vin><color>LavenderBlush</color><year>2008</year></automobile><automobile><person_id>162f9ae8-3171-44de-99ac-c070e7bbd9cb</person_id><license_plate>69O 6057</license_plate><vin>5CVP3FJZ5XJ351ZTX</vin><color>FireBrick</color><year>2022</year></automobile><automobile><person_id>162f9ae8-3171-44de-99ac-c070e7bbd9cb</person_id><license_plate>FTB-737</license_plate><vin>3KA5TK274MCZ57186</vin><color>DarkOrange</color><year>1992</year></automobile><automobile><person_id>162f9ae8-3171-44de-99ac-c070e7bbd9cb</person_id><license_plate>9AJ I79</license_plate><vin>AUX8EMWYX0JC7T5A0</vin><color>Chartreuse</color><year>1983</year></automobile><automobile><person_id>a1d46ab7-f973-4cff-9601-203db09c7cc5</person_id><license_plate>TUW7830</license_plate><vin>WXDWF1263YYEN06GN</vin><color>Yellow</color><year>1985</year></automobile><automobile><person_id>a1d46ab7-f973-4cff-9601-203db09c7cc5</person_id><license_plate>ZP 00228</license_plate><vin>8J0XSDLDXCPA10WWD</vin><color>Crimson</color><year>1982</year></automobile><automobile><person_id>52d7f005-d21a-4891-ac18-3534a9b9a171</person_id><license_plate>869 RGX</license_plate><vin>Y46JUJ3F0N2U3NMFF</vin><color>RosyBrown</color><year>2019</year></automobile><automobile><person_id>52d7f005-d21a-4891-ac18-3534a9b9a171</person_id><license_plate>404 1EC</license_plate><vin>4D7RC2GY6XHX8ZT42</vin><color>LightSkyBlue</color><year>1980</year></automobile><automobile><person_id>20d2f6a0-d695-4b15-aa94-b6a9c22d77ee</person_id><license_plate>916 FQ2</license_plate><vin>PBX3NW5U1CWJPJ61S</vin><color>Plum</color><year>2014</year></automobile><automobile><person_id>20d2f6a0-d695-4b15-aa94-b6a9c22d77ee</person_id><license_plate>SLC 655</license_plate><vin>XB51E46V21N1LGDZ7</vin><color>SandyBrown</color><year>2001</year></automobile><automobile><person_id>6ecfe766-e4a5-41dc-8f1b-4e57f417e31c</person_id><license_plate>Z69-IMO</license_plate><vin>4BJRTB9C2C9UP19CY</vin><color>LightSlateGray</color><year>2006</year></automobile><automobile><person_id>6ecfe766-e4a5-41dc-8f1b-4e57f417e31c</person_id><license_plate>KBN 573</license_plate><vin>Z7RHFJXJ939G4T0E7</vin><color>PaleGoldenRod</color><year>1977</year></automobile><automobile><person_id>abf26d66-5d65-4952-8358-877a836a5442</person_id><license_plate>GWT 752</license_plate><vin>P59SRELK65XED6V9E</vin><color>Orchid</color><year>2010</year></automobile><automobile><person_id>abf26d66-5d65-4952-8358-877a836a5442</person_id><license_plate>XDZ 091</license_plate><vin>XFTZZ0AE6R0WCGA48</vin><color>DeepSkyBlue</color><year>2024</year></automobile><automobile><person_id>d8a98949-72b6-45b7-aa96-a2dfe7b21b1f</person_id><license_plate>0XO A34</license_plate><vin>60GEE9824G41VFU2R</vin><color>Khaki</color><year>2001</year></automobile><automobile><person_id>79151189-1c0c-424c-86b6-56bb40323668</person_id><license_plate>FDA 988</license_plate><vin>44VFR75C3XXVSMA55</vin><color>GhostWhite</color><year>2003</year></automobile><automobile><person_id>79151189-1c0c-424c-86b6-56bb40323668</person_id><license_plate>CSE 995</license_plate><vin>8JB2TEXY41MS4BXHW</vin><color>LightBlue</color><year>2003</year></automobile><automobile><person_id>b86cb47b-211a-4449-91d9-062e18581f44</person_id><license_plate>616 3QW</license_plate><vin>XJR8EY5GXYK5UKLDN</vin><color>SteelBlue</color><year>1982</year></automobile><automobile><person_id>28a991af-0986-4417-8408-da1381b54f48</person_id><license_plate>ILO 410</license_plate><vin>XTSUJUAN0DDG0A86X</vin><color>MediumPurple</color><year>1973</year></automobile><automobile><person_id>5d3ee084-3030-4e25-9a9b-77cf850484e6</person_id><license_plate>3QU6063</license_plate><vin>280CYMMA5R0JLG7XZ</vin><color>MediumTurquoise</color><year>1973</year></automobile><automobile><person_id>5d3ee084-3030-4e25-9a9b-77cf850484e6</person_id><license_plate>6B 9089K</license_plate><vin>728YK4KT4B8YA83W9</vin><color>Blue</color><year>1987</year></automobile><automobile><person_id>42df97aa-2b98-49ca-b956-8ed5d2fe251a</person_id><license_plate>2ML U13</license_plate><vin>FXT1X9HM0CMV6ZR5Y</vin><color>SandyBrown</color><year>2009</year></automobile><automobile><person_id>f3be5365-03ae-4293-8d94-1d5bfe103d21</person_id><license_plate>227-FOL</license_plate><vin>0EESZEU90CU04J9HA</vin><color>PaleGreen</color><year>1997</year></automobile><automobile><person_id>e2262f4d-907d-4555-9d7b-e7edafa13432</person_id><license_plate>8E YZ427</license_plate><vin>SRJDJH2XX6U0W23XF</vin><color>Sienna</color><year>1976</year></automobile><automobile><person_id>8e427bb1-b59d-41a5-b28a-16d8727641e3</person_id><license_plate>519 VOZ</license_plate><vin>K924TNN50V9689W0E</vin><color>LightBlue</color><year>1977</year></automobile><automobile><person_id>e38fee89-0a76-4125-b399-01bd047d9a4b</person_id><license_plate>K 456779</license_plate><vin>ACH9ZKFX4HRRXDNVK</vin><color>SandyBrown</color><year>2020</year></automobile><automobile><person_id>e38fee89-0a76-4125-b399-01bd047d9a4b</person_id><license_plate>KNR-223</license_plate><vin>Z4FYN1ZJ43K8JC7YF</vin><color>Red</color><year>1996</year></automobile><automobile><person_id>0344c2df-dfb7-4aa0-baef-9e580a57836b</person_id><license_plate>22-76865</license_plate><vin>VDWSYN071V18983Z6</vin><color>RosyBrown</color><year>1977</year></automobile><automobile><person_id>0344c2df-dfb7-4aa0-baef-9e580a57836b</person_id><license_plate>4NA 707</license_plate><vin>XFLGBEJ74SA8CN55H</vin><color>OldLace</color><year>1980</year></automobile><automobile><person_id>0344c2df-dfb7-4aa0-baef-9e580a57836b</person_id><license_plate>287N9</license_plate><vin>1L90KYYCXUXHYVSNF</vin><color>SlateGray</color><year>1978</year></automobile><automobile><person_id>dab39768-a95d-4d25-83dc-0d668cdaf07d</person_id><license_plate>3-A7249</license_plate><vin>BVM6EDJ41CSRZU929</vin><color>Navy</color><year>1985</year></automobile><automobile><person_id>dab39768-a95d-4d25-83dc-0d668cdaf07d</person_id><license_plate>98-WY86</license_plate><vin>SDA6ZEPH1MWZK8LY7</vin><color>GhostWhite</color><year>1977</year></automobile><automobile><person_id>dab39768-a95d-4d25-83dc-0d668cdaf07d</person_id><license_plate>1K815</license_plate><vin>7RDE3M38875ABTU0T</vin><color>Sienna</color><year>2001</year></automobile><automobile><person_id>5310d143-47d4-4162-b904-92ba4f4db132</person_id><license_plate>3SQ Q15</license_plate><vin>ZNS48TR52MWTFWVSD</vin><color>Olive</color><year>2022</year></automobile><automobile><person_id>6c079dda-1d7c-456b-a4ad-e0baead4e420</person_id><license_plate>291-INQ</license_plate><vin>06WH0ZVJXSJ3PPY0D</vin><color>YellowGreen</color><year>1976</year></automobile><automobile><person_id>6c079dda-1d7c-456b-a4ad-e0baead4e420</person_id><license_plate>2KXK577</license_plate><vin>G03CAHPM5SHBWL4ND</vin><color>LightGray</color><year>1999</year></automobile><automobile><person_id>d8467e60-307b-484a-bb31-503ef8feff59</person_id><license_plate>ZDU 899</license_plate><vin>JFWB7M9J6H8UWAU5J</vin><color>DarkSlateBlue</color><year>1971</year></automobile><automobile><person_id>194abdb6-bd3e-4d3a-96e4-9463c789943a</person_id><license_plate>69E WV0</license_plate><vin>9X034TDVXG75KS1UL</vin><color>Sienna</color><year>1989</year></automobile></automobiles>