"id"|"first_name"|"last_name"|"sex"|"address"|"phone_number"|"profession"|"company"|"date_of_birth"
"db4e926d-0ad6-461c-a170-264acf260ec1"|"Charles"|"Curtis"|"M"|"912 Ortiz Brooks"|"+1-753-367-1080x044"|"Barrister's clerk"|"Huynh-Dean"|"1913-01-21"
"5f55f198-e70c-4218-8e67-45e4e31f0aee"|"Wells"|"Torres"|"M"|"296 Bailey Trail"|"964.845.6843x475"|"Minerals surveyor"|"Gonzales, Porter and Butler"|"1990-01-29"
"be430d76-2389-4e81-9131-597b92365d8e"|"Leslie"|"Burke"|"F"|"75 Jones Cliffs Suite 657"|"+1-688-489-2713x93396"|"Sports development officer"|"Sutton and Sons"|"2018-09-03"
"49d5968e-98d3-47c3-976f-28fe479e0432"|"Nicole"|"Garner"|"F"|"698 Lynn Lake Suite 253"|"313-640-9773x57114"|"Textile designer"|"Adams, Juarez and Allen"|"1930-09-29"
"41a635ac-ef58-45ba-9a77-ecb210c4c4ba"|"Bernard"|"Booth"|"M"|"297 Colleen Mount"|"984.696.7460"|"Control and instrumentation engineer"|"Braun Group"|"2009-07-16"
"fe5531a3-10f0-4ebf-b312-6bf15e7915e1"|"Jennifer"|"Solomon"|"F"|"385 Smith Avenue Apt. 759"|"001-904-631-4551x8933"|"Jewellery designer"|"Johnson, Anderson and Hudson"|"1982-05-10"
"d31feda6-6954-4054-a766-23413b53a31a"|"Michael"|"Parker"|"M"|"978 King Land"|"7276791725"|"Teaching laboratory technician"|"Costa-Wall"|"1964-03-20"
"1268e45f-743d-43d7-8a6b-541cfca84169"|"Anthony"|"Mitchell"|"M"|"419 Castillo Underpass Apt. 535"|"001-410-284-1128x58815"|"Bookseller"|"Edwards Group"|"1986-08-23"
"00fce509-b967-45ba-841f-17d76b3445c8"|"Aaron"|"Harris"|"M"|"832 Davis Landing"|"970-522-0394x7661"|"Community arts worker"|"Barrera, Gonzales and Riddle"|"1924-12-11"
"9d1f5fa5-d523-4cf4-beda-74c5263cfe07"|"Nancy"|"Benson"|"F"|"764 Bruce View Suite 976"|"001-585-587-1346x419"|"Surveyor, mining"|"Thompson and Sons"|"1987-08-09"
"937b7c86-af48-4fb3-af10-099f8f31a7d9"|"Elizabeth"|"Welch"|"F"|"559 Amanda Curve"|"+1-645-812-4936x176"|"Astronomer"|"Henry LLC"|"2008-08-31"
"800d1a31-8cf3-4aff-85c8-e9fe8834e6a0"|"Kimberly"|"Fox"|"F"|"620 Castillo Underpass Apt. 535"|"001-651-203-3240"|"Speech and language therapist"|"Smith and Sons"|"2015-09-23"
"2add487a-810a-4c39-bca9-90b8cda0bce1"|"Gina"|"Alvarez"|"F"|"532 Andrew Street Apt. 107"|"3412177234"|"Occupational psychologist"|"Pope-Payne"|"1947-10-30"
"443d297f-5f53-4c35-a6f7-e61645002039"|"Amy"|"Mitchell"|"F"|"126 May Rest Suite 582"|"+1-501-779-3071x5954"|"Local government officer"|"Williams-Richardson"|"1948-04-10"
"abd5e58c-fa99-47d2-81bc-7fe1d79fedce"|"Caldwell"|"Booth"|"M"|"608 Angela Lights"|"(506)859-3683"|"Research officer, political party"|"Bolton-Hill"|"1963-02-03"
"0ac66aea-ad47-46f9-b27c-25a43fd2df2f"|"Cynthia"|"Long"|"F"|"210 Cooley Dam Apt. 601"|"+1-854-780-2357x049"|"Operational researcher"|"Harris-Swanson"|"1994-05-23"
"eefbfab3-4cfe-44bd-ad8e-a8f5ae493989"|"Sara"|"Jones"|"F"|"973 Johnson Lake"|"(363)301-4446"|"Designer, jewellery"|"Mcmahon and Sons"|"2000-06-17"
"cde05b93-e53e-42a2-8548-e6ec390146a0"|"Tiffany"|"May"|"F"|"312 Nathan Views"|"+1-728-867-3622x238"|"Quantity surveyor"|"Reid and Sons"|"1963-05-17"
"e417c1c6-9f35-4ae1-a59d-441073f15ce3"|"Sharon"|"Gonzalez"|"F"|"999 Vincent Mountain Apt. 316"|"001-827-816-1223x951"|"Hotel manager"|"Carter, Davidson and Newton"|"2003-04-26"
"fa4f6535-6e59-4c43-8eef-bf532681ab4b"|"Andrew"|"Gardner"|"M"|"32 Elizabeth Creek Apt. 423"|"671-614-3238x3399"|"Passenger transport manager"|"Navarro, Anderson and Dillon"|"1947-05-24"
"605c97ba-87c7-4e86-b25a-588fa85fc200"|"Michele"|"Castaneda"|"F"|"101 Alexis Freeway Apt. 358"|"395-225-9550x407"|"Nurse, children's"|"Campbell and Sons"|"1977-10-17"
"665a4b7a-7c9c-43db-9120-b4e126ac3701"|"Crystal"|"Torres"|"F"|"747 Donald Village Apt. 289"|"(342)985-9420x3177"|"Fisheries officer"|"Allen PLC"|"1952-09-26"
"7e6be74f-2bd2-4602-941a-832aa513443e"|"Wayne"|"Park"|"M"|"17 Montoya Walk Apt. 578"|"895-569-1462x81227"|"Geoscientist"|"Barnett, Hudson and Lewis"|"1953-10-04"
"d33a0edf-4f3a-49ae-94f1-2ea57fada133"|"Joshua"|"Garner"|"M"|"525 Aimee Circles"|"901-510-5223"|"Ambulance person"|"Blackwell, Parker and Carter"|"1937-03-15"
"dfe28834-9a7e-4729-85b9-2a47b6ae26dd"|"Tracey"|"Clark"|"F"|"586 Andrew Street Apt. 107"|"327-975-3162"|"Bonds trader"|"Good, Glenn and Richards"|"1942-12-19"
"dc8a88da-28d9-46cf-af4b-2840a1da42c0"|"James"|"Crane"|"M"|"411 Morales Gardens Suite 197"|"720-562-4775x756"|"Paramedic"|"Lewis-Andrews"|"1930-09-23"
"76c0ef54-cff7-4cb2-9d50-8d46cd21b2d5"|"Wendy"|"Torres"|"F"|"646 Ortiz Brooks"|"+1-321-812-2890x60530"|"Warden/ranger"|"Wells Group"|"1962-08-11"
"a4f4d26f-3bcf-410b-9bfb-57a53f859f05"|"Jennifer"|"Cochran"|"F"|"920 Barry Shoal Suite 612"|"(350)269-6562"|"Engineer, manufacturing"|"Wheeler Group"|"1984-06-23"
"5c30bae2-019f-4886-bb80-b03f3b98bfb5"|"Gina"|"Gonzalez"|"F"|"190 Thomas Wall Suite 035"|"234.361.9817x80692"|"Engineer, electronics"|"Carrillo-Johnson"|"1951-10-20"
"1f7c67b8-5cf5-4688-9e13-bb6a790aaa7a"|"David"|"Barnes"|"M"|"774 Hanson Port"|"001-862-655-5375x980"|"Insurance broker"|"Lutz-Sawyer"|"1977-05-30"
"5c39cf0e-a81a-45ca-9c0e-f7590147ed2c"|"Tracy"|"Miller"|"F"|"479 Tyler Knoll Apt. 752"|"001-386-907-6718"|"Curator"|"Aguilar, Jones and White"|"1933-03-13"
"d1dea427-8037-4622-ad11-7efb043d2fc0"|"Julie"|"Joseph"|"F"|"667 Castillo Underpass Apt. 535"|"001-996-875-1122"|"Dramatherapist"|"Diaz Ltd"|"2007-06-17"
"674dda01-a171-4024-916e-a135fc646fe8"|"Jessica"|"Robbins"|"F"|"689 Ross Camp Apt. 134"|"433-637-1293x8629"|"Drilling engineer"|"Rodriguez-Meadows"|"1953-07-28"
"6f2760cd-faed-4a5f-b073-e8fca6455ae4"|"Caitlin"|"Reyes"|"F"|"596 Randall Burg"|"001-361-309-6852x825"|"Clothing/textile technologist"|"Allen and Sons"|"1927-09-25"
"bccae56a-497f-46d6-af68-c93d67f71cbf"|"Gail"|"Smith"|"F"|"268 Daniel Plaza"|"+1-466-668-6074x66160"|"Police officer"|"Spencer, West and Daniels"|"1943-03-29"
"c3c85ac1-d8b1-443b-9c6f-61b3b30359ed"|"Jeffrey"|"Martin"|"M"|"991 Jones Courts Apt. 083"|"001-644-808-3516x304"|"Tourism officer"|"Vasquez, Walters and Marquez"|"2003-11-01"
"e4090fd0-1cef-4908-87b7-d24fdb6b4061"|"Heather"|"Lopez"|"F"|"989 Bailey Trail"|"(260)556-5124x4772"|"Video editor"|"Lee, Barnes and Turner"|"2013-09-20"
"b6a1a923-eb44-4cbc-8cba-584aafe59022"|"Dalton"|"Powers"|"M"|"228 Ward Parkway Apt. 076"|"233-358-3432"|"Retail merchandiser"|"Turner-Everett"|"1933-10-19"
"b8cc9c97-c05c-475e-9b3f-5792c48ef364"|"Chloe"|"Burton"|"F"|"891 Castillo Underpass Apt. 535"|"+1-500-223-7935x2710"|"Ambulance person"|"Harris, Le and Banks"|"1931-12-20"
"e27fcf20-78fe-4ec8-bd40-bc03cab7b23a"|"Mary"|"Gill"|"F"|"933 Matthew Valleys Suite 832"|"8926416955"|"Network engineer"|"Fernandez Group"|"1920-05-19"
"749fdce0-6b00-456d-9ead-f75a36dc191d"|"Ebony"|"Smith"|"F"|"698 Johnson Lake"|"+1-379-678-5699x225"|"Scientist, research (physical sciences)"|"Acevedo, Alexander and Mclean"|"2000-12-06"
"42f47b71-efc5-4761-a823-7b7c1ed8f915"|"Gary"|"Reyes"|"M"|"133 Jeffery Spur Suite 411"|"(733)489-9247x261"|"Magazine features editor"|"Ballard LLC"|"1998-03-30"
"5642f69b-bb52-4980-83dc-bc6e6a5d9b15"|"Jodi"|"Aguirre"|"F"|"580 Martinez Grove Apt. 125"|"795-571-7708"|"Engineer, maintenance"|"Arnold and Sons"|"1997-01-29"
"ca03ec7f-3803-491a-badf-e0e900665a86"|"Ryan"|"Ramos"|"M"|"559 Charles Extension Apt. 046"|"(946)925-8795x19243"|"Lobbyist"|"Hernandez, Lambert and Newton"|"1978-02-18"
"e01ef531-50c5-45d2-921f-8dd62e42a4e3"|"Jennifer"|"Nguyen"|"F"|"897 Michelle Isle Apt. 431"|"(504)916-9191"|"Health physicist"|"Hendricks, Gonzalez and Christensen"|"1985-01-15"
"540064db-f32d-44a4-961b-d2a08155c87b"|"Amber"|"Fuller"|"F"|"2 Welch Walk"|"+1-905-759-0991x7462"|"Secretary/administrator"|"Garner Group"|"1988-07-02"
"39ab3440-79a8-4c8b-84bd-e66f81910b24"|"Suzanne"|"Rice"|"F"|"292 Bruce View Suite 976"|"846-442-1234"|"Human resources officer"|"Olson, Mcintosh and Garner"|"1999-03-22"
"7d830f4e-e45b-481d-ba9f-4a53e213fdf6"|"Mark"|"Burns"|"M"|"736 Christine Gateway"|"(516)747-3904"|"Clothing/textile technologist"|"Davis, Hines and Mayer"|"1912-07-28"
"4ea87dc6-a4ec-4966-90e1-276dc202f891"|"Chris"|"Reyes"|"M"|"354 Matthew Valleys Suite 832"|"(507)203-8051x4848"|"Dietitian"|"Arias, Armstrong and Brooks"|"1976-09-11"
"555696d3-331a-436e-a8f8-0401c9492fb6"|"Emily"|"Rivera"|"F"|"421 Thomas Wall Suite 035"|"(734)508-8619x1654"|"Chartered loss adjuster"|"Bailey, Gray and Booth"|"1979-06-26"
"c7396d50-96a2-48d2-9bc7-3d7519ecf815"|"Katrina"|"Weaver"|"F"|"12 Jonathan Stravenue"|"765.611.8380x97553"|"Education administrator"|"Potter Inc"|"1970-01-27"
"e493463f-75f7-4d56-81e4-85841f98b2d8"|"Sandra"|"Holmes"|"F"|"596 Moore Crossroad Apt. 549"|"001-674-418-8281x35710"|"Administrator"|"Watson, Gallagher and Decker"|"1961-06-30"
"cac7b9c2-2f33-4940-98d0-5248a7f0c357"|"Lisa"|"Green"|"F"|"211 Rosario Loop"|"001-740-491-0740x5394"|"Teacher, adult education"|"Riddle-Melendez"|"1985-09-22"
"8446dc83-fc10-4864-88f3-a41195bcb79f"|"Mitchell"|"Curtis"|"F"|"896 Alexis Freeway Apt. 358"|"334.296.6955"|"Engineer, agricultural"|"Lee and Sons"|"1922-06-20"
"81d9564f-1d34-43c6-8ea0-29273f945d4e"|"Scott"|"Willis"|"M"|"445 Angela Lights"|"643-316-8404x221"|"Product designer"|"Mayer and Sons"|"1988-11-28"
"5715789d-363c-4f99-9379-602312b785db"|"Tara"|"Holmes"|"F"|"501 Michelle Isle Apt. 431"|"603-716-1883x2534"|"Private music teacher"|"Hardy, Fields and Heath"|"1956-10-17"
"26c40640-e3a0-42d7-827f-a3cb872d9456"|"Mark"|"Weiss"|"M"|"498 Warner Circle"|"+1-562-578-3638x90370"|"Ambulance person"|"Brown Inc"|"1935-08-06"
"7f60448a-448a-40c3-bde1-d8e32f61a9aa"|"Matthew"|"Velez"|"M"|"413 Michelle Isle Apt. 431"|"001-772-693-7282x2222"|"Journalist, newspaper"|"Bailey-Hudson"|"1998-11-30"
"45f2f71a-eef9-4f41-af6e-e70b8ee3b79e"|"Ann"|"Harrison"|"F"|"948 Michael Manor"|"668.232.2771x27413"|"Runner, broadcasting/film/video"|"Mendez-Ward"|"1967-03-06"
"b1f9e268-6028-48fe-945e-afef83fe4e15"|"David"|"Haney"|"M"|"362 Angela Lights"|"(455)970-2101"|"Editorial assistant"|"Fletcher-Johnson"|"2008-05-26"
"07bacc92-33a8-48bc-ad87-1d19eb6c9c07"|"Mark"|"Garcia"|"M"|"866 Brian Course"|"316.896.5383x0490"|"Therapist, nutritional"|"Holmes-Garcia"|"1943-07-20"
"fb46532e-5659-48ae-b3e7-06f9eea91748"|"Robert"|"Spence"|"M"|"496 Julia Station"|"5449291048"|"Clinical cytogeneticist"|"Mueller-Mcintosh"|"1972-06-29"
"1dd75624-ae3d-44b2-8081-8bbc61c24ec6"|"Jeff"|"Fleming"|"M"|"394 Tiffany Gateway"|"8274191324"|"Oncologist"|"Joseph, White and Carpenter"|"1932-06-26"
"74920d04-90bc-49ad-b736-5a327edeeddf"|"Justin"|"Barber"|"M"|"335 Day Inlet"|"+1-672-840-9147"|"Environmental education officer"|"Myers, Newton and Hendrix"|"1976-10-16"
"9c53c461-b10e-40df-b36c-62ed967c3dbc"|"Adam"|"Goodwin"|"M"|"591 Cox Turnpike Apt. 083"|"001-857-403-7289x37439"|"Sales promotion account executive"|"Griffin, Martinez and Delgado"|"1952-10-04"
"13df2cf9-1824-4a68-98a6-964a99a8f141"|"Jerry"|"Christian"|"M"|"518 Padilla Estate Suite 556"|"+1-661-403-3502x818"|"Psychotherapist"|"Jenkins, Vargas and Bush"|"2017-06-25"
"62198ded-e136-49da-8132-45a88172f98e"|"William"|"Garcia"|"M"|"293 Randall Burg"|"995-214-2680"|"Human resources officer"|"Garza Inc"|"2020-02-09"
"4d0e6b6e-29ca-4607-b944-899c60af159e"|"William"|"Hernandez"|"M"|"413 Thomas Ford"|"001-744-925-3232x540"|"Sub"|"Mays Group"|"1950-02-15"
"4d6fdfdc-534f-4e25-a16c-762c9b3d4963"|"Thomas"|"Mccullough"|"M"|"431 Jeffrey Run"|"237.369.5336"|"Television floor manager"|"Jones-Johnson"|"2018-04-28"
"09db071b-2309-4e4b-8681-fa6791073ef3"|"Ashley"|"Castaneda"|"F"|"499 Hernandez Parkways Suite 200"|"951-358-4142x95169"|"Planning and development surveyor"|"Martinez, Kim and Thompson"|"1966-03-07"
"2f6b3f83-01be-4bf5-a269-2ce1d023c877"|"Jared"|"Nguyen"|"M"|"173 David Passage Suite 979"|"001-940-237-9023"|"English as a second language teacher"|"Khan Ltd"|"2006-08-19"
"7a76d215-8f62-4ce1-98ec-91b14d237f77"|"Andrea"|"Burton"|"F"|"858 Gray Walks Apt. 075"|"2105341081"|"Call centre manager"|"Hawkins Ltd"|"2003-08-11"
"0480c169-508b-48fd-9005-624cab7c72d9"|"Grant"|"Anderson"|"M"|"540 Tara Inlet"|"+1-750-201-6207x14257"|"Administrator, sports"|"Bell-Herrera"|"1957-04-11"
"e88c4cf2-a6b8-4e40-83a4-923af527c44e"|"Breanna"|"Strickland"|"F"|"282 Daniel Plaza"|"935-662-9192x72317"|"Warden/ranger"|"Kennedy, Berger and Reynolds"|"1958-12-10"
"f33e24d8-6772-4f5b-bf6e-d1da5ba41329"|"Anna"|"Walker"|"F"|"275 Robinson Highway"|"460-740-2169"|"Data processing manager"|"Hall, Thompson and Wolfe"|"1935-12-29"
"7eede10e-8496-4d73-ac40-9464e206535f"|"Adam"|"Hall"|"M"|"595 Charles Extension Apt. 046"|"881-723-4503"|"Producer, television/film/video"|"Anderson-Peterson"|"1956-08-14"
"6d50b58e-6441-41ac-bc73-c642d1000f0b"|"Jennifer"|"Holmes"|"F"|"344 Garcia Road Suite 143"|"8255891556"|"Psychologist, counselling"|"Mcclure-Carroll"|"1922-07-12"
"ae5f28d2-9756-4a94-bc33-2dbe0a645454"|"Jackson"|"Riley"|"M"|"797 Matthew Valleys Suite 832"|"(812)499-2602x485"|"Chartered loss adjuster"|"Leonard-Barr"|"2015-10-19"
"b32e3dfb-78e1-47ae-ab0f-4f4d55fe4738"|"Timothy"|"Peterson"|"M"|"214 Charles Mall Apt. 745"|"001-533-375-0233x17199"|"Maintenance engineer"|"Perry, Blackburn and Nelson"|"1922-10-12"
"0e67bfeb-8fcc-46b0-b7e1-9684838a6701"|"Mark"|"Berry"|"M"|"394 Welch Walk"|"666.957.2905x158"|"Learning disability nurse"|"Gonzalez Inc"|"1929-12-14"
"8e57007f-82e8-40f4-b268-b72e4f6ccab8"|"Paul"|"Gardner"|"M"|"729 Hart Estates Suite 718"|"376.267.4878x2532"|"Field trials officer"|"Cain Ltd"|"1930-04-08"
"6fe40b00-89ce-4599-adc5-f6fd6f1df3e5"|"Susan"|"Hanson"|"F"|"280 Scott Valleys Suite 598"|"510.913.4379"|"Designer, textile"|"Downs-Carpenter"|"1975-12-14"
"c7c8d8fe-d874-423e-bcea-bf3e562bfbd9"|"Christine"|"Ryan"|"F"|"924 Hernandez Parkways Suite 200"|"245-714-0126"|"Glass blower/designer"|"Mcdonald Ltd"|"1988-07-24"
"0479fe02-baf9-4bb7-9805-95eb8cf3f7fd"|"Michael"|"Rodriguez"|"M"|"5 Amanda Curve"|"(305)715-4022x32988"|"Scientific laboratory technician"|"Lewis-Rodriguez"|"1934-11-28"
"aa381471-e67b-4517-9737-b415d349736b"|"Kathryn"|"Martinez"|"F"|"456 Montoya Walk Apt. 578"|"001-242-211-3425"|"Chief Marketing Officer"|"Graham, Ortiz and Perez"|"1909-01-18"
"0a554444-aa5f-47ac-9bfb-463000722994"|"Kristin"|"Daniels"|"F"|"982 Nelson Estate"|"+1-353-336-0180x60028"|"Newspaper journalist"|"Hayes-Thomas"|"1998-05-28"
"10c6ffd6-6904-44dc-a516-d6b350e0a2fd"|"Jeffery"|"Norman"|"M"|"803 David Course Apt. 455"|"411-214-6924x263"|"Surveyor, quantity"|"Wright, Mcgrath and Stewart"|"2009-06-26"
"cd2ff72f-f47b-48b6-8a54-e30c4bd7b56c"|"Benjamin"|"Cervantes"|"M"|"386 Amber Wells"|"553-857-5258"|"Artist"|"Collins, Mercado and Moore"|"1961-10-30"
"dfe4a4e2-2b6c-474b-86ed-0108b152144c"|"Alexandra"|"Jackson"|"F"|"775 Jeffery Isle"|"330-452-1369x107"|"Clinical scientist, histocompatibility and immunogenetics"|"Walker-Terry"|"1973-10-20"
"72b656ff-ea32-4452-8963-69e8fefc26ad"|"Michael"|"Gonzalez"|"M"|"477 Marquez Lane"|"9315159348"|"Biomedical engineer"|"Gonzales-Thompson"|"1974-06-23"
"7e8a6fd3-f302-45c9-863e-8befbdd88aec"|"Kimberly"|"Mitchell"|"F"|"712 Smith Avenue Apt. 759"|"385-970-1806x861"|"Conference centre manager"|"Martinez-Cox"|"2014-07-29"
"09eba336-eb48-4746-a57d-1e00f44fa002"|"Travis"|"Aguirre"|"M"|"852 Angela Lights"|"732.747.1267"|"Customer service manager"|"Castillo, Small and Gibson"|"1949-01-29"
"07de8d79-4ca6-4416-bb4f-a903971032ec"|"Andres"|"Howard"|"M"|"909 Nicole Via"|"(299)393-2549x5790"|"Site engineer"|"Bridges, Lewis and Beck"|"1944-01-19"
"d3034930-8040-43a3-bcd8-0198274b9fac"|"Katherine"|"Patrick"|"F"|"492 Lee Burgs"|"837-783-6145x7191"|"Engineer, site"|"Pearson and Sons"|"2003-01-10"
"f9be96b0-99dc-42b7-9974-17d5e0ba7312"|"Melissa"|"Orozco"|"F"|"612 Matthew Valleys Suite 832"|"696-661-8818x2032"|"Health visitor"|"Fuller Inc"|"1909-04-02"
"89e6205d-154c-4d4b-b4ac-da0b410b61ac"|"Dana"|"Good"|"F"|"968 William Avenue"|"531-567-9278"|"Police Officer"|"TTPD"|"2021-05-31"
"8432eac3-2f36-44e9-866b-0af506d4258f"|"Christine"|"Simon"|"F"|"42 Thomas Coves Suite 736"|"892-665-4458x278"|"Copy"|"Martinez, Smith and Dunn"|"1923-01-11"
"6f39490d-f435-4c18-9ada-d47f8ecff4a5"|"Andrew"|"Torres"|"M"|"833 Hart Estates Suite 718"|"(385)963-3886"|"Drilling engineer"|"Chavez, Simon and Dillon"|"1957-11-29"
"bd92a08a-00df-40cd-81c1-b8aab5e4c1a3"|"Alexis"|"Casey"|"F"|"761 Johnson Throughway"|"478.232.9289x02856"|"Dancer"|"Cruz-Chapman"|"1912-08-07"
"2d337c15-e8e1-4997-a7a6-09bfe6b6daa6"|"Dylan"|"Crawford"|"M"|"745 Phillip Spring"|"001-951-494-4478x1685"|"Charity officer"|"Booth-Hall"|"1909-02-27"
"a6bd21f8-1388-4f0b-97cd-d48e86e228d3"|"Steven"|"Weiss"|"M"|"432 Shelton Run"|"001-550-617-5117x6522"|"Financial risk analyst"|"Oliver Group"|"1996-09-16"
"7a869092-8ee0-4656-8ac3-af0dc6570882"|"Kevin"|"Jackson"|"M"|"701 Hernandez Parkways Suite 200"|"+1-901-829-9463x8760"|"Visual merchandiser"|"Miller LLC"|"2018-01-11"
"1b034f03-cf66-4c8e-b461-7f0f4abb2074"|"William"|"Weiss"|"M"|"672 Montoya Walk Apt. 578"|"(277)601-0624"|"Dentist"|"Daniels PLC"|"2011-05-24"
"b937581f-0b6e-4d70-9cb1-e50b7c410e10"|"Garrett"|"Barnett"|"M"|"917 Lynn Lake Suite 253"|"+1-309-863-4175x75212"|"Conference centre manager"|"Ramirez-Perry"|"1944-06-18"
"b251058f-33df-4bf7-8441-72d2765481ab"|"Catherine"|"Rivera"|"F"|"853 Brown Canyon Apt. 503"|"341-250-5784x96779"|"Contractor"|"Saunders-Hill"|"1958-05-28"
"5073723c-c5df-4ae6-942e-3e874674100a"|"Charles"|"Perez"|"M"|"909 Thomas Wall Suite 035"|"324-345-6369x7484"|"Editor, film/video"|"Olson, Jackson and Jones"|"1999-05-16"
"0be4f663-83d6-422b-af80-2aa1212a20e7"|"Jonathan"|"Perez"|"M"|"513 Troy Centers"|"240-935-2513x8982"|"Oncologist"|"Pugh, Pineda and Wolf"|"2001-01-06"
"ec3352c8-2aba-4e56-9580-4c3cb9ed33d5"|"Maria"|"Scott"|"F"|"887 Simpson Mill Apt. 030"|"(857)554-0250"|"Surveyor, commercial/residential"|"Smith-Marsh"|"1984-08-11"
"cf00ef52-1245-4e15-a6f0-9e310a638bd5"|"Amanda"|"Spencer"|"F"|"871 Pham Ports"|"001-457-205-0114x39523"|"Doctor, general practice"|"Willis, Hansen and Eaton"|"1972-10-09"
"e5c60225-56bc-4b3b-8d35-3794683b1909"|"Terry"|"Reyes"|"M"|"54 Brian Course"|"(489)623-9803x90932"|"Primary school teacher"|"Silva, Curtis and Burnett"|"1985-10-12"
"7337d0af-d38b-4348-8688-315c540ebc5f"|"Bell"|"Villanueva"|"M"|"93 Michael Circles Suite 720"|"001-315-611-0293x453"|"Librarian, public"|"Patton-Lee"|"1940-02-27"
"97cb9258-f696-415d-b770-a3eae07c144b"|"Perry"|"Pittman"|"M"|"716 Johnson Throughway"|"323-719-0160"|"Mechanical engineer"|"Singleton, Knight and Ward"|"1992-02-09"
"c8a422f5-60ca-413e-8c42-50364e3c4337"|"Laura"|"Ray"|"F"|"834 Douglas Springs"|"366-349-1297"|"Garment/textile technologist"|"Charles LLC"|"1953-05-12"
"ef957632-d36f-47ee-bd28-c59fc2b7862f"|"Aaron"|"Espinoza"|"M"|"932 Wyatt Pike Suite 863"|"850.842.1414"|"Designer, graphic"|"Soto Group"|"1929-01-20"
"2b2e1c37-a7d9-4523-8beb-ceb9ff0ac6d0"|"Candice"|"Young"|"F"|"292 Randall Burg"|"+1-460-442-7100"|"Pilot, airline"|"Cole, Miller and Rogers"|"1976-12-22"
"16100a77-770e-4bff-9a4d-7cb4bdcf781c"|"Mary"|"Hughes"|"F"|"877 Colleen Mount"|"001-472-780-7805x681"|"Civil engineer, consulting"|"Middleton, Noble and Smith"|"1920-07-05"
"c70be594-ca73-4728-b5cb-b1e4a7cbaed8"|"Natalie"|"Gillespie"|"F"|"645 Lewis Trace"|"001-734-487-4077x9497"|"Social research officer, government"|"Graham Inc"|"2009-05-02"
"16f7cd70-629d-43c8-acec-6774c9798a87"|"Monique"|"Parker"|"F"|"213 Christopher Tunnel"|"(287)987-5693"|"Midwife"|"Garrison Group"|"2012-12-03"
"ed1a459e-4988-4758-ae84-427c5de76290"|"Taylor"|"Young"|"F"|"907 Barry Shoal Suite 612"|"+1-440-273-3086x08922"|"Engineer, building services"|"Hensley-Brown"|"1978-12-11"
"da1339c0-ab97-45cc-ab32-33bf42d0c546"|"Kelly"|"Patton"|"M"|"64 Matthew Keys"|"001-253-868-7222x8136"|"Lobbyist"|"Eaton and Sons"|"1909-04-13"
"d82a82d1-82d2-44ae-a7f8-18f14ce9567e"|"Mark"|"Bennett"|"M"|"165 Charles Extension Apt. 046"|"+1-262-938-6529x778"|"Advertising copywriter"|"Morse-Stone"|"1938-03-23"
"29a3e08f-bf38-4431-87d9-04855b964e7d"|"Katie"|"Reyes"|"F"|"572 Simpson Mill Apt. 030"|"(361)402-2158"|"Clinical research associate"|"White, Ware and Jones"|"1938-08-21"
"89e99270-7621-40f8-96e8-31d19bd3b2a2"|"Samantha"|"Gomez"|"F"|"14 Catherine Lock"|"+1-765-991-6744"|"Cabin crew"|"Maynard-Young"|"1912-11-24"
"0aa00ef4-dbeb-4310-b763-db6bc3de4f80"|"Annette"|"Zuniga"|"F"|"796 Gray Walks Apt. 075"|"879-691-3703x5532"|"IT sales professional"|"Chan-Martin"|"2015-11-03"
"693ec9ed-fe14-4231-b51e-37fc68124ab9"|"Michael"|"Williams"|"M"|"233 Aimee Circles"|"+1-244-613-9730x2215"|"Meteorologist"|"Murphy, Lewis and Pollard"|"1961-07-20"
"f6c638ac-e79a-4300-8585-b6d566947238"|"Shannon"|"Willis"|"F"|"542 Collins Skyway"|"252-960-7064"|"Legal executive"|"Long, Klein and Nielsen"|"1950-07-08"
"386934f6-5730-4efd-afc3-9d9d42306340"|"Rebecca"|"Welch"|"F"|"872 Simpson Mill Apt. 030"|"8515465475"|"Building surveyor"|"Calderon Group"|"1932-09-29"
"3e445cbc-f50a-4920-9b0c-b3172938e5f1"|"Denise"|"Jackson"|"F"|"374 Amanda Curve"|"(261)531-6303x868"|"Sports therapist"|"Petersen, Smith and Burke"|"1948-09-01"
"f0ca5cb3-3ad1-4e9b-bdab-ec36735ef65d"|"Jason"|"Parker"|"M"|"823 Arnold Cliffs"|"+1-817-807-2801"|"Seismic interpreter"|"Massey Ltd"|"1990-01-14"
"62da156a-ad01-4ccf-9cee-b2be86ec871f"|"Donna"|"Arnold"|"F"|"120 Bailey Trail"|"413-735-1516x43611"|"Local government officer"|"Harrell, Davis and Warren"|"2018-07-01"
"bc327bd0-4e67-4772-9830-b007e59b3cd2"|"Madeline"|"Mills"|"F"|"842 Jordan Vista Apt. 756"|"987.462.2673x2270"|"Clinical embryologist"|"Esparza-Espinoza"|"1968-01-01"
"c16282b5-0eeb-47ab-9e99-6174f2a5ed02"|"Laura"|"Rice"|"F"|"988 Ward Parkway Apt. 076"|"747-894-3687x71553"|"Metallurgist"|"Rodriguez, Stout and Stephenson"|"2018-01-01"
"ac93962f-15fa-4655-87e6-ceaba798ec09"|"Nancy"|"Curtis"|"F"|"320 Jacobs Ports Suite 715"|"788-986-1573"|"Lecturer, higher education"|"Allen-Burns"|"1942-11-09"
"d588fa86-f5f1-4acf-b32c-0f211d1a81b5"|"Suzanne"|"Brown"|"F"|"251 Welch Walk"|"(937)735-1822x842"|"Designer, exhibition/display"|"Garcia-Jones"|"1966-11-20"
"9018f094-6da5-4df0-a6ab-9a777eb8f126"|"Christopher"|"Freeman"|"M"|"152 Johnson Plains Suite 376"|"969-394-4890x075"|"Computer games developer"|"Jackson-Wilkins"|"2004-02-01"
"0e840317-24b5-4f5e-8602-41713cb20fe9"|"Diane"|"Rice"|"F"|"597 Rosario Loop"|"963.837.5688x82659"|"Artist"|"Baker, Webb and Wright"|"2023-04-11"
"37242f85-1d63-42ec-a488-3ccd2d3b78d9"|"Paul"|"Young"|"M"|"372 Rosario Loop"|"+1-558-440-5273x9128"|"Systems developer"|"Rhodes-Morgan"|"1908-10-28"