<?xml version="1.0" encoding="UTF-8" ?><automobiles><automobile><person_id>ad2cd996-4861-472c-8628-3920b4d9bd4a</person_id><license_plate>807 LWA</license_plate><vin>GCYFWWLX8ZVZG0FGX</vin><color>DarkGreen</color><year>1984</year></automobile><automobile><person_id>ad2cd996-4861-472c-8628-3920b4d9bd4a</person_id><license_plate>77NE884</license_plate><vin>L4ZL046Y9N804Z385</vin><color>SandyBrown</color><year>1983</year></automobile><automobile><person_id>f55a8b7a-e53a-41a0-82a7-f302398adaec</person_id><license_plate>1V 0967G</license_plate><vin>FF2REF042TNJ0B6VC</vin><color>Red</color><year>1972</year></automobile><automobile><person_id>f55a8b7a-e53a-41a0-82a7-f302398adaec</person_id><license_plate>68G QW5</license_plate><vin>FRWULZ2822YSPVDZW</vin><color>BlueViolet</color><year>2003</year></automobile><automobile><person_id>f55a8b7a-e53a-41a0-82a7-f302398adaec</person_id><license_plate>3CS 398</license_plate><vin>VH6YB2FU3SHMAWVPZ</vin><color>Maroon</color><year>1983</year></automobile><automobile><person_id>7682cfb0-18da-470a-b6ee-1f8f4e01d05f</person_id><license_plate>2YU 318</license_plate><vin>9922E4KP3MHH16A1G</vin><color>ForestGreen</color><year>2018</year></automobile><automobile><person_id>7682cfb0-18da-470a-b6ee-1f8f4e01d05f</person_id><license_plate>219 0VP</license_plate><vin>RMDCZPFA4PJX2DR2N</vin><color>DarkSlateBlue</color><year>2019</year></automobile><automobile><person_id>0ecc12ae-2d5c-4c83-b620-2488b7070458</person_id><license_plate>90Q C27</license_plate><vin>ZEUBG3LCXRWR3RUWA</vin><color>Teal</color><year>2017</year></automobile><automobile><person_id>0ecc12ae-2d5c-4c83-b620-2488b7070458</person_id><license_plate>CFN 224</license_plate><vin>LH05J87R4SEAMR7VU</vin><color>RoyalBlue</color><year>1979</year></automobile><automobile><person_id>f52f7c52-007d-48dc-a2b5-307f0bcca37a</person_id><license_plate>PJZ 638</license_plate><vin>PLCJGCD33R1TD2MRK</vin><color>AliceBlue</color><year>2018</year></automobile><automobile><person_id>7796bcee-58ad-4948-b022-e43494e92508</person_id><license_plate>9-47554X</license_plate><vin>033NRSNF4YCXC5UNH</vin><color>Violet</color><year>1981</year></automobile><automobile><person_id>3e826798-02c4-45fb-b343-84ea86f353ca</person_id><license_plate>8872</license_plate><vin>EUJ7JNM365YHJYEJ1</vin><color>PowderBlue</color><year>1980</year></automobile><automobile><person_id>bc04d845-c18e-4a26-bf02-de29aeefabc1</person_id><license_plate>314-DZS</license_plate><vin>J2TZXDJ67UAK52ESB</vin><color>MediumVioletRed</color><year>2019</year></automobile><automobile><person_id>3d311d19-7161-4ba1-9485-1f893434c3a4</person_id><license_plate>HBT 826</license_plate><vin>25PDK48Z54BA1ZGM6</vin><color>Red</color><year>2010</year></automobile><automobile><person_id>ddf88063-0da3-4d18-b4a2-f715983e43bc</person_id><license_plate>8PS 342</license_plate><vin>88H3ZBUG4UXMY0339</vin><color>DarkSalmon</color><year>2002</year></automobile><automobile><person_id>81fa684f-0970-49f6-9edc-60f8648686c4</person_id><license_plate>293 ZSU</license_plate><vin>P4T9T8DH68MLEB5E4</vin><color>PapayaWhip</color><year>1973</year></automobile><automobile><person_id>81fa684f-0970-49f6-9edc-60f8648686c4</person_id><license_plate>KBC 123</license_plate><vin>6NVECND896ENPJN4V</vin><color>MediumPurple</color><year>1977</year></automobile><automobile><person_id>7dd67332-f1d6-4eb1-a2c1-44917289b586</person_id><license_plate>309M5</license_plate><vin>0FEXFCPJX922E97CU</vin><color>Maroon</color><year>1988</year></automobile><automobile><person_id>7dd67332-f1d6-4eb1-a2c1-44917289b586</person_id><license_plate>195-VEX</license_plate><vin>VE7ANFBWXY6KV9WV0</vin><color>Orange</color><year>1980</year></automobile><automobile><person_id>819482f1-0f01-4ece-ae87-590da53dd15e</person_id><license_plate>646 VE5</license_plate><vin>P8H39XMT44UCTVG38</vin><color>Bisque</color><year>1978</year></automobile><automobile><person_id>ca3d8f2b-f35a-4c35-950a-d491bcc6d001</person_id><license_plate>542733</license_plate><vin>NRLA906237E5HB9UH</vin><color>Green</color><year>2004</year></automobile><automobile><person_id>7ae37ef1-6adb-4259-b835-6835aec9fbea</person_id><license_plate>1HU12</license_plate><vin>M9W1575G44LGT78CL</vin><color>GreenYellow</color><year>1987</year></automobile><automobile><person_id>7ae37ef1-6adb-4259-b835-6835aec9fbea</person_id><license_plate>19VR1</license_plate><vin>Y0Y30Y4T4UJGCCWRW</vin><color>OldLace</color><year>2009</year></automobile><automobile><person_id>1c5a2de8-8374-446d-ba01-8f1d736ab695</person_id><license_plate>GZ 2404</license_plate><vin>LZKDRKLS3ZV6S92ZW</vin><color>Sienna</color><year>2017</year></automobile><automobile><person_id>1c5a2de8-8374-446d-ba01-8f1d736ab695</person_id><license_plate>YDB 255</license_plate><vin>13WWKD811PZGYR82R</vin><color>PaleVioletRed</color><year>2022</year></automobile><automobile><person_id>c4219a4f-6c13-4fe1-ada7-7777d5bedef2</person_id><license_plate>29VR930</license_plate><vin>KUL5YNDD1EES4B8LU</vin><color>LawnGreen</color><year>2023</year></automobile><automobile><person_id>41e658e6-bdfc-4125-ab25-646cd9926d07</person_id><license_plate>WA7 0896</license_plate><vin>TUDSXEYM52JT6U6LG</vin><color>MediumSlateBlue</color><year>1982</year></automobile><automobile><person_id>41e658e6-bdfc-4125-ab25-646cd9926d07</person_id><license_plate>R24 0PY</license_plate><vin>YPS9HJHS3FXLMHXVD</vin><color>Ivory</color><year>2001</year></automobile><automobile><person_id>07585dfa-9433-4996-9d35-147830b07d0b</person_id><license_plate>953TE</license_plate><vin>GD7KZRFS13PTLPYAZ</vin><color>RosyBrown</color><year>2017</year></automobile><automobile><person_id>68c0fbf3-a42d-4ed0-8c0b-5a5a8519cf69</person_id><license_plate>98Z 4504</license_plate><vin>BA8H47743PV06W5N2</vin><color>DarkGoldenRod</color><year>1976</year></automobile><automobile><person_id>4de2cfba-a376-4b69-bd1f-a79f3aa293aa</person_id><license_plate>KJV9576</license_plate><vin>Z27893HM8H2X15AAS</vin><color>LightGreen</color><year>2001</year></automobile><automobile><person_id>d24ccdfd-b418-4f68-ba9f-a01f2d1d472c</person_id><license_plate>1CEZ305</license_plate><vin>CXVMWD1H9VKZXS3PN</vin><color>SpringGreen</color><year>2007</year></automobile><automobile><person_id>d24ccdfd-b418-4f68-ba9f-a01f2d1d472c</person_id><license_plate>556-YAO</license_plate><vin>6C82X5JF8TLEESRRH</vin><color>Ivory</color><year>1977</year></automobile><automobile><person_id>45cdf8de-38ae-44da-94fe-8445413ed493</person_id><license_plate>ATC 361</license_plate><vin>WWV5HLS87KGJDWGFR</vin><color>LightGoldenRodYellow</color><year>2002</year></automobile><automobile><person_id>45cdf8de-38ae-44da-94fe-8445413ed493</person_id><license_plate>5C 40360</license_plate><vin>C3598PZV371ZC7W7G</vin><color>LightSteelBlue</color><year>2012</year></automobile><automobile><person_id>0412beed-c107-49aa-991d-3900269798b1</person_id><license_plate>124 FQR</license_plate><vin>7EVPZTMR1WUXM4TEJ</vin><color>Thistle</color><year>2002</year></automobile><automobile><person_id>0412beed-c107-49aa-991d-3900269798b1</person_id><license_plate>806408</license_plate><vin>6GG9CEVT9XCRARP7X</vin><color>LavenderBlush</color><year>1983</year></automobile><automobile><person_id>96c4cbfa-418c-490e-a7a2-5027e4525016</person_id><license_plate>WIB-7019</license_plate><vin>33WBTV880HD5AZLL2</vin><color>LightSteelBlue</color><year>2017</year></automobile><automobile><person_id>d5409d01-d3cd-4ab7-8b37-2f1d437176eb</person_id><license_plate>BPH-0661</license_plate><vin>9R20W5KS4YMEZ4RKF</vin><color>Fuchsia</color><year>2013</year></automobile><automobile><person_id>9c0d1f50-5cf9-40b2-9bd0-685747bfb264</person_id><license_plate>LER 388</license_plate><vin>XWATWV1C81CK0HSD4</vin><color>SeaGreen</color><year>2003</year></automobile><automobile><person_id>9c0d1f50-5cf9-40b2-9bd0-685747bfb264</person_id><license_plate>J 701358</license_plate><vin>D9N7U6T474L54Z3DM</vin><color>Crimson</color><year>1981</year></automobile><automobile><person_id>9c0d1f50-5cf9-40b2-9bd0-685747bfb264</person_id><license_plate>695ACP</license_plate><vin>HH29ZNS0566KP2YSR</vin><color>DarkSlateBlue</color><year>1973</year></automobile><automobile><person_id>8681db92-6fb9-40bb-b19f-42d6329a52f9</person_id><license_plate>WGQ 878</license_plate><vin>F1P2684S9SZ4811WR</vin><color>CadetBlue</color><year>2011</year></automobile><automobile><person_id>8681db92-6fb9-40bb-b19f-42d6329a52f9</person_id><license_plate>013-YTV</license_plate><vin>DEWNL9F69PP4WNBA1</vin><color>FireBrick</color><year>1986</year></automobile><automobile><person_id>e84afe21-0fe9-453b-aafa-d0532275d9e2</person_id><license_plate>6ZK99</license_plate><vin>8ER5P0MY2HT948FZC</vin><color>MediumBlue</color><year>1976</year></automobile><automobile><person_id>e84afe21-0fe9-453b-aafa-d0532275d9e2</person_id><license_plate>KDZ 033</license_plate><vin>FB1JMDMV8VZBWL22Y</vin><color>MediumBlue</color><year>2008</year></automobile><automobile><person_id>e84afe21-0fe9-453b-aafa-d0532275d9e2</person_id><license_plate>448 0RM</license_plate><vin>62E6WA836KDABWMZE</vin><color>DarkRed</color><year>1986</year></automobile><automobile><person_id>a0644a3e-325c-467c-97d6-8fe80e1ef1e7</person_id><license_plate>THN 758</license_plate><vin>8E5H0FX35F8288C47</vin><color>Lime</color><year>2002</year></automobile><automobile><person_id>a0644a3e-325c-467c-97d6-8fe80e1ef1e7</person_id><license_plate>72-2084N</license_plate><vin>0VU1Y77C613RJJ9HU</vin><color>DeepPink</color><year>1981</year></automobile><automobile><person_id>d9a96cfd-60b5-4a11-992e-bf63bb836a93</person_id><license_plate>8602 HO</license_plate><vin>2BKHEMD1XW3ADXUDP</vin><color>Cornsilk</color><year>2022</year></automobile><automobile><person_id>d9a96cfd-60b5-4a11-992e-bf63bb836a93</person_id><license_plate>412-RJV</license_plate><vin>WTL20W3R8T3K108SZ</vin><color>AntiqueWhite</color><year>1982</year></automobile><automobile><person_id>aa5275ac-d8e3-4a0e-8643-afbaf7e10c8c</person_id><license_plate>0HV30</license_plate><vin>YX426B9D2FR5H3A8V</vin><color>SeaGreen</color><year>1983</year></automobile><automobile><person_id>01225e7d-5cbc-4197-9c6f-54520c220aea</person_id><license_plate>FOG-7121</license_plate><vin>HMCYJW275HUS1BUT9</vin><color>Olive</color><year>2015</year></automobile><automobile><person_id>01225e7d-5cbc-4197-9c6f-54520c220aea</person_id><license_plate>626 RU4</license_plate><vin>S3H2SFGR9TT5FB7KP</vin><color>Salmon</color><year>1998</year></automobile><automobile><person_id>01225e7d-5cbc-4197-9c6f-54520c220aea</person_id><license_plate>8814</license_plate><vin>82L8NCSE3X8USCNMN</vin><color>Ivory</color><year>1991</year></automobile><automobile><person_id>cda6356e-5a38-4012-bfae-c96c4b2d48dd</person_id><license_plate>L50 5IG</license_plate><vin>WNT91P1U89GUCBSP1</vin><color>Gray</color><year>1972</year></automobile><automobile><person_id>cda6356e-5a38-4012-bfae-c96c4b2d48dd</person_id><license_plate>WPZ 332</license_plate><vin>1FENMJJ00LFLJHGGJ</vin><color>LightSalmon</color><year>2003</year></automobile><automobile><person_id>cda6356e-5a38-4012-bfae-c96c4b2d48dd</person_id><license_plate>4RP8248</license_plate><vin>K3W68AKR2YRH9R18K</vin><color>LightSlateGray</color><year>2007</year></automobile><automobile><person_id>f861a7ca-4dc6-4b9f-b13f-40ee692aa211</person_id><license_plate>899J6</license_plate><vin>HPYJP4AP66L1W0J19</vin><color>OliveDrab</color><year>1992</year></automobile><automobile><person_id>f861a7ca-4dc6-4b9f-b13f-40ee692aa211</person_id><license_plate>784 EIG</license_plate><vin>38P24DW88A0AE7848</vin><color>LightYellow</color><year>2011</year></automobile><automobile><person_id>1f4ffffd-f15b-404f-9f9a-868166a55a71</person_id><license_plate>9-3384W</license_plate><vin>SLKPX45N03JUTC7UE</vin><color>ForestGreen</color><year>1974</year></automobile><automobile><person_id>80e6f2c8-729f-4540-b037-2e45b933513d</person_id><license_plate>135 GVM</license_plate><vin>G2N2GX1F1Z9U6UUTJ</vin><color>AliceBlue</color><year>2023</year></automobile><automobile><person_id>80e6f2c8-729f-4540-b037-2e45b933513d</person_id><license_plate>HJV 502</license_plate><vin>G8NY6M8L38MNK6KTX</vin><color>LightGoldenRodYellow</color><year>2002</year></automobile><automobile><person_id>ff09ddc2-935c-4456-9391-55642c36fe92</person_id><license_plate>1450 ZK</license_plate><vin>2771MET58JDF8XSSP</vin><color>LightGreen</color><year>1975</year></automobile><automobile><person_id>ff09ddc2-935c-4456-9391-55642c36fe92</person_id><license_plate>470-GHF</license_plate><vin>NHJ3EP586U47HUS39</vin><color>Cyan</color><year>1992</year></automobile><automobile><person_id>ff09ddc2-935c-4456-9391-55642c36fe92</person_id><license_plate>149-154</license_plate><vin>K8JSSB4Y85DNG6X15</vin><color>LemonChiffon</color><year>1999</year></automobile><automobile><person_id>a079ce89-5a17-484f-b438-876ad63895e4</person_id><license_plate>R64 2TP</license_plate><vin>4VR5X4A00BC861F99</vin><color>Violet</color><year>2022</year></automobile><automobile><person_id>f5ca7af3-6ff5-48c5-964d-da7b54266444</person_id><license_plate>139952</license_plate><vin>7M2HS0WZ70EH7JNJA</vin><color>SkyBlue</color><year>2002</year></automobile><automobile><person_id>f5ca7af3-6ff5-48c5-964d-da7b54266444</person_id><license_plate>NV5 9300</license_plate><vin>FEPSXG391NPVB7TZ8</vin><color>Orange</color><year>1986</year></automobile><automobile><person_id>f5ca7af3-6ff5-48c5-964d-da7b54266444</person_id><license_plate>994810</license_plate><vin>JLZPGPTN6T3DRPUVJ</vin><color>CornflowerBlue</color><year>1989</year></automobile><automobile><person_id>d04c5635-9014-4e0d-b401-4691c6ca5d41</person_id><license_plate>CTJ 454</license_plate><vin>1FUVUNEV5KAF90EEE</vin><color>CadetBlue</color><year>2003</year></automobile><automobile><person_id>f73e2203-28e0-46b3-b45b-c03868ae1bae</person_id><license_plate>E19 2OB</license_plate><vin>2DXKPJKE5R0EX3YWU</vin><color>Thistle</color><year>2018</year></automobile><automobile><person_id>23225100-884f-4097-95e6-cf489402298c</person_id><license_plate>ALD-085</license_plate><vin>TWTXS5970MBEG1XW4</vin><color>Salmon</color><year>1988</year></automobile><automobile><person_id>1e1392b2-b3a3-4f83-bb19-7edf978f1146</person_id><license_plate>ASZ9799</license_plate><vin>YVCAY3Z98HFY99EN5</vin><color>PaleGreen</color><year>1989</year></automobile><automobile><person_id>ff550120-682b-460f-9b9a-bb25ccb8b5af</person_id><license_plate>3VG 861</license_plate><vin>9TZRWZR39F4SE6KKC</vin><color>Peru</color><year>1987</year></automobile><automobile><person_id>af2c0de5-3dae-473c-995a-e60df5d80378</person_id><license_plate>84Q A97</license_plate><vin>9VBRVUVA966N7GNBB</vin><color>SkyBlue</color><year>2013</year></automobile><automobile><person_id>05f9cf41-bcaf-4ca0-a6c7-f170ce0fc197</person_id><license_plate>KHG 171</license_plate><vin>AZ28ES0K1DZV7WBB5</vin><color>Pink</color><year>1974</year></automobile><automobile><person_id>041e03c2-8801-41a0-9325-d2e49e01af2b</person_id><license_plate>710 IZV</license_plate><vin>11Z1DFP39PDB7MKR7</vin><color>OrangeRed</color><year>1991</year></automobile><automobile><person_id>041e03c2-8801-41a0-9325-d2e49e01af2b</person_id><license_plate>8271</license_plate><vin>64UW73UY5MTD7AJ60</vin><color>MediumSpringGreen</color><year>1983</year></automobile><automobile><person_id>2a10a3fc-48f9-44fe-bf4f-189378bb0cdc</person_id><license_plate>6-55569C</license_plate><vin>C6RY6GWC7USZMVWCP</vin><color>PaleGreen</color><year>1994</year></automobile><automobile><person_id>2a10a3fc-48f9-44fe-bf4f-189378bb0cdc</person_id><license_plate>831 FNT</license_plate><vin>FN68XJCR7AB5UNKX6</vin><color>Cornsilk</color><year>1994</year></automobile><automobile><person_id>17981bb0-10e6-4cf2-b706-3642bd6f3309</person_id><license_plate>6E FN071</license_plate><vin>ZUGNLWYP03GBVGNJY</vin><color>DimGray</color><year>2017</year></automobile><automobile><person_id>1209bba5-e4fd-4d19-b1f4-19ab0cdb7c67</person_id><license_plate>ZGN 639</license_plate><vin>1FVB72J906WMPSMZV</vin><color>GoldenRod</color><year>2005</year></automobile><automobile><person_id>1209bba5-e4fd-4d19-b1f4-19ab0cdb7c67</person_id><license_plate>912 5OR</license_plate><vin>2W7FS89254L4SCV3J</vin><color>DarkBlue</color><year>1983</year></automobile><automobile><person_id>1209bba5-e4fd-4d19-b1f4-19ab0cdb7c67</person_id><license_plate>074WP</license_plate><vin>FNCX0Y3E9USEZ20TR</vin><color>MediumSpringGreen</color><year>1971</year></automobile><automobile><person_id>4f619968-6d5b-4816-b838-979bf71d720e</person_id><license_plate>409HVN</license_plate><vin>WMZ2TPH50M6KVLNNW</vin><color>DarkTurquoise</color><year>1985</year></automobile><automobile><person_id>c12beb91-4f18-40f7-87c4-7a2d0d377ed2</person_id><license_plate>WNY-8524</license_plate><vin>GR44B68W4DVRVKBVN</vin><color>Chocolate</color><year>2020</year></automobile><automobile><person_id>c12beb91-4f18-40f7-87c4-7a2d0d377ed2</person_id><license_plate>53B 877</license_plate><vin>BTZYNZ1J11VR3SRG5</vin><color>FireBrick</color><year>1990</year></automobile><automobile><person_id>cc879d44-9fe2-43ed-bf2d-b2557cd128af</person_id><license_plate>646-EGZ</license_plate><vin>TC2RAUT18ZKZDGG0W</vin><color>OliveDrab</color><year>2023</year></automobile><automobile><person_id>cc879d44-9fe2-43ed-bf2d-b2557cd128af</person_id><license_plate>2-6447C</license_plate><vin>5A6V54YD1759TMB2H</vin><color>Bisque</color><year>1998</year></automobile><automobile><person_id>feb98b49-0626-4ef0-8318-0c7f23ad0f0d</person_id><license_plate>754 1GK</license_plate><vin>4XC60V8W0FJDHAXJ1</vin><color>SaddleBrown</color><year>1973</year></automobile><automobile><person_id>feb98b49-0626-4ef0-8318-0c7f23ad0f0d</person_id><license_plate>3L NP395</license_plate><vin>3SGPVR204RWH9NVXC</vin><color>DarkOliveGreen</color><year>2014</year></automobile><automobile><person_id>6d28f9b4-6cdb-4b2d-9aed-581f255690d3</person_id><license_plate>U 036999</license_plate><vin>KZMK2T8C6BZ92CFXF</vin><color>SkyBlue</color><year>1989</year></automobile><automobile><person_id>08db1c0b-63ac-4377-a1a3-272403ea2b34</person_id><license_plate>BJJ5114</license_plate><vin>BNY3PDCJ99L8CJ7VM</vin><color>PapayaWhip</color><year>1973</year></automobile><automobile><person_id>6077c0e9-987b-46d4-b75f-340eb8783057</person_id><license_plate>UOI 057</license_plate><vin>3607KHFV8YCSAKPC1</vin><color>BlueViolet</color><year>2003</year></automobile><automobile><person_id>aec8c9d0-1731-4b6f-b8d2-a156caf0ba0d</person_id><license_plate>LPO 519</license_plate><vin>NRLS9SSX5YB1MM7XE</vin><color>MidnightBlue</color><year>2015</year></automobile><automobile><person_id>aec8c9d0-1731-4b6f-b8d2-a156caf0ba0d</person_id><license_plate>ZHD-238</license_plate><vin>5106P51B1M8K2W0N9</vin><color>Magenta</color><year>1982</year></automobile><automobile><person_id>913673da-a336-4015-8f65-b44db2fcae7b</person_id><license_plate>N82 2CH</license_plate><vin>99MT20M17CMN7A852</vin><color>DarkOrange</color><year>2020</year></automobile><automobile><person_id>c0d235a3-41aa-4c2b-9e12-d767c20df7d7</person_id><license_plate>2519 CP</license_plate><vin>L9E1FSB2XE3ZGS936</vin><color>DarkOliveGreen</color><year>1977</year></automobile><automobile><person_id>8eba1891-2811-4c4b-ad8c-cbfe48165f1f</person_id><license_plate>9O 8Y8USG</license_plate><vin>A26Z93Z36T72S3LZV</vin><color>YellowGreen</color><year>2014</year></automobile><automobile><person_id>7f3fd729-e420-48d9-9b19-ac07887a0a1f</person_id><license_plate>454-YRF</license_plate><vin>D4JUTWDS64GRK3PHJ</vin><color>Black</color><year>2021</year></automobile><automobile><person_id>36b92bc5-627c-4368-84ac-dc373a6655a8</person_id><license_plate>46P G72</license_plate><vin>2URXX5531HJL9TD6N</vin><color>Olive</color><year>1977</year></automobile><automobile><person_id>36b92bc5-627c-4368-84ac-dc373a6655a8</person_id><license_plate>BGA 760</license_plate><vin>0C5E8TUS43L4RP361</vin><color>DarkSalmon</color><year>1987</year></automobile><automobile><person_id>36b92bc5-627c-4368-84ac-dc373a6655a8</person_id><license_plate>XKT 493</license_plate><vin>T39SGD768UZD70N1J</vin><color>Fuchsia</color><year>2013</year></automobile><automobile><person_id>1bacbc96-70a7-49b1-a522-4ca447cdb81a</person_id><license_plate>HGL 961</license_plate><vin>Y757LG4A5RLE913GL</vin><color>Aqua</color><year>1982</year></automobile><automobile><person_id>de513546-4b4c-4585-b342-7b83bc0c379a</person_id><license_plate>6M FI380</license_plate><vin>Y1SMD57Z93X7YXHW6</vin><color>RoyalBlue</color><year>2009</year></automobile><automobile><person_id>de513546-4b4c-4585-b342-7b83bc0c379a</person_id><license_plate>XPD-144</license_plate><vin>KT22L9VD2AJMW1FLE</vin><color>Peru</color><year>2009</year></automobile><automobile><person_id>2998af9d-1d40-4517-b01e-96357e8465b1</person_id><license_plate>3SB 301</license_plate><vin>BA6B3DKN2R458X5JU</vin><color>Silver</color><year>2011</year></automobile><automobile><person_id>2998af9d-1d40-4517-b01e-96357e8465b1</person_id><license_plate>0YC 299</license_plate><vin>MH0U1TME0TV3KSJ4X</vin><color>DodgerBlue</color><year>2001</year></automobile><automobile><person_id>b2722d6e-c547-4bea-bc85-17556d1c3796</person_id><license_plate>LBU-5658</license_plate><vin>4AMWBN2K5A9KCTC31</vin><color>DarkSalmon</color><year>1996</year></automobile><automobile><person_id>ff2c3b57-85c0-48de-9a31-f4274afbe2fd</person_id><license_plate>94-32102</license_plate><vin>BEURU7P3223XSS883</vin><color>LightSkyBlue</color><year>2018</year></automobile><automobile><person_id>dd05da94-d61a-42a8-8b18-3bc3975e5607</person_id><license_plate>17E LN4</license_plate><vin>ATNJ2R0G5KYN864BS</vin><color>LightSteelBlue</color><year>2016</year></automobile><automobile><person_id>dd05da94-d61a-42a8-8b18-3bc3975e5607</person_id><license_plate>67I TD5</license_plate><vin>ZJRE34RV8FJYAE1GA</vin><color>MidnightBlue</color><year>1996</year></automobile><automobile><person_id>dd05da94-d61a-42a8-8b18-3bc3975e5607</person_id><license_plate>545 BHN</license_plate><vin>47VS1M6K5BWPZ6UXZ</vin><color>DarkSalmon</color><year>2004</year></automobile><automobile><person_id>dd6e0f29-c305-4a67-b0d5-1ca4c4e975f7</person_id><license_plate>GPR 373</license_plate><vin>K6RDEPGM5GKED4KJY</vin><color>PapayaWhip</color><year>1975</year></automobile><automobile><person_id>fcf37938-72d0-4daf-b943-6146c058e5d9</person_id><license_plate>2590 FH</license_plate><vin>RF17J6YG3DD40W9YY</vin><color>MediumPurple</color><year>1973</year></automobile><automobile><person_id>75ef04c3-3ca5-48b6-ba3a-dd1009d74b04</person_id><license_plate>4X 8U0SJZ</license_plate><vin>LD0B5VC04JE3E4ZRK</vin><color>MediumSeaGreen</color><year>2023</year></automobile><automobile><person_id>c7bea8d2-f28d-4996-93c6-fe9214239d5f</person_id><license_plate>119-LER</license_plate><vin>L6E9797K254LB01FP</vin><color>Snow</color><year>2016</year></automobile><automobile><person_id>c7bea8d2-f28d-4996-93c6-fe9214239d5f</person_id><license_plate>QDC-4120</license_plate><vin>US202R6J51MCGEUJL</vin><color>CadetBlue</color><year>2002</year></automobile><automobile><person_id>60023116-7368-4227-b453-12785dc785e0</person_id><license_plate>2HVD250</license_plate><vin>4U9EYXV71KS04A0UC</vin><color>Khaki</color><year>1992</year></automobile><automobile><person_id>60023116-7368-4227-b453-12785dc785e0</person_id><license_plate>Q71 3BJ</license_plate><vin>VJSJ3LWS63FVJF687</vin><color>PaleTurquoise</color><year>1998</year></automobile><automobile><person_id>07cb017b-b467-4ab3-8761-0bcf5775aa6d</person_id><license_plate>AHL 9064</license_plate><vin>5FR5YEB293G8TTLFB</vin><color>Yellow</color><year>2007</year></automobile><automobile><person_id>07cb017b-b467-4ab3-8761-0bcf5775aa6d</person_id><license_plate>BVX 147</license_plate><vin>PFB6YGBX3SCU28JU8</vin><color>PaleGreen</color><year>1990</year></automobile><automobile><person_id>3e9415fb-8ed5-4362-bf30-2e9689616156</person_id><license_plate>FX 66251</license_plate><vin>HLH4GTVY25SA33CMB</vin><color>Black</color><year>2011</year></automobile><automobile><person_id>3e9415fb-8ed5-4362-bf30-2e9689616156</person_id><license_plate>0943</license_plate><vin>ZKC4247W29ZZEJRJ0</vin><color>BlueViolet</color><year>2001</year></automobile></automobiles>