"id"|"first_name"|"last_name"|"sex"|"address"|"phone_number"|"profession"|"company"|"date_of_birth"
"7f61fd97-bee3-4fab-9fdf-58207dbf5593"|"John"|"Herrera"|"M"|"24 Thomas Wall Suite 035"|"+1-882-202-3610x009"|"Aeronautical engineer"|"Castro Ltd"|"1915-02-10"
"186b7d6f-c841-4ccd-bd2f-1dbcc9488cbc"|"Anne"|"Crawford"|"F"|"301 Hart Estates Suite 718"|"(620)329-0113"|"Engineer, energy"|"Adams-Cruz"|"1989-11-18"
"98111d72-d368-4c84-882b-c2994623e5f9"|"Kelly"|"Berry"|"F"|"160 Christine Gateway"|"896.433.2953"|"Geochemist"|"Barry, Wilson and Ross"|"1972-04-19"
"e0396aa2-8595-46a3-9d5f-7991681355fa"|"Alexander"|"Robinson"|"M"|"0 David Passage Suite 979"|"200-958-7606x1022"|"Programmer, systems"|"Edwards-Trevino"|"1936-07-02"
"dafd366b-7a31-4f19-844c-5fca7588471f"|"Mallory"|"Fisher"|"F"|"868 Dakota Extensions"|"864-847-3887"|"Engineer, materials"|"Martin Ltd"|"1981-05-15"
"ddd3c694-b8b4-451a-9ad6-23d4d2575eb3"|"Lucas"|"Rivera"|"M"|"56 Jackson Harbors Suite 257"|"332.591.8295x2109"|"Furniture designer"|"Hill Group"|"1935-05-03"
"3f696702-ebb0-42e2-9986-98a899ce51b3"|"Rebecca"|"Allen"|"F"|"895 John Fall Apt. 476"|"307-703-2495x33631"|"Engineer, manufacturing"|"Flores PLC"|"1925-12-17"
"2c129067-59fd-4a3d-a0dc-9e8f8db3dd01"|"Darren"|"Marquez"|"M"|"957 May Rest Suite 582"|"001-904-429-3706x67689"|"Surveyor, building control"|"Craig, Montgomery and Figueroa"|"1912-11-19"
"fb0ee0a0-2ecd-4e31-9f44-aea803588c44"|"Susan"|"Sanders"|"F"|"608 Smith Ranch Suite 211"|"(788)236-6927x4062"|"Information officer"|"Johnston-Walter"|"1994-10-07"
"eb319fcb-feb6-478c-8258-8beba35feeea"|"Nicole"|"Ramirez"|"F"|"351 Dakota Extensions"|"001-629-248-6444"|"Designer, industrial/product"|"Frazier PLC"|"1932-07-29"
"45173cdb-0b56-41b3-8052-96597bd5621a"|"Christopher"|"Wilson"|"M"|"383 Dakota Extensions"|"001-559-378-0450x057"|"Scientist, research (maths)"|"Craig PLC"|"2024-04-22"
"60b1e98a-2ac6-4216-ab28-51242caca895"|"Michelle"|"Holmes"|"F"|"808 Charles Mall Apt. 745"|"(328)792-5245"|"Radio producer"|"Gilbert, Bell and Taylor"|"2022-02-10"
"efdb21ab-c1b0-4913-afeb-0ba00115d12d"|"Christina"|"Benson"|"F"|"137 Newton Wall"|"298.842.6223x8915"|"Nurse, learning disability"|"Archer, Garcia and Sharp"|"1953-10-24"
"97ee0fb8-8122-4e87-8b90-339e7486a772"|"Ethan"|"Ryan"|"M"|"340 Davis Landing"|"285-336-2411x0949"|"Environmental manager"|"Blair-Williamson"|"1956-10-10"
"34188f84-365a-47e7-acd7-157fc39df2ae"|"Rebecca"|"Perez"|"F"|"425 Newton Wall"|"001-340-912-6220x31870"|"Teaching laboratory technician"|"Long-Hamilton"|"1915-03-01"
"b926667a-111f-4923-900d-3b8fdaca1159"|"Melissa"|"Gonzalez"|"F"|"703 Hensley Park Suite 873"|"001-255-356-3855x3324"|"Building services engineer"|"Cole LLC"|"2009-11-21"
"11b2df16-891a-4be4-8842-44c7c77c5350"|"Crystal"|"Brown"|"F"|"796 Nelson Estate"|"9293215035"|"Osteopath"|"White Ltd"|"1968-03-27"
"a72ea056-0550-45b2-b2b3-e8d637b885be"|"Ralph"|"Barber"|"M"|"30 John Fall Apt. 476"|"449-453-9635"|"Nurse, adult"|"Anderson-Thomas"|"1992-11-19"
"1d2639e2-551d-435e-884f-a3601999f6d0"|"Lisa"|"Schwartz"|"F"|"156 Ortiz Brooks"|"763-964-3340x2343"|"Occupational therapist"|"Rodriguez-Ramirez"|"1916-08-08"
"be6d69d0-52d0-4023-be7c-c879c8ba9e83"|"Kathryn"|"Wallace"|"F"|"721 Bruce View Suite 976"|"857-670-7403"|"Animal technologist"|"Garza and Sons"|"1914-07-31"
"c6e4e7dc-4c40-4c3f-be15-1cb23e88088b"|"Traci"|"Fox"|"F"|"878 Quinn Divide"|"2125525803"|"Therapist, occupational"|"Conway Inc"|"1984-02-17"
"187f0a51-a5f2-4dec-a9ce-a2aaeaa717d7"|"Parker"|"Strickland"|"M"|"194 Lewis Trace"|"692.592.4327x4911"|"Nurse, learning disability"|"Kelley PLC"|"1929-07-18"
"76a1c99e-ad33-4d73-bec1-a1e4b833d156"|"Valerie"|"Smith"|"F"|"299 Andrew Street Apt. 107"|"970.319.5760x081"|"Chiropractor"|"Chase, Mccall and Pope"|"1915-12-29"
"15227e9e-2275-4729-9906-be04c2fe467d"|"Michelle"|"Craig"|"F"|"471 Amanda Curve"|"352.374.0778"|"Surveyor, insurance"|"Brown-Johnson"|"1933-12-28"
"cfc6ffc9-e0a4-4e16-9348-de1a82f5bc10"|"Rita"|"Riley"|"F"|"594 Jones Courts Apt. 083"|"7394899967"|"Geoscientist"|"Williams, Jackson and Blake"|"1957-02-13"
"888ad8d8-252e-4fdf-902e-0b2d103d4c48"|"Jesse"|"James"|"M"|"108 Monica Burgs Suite 695"|"+1-274-499-9312x344"|"Editor, magazine features"|"Jimenez, Fuller and Luna"|"2019-09-08"
"d63ed999-47c0-483e-9ba0-12c9fffac8c9"|"Joanna"|"White"|"F"|"677 Heather Garden Suite 383"|"6757266034"|"Buyer, industrial"|"Payne, Jones and Lee"|"2008-12-14"
"b57fc3ef-777f-40f5-b130-cc1d7048397c"|"Brittany"|"Bailey"|"F"|"947 Andrew Street Apt. 107"|"001-986-543-5277x407"|"Risk analyst"|"Webb, Huynh and Reyes"|"1988-07-18"
"5988da80-a63b-4917-aefb-4016fad19935"|"Kelsey"|"Mcdaniel"|"F"|"780 Davenport Fords"|"+1-962-483-3510"|"Health physicist"|"Davis-Collins"|"1963-08-19"
"8e9b4099-3180-4203-9275-8a757d010c54"|"Robert"|"Rhodes"|"M"|"974 Day Inlet"|"592.330.2301"|"Artist"|"Anthony PLC"|"2018-12-24"
"80d230b9-f84d-40a4-af1d-3e3065d9e676"|"Alexander"|"Martinez"|"M"|"293 Johnson Plains Suite 376"|"869-713-4005x71542"|"Development worker, international aid"|"Young-Taylor"|"1934-04-16"
"a965f9e1-52e5-44aa-886a-06786dc6b114"|"Peter"|"Wilson"|"M"|"217 Martinez Grove Apt. 125"|"+1-481-813-9721x950"|"Engineer, petroleum"|"Brown, Ward and Bailey"|"1983-08-29"
"120de2ba-3f0b-4e9a-b5f3-c3a51a56add2"|"Amy"|"Suarez"|"F"|"872 Welch Walk"|"001-915-841-3383x7024"|"IT technical support officer"|"Schultz, Jackson and Nichols"|"1993-05-17"
"a306973c-be1f-4e30-85d8-74d0d7f2d349"|"Susan"|"Christian"|"F"|"476 David Course Apt. 455"|"377-312-5730x129"|"Engineer, automotive"|"Spencer, Mitchell and Mitchell"|"1967-12-02"
"33774e4e-9518-4ddd-96c1-3884bd31a3b7"|"Paul"|"Foster"|"M"|"396 Scott Valleys Suite 598"|"(205)797-2484x3466"|"Audiological scientist"|"Bennett, Clark and Haley"|"2008-01-03"
"775b4798-d43e-4f81-b9be-012183cb404e"|"Dale"|"Williams"|"M"|"827 Hernandez Parkways Suite 200"|"001-502-246-6416x6217"|"Recycling officer"|"Brown-Baker"|"1918-01-11"
"ca48dcc9-2beb-450a-a014-d7476466be52"|"Brenda"|"Gates"|"F"|"720 Simpson Mill Apt. 030"|"9035465194"|"Pilot, airline"|"Nelson, Taylor and Mcdaniel"|"2002-06-10"
"08047d9d-5acb-43f7-9b92-85fd67fa76c1"|"Kayla"|"Smith"|"F"|"105 Michael Circles Suite 720"|"001-474-322-6735x501"|"Insurance broker"|"Rose, Ritter and Smith"|"1918-03-04"
"f5c83c25-f1b5-43c5-a282-277c187a3a51"|"Anthony"|"Foster"|"M"|"384 Brown Canyon Apt. 503"|"(717)618-9375"|"Minerals surveyor"|"Peters and Sons"|"2022-07-01"
"96f1666b-3d58-4c76-92d3-badfe83561a2"|"Scott"|"Gonzalez"|"M"|"408 David Passage Suite 979"|"+1-858-881-7053x28187"|"IT consultant"|"Chen PLC"|"1931-08-08"
"cf32c537-793f-4214-abf0-dd623f3a50d0"|"King"|"Herrera"|"F"|"313 Martinez Grove Apt. 125"|"869.604.5836x34272"|"Pilot, airline"|"Ballard-Hartman"|"2005-05-30"
"b3f1ceaa-5e87-468b-bc6f-18f2ae14f10e"|"Denise"|"Shields"|"F"|"64 Banks Curve Apt. 123"|"971-495-5268"|"Production manager"|"Ramos, Lopez and Nguyen"|"1965-02-05"
"fa9f7183-b46a-4355-9c49-273c75581276"|"Brian"|"Solomon"|"M"|"963 Anderson Parkways"|"950.973.3354x8419"|"Scientist, research (life sciences)"|"Taylor-Lopez"|"1962-06-27"
"4d8d4ac7-9fc2-4db9-aa90-068ab1c7b136"|"Gabrielle"|"Floyd"|"F"|"216 Andrew Street Apt. 107"|"(356)757-6075x9430"|"Surveyor, mining"|"Newman-George"|"2014-03-18"
"fc4f8a3b-9595-44d3-b0b7-614f42c3829a"|"Victoria"|"Barber"|"F"|"190 Johnson Lake"|"001-756-581-8471x128"|"Hotel manager"|"Warren Group"|"2018-10-18"
"6167d45e-7897-492d-8bf8-f20c17e93faf"|"Charles"|"Gray"|"M"|"168 Quinn Divide"|"001-259-646-7738x1608"|"Horticulturist, amenity"|"Klein Group"|"1995-08-16"
"4c0e27a8-c694-4246-9cb3-9491f2ef6558"|"Emily"|"Bailey"|"F"|"103 Rachel Pine"|"(337)688-2160"|"Teacher, English as a foreign language"|"Cruz, Massey and Oliver"|"1964-05-03"
"adeaadb6-d3ee-47aa-b261-e655f4ddda9e"|"Juan"|"Perez"|"M"|"316 Weaver Haven"|"+1-961-721-7970x04550"|"Clinical cytogeneticist"|"Mejia, Mendoza and Holt"|"2013-06-13"
"9a0d70af-7cc9-4459-828e-ca335e9e2311"|"Joseph"|"Parker"|"M"|"635 Tyler Knoll Apt. 752"|"892-959-5116x8200"|"Statistician"|"Gutierrez, Arnold and Rodriguez"|"1924-03-30"
"12cf646f-4d5c-4d56-a3e2-53d3c75683d4"|"Casey"|"James"|"F"|"942 Oneal Underpass"|"8116919267"|"Tourist information centre manager"|"Copeland, Stevens and Harvey"|"1995-04-06"
"e09466d7-2d95-45e0-a7f4-e9142b8e05cd"|"Jacob"|"Barnes"|"M"|"520 Charles Extension Apt. 046"|"842-921-9740"|"Brewing technologist"|"Bailey, Warren and Torres"|"1945-05-20"
"1a4fa248-f07e-482a-8a15-cd1af5c62d63"|"Dennis"|"Zhang"|"M"|"463 Jennifer Track"|"(954)553-1313x19596"|"Private music teacher"|"Tran LLC"|"1962-03-20"
"4932d077-e5a9-4b48-8ce7-ad229c386e3a"|"Edward"|"Allen"|"M"|"850 Phillip Spring"|"+1-501-781-8319x85980"|"Colour technologist"|"Thomas and Sons"|"2020-07-31"
"d779e95d-1752-49f8-9da1-728b0f627518"|"Ashley"|"Fisher"|"F"|"871 Charles Mall Apt. 745"|"699-829-3189x02997"|"Actuary"|"Page, Smith and Harris"|"1930-09-26"
"b2aae78e-a75f-4aef-a860-1f0350adc805"|"Richard"|"Faulkner"|"M"|"350 Catherine Lock"|"001-330-527-8259x334"|"Therapeutic radiographer"|"Moss Group"|"2019-08-21"
"a5d57242-55c6-4ab0-a9b9-639cc31da258"|"Kimberly"|"Pena"|"F"|"900 Tiffany Gateway"|"001-863-345-7598x06598"|"Counselling psychologist"|"Bender, Carpenter and Watts"|"1918-07-27"
"cf20417d-efb4-4532-bdbe-d21527ccda38"|"Dale"|"Rice"|"M"|"686 Yates Harbor Suite 905"|"459-940-6225x5217"|"Technical brewer"|"Luna and Sons"|"2000-05-22"
"7cf00702-b3ff-4b64-8f52-6f0da1dfc030"|"Thompson"|"Fleming"|"F"|"49 Elizabeth Creek Apt. 423"|"838.833.0517x400"|"Radio producer"|"Velez, Estes and Johnson"|"1919-09-30"
"e8bafb4c-4446-4696-a1ae-0325cc029327"|"Darius"|"Walker"|"M"|"92 Jeffery Village"|"740-325-3460x1608"|"Psychologist, educational"|"Perez PLC"|"1951-03-10"
"08e395eb-b189-42d2-a942-f9beed54ebcb"|"Mitchell"|"Hanson"|"M"|"79 David Course Apt. 455"|"(422)326-0238"|"Public relations account executive"|"Flores and Sons"|"2008-02-04"
"80ad8f3a-7030-45e1-ade1-7da1ff266b8d"|"John"|"Garcia"|"M"|"325 Smith Avenue Apt. 759"|"001-880-359-5479"|"Banker"|"Hinton, Roberson and Clarke"|"1986-07-08"
"9f72e9ff-3890-4a8f-909a-7fa67ef77ed9"|"Miranda"|"Ryan"|"F"|"736 Nathan Views"|"290-732-5515"|"Health and safety adviser"|"Garner-Daugherty"|"1922-01-05"
"1fbed11d-52e0-4fc9-952c-67d9ce504129"|"Amy"|"Joseph"|"F"|"176 Marquez Lane"|"001-732-266-8437"|"Town planner"|"Clark LLC"|"1962-08-28"
"18585844-e965-4821-8c63-990d72e1d88a"|"Timothy"|"Velez"|"M"|"88 Amber Wells"|"+1-905-892-4590x76878"|"Bookseller"|"Baker, Weber and Dunn"|"1971-02-06"
"57b47179-cf4b-45f1-be80-661ab6aad605"|"Jennifer"|"Young"|"F"|"272 Nathan Views"|"783.908.9612x30321"|"Community education officer"|"Murray, Sanchez and Robbins"|"1954-08-19"
"ba1465e9-64ff-4fff-b24f-dce90f52a495"|"Mary"|"Good"|"F"|"774 Davenport Fords"|"(705)780-9481x76691"|"Armed forces training and education officer"|"Ortega Inc"|"1909-01-18"
"91069c38-a98c-4311-a7c6-c300360efac6"|"Eric"|"Fleming"|"M"|"273 Welch Walk"|"(424)567-1895x27025"|"Scientist, audiological"|"Wong-Pace"|"1927-02-08"
"ac8df79f-4292-4e43-8b28-bf0dddb69562"|"Lisa"|"Jones"|"F"|"625 Higgins Port Apt. 001"|"+1-556-841-7457x942"|"Print production planner"|"Small Ltd"|"1963-04-16"
"3391d823-e5c2-4548-b45d-5dc3a3760f5e"|"Julie"|"Ryan"|"F"|"115 Matthew Valleys Suite 832"|"+1-431-594-0209x86086"|"Solicitor"|"Thomas, Anderson and Davis"|"1976-10-01"
"e277f417-1489-4bd6-aab9-2fc1282028ed"|"Robert"|"Castaneda"|"M"|"675 William Avenue"|"001-804-541-8319x58804"|"Research officer, government"|"Gomez, Adams and Hoffman"|"1908-10-14"
"817c130d-876b-4734-be0f-0f55aa008587"|"Randy"|"Ramirez"|"M"|"778 Michael Manor"|"406.549.5562"|"Advice worker"|"White-Roberts"|"2006-12-29"
"4eb93050-ae1d-40d8-9e36-99d2a4e25685"|"Cody"|"Shelton"|"M"|"517 Angela Lights"|"(981)926-0268x10729"|"Sports therapist"|"Garcia, Wong and Johnson"|"1991-07-10"
"72a1b9ff-e63e-4448-a222-49d1692ed045"|"Billy"|"Lopez"|"M"|"431 William Avenue"|"001-440-309-6862x436"|"Geologist, wellsite"|"Jones LLC"|"1978-11-12"
"af0feaf1-126e-454e-bba2-7fc1967369f9"|"Jose"|"Martin"|"M"|"843 Moore Crossroad Apt. 549"|"001-961-822-7818x56451"|"Human resources officer"|"Allen-Mitchell"|"1939-06-27"
"49034f12-07f6-46e7-906d-968c07620875"|"Colin"|"Powers"|"M"|"113 Moore Crossroad Apt. 549"|"001-563-350-2442x842"|"Secretary/administrator"|"Compton Inc"|"1935-10-26"
"eaa39fbc-42a8-49de-9928-3b0ab824770c"|"Jason"|"Herrera"|"M"|"6 Jackson Harbors Suite 257"|"390-431-7894x222"|"Therapeutic radiographer"|"Mcgee and Sons"|"1928-07-29"
"8fcfb98c-d820-44e1-a252-54967ce7c05c"|"Wayne"|"Rojas"|"M"|"34 Catherine Cove"|"(288)884-7484"|"Advertising copywriter"|"Fuller-Martin"|"1922-03-05"
"3eae305f-88a2-46ee-8218-5bdfce595f38"|"Thomas"|"Davis"|"M"|"392 Arnold Cliffs"|"239-509-9313x681"|"Primary school teacher"|"Valdez-Webster"|"1985-10-15"
"cc121052-ad02-4c4a-ac98-5d997f8df9c1"|"Robert"|"Hughes"|"M"|"84 Alexis Run Suite 764"|"772.267.3150x5002"|"Multimedia programmer"|"Brown LLC"|"1949-09-23"
"eda79663-1ae5-4384-ac1c-6c328c469809"|"Courtney"|"Riddle"|"F"|"6 Thornton Land Suite 697"|"+1-586-732-2485x7875"|"Police Officer"|"TTPD"|"1913-07-04"
"7bfdeac6-2bb4-4f60-9ded-edbff763c9bb"|"Cynthia"|"Scott"|"F"|"444 William Avenue"|"+1-512-924-3273"|"Field seismologist"|"Welch-Fisher"|"1912-07-06"
"74bdb589-49fc-499c-aa27-6415dd16f926"|"Terri"|"Barnes"|"F"|"300 Shepard Bridge"|"665-824-3408"|"Historic buildings inspector/conservation officer"|"Hernandez-Perez"|"1952-02-26"
"a5b6ebb7-3170-44bb-ab88-a55635ce736e"|"William"|"Cunningham"|"M"|"340 Parks Trace Suite 497"|"001-558-456-7045x805"|"Hydrogeologist"|"Rodriguez Group"|"1946-05-09"
"df133253-4174-401d-8786-8577a21fa5ae"|"Mark"|"Barber"|"M"|"450 John Fall Apt. 476"|"943-248-4317x7524"|"Engineer, land"|"Hill PLC"|"1926-06-10"
"5354e864-8361-42d8-b284-faf65eed1e89"|"Lowe"|"Mitchell"|"M"|"622 Smith Avenue Apt. 759"|"(981)498-0343x8590"|"IT technical support officer"|"Rodriguez-Hoffman"|"1995-09-08"
"01d1df7e-789e-45a1-b839-95a8d5b8b478"|"Linda"|"Martin"|"F"|"662 Quinn Divide"|"(487)884-1537"|"Radio producer"|"Morton, Russell and Mendoza"|"1931-12-28"
"cb737c22-470e-4e6e-af0a-dc9ab3ce4ad6"|"Laura"|"Jones"|"F"|"833 Yates Harbor Suite 905"|"001-749-525-7829x78968"|"Designer, exhibition/display"|"Wilson Group"|"1967-01-24"
"e9951533-0e5c-45a4-bd5b-cc24200ec9c3"|"Anthony"|"Long"|"M"|"429 Robinson Highway"|"531-958-2856x78744"|"Actuary"|"Sanchez-Wolfe"|"1958-08-10"
"0a0bcb33-2569-4ce9-9e09-8ba8f6da6e6d"|"Natasha"|"Gardner"|"F"|"838 Ortiz Brooks"|"+1-647-512-7890x3334"|"Professor Emeritus"|"Fowler Inc"|"1926-06-17"
"9e16efa7-2945-4178-a9c3-879fb251cfff"|"Candice"|"Willis"|"F"|"887 Hood Loop Apt. 276"|"(809)672-0217"|"Counsellor"|"Stevenson-Estrada"|"2021-09-09"
"4a18eb29-0632-45e8-8296-317b2f82b5cc"|"Catherine"|"Lee"|"F"|"509 Montoya Walk Apt. 578"|"6557918326"|"Counsellor"|"Johnson-Skinner"|"1918-02-25"
"67b8de04-ef87-457a-b6f4-54d1176dccb9"|"Edward"|"Baker"|"M"|"441 Luna Loop"|"+1-346-648-2747x86758"|"Tax inspector"|"Long and Sons"|"1927-03-11"
"3c4cd740-6c3d-4a7f-a01a-7d8c7c63357b"|"Javier"|"Howard"|"M"|"913 Troy Centers"|"+1-348-637-2834"|"Passenger transport manager"|"Myers, Morris and Jensen"|"1947-09-01"
"c8963d25-cdd2-408e-9813-9174d0a72624"|"Emily"|"Moore"|"F"|"855 Catherine Cove"|"(403)911-9231"|"Civil engineer, contracting"|"Carr, Holland and Ramirez"|"1987-12-24"
"cbd820be-37f2-4f3e-8e91-b1bd757b524c"|"Adam"|"Matthews"|"M"|"888 Patricia Trafficway Apt. 188"|"5835552414"|"Actuary"|"Hill, Taylor and Fox"|"1995-09-12"
"a67b8006-5d3f-4912-9229-24b16f287d30"|"Emily"|"Nguyen"|"F"|"307 Charles Mall Apt. 745"|"815.622.8359"|"Clinical biochemist"|"Brown, Ellis and Ramos"|"1990-11-08"
"1975ba60-f642-4bca-b997-9b9d5dce73a0"|"James"|"Howard"|"M"|"582 Gabriel Hill Apt. 094"|"(452)810-2530"|"Warden/ranger"|"Zimmerman, Shields and Thomas"|"1948-12-18"
"f14bc9d8-1940-46b0-99d4-40b816ca3c87"|"Abigail"|"Alvarez"|"F"|"159 Matthew Keys"|"(483)211-2520x39337"|"Scientist, research (physical sciences)"|"Knight Group"|"1943-09-15"
"279c503c-b051-4130-9ef7-a50f2e87af7e"|"Debra"|"Phillips"|"F"|"408 Jennifer Track"|"738-581-5559x6266"|"Research scientist (medical)"|"Barnes, Mcgee and Simpson"|"1936-11-30"
"4f02b51d-f955-4e45-ab27-30c1c6bd53cd"|"Christina"|"Mejia"|"F"|"949 Shelton Run"|"(591)708-0300"|"Energy engineer"|"Townsend PLC"|"2019-12-21"
"6e0b92c4-ccaf-42f5-9d54-e7857a989229"|"Susan"|"Hooper"|"F"|"155 Diana Point"|"401-552-6090"|"Theatre manager"|"Guerrero, Colon and Hayden"|"2020-11-03"
"44a645b2-3227-4efd-9a31-c7d4bed88692"|"Patricia"|"Young"|"F"|"874 Jeffery Isle"|"(851)579-6774x2625"|"Chief of Staff"|"Brown, Smith and Schmidt"|"1931-05-21"
"ea7e7c6d-5eda-4dea-8be9-119d4cfbd463"|"Melissa"|"Stewart"|"F"|"56 Porter Overpass"|"(241)229-7448x547"|"Naval architect"|"Fisher Inc"|"1948-01-09"
"e96fc6f0-5d1c-4342-886f-24cac26bfb64"|"Kristopher"|"Haney"|"M"|"215 Chandler Tunnel Suite 681"|"327.885.6618"|"Outdoor activities/education manager"|"Moore, Bowen and Arnold"|"1909-09-30"
"ab036a18-12e1-4a08-8914-9e9ce3e65596"|"Caitlin"|"Smith"|"F"|"2 Johnson Plains Suite 376"|"+1-506-496-0056x714"|"English as a foreign language teacher"|"Young-Petersen"|"1980-04-11"
"8d6a873b-b490-4ddd-80c2-dddfedb00f6d"|"William"|"Johnson"|"M"|"507 Yvette Loop"|"203-422-0386"|"Data processing manager"|"Lin Ltd"|"1977-03-26"
"0fc4a295-8d6e-4fe6-837f-0b6ca9bbc993"|"Michelle"|"Orozco"|"F"|"551 Christopher Tunnel"|"001-756-754-8014x00493"|"Brewing technologist"|"Rivera LLC"|"2012-03-12"
"0c82049b-91e4-4f48-9856-4769e927d880"|"Susan"|"Pittman"|"F"|"193 Arnold Cliffs"|"(404)912-0192x40351"|"Journalist, magazine"|"Hart-Burgess"|"1941-01-21"
"90241407-dffc-439b-89c2-75536b8bfc81"|"Jennifer"|"Clark"|"F"|"340 Davis Landing"|"266.834.4263x7191"|"Biomedical scientist"|"Wolfe, Gonzalez and Jenkins"|"1981-12-08"
"6825b0fb-20a7-43ec-9a56-72a728ecd6e1"|"Crystal"|"Jackson"|"F"|"32 Luna Loop"|"001-456-450-5920x98055"|"Community pharmacist"|"Barber-Espinoza"|"1920-11-29"
"6045c358-d03b-4643-96a2-0e88d2cb1c07"|"Mallory"|"Sanders"|"F"|"205 Jackson Harbors Suite 257"|"+1-319-385-5328"|"Counselling psychologist"|"Simon, Lawson and Donaldson"|"2002-06-08"
"db3a5177-6b84-4b3f-aadf-26ba74503440"|"Stephen"|"Romero"|"M"|"256 Morales Gardens Suite 197"|"682.681.0399"|"Child psychotherapist"|"Mercer-King"|"2016-10-19"
"b5d1312f-f1bd-45da-b5e0-a37bd130bc6d"|"Daniel"|"Arnold"|"M"|"684 Alexandra Bridge Suite 474"|"(508)379-0288x995"|"Engineer, chemical"|"Sharp-Larsen"|"1916-07-20"
"b08fd601-437b-483c-8c3a-a52ef8a26216"|"Clarence"|"Williams"|"M"|"334 Arnold Cliffs"|"+1-771-930-4849x7881"|"Psychotherapist"|"Frederick-Anderson"|"2006-11-01"
"9f3a3870-c7bd-405c-bb17-8257561ddd8b"|"Sarah"|"Johnson"|"F"|"395 Michelle Isle Apt. 431"|"001-233-301-4572"|"Teaching laboratory technician"|"Francis, Smith and Case"|"1971-06-02"
"75d82630-b68d-48cb-bb6f-31f029590808"|"John"|"Suarez"|"M"|"120 Matthew Valleys Suite 832"|"921.510.5355"|"Buyer, retail"|"Suarez-Mercer"|"1949-12-26"
"dc91a9cb-c0ea-4950-8c37-51f6d006e794"|"Carla"|"Gonzalez"|"F"|"506 Barron Hollow"|"934.728.0637x015"|"Designer, furniture"|"Johnson, Fletcher and Taylor"|"1983-01-20"
"26495f2c-a38a-4987-86bb-bf7e9fdf99ad"|"Bobby"|"Patton"|"M"|"868 Wilson Locks Apt. 694"|"761-548-9367x63083"|"Dramatherapist"|"Page PLC"|"1992-11-20"
"ed64b122-476e-42a7-a96c-8ec093d8c31a"|"Jeanette"|"Mcdowell"|"F"|"408 Arnold Cliffs"|"001-200-687-0194"|"Exhibition designer"|"Adams, Aguirre and Rojas"|"1952-06-12"
"429f8d60-3994-4b35-be68-6263e28283c5"|"Ian"|"Harrison"|"M"|"457 Barron Hollow"|"284-276-4865x70848"|"Accountant, chartered public finance"|"Mills Inc"|"1981-04-17"
"b640d7b9-5306-4835-b854-455972439c4d"|"Ashley"|"Flynn"|"F"|"867 Padilla Estate Suite 556"|"281-528-1604x39314"|"Social researcher"|"Jackson-Lewis"|"1974-10-03"
"d2fe29bb-52ef-4bcb-a90d-f7ea7cf401de"|"Karen"|"Booth"|"F"|"752 Hernandez Parkways Suite 200"|"661.822.3220x9712"|"Clothing/textile technologist"|"Cantrell, Benson and Coleman"|"1934-07-11"
"8f60376f-0693-4caa-884c-3dfc7b71b983"|"Carlos"|"Faulkner"|"M"|"887 Hanson Port"|"212-537-6413"|"Graphic designer"|"Jensen, Allen and Palmer"|"1978-03-20"
"ffa6b52c-beff-4819-9016-351297d7d648"|"Jacqueline"|"Perez"|"F"|"316 Thomas Coves Suite 736"|"441.758.6478"|"Teacher, music"|"Wallace-Lewis"|"2002-05-09"
"27bebf9b-1645-4354-8a54-ef4182db42ca"|"Bryan"|"Garrison"|"M"|"405 Charles Extension Apt. 046"|"(715)692-6752"|"Therapist, occupational"|"Valentine, Maldonado and Bryant"|"2009-11-25"
"bfe42fc5-bb72-4b7c-9fd1-72e74748eeee"|"Cheryl"|"Espinoza"|"F"|"985 Patricia Row"|"8147639056"|"Outdoor activities/education manager"|"Mccall, Moore and Mcdonald"|"1985-05-11"
"20cd632d-2fb8-40da-a33d-e28a84d2dcf4"|"Tyler"|"Crawford"|"M"|"961 Angela Lights"|"505-505-1848"|"Advertising account planner"|"Whitaker, Martin and Li"|"1964-01-28"
"cf9c9685-b97d-4d2e-b19b-a86babd79746"|"Antonio"|"Barajas"|"M"|"825 Haney Prairie Suite 518"|"001-730-648-7563x13612"|"Child psychotherapist"|"Bowen-Collins"|"1924-02-25"
"3c99c018-63a2-4244-9f2c-31d2ff14f1fb"|"David"|"Smith"|"M"|"84 Ross Camp Apt. 134"|"001-373-620-2755x273"|"Best boy"|"Terry-Smith"|"1979-10-01"
"1816ccbf-c4ec-416d-8d5a-9a933c356150"|"Kyle"|"Boone"|"M"|"509 Christopher Tunnel"|"329-440-7093"|"Financial controller"|"Knight, Wong and Schneider"|"1985-08-25"
"cc124bfb-5b66-4a23-a594-621cf90d0c2d"|"Jose"|"Gonzalez"|"M"|"54 Haney Prairie Suite 518"|"636.332.5936x573"|"Primary school teacher"|"Thomas-Bernard"|"1998-10-19"
"938029b7-6afa-4df8-bdac-fabba4bccfc8"|"James"|"Gomez"|"M"|"960 Heather Garden Suite 383"|"(569)958-5070x3456"|"Accountant, chartered"|"Woodward-White"|"1936-11-08"
"d0c4f165-0531-487a-a9c0-c8bf0f9c1843"|"Arroyo"|"Robbins"|"F"|"848 Parks Trace Suite 497"|"6198564755"|"Research scientist (life sciences)"|"Cohen Group"|"1952-07-08"
"e849cdc2-e1d5-47ae-9361-44cc5e873cdb"|"Matthew"|"Mendoza"|"M"|"23 Yates Harbor Suite 905"|"318-776-4641x554"|"Designer, exhibition/display"|"Kelley-Wilkinson"|"2014-02-07"
"5a31afae-ca4b-4882-8154-64fa015efdae"|"Jessica"|"Crane"|"F"|"171 Kari Alley Suite 131"|"597.600.0186"|"Soil scientist"|"Owen LLC"|"2018-09-28"
"c08e31c2-74b5-4840-a6e2-6eece46192bf"|"Walker"|"Weaver"|"F"|"903 Amanda Curve"|"461.478.7198x401"|"Camera operator"|"Armstrong, Jones and Herman"|"1943-10-06"
"07f3c2d1-27a1-468e-ac15-374ce01aa38b"|"Jennifer"|"Martin"|"F"|"90 Catherine Lock"|"001-862-918-6502x5340"|"IT consultant"|"Rogers-Jones"|"2013-01-23"