"id"|"first_name"|"last_name"|"sex"|"address"|"phone_number"|"profession"|"company"|"date_of_birth"
"8e923fd7-7c75-4429-af6b-3029c9aa99f7"|"Taylor"|"Mitchell"|"F"|"39 John Fall Apt. 476"|"(926)238-6544"|"Educational psychologist"|"Turner, Smith and Lam"|"1977-03-01"
"2edb2e6d-39de-41d9-b95c-c725d122e60a"|"Gina"|"Torres"|"F"|"39 Lynn Lake Suite 253"|"230-509-5700x4830"|"Lobbyist"|"Mason, Campbell and Warner"|"1959-12-03"
"f6ad5b23-25df-49b2-bd84-57c206f8c9d8"|"Kimberly"|"Reyes"|"F"|"313 Montoya Walk Apt. 578"|"(677)926-2810x97409"|"Health physicist"|"Gill Inc"|"1975-05-04"
"390d7a9c-c7c4-422f-9fea-dece62c2a36f"|"Kathy"|"Clark"|"F"|"987 Bruce View Suite 976"|"604.790.5116x24169"|"Sport and exercise psychologist"|"Franco-Barnes"|"1938-10-20"
"01105e4b-d34b-43bd-867e-8604064577dd"|"Monica"|"Morris"|"F"|"463 Bailey Trail"|"(682)488-8854"|"Scientist, clinical (histocompatibility and immunogenetics)"|"Sharp-Miller"|"1980-03-07"
"65b15a99-2f16-45a7-ad50-da57114c23f6"|"Gabriel"|"Shelton"|"M"|"483 Dakota Extensions"|"425-735-0778"|"Games developer"|"Phillips-Copeland"|"1960-07-31"
"5929d956-bf90-46aa-8a71-3294fc1bb567"|"Natalie"|"Marquez"|"F"|"390 Yates Harbor Suite 905"|"725-907-1074x9133"|"English as a second language teacher"|"Foster-Hopkins"|"1995-07-09"
"27d4eb7a-7db1-4c1c-b933-5d3e230fc320"|"John"|"Good"|"M"|"417 Barron Hollow"|"(223)821-3028x894"|"Scientist, audiological"|"Marquez, Ochoa and Nunez"|"1989-05-15"
"56451a87-f4f8-4a95-a390-1771b4914969"|"Sally"|"Matthews"|"F"|"974 Daniel Plaza"|"4449477195"|"Set designer"|"Mitchell LLC"|"1970-01-16"
"6f9a3906-3bf1-4d3b-85cb-bb5ad7bde78b"|"Martha"|"Smith"|"F"|"853 Shelton Run"|"514.972.5493x4642"|"Early years teacher"|"Morales, Kim and Sosa"|"1929-05-30"
"d914b34c-193d-456d-b699-f9c4eb73694a"|"Michael"|"Torres"|"M"|"279 Angela Lights"|"986-859-9552x5157"|"Engineer, manufacturing systems"|"Cunningham Group"|"1978-01-08"
"fcaac7e9-f522-4470-8156-b577a0c47660"|"Amanda"|"Hurley"|"F"|"55 Mills Springs"|"798-458-7761x789"|"Diplomatic Services operational officer"|"Bowman Ltd"|"1961-03-03"
"b0ef7f88-6722-4dd1-91e0-037aae9c6dd9"|"Robert"|"Berry"|"M"|"87 Christopher Tunnel"|"001-599-419-6413x96455"|"Production assistant, radio"|"Berg LLC"|"1954-08-02"
"1ca90b2b-6147-4f19-9e1c-d8cbc439bd82"|"Jeremy"|"Fuller"|"M"|"409 Donald Village Apt. 289"|"+1-445-277-0831x710"|"Patent examiner"|"Duffy, Carter and Phillips"|"2003-09-26"
"d48654c0-ff87-4baf-b74e-99bdda238b61"|"Jonathan"|"Benson"|"M"|"842 Warner Circle"|"396.685.4569"|"Chief Technology Officer"|"Francis Group"|"1950-03-15"
"ea2c9305-fdf2-4e2d-ba2a-5e421ab88cac"|"Michael"|"Brown"|"M"|"95 Daniel Plaza"|"701.755.6738x8638"|"Company secretary"|"Perez, Torres and Benton"|"2016-03-10"
"0bc88e7b-930c-489d-aa75-bca75947b982"|"Elizabeth"|"Reyes"|"F"|"440 Ward Parkway Apt. 076"|"(627)714-9347"|"Multimedia specialist"|"Bailey, Alexander and Becker"|"1990-07-06"
"08a76e53-372d-4b8c-9a9c-a341a0dbcc06"|"Cynthia"|"Williams"|"F"|"911 Monica Burgs Suite 695"|"001-944-297-4458x64621"|"Press sub"|"Cowan-Lee"|"1979-01-30"
"77e39160-3093-45f9-9939-e0b1ae185701"|"Jamie"|"Adams"|"F"|"264 Tiffany Gateway"|"824.945.1575x88851"|"Social research officer, government"|"Payne-Moses"|"1917-10-18"
"051e2366-3471-400d-aadc-2017433871e0"|"Marcus"|"Sanders"|"M"|"729 Johnson Throughway"|"263.479.6173x387"|"Scientist, research (maths)"|"Carlson-Smith"|"2007-07-10"
"85e310a3-6a99-4618-93cc-c9cc21ff376a"|"Roy"|"Phillips"|"M"|"701 Weeks Meadow Suite 683"|"(316)204-5581"|"Immigration officer"|"Mcclain-Hamilton"|"1929-05-27"
"232aa7a1-6e1d-41ce-9598-834b655ffce5"|"Mark"|"Scott"|"M"|"108 Padilla Estate Suite 556"|"465.885.9416"|"Designer, ceramics/pottery"|"Ford-Terry"|"2003-12-11"
"23781e45-b016-4b20-9c9f-b6574c6cc9f0"|"Justin"|"Skinner"|"M"|"367 Jennifer Track"|"(616)906-5085x0133"|"Meteorologist"|"Ball Inc"|"1966-09-13"
"6e8b10fa-ea7c-4c2d-9db1-7c0b5eb54993"|"Lewis"|"Roberts"|"M"|"178 Catherine Cove"|"+1-269-482-0311"|"Manufacturing systems engineer"|"Lewis, Weber and Phillips"|"2021-08-30"
"26f6253f-e0dd-40e2-8672-7b5fca407614"|"Melissa"|"Nichols"|"F"|"200 Diana Point"|"+1-876-697-2967x3877"|"Youth worker"|"Brown-Alexander"|"1955-04-04"
"c1a3de5e-3a64-4091-a7c4-7adddc1bd3b1"|"Deborah"|"Barnett"|"F"|"312 Phillip Spring"|"622-289-6902"|"Wellsite geologist"|"Juarez, Mccormick and Riley"|"1952-11-13"
"a5fec4c0-85ab-4551-ada0-c64cf0e73da6"|"William"|"Leach"|"M"|"49 Tyler Knoll Apt. 752"|"9899149208"|"Mechanical engineer"|"Brown-Anthony"|"1933-08-25"
"6d6f5aab-e979-47ec-b7fc-80202cfc523e"|"Franklin"|"Green"|"M"|"170 Anderson Parkways"|"225-757-8533x50070"|"Haematologist"|"Smith-Mack"|"1973-07-23"
"2f5c9176-6de7-4fa8-a932-194ed8a50a09"|"Shawn"|"Conway"|"M"|"987 Jackson Harbors Suite 257"|"(216)262-4009x4121"|"Astronomer"|"Wilson-Byrd"|"1971-12-19"
"80a54d1a-999b-4cb1-93f2-629d39445a06"|"Brian"|"Harper"|"M"|"169 Jessica Mountains Suite 248"|"(358)789-0411x662"|"Psychologist, forensic"|"Rivera-York"|"1997-09-24"
"b40b515c-e90d-4670-9672-f666609e20a0"|"Carol"|"Saunders"|"F"|"647 David Passage Suite 979"|"206.651.7790x502"|"Private music teacher"|"Marsh-Martinez"|"2016-12-02"
"d431ca40-8a3e-4402-9c3e-56e1009ad31a"|"Dean"|"Zhang"|"M"|"963 Lynn Lake Suite 253"|"(466)795-6925"|"Teacher, early years/pre"|"Richmond-Day"|"1951-05-21"
"5833b9bf-d2bc-494a-9f62-0cd99e3c264c"|"Mark"|"Perez"|"M"|"720 Kari Alley Suite 131"|"9517035466"|"Engineer, control and instrumentation"|"Valdez-Hood"|"1983-03-02"
"8039b30c-2266-40ef-bbb4-932c60f893be"|"Scott"|"Christian"|"M"|"527 Garcia Road Suite 143"|"+1-441-768-5598x14489"|"Learning mentor"|"Mcbride-Rodriguez"|"1980-07-28"
"63e27eb7-486c-480c-838f-1474a54e1f7e"|"Ann"|"Williams"|"F"|"913 Rivers Squares"|"428.371.9976x91606"|"Print production planner"|"Clark-Hoffman"|"1988-10-03"
"4fb9e695-d2d6-4a52-b567-176236823904"|"Matthew"|"Park"|"M"|"414 Yvette Loop"|"(568)617-9676x77699"|"Investment banker, corporate"|"Williams Ltd"|"2022-07-25"
"4d044106-e7aa-4e84-a656-8b559831192c"|"Sydney"|"Smith"|"F"|"873 Martin Field"|"001-457-945-8068"|"Interior and spatial designer"|"Edwards, Sims and Johnson"|"1937-06-14"
"4ecb38a6-3bd0-4e53-967e-a87b081d0271"|"Leslie"|"Freeman"|"F"|"892 Diana Point"|"645-447-1037"|"Firefighter"|"Thomas, Sullivan and Williams"|"2003-08-07"
"ee1d1600-46dd-451c-b3a4-efc5e9baef2c"|"John"|"Fuller"|"M"|"93 Matthew Valleys Suite 832"|"579-436-0137x3255"|"Teacher, music"|"Nelson Ltd"|"1975-07-30"
"e0410e8f-967e-45f8-8229-582e17cd4795"|"Vernon"|"Burke"|"M"|"855 Day Inlet"|"3522572882"|"Research scientist (maths)"|"Blankenship-Smith"|"1983-06-10"
"61a134dd-bc3c-4aa5-a021-56195e1c77fe"|"Kelsey"|"Moore"|"F"|"363 William Avenue"|"(459)263-7110x819"|"IT technical support officer"|"Holt LLC"|"1954-06-27"
"6757b380-3dc7-4685-a932-f47dca5f9160"|"Kyle"|"Haas"|"M"|"277 Dakota Extensions"|"(778)857-4011x31393"|"Call centre manager"|"Adams, Pratt and Cummings"|"1987-02-02"
"0f1e6556-844e-4cec-aed7-c3bd1a665e11"|"Joshua"|"Allen"|"M"|"475 Michael Manor"|"258-620-5656x65674"|"Commercial/residential surveyor"|"Jones Ltd"|"1961-07-28"
"fcc3be75-701f-41d4-bbf1-b3d8ee0a01f6"|"Jessica"|"Barnes"|"F"|"737 Brown Canyon Apt. 503"|"721-482-0942x378"|"Chief Executive Officer"|"Dean-Rodriguez"|"1981-10-15"
"4246d1c3-be18-444f-a823-d8b5170e0630"|"James"|"Gomez"|"M"|"468 Michael Circles Suite 720"|"(556)905-3336x827"|"Equality and diversity officer"|"Roberts and Sons"|"1922-12-10"
"60b4c533-6ea6-4c8b-b628-fa22612a71f5"|"James"|"Ward"|"M"|"283 Gabriel Hill Apt. 094"|"845.944.1813x01742"|"Air traffic controller"|"Hayes-Howard"|"1960-12-22"
"7e692d45-cc3b-45d7-93a3-ed67efbd70dd"|"Jeremy"|"Riddle"|"M"|"885 Lewis Trace"|"+1-303-804-8101x03557"|"Publishing rights manager"|"Hess and Sons"|"1961-02-20"
"4370cfd7-5ee5-4d6d-9a1e-f1190e736c9a"|"Anna"|"Colon"|"F"|"66 Thomas Ford"|"(925)521-7026"|"Operational researcher"|"Jones, Sawyer and Medina"|"1965-10-23"
"b9a8fe7b-080c-437b-904f-c1dd4b32018c"|"Zachary"|"Allen"|"M"|"713 Michael Manor"|"736.663.8737x65227"|"Microbiologist"|"Anderson-Cruz"|"1909-12-10"
"14296bca-ab2c-45cf-99e7-f98bfc6ea5e4"|"Bryan"|"Smith"|"M"|"21 Shepard Bridge"|"220-278-6930x8083"|"Freight forwarder"|"Riggs, Ryan and Torres"|"1935-03-29"
"de327dfa-7ef1-4cd9-bb55-86004912d6bd"|"Kathleen"|"Freeman"|"F"|"763 Hanson Port"|"001-810-512-1237x78558"|"Homeopath"|"Hampton, Oneill and Aguirre"|"1953-01-15"
"4f367fc9-b6d0-4bc0-9096-e002768ee83b"|"Jay"|"Norman"|"M"|"357 Bailey Trail"|"(350)814-8512x9713"|"Engineer, maintenance (IT)"|"Holt Ltd"|"1926-05-21"
"761a23df-a864-405d-9889-79aec9e34e8b"|"Jaime"|"Velez"|"F"|"156 Mills Springs"|"431.478.7667"|"Theatre director"|"Adams, Smith and Myers"|"1965-11-08"
"ff353151-2092-4869-8193-94d136889262"|"Dylan"|"Gonzalez"|"M"|"856 Martin Field"|"(899)619-8465x6665"|"Sports development officer"|"Vincent-Wall"|"2004-06-20"
"704860fe-6635-4957-8f30-d0b3e3c98828"|"Natalie"|"Smith"|"F"|"360 Jonathan Place"|"+1-712-619-5228x54090"|"Civil engineer, consulting"|"Travis, Miles and Richardson"|"2005-08-05"
"feb31a5a-8866-48b4-b4c7-7556340e10b4"|"Steven"|"Holmes"|"M"|"733 Haney Prairie Suite 518"|"285-644-2312x824"|"Aid worker"|"Henry Inc"|"1960-07-04"
"eb7d5f09-288f-4734-a757-b57691f5faf7"|"Elizabeth"|"Velez"|"F"|"831 Jeffery Spur Suite 411"|"2425227943"|"Exhibition designer"|"Clarke and Sons"|"1939-10-08"
"6c5e8ed4-fe1e-45d8-b80e-b1ee05bbb963"|"Timothy"|"Bennett"|"M"|"192 Day Inlet"|"780.303.9874"|"Chief of Staff"|"Morris, Wong and Robertson"|"1957-02-25"
"6033a8f0-d390-461b-85df-1bd0f8c3258c"|"Jessica"|"Jones"|"F"|"511 Jeffery Village"|"685-444-0427x771"|"Banker"|"Wilson-Smith"|"1916-04-12"
"882649f3-3ac0-403c-b606-d62ae2a2134f"|"Danielle"|"Glover"|"F"|"894 Jordan Vista Apt. 756"|"852.707.7254x58946"|"Higher education careers adviser"|"Davis-Brown"|"1924-10-06"
"a31dfa03-f037-4f31-b91f-2e5de8f0b26d"|"Jennifer"|"Johnson"|"F"|"531 Smith Ranch Suite 211"|"001-325-912-6930x47446"|"Child psychotherapist"|"Garcia Inc"|"1938-04-23"
"ba525084-d156-4ba5-adc9-e0a4a112d5bf"|"Kim"|"Gray"|"F"|"279 Lewis Trace"|"400-905-1994"|"Automotive engineer"|"Carlson, Case and Mcintyre"|"1962-03-30"
"4edefb54-b554-4d55-8285-b363ef04ad5c"|"Donna"|"Gardner"|"F"|"716 Heather Garden Suite 383"|"219.856.4648x61030"|"Bonds trader"|"Scott, Roberson and Frye"|"2015-03-16"
"fb27333e-3aeb-4c46-b0d3-f88e11ae9ed7"|"Mark"|"James"|"M"|"4 Arnold Cliffs"|"811.346.2770"|"Community pharmacist"|"Barton PLC"|"1979-02-21"
"73a9284e-132d-4695-82b2-a728f64fc5af"|"Matthew"|"Nichols"|"M"|"275 Nelson Estate"|"9858482326"|"Conservator, museum/gallery"|"Waters PLC"|"1968-02-01"
"0571fd39-32cc-401d-820f-e604eb628fa0"|"Steven"|"Cannon"|"M"|"476 Diana Point"|"572.383.1985x830"|"Insurance account manager"|"Chaney, Jacobs and Turner"|"1928-08-19"
"79c1bed9-036c-49eb-a235-d62f1152544c"|"Sara"|"Aguirre"|"F"|"958 Arnold Cliffs"|"(775)750-4121"|"Hydrographic surveyor"|"Davis-Bean"|"1951-06-29"
"89b80e2c-b081-48d7-9143-725473cda27b"|"Curtis"|"Padilla"|"M"|"428 Nicole Via"|"001-410-700-4073"|"Public affairs consultant"|"Solomon-Lewis"|"1950-12-12"
"3b13d6aa-9744-48e2-8aeb-6974ba8e8a3a"|"Bryan"|"Dunn"|"M"|"147 Nathan Views"|"(604)344-5107x9827"|"Secretary/administrator"|"Cook-Cherry"|"1957-01-30"
"d58d66eb-ca2d-41ea-a0be-3c20c77c1585"|"Matthew"|"Johnston"|"M"|"515 Cox Turnpike Apt. 083"|"316.769.4280x2256"|"Engineer, control and instrumentation"|"Flores LLC"|"1980-09-14"
"9ba6db53-a9e9-4ab5-abd3-85ddc0a5d401"|"John"|"Sanders"|"M"|"82 Jonathan Stravenue"|"(286)377-3304x903"|"Glass blower/designer"|"Patrick, Daniel and Long"|"1919-05-09"
"5c810599-ca5a-4917-82b7-085727374f12"|"Tammy"|"Solomon"|"F"|"153 Oneal Underpass"|"+1-989-583-6661x757"|"Scientist, biomedical"|"Ramirez Group"|"1934-02-15"
"4d299a8f-08a2-4b68-b183-71c0acf1f196"|"Nicole"|"Johnson"|"F"|"437 Jessica Mountains Suite 248"|"339.770.7793x4272"|"Herpetologist"|"Garza PLC"|"1942-03-19"
"2c0b9731-fbd6-4577-88c2-48ad5a0c2484"|"Valerie"|"Morris"|"F"|"45 Michelle Isle Apt. 431"|"320-235-4236x887"|"Merchant navy officer"|"Fernandez, Foley and Winters"|"2000-03-30"
"f60e55cc-7fb2-414a-887f-0754fb0998c8"|"Jason"|"Garrison"|"M"|"866 Shepard Bridge"|"310.257.0413x3390"|"Glass blower/designer"|"Johnson and Sons"|"1976-01-28"
"1c670638-7f98-4b85-b3c6-7383b301032e"|"Travis"|"Tran"|"M"|"722 Colleen Mount"|"917-352-7160x37982"|"Legal secretary"|"Hoffman-Mitchell"|"1968-11-20"
"b69fe0f4-c1be-40b0-940f-7b31eeb6ce1b"|"Patricia"|"Li"|"F"|"402 Cox Turnpike Apt. 083"|"9475347881"|"Chief Marketing Officer"|"Chung, Moss and Smith"|"1975-09-24"
"0ff1ba7a-b016-427c-9364-fef4ad4d30ab"|"Valerie"|"Hale"|"F"|"935 John Fall Apt. 476"|"(675)501-4169"|"Hydrologist"|"Bates-Reeves"|"1914-02-21"
"86294a10-5b0f-4c8c-bb8a-05e0ba62b5c7"|"Jody"|"Allen"|"F"|"459 Ashley Landing"|"(732)648-7685"|"Engineer, biomedical"|"Silva, Jones and Wade"|"2011-07-02"
"ee621466-8837-4ed0-8d29-6017e17428ac"|"Thomas"|"Goodwin"|"M"|"772 Ward Parkway Apt. 076"|"+1-600-231-2814"|"Garment/textile technologist"|"Allen Ltd"|"1960-05-29"
"2fcca7f2-77a2-45b2-a525-267328bc61f8"|"William"|"Johnson"|"M"|"81 Tyler Knoll Apt. 752"|"813.348.7809x9929"|"Cabin crew"|"Brown, Torres and Gomez"|"2017-11-22"
"8e225b49-ffd9-4e49-bd60-5c2bd9c3b109"|"Terri"|"Wood"|"F"|"722 Oneal Underpass"|"7346678984"|"Psychologist, occupational"|"Clarke-Ruiz"|"2009-08-02"
"e30255af-9752-4a28-9425-b38ebcd6835f"|"Middleton"|"Bryant"|"F"|"993 Alexis Freeway Apt. 358"|"885.858.4109"|"Museum/gallery exhibitions officer"|"Mahoney LLC"|"2020-04-12"
"16792a1a-75cc-4763-a0fb-5dabda60dfc2"|"Madison"|"Jordan"|"F"|"977 Johnson Throughway"|"763-366-3060"|"Information systems manager"|"Wallace, Freeman and Lopez"|"2014-08-11"
"3ee0a22c-2d79-49a4-8aa4-c99fc3de1332"|"Amy"|"Stewart"|"F"|"21 Thomas Coves Suite 736"|"5938516991"|"Nurse, mental health"|"Williams Group"|"1991-07-03"
"8fe74d2e-3f43-44b7-bfde-11516515c21a"|"Heather"|"Pugh"|"F"|"433 David Course Apt. 455"|"+1-357-691-1708x034"|"Network engineer"|"Reed Group"|"1938-12-30"
"7f743cd8-689c-412c-928e-b9ed9bb5911c"|"Caitlyn"|"Ramirez"|"F"|"647 Jacobs Ports Suite 715"|"+1-288-503-8229x762"|"Radiation protection practitioner"|"Meadows PLC"|"1973-10-30"
"67001c7e-6c7a-4b60-9a2d-837e1f8c9064"|"James"|"Weaver"|"M"|"19 Kari Alley Suite 131"|"304-387-1506x26818"|"Trade mark attorney"|"Mack Inc"|"1963-08-16"
"5d097214-15f6-4ead-a1eb-e2b913c458ae"|"Fernando"|"Jones"|"M"|"589 Aimee Circles"|"889.253.8003x5786"|"Environmental consultant"|"Shaw Group"|"1997-03-25"
"58456ae3-4e39-4b47-9331-a3adf2c5ddd0"|"Ronald"|"Li"|"M"|"466 Jones Cliffs Suite 657"|"001-433-718-6733"|"Medical illustrator"|"Castaneda, Mitchell and Sanchez"|"1962-07-21"
"0849d3f3-1041-48b2-b17c-865adafff5ee"|"Jason"|"Sparks"|"M"|"835 Thornton Land Suite 697"|"+1-966-309-2592x6563"|"Counselling psychologist"|"Reed-Monroe"|"2010-09-02"
"3e00039c-f36a-4562-bcb2-acc5ee17a46a"|"Anthony"|"Taylor"|"M"|"414 Nicole Via"|"+1-293-231-8827x42338"|"Civil engineer, consulting"|"Jones-Marks"|"1921-10-12"
"0cd4b729-7db6-418d-8cff-b5a838f7e2e6"|"Shane"|"Roy"|"M"|"195 Padilla Estate Suite 556"|"333.861.0228x31273"|"Music tutor"|"Sosa, Mason and Martinez"|"1945-03-07"
"f8b640cf-77d8-4561-b9bc-5b5a7fad27ee"|"Cindy"|"Fernandez"|"F"|"610 Michael Circles Suite 720"|"+1-305-345-1041x2752"|"Agricultural engineer"|"Rodgers PLC"|"1922-10-06"
"ad11310b-f523-4f9f-a1d8-706405cb101c"|"Brianna"|"Morgan"|"F"|"689 Johnson Lake"|"919-567-3704x9182"|"Air cabin crew"|"Combs, King and Yoder"|"1968-02-02"
"d381e12a-28b0-4022-946c-0ce171e021ba"|"Lisa"|"Steele"|"F"|"607 Nelson Estate"|"3202066245"|"Public relations officer"|"Arnold, Lyons and Woods"|"1930-10-31"
"c86bb653-0d1d-459d-825a-645d650f48b2"|"Kevin"|"Jones"|"M"|"46 Evans Ports Suite 383"|"(497)529-3584"|"Nature conservation officer"|"Smith, Gallagher and Reed"|"2009-11-12"
"4f919239-96bf-447a-b10a-e676a6b286f0"|"Cheryl"|"Howard"|"F"|"374 Barry Shoal Suite 612"|"+1-250-908-3310x47585"|"Occupational psychologist"|"James-Berry"|"1932-05-28"
"648f44b0-2205-4a22-b531-fb1a6a1677f5"|"Steven"|"Garcia"|"M"|"16 Ashley Landing"|"+1-706-666-0485x99478"|"Pharmacologist"|"Kent LLC"|"1942-08-20"
"1bdb5d2b-74a4-46ea-a259-4adf683777b0"|"Carolyn"|"Schwartz"|"F"|"881 Garcia Road Suite 143"|"5546317665"|"Probation officer"|"Henderson, Hanson and Cunningham"|"1994-10-05"
"fc206f3a-986e-4df9-9683-03cc632d9c27"|"Holly"|"Matthews"|"F"|"524 Lewis Trace"|"415-754-4503x714"|"Tax inspector"|"Gibson-Bird"|"1995-02-03"
"a22f6735-1b10-4afb-a56d-b1877f219a3c"|"John"|"Curry"|"M"|"53 Marquez Lane"|"(380)531-8635"|"Midwife"|"Powers Inc"|"2016-04-12"
"27caac40-e455-4004-8a2b-1bdf602a1e7b"|"Brittany"|"Spencer"|"F"|"178 Jonathan Place"|"(601)777-5090x107"|"Water engineer"|"Becker Inc"|"1930-10-16"
"c97efb1d-c846-4db9-b13a-a949bad49c3d"|"Tamara"|"Jones"|"F"|"310 Johnson Plains Suite 376"|"+1-300-742-3729"|"Doctor, general practice"|"Austin Ltd"|"1977-04-26"
"3d1dafa5-be33-41bf-8780-d650bf7fb853"|"Edward"|"Blair"|"M"|"737 Simpson Mill Apt. 030"|"+1-403-259-6077x56325"|"Operations geologist"|"Hartman-Johnson"|"1950-10-05"
"2cc38a26-e315-4b5b-a4cf-17569661afdc"|"Stephanie"|"Suarez"|"F"|"225 Davis Landing"|"(489)348-1172x7889"|"Materials engineer"|"Pena-Martinez"|"1940-01-14"
"a3b85a2f-505b-4147-b9e0-961b9a815869"|"Joel"|"Nguyen"|"M"|"800 Michelle Isle Apt. 431"|"(817)659-5556x3624"|"Agricultural engineer"|"Cooke, Hernandez and Mcknight"|"2014-12-02"
"a45c26c7-8777-412f-a865-49f45b819ea2"|"Heather"|"Foster"|"F"|"946 Anderson Parkways"|"(713)889-3278x4946"|"Diagnostic radiographer"|"Gray-Patterson"|"1994-10-15"
"26de0302-dcec-42dc-92d7-e2db655043c9"|"Jessica"|"Castaneda"|"F"|"50 Higgins Port Apt. 001"|"625.368.5114x73924"|"Information systems manager"|"Nguyen, Goodwin and Thomas"|"1954-12-10"
"555f52f2-3699-4fda-84dc-ca09a68e35d1"|"Laura"|"Parker"|"F"|"583 Brown Canyon Apt. 503"|"582-470-8157x840"|"Further education lecturer"|"Johns Ltd"|"1933-11-18"
"7ff35b9d-5fe3-485f-90f7-bff9b0595d85"|"Ashley"|"Hayden"|"F"|"613 Collins Skyway"|"(994)421-6044x78621"|"Press sub"|"Thomas, Ramsey and Johnson"|"1954-01-18"
"aa390d25-a511-46c4-af55-5a42c060c9f7"|"Mitchell"|"Lee"|"M"|"133 Jessica Mountains Suite 248"|"+1-531-457-9707x84171"|"Learning mentor"|"Burch, Ramirez and Jones"|"2008-04-03"
"8fc4c5b2-3d8e-477d-8a43-72fadaba946e"|"James"|"Williams"|"M"|"360 Michael Circles Suite 720"|"001-694-271-3746x831"|"Chief of Staff"|"Fischer, Graves and Young"|"1972-07-22"
"98a7a2b7-9680-4457-bc70-6d6ffee5808e"|"Melinda"|"Weiss"|"F"|"951 Davenport Fords"|"(331)518-2114x872"|"Financial risk analyst"|"Meadows Group"|"1964-01-15"
"27f24c5e-c9f5-4b2b-a6c9-40df610bfdb8"|"Miguel"|"Hanson"|"M"|"189 Catherine Lock"|"+1-904-858-0831x3497"|"Conference centre manager"|"Patel and Sons"|"1924-09-08"
"cf071fba-32bc-467e-bb45-a12eab18b8c8"|"Lisa"|"Zimmerman"|"F"|"544 Nicole Via"|"226.924.0036"|"Sub"|"Davis Group"|"1939-07-17"
"dae7f2cc-fae4-47af-9148-293e0bc693df"|"Daniel"|"Ramirez"|"M"|"98 Simpson Mill Apt. 030"|"001-518-499-7995"|"Scientist, research (maths)"|"Anderson LLC"|"1938-09-09"
"20598adb-322c-485c-83df-1abf6ec53139"|"Craig"|"Davis"|"M"|"385 Davenport Fords"|"9574444558"|"Information officer"|"Jones-Hodges"|"1955-06-10"
"6b36b5e8-5f4f-4b06-9e23-459a888ca4c1"|"Eric"|"Buchanan"|"M"|"381 Anderson Port"|"+1-771-244-1144x29107"|"Counselling psychologist"|"Carter Ltd"|"1976-01-03"
"d47f3fbe-7784-40c9-a705-380e651111d0"|"Stephanie"|"Stone"|"F"|"953 Kari Alley Suite 131"|"(923)607-6557"|"Materials engineer"|"James-Hernandez"|"1918-02-21"
"becea6a9-7bbf-4617-8970-8b7203cca54e"|"Virginia"|"Watkins"|"F"|"636 John Fall Apt. 476"|"209.620.3358x427"|"Merchandiser, retail"|"Ruiz-Sanford"|"1986-10-26"
"cc9e6d8b-9636-4855-9270-3b30281a11cd"|"Richard"|"Hubbard"|"M"|"392 Amber Wells"|"001-241-684-5838"|"Health service manager"|"Wilson Group"|"1950-04-17"
"200c6ad9-84ff-45f4-819f-dac5649e1491"|"Wesley"|"Strickland"|"M"|"645 Danielle Estates"|"(372)696-5351"|"Public house manager"|"Martin-Perez"|"1937-09-04"
"1b8c12ea-6284-4583-a57f-11e780d846f2"|"Joshua"|"Robbins"|"M"|"291 Warner Circle"|"530-503-8728x510"|"Magazine features editor"|"Hill Ltd"|"1930-11-10"
"98579ae0-1e4f-4651-ade2-225534a946cc"|"Sandra"|"Goodwin"|"F"|"968 Padilla Estate Suite 556"|"001-641-269-2395x1555"|"Press photographer"|"Moore, Mcconnell and Arnold"|"2021-10-04"
"f1ebbe16-f8f5-4486-b5ef-283d39f918f3"|"Bryan"|"Bond"|"M"|"467 Johnson Throughway"|"269-274-6352x6804"|"Forest/woodland manager"|"Harris and Sons"|"1912-02-22"
"bc7b976a-fb42-49d9-8bfd-1b7da37cfe96"|"Timothy"|"Cole"|"M"|"927 Randall Burg"|"(437)266-6264x2653"|"Haematologist"|"Russell-Trevino"|"1962-07-09"
"ac458e14-5119-4c9b-9eab-f3fea2ccf432"|"Travis"|"Cole"|"M"|"817 Nathan Views"|"(237)757-7205x07657"|"Theatre manager"|"Tran Group"|"1971-08-31"
"d73886a7-1f84-42c8-a6eb-fe68d45ba5b9"|"Joshua"|"Mitchell"|"M"|"564 Charles Extension Apt. 046"|"508.702.1337x9833"|"Patent attorney"|"Harris, Patterson and Knox"|"1937-06-26"
"5d365cef-e105-4ffd-950f-372a350d498a"|"Bryan"|"Cannon"|"M"|"224 Heather Garden Suite 383"|"+1-621-647-9819"|"Theatre stage manager"|"English and Sons"|"2006-01-23"
"923bd704-4785-432d-a237-257bc812795d"|"Gloria"|"Gonzales"|"F"|"417 Nelson Estate"|"5778487291"|"Scientist, forensic"|"Zavala and Sons"|"1945-02-18"
"a9a84036-8ef1-41c7-88a9-5922fb748f67"|"Rebecca"|"Hicks"|"F"|"527 Banks Curve Apt. 123"|"001-795-945-4877"|"Accommodation manager"|"Torres, Freeman and Snyder"|"1968-11-07"
"927919ef-eca9-46ab-a5e1-a30c3af027bf"|"Daniel"|"Smith"|"M"|"345 Luna Loop"|"+1-374-802-0915x7369"|"Media buyer"|"Ramos-Davis"|"1915-03-26"
"745be76d-d3c5-42a3-803f-4b390c44c9ab"|"Robert"|"Rojas"|"M"|"687 Rivers Squares"|"(741)723-6797x9314"|"Investment banker, corporate"|"Wilson-Swanson"|"1974-07-27"
"ddf39596-5979-48fd-84db-f3351a845829"|"Megan"|"Hernandez"|"F"|"857 Michelle Isle Apt. 431"|"315.202.5664x6125"|"Conservation officer, historic buildings"|"Chavez, Simpson and Scott"|"1979-04-27"
"717e558b-e80d-4de7-bce1-2ca2c3edfc7f"|"Rachel"|"Willis"|"F"|"630 Jennifer Track"|"(517)812-7523"|"Event organiser"|"Johnson-Flores"|"2017-04-08"
"159ef928-db5d-4ef4-a7b3-40faf6ed07da"|"Joshua"|"Williams"|"M"|"406 Jeffery Village"|"(827)569-6023x364"|"Administrator, local government"|"Patton, Mosley and Spencer"|"1915-05-05"