<?xml version="1.0" encoding="UTF-8" ?><automobiles><automobile><person_id>0d9dff7c-7f3f-4d71-bf02-3eaaa40caf60</person_id><license_plate>EPS-8478</license_plate><vin>ABWEMT829XJCYS45P</vin><color>LightGreen</color><year>2012</year></automobile><automobile><person_id>2aff2940-09ce-4f24-afb9-e078e141338f</person_id><license_plate>241-PGG</license_plate><vin>SBWMBB5353C1PPM9C</vin><color>DarkSlateBlue</color><year>1989</year></automobile><automobile><person_id>2aff2940-09ce-4f24-afb9-e078e141338f</person_id><license_plate>553OFS</license_plate><vin>3Y561L1E9WAA840Z7</vin><color>DeepSkyBlue</color><year>2008</year></automobile><automobile><person_id>2aff2940-09ce-4f24-afb9-e078e141338f</person_id><license_plate>SFJ-3666</license_plate><vin>PHAGJCKF6KN3NGJY0</vin><color>Blue</color><year>1994</year></automobile><automobile><person_id>e8bd9646-1f91-4f86-bd51-ee88f8b39216</person_id><license_plate>TIG2513</license_plate><vin>JWKRRNS84ECPRWC70</vin><color>MediumSlateBlue</color><year>2004</year></automobile><automobile><person_id>e8bd9646-1f91-4f86-bd51-ee88f8b39216</person_id><license_plate>WUH-285</license_plate><vin>WXKL39A75D70BE79K</vin><color>Thistle</color><year>1971</year></automobile><automobile><person_id>c88f689d-872e-46da-b00e-89f5ff030ea5</person_id><license_plate>8-97297</license_plate><vin>9TX3JKDW2S4CD9S7W</vin><color>BlueViolet</color><year>2023</year></automobile><automobile><person_id>d5a878e8-0621-4b40-b078-e2f6d58e4286</person_id><license_plate>IWE 639</license_plate><vin>YV4WHA2W3YMVARN7K</vin><color>DarkCyan</color><year>2020</year></automobile><automobile><person_id>d11979f5-db5f-4566-bda2-91dc4b951dbb</person_id><license_plate>HBH 745</license_plate><vin>D1U699KP5TAC6M97A</vin><color>LemonChiffon</color><year>1970</year></automobile><automobile><person_id>d11979f5-db5f-4566-bda2-91dc4b951dbb</person_id><license_plate>83P 7850</license_plate><vin>T72S5W5Y0XFXRA5F2</vin><color>WhiteSmoke</color><year>1973</year></automobile><automobile><person_id>b5a36a38-489f-49e7-b2f7-bedb21acabae</person_id><license_plate>MBR 378</license_plate><vin>8NTE97B2298A6VK75</vin><color>Aquamarine</color><year>1989</year></automobile><automobile><person_id>b5a36a38-489f-49e7-b2f7-bedb21acabae</person_id><license_plate>YVR-7830</license_plate><vin>GCET6HBJ16E26LJ1G</vin><color>MintCream</color><year>2022</year></automobile><automobile><person_id>b5a36a38-489f-49e7-b2f7-bedb21acabae</person_id><license_plate>PY6 B0C</license_plate><vin>VGJB6DXZXCPREXGZY</vin><color>DarkSeaGreen</color><year>2019</year></automobile><automobile><person_id>189262a0-7ddb-4cd7-92ab-6ba182da936a</person_id><license_plate>83CU462</license_plate><vin>6DPPCA6CXCVWWK1FU</vin><color>LightGreen</color><year>1974</year></automobile><automobile><person_id>0f351290-7b4d-4a19-831e-1d5c81037274</person_id><license_plate>871 BNG</license_plate><vin>5M0MKFDC36SPUHM47</vin><color>Tomato</color><year>2006</year></automobile><automobile><person_id>0f351290-7b4d-4a19-831e-1d5c81037274</person_id><license_plate>13X•330</license_plate><vin>GZKXUUBNX3J55KV8B</vin><color>Sienna</color><year>1971</year></automobile><automobile><person_id>c8ca8ca4-cb90-4628-9a20-fb3f57d5e530</person_id><license_plate>9-B9794</license_plate><vin>HMHPMM1S37U86XBVC</vin><color>MediumSeaGreen</color><year>2014</year></automobile><automobile><person_id>3cf5841f-dfb9-4409-8858-a8e6652fb5b5</person_id><license_plate>JEQ 471</license_plate><vin>MXXK1ATX6GD2TWAH6</vin><color>MediumPurple</color><year>2020</year></automobile><automobile><person_id>3cf5841f-dfb9-4409-8858-a8e6652fb5b5</person_id><license_plate>MSC 771</license_plate><vin>1NTTLHRB68CFLEEML</vin><color>LightGoldenRodYellow</color><year>1992</year></automobile><automobile><person_id>8493038c-9b6e-460d-9d76-6bedfb5c70e5</person_id><license_plate>860 6KV</license_plate><vin>BUZZBP823RY1PLTL8</vin><color>LightBlue</color><year>2017</year></automobile><automobile><person_id>8493038c-9b6e-460d-9d76-6bedfb5c70e5</person_id><license_plate>995-TZV</license_plate><vin>G0ETT8947NF94APL4</vin><color>LawnGreen</color><year>2013</year></automobile><automobile><person_id>fb106271-8d7c-459e-811a-5d8d9682ab1d</person_id><license_plate>81G K79</license_plate><vin>749A0SYC09D5FEB7Z</vin><color>FireBrick</color><year>1985</year></automobile><automobile><person_id>fb106271-8d7c-459e-811a-5d8d9682ab1d</person_id><license_plate>097D</license_plate><vin>5D422DX82XWRJZMGU</vin><color>SaddleBrown</color><year>2014</year></automobile><automobile><person_id>162c9833-6a05-446b-abfa-cb6923b5e027</person_id><license_plate>XCY 790</license_plate><vin>KV98EBRE34N2ARSMN</vin><color>Navy</color><year>1975</year></automobile><automobile><person_id>162c9833-6a05-446b-abfa-cb6923b5e027</person_id><license_plate>T37 5RY</license_plate><vin>613X5RBX4N4PN9C15</vin><color>Moccasin</color><year>1993</year></automobile><automobile><person_id>3f52f4d1-cc66-4695-881f-d5c1340fbe03</person_id><license_plate>UFB 985</license_plate><vin>RX4NZKZJ9YD4UNXER</vin><color>CadetBlue</color><year>1976</year></automobile><automobile><person_id>bb938b11-405a-4993-adc1-2b6278fc9249</person_id><license_plate>Y78-GBY</license_plate><vin>KGVBLLP85T4F3RWMX</vin><color>RosyBrown</color><year>1977</year></automobile><automobile><person_id>a996e820-ab60-4ee8-99dc-d241893748a6</person_id><license_plate>158 SGF</license_plate><vin>G39RX805041FE2S6V</vin><color>Moccasin</color><year>1974</year></automobile><automobile><person_id>a05ee21c-cd37-41be-82e6-2ef0fd2d1e7d</person_id><license_plate>932 KQS</license_plate><vin>KGSDDD6V1324YUR32</vin><color>Gray</color><year>2015</year></automobile><automobile><person_id>a05ee21c-cd37-41be-82e6-2ef0fd2d1e7d</person_id><license_plate>973 SG0</license_plate><vin>3W5DC7ER60R0WANUD</vin><color>Violet</color><year>2023</year></automobile><automobile><person_id>71cedc87-1fce-4e4b-a68a-8f92d34aa65c</person_id><license_plate>5SIH 10</license_plate><vin>BDSCB08J7NBSX79VR</vin><color>MediumSeaGreen</color><year>1974</year></automobile><automobile><person_id>fd379353-003a-482a-9231-aaa7bc2e486e</person_id><license_plate>266 VZ6</license_plate><vin>H6C3H5HP84TDGHZY6</vin><color>MediumBlue</color><year>1978</year></automobile><automobile><person_id>fd379353-003a-482a-9231-aaa7bc2e486e</person_id><license_plate>313 2WR</license_plate><vin>FNVMPCG60S385STA5</vin><color>AliceBlue</color><year>2011</year></automobile><automobile><person_id>fd379353-003a-482a-9231-aaa7bc2e486e</person_id><license_plate>0H231</license_plate><vin>BX2WYTEF69WGSBRYF</vin><color>Salmon</color><year>1970</year></automobile><automobile><person_id>73360370-0c94-4024-91e3-293e7b27889c</person_id><license_plate>0MTZ104</license_plate><vin>NZRCG9HUX2M7DU66B</vin><color>Cyan</color><year>2000</year></automobile><automobile><person_id>73360370-0c94-4024-91e3-293e7b27889c</person_id><license_plate>45-2285H</license_plate><vin>WMWMSG1E0DSMT77DE</vin><color>Ivory</color><year>2022</year></automobile><automobile><person_id>e0e98438-bce0-4505-a7a1-068d49b187af</person_id><license_plate>8728 NW</license_plate><vin>LNSAVURU66V7T3VPU</vin><color>PeachPuff</color><year>1992</year></automobile><automobile><person_id>e0e98438-bce0-4505-a7a1-068d49b187af</person_id><license_plate>ZMA-904</license_plate><vin>G1EKNMPG08AFWAUU4</vin><color>NavajoWhite</color><year>2001</year></automobile><automobile><person_id>8d3cd653-5c31-483a-9d01-397d5350aeb3</person_id><license_plate>450P</license_plate><vin>PXVP9FPS9RK2FM5UP</vin><color>PowderBlue</color><year>2015</year></automobile><automobile><person_id>cd245ede-4f44-4833-bf9f-e318a372825a</person_id><license_plate>KVV 995</license_plate><vin>6JFGDWL56AV34Y0SJ</vin><color>PaleVioletRed</color><year>1995</year></automobile><automobile><person_id>72de6b67-3079-4ccd-8def-fa527ac6975f</person_id><license_plate>475PLR</license_plate><vin>X7VEPNWK7YGNJWA7N</vin><color>MediumPurple</color><year>2023</year></automobile><automobile><person_id>12ae04f9-c9c4-4186-8284-b23e954cc255</person_id><license_plate>007S</license_plate><vin>8XBKFCJR9N6UCBDSZ</vin><color>Salmon</color><year>1972</year></automobile><automobile><person_id>12ae04f9-c9c4-4186-8284-b23e954cc255</person_id><license_plate>50M G56</license_plate><vin>8LE0ULU29J1G247D0</vin><color>Bisque</color><year>1970</year></automobile><automobile><person_id>c06de439-13ce-4682-a022-243043dc2cd7</person_id><license_plate>750LRL</license_plate><vin>8J92PAMT17SWS0F6R</vin><color>Linen</color><year>2019</year></automobile><automobile><person_id>c06de439-13ce-4682-a022-243043dc2cd7</person_id><license_plate>M81 3FV</license_plate><vin>GJU9NXRT3DEKGJFT4</vin><color>OliveDrab</color><year>1980</year></automobile><automobile><person_id>c06de439-13ce-4682-a022-243043dc2cd7</person_id><license_plate>4863</license_plate><vin>78V3S3CU371DGED2A</vin><color>MediumSpringGreen</color><year>2023</year></automobile><automobile><person_id>c401cf69-78d2-4f05-8e3e-51f8c9e903de</person_id><license_plate>16K HS0</license_plate><vin>KPUT3XYM9APH4WWZM</vin><color>Thistle</color><year>2019</year></automobile><automobile><person_id>c401cf69-78d2-4f05-8e3e-51f8c9e903de</person_id><license_plate>166 FG2</license_plate><vin>4TZY62P755FWNZ33U</vin><color>AntiqueWhite</color><year>2013</year></automobile><automobile><person_id>c401cf69-78d2-4f05-8e3e-51f8c9e903de</person_id><license_plate>621 LF1</license_plate><vin>KYSTUBDL499XH1PJ5</vin><color>LightSlateGray</color><year>2004</year></automobile><automobile><person_id>7ccb22b5-a3a9-4120-bdab-ecf2ebafaa3f</person_id><license_plate>67-63269</license_plate><vin>F9TFC8TW9CAZXNUSF</vin><color>Purple</color><year>2005</year></automobile><automobile><person_id>3994920f-1270-44f0-a5dc-157fda9cd79e</person_id><license_plate>373 ZP4</license_plate><vin>LVLMPDHT6T31GBXMG</vin><color>SlateGray</color><year>1982</year></automobile><automobile><person_id>3994920f-1270-44f0-a5dc-157fda9cd79e</person_id><license_plate>8V 2W6LSK</license_plate><vin>DGJHYFUD155ZE68DM</vin><color>Olive</color><year>1995</year></automobile><automobile><person_id>dbe55d97-c35c-41b4-b406-5b287af14a97</person_id><license_plate>933 9113</license_plate><vin>PY7D2KCY26ZAE8EXF</vin><color>OliveDrab</color><year>2001</year></automobile><automobile><person_id>05b8022a-b8fb-4b0a-add5-6415b5b9def2</person_id><license_plate>CC 36300</license_plate><vin>0YH2D3M437MN3RMBD</vin><color>SlateBlue</color><year>1981</year></automobile><automobile><person_id>05b8022a-b8fb-4b0a-add5-6415b5b9def2</person_id><license_plate>MKX 531</license_plate><vin>2XXD1K976WFACKZY1</vin><color>DeepSkyBlue</color><year>1981</year></automobile><automobile><person_id>05b8022a-b8fb-4b0a-add5-6415b5b9def2</person_id><license_plate>NQR 627</license_plate><vin>1HHNB7VB1DM4TYL77</vin><color>Coral</color><year>2023</year></automobile><automobile><person_id>e097710d-1495-4c00-a099-cb4e33a0e615</person_id><license_plate>21O•935</license_plate><vin>X1YFHUMM7JNK84177</vin><color>Green</color><year>1973</year></automobile><automobile><person_id>e097710d-1495-4c00-a099-cb4e33a0e615</person_id><license_plate>X60-HHI</license_plate><vin>ZVZ398FT800UU82GY</vin><color>Chocolate</color><year>2023</year></automobile><automobile><person_id>e097710d-1495-4c00-a099-cb4e33a0e615</person_id><license_plate>0MH8674</license_plate><vin>PE6G4ENS6EZVRVSA7</vin><color>Sienna</color><year>2003</year></automobile><automobile><person_id>089f0abe-b69e-4b14-b016-ffc2dca89b66</person_id><license_plate>IXN 495</license_plate><vin>NMFVGJ3D933WUSKZB</vin><color>GreenYellow</color><year>1995</year></automobile><automobile><person_id>089f0abe-b69e-4b14-b016-ffc2dca89b66</person_id><license_plate>0Y Q0878</license_plate><vin>5137JF1AX0TH124DH</vin><color>Yellow</color><year>1981</year></automobile><automobile><person_id>d6c07ae0-cb45-4ea7-8102-773f00a48974</person_id><license_plate>NJ7 D1Z</license_plate><vin>JVKZDM916YDLWBJA1</vin><color>HoneyDew</color><year>1981</year></automobile><automobile><person_id>d6c07ae0-cb45-4ea7-8102-773f00a48974</person_id><license_plate>4S MT446</license_plate><vin>LZNNK4MZ8DG326MGR</vin><color>Sienna</color><year>2004</year></automobile><automobile><person_id>7e51c7ac-dd4e-4ce4-a25a-178da5b8dee3</person_id><license_plate>JKJ-629</license_plate><vin>5FWPZXNM1701H4NYV</vin><color>PaleGreen</color><year>2007</year></automobile><automobile><person_id>7e51c7ac-dd4e-4ce4-a25a-178da5b8dee3</person_id><license_plate>621KLP</license_plate><vin>F42G1N3LXZ8FRW8L2</vin><color>SeaGreen</color><year>1979</year></automobile><automobile><person_id>7e51c7ac-dd4e-4ce4-a25a-178da5b8dee3</person_id><license_plate>109 0NX</license_plate><vin>6DKUHEZU58F2VFT0K</vin><color>DarkCyan</color><year>2002</year></automobile><automobile><person_id>540ac6f1-760f-41dd-95cd-c412e706f9e0</person_id><license_plate>ZJV 137</license_plate><vin>VJMPNVUV5CZDKH961</vin><color>MediumTurquoise</color><year>1972</year></automobile><automobile><person_id>4f597dc7-7dab-42db-b271-ed6c7f5e19bd</person_id><license_plate>AUC 924</license_plate><vin>YJFYZXNFXY6TEXFCG</vin><color>Azure</color><year>1999</year></automobile><automobile><person_id>956a3186-1683-4df9-a2db-2e5452cfe55e</person_id><license_plate>VSK 332</license_plate><vin>K9WTADHN3BZZB0XGL</vin><color>DarkOrange</color><year>1975</year></automobile><automobile><person_id>2694b3f4-fbcf-4147-98b4-07569d02dd62</person_id><license_plate>197-JBT</license_plate><vin>VYEXDN773STEAD6PU</vin><color>LightGray</color><year>1999</year></automobile><automobile><person_id>889dd79f-6707-4c02-a872-1a7a2f198200</person_id><license_plate>990C</license_plate><vin>ZATS7WYK1K7A7UUMB</vin><color>MediumBlue</color><year>2017</year></automobile><automobile><person_id>889dd79f-6707-4c02-a872-1a7a2f198200</person_id><license_plate>95L 0520</license_plate><vin>TCMYFH8E3YKH4CBP4</vin><color>DimGray</color><year>1982</year></automobile><automobile><person_id>862dab56-345a-43ee-b019-e62a4420b2f9</person_id><license_plate>KRN 860</license_plate><vin>9XJ1HKMJ5XNX4C9W6</vin><color>LightSlateGray</color><year>1999</year></automobile><automobile><person_id>185e0a69-4762-4ffc-a900-67fb3b7886d4</person_id><license_plate>VUB-1318</license_plate><vin>EUPB7TS5577Z0A80S</vin><color>DarkSeaGreen</color><year>2020</year></automobile><automobile><person_id>185e0a69-4762-4ffc-a900-67fb3b7886d4</person_id><license_plate>387 FDW</license_plate><vin>0CCHXS6D6KNLPYTSG</vin><color>Thistle</color><year>2021</year></automobile><automobile><person_id>f2a73fa7-daf1-43ec-b5d0-630e09244100</person_id><license_plate>0XJ 608</license_plate><vin>2VZK21YB2BE9LT6EN</vin><color>DarkTurquoise</color><year>2007</year></automobile><automobile><person_id>155e3448-721c-4cf2-b5eb-7bd7feab33ba</person_id><license_plate>CLY 067</license_plate><vin>MAP3ZRUV6TRRE06JE</vin><color>Red</color><year>1973</year></automobile><automobile><person_id>155e3448-721c-4cf2-b5eb-7bd7feab33ba</person_id><license_plate>1LY46</license_plate><vin>3KCUH2VW8EA9M7NV5</vin><color>Purple</color><year>2009</year></automobile><automobile><person_id>8107731d-7033-4f3e-b6ca-cf834c179e19</person_id><license_plate>8Z HA649</license_plate><vin>ECVEU1JR15WLS9VRR</vin><color>RoyalBlue</color><year>1999</year></automobile><automobile><person_id>8107731d-7033-4f3e-b6ca-cf834c179e19</person_id><license_plate>NWQ-7155</license_plate><vin>VTZLTY1E14Z180B04</vin><color>Turquoise</color><year>1986</year></automobile><automobile><person_id>cf5fe53d-f3ce-4a6f-b397-0bbfec598044</person_id><license_plate>2-1649T</license_plate><vin>YP0WETWP04PAMV9KZ</vin><color>Cornsilk</color><year>1987</year></automobile><automobile><person_id>3b8341d9-1694-4772-ac02-e3f031925842</person_id><license_plate>AT 7595</license_plate><vin>35Z6ES5P1HM5YBWMG</vin><color>Snow</color><year>1999</year></automobile><automobile><person_id>3b8341d9-1694-4772-ac02-e3f031925842</person_id><license_plate>501 OBK</license_plate><vin>5TRT84ZCXDAK3LMZT</vin><color>LemonChiffon</color><year>1988</year></automobile><automobile><person_id>104fae6f-76d2-4e35-a6b5-28aff79427ff</person_id><license_plate>576-XUA</license_plate><vin>FMU1AP282MMMNGCD5</vin><color>MediumSpringGreen</color><year>2012</year></automobile><automobile><person_id>fe0c60d4-1314-4b80-9d49-14692d62a3a0</person_id><license_plate>074 8HM</license_plate><vin>FMRB34K70Z421U63Y</vin><color>Black</color><year>2003</year></automobile><automobile><person_id>678138e9-705a-471e-bbe0-0d9519e477e2</person_id><license_plate>464 3372</license_plate><vin>9B1X4K0J8SKXNC687</vin><color>NavajoWhite</color><year>1985</year></automobile><automobile><person_id>2618b3ff-f8fe-4072-8df5-0e55c1c21213</person_id><license_plate>330-128</license_plate><vin>XBFCZT1U8NDPHRCHZ</vin><color>DeepSkyBlue</color><year>2006</year></automobile><automobile><person_id>eef5ec09-5961-4b1d-9946-536edb02ab98</person_id><license_plate>JN-9435</license_plate><vin>D1RN262M1YVFFE67K</vin><color>LemonChiffon</color><year>1996</year></automobile><automobile><person_id>48855cc6-c040-4c56-9ddf-9e8ab7e7ec84</person_id><license_plate>75R X84</license_plate><vin>XX3SYSWX3B1GTFPZW</vin><color>Coral</color><year>1985</year></automobile><automobile><person_id>e406e9fd-86e7-4371-93b5-7ae00d0ba7cd</person_id><license_plate>5KR K66</license_plate><vin>T8BVSSVB03TN3YZE9</vin><color>PaleGoldenRod</color><year>1972</year></automobile><automobile><person_id>e406e9fd-86e7-4371-93b5-7ae00d0ba7cd</person_id><license_plate>535-SIM</license_plate><vin>ALVWEF2H2ESMVESAN</vin><color>Azure</color><year>1987</year></automobile><automobile><person_id>9bec8eb8-21dc-453d-9d99-fd9543527932</person_id><license_plate>HE 60591</license_plate><vin>K8EF2WSHX4VHUWNF3</vin><color>Tomato</color><year>1979</year></automobile><automobile><person_id>9bec8eb8-21dc-453d-9d99-fd9543527932</person_id><license_plate>832XB</license_plate><vin>1DW04SZK9VCNTKBBL</vin><color>DarkGray</color><year>2006</year></automobile><automobile><person_id>0585e325-3810-407a-bfaf-f61e76b5a097</person_id><license_plate>6GJ 187</license_plate><vin>G004JG3R428AUNXT3</vin><color>Crimson</color><year>2003</year></automobile><automobile><person_id>0585e325-3810-407a-bfaf-f61e76b5a097</person_id><license_plate>8IQ4334</license_plate><vin>S7PDVE4HXUJA3LTK5</vin><color>Khaki</color><year>2021</year></automobile><automobile><person_id>0c9f57ea-891a-4b00-9e57-7178ab39b0d7</person_id><license_plate>4J U3791</license_plate><vin>45GUM0GR0K6G2JD9H</vin><color>Snow</color><year>2004</year></automobile><automobile><person_id>25f5ed69-3f35-424d-bb99-4dc2c3cb7271</person_id><license_plate>3X 35219</license_plate><vin>YZW0G61T4X1XC9W1B</vin><color>Aquamarine</color><year>1976</year></automobile><automobile><person_id>fd2da7c2-b16e-46ce-996a-5776a119b82b</person_id><license_plate>846SXJ</license_plate><vin>Z20NY229X8R9T7E4P</vin><color>DarkSeaGreen</color><year>2014</year></automobile><automobile><person_id>fd2da7c2-b16e-46ce-996a-5776a119b82b</person_id><license_plate>730 UJM</license_plate><vin>U0XM3G7E60NE626KY</vin><color>SteelBlue</color><year>1982</year></automobile><automobile><person_id>cf735217-5b6a-4552-bead-d09a94f5e5ea</person_id><license_plate>5ZT 602</license_plate><vin>N5M9ND094AWY8T0SZ</vin><color>MediumAquaMarine</color><year>1978</year></automobile><automobile><person_id>e6d6fa8a-6da2-4fd5-95a6-a2824c975871</person_id><license_plate>762 5754</license_plate><vin>UKAR0KBT64DJW9K4W</vin><color>SaddleBrown</color><year>1978</year></automobile><automobile><person_id>4afbcf04-b980-4faf-b330-7b1d97877b79</person_id><license_plate>161 MYP</license_plate><vin>FC5V74AD4UXE4BA26</vin><color>IndianRed</color><year>2021</year></automobile><automobile><person_id>4afbcf04-b980-4faf-b330-7b1d97877b79</person_id><license_plate>Z81 2LA</license_plate><vin>EY6FKMBZ2R6A93MJM</vin><color>Tomato</color><year>2010</year></automobile><automobile><person_id>7ae05b4e-2fc7-49ce-be70-3bae01f0a90e</person_id><license_plate>WR 31707</license_plate><vin>2CDXDC5M0P8MEGHPZ</vin><color>Khaki</color><year>1992</year></automobile><automobile><person_id>7ae05b4e-2fc7-49ce-be70-3bae01f0a90e</person_id><license_plate>207 4709</license_plate><vin>1MDRNWCR5MMJZWWR9</vin><color>LightPink</color><year>1983</year></automobile><automobile><person_id>c4696086-b0f4-4681-94db-c8a643cc258b</person_id><license_plate>0PQ Y93</license_plate><vin>APEFNP2UX5ZSPLUVZ</vin><color>LightYellow</color><year>1970</year></automobile><automobile><person_id>c4696086-b0f4-4681-94db-c8a643cc258b</person_id><license_plate>YKB6787</license_plate><vin>X6MYVK733BT843YDD</vin><color>DarkRed</color><year>2003</year></automobile><automobile><person_id>04ba2621-a149-494f-8c72-1f27eb0a783a</person_id><license_plate>081 SV7</license_plate><vin>5YCNR8S47X2GP04GU</vin><color>DarkViolet</color><year>2019</year></automobile><automobile><person_id>04ba2621-a149-494f-8c72-1f27eb0a783a</person_id><license_plate>MHT 162</license_plate><vin>ZLWUX9CN6XTG4B820</vin><color>Blue</color><year>1971</year></automobile><automobile><person_id>04ba2621-a149-494f-8c72-1f27eb0a783a</person_id><license_plate>792V6</license_plate><vin>BXFNWBB82J9Z9TFXN</vin><color>Black</color><year>1994</year></automobile><automobile><person_id>975aaf6a-2043-47e4-8419-0b4ba4b7d764</person_id><license_plate>2JN6706</license_plate><vin>AV9W9878XAFWAC929</vin><color>PeachPuff</color><year>2017</year></automobile><automobile><person_id>975aaf6a-2043-47e4-8419-0b4ba4b7d764</person_id><license_plate>Z44-AJB</license_plate><vin>TGBDUKAZ7X17PYYDB</vin><color>DimGray</color><year>1989</year></automobile><automobile><person_id>f835fd82-b626-4e1a-8b2f-95088d49e9ed</person_id><license_plate>0W 0388Q</license_plate><vin>Y4Y4A75F2MPGAM4WM</vin><color>Khaki</color><year>2020</year></automobile><automobile><person_id>de0b69e5-9767-4d6f-a6a8-abdad1234964</person_id><license_plate>ZC-0037</license_plate><vin>V382T07R1DZWTCS0B</vin><color>Chartreuse</color><year>2005</year></automobile><automobile><person_id>de0b69e5-9767-4d6f-a6a8-abdad1234964</person_id><license_plate>587-VHMU</license_plate><vin>7T9ZHE4B6SNZMRSAH</vin><color>DarkOrange</color><year>2014</year></automobile><automobile><person_id>de0b69e5-9767-4d6f-a6a8-abdad1234964</person_id><license_plate>735 GT9</license_plate><vin>PSY8WEG05WZ5D23B5</vin><color>DarkBlue</color><year>2004</year></automobile><automobile><person_id>4883fbae-f5ea-4103-bcb4-1310a2b2e017</person_id><license_plate>62X 695</license_plate><vin>5TAJLD942F0T58Z1Y</vin><color>Turquoise</color><year>2015</year></automobile><automobile><person_id>4883fbae-f5ea-4103-bcb4-1310a2b2e017</person_id><license_plate>517-GSQK</license_plate><vin>B0U2U5ZV2V1AF0SJV</vin><color>SteelBlue</color><year>1973</year></automobile><automobile><person_id>93469cc3-9f83-49be-8349-b2a58ef48a85</person_id><license_plate>598 JQV</license_plate><vin>MGYNPXLG1V5XJV0Z7</vin><color>Maroon</color><year>2022</year></automobile><automobile><person_id>f7545507-ec29-434b-8fc3-a193eebb466a</person_id><license_plate>331 2EX</license_plate><vin>GFG9877658LY6RS63</vin><color>SandyBrown</color><year>1975</year></automobile><automobile><person_id>6d868825-756a-4c82-8ff5-50a198bf33b5</person_id><license_plate>287 IVV</license_plate><vin>SX5W89JN0L7JGYDA1</vin><color>DarkMagenta</color><year>1973</year></automobile><automobile><person_id>6d868825-756a-4c82-8ff5-50a198bf33b5</person_id><license_plate>919 XID</license_plate><vin>Y0DAHE1H2UBW2KN09</vin><color>PaleVioletRed</color><year>1990</year></automobile><automobile><person_id>0e5b514b-a1e9-4982-bd86-2f4b7d668661</person_id><license_plate>ADX J42</license_plate><vin>XBW3SS25141YV5HNL</vin><color>MistyRose</color><year>1978</year></automobile><automobile><person_id>0e5b514b-a1e9-4982-bd86-2f4b7d668661</person_id><license_plate>9-C4883</license_plate><vin>UT2HS42D0ETJZMNPP</vin><color>DarkSlateGray</color><year>1981</year></automobile><automobile><person_id>2058d023-d93f-407e-8494-ef112c989a67</person_id><license_plate>I 124401</license_plate><vin>8274S0PV8C971N2N6</vin><color>Tomato</color><year>1989</year></automobile></automobiles>