<?xml version="1.0" encoding="UTF-8" ?><automobiles><automobile><person_id>345809fa-53cd-4746-b265-c48abde4b890</person_id><license_plate>IQD4517</license_plate><vin>RAE56YYR2UK1EP6P9</vin><color>Thistle</color><year>1972</year></automobile><automobile><person_id>40126b8c-4713-420b-9b25-35a3acce89ee</person_id><license_plate>060 WA5</license_plate><vin>ZN0HJ9S80DU8YLC8V</vin><color>LightSkyBlue</color><year>2003</year></automobile><automobile><person_id>6c314bb0-3cf8-40bd-b4ae-77bd911c9351</person_id><license_plate>225 VZN</license_plate><vin>CEV4J68G730TZ6WVS</vin><color>Thistle</color><year>1981</year></automobile><automobile><person_id>2783ef2c-7244-4f81-ae25-4bbc7269d01d</person_id><license_plate>347 1EK</license_plate><vin>B73XYVWC65K7VCHYC</vin><color>Fuchsia</color><year>1999</year></automobile><automobile><person_id>b8e9d14c-cf25-4c32-849f-25ced92d1254</person_id><license_plate>ZRU 268</license_plate><vin>BBN88HHD923KXC7KJ</vin><color>MediumBlue</color><year>1975</year></automobile><automobile><person_id>b8e9d14c-cf25-4c32-849f-25ced92d1254</person_id><license_plate>7-95699</license_plate><vin>HK3SFDL12WKJYAKN5</vin><color>DarkOrange</color><year>2008</year></automobile><automobile><person_id>07acc4f1-b8dc-413d-a289-8869265b698b</person_id><license_plate>715-NWK</license_plate><vin>SC9K514F1P65DWASL</vin><color>LightSlateGray</color><year>1979</year></automobile><automobile><person_id>ef732491-233f-43b5-80ef-09eb06625be7</person_id><license_plate>4GK 559</license_plate><vin>6FKUJHFW5JP9ZXD2C</vin><color>Chartreuse</color><year>2011</year></automobile><automobile><person_id>ef732491-233f-43b5-80ef-09eb06625be7</person_id><license_plate>DCO-0576</license_plate><vin>06MNBJH0215E631J3</vin><color>Cyan</color><year>1976</year></automobile><automobile><person_id>1104d973-9240-46d5-b49d-6cacf7eae29e</person_id><license_plate>054 YN6</license_plate><vin>52G1ELXT91GWC5HEF</vin><color>SaddleBrown</color><year>2023</year></automobile><automobile><person_id>e70522d8-ecf8-471f-9fcf-8714a0c602cc</person_id><license_plate>516 YRU</license_plate><vin>5EPPMWCE25TVWHR4H</vin><color>IndianRed</color><year>2006</year></automobile><automobile><person_id>62bace23-95ce-4e31-8438-647b640f316b</person_id><license_plate>IBU 823</license_plate><vin>D6T9SFSY2J6LU3BGH</vin><color>Green</color><year>1981</year></automobile><automobile><person_id>62bace23-95ce-4e31-8438-647b640f316b</person_id><license_plate>KPI 183</license_plate><vin>A4N6TN8F5146N5RWN</vin><color>DarkKhaki</color><year>2023</year></automobile><automobile><person_id>dde88549-a5a7-4d7a-ad80-dee59db8f185</person_id><license_plate>492-CZR</license_plate><vin>3SLL1HKF0CCKFD3E4</vin><color>OrangeRed</color><year>2021</year></automobile><automobile><person_id>dde88549-a5a7-4d7a-ad80-dee59db8f185</person_id><license_plate>C18-FZN</license_plate><vin>TA0FFR260TSUE69J3</vin><color>Khaki</color><year>2012</year></automobile><automobile><person_id>60f034a9-a030-4ba5-a3b9-a7fff4452d2f</person_id><license_plate>26-04061</license_plate><vin>CBRK8LYX1V05ZY8LU</vin><color>Chocolate</color><year>2016</year></automobile><automobile><person_id>60f034a9-a030-4ba5-a3b9-a7fff4452d2f</person_id><license_plate>2G 8882Y</license_plate><vin>347SXUDG8KNBBHYRE</vin><color>MediumVioletRed</color><year>1984</year></automobile><automobile><person_id>5a55e7a1-ac7f-426f-aee9-bb5a4cedec6f</person_id><license_plate>716 5VQ</license_plate><vin>HNMY5GHN4YBLF2HFJ</vin><color>PapayaWhip</color><year>1982</year></automobile><automobile><person_id>162a13b2-3e92-44e4-b09d-acdc28d526e8</person_id><license_plate>79-GE34</license_plate><vin>XVUAGWYU1K9L808PR</vin><color>FloralWhite</color><year>2002</year></automobile><automobile><person_id>617e011d-edf8-447a-8f54-39b3eb99b029</person_id><license_plate>FBB-038</license_plate><vin>Y3896NUJ4EZD5A6KV</vin><color>BurlyWood</color><year>1999</year></automobile><automobile><person_id>617e011d-edf8-447a-8f54-39b3eb99b029</person_id><license_plate>NNG-7939</license_plate><vin>CW4PFE09XJZZRPXB3</vin><color>Crimson</color><year>1995</year></automobile><automobile><person_id>617e011d-edf8-447a-8f54-39b3eb99b029</person_id><license_plate>551 XPS</license_plate><vin>V8GFYVRU5GVF694EP</vin><color>Salmon</color><year>1990</year></automobile><automobile><person_id>fba0b8d0-af2a-46bf-9b16-34ad9b014096</person_id><license_plate>Q65-EXC</license_plate><vin>XBYT087S081L4NPUB</vin><color>SkyBlue</color><year>1972</year></automobile><automobile><person_id>cfebbdcb-37af-40ba-8945-7adbaabb7a9a</person_id><license_plate>2IB7088</license_plate><vin>VZ8CBLUM80JSUFNWK</vin><color>Silver</color><year>2012</year></automobile><automobile><person_id>cfebbdcb-37af-40ba-8945-7adbaabb7a9a</person_id><license_plate>86K Y73</license_plate><vin>RBUBDHN715CJ1LHFV</vin><color>Turquoise</color><year>2023</year></automobile><automobile><person_id>4ef73e83-db88-4a22-b7ff-d4e1a456b1d7</person_id><license_plate>MSG 194</license_plate><vin>6TVYX35K98771LT6K</vin><color>IndianRed</color><year>2019</year></automobile><automobile><person_id>44bc3b95-ab94-4910-ae69-33d703280e6e</person_id><license_plate>874 YXC</license_plate><vin>JM2LN9U5X8HVVTYTP</vin><color>BlueViolet</color><year>1997</year></automobile><automobile><person_id>44bc3b95-ab94-4910-ae69-33d703280e6e</person_id><license_plate>Y29-88F</license_plate><vin>PLVFTF0W2P27D1V87</vin><color>Magenta</color><year>2004</year></automobile><automobile><person_id>4545317b-13f6-4830-a274-25a45eeb6dfd</person_id><license_plate>761 ZYE</license_plate><vin>NM2WX3M549DE63PKC</vin><color>Lavender</color><year>2024</year></automobile><automobile><person_id>ea7782ab-6d0b-4ca8-9833-488e76d32749</person_id><license_plate>LFX 465</license_plate><vin>T1P9A8PP821K01S62</vin><color>Blue</color><year>1979</year></automobile><automobile><person_id>ea7782ab-6d0b-4ca8-9833-488e76d32749</person_id><license_plate>879KAB</license_plate><vin>L1N1D4U29VGSCHH0W</vin><color>Tan</color><year>2011</year></automobile><automobile><person_id>d95ad597-ed6a-4ace-a6e1-cc761ee7c79c</person_id><license_plate>213-WBN</license_plate><vin>M6XPDEZL4M3JLT3SM</vin><color>DarkViolet</color><year>1978</year></automobile><automobile><person_id>d95ad597-ed6a-4ace-a6e1-cc761ee7c79c</person_id><license_plate>5WZ45</license_plate><vin>K6VX7ULE3GJ6JNE1J</vin><color>LemonChiffon</color><year>1998</year></automobile><automobile><person_id>ca654756-fdc2-4285-9a8c-a0c8d445e197</person_id><license_plate>MCZ 901</license_plate><vin>NB37WH7B891XMS3P5</vin><color>SandyBrown</color><year>2006</year></automobile><automobile><person_id>ca654756-fdc2-4285-9a8c-a0c8d445e197</person_id><license_plate>MNR 800</license_plate><vin>LUBW5G694WE8F4W6X</vin><color>Tomato</color><year>1995</year></automobile><automobile><person_id>af86339f-be43-4de3-84e8-45d1069bd418</person_id><license_plate>WA 3201</license_plate><vin>L4BRS4A4XT3BZU60C</vin><color>GoldenRod</color><year>1988</year></automobile><automobile><person_id>af86339f-be43-4de3-84e8-45d1069bd418</person_id><license_plate>5BIW 28</license_plate><vin>SADR4KNM3BLL87GHK</vin><color>SlateBlue</color><year>1988</year></automobile><automobile><person_id>95149fde-ce68-43ef-82a6-313e438b1c40</person_id><license_plate>487-LAB</license_plate><vin>Y1YZRF9G5D0KS8D5C</vin><color>DarkRed</color><year>2000</year></automobile><automobile><person_id>6c6b84f0-a228-4ee1-ae30-7816c68481b1</person_id><license_plate>NCR 348</license_plate><vin>H8177WDZ6F5UZ9R4K</vin><color>BlanchedAlmond</color><year>2023</year></automobile><automobile><person_id>7187545b-41fd-4b7e-acd0-114e4561e07e</person_id><license_plate>276-XXPI</license_plate><vin>U15FYG7C1ZRUDY8TP</vin><color>Salmon</color><year>1983</year></automobile><automobile><person_id>7187545b-41fd-4b7e-acd0-114e4561e07e</person_id><license_plate>985 LDM</license_plate><vin>G1HJDN5S7V3C8SR75</vin><color>MediumSlateBlue</color><year>2001</year></automobile><automobile><person_id>c8f8ed09-8371-4b7a-9d4a-0be0bfc34434</person_id><license_plate>4B 5639I</license_plate><vin>RJX2271NXB12BMX6N</vin><color>Snow</color><year>1984</year></automobile><automobile><person_id>bee0739f-8694-4b53-a0ac-d145e1681c05</person_id><license_plate>896-LWN</license_plate><vin>W444F7KG4D8YLG7KT</vin><color>Aqua</color><year>1989</year></automobile><automobile><person_id>c5d1e77a-9760-45dd-b996-a1651f8fa58e</person_id><license_plate>470PRR</license_plate><vin>7H46T7SM7UYC3M6Y4</vin><color>LightCyan</color><year>2023</year></automobile><automobile><person_id>3950df28-16b1-4b4e-9211-f34a443d47ec</person_id><license_plate>BQG 473</license_plate><vin>X47TD2ED5J5A5ZH5V</vin><color>Sienna</color><year>1982</year></automobile><automobile><person_id>709c18b4-aea6-4ac4-b987-3aae98627405</person_id><license_plate>1A K7127</license_plate><vin>LN4E1XNE8NJPK2LRS</vin><color>SeaGreen</color><year>1995</year></automobile><automobile><person_id>ab109fe3-3991-46d6-b8cd-e357e922ca8b</person_id><license_plate>BSF-741</license_plate><vin>XC33VXYW31BJWLP0L</vin><color>Cornsilk</color><year>1982</year></automobile><automobile><person_id>ab109fe3-3991-46d6-b8cd-e357e922ca8b</person_id><license_plate>6WH 239</license_plate><vin>Y05V4WXL6RDZTNFCD</vin><color>DarkKhaki</color><year>2011</year></automobile><automobile><person_id>5b39eed6-6336-45ee-b4b1-7ce7c70261e6</person_id><license_plate>11V QZ1</license_plate><vin>NSZ5JL873KBX1J6C9</vin><color>GreenYellow</color><year>1971</year></automobile><automobile><person_id>3038e3e1-13e3-4aa4-8eed-cf8b3fbc6ac1</person_id><license_plate>24-6068X</license_plate><vin>NLVD6PZM08VTECNFN</vin><color>DeepPink</color><year>2020</year></automobile><automobile><person_id>d8ba151f-3700-43c1-ad3b-faff521499eb</person_id><license_plate>07-CP60</license_plate><vin>XB7SHDKL3LLNGZ999</vin><color>DarkOrange</color><year>1975</year></automobile><automobile><person_id>d8ba151f-3700-43c1-ad3b-faff521499eb</person_id><license_plate>08Q•027</license_plate><vin>YPF06VW8383K4NHPL</vin><color>LemonChiffon</color><year>2002</year></automobile><automobile><person_id>8f38a534-1b4d-4abd-8f96-2a8edca32791</person_id><license_plate>73-V024</license_plate><vin>S04PDUPB734DX8HVL</vin><color>PowderBlue</color><year>1996</year></automobile><automobile><person_id>380ce56d-660d-445f-9f6f-f8ed17511c8c</person_id><license_plate>WBV-680</license_plate><vin>C61P5D5U2ZH7Y6HM7</vin><color>PeachPuff</color><year>1973</year></automobile><automobile><person_id>90c4db84-767b-4731-9e72-65729a3d403f</person_id><license_plate>4675 TT</license_plate><vin>F0LWEKXP6HMLTUXVW</vin><color>WhiteSmoke</color><year>1988</year></automobile><automobile><person_id>90c4db84-767b-4731-9e72-65729a3d403f</person_id><license_plate>160 4HI</license_plate><vin>651K9LYM8SFZ20NEL</vin><color>PaleGoldenRod</color><year>2019</year></automobile><automobile><person_id>b4395d4b-9e17-4aaa-aecd-538a3f76ffa8</person_id><license_plate>6OXK255</license_plate><vin>X4BE0HFX9EJNPGY5N</vin><color>PowderBlue</color><year>2005</year></automobile><automobile><person_id>b4395d4b-9e17-4aaa-aecd-538a3f76ffa8</person_id><license_plate>LNF 637</license_plate><vin>TY5X0LC64LDL2AT1A</vin><color>GoldenRod</color><year>2023</year></automobile><automobile><person_id>b4395d4b-9e17-4aaa-aecd-538a3f76ffa8</person_id><license_plate>175 HKX</license_plate><vin>G4K6CR9N8ZK3XTWS5</vin><color>DarkSalmon</color><year>2006</year></automobile><automobile><person_id>09b5f371-a221-434f-baa2-896aef8857fc</person_id><license_plate>GX 79578</license_plate><vin>GBW98E1G3S6JJ2KV3</vin><color>GhostWhite</color><year>2020</year></automobile><automobile><person_id>432aae2b-92ae-429d-9eb2-36902deb4b90</person_id><license_plate>RSH-8490</license_plate><vin>NCNXYJ1741NKMN5BZ</vin><color>YellowGreen</color><year>1996</year></automobile><automobile><person_id>432aae2b-92ae-429d-9eb2-36902deb4b90</person_id><license_plate>94O•997</license_plate><vin>AJH0XCHL55B2KCMK5</vin><color>RoyalBlue</color><year>1979</year></automobile><automobile><person_id>7df21286-0fc4-4883-a473-cf5ab5e6baa2</person_id><license_plate>477PPA</license_plate><vin>TJA3346X5JZ16SHUE</vin><color>Olive</color><year>1975</year></automobile><automobile><person_id>ed54f694-45ec-4690-b627-7d564a889ce7</person_id><license_plate>963 8XJ</license_plate><vin>4H8BBA8D0RSPUVX6U</vin><color>RosyBrown</color><year>2009</year></automobile><automobile><person_id>d331f588-aa34-44f2-b600-bec5885033b1</person_id><license_plate>8S 35944</license_plate><vin>EL6T5ZB89WU71S02H</vin><color>Green</color><year>2002</year></automobile><automobile><person_id>13d1fbc4-ae61-4918-830d-84c6038ad0fa</person_id><license_plate>MLU 384</license_plate><vin>KV7B5RT67HV4R4XSY</vin><color>DeepPink</color><year>1982</year></automobile><automobile><person_id>06e33bf8-5933-4c57-b34e-cf0368919bdf</person_id><license_plate>5IE2102</license_plate><vin>XB0WWAVSXMEERSE9Y</vin><color>SlateBlue</color><year>1989</year></automobile><automobile><person_id>05ce54fb-765e-4caa-8518-49687e98cdb9</person_id><license_plate>632-USQ</license_plate><vin>2VUDXZ148ESKF92AW</vin><color>Pink</color><year>1997</year></automobile><automobile><person_id>05ce54fb-765e-4caa-8518-49687e98cdb9</person_id><license_plate>TNS 261</license_plate><vin>75P0Z4EG1F48CAV8K</vin><color>Orchid</color><year>1978</year></automobile><automobile><person_id>05ce54fb-765e-4caa-8518-49687e98cdb9</person_id><license_plate>3RS8039</license_plate><vin>6LE8HYBZ5JEVWU5ML</vin><color>White</color><year>1997</year></automobile><automobile><person_id>440d5287-7d83-4ffe-8bae-db0b8765d936</person_id><license_plate>I88 0TF</license_plate><vin>40YWBENF2CRKUL78A</vin><color>DarkKhaki</color><year>1970</year></automobile><automobile><person_id>7d42d1cf-0f6a-40eb-8c61-0ef7c97cd5e6</person_id><license_plate>KXY 953</license_plate><vin>T9CUT2FB8Z5ZMXWLD</vin><color>MediumSeaGreen</color><year>2016</year></automobile><automobile><person_id>90847c72-2935-44e8-bf7c-eb9b71ab21c6</person_id><license_plate>295-RQE</license_plate><vin>G6GU4C2S83F1DT1R5</vin><color>Beige</color><year>1980</year></automobile><automobile><person_id>90847c72-2935-44e8-bf7c-eb9b71ab21c6</person_id><license_plate>0UB 284</license_plate><vin>LM6M017X5WFYSPNT8</vin><color>Green</color><year>1995</year></automobile><automobile><person_id>b2d1173f-215f-4fca-a2a1-26c8b046d896</person_id><license_plate>7-N8356</license_plate><vin>BMKL2S882WWW8P7NJ</vin><color>RoyalBlue</color><year>1989</year></automobile><automobile><person_id>b2d1173f-215f-4fca-a2a1-26c8b046d896</person_id><license_plate>P 007749</license_plate><vin>TMDNN3TU9L6PD9RBH</vin><color>OldLace</color><year>2017</year></automobile><automobile><person_id>b2d1173f-215f-4fca-a2a1-26c8b046d896</person_id><license_plate>318P6</license_plate><vin>4ZM3EVY04E7UE034N</vin><color>SlateBlue</color><year>2012</year></automobile><automobile><person_id>e6f42a6b-d696-4183-8502-9903b8ca9052</person_id><license_plate>GXY8711</license_plate><vin>WYK2BDAN2XLVGGFLF</vin><color>CornflowerBlue</color><year>2011</year></automobile><automobile><person_id>99e309ab-42f1-4ec2-8609-f4e5426fbd6b</person_id><license_plate>GOL 895</license_plate><vin>YMELRR24XFE14MRH6</vin><color>DarkMagenta</color><year>2013</year></automobile><automobile><person_id>72eee97e-0462-410d-9554-48c2693a2cfe</person_id><license_plate>ZRU 860</license_plate><vin>0G6LB33J4DWAZPT1C</vin><color>OrangeRed</color><year>1997</year></automobile><automobile><person_id>eadb5212-cea1-4184-a243-5b2ed01864df</person_id><license_plate>408JPG</license_plate><vin>R6PM8DZNXPMD131YW</vin><color>Magenta</color><year>1974</year></automobile><automobile><person_id>63d39e8b-8413-4f83-9686-c4ed7b901320</person_id><license_plate>64-OR31</license_plate><vin>PSJAL6TTXPXJCJ0L1</vin><color>SpringGreen</color><year>2022</year></automobile><automobile><person_id>628b9d59-f8e1-47fa-9f85-5c7a268e4020</person_id><license_plate>1-08777H</license_plate><vin>K51FSEN41ZZB158ZJ</vin><color>Peru</color><year>2015</year></automobile><automobile><person_id>628b9d59-f8e1-47fa-9f85-5c7a268e4020</person_id><license_plate>VGD-0698</license_plate><vin>MLD3ATZ147188UMRR</vin><color>Navy</color><year>2007</year></automobile><automobile><person_id>6e86fa8f-aada-451e-b467-d034a4b93a73</person_id><license_plate>KAC-398</license_plate><vin>0E81L7TK9BX3JU9BR</vin><color>DodgerBlue</color><year>2010</year></automobile><automobile><person_id>f3388a4f-2b60-40bc-b69b-c16924a0c7f8</person_id><license_plate>744 ZK4</license_plate><vin>55VHH61W67JA37GHT</vin><color>Green</color><year>2009</year></automobile><automobile><person_id>4eff58b3-5e07-4976-bd69-7f126d9c957a</person_id><license_plate>37-SA24</license_plate><vin>SPPDJ68R4K560SLU0</vin><color>DarkOrange</color><year>1992</year></automobile><automobile><person_id>6def55f8-bb44-443d-8ed5-d4daa6c3ce09</person_id><license_plate>342 NWH</license_plate><vin>H3E0538M9F1RMYVZJ</vin><color>Gainsboro</color><year>1971</year></automobile><automobile><person_id>fc97a956-e4e5-40c2-b824-b8d7276460fd</person_id><license_plate>7A 5769U</license_plate><vin>JJ7U108Y2W3DS1EZR</vin><color>YellowGreen</color><year>1996</year></automobile><automobile><person_id>fc97a956-e4e5-40c2-b824-b8d7276460fd</person_id><license_plate>495 JMD</license_plate><vin>UPSFRADY8TW9CMAU3</vin><color>Teal</color><year>1970</year></automobile><automobile><person_id>cd183672-edbf-4b00-88d8-d948c03228b8</person_id><license_plate>53O B83</license_plate><vin>D3F09FUX39XZV0XWF</vin><color>DeepPink</color><year>2011</year></automobile><automobile><person_id>8387e1f2-f629-40be-b5fc-3e31ea67fc7e</person_id><license_plate>373 ROM</license_plate><vin>HXUUN8XM2M749YLPT</vin><color>Olive</color><year>1987</year></automobile><automobile><person_id>8387e1f2-f629-40be-b5fc-3e31ea67fc7e</person_id><license_plate>25X S90</license_plate><vin>5GDL2X3L5U4X8A78U</vin><color>BlanchedAlmond</color><year>1994</year></automobile><automobile><person_id>db1e7ba9-64bd-4fb5-8754-38a923996a41</person_id><license_plate>UPJ-0312</license_plate><vin>4T9BERGP0LJR9GTP8</vin><color>DarkOrange</color><year>2000</year></automobile><automobile><person_id>2e3842a2-7eef-428e-9a6f-6730f4e9db65</person_id><license_plate>EYK6620</license_plate><vin>ASGCZ14NXPJDU6UWE</vin><color>Tan</color><year>2007</year></automobile><automobile><person_id>b92601dc-82a3-499c-9702-edfad9fd313f</person_id><license_plate>8ZHD 89</license_plate><vin>95940CADX2LZ8TCXC</vin><color>DarkGreen</color><year>1979</year></automobile><automobile><person_id>2d3d41c3-5e9c-4486-acf6-98a05d384575</person_id><license_plate>4XWL096</license_plate><vin>9LMMC4VK09V96D8CF</vin><color>Plum</color><year>2016</year></automobile><automobile><person_id>2d3d41c3-5e9c-4486-acf6-98a05d384575</person_id><license_plate>WNQ-396</license_plate><vin>ZL1HEVLR1JV6T7462</vin><color>White</color><year>1984</year></automobile><automobile><person_id>366daa61-3459-44c5-aede-362842365d30</person_id><license_plate>5B 0253P</license_plate><vin>2LD2UV4C9JMYVXEAG</vin><color>DarkTurquoise</color><year>1974</year></automobile><automobile><person_id>366daa61-3459-44c5-aede-362842365d30</person_id><license_plate>MWN-732</license_plate><vin>C8P45KVV3T46YU9S2</vin><color>Chocolate</color><year>2009</year></automobile><automobile><person_id>c1dd2126-b2aa-45b7-8e17-2979ace534fc</person_id><license_plate>ZAT 4975</license_plate><vin>1HD8RZLJ5019WMFF7</vin><color>PapayaWhip</color><year>1977</year></automobile><automobile><person_id>7f64632d-1783-4e27-9c1a-483ba3b67f78</person_id><license_plate>TOU B14</license_plate><vin>KUGF57GB1M27BVAUD</vin><color>AliceBlue</color><year>1984</year></automobile><automobile><person_id>3a75c8f4-9cd5-4cd5-b06c-bda6f9c63fe7</person_id><license_plate>G 225445</license_plate><vin>XGYV45AS0HXPEY8AB</vin><color>BurlyWood</color><year>1996</year></automobile><automobile><person_id>3a75c8f4-9cd5-4cd5-b06c-bda6f9c63fe7</person_id><license_plate>0-A3909</license_plate><vin>1HH632D76PS5YA7FL</vin><color>YellowGreen</color><year>1997</year></automobile><automobile><person_id>e17b859a-7b48-42d7-89d0-057175194367</person_id><license_plate>5X444</license_plate><vin>WY2DW7Y58P2UHZ6BB</vin><color>PowderBlue</color><year>1993</year></automobile><automobile><person_id>e17b859a-7b48-42d7-89d0-057175194367</person_id><license_plate>9-75691</license_plate><vin>7360CRE85CNYMFYMK</vin><color>GreenYellow</color><year>1999</year></automobile><automobile><person_id>fd5fd0b8-7e4d-4221-8563-b52f3f272233</person_id><license_plate>ZM 6720</license_plate><vin>MYF18ZLD9RSP1E3CL</vin><color>DarkRed</color><year>1994</year></automobile><automobile><person_id>fd5fd0b8-7e4d-4221-8563-b52f3f272233</person_id><license_plate>WQ 62319</license_plate><vin>75PU9AU67J4C72BN3</vin><color>DarkSalmon</color><year>2001</year></automobile><automobile><person_id>fceb23eb-75fe-49b5-865d-e50012651237</person_id><license_plate>926Z</license_plate><vin>YWTKWDXW3VH67RH79</vin><color>SeaShell</color><year>1984</year></automobile><automobile><person_id>14ca68e2-8fd5-454b-ab9c-cdfabb6e3b56</person_id><license_plate>173-LPT</license_plate><vin>9ZD4VM9E0D7KXSD9K</vin><color>Plum</color><year>1992</year></automobile><automobile><person_id>ccbad0f4-4922-4bc9-b97f-fa7e25c0ac3b</person_id><license_plate>4243 KK</license_plate><vin>6FS5E6WS6AU7Y1NZB</vin><color>Cyan</color><year>2000</year></automobile><automobile><person_id>d843d6d1-2548-4f54-9180-9aabca0a22e7</person_id><license_plate>36SR3</license_plate><vin>YC6GF1JR4X136WC8D</vin><color>GoldenRod</color><year>2009</year></automobile><automobile><person_id>d843d6d1-2548-4f54-9180-9aabca0a22e7</person_id><license_plate>5TK4166</license_plate><vin>08YYTWRB5M94TUTPS</vin><color>PaleVioletRed</color><year>1973</year></automobile><automobile><person_id>b9d7301b-af24-4a73-8e53-7e06377f44e1</person_id><license_plate>3THB773</license_plate><vin>K7KVXC4N1E3186JFA</vin><color>LawnGreen</color><year>2002</year></automobile><automobile><person_id>3b57f480-69ee-4514-9cdf-6f9cda84854e</person_id><license_plate>M20 2ZQ</license_plate><vin>VWU3Z63N4WDUPUS0R</vin><color>LightCyan</color><year>1986</year></automobile><automobile><person_id>a4bd989c-7955-4223-912f-3b86316cf1d9</person_id><license_plate>NUY I22</license_plate><vin>30B4A0B14LEWTGXWU</vin><color>MidnightBlue</color><year>1985</year></automobile><automobile><person_id>17252ac8-8d17-4742-a775-f00fa34ea388</person_id><license_plate>978-SER</license_plate><vin>38ZATJDT5MGYE8VY1</vin><color>MediumPurple</color><year>2021</year></automobile><automobile><person_id>5a15c551-6431-4e83-92b8-b5d8b9639337</person_id><license_plate>52WQ9</license_plate><vin>2E2YFUT29W5EULV6F</vin><color>Cornsilk</color><year>2015</year></automobile><automobile><person_id>5a15c551-6431-4e83-92b8-b5d8b9639337</person_id><license_plate>378I</license_plate><vin>G3DC4LRJ911W0K399</vin><color>DarkMagenta</color><year>1970</year></automobile><automobile><person_id>5a15c551-6431-4e83-92b8-b5d8b9639337</person_id><license_plate>DOH-4917</license_plate><vin>WYS2KKDY2SR6L849P</vin><color>BlanchedAlmond</color><year>2012</year></automobile><automobile><person_id>1c02aa3e-4d1d-4242-b699-984bae8f803e</person_id><license_plate>002-DDL</license_plate><vin>F2E7XXG1XLRMXDKAT</vin><color>Cyan</color><year>1973</year></automobile><automobile><person_id>1c02aa3e-4d1d-4242-b699-984bae8f803e</person_id><license_plate>358AY</license_plate><vin>6MNJ7ABA7BC2J819K</vin><color>BlanchedAlmond</color><year>1993</year></automobile><automobile><person_id>5afa8c7f-7b81-4c7f-8d6c-79a5c9a57762</person_id><license_plate>64P 3308</license_plate><vin>FKDTHXGD77TXBB88G</vin><color>DarkViolet</color><year>2021</year></automobile><automobile><person_id>5afa8c7f-7b81-4c7f-8d6c-79a5c9a57762</person_id><license_plate>AYD 009</license_plate><vin>B6YETB5C983C9RSCH</vin><color>CadetBlue</color><year>1973</year></automobile><automobile><person_id>5afa8c7f-7b81-4c7f-8d6c-79a5c9a57762</person_id><license_plate>91-8051H</license_plate><vin>A33MBGDW80MS8HV9K</vin><color>LemonChiffon</color><year>1996</year></automobile></automobiles>