<?xml version="1.0" encoding="UTF-8" ?><automobiles><automobile><person_id>3e9415fb-8ed5-4362-bf30-2e9689616156</person_id><license_plate>KGP-2257</license_plate><vin>H1GAKHUB1FG3K1R6L</vin><color>PaleVioletRed</color><year>2008</year></automobile><automobile><person_id>b3ebbcad-3c95-4e66-acfe-02fe5c6997a6</person_id><license_plate>549-REV</license_plate><vin>A83CTTZK4VH5HKYA9</vin><color>Peru</color><year>2002</year></automobile><automobile><person_id>38a64b25-6124-48fc-8513-848901a08944</person_id><license_plate>2-83879T</license_plate><vin>BY4S253K6ZDDX1B88</vin><color>CornflowerBlue</color><year>2016</year></automobile><automobile><person_id>38a64b25-6124-48fc-8513-848901a08944</person_id><license_plate>641 GTQ</license_plate><vin>3SGDDRW0XTU3LPG0A</vin><color>PowderBlue</color><year>1974</year></automobile><automobile><person_id>b70672d7-f29e-4aa9-a0a9-8b33073c61f2</person_id><license_plate>ZHR 029</license_plate><vin>8CMS3X231BBND2MJW</vin><color>Coral</color><year>2007</year></automobile><automobile><person_id>b70672d7-f29e-4aa9-a0a9-8b33073c61f2</person_id><license_plate>NLL4831</license_plate><vin>SDHRPBE22G6U1DU0Y</vin><color>Bisque</color><year>2018</year></automobile><automobile><person_id>7b9440bb-aa4b-4d71-b63e-080e9515c8fc</person_id><license_plate>804NU</license_plate><vin>LE0YU6RDXZKBDLBLB</vin><color>Ivory</color><year>1976</year></automobile><automobile><person_id>ba26bbca-9e35-4b41-844f-49a69fd0e4f3</person_id><license_plate>V41 7DJ</license_plate><vin>WC7TTKGG9U78UP3J5</vin><color>Crimson</color><year>1973</year></automobile><automobile><person_id>ba26bbca-9e35-4b41-844f-49a69fd0e4f3</person_id><license_plate>EGI8053</license_plate><vin>MYA2UYGM32MJY1XUR</vin><color>DarkBlue</color><year>2009</year></automobile><automobile><person_id>ba26bbca-9e35-4b41-844f-49a69fd0e4f3</person_id><license_plate>HBE 864</license_plate><vin>26CSVL2D8439NZJC6</vin><color>DarkOrange</color><year>2013</year></automobile><automobile><person_id>059b5d29-be4a-4bb5-947f-6217f251b2de</person_id><license_plate>LSX1544</license_plate><vin>CVP6H3EN7G03FYNGP</vin><color>CadetBlue</color><year>1972</year></automobile><automobile><person_id>059b5d29-be4a-4bb5-947f-6217f251b2de</person_id><license_plate>17-99416</license_plate><vin>X254480J1DRMX4PKC</vin><color>Teal</color><year>1985</year></automobile><automobile><person_id>af2505cf-cf86-4eba-9be7-c686a9e02695</person_id><license_plate>239 QTB</license_plate><vin>8UH8KPVX7ECM63LAC</vin><color>LightBlue</color><year>1986</year></automobile><automobile><person_id>af2505cf-cf86-4eba-9be7-c686a9e02695</person_id><license_plate>274120</license_plate><vin>4HULFSE41WSP2EGRW</vin><color>MediumSlateBlue</color><year>1991</year></automobile><automobile><person_id>5ebb8c26-a6ee-4786-b005-d61115cdb94a</person_id><license_plate>123-FZU</license_plate><vin>7J364JM47D42ENZVK</vin><color>Fuchsia</color><year>1997</year></automobile><automobile><person_id>d4378512-13ad-452e-9aea-66a26c33697c</person_id><license_plate>43-39280</license_plate><vin>9PBJ798R6PCAGNMBM</vin><color>MediumTurquoise</color><year>1993</year></automobile><automobile><person_id>d4378512-13ad-452e-9aea-66a26c33697c</person_id><license_plate>FV1 R3C</license_plate><vin>UR0NCE2V6ZRZRTGFJ</vin><color>AliceBlue</color><year>1989</year></automobile><automobile><person_id>d4378512-13ad-452e-9aea-66a26c33697c</person_id><license_plate>553R</license_plate><vin>YJ0HU7A64171DLHE5</vin><color>SlateBlue</color><year>2001</year></automobile><automobile><person_id>455f087a-096d-4d8a-9d86-ab650a1f31ee</person_id><license_plate>2M JL595</license_plate><vin>H142DSM7264VFKJBY</vin><color>LightSkyBlue</color><year>1973</year></automobile><automobile><person_id>455f087a-096d-4d8a-9d86-ab650a1f31ee</person_id><license_plate>T45 8XR</license_plate><vin>95L12A8V0B555GR34</vin><color>LightSalmon</color><year>1986</year></automobile><automobile><person_id>cbd9e31d-499e-42cc-afee-ee5e1ff684b9</person_id><license_plate>T51 9TQ</license_plate><vin>4ANY3LM20X6DB7V5C</vin><color>MediumBlue</color><year>1986</year></automobile><automobile><person_id>cbd9e31d-499e-42cc-afee-ee5e1ff684b9</person_id><license_plate>339JR</license_plate><vin>Z6VSEP4B8GBUWD8B1</vin><color>DarkMagenta</color><year>1979</year></automobile><automobile><person_id>cbd9e31d-499e-42cc-afee-ee5e1ff684b9</person_id><license_plate>62A•461</license_plate><vin>CDANEHB81UCBXEYDW</vin><color>DarkSalmon</color><year>1992</year></automobile><automobile><person_id>10da4de7-5e1a-4237-9008-889fe8b2d9d9</person_id><license_plate>594 2016</license_plate><vin>U33ZSCY86EBTGG6HE</vin><color>Tomato</color><year>2018</year></automobile><automobile><person_id>10da4de7-5e1a-4237-9008-889fe8b2d9d9</person_id><license_plate>VRY-8120</license_plate><vin>YZ48WJ5L86JYM6URM</vin><color>Gray</color><year>2021</year></automobile><automobile><person_id>57de4df3-e954-432a-b88f-3c3d734a4052</person_id><license_plate>0AC 419</license_plate><vin>WZ1TK33J4N2Y223NP</vin><color>LightSkyBlue</color><year>2016</year></automobile><automobile><person_id>bb220163-9cf7-4e96-b83b-45dc13638739</person_id><license_plate>5BY W36</license_plate><vin>USYRZCCV0P9PJLR8F</vin><color>DarkOliveGreen</color><year>2022</year></automobile><automobile><person_id>7a5cb22c-4b5e-475f-883e-4c335ded0e20</person_id><license_plate>539-WXDE</license_plate><vin>PHVV5HSK16URWJVGD</vin><color>FloralWhite</color><year>2006</year></automobile><automobile><person_id>a3586c41-e960-47f9-afc0-f4c6aa0135e9</person_id><license_plate>394 LIA</license_plate><vin>2TYKFG9E4DLGU6KJ9</vin><color>Bisque</color><year>2015</year></automobile><automobile><person_id>f7f7c5a6-4f95-47d0-86b0-14ee9d4191cb</person_id><license_plate>013 WSQ</license_plate><vin>N16DW6WS9KL568EVR</vin><color>Tan</color><year>2017</year></automobile><automobile><person_id>4f38f810-2e3f-4d6e-a21a-9b7e3a63ea44</person_id><license_plate>379 9385</license_plate><vin>XXYBVKBJ5ZDG00VTZ</vin><color>OldLace</color><year>1978</year></automobile><automobile><person_id>0b855062-f040-4d02-93ba-222977c55d1d</person_id><license_plate>61M Q75</license_plate><vin>KRDENNSB4Z80TCY7K</vin><color>Wheat</color><year>1986</year></automobile><automobile><person_id>4f609a05-7e3a-4abc-a2ca-36050642cf2c</person_id><license_plate>BIY-8534</license_plate><vin>25F0XYK64PR0XJZEU</vin><color>OrangeRed</color><year>1999</year></automobile><automobile><person_id>fe0f3057-3249-4a33-b1a3-3a987f6d1100</person_id><license_plate>7OP X57</license_plate><vin>TH6JPA9936NHTXFZC</vin><color>MediumOrchid</color><year>2000</year></automobile><automobile><person_id>fe0f3057-3249-4a33-b1a3-3a987f6d1100</person_id><license_plate>9QL J16</license_plate><vin>DYDT85GCX8Y3UZM54</vin><color>DarkOliveGreen</color><year>1973</year></automobile><automobile><person_id>c46e3973-9883-4eb5-a93d-8c1070570831</person_id><license_plate>784-QBJ</license_plate><vin>3NV1UDNP14AUSV98S</vin><color>Brown</color><year>2022</year></automobile><automobile><person_id>f73efc9a-ddfe-4e91-afb8-a94074e57f1e</person_id><license_plate>722 3PQ</license_plate><vin>TGTEE2VH9RS4JC3YJ</vin><color>Yellow</color><year>2008</year></automobile><automobile><person_id>06fbd0c6-7623-40c3-87b0-97613fa00226</person_id><license_plate>65-VZ46</license_plate><vin>TU5SL423975YXT1T2</vin><color>DimGray</color><year>1974</year></automobile><automobile><person_id>48c26f4b-1405-4e5f-bb0a-312489f4506c</person_id><license_plate>ZXW 501</license_plate><vin>GNPXHWW08EUYWW92N</vin><color>LightSlateGray</color><year>1976</year></automobile><automobile><person_id>48c26f4b-1405-4e5f-bb0a-312489f4506c</person_id><license_plate>612 FZS</license_plate><vin>ETTM6H9E6DH1LX2JH</vin><color>Blue</color><year>1985</year></automobile><automobile><person_id>e0e0e450-4801-43cc-a5a4-74073edfe33b</person_id><license_plate>MHK 326</license_plate><vin>UVBVS8NE0YF6Y5XMJ</vin><color>Tan</color><year>1988</year></automobile><automobile><person_id>58c2f79c-733e-4b1d-91ad-d033e21178f5</person_id><license_plate>405-BYL</license_plate><vin>D2Z9YSZA3LZNPSYNV</vin><color>HotPink</color><year>2023</year></automobile><automobile><person_id>58c2f79c-733e-4b1d-91ad-d033e21178f5</person_id><license_plate>2356 TX</license_plate><vin>ACMVGJF34J2EHZVEC</vin><color>AliceBlue</color><year>2012</year></automobile><automobile><person_id>75f820f8-06e3-467e-95f6-5b96233442a4</person_id><license_plate>4425 IY</license_plate><vin>EKBEM5KD3HDK72Y9B</vin><color>Fuchsia</color><year>1975</year></automobile><automobile><person_id>75f820f8-06e3-467e-95f6-5b96233442a4</person_id><license_plate>1BN O90</license_plate><vin>5Z2E6XP22G59Z1M3C</vin><color>Brown</color><year>1992</year></automobile><automobile><person_id>75f820f8-06e3-467e-95f6-5b96233442a4</person_id><license_plate>QCR-4950</license_plate><vin>LR1MSVR2XSAE6V70Y</vin><color>SteelBlue</color><year>2017</year></automobile><automobile><person_id>2db4dfec-84c4-4817-8801-6adb2b6fadcf</person_id><license_plate>681 XEM</license_plate><vin>4VC6ZTTM300F7FV6D</vin><color>Plum</color><year>2005</year></automobile><automobile><person_id>2db4dfec-84c4-4817-8801-6adb2b6fadcf</person_id><license_plate>8-91588</license_plate><vin>VWZNXM5S2X9G64HAJ</vin><color>Gainsboro</color><year>1991</year></automobile><automobile><person_id>a8dcb837-44d9-4aec-906e-894a7c81cd60</person_id><license_plate>896 7WW</license_plate><vin>R7E2SNE8XLF5962XM</vin><color>PaleGreen</color><year>2015</year></automobile><automobile><person_id>a8dcb837-44d9-4aec-906e-894a7c81cd60</person_id><license_plate>JWX V69</license_plate><vin>UAJAEVLXXAK4HMKCD</vin><color>LightCyan</color><year>1988</year></automobile><automobile><person_id>ee5b3a03-630d-43de-bda2-ceffa5a85251</person_id><license_plate>71Y•936</license_plate><vin>JYZVS0606TJYBN4F0</vin><color>MistyRose</color><year>2016</year></automobile><automobile><person_id>ee5b3a03-630d-43de-bda2-ceffa5a85251</person_id><license_plate>511-JGM</license_plate><vin>JKRVW3UU82ENHS235</vin><color>SkyBlue</color><year>1974</year></automobile><automobile><person_id>ee5b3a03-630d-43de-bda2-ceffa5a85251</person_id><license_plate>ERU-0770</license_plate><vin>Z4780U9T4J1G2RBPL</vin><color>SeaShell</color><year>2011</year></automobile><automobile><person_id>c8361145-5c20-4c9c-b88d-d4c527659a52</person_id><license_plate>LZF6424</license_plate><vin>PBF8W04W0JMH11FDG</vin><color>DeepPink</color><year>2008</year></automobile><automobile><person_id>c8361145-5c20-4c9c-b88d-d4c527659a52</person_id><license_plate>XNB-456</license_plate><vin>X80WZXTFXDFECSF5V</vin><color>LightPink</color><year>2011</year></automobile><automobile><person_id>bcb1f917-69a4-4329-82a7-64c56e0e23da</person_id><license_plate>SCF 074</license_plate><vin>MCM9MURF5ZED649JC</vin><color>Sienna</color><year>1977</year></automobile><automobile><person_id>09245fdf-ec14-4d08-bca9-6548881d29a1</person_id><license_plate>173-XUCY</license_plate><vin>PMKAKHN23ZA84PUDS</vin><color>Ivory</color><year>1981</year></automobile><automobile><person_id>09245fdf-ec14-4d08-bca9-6548881d29a1</person_id><license_plate>5389</license_plate><vin>F4651L3X2UG4RTV0Z</vin><color>Cyan</color><year>1982</year></automobile><automobile><person_id>834c8ae6-8f47-449b-b662-e2a4591d4612</person_id><license_plate>Z51-VRC</license_plate><vin>RJDHVUF39H1AV8UT3</vin><color>Indigo</color><year>1984</year></automobile><automobile><person_id>420f1fa0-9ccd-48ef-8eba-e18478010260</person_id><license_plate>4-6217F</license_plate><vin>ANR2YY9Y5U3FP4XWR</vin><color>Aqua</color><year>2013</year></automobile><automobile><person_id>420f1fa0-9ccd-48ef-8eba-e18478010260</person_id><license_plate>897 WYA</license_plate><vin>NM9Y14X46CF3LUATW</vin><color>Navy</color><year>1974</year></automobile><automobile><person_id>39674409-c0fa-4121-8ee0-bdb7b984cef4</person_id><license_plate>7-2735U</license_plate><vin>MV3JRXX895AWKU17F</vin><color>WhiteSmoke</color><year>2011</year></automobile><automobile><person_id>39674409-c0fa-4121-8ee0-bdb7b984cef4</person_id><license_plate>BAH6491</license_plate><vin>2YWC0N459WH3RMLNA</vin><color>Aqua</color><year>2000</year></automobile><automobile><person_id>dd844054-321a-4b63-9bef-f429a3aeb8bc</person_id><license_plate>JD5 N5X</license_plate><vin>MK6CMZWL1WCFZE2NK</vin><color>Pink</color><year>1992</year></automobile><automobile><person_id>dd844054-321a-4b63-9bef-f429a3aeb8bc</person_id><license_plate>6T EH295</license_plate><vin>1WK3K9GM4WRYYG6P6</vin><color>BlanchedAlmond</color><year>2005</year></automobile><automobile><person_id>cf8ef98f-636b-4393-9fca-e9833f6406cd</person_id><license_plate>PTJ-0605</license_plate><vin>ALL9WJAF3HBLT5ESR</vin><color>LimeGreen</color><year>2012</year></automobile><automobile><person_id>a16da65b-5c28-4e1c-bbc1-3748616ee8df</person_id><license_plate>71-5003S</license_plate><vin>BD1411YE6926V5NNM</vin><color>GhostWhite</color><year>1974</year></automobile><automobile><person_id>a16da65b-5c28-4e1c-bbc1-3748616ee8df</person_id><license_plate>01-17416</license_plate><vin>UX0URKTV6M3N35P3T</vin><color>PapayaWhip</color><year>2009</year></automobile><automobile><person_id>650fcf3f-0e29-4cef-a81a-0644b1aacd92</person_id><license_plate>13-NB82</license_plate><vin>8L8RG2TY0WJCYR7M7</vin><color>SteelBlue</color><year>2023</year></automobile><automobile><person_id>650fcf3f-0e29-4cef-a81a-0644b1aacd92</person_id><license_plate>843NCS</license_plate><vin>7ZF0NKE97ZAFP3XSV</vin><color>Aqua</color><year>1990</year></automobile><automobile><person_id>1abc3473-cdad-4611-a8e1-677a5d8ee712</person_id><license_plate>87-1008Z</license_plate><vin>CXKAR33088E5GKYJR</vin><color>DarkSeaGreen</color><year>2015</year></automobile><automobile><person_id>1abc3473-cdad-4611-a8e1-677a5d8ee712</person_id><license_plate>UAN N58</license_plate><vin>WJ49FSJC2TGP92JTG</vin><color>MediumTurquoise</color><year>1973</year></automobile><automobile><person_id>5c5f997d-85c8-4000-b7e4-9eeaa6e5be80</person_id><license_plate>3-1542C</license_plate><vin>BH81AN2C3ZCP8E5AS</vin><color>DarkSalmon</color><year>1981</year></automobile><automobile><person_id>5c5f997d-85c8-4000-b7e4-9eeaa6e5be80</person_id><license_plate>RZ-3787</license_plate><vin>HRB9R96P3KJ8XNTUR</vin><color>LemonChiffon</color><year>2014</year></automobile><automobile><person_id>5c5f997d-85c8-4000-b7e4-9eeaa6e5be80</person_id><license_plate>776-PAIY</license_plate><vin>M4DLYCJH008KMLYWR</vin><color>DarkOliveGreen</color><year>1973</year></automobile><automobile><person_id>68bdffc0-7aff-4414-b879-f8b571794fa8</person_id><license_plate>EFZ4981</license_plate><vin>7C4HJMRCX7RNHUTP9</vin><color>LightBlue</color><year>1985</year></automobile><automobile><person_id>51226066-9f3d-482f-a245-9a9b7c1698c8</person_id><license_plate>INP3728</license_plate><vin>YBS25CFA8E61WL4NH</vin><color>IndianRed</color><year>1996</year></automobile><automobile><person_id>c6af9f22-c385-457c-9a2f-0e6cf82fefee</person_id><license_plate>C35-QCX</license_plate><vin>2FKFEA670N7THLSMU</vin><color>Moccasin</color><year>1974</year></automobile><automobile><person_id>c6af9f22-c385-457c-9a2f-0e6cf82fefee</person_id><license_plate>774L8</license_plate><vin>1F12J3L7XAKVCZ0KF</vin><color>PaleGoldenRod</color><year>1991</year></automobile><automobile><person_id>c6af9f22-c385-457c-9a2f-0e6cf82fefee</person_id><license_plate>90F 6636</license_plate><vin>7RS8WSX09B71U399R</vin><color>Teal</color><year>2001</year></automobile><automobile><person_id>0b7c8a60-e2b6-488d-a203-096e240927e6</person_id><license_plate>47A•083</license_plate><vin>H2NZZ41W6BLM0V3NT</vin><color>PapayaWhip</color><year>1980</year></automobile><automobile><person_id>3017e72b-46b0-4601-b54a-6293dbf4eb3b</person_id><license_plate>8I 7281Z</license_plate><vin>6RUEP7HZ781RPWURC</vin><color>Red</color><year>2004</year></automobile><automobile><person_id>f414dcff-a495-4258-a0ae-1dc36f87a606</person_id><license_plate>OZA-1896</license_plate><vin>ZAE1N39T9J5KW4FSN</vin><color>LightSlateGray</color><year>2013</year></automobile><automobile><person_id>f414dcff-a495-4258-a0ae-1dc36f87a606</person_id><license_plate>P 095185</license_plate><vin>1V2ZWAD57ASJGPELP</vin><color>MediumVioletRed</color><year>1977</year></automobile><automobile><person_id>52cec01d-abe1-46cc-aae2-e47763fb04ad</person_id><license_plate>593-SQR</license_plate><vin>YR7ADPXK6P4KJHPVG</vin><color>DarkCyan</color><year>1970</year></automobile><automobile><person_id>6f0c3bbd-e733-4103-9dfa-4b7ccbd6f6b4</person_id><license_plate>HLJ 372</license_plate><vin>RDK0KXUS3CLV6N9E5</vin><color>OldLace</color><year>2009</year></automobile><automobile><person_id>668292fe-8b21-412b-b67f-c48ac7668ad3</person_id><license_plate>CGZ 727</license_plate><vin>5KVX33D27A0L8PYAN</vin><color>LightSlateGray</color><year>1970</year></automobile><automobile><person_id>668292fe-8b21-412b-b67f-c48ac7668ad3</person_id><license_plate>ILP 528</license_plate><vin>34LLZV6K01BJWSL8S</vin><color>Pink</color><year>2011</year></automobile><automobile><person_id>6f4a0f6a-b822-4f6b-9d29-38f42efb291c</person_id><license_plate>279-RHF</license_plate><vin>2YBP7JJK8K4WCR8N4</vin><color>LightGray</color><year>2010</year></automobile><automobile><person_id>6f4a0f6a-b822-4f6b-9d29-38f42efb291c</person_id><license_plate>WY 33779</license_plate><vin>8DG2J692457J067DR</vin><color>DarkRed</color><year>1989</year></automobile><automobile><person_id>f7144f4d-d110-46f6-89f6-4b57bcc3b274</person_id><license_plate>ZIZ7073</license_plate><vin>3RV0021EXL3NY3N9A</vin><color>LightSeaGreen</color><year>1973</year></automobile><automobile><person_id>99ff244e-b14f-4cdf-a1f6-45c00699bbfd</person_id><license_plate>719 FEQ</license_plate><vin>MGANTDNS1PF7D4N7U</vin><color>MediumVioletRed</color><year>1977</year></automobile><automobile><person_id>c2a4675b-fd2c-4959-89ca-e13aba6cfb86</person_id><license_plate>960XJH</license_plate><vin>WPK93LY2947MELPCX</vin><color>DarkCyan</color><year>1973</year></automobile><automobile><person_id>94799a94-4c1e-4319-8abc-d5209a33f95e</person_id><license_plate>FRJ-2516</license_plate><vin>TYL1E2HY36AB01MKH</vin><color>Orange</color><year>2015</year></automobile><automobile><person_id>e0e4b20f-c32b-412d-943a-eb65c83894de</person_id><license_plate>7UZ 346</license_plate><vin>875082XS0P7THH37U</vin><color>SeaShell</color><year>1977</year></automobile><automobile><person_id>e0e4b20f-c32b-412d-943a-eb65c83894de</person_id><license_plate>79-ZO04</license_plate><vin>LPEVJWBMX70RPL737</vin><color>PowderBlue</color><year>1984</year></automobile><automobile><person_id>e3626c3f-0dd8-4c97-9cd1-bee43e232d9f</person_id><license_plate>XVF2250</license_plate><vin>6895SMA751RWL6PCT</vin><color>LightSlateGray</color><year>2019</year></automobile><automobile><person_id>dc7d410b-ba25-44dd-b9d7-a944c56741db</person_id><license_plate>163 7XR</license_plate><vin>9VY0H6BD3YSRFVK88</vin><color>Beige</color><year>1974</year></automobile><automobile><person_id>dc7d410b-ba25-44dd-b9d7-a944c56741db</person_id><license_plate>IBG9249</license_plate><vin>AXSTCXAP9XFX10RC8</vin><color>BlanchedAlmond</color><year>1978</year></automobile><automobile><person_id>2bb6727c-8a0e-4280-a0b2-e2f004bb649a</person_id><license_plate>LHQ 773</license_plate><vin>ATC952E34BA7CKMFC</vin><color>Turquoise</color><year>2000</year></automobile><automobile><person_id>6c043d38-052a-4bbf-bdfb-ebd25e27cd43</person_id><license_plate>74O 6300</license_plate><vin>P465L1K51X7PNDFR1</vin><color>FireBrick</color><year>2004</year></automobile><automobile><person_id>6c043d38-052a-4bbf-bdfb-ebd25e27cd43</person_id><license_plate>2HG58</license_plate><vin>DHYTHFN841MU2HD4S</vin><color>NavajoWhite</color><year>1989</year></automobile><automobile><person_id>6c043d38-052a-4bbf-bdfb-ebd25e27cd43</person_id><license_plate>047 RGZ</license_plate><vin>EUNKG1Z6293ZUUC68</vin><color>SeaShell</color><year>2021</year></automobile><automobile><person_id>2163522d-75a5-437e-8200-e32d013794de</person_id><license_plate>807-OQB</license_plate><vin>N6MRBCY74SRXV2U65</vin><color>DarkSeaGreen</color><year>1979</year></automobile><automobile><person_id>d7a900ab-ce3a-4e9e-9013-b6428d29c7ed</person_id><license_plate>4336</license_plate><vin>5W5Z1MRN7LCNXHFBD</vin><color>LightCoral</color><year>1985</year></automobile><automobile><person_id>d7a900ab-ce3a-4e9e-9013-b6428d29c7ed</person_id><license_plate>073 NSO</license_plate><vin>DAFJ62DV91TC8P86L</vin><color>Tomato</color><year>2012</year></automobile><automobile><person_id>92a9c0ac-f164-4c33-87c5-28415e0fa0ee</person_id><license_plate>TOC 4665</license_plate><vin>UUVBJ00Y0G60DXT1H</vin><color>DodgerBlue</color><year>2007</year></automobile><automobile><person_id>fe1e495d-2303-4efc-b543-3a5a67664c81</person_id><license_plate>HSD 346</license_plate><vin>TBLDGV3KXRH0Y65MT</vin><color>MediumSeaGreen</color><year>1971</year></automobile><automobile><person_id>f1c69887-1cb8-48a8-a59e-d03deb79b852</person_id><license_plate>3622 VU</license_plate><vin>9AXCCS9X264L5JB65</vin><color>GreenYellow</color><year>1990</year></automobile><automobile><person_id>663cecdb-ebdc-49e5-a211-43bd4f498de9</person_id><license_plate>6LJ 384</license_plate><vin>MWKU0CXZ52BTPFGNW</vin><color>Chocolate</color><year>2019</year></automobile><automobile><person_id>663cecdb-ebdc-49e5-a211-43bd4f498de9</person_id><license_plate>216 2MY</license_plate><vin>6NHNNKNBX1XVUM7CA</vin><color>Olive</color><year>2001</year></automobile><automobile><person_id>2c43d3d5-4350-4b6b-a3aa-f29668544eef</person_id><license_plate>5BZ F02</license_plate><vin>PRJHETZ56T0N3K5K1</vin><color>DarkBlue</color><year>2005</year></automobile><automobile><person_id>3fad7cec-6eb8-4d2d-b7f9-1303449d8ef5</person_id><license_plate>H 714899</license_plate><vin>DWP9KYP26LCZB4NG5</vin><color>SkyBlue</color><year>2020</year></automobile><automobile><person_id>5902838b-618c-4435-8e9b-2308c5642180</person_id><license_plate>92F M75</license_plate><vin>Y2PT16AXXC9E6FHBH</vin><color>OldLace</color><year>1984</year></automobile><automobile><person_id>ae113a01-4448-47b4-87f7-24ee6f592e3b</person_id><license_plate>LGF5086</license_plate><vin>KG41FGVEXZ6NCHFGC</vin><color>MediumSlateBlue</color><year>1975</year></automobile><automobile><person_id>ae113a01-4448-47b4-87f7-24ee6f592e3b</person_id><license_plate>92YF153</license_plate><vin>JSJVW0CK21D880YAH</vin><color>RoyalBlue</color><year>2019</year></automobile><automobile><person_id>84dba3ce-495f-459f-9392-5e8a4bd49b10</person_id><license_plate>87Q L99</license_plate><vin>V23G1RC30NVH3ZHZ7</vin><color>LightGoldenRodYellow</color><year>2013</year></automobile><automobile><person_id>e5d92e7c-4e4e-4f2d-be40-faf8f618780f</person_id><license_plate>816 KNF</license_plate><vin>5APVMHA95C5E42KAU</vin><color>GreenYellow</color><year>1995</year></automobile><automobile><person_id>99bd0f98-279c-4a60-bfcf-e5a79d443d2d</person_id><license_plate>3GE 937</license_plate><vin>7LKPD1AS8LZLKYZ2G</vin><color>RosyBrown</color><year>1992</year></automobile><automobile><person_id>99bd0f98-279c-4a60-bfcf-e5a79d443d2d</person_id><license_plate>YDK 733</license_plate><vin>L1PZHZET1LF5NCWKT</vin><color>RoyalBlue</color><year>2011</year></automobile><automobile><person_id>6b795a0e-4ca3-4e4f-9433-10a3bf55ccf7</person_id><license_plate>946ZDX</license_plate><vin>A79GDDBP1LT3VL2PP</vin><color>Silver</color><year>1991</year></automobile><automobile><person_id>6b795a0e-4ca3-4e4f-9433-10a3bf55ccf7</person_id><license_plate>NNR 126</license_plate><vin>A2BTD2PZXP48SX3BS</vin><color>MediumOrchid</color><year>1974</year></automobile><automobile><person_id>6b795a0e-4ca3-4e4f-9433-10a3bf55ccf7</person_id><license_plate>MVW 076</license_plate><vin>5NU9U2B44M0BX0795</vin><color>LightGoldenRodYellow</color><year>1972</year></automobile><automobile><person_id>5cd3205b-296a-4d02-8d81-61b0b57f5c24</person_id><license_plate>HWM 939</license_plate><vin>236RACPB92HRMET0W</vin><color>PaleTurquoise</color><year>2005</year></automobile><automobile><person_id>5cd3205b-296a-4d02-8d81-61b0b57f5c24</person_id><license_plate>403 XSN</license_plate><vin>YLEAXDUF6XRB4A9TL</vin><color>GhostWhite</color><year>1995</year></automobile></automobiles>