"id"|"first_name"|"last_name"|"sex"|"address"|"phone_number"|"profession"|"company"|"date_of_birth"
"dae7c3a1-4913-4f01-998f-dc5935a43df1"|"Colleen"|"Osborne"|"F"|"880 Hart Estates Suite 718"|"001-976-697-4033"|"Biomedical scientist"|"Murray-Day"|"1968-07-17"
"e116e161-0a81-49b5-a4b9-1a952fbc892c"|"Cynthia"|"Espinoza"|"F"|"775 Haney Prairie Suite 518"|"+1-959-897-0271x87671"|"Fish farm manager"|"Brooks-Stephens"|"1932-06-07"
"8afe417e-9ed0-4bf6-96fe-60b43aae3fcb"|"Latoya"|"Gates"|"F"|"50 Cox Turnpike Apt. 083"|"447.234.4662"|"Press photographer"|"Gonzales, Drake and Bautista"|"1979-03-05"
"cf9913f4-79a9-4b18-acd0-aab544f12a03"|"Sharon"|"Hubbard"|"F"|"815 Andrew Street Apt. 107"|"431-324-4004"|"Teaching laboratory technician"|"Heath, Duran and Thomas"|"2004-07-20"
"a6d0daaa-d3a3-42dc-952e-4a27e3ff3f1d"|"Rebecca"|"Freeman"|"F"|"969 Jackson Harbors Suite 257"|"+1-641-503-3835x563"|"Chartered management accountant"|"Holder-Thompson"|"1968-06-16"
"44b4692d-243d-45d3-900b-7af793088775"|"Katherine"|"Hernandez"|"F"|"283 Phillip Spring"|"(400)487-9715x7981"|"Corporate investment banker"|"Hampton-Barton"|"2001-12-27"
"9160c6f3-cc2e-4e2e-bc28-1bd21e12acb6"|"Robyn"|"Lynn"|"F"|"305 Banks Curve Apt. 123"|"001-348-557-7814x05624"|"Radiographer, diagnostic"|"Davis-Bennett"|"2023-08-13"
"92c58942-8c07-4562-94a6-c2a0979e6cb1"|"Bell"|"Glover"|"F"|"488 Alexis Freeway Apt. 358"|"571-832-7742x7015"|"Plant breeder/geneticist"|"Perry, Moore and Williams"|"1959-07-26"
"ef2c45d9-e5fa-4fdf-8a3f-59044f70b517"|"Michael"|"Holmes"|"M"|"115 Bruce View Suite 976"|"001-551-443-7405"|"Retail banker"|"Davis Ltd"|"1983-09-26"
"401e60bd-54ec-4800-a8d8-5b147d4f9d06"|"Marissa"|"Baker"|"F"|"40 Jeffery Isle"|"547.843.5707x283"|"Designer, furniture"|"Myers LLC"|"1995-03-29"
"46040928-24e3-49ba-89da-17daa15ef931"|"Eric"|"Lynch"|"M"|"582 Quinn Divide"|"001-507-408-9870x9144"|"English as a foreign language teacher"|"Callahan Inc"|"1939-06-06"
"841a9dd8-deeb-4c24-8a3e-74266d1653ec"|"Christian"|"Glover"|"M"|"846 Nelson Estate"|"830-555-5284x878"|"Operational investment banker"|"Moore Ltd"|"2003-05-11"
"24f18af5-6da8-4e3b-a436-be65b3ac545a"|"David"|"Hubbard"|"M"|"646 Banks Curve Apt. 123"|"699.806.6251x644"|"Building surveyor"|"Booker-Willis"|"2022-08-10"
"1070a4d6-4995-42ae-9b25-0daa3fbf5f98"|"Ashley"|"Burns"|"F"|"623 Ortiz Brooks"|"757-261-9705"|"Company secretary"|"Harris Group"|"1986-10-25"
"0b566e5f-9f57-425d-a4bf-373fb63ee5ef"|"Brittany"|"Moore"|"F"|"180 Robin Junctions Apt. 618"|"+1-568-814-1175x2719"|"Professor Emeritus"|"Orr-Hoffman"|"1957-11-23"
"b8ab774b-4ace-481b-8e19-c49de3dca0a1"|"Jillian"|"Torres"|"F"|"363 Rachel Pine"|"344.478.0757"|"Surveyor, commercial/residential"|"Jones PLC"|"1986-10-17"
"44819a1b-610d-44e0-a37b-990e0e711337"|"Kimberly"|"Jackson"|"F"|"821 Vincent Mountain Apt. 316"|"(488)787-4687x93000"|"Aid worker"|"Payne-Odonnell"|"1918-02-13"
"ee925e7a-5405-4a1b-acde-c1092249f714"|"Samuel"|"Riley"|"M"|"119 Aimee Circles"|"+1-685-676-9803x15421"|"Surgeon"|"Brewer, Swanson and Lawson"|"1991-06-16"
"31939854-6707-407f-b331-92f97fa94252"|"Heather"|"Norman"|"F"|"116 Hernandez Parkways Suite 200"|"(832)376-3470x7466"|"Forensic scientist"|"Gaines, Moore and Joseph"|"1936-02-09"
"64fb42f0-e5d6-41c4-82e9-7ed0075e5228"|"Kathryn"|"Mendoza"|"F"|"928 Rosario Loop"|"936.601.2278"|"Editor, commissioning"|"Holt Group"|"1999-04-07"
"ac518adb-cb7e-45ad-a249-99e13ba4b769"|"David"|"Davis"|"M"|"280 Quinn Divide"|"820-594-5866x07627"|"Secretary, company"|"Vaughn-Fisher"|"2018-06-15"
"2406f640-fef9-491e-bb9c-e25579fb8761"|"Joshua"|"Robinson"|"M"|"660 Jones Cliffs Suite 657"|"(905)567-5408"|"Furniture conservator/restorer"|"Dunn LLC"|"1915-04-04"
"c637420c-e3c2-47b6-8e88-e3e3d68295b9"|"Haley"|"Mitchell"|"F"|"229 Welch Walk"|"(303)780-7225x9987"|"Editorial assistant"|"Hanson, Davis and Mcclain"|"1994-08-04"
"e7a9d107-3bf9-4006-8574-521be5822ee1"|"Cheryl"|"Mcdowell"|"F"|"25 Tara Inlet"|"(492)772-3119"|"Haematologist"|"Chavez, Greene and Hanson"|"1936-07-10"
"d989c284-164b-4372-b5c4-7bb8230c00eb"|"Jennifer"|"Torres"|"F"|"10 Jackson Harbors Suite 257"|"284.452.1945x38932"|"Teaching laboratory technician"|"Curry, Rivers and Garrett"|"1950-12-07"
"922fe533-8a1c-4c0f-9dac-1bacdd8b9ee4"|"Stephen"|"Gomez"|"M"|"463 Thornton Land Suite 697"|"253.519.1953x462"|"Accounting technician"|"Curtis, James and Campbell"|"1950-12-08"
"41b2e712-7cbe-4eec-acd3-9a45dc4fe09f"|"Julie"|"Romero"|"F"|"355 Martinez Grove Apt. 125"|"6664454091"|"Designer, ceramics/pottery"|"Rios LLC"|"2012-08-27"
"c3a481cf-77e9-4144-a1df-1a8752497fd0"|"Autumn"|"Hooper"|"F"|"980 Bailey Trail"|"+1-688-941-7029x1707"|"Engineer, civil (contracting)"|"Silva, Ball and Johnson"|"1986-06-08"
"a9e91af4-5f36-4d44-b898-9bb9f4da5343"|"Hannah"|"Jones"|"F"|"748 Patricia Row"|"468-301-2364x134"|"Administrator, education"|"Ross-Reynolds"|"2012-09-24"
"edc56197-f3a2-4f39-b7d1-9e2650d28a4d"|"Troy"|"Garcia"|"M"|"172 Jeffery Isle"|"001-932-284-0606x16736"|"Press sub"|"Adams-Welch"|"2003-02-02"
"d404f497-07fc-404c-8bcf-12ad22b405f1"|"John"|"Powers"|"M"|"628 Mills Springs"|"9999872939"|"Occupational hygienist"|"Phillips LLC"|"1913-02-16"
"14ef5f0c-5879-49e6-a90c-8979c3e50f18"|"Bonnie"|"Jones"|"F"|"689 Bailey Trail"|"9119869746"|"Water quality scientist"|"Holt, Stewart and Johnson"|"1975-04-14"
"88597876-f527-4004-a000-63e3a7e3e97f"|"Maria"|"Weiss"|"F"|"680 Smith Avenue Apt. 759"|"575-566-5087x97854"|"Scientist, water quality"|"Norris Inc"|"1959-04-24"
"ceffeb4e-b4c3-432e-a243-35c591848cb4"|"Jessica"|"Williams"|"F"|"336 Rachel Pine"|"9267246314"|"Administrator, education"|"Ray-Moore"|"1979-04-09"
"6ca62e2d-adf1-4d37-b812-c6bd05c7f207"|"Amber"|"Torres"|"F"|"92 Andrew Street Apt. 107"|"350-908-3796x608"|"Technical sales engineer"|"Cowan and Sons"|"2021-12-27"
"7f5e9ece-1e29-465e-969f-b4b7bc8a041a"|"Lindsay"|"Glover"|"F"|"156 Matthew Keys"|"+1-414-765-4481x44348"|"Farm manager"|"Butler, Stark and Woods"|"1945-01-07"
"4fa2e423-47d5-486f-b511-44ec08292cd2"|"Kristina"|"Padilla"|"F"|"344 Rosario Loop"|"993-311-9299x3431"|"Futures trader"|"Melton-Day"|"1972-03-02"
"0bff75ca-a748-4765-b8c4-a56d4a32332f"|"Theresa"|"Steele"|"F"|"441 Quinn Divide"|"266-767-9111x881"|"Health and safety inspector"|"Peterson-Good"|"1915-02-27"
"1588069e-9c81-4d8c-8b5f-87e0c2135c27"|"Gail"|"Torres"|"F"|"281 Weaver Haven"|"+1-760-948-3347x03974"|"Cartographer"|"Thompson LLC"|"2010-04-04"
"4fdb4729-3415-489e-b6c7-c47d6fc9af53"|"Joe"|"Johnston"|"M"|"306 Chandler Tunnel Suite 681"|"001-997-757-4210"|"Academic librarian"|"Phillips-Prince"|"1917-10-12"
"047bce9c-eb4c-4816-91a8-1c134047bbc7"|"Andrea"|"Goodwin"|"F"|"965 May Rest Suite 582"|"(420)213-6244x86838"|"Senior tax professional/tax inspector"|"Myers-Velasquez"|"1964-01-28"
"f2df3e98-86f0-4993-a2e6-1353dd60830a"|"Steven"|"Baxter"|"M"|"684 Luna Loop"|"304-537-3363"|"Designer, fashion/clothing"|"Patton-Harrison"|"1937-08-19"
"586683b8-9769-4c51-a581-319e38e35693"|"Heidi"|"Brown"|"F"|"272 Chandler Tunnel Suite 681"|"(376)202-9968x7326"|"Automotive engineer"|"Schmidt-Martin"|"1995-09-07"
"a4856141-ff0d-4fd4-bb70-7e11891bbf66"|"Cynthia"|"Hernandez"|"F"|"990 Pham Ports"|"8439212230"|"Hydrographic surveyor"|"Lee Inc"|"2018-09-15"
"d2b26ad8-8586-4b8a-af75-5ea27769999a"|"Shelby"|"Jones"|"F"|"724 Ross Camp Apt. 134"|"+1-533-604-2709"|"Food technologist"|"Horne-Jarvis"|"2008-12-23"
"d1cec215-ce1b-45e5-9b43-8ddb0cd32c64"|"Ryan"|"Howard"|"M"|"289 Daniel Plaza"|"8357236051"|"Waste management officer"|"Gay, Armstrong and Peterson"|"1995-11-19"
"6db98d22-8642-4d7a-810f-b8f214994237"|"Harris"|"Little"|"M"|"227 Stacey Via Suite 001"|"952.404.8481x5684"|"Games developer"|"Page LLC"|"1938-09-26"
"3f9ebb00-18e3-4f2d-b112-7af010bd7c5f"|"Brianna"|"Taylor"|"F"|"258 Tim Avenue Apt. 437"|"(837)492-2522"|"Civil Service fast streamer"|"Dennis PLC"|"1982-09-14"
"45a9e65d-13e1-4e65-a720-4ef2ea5aec51"|"Anthony"|"Haney"|"M"|"939 Dakota Extensions"|"001-232-304-1875x95755"|"Television production assistant"|"Lucas, White and Martin"|"1957-11-04"
"b3ead786-fd23-4c39-9160-b5c2d87f20dd"|"Whitney"|"Pena"|"F"|"103 Oneal Underpass"|"(723)738-3079x30384"|"IT trainer"|"Short-Johnston"|"2017-06-27"
"8c7a5856-2ef5-4eeb-b85e-1cf5cb198ab9"|"Melissa"|"Buchanan"|"F"|"477 Diana Point"|"581.926.2534x2819"|"Energy engineer"|"Hicks, Palmer and Bullock"|"1954-04-26"
"97bb8ad2-bb50-4925-bc7b-da356112681c"|"Michele"|"Mccullough"|"F"|"373 Castillo Underpass Apt. 535"|"(750)642-9796"|"Magazine journalist"|"Johnson, Adams and Cherry"|"2015-12-04"
"e8410067-2253-43b9-ba80-d1cd7d84dfbd"|"Todd"|"Mckee"|"M"|"382 Chandler Tunnel Suite 681"|"(793)894-0346"|"Sports administrator"|"Richards-Burke"|"1977-05-04"
"3d146bf5-82fe-4ae8-b660-3906e79ff12d"|"Jeffrey"|"Saunders"|"M"|"538 Ashley Landing"|"779-638-2207"|"Wellsite geologist"|"Pierce Ltd"|"2002-10-14"
"5d9ed76f-ac68-4036-a603-72b811fe6fc2"|"Karen"|"May"|"F"|"169 Heather Garden Suite 383"|"001-449-710-8166"|"Medical physicist"|"Santos LLC"|"2009-12-04"
"ae38cf50-1a9f-42b0-bf6f-bf6a18a97c4b"|"Jason"|"Fox"|"M"|"956 Donald Village Apt. 289"|"(805)822-1117"|"Oncologist"|"Gardner LLC"|"1994-11-02"
"98fd6230-7c18-4a87-aae4-35a0634b82c8"|"Gary"|"Orozco"|"M"|"582 Thornton Land Suite 697"|"686-757-0463x1701"|"Teacher, adult education"|"Hall Inc"|"1939-06-25"
"09f176d9-235c-463e-919b-582a29868ae5"|"Brandon"|"Shelton"|"M"|"595 Lynn Lake Suite 253"|"(872)798-7285x3346"|"Rural practice surveyor"|"Dennis, Romero and Smith"|"1936-07-10"
"7ddfcdfa-57e5-469b-a02c-7b077c154da3"|"Gabriel"|"Weaver"|"M"|"299 Martin Field"|"+1-894-641-0138x72027"|"Furniture designer"|"Hughes-Rhodes"|"1952-06-20"
"d26db689-9083-46c1-a16b-ab0072879596"|"Thomas"|"Curry"|"M"|"127 Newton Wall"|"454-908-6984x949"|"Meteorologist"|"Banks, Larson and Williams"|"1994-01-24"
"38068507-c4cc-42b5-b7e4-2a99ef4dc510"|"Lisa"|"Barnes"|"F"|"131 Davenport Fords"|"2192655165"|"Company secretary"|"Kelley Group"|"1978-10-30"
"e909a42c-f3c4-406a-b151-6b6888b5477d"|"Guy"|"Smith"|"M"|"932 Christopher Ways"|"9178773804"|"Insurance claims handler"|"Moran PLC"|"2021-12-27"
"50398062-3153-4e2e-8424-151d87ef9002"|"Tammy"|"Davis"|"F"|"251 Pham Ports"|"+1-261-602-7155"|"Publishing rights manager"|"Park, White and Johnson"|"1929-10-24"
"9a518f9c-6a00-4046-8317-5f0999bad062"|"Lindsay"|"Jones"|"F"|"994 Cooley Dam Apt. 601"|"497.659.0792x5844"|"Investment banker, corporate"|"Hanna, Gardner and Hudson"|"1937-12-05"
"68a57c04-ce98-4cdb-986d-2fcc02f63417"|"Melanie"|"Baxter"|"F"|"692 Jonathan Stravenue"|"973-715-2910"|"Advertising art director"|"Greer Ltd"|"1953-06-11"
"f825cb5c-aa09-4300-b154-2c7b62da48a3"|"Shaw"|"Padilla"|"F"|"910 Catherine Lock"|"9317449792"|"Oceanographer"|"Porter Ltd"|"2009-01-17"
"02226231-babc-4176-ac5b-98d7f7af265c"|"Michelle"|"Davis"|"F"|"792 Jordan Vista Apt. 756"|"001-918-644-6603x740"|"Editor, film/video"|"Anderson-Sandoval"|"1919-07-07"
"7ba8522c-f4e2-491d-a931-dc59ab3dcee8"|"Amber"|"Martin"|"F"|"557 Angela Lights"|"001-832-201-4574"|"Warden/ranger"|"Kelly, Dominguez and Howard"|"1993-02-01"
"da80cda4-fb0f-4125-9023-35e242a6bedb"|"Michael"|"Herrera"|"M"|"805 Tara Inlet"|"973.798.1912x82995"|"Barista"|"Adams and Sons"|"2011-02-01"
"c8a6f6d3-1c55-4367-a9f3-e7f1ade040d7"|"Kevin"|"Brown"|"M"|"217 Jeffery Isle"|"(454)870-9836"|"Lecturer, further education"|"Brown, Miller and Perkins"|"1946-08-10"
"fe3faa06-fe1f-47fd-ab22-a85a4e6b58df"|"Martin"|"Garcia"|"M"|"419 Cooley Dam Apt. 601"|"418.396.6465"|"Brewing technologist"|"Hughes-Aguilar"|"2007-10-02"
"a13279b4-774a-4e86-81ff-f922a9142a8d"|"Steven"|"Haas"|"M"|"168 Dakota Extensions"|"393.726.4527x9863"|"Teaching laboratory technician"|"Diaz-Valencia"|"2020-04-23"
"77fc2b1f-f22b-4a8f-b2ec-cd155a2c6b2d"|"Richard"|"Smith"|"M"|"847 Murphy Creek Suite 712"|"875.429.3680"|"Mental health nurse"|"Hayes PLC"|"1916-07-13"
"8735159b-4b26-4f25-95c4-5cd6b1f7f9bb"|"Eric"|"Arnold"|"M"|"772 Parks Trace Suite 497"|"001-754-361-3436x9592"|"Environmental education officer"|"Buckley Group"|"1951-05-03"
"c40face6-902d-41a4-807f-a9cf65aa10d4"|"Evan"|"Glover"|"M"|"22 Scott Valleys Suite 598"|"(944)622-1895"|"Research officer, trade union"|"Peterson-Smith"|"1926-12-05"
"773ce126-004c-496f-be23-0a0b17ef9d60"|"Kevin"|"Hall"|"M"|"519 Kari Alley Suite 131"|"538-601-4266x5178"|"Engineer, technical sales"|"Rhodes-Allen"|"1938-05-14"
"40336b60-efa8-4ce9-adb0-324dc1fd8a99"|"Linda"|"Goodwin"|"F"|"999 Johnson Plains Suite 376"|"717.496.6710x3380"|"Dramatherapist"|"Wells-West"|"1967-01-25"
"df3068b7-79a9-4414-8e1e-e228f4a1cb90"|"Michael"|"Russell"|"M"|"939 Matthew Valleys Suite 832"|"001-653-700-9890x82785"|"Telecommunications researcher"|"Torres, Mcmillan and Gallagher"|"2015-10-13"
"369b913c-3f7c-415f-a07a-b619b68f653a"|"Kimberly"|"Brown"|"F"|"574 Johnson Lake"|"(306)339-6255x6296"|"Rural practice surveyor"|"Baker Ltd"|"1921-11-11"
"0a5526bc-0025-4ffa-81ef-37fc320d3905"|"Tara"|"Ray"|"F"|"496 Robin Junctions Apt. 618"|"788.355.7626x56604"|"Surveyor, quantity"|"Roberts, Rogers and Woods"|"1926-02-03"
"6cd5df44-456b-4b97-a9e9-4d23575f60c0"|"Desiree"|"Rodriguez"|"F"|"982 Catherine Cove"|"499.278.0031"|"Travel agency manager"|"Davis-Turner"|"1919-12-24"
"4e47e590-9538-437a-9e10-c8c3eede05eb"|"Sarah"|"Smith"|"F"|"186 Davenport Fords"|"4837292397"|"Commissioning editor"|"Kerr and Sons"|"1917-01-15"
"4ee58f85-31d4-4416-af27-0bb534e9b30e"|"David"|"Davis"|"M"|"663 Bruce View Suite 976"|"787-495-7843x15342"|"Risk manager"|"Vazquez-White"|"1949-06-16"
"8f60bd51-6d22-43ef-8a3e-d5b18e38c1df"|"Lori"|"Foster"|"F"|"136 Barry Shoal Suite 612"|"+1-470-554-3853x91829"|"Engineer, civil (consulting)"|"Brown, Hall and Smith"|"2015-03-22"
"76418fa3-c7d8-4693-8697-3536ade8bed1"|"Edward"|"Haas"|"M"|"152 Brian Course"|"828.281.8267"|"Clinical cytogeneticist"|"Salazar, Austin and Fletcher"|"2003-12-11"
"d328bb27-c35e-4a67-8507-eb8666d2f9ce"|"Jenny"|"Walker"|"F"|"716 Lynn Lake Suite 253"|"900-489-1602"|"Patent examiner"|"Dennis and Sons"|"2001-08-20"
"63f0fe7c-777b-4afb-b900-e44dd967d325"|"Kelly"|"Pugh"|"F"|"765 Christine Gateway"|"001-222-248-2517x4283"|"Brewing technologist"|"Mayo-Wilson"|"2010-11-13"
"53031cac-c457-44f0-8121-0c38c8eedd46"|"Anthony"|"Garcia"|"M"|"255 May Rest Suite 582"|"001-248-385-2794"|"Careers information officer"|"Mata-Bean"|"2000-04-08"
"4c44b1e0-640e-4b78-b89d-048f033782ae"|"Gabriel"|"Perez"|"M"|"516 Johnson Throughway"|"+1-290-906-6755x3301"|"Engineer, communications"|"Cummings, Klein and Ramsey"|"1989-07-16"
"431d381b-d151-4164-b040-c0b48b7cb734"|"Angela"|"Hubbard"|"F"|"753 Randall Burg"|"001-885-446-9650x862"|"Animal nutritionist"|"Edwards-Rodriguez"|"1980-01-28"
"a7553379-4b63-4caa-a426-94286c87204e"|"Katie"|"Joseph"|"F"|"330 Pham Ports"|"5074563500"|"Office manager"|"Martinez-Garcia"|"1917-04-13"
"32fef74e-f8e0-4101-b744-ab38a27337c9"|"Steven"|"Buchanan"|"M"|"434 Jeffery Spur Suite 411"|"379.666.8596x4213"|"Pharmacist, community"|"Lewis PLC"|"1931-10-13"
"ba860083-6b15-47a5-913c-a68713ba6605"|"Richard"|"Parker"|"M"|"744 Warner Circle"|"001-790-876-3628x7649"|"Therapist, drama"|"Flowers, Henderson and Mccarthy"|"2019-07-19"
"daf167b7-a733-4ca5-b147-1f9b1a5984a5"|"Sandra"|"Williams"|"F"|"530 Andrew Street Apt. 107"|"609-616-8282x6180"|"Financial controller"|"Vaughn-Garcia"|"1946-02-23"
"c405a562-ab3e-4225-b454-c94af96e9784"|"Bonnie"|"Conway"|"F"|"860 Thornton Land Suite 697"|"933.465.9210x988"|"Teacher, music"|"Dunn PLC"|"2020-05-21"
"4c9458e0-e247-48e9-8669-e7a13861de9b"|"Michelle"|"Haney"|"F"|"30 Hart Estates Suite 718"|"870-525-1836"|"Recycling officer"|"Miller and Sons"|"2010-03-18"
"aedd8bdd-2aee-472f-b9b3-d7b50d864d60"|"Erica"|"Wallace"|"F"|"112 Danielle Estates"|"(990)273-7397"|"Theatre director"|"Allen PLC"|"2002-09-07"
"23a6ae91-ee85-4f85-bfb7-b4fc34a4bf59"|"Anna"|"Gardner"|"F"|"926 Randolph Way Suite 427"|"(783)828-2609"|"Primary school teacher"|"Snow-Beasley"|"2008-05-31"
"34dc404f-1c35-4517-8a41-334fa10acc85"|"Joseph"|"Holmes"|"M"|"953 Matthew Valleys Suite 832"|"(352)758-2085"|"Scientist, product/process development"|"Cox PLC"|"1924-09-12"
"4ea2ef29-ae15-4092-bbcd-107fe53b7fa3"|"Timothy"|"Smith"|"M"|"893 Warner Circle"|"914.727.3273x236"|"Chief Executive Officer"|"Ramsey, Roman and Colon"|"1924-09-29"
"d09478aa-ac22-4200-ada6-e954d6a0202d"|"Donna"|"Conway"|"F"|"911 Matthew Keys"|"(291)774-8424x66831"|"Production manager"|"Peterson LLC"|"1968-07-27"
"60ad211c-68e7-48ae-aae5-3946cd85d9d5"|"Marcus"|"Simon"|"M"|"489 Robinson Highway"|"001-426-658-2270x51079"|"IT sales professional"|"Knight, Nguyen and Patel"|"2005-09-01"
"3f781a51-e796-4e64-a41b-106af90a36cd"|"Terry"|"Browning"|"M"|"927 Wyatt Pike Suite 863"|"+1-366-871-9237"|"Personal assistant"|"King-Alvarado"|"1962-07-24"
"c2f441d4-0ebe-4613-99c2-ea1e753c6607"|"Kathy"|"Jones"|"F"|"868 Jessica Mountains Suite 248"|"465.337.1439x342"|"Outdoor activities/education manager"|"Flynn Group"|"1926-11-11"
"a89bb5bc-4567-4b75-b293-60a213fe770d"|"Natasha"|"Mckee"|"F"|"207 Chandler Tunnel Suite 681"|"888.604.9429"|"Homeopath"|"Ramirez-Carter"|"1911-04-02"
"fd53f89e-32b6-4fab-8cbb-0a3fcfa416bc"|"Matthew"|"Christian"|"M"|"481 Brian Course"|"001-660-425-1089x432"|"Physicist, medical"|"Liu-Gallegos"|"1912-12-20"
"7f5cf5e2-8329-48f2-8e8d-a58483673c80"|"Kelly"|"Matthews"|"F"|"11 Montoya Walk Apt. 578"|"(755)986-5408x568"|"Radio broadcast assistant"|"Mccarty-Hardy"|"1974-11-25"
"e9d4b61c-7004-4d0a-a883-e95cafc5e7d7"|"Elizabeth"|"Wilson"|"F"|"994 Cooley Dam Apt. 601"|"255-747-0681x203"|"Quality manager"|"Bowen-Cameron"|"1983-02-15"
"bb0172c9-4c65-497b-88c4-1ec8b59698b4"|"Andrea"|"Pittman"|"F"|"926 Patricia Trafficway Apt. 188"|"+1-434-318-1154x253"|"Risk analyst"|"Miller, Thompson and Fox"|"2019-12-15"
"e4d1e42d-92ae-4045-8568-e1b52db067b4"|"Vanessa"|"Gill"|"F"|"17 Jonathan Stravenue"|"001-261-793-1265x186"|"Sales executive"|"Edwards-Davis"|"1985-09-05"
"2ad66a8c-b79f-4494-bf72-f500a17368bd"|"Anna"|"Booth"|"F"|"736 Patricia Row"|"282-382-5282x4681"|"Scientist, research (maths)"|"Morton-Valentine"|"1914-07-11"
"be4a42cc-32c9-4526-958c-6ec64b1e029d"|"Melvin"|"Ray"|"M"|"14 Troy Centers"|"001-285-833-4815"|"Television production assistant"|"Shepherd and Sons"|"1977-05-07"
"f2f95830-a6b8-4b23-8915-2915a86a86c8"|"William"|"May"|"M"|"33 Monica Burgs Suite 695"|"001-949-674-0970x1841"|"Naval architect"|"Taylor, Ruiz and Ramirez"|"1983-03-22"
"8cb0d54f-11cb-4cb2-8d95-1ba6d130f4f0"|"Victoria"|"Wallace"|"F"|"714 Ross Camp Apt. 134"|"+1-587-308-1072x971"|"Data processing manager"|"Ibarra, Simon and Grant"|"1959-12-13"
"68d3488a-4ed7-45fe-b9d7-5f923a6577bd"|"Danielle"|"Dean"|"F"|"475 Colleen Mount"|"001-212-417-8585x69786"|"Risk analyst"|"Wright-Washington"|"1942-06-24"
"fdfab124-a8a6-408f-be93-3b9f1c2dd719"|"Karen"|"Hall"|"F"|"70 Johnson Plains Suite 376"|"001-489-856-3951x6294"|"Hydrogeologist"|"Calhoun, Park and Bridges"|"1958-11-08"
"d2026182-4b62-4172-8785-868760122b41"|"House"|"Snyder"|"M"|"17 Hood Loop Apt. 276"|"903-611-6220x09167"|"Psychologist, educational"|"Collins, Malone and Thomas"|"1920-12-13"
"b5d9e6ae-c471-4c09-8637-361672afd0e6"|"Regina"|"Jackson"|"F"|"201 Castillo Underpass Apt. 535"|"(969)288-2892x69834"|"Engineer, production"|"Escobar-Walker"|"1999-08-13"
"19440b03-6e31-447f-8f45-2400c21eed09"|"Joseph"|"Howard"|"M"|"47 Nicole Via"|"705.831.4748"|"Medical secretary"|"Mason LLC"|"2012-09-16"
"62d59cc2-27fc-49fa-a739-a8d4cecaf5b5"|"Anne"|"Brown"|"F"|"735 Charles Mall Apt. 745"|"791-561-0847"|"Commercial horticulturist"|"Williams, Ingram and George"|"1941-10-06"
"c21589f6-2c48-4290-8b73-3ef3e401df14"|"Christopher"|"Villanueva"|"M"|"456 Montoya Walk Apt. 578"|"824-641-1089x8955"|"Operations geologist"|"Simpson-Allen"|"1942-09-13"
"eb463212-b669-4d6c-a87b-8881a7ce7de9"|"Roy"|"Wallace"|"M"|"199 Quinn Divide"|"279.664.6807x1386"|"Engineer, electronics"|"May-Chapman"|"1968-06-01"
"bf601a49-a933-49d8-a787-175c4706df2f"|"George"|"Jackson"|"M"|"978 Murphy Creek Suite 712"|"696.225.9384"|"Higher education careers adviser"|"Barron-Allen"|"1965-01-10"
"4234725d-b9f8-4e09-88a0-cf7314506b82"|"Kelly"|"Pham"|"F"|"441 Brown Canyon Apt. 503"|"6708031129"|"Media buyer"|"Lewis-Moses"|"2020-04-07"
"a5f5c568-6bd3-4568-ab51-382f43f08c2f"|"Joseph"|"May"|"M"|"316 Michelle Isle Apt. 431"|"9387848047"|"Event organiser"|"Hess-Pratt"|"1989-01-15"
"ffad507d-09d3-415e-9dc4-d72a23747d1d"|"Lisa"|"Cannon"|"F"|"961 Padilla Estate Suite 556"|"+1-540-794-1111x0732"|"Ranger/warden"|"Maxwell-Carter"|"1971-02-21"
"7d49e4ab-db7b-4702-aa17-8229a0f6b9b9"|"Melissa"|"Hall"|"F"|"646 Andrew Street Apt. 107"|"+1-966-482-1865x73725"|"Psychiatrist"|"Wilson-Oconnor"|"2022-01-01"
"0e312bbe-bed0-4a30-8fe4-88f186b50aff"|"Rachael"|"Robbins"|"F"|"155 Hernandez Parkways Suite 200"|"210.223.2472x7970"|"Scientist, research (physical sciences)"|"George, Atkinson and Gonzalez"|"1940-04-04"
"6e3f57e3-17de-4e85-ac03-98fb88ea0f9d"|"Kelly"|"Jackson"|"F"|"189 Hood Loop Apt. 276"|"001-511-231-7242x768"|"Clinical research associate"|"Taylor PLC"|"1937-08-26"
"a7cd6a66-c078-4827-947b-a3398b35c3f7"|"Peter"|"Cole"|"M"|"598 Julia Station"|"971.788.1369x48972"|"Glass blower/designer"|"Pittman-Morgan"|"1916-11-05"
"edebdeed-227a-4e27-9043-ac35da4e3d5c"|"Cathy"|"Barber"|"F"|"701 Weeks Meadow Suite 683"|"334.913.3162x710"|"Programmer, systems"|"Harrison, Luna and Logan"|"1918-12-18"
"36e4326f-1549-4d86-b682-aaadca2faa05"|"Christopher"|"Lopez"|"M"|"245 Christopher Ways"|"491.739.6087"|"Hospital doctor"|"Perry and Sons"|"1921-03-29"
"c59f6d39-ff37-49e3-965a-9dbd059d65d0"|"Walter"|"Schwartz"|"M"|"351 Simpson Mill Apt. 030"|"588-761-4863"|"Company secretary"|"Clayton PLC"|"1935-12-01"
"112edef2-2129-4e0b-91f2-56de25a25e28"|"Sarah"|"Jones"|"F"|"121 Tiffany Gateway"|"929.987.0125x51447"|"Engineer, aeronautical"|"Smith, Martin and Braun"|"1993-10-15"
"937e5420-445a-4c75-a3fd-d3c89b658e0f"|"James"|"Johnston"|"M"|"349 Troy Centers"|"836-994-7936x3923"|"Marine scientist"|"Berry, Stewart and Soto"|"1978-11-02"
"e95dbac4-495a-419e-ae1f-53873f2405d0"|"Christopher"|"Jones"|"M"|"37 Nelson Estate"|"426.453.8857x562"|"Accountant, chartered public finance"|"Russell-Sawyer"|"1916-12-07"
"8b1df6b9-8a98-49f6-94fa-dc4d7f57584a"|"Alexander"|"Rice"|"M"|"782 Jeffery Village"|"(689)627-4654x0690"|"Warden/ranger"|"Parks Ltd"|"1921-03-24"