"id"|"first_name"|"last_name"|"sex"|"address"|"phone_number"|"profession"|"company"|"date_of_birth"
"319e6171-d04e-4056-9567-14be25edd132"|"Heidi"|"Allen"|"F"|"533 Johnson Plains Suite 376"|"+1-375-599-2997"|"Hydrogeologist"|"Hamilton, Sullivan and Hampton"|"1987-05-15"
"eb99b805-0974-4157-8936-edef3b7a047d"|"Lori"|"Roberts"|"F"|"538 Jeffery Spur Suite 411"|"957-277-4637x24948"|"Clinical embryologist"|"Davis, Lowe and Gibson"|"1928-06-18"
"efc2412e-1bd3-4dd3-9775-2715d61d4197"|"Paul"|"Hicks"|"M"|"458 Shelton Run"|"(239)544-8154x680"|"Visual merchandiser"|"Moss, Smith and Wiley"|"1946-02-23"
"e02d9ca3-ae69-4a96-8631-514b3505ac41"|"Timothy"|"Shields"|"M"|"94 Cox Turnpike Apt. 083"|"001-737-823-8801x8300"|"Tax adviser"|"Montgomery, Bailey and Vega"|"1930-07-05"
"068b6447-83e1-4626-8f9a-eb4b6faa93a4"|"Margaret"|"Mitchell"|"F"|"847 Jackson Harbors Suite 257"|"+1-812-257-7208"|"Corporate investment banker"|"Williams Inc"|"1962-10-17"
"ecdbc1c9-5740-47dd-8a5f-d60498f5860d"|"Ashley"|"Fuller"|"F"|"359 Pham Ports"|"8325717268"|"Brewing technologist"|"Lopez, Hoover and Flores"|"1951-06-02"
"aa65245f-0769-407f-a0e1-4747278ab900"|"Perry"|"Mcdowell"|"M"|"112 Christine Gateway"|"(976)816-8620x6924"|"Copy"|"Everett and Sons"|"1910-06-30"
"82ea527a-3e7c-4fbf-b403-003132f1d63d"|"Jonathan"|"Baxter"|"M"|"704 Newton Wall"|"(447)372-3096x179"|"Retail manager"|"Brown, Carr and Ruiz"|"2015-07-25"
"7159238b-db5e-4fb9-8aff-8b255bd90cf4"|"William"|"Torres"|"M"|"838 Padilla Estate Suite 556"|"3352176751"|"Chartered management accountant"|"Hart-Atkins"|"1916-11-24"
"784cf009-7aaf-476e-a43a-e5c97f5ca55e"|"Donna"|"Wilson"|"F"|"716 Martin Field"|"434-481-6841x4437"|"IT consultant"|"Sanders Ltd"|"2021-12-28"
"769e01aa-661d-41e4-b670-4640ecd2ac67"|"Rebecca"|"Moore"|"F"|"862 Johnson Lake"|"+1-319-245-6264x98935"|"Advertising art director"|"Mendoza Ltd"|"1990-11-24"
"a87bbd9e-a363-431d-aa76-180ddb611c42"|"Joshua"|"Boone"|"M"|"625 Tim Avenue Apt. 437"|"376.243.8088x880"|"Psychologist, prison and probation services"|"Thompson-Wilson"|"1913-05-13"
"c887bb2e-8b55-42f3-9b3e-1a439999c77d"|"Isabella"|"Ray"|"F"|"641 Lee Burgs"|"001-745-356-3416x737"|"Counselling psychologist"|"Chandler, Ruiz and Moore"|"1979-06-13"
"95ab5eb6-cfb8-46ce-b255-e44de73ff6eb"|"Sean"|"Clark"|"M"|"220 Mills Springs"|"548-626-9545x81776"|"Patent examiner"|"Sawyer Inc"|"1981-11-22"
"0306a0d8-173c-4801-8314-085d6ac38bb3"|"Kevin"|"Peterson"|"M"|"471 Stacey Via Suite 001"|"741.880.1994"|"Journalist, newspaper"|"Smith Group"|"1939-08-25"
"2fb7bed3-545a-4952-bb35-4fae854da551"|"Bruce"|"Evans"|"M"|"448 Randolph Way Suite 427"|"793.730.9716"|"Engineer, civil (contracting)"|"Phillips Inc"|"1920-05-22"
"996ffe3a-2517-4b0e-9217-2dca282564c3"|"Edward"|"Gonzalez"|"M"|"348 Brown Canyon Apt. 503"|"990-354-7125"|"Therapist, horticultural"|"Daniel-Sanchez"|"1938-08-26"
"2b04cb7d-a942-4570-9723-add855fcd9e7"|"Nathaniel"|"Freeman"|"M"|"241 Patricia Row"|"553.701.7333x74891"|"Retail merchandiser"|"Reynolds-Simmons"|"1997-01-15"
"5b03c16c-f17a-4b8e-a4a8-16ed1ca9c2df"|"Deborah"|"Padilla"|"F"|"347 Martin Field"|"419-973-1897x31841"|"Museum/gallery conservator"|"Burton, Ford and Shannon"|"2013-05-31"
"d3f18250-0e61-4e65-98bf-b42578958f11"|"Janice"|"Wilson"|"F"|"858 Randolph Way Suite 427"|"001-680-344-4785x574"|"Emergency planning/management officer"|"Jackson-Morgan"|"2014-05-19"
"770d093d-e27c-4087-8eed-c0abb718bb85"|"April"|"Good"|"F"|"462 Weaver Haven"|"(540)509-7643"|"Retail banker"|"Ellison, Thomas and Hughes"|"1939-01-15"
"bf29726b-5784-4657-beaf-dfd2d28c3164"|"Mcgee"|"Haney"|"M"|"392 Heather Garden Suite 383"|"+1-767-249-8530x51054"|"Engineer, site"|"Baldwin Inc"|"1919-01-11"
"bd716548-8c40-4e7d-9086-285b491a0132"|"Gregory"|"Osborne"|"M"|"36 Lee Burgs"|"989.954.7895"|"Tourist information centre manager"|"Richmond-Little"|"1910-06-28"
"2d3f763e-7e75-46b4-943d-5d2fde94a963"|"Richard"|"Schwartz"|"M"|"915 Robert Way"|"862.995.5296x4376"|"Museum/gallery conservator"|"Burton-Curtis"|"1998-07-02"
"cdae9d50-357f-496f-b815-15aa1b7f2c55"|"Wanda"|"James"|"F"|"789 Cooley Dam Apt. 601"|"(274)583-3266x436"|"Clinical biochemist"|"Smith, Williamson and Davis"|"1980-04-27"
"d6bcf862-0ff9-4870-b5f1-03d108b8294b"|"Christopher"|"Welch"|"M"|"10 Heather Garden Suite 383"|"001-736-362-4756x219"|"Social research officer, government"|"Scott-Nichols"|"1932-04-18"
"fc688f6c-1aa8-4b8b-aeb8-fa071d5f7590"|"Brandi"|"Howard"|"F"|"353 John Fall Apt. 476"|"4615647170"|"Financial trader"|"Woods, Benton and Cain"|"1956-12-02"
"b7d3bc7b-0b90-4b49-acc4-78fcc90ae5c2"|"Joan"|"Lynch"|"F"|"373 Higgins Port Apt. 001"|"(989)737-4931x579"|"Therapist, art"|"Williams, Mullins and Ortiz"|"1916-04-16"
"f788f334-e282-4774-93e6-3c33f1c880a6"|"Wesley"|"Zimmerman"|"M"|"800 Heather Garden Suite 383"|"(532)957-3815x453"|"Psychotherapist"|"Gardner-Powell"|"1976-03-20"
"46c2d55c-abae-4d71-9586-2762f9bfd5c2"|"Phillip"|"Howard"|"M"|"133 Jonathan Place"|"553.225.1520"|"Diplomatic Services operational officer"|"Mccoy, Carroll and Moreno"|"1956-11-20"
"6d2cd3a4-8fcb-442d-ad67-26ae890266c6"|"Jon"|"Wilson"|"M"|"89 Gray Walks Apt. 075"|"+1-431-999-6159x31671"|"Nature conservation officer"|"Adams LLC"|"1964-12-11"
"22327ab2-db7c-4daa-8de4-a95a8c3d839f"|"Robin"|"Casey"|"F"|"414 Johnson Lake"|"001-817-784-5466x385"|"Engineer, electronics"|"Lee-Simmons"|"1935-05-23"
"fc7396ce-2fdb-4c89-b340-f7f625071017"|"Chelsea"|"Riddle"|"F"|"870 Bruce View Suite 976"|"+1-765-263-5588x9386"|"Programme researcher, broadcasting/film/video"|"Davis Ltd"|"2013-09-12"
"00e594cb-8729-4a9c-9e1b-49b9afd594f7"|"Michelle"|"Johnson"|"F"|"760 Davis Landing"|"(577)700-2740x39436"|"Archaeologist"|"Jenkins-Mendoza"|"1993-10-20"
"7f5e6f9f-b11b-437c-aa4e-b4b5e95cc034"|"Tamara"|"Riddle"|"F"|"501 William Avenue"|"614-356-9881x1914"|"Education officer, community"|"Ramirez-Stevens"|"1962-09-20"
"b6638573-3a43-422d-81b6-995ed2434df4"|"Shawn"|"Mcdowell"|"M"|"540 Simpson Mill Apt. 030"|"367.648.6717x14508"|"Fashion designer"|"Kelly and Sons"|"1941-06-23"
"eec5dbce-a427-424e-b2f8-82c21c59101b"|"Rebecca"|"Howell"|"F"|"706 Brian Course"|"001-860-316-2739x081"|"Systems analyst"|"Meyer-Kline"|"1941-02-19"
"18613760-9746-49c9-a2bb-4df7c4613dc0"|"Shawn"|"Green"|"M"|"752 Bruce View Suite 976"|"(476)600-4156"|"Chartered accountant"|"Hudson Group"|"1962-08-22"
"c4e4c059-65d6-4f78-8401-d0f3b2262fc4"|"Jennifer"|"Torres"|"F"|"776 Cox Turnpike Apt. 083"|"001-200-530-9101x86877"|"Call centre manager"|"Morgan PLC"|"1947-12-22"
"ceba70a6-90f3-4cdc-997c-2547d4afe25b"|"Phillip"|"Solomon"|"M"|"76 Jeffrey Run"|"001-906-676-1305"|"Water engineer"|"Olson PLC"|"1914-11-13"
"7fac3338-5a95-4531-ba56-7d262e5f69d5"|"Kerri"|"Fox"|"F"|"631 Warner Circle"|"570-333-5639x57662"|"Government social research officer"|"Holloway, Leon and Williams"|"2022-10-02"
"a26fec9f-8001-41f6-a8b2-73ee4b43175a"|"Jessica"|"Hubbard"|"F"|"602 Monica Burgs Suite 695"|"001-518-975-7033x7793"|"Medical physicist"|"Murphy LLC"|"1934-03-30"
"6f3aff24-c9b5-468a-b4b0-88a1031ba215"|"Justin"|"Rhodes"|"M"|"88 Davenport Fords"|"001-652-863-9738x8929"|"Charity fundraiser"|"Summers PLC"|"1911-11-23"
"431d1528-37bd-42b2-ae77-f220d7cb52ea"|"Sarah"|"Faulkner"|"F"|"434 Ashley Landing"|"+1-369-255-3111"|"Podiatrist"|"Estrada and Sons"|"1979-03-04"
"1a1a87fd-7b83-4b86-9d0f-c2dbb9225451"|"Monica"|"Robbins"|"F"|"307 Nathan Views"|"001-451-615-4486x851"|"Therapist, speech and language"|"Sanchez-Morales"|"1969-12-23"
"c5290a22-078a-42d5-980d-65b4ee893bee"|"Rivera"|"Aguirre"|"M"|"874 Parks Trace Suite 497"|"(746)899-9365x045"|"Biochemist, clinical"|"Russell, Wilkerson and Perkins"|"1936-10-02"
"b4306697-6c77-4f17-92f3-8a875feb9a95"|"Joel"|"Howell"|"M"|"401 Lynn Lake Suite 253"|"+1-697-320-0235x35508"|"Museum education officer"|"Roberts Group"|"1945-12-21"
"2a3b99d0-fc35-4dc9-bad1-95874ab098f5"|"Katie"|"Perez"|"F"|"822 Arnold Cliffs"|"357-535-7875"|"Occupational psychologist"|"Watson, Johnson and Carey"|"1993-11-02"
"498ceb34-5e03-4e1f-984d-a114d0619b21"|"Tiffany"|"Green"|"F"|"583 Hood Loop Apt. 276"|"278.793.8113x6541"|"Tax inspector"|"Munoz LLC"|"1959-01-29"
"71384613-a544-40d3-a09e-a44b5cce1b50"|"Troy"|"Richardson"|"M"|"290 Barron Hollow"|"8214108948"|"Chief Technology Officer"|"Moss-Miller"|"1972-10-17"
"12d25e69-e535-411d-a6e1-66e2f7df3c9f"|"Yolanda"|"Willis"|"F"|"977 Anderson Port"|"377-349-8461x4728"|"Retail banker"|"Giles-Jackson"|"2013-02-21"
"0331cbc0-2a98-4e18-94b0-6837fbed4997"|"Stephen"|"Velez"|"M"|"751 Weaver Haven"|"(921)325-3664x8603"|"Engineer, aeronautical"|"Lee, Williams and Stevens"|"1924-07-08"
"869f81b9-fe42-46a6-bd59-d9508288b21b"|"William"|"Harper"|"M"|"644 Patricia Row"|"001-526-902-2359x136"|"Volunteer coordinator"|"Hughes-Alexander"|"1992-12-19"
"eb3c7680-a067-4c7f-a917-545dab66c36f"|"David"|"Haney"|"M"|"244 Donald Village Apt. 289"|"813-734-4655"|"Chief Marketing Officer"|"Guzman-Scott"|"1996-06-30"
"5d60bd10-4ea8-4b34-a124-1dc4f9896617"|"Pamela"|"Stone"|"F"|"733 Michelle Isle Apt. 431"|"(842)493-0453x926"|"Chemical engineer"|"Collins-Hernandez"|"1961-12-21"
"968356c7-e0ca-4fdf-9113-d6a2ed34eb2d"|"Stephanie"|"Williams"|"F"|"185 Michael Manor"|"001-299-722-1251x8488"|"Electrical engineer"|"Guerra LLC"|"1971-08-29"
"cace4775-8b7d-4301-a916-9a0d5c14bbc4"|"Chelsea"|"Gomez"|"F"|"518 Jacobs Ports Suite 715"|"(278)556-2805"|"Art gallery manager"|"Henderson-Tran"|"2012-12-19"
"094ad038-58e4-4b61-b00b-c053f58d5d89"|"Joseph"|"Barnes"|"M"|"21 William Avenue"|"583-698-9752"|"IT consultant"|"Bentley, Hampton and Henderson"|"1910-01-28"
"2f3d215b-1e20-4033-8b07-1c9eb940fde7"|"Tanya"|"Cervantes"|"F"|"922 Jordan Vista Apt. 756"|"(523)500-6858x53885"|"Physiotherapist"|"Dominguez and Sons"|"1945-04-03"
"26748d7a-05f5-490b-93bf-08dcf39ad0d5"|"Cody"|"Reyes"|"M"|"872 William Avenue"|"+1-341-575-3691"|"Chemist, analytical"|"Wright Inc"|"1916-06-02"
"b79693ee-2d53-42ac-b2f2-7a1502c888ac"|"Ian"|"Burke"|"M"|"277 Colleen Mount"|"(524)584-1828"|"Commercial horticulturist"|"Jones, Hood and Miller"|"2016-08-13"
"3ed66768-f129-4423-8968-7813ab397698"|"Deborah"|"Morgan"|"F"|"781 Weaver Haven"|"001-311-239-8175x794"|"Occupational psychologist"|"Brown, Higgins and Hamilton"|"1977-11-03"
"fb12c739-20e9-44ed-8d96-7ea821436cea"|"Zachary"|"Cordova"|"M"|"942 Banks Curve Apt. 123"|"(552)287-9621x36508"|"Hotel manager"|"Collins-Byrd"|"2020-04-14"
"97fcdfed-fc28-4ba9-9db5-4ac94c014b56"|"Misty"|"Lynch"|"F"|"225 Wilson Locks Apt. 694"|"(923)520-7038"|"Warden/ranger"|"Miller Ltd"|"1914-03-19"
"38746079-86cd-48b3-886c-1d26304d653b"|"Danny"|"Floyd"|"M"|"947 Wyatt Pike Suite 863"|"(355)878-6496"|"Economist"|"Jackson PLC"|"1984-01-19"
"ae1bdd09-fb49-41f1-9b88-6555e6f60883"|"Rebecca"|"Conway"|"F"|"751 Lynn Lake Suite 253"|"+1-983-504-8321x211"|"Music tutor"|"Sampson PLC"|"2013-03-24"
"50116f9e-128b-40d0-bd9c-eb2b61eec943"|"Kristine"|"Torres"|"F"|"50 Thomas Ford"|"001-593-337-1799x839"|"Make"|"Perez, Parker and Pruitt"|"2002-05-07"
"93579e70-0559-432f-b166-804d3d9a7e8b"|"Jonathan"|"Smith"|"M"|"563 Catherine Cove"|"(458)352-0481x568"|"Radiographer, therapeutic"|"Rubio Inc"|"1915-05-04"
"613be68f-3bbe-4feb-940b-5a6008a55d22"|"David"|"Barnes"|"M"|"117 Christine Gateway"|"+1-767-786-4673"|"Environmental consultant"|"Murillo and Sons"|"1976-12-04"
"577627cc-36de-4395-a493-a7356e34ef1d"|"Kelly"|"Morris"|"F"|"554 Patricia Trafficway Apt. 188"|"+1-335-622-3757x6590"|"Photographer"|"Smith-Barron"|"1961-12-29"
"9ff8c052-ba4d-4d7b-b923-58bfd9137e00"|"James"|"Phillips"|"M"|"677 Jones Cliffs Suite 657"|"714.381.4609x932"|"Chartered accountant"|"King Inc"|"1944-10-13"
"49ec3049-96f1-497a-8a47-0585dbae254d"|"Eddie"|"Benson"|"M"|"255 Barron Hollow"|"651.328.4925"|"Herbalist"|"Garcia, Solis and Mitchell"|"1995-08-21"
"e024a5c7-9b96-4648-b9cf-2e681861291f"|"Katherine"|"Matthews"|"F"|"284 Higgins Port Apt. 001"|"465-935-0545x4582"|"Chiropractor"|"Wolfe LLC"|"1938-11-17"
"86210009-5f7c-4ba4-9f57-37fbfc319791"|"Eric"|"Nguyen"|"M"|"373 Thomas Wall Suite 035"|"+1-244-770-7669"|"Patent attorney"|"Torres-Davis"|"1959-03-06"
"7cb41646-cb05-4dd3-b8e9-3eb8f315f4fc"|"Renee"|"Mitchell"|"F"|"822 Padilla Estate Suite 556"|"001-868-421-2246x43194"|"Cytogeneticist"|"Kerr, Ortega and Hansen"|"2014-06-17"
"d5d8a4ed-74d5-4ac4-865e-0fc60c590da7"|"Lance"|"Rice"|"M"|"973 Newton Wall"|"001-360-815-9632x26425"|"Community education officer"|"Lewis, Mitchell and Guzman"|"1939-04-01"
"fccbf526-65ba-4c9c-8da2-edb445c8f013"|"Erin"|"Hall"|"F"|"822 Rosario Loop"|"(301)337-0170x32208"|"Administrator, Civil Service"|"Nelson-Salinas"|"1966-12-31"
"3993cee5-a980-4c09-9c49-51de4370de7a"|"Elizabeth"|"Crawford"|"F"|"893 Weaver Haven"|"001-913-528-1678x698"|"Armed forces logistics/support/administrative officer"|"Harrison Inc"|"1921-01-03"
"1f29303e-1df6-4274-8914-ea34f32206f9"|"Julie"|"Pugh"|"F"|"831 Marquez Lane"|"(937)997-2376"|"Herpetologist"|"Newton Inc"|"1996-02-18"
"c8e211a5-3b5f-4964-b9ec-c5808c7b4271"|"Brian"|"White"|"M"|"31 Jennifer Track"|"409.883.0724x2252"|"Therapist, drama"|"Goodman-Torres"|"1979-02-24"
"bf54976f-6824-48e2-9baa-89802f5fd873"|"Brandy"|"Phillips"|"F"|"269 Banks Curve Apt. 123"|"(245)505-7864"|"Pathologist"|"Baxter-Johnson"|"1946-04-09"
"2e711366-843c-413b-aaf9-3fc6a72c5bb0"|"Eric"|"Baker"|"M"|"178 Robinson Highway"|"920.856.3715"|"Surveyor, building control"|"Mcdowell, Nguyen and Fernandez"|"2020-12-25"
"00d57d79-886a-44a2-869f-bcd6ae60a87e"|"Charles"|"Jackson"|"M"|"323 Hanson Port"|"362.570.6920x618"|"Lexicographer"|"Hardy-Cameron"|"2008-06-21"
"38ab96f7-44c1-4cdb-9fa1-5daf8ebaf95a"|"Amanda"|"Gray"|"F"|"191 Shepard Bridge"|"001-900-229-3055x26403"|"Primary school teacher"|"Smith PLC"|"2010-02-07"
"c0034806-596f-4e1f-ad17-50c478124067"|"Heather"|"Hall"|"F"|"71 Charles Mall Apt. 745"|"+1-270-514-4843x5180"|"Hospital pharmacist"|"Jones-Harvey"|"1923-02-18"
"3359318e-0a83-4adb-806a-e9e3acd3c9c2"|"Kimberly"|"Spencer"|"F"|"284 Luna Loop"|"616.743.1027x98886"|"Actuary"|"Shepherd-Santiago"|"1950-12-18"
"6d70bcb3-4008-49bf-ac09-41489cfb46d3"|"Steven"|"Wilson"|"M"|"822 Andrew Street Apt. 107"|"001-963-846-1783x387"|"Conservation officer, historic buildings"|"Murillo-Jones"|"2006-03-03"
"f73a3d2d-f70b-4169-a1e5-20e53411aacc"|"Stephanie"|"Johnston"|"F"|"771 Simpson Mill Apt. 030"|"+1-663-665-3042"|"Scientist, research (maths)"|"Norris, Miller and Shelton"|"1946-12-20"
"2142ca5a-568b-4313-b754-52ad9715dfb3"|"Mark"|"Johnston"|"M"|"438 Martin Field"|"962-886-9584"|"Risk manager"|"Brown Group"|"1928-11-28"
"966e63ff-5842-49d6-ae73-95b79834b345"|"Kristopher"|"Roy"|"M"|"86 Tara Inlet"|"(273)557-8616"|"Retail merchandiser"|"Harvey, Bennett and Kramer"|"2013-06-07"
"56794850-acb1-470a-acaa-1a15ad3b8c3a"|"Alex"|"Morris"|"M"|"11 Smith Ranch Suite 211"|"(422)844-4667"|"Radio producer"|"Coleman and Sons"|"1977-09-11"
"8901ca2d-e40c-4c29-bafc-1559755a05d3"|"Kenneth"|"Riddle"|"M"|"878 Colleen Mount"|"(394)444-9912x276"|"Chief Strategy Officer"|"Velez, Benson and Mcdonald"|"1996-02-21"
"9000739f-3d9d-43c6-92f5-ed6b85dbe32b"|"David"|"Crane"|"M"|"415 Davis Landing"|"+1-803-229-3973x0606"|"Seismic interpreter"|"Richardson Inc"|"1994-05-15"
"070d9ec5-2fc8-4514-aea3-d0c7fc0c4bc1"|"Lori"|"Lee"|"F"|"59 Anderson Port"|"309-639-7117x988"|"Journalist, broadcasting"|"Hicks-Mcgrath"|"1913-04-09"
"2b8c7e76-5880-431c-adcb-b0e0e5eb2246"|"Alexander"|"Velez"|"M"|"172 Angela Lights"|"+1-824-602-1878"|"Graphic designer"|"Case and Sons"|"1989-05-11"
"3ec244c3-f879-480e-ba59-4f381668976c"|"Evan"|"Padilla"|"M"|"658 Day Inlet"|"(645)941-7348"|"Advertising account executive"|"Haley, Sullivan and Young"|"1941-06-14"
"defda124-30dd-4907-b2c8-356e0bc9cea6"|"Elizabeth"|"Andrews"|"F"|"417 Jones Courts Apt. 083"|"+1-497-664-1611"|"Editorial assistant"|"Little PLC"|"1946-07-15"
"7acaefd7-12a9-416f-a499-e17ac1bfeb6a"|"Maureen"|"Andrews"|"F"|"210 Daniel Plaza"|"+1-340-563-3375x6229"|"Academic librarian"|"Bell Group"|"1995-04-16"
"2644e0e9-952d-451e-867c-7deabbffb732"|"Julian"|"Moore"|"M"|"332 Stacey Via Suite 001"|"+1-428-948-5502x01858"|"Adult nurse"|"Smith Inc"|"1984-10-19"
"0eccfd90-6d50-400f-a564-65b0253b3a3f"|"John"|"Ward"|"M"|"869 Parks Trace Suite 497"|"+1-502-472-3278"|"Fisheries officer"|"Lane, Craig and Baker"|"1914-03-10"
"340b65e9-ebdf-4958-9ca4-b8d3f9f6dec4"|"Theresa"|"Moore"|"F"|"726 Luna Loop"|"335-257-9456x8156"|"Sales executive"|"Evans LLC"|"1949-10-11"
"0737f194-990c-4801-8306-11958cfa3c5a"|"Barbara"|"Dean"|"F"|"280 Gray Walks Apt. 075"|"722.245.5124x4018"|"International aid/development worker"|"Richmond-Edwards"|"1931-08-21"
"f0499b8e-037f-4f3c-bfd2-ae85e9c9c5a9"|"Sarah"|"Smith"|"F"|"966 Smith Ranch Suite 211"|"(593)526-3485x565"|"Advertising art director"|"Walls Group"|"1939-06-13"
"d3f6a6a4-c6a2-4ad1-83c8-304422e106a0"|"Morgan"|"Gardner"|"F"|"242 Mills Springs"|"965-769-5653"|"Retail banker"|"Garcia, Martin and Orozco"|"1947-05-13"
"ccd8bc7e-964d-4a6a-ab11-acfa0030e1bb"|"George"|"Schwartz"|"M"|"53 Martin Field"|"(470)482-3240x07846"|"Patent examiner"|"Conley, Carter and Smith"|"1974-03-23"
"611f8562-bb7e-47b1-9b88-d3f68de59556"|"Erica"|"Davis"|"F"|"837 Davenport Fords"|"639-788-4052x44309"|"Engineer, water"|"Whitaker, Perez and Clark"|"1975-07-30"
"c64fcc2d-9871-4a37-bd56-2e7dca93eb10"|"Claire"|"Mckee"|"F"|"409 Smith Ranch Suite 211"|"658.407.1636"|"Editor, magazine features"|"Brown PLC"|"2012-06-13"
"9a192266-7b3e-4d3c-b100-ecd52cc08542"|"Joel"|"Roberts"|"M"|"370 Gray Walks Apt. 075"|"642.926.2054x31504"|"Advertising copywriter"|"Rosales-Shepard"|"1986-12-25"
"33962996-1d89-4ffe-918f-0cec95e5b466"|"Timothy"|"Casey"|"M"|"336 Alexis Run Suite 764"|"(850)768-4638"|"Air broker"|"Johnson, Campbell and Oliver"|"2008-04-23"
"e9de1ceb-2918-4f5b-9aa5-ccfb68c598b2"|"Cynthia"|"Tyler"|"F"|"950 Thornton Land Suite 697"|"(868)398-5918x87352"|"Dealer"|"Murphy PLC"|"2021-10-10"
"5135c773-61f3-4b84-8fb6-4d9dcc48548c"|"John"|"Henderson"|"M"|"550 Andrew Street Apt. 107"|"929.722.8779"|"Tourist information centre manager"|"Montgomery-Davenport"|"1941-07-05"
"a04f52c1-5e1d-4e43-9994-bb29320175e9"|"William"|"Peterson"|"M"|"829 Nelson Estate"|"284.537.6982x22980"|"Biomedical engineer"|"Mays Ltd"|"1986-12-19"
"c36d7d11-14cd-40a9-aff8-7cadab6cbf26"|"Brian"|"Burns"|"M"|"860 Colleen Mount"|"001-314-419-7729x916"|"Quantity surveyor"|"Long, Russell and Vargas"|"2005-02-09"
"b487c65b-f8f5-4313-a943-e2bce38f0281"|"Shannon"|"Smith"|"F"|"813 Jones Cliffs Suite 657"|"001-827-894-3922x81238"|"Contractor"|"Fuentes Ltd"|"1936-04-15"
"8385960a-330e-42e5-83f1-3df1172e7bc6"|"Roberto"|"Ramirez"|"M"|"557 David Passage Suite 979"|"593.376.9422x73188"|"Human resources officer"|"Wells PLC"|"1965-06-30"
"5f36f06b-98e3-408d-8866-3641c303dce2"|"Gregory"|"Christian"|"M"|"796 Jackson Harbors Suite 257"|"+1-701-964-8134"|"Oncologist"|"Anderson PLC"|"1960-06-28"
"cddbef12-447e-4b76-9299-ca565f39f29c"|"Nicholas"|"Willis"|"M"|"984 Amber Wells"|"+1-370-939-5493x3452"|"Multimedia programmer"|"Lewis and Sons"|"1998-02-06"
"31898d75-a2f7-4f5f-868e-0a6147ed5fdb"|"Jennifer"|"Jackson"|"F"|"966 Shepard Bridge"|"001-488-757-1554x68356"|"Herbalist"|"Bradley and Sons"|"1944-09-04"
"1c685748-e3c9-4e8e-8d4b-1ad25a82e857"|"David"|"Ruiz"|"M"|"335 Robin Junctions Apt. 618"|"001-776-674-6067x6622"|"Chief Technology Officer"|"Rodriguez-George"|"2011-02-01"
"187cfd42-4e7f-4091-8c5f-98f922ad9be2"|"Kimberly"|"Mcdowell"|"F"|"465 Pham Ports"|"6123851963"|"Magazine journalist"|"Bowman-Porter"|"1941-11-28"
"62c5082a-ac1f-4107-b684-7c6cde4c5133"|"Laura"|"Torres"|"F"|"40 Lee Burgs"|"658.554.0459x324"|"Catering manager"|"Olson PLC"|"1925-07-08"
"ecda454c-5c1e-42e5-9372-cb4e13b38481"|"Karen"|"Cooke"|"F"|"85 Rosario Loop"|"4674415304"|"Health physicist"|"Johnson-Herrera"|"1939-04-06"
"6b50a71d-58ea-401f-b4ff-6711448ff332"|"Jason"|"Long"|"M"|"117 Hart Estates Suite 718"|"+1-808-962-3423x8274"|"Clinical biochemist"|"Mitchell-Davies"|"1952-01-25"
"6f28d69c-2ec4-48ba-9011-a42b04e5792d"|"Christopher"|"Tyler"|"M"|"957 Pham Ports"|"001-307-984-2223x2531"|"Psychologist, clinical"|"Wallace-Davis"|"1972-12-17"
"bb361e4f-f33a-41dd-b767-4943ec9ee04b"|"Anna"|"Willis"|"F"|"912 Smith Avenue Apt. 759"|"852.904.9856x45432"|"Advertising art director"|"Nelson, Fowler and Nelson"|"1990-12-18"
"fcb0581a-8de9-47fd-acf9-51470287699d"|"Robert"|"Perez"|"M"|"517 Michelle Isle Apt. 431"|"(266)679-4738"|"Lawyer"|"Williams, Gonzales and Myers"|"1976-12-14"
"6559410a-6db1-4c4e-bd4a-ecc8b889b81f"|"Jessica"|"Crane"|"F"|"281 Danielle Estates"|"906-575-0316x183"|"Biomedical scientist"|"Fisher Inc"|"1911-11-12"
"59c6d9bb-173d-4f7b-92a6-37b1638eec45"|"Christopher"|"Parker"|"M"|"738 Morales Gardens Suite 197"|"001-521-890-9528x13528"|"Environmental consultant"|"Cherry, Mora and Brown"|"2005-09-28"
"f81c6898-b411-4e2d-a64c-74dc128336b0"|"Alicia"|"Young"|"F"|"229 Bailey Trail"|"(435)288-6604"|"Tour manager"|"Stafford-Ellis"|"2019-11-13"
"72cc4222-986b-4143-b7ee-fb6aae0a3f16"|"Angel"|"Fernandez"|"M"|"784 May Rest Suite 582"|"+1-466-619-6550x140"|"Regulatory affairs officer"|"Powers, Cohen and Green"|"2012-10-25"
"79304804-fdab-4ddf-8211-6a19bc7b38d5"|"Victoria"|"Stone"|"F"|"923 Andrew Street Apt. 107"|"256.453.6596x46524"|"Doctor, hospital"|"Nichols-Smith"|"1952-02-07"
"8f55a29c-49f6-48f6-b8c3-b54f6ec1b6af"|"Casey"|"Brown"|"F"|"509 Jones Courts Apt. 083"|"649.965.1173x6681"|"Proofreader"|"Carter-Frazier"|"1930-06-24"
"8e779003-7c64-43db-8c0f-0d3b8165935d"|"Jennifer"|"Zimmerman"|"F"|"568 Weaver Haven"|"001-565-466-8582x517"|"Aid worker"|"Adkins-Tran"|"1952-10-29"
"1bf5d7a8-694a-4739-aac4-51c937804bca"|"Joseph"|"Pittman"|"M"|"278 Jonathan Stravenue"|"540-553-7225"|"Translator"|"Valdez, Robinson and Hayden"|"1997-11-05"
"bb3e4701-3ea1-4860-a98f-9b4a94510c10"|"Brian"|"Tyler"|"M"|"432 Jessica Mountains Suite 248"|"001-451-402-0143x7054"|"Medical technical officer"|"Ellis-Garrett"|"2009-05-30"
"10f813d1-7a6d-4d2d-8348-dd5240d5cc9b"|"Lacey"|"Perez"|"F"|"923 Alexandra Bridge Suite 474"|"(393)293-5309x48243"|"Chartered loss adjuster"|"Fry, Franklin and Ramos"|"1978-05-15"
"949a02e2-afed-4bdb-bc87-938478265381"|"Sarah"|"Smith"|"F"|"174 Stacey Via Suite 001"|"882-264-2667x8328"|"Biochemist, clinical"|"Riley, Murray and Johnson"|"1971-12-28"