<?xml version="1.0" encoding="UTF-8" ?><automobiles><automobile><person_id>77149367-d908-4bff-95a7-ae3ca36dc931</person_id><license_plate>8E 9L5WUT</license_plate><vin>77TLX7Y53RVCJ7C17</vin><color>MediumSeaGreen</color><year>1997</year></automobile><automobile><person_id>3546f10b-9b1d-4a74-a9ee-a1a8dc1535e6</person_id><license_plate>351D6</license_plate><vin>BG9V6ECD265VPTNAS</vin><color>LavenderBlush</color><year>2015</year></automobile><automobile><person_id>87efc2ec-9bf2-4152-9947-6ee96b8ea8c1</person_id><license_plate>FZE-487</license_plate><vin>LPVX9DZJ22M2UWSMJ</vin><color>MidnightBlue</color><year>1970</year></automobile><automobile><person_id>87efc2ec-9bf2-4152-9947-6ee96b8ea8c1</person_id><license_plate>029 LKB</license_plate><vin>A09YVGR70BH8U1LY3</vin><color>Fuchsia</color><year>1996</year></automobile><automobile><person_id>bdcc5422-0571-42df-a9dd-a02568a88702</person_id><license_plate>8K CP981</license_plate><vin>VPA4TVL957UU0WCAL</vin><color>Lavender</color><year>2014</year></automobile><automobile><person_id>bdcc5422-0571-42df-a9dd-a02568a88702</person_id><license_plate>76OG054</license_plate><vin>S7UN2J7351FD3CXC0</vin><color>MediumOrchid</color><year>2021</year></automobile><automobile><person_id>bdcc5422-0571-42df-a9dd-a02568a88702</person_id><license_plate>3SC 139</license_plate><vin>KTGU38G860HB5A88S</vin><color>DarkSlateGray</color><year>2014</year></automobile><automobile><person_id>033030dd-02ab-4a74-a363-02fd94bb0c0d</person_id><license_plate>94-6457S</license_plate><vin>BGBH54UT747CY0X7T</vin><color>LightCyan</color><year>2007</year></automobile><automobile><person_id>b1e05354-42f9-4c7b-abde-bea65fe4fdeb</person_id><license_plate>6-O1240</license_plate><vin>HS6Z54H18THXF1D3G</vin><color>IndianRed</color><year>1980</year></automobile><automobile><person_id>a9a81e17-502b-4ba7-8f7a-197c1dda82fb</person_id><license_plate>GPO-1429</license_plate><vin>M2CPB78S800JR909U</vin><color>LightSteelBlue</color><year>2006</year></automobile><automobile><person_id>a9a81e17-502b-4ba7-8f7a-197c1dda82fb</person_id><license_plate>942 WQW</license_plate><vin>42ANJY7R6W3JEXHNR</vin><color>DeepPink</color><year>1999</year></automobile><automobile><person_id>a9a81e17-502b-4ba7-8f7a-197c1dda82fb</person_id><license_plate>H42 0PX</license_plate><vin>CTHEA5107319R2HLL</vin><color>LightSalmon</color><year>2001</year></automobile><automobile><person_id>d9cbb49e-3c8b-4e1f-ae82-48df3daf9e63</person_id><license_plate>1JX 715</license_plate><vin>WJ7PBVB071MABL5C4</vin><color>Cornsilk</color><year>1996</year></automobile><automobile><person_id>0e5331ab-a859-4c41-ad62-064037c17d3f</person_id><license_plate>247 9WM</license_plate><vin>V1VRUE1S1MLB8Z4RF</vin><color>LightBlue</color><year>1999</year></automobile><automobile><person_id>0e5331ab-a859-4c41-ad62-064037c17d3f</person_id><license_plate>C17-59A</license_plate><vin>XHDRGMTE0XGDYA7D0</vin><color>DarkRed</color><year>1993</year></automobile><automobile><person_id>4f200d0c-c0df-41fc-b3d2-16e3018beeca</person_id><license_plate>0044 JZ</license_plate><vin>NE8YVTL33D6875GWC</vin><color>Olive</color><year>1978</year></automobile><automobile><person_id>4f200d0c-c0df-41fc-b3d2-16e3018beeca</person_id><license_plate>MTI 749</license_plate><vin>6ETCGY0S5M298ZJ2T</vin><color>Thistle</color><year>1996</year></automobile><automobile><person_id>76cb7d35-2abe-4396-ac94-253cc745f348</person_id><license_plate>5JD75</license_plate><vin>JRVP5SURX4GDV5GZB</vin><color>NavajoWhite</color><year>2010</year></automobile><automobile><person_id>3be79cf7-c759-4963-813f-c74fd2c02791</person_id><license_plate>980 QTU</license_plate><vin>6GS130ER48HD5FKRG</vin><color>Aqua</color><year>2019</year></automobile><automobile><person_id>6026f7e8-2aa9-4cf1-9ed6-ad4087638ceb</person_id><license_plate>738 RSZ</license_plate><vin>4SZDG6VV52EC45VKN</vin><color>Turquoise</color><year>1993</year></automobile><automobile><person_id>6026f7e8-2aa9-4cf1-9ed6-ad4087638ceb</person_id><license_plate>9QO44</license_plate><vin>WRM48PW06ZMSE8RCL</vin><color>SeaGreen</color><year>1992</year></automobile><automobile><person_id>6026f7e8-2aa9-4cf1-9ed6-ad4087638ceb</person_id><license_plate>265-XJP</license_plate><vin>FD98C9LV71EWDZJXU</vin><color>Fuchsia</color><year>2018</year></automobile><automobile><person_id>54397e76-9717-421d-a2a4-535e8f3d3fab</person_id><license_plate>R29 6LA</license_plate><vin>7U5Y2JAW6KKAWWZ6G</vin><color>FloralWhite</color><year>2016</year></automobile><automobile><person_id>54397e76-9717-421d-a2a4-535e8f3d3fab</person_id><license_plate>PGS-472</license_plate><vin>59KTXBD60SLZG35YJ</vin><color>Linen</color><year>1984</year></automobile><automobile><person_id>1d704cbe-d695-4056-a251-4b99b5e50f95</person_id><license_plate>4MB Z18</license_plate><vin>YCC41BY11Z5HP68LX</vin><color>HoneyDew</color><year>2004</year></automobile><automobile><person_id>d8b7d3f6-9ad6-41e1-a9d7-aebf52070380</person_id><license_plate>AHJ F57</license_plate><vin>ENT6F1F12S0R4Y629</vin><color>Pink</color><year>1977</year></automobile><automobile><person_id>4d0797ee-4d39-4372-b702-b2bb1accdd62</person_id><license_plate>MOJ 548</license_plate><vin>HTAWE2HX9BP4PYUP3</vin><color>Tomato</color><year>2020</year></automobile><automobile><person_id>9f0e52e8-2a1b-4a4e-a819-73e472091f29</person_id><license_plate>55-I603</license_plate><vin>DUMJVCAA3RKZFSNKS</vin><color>SkyBlue</color><year>2001</year></automobile><automobile><person_id>79e0d390-ac8f-49f2-a589-3f4beadb1926</person_id><license_plate>PWW-2749</license_plate><vin>TB3DPG0G35DTAFBEG</vin><color>SkyBlue</color><year>1997</year></automobile><automobile><person_id>4f877538-9476-49a3-a570-7b34da8725cd</person_id><license_plate>60-6229F</license_plate><vin>5WBW45MDXB99DPV3L</vin><color>SaddleBrown</color><year>1976</year></automobile><automobile><person_id>4f877538-9476-49a3-a570-7b34da8725cd</person_id><license_plate>BNH-2806</license_plate><vin>J3FBYS2W3LJLNRXJH</vin><color>RoyalBlue</color><year>1999</year></automobile><automobile><person_id>aaca6e9b-e1eb-4e5c-9e77-695c05fd20c1</person_id><license_plate>921-QCDO</license_plate><vin>XWHSD59B0JJA3LSA2</vin><color>LightCyan</color><year>2014</year></automobile><automobile><person_id>aaca6e9b-e1eb-4e5c-9e77-695c05fd20c1</person_id><license_plate>440KL</license_plate><vin>EMEHYPKE6RTLYH6HY</vin><color>Teal</color><year>2007</year></automobile><automobile><person_id>cf612e49-45a1-4a9e-95ba-b2c456d4a7ab</person_id><license_plate>37X K84</license_plate><vin>PH11DRTS2RK8SVHLM</vin><color>Black</color><year>2007</year></automobile><automobile><person_id>cf612e49-45a1-4a9e-95ba-b2c456d4a7ab</person_id><license_plate>08Q 9624</license_plate><vin>VH40TCBH11F7XRR6J</vin><color>DarkSeaGreen</color><year>2017</year></automobile><automobile><person_id>460e73dd-aa8e-4c12-a7e7-d19287838470</person_id><license_plate>HEV 352</license_plate><vin>0ES424G90A8NU56KR</vin><color>Aqua</color><year>1992</year></automobile><automobile><person_id>460e73dd-aa8e-4c12-a7e7-d19287838470</person_id><license_plate>9ZFY 46</license_plate><vin>3R1R8RAB6JM401M42</vin><color>Black</color><year>2023</year></automobile><automobile><person_id>9c461d89-5520-4c8a-ab13-5ce6d9454568</person_id><license_plate>2BBI 41</license_plate><vin>UE25X67278RXKTDMB</vin><color>LightYellow</color><year>2005</year></automobile><automobile><person_id>cd036fb4-cb57-4d8c-8913-1ca36bba1ea3</person_id><license_plate>310-MDB</license_plate><vin>5NG750A611W4SN30R</vin><color>DarkKhaki</color><year>2002</year></automobile><automobile><person_id>1cbcaba6-7011-41c4-996d-a1c5471b2745</person_id><license_plate>COM-691</license_plate><vin>2GRRBEJB0DUKZFT4M</vin><color>DarkRed</color><year>2008</year></automobile><automobile><person_id>9fdc31bf-77ca-444c-a3a8-35357e508faa</person_id><license_plate>07AA184</license_plate><vin>3M9KL530XBHBHPUBF</vin><color>LightSkyBlue</color><year>1996</year></automobile><automobile><person_id>4219755e-889e-40cd-b82e-7f24439c7239</person_id><license_plate>35-Y534</license_plate><vin>YVGEP1DF68947MGZA</vin><color>AliceBlue</color><year>2008</year></automobile><automobile><person_id>4219755e-889e-40cd-b82e-7f24439c7239</person_id><license_plate>LS 05139</license_plate><vin>34SFWE065CL9MAE7J</vin><color>Indigo</color><year>1999</year></automobile><automobile><person_id>d99a07e5-7e4f-4921-99a6-a2d41a296875</person_id><license_plate>361-TML</license_plate><vin>ASMFJZDKXBXP81HFF</vin><color>MediumVioletRed</color><year>2001</year></automobile><automobile><person_id>2420b046-33ef-4731-88e5-6ca0005fac9d</person_id><license_plate>41LD861</license_plate><vin>G0AD0AEM959513CDR</vin><color>LimeGreen</color><year>2014</year></automobile><automobile><person_id>2420b046-33ef-4731-88e5-6ca0005fac9d</person_id><license_plate>2E 7317Y</license_plate><vin>PDE4AVTR4RWFSA8D9</vin><color>DarkOliveGreen</color><year>2008</year></automobile><automobile><person_id>2420b046-33ef-4731-88e5-6ca0005fac9d</person_id><license_plate>2-K8869</license_plate><vin>8CSVRCWP1GKX5SGU3</vin><color>HoneyDew</color><year>2013</year></automobile><automobile><person_id>6466b093-4bbd-4ebf-b005-593c42d9c732</person_id><license_plate>JPT-0290</license_plate><vin>X80Z97R63UVWSHYU7</vin><color>Peru</color><year>2008</year></automobile><automobile><person_id>dafd3be0-9024-4026-8a4d-3bb9721d326c</person_id><license_plate>8IA 786</license_plate><vin>159E45ZD09WDXRC03</vin><color>MistyRose</color><year>1986</year></automobile><automobile><person_id>dafd3be0-9024-4026-8a4d-3bb9721d326c</person_id><license_plate>683 EOA</license_plate><vin>1Y6KG4DX6WXR6XM80</vin><color>DarkCyan</color><year>1979</year></automobile><automobile><person_id>507560b0-9451-4118-b513-9f1fd5feec37</person_id><license_plate>3P 0J2CLC</license_plate><vin>HWKLYFZE2FZHWGXXV</vin><color>Silver</color><year>2020</year></automobile><automobile><person_id>8e7aa98b-ac03-4a1e-9d42-81bbb0b4ca24</person_id><license_plate>94A•715</license_plate><vin>XKZKM4YEXW3NZKRAT</vin><color>Turquoise</color><year>1999</year></automobile><automobile><person_id>bab525c4-d03d-42aa-9b4b-3f20abb22cb9</person_id><license_plate>417428</license_plate><vin>FZK3Z7P32T2HZZTX8</vin><color>Orange</color><year>2022</year></automobile><automobile><person_id>c1954b04-dd33-438f-aaed-4278a4335d74</person_id><license_plate>011 IW9</license_plate><vin>6H3EV84P6YG9XE0NX</vin><color>OliveDrab</color><year>2010</year></automobile><automobile><person_id>62926a37-245e-4efb-9c83-3d4340b77021</person_id><license_plate>395-ZKR</license_plate><vin>D4N8YYDF1S8R488RZ</vin><color>Beige</color><year>1983</year></automobile><automobile><person_id>62926a37-245e-4efb-9c83-3d4340b77021</person_id><license_plate>C93 8ZJ</license_plate><vin>57X7ALPF82A8TRHEG</vin><color>Salmon</color><year>2017</year></automobile><automobile><person_id>a3e024db-a360-4cd0-b4da-159d0de4a9a7</person_id><license_plate>MVN 193</license_plate><vin>YYXX7J7B9EM3640J4</vin><color>GoldenRod</color><year>1986</year></automobile><automobile><person_id>1e6566d9-25c5-4c43-ae99-0b5f53600ab0</person_id><license_plate>369 FKN</license_plate><vin>757UBMUV8YRUSDWK8</vin><color>IndianRed</color><year>2010</year></automobile><automobile><person_id>1e6566d9-25c5-4c43-ae99-0b5f53600ab0</person_id><license_plate>EVQ N79</license_plate><vin>SMBZ5TMC6874EWPLG</vin><color>DarkSlateBlue</color><year>2009</year></automobile><automobile><person_id>a15dfdc1-b911-466b-9999-c0eb737660d5</person_id><license_plate>7-B7893</license_plate><vin>WHJNSX8Z28R5RK1J5</vin><color>AliceBlue</color><year>2015</year></automobile><automobile><person_id>a15dfdc1-b911-466b-9999-c0eb737660d5</person_id><license_plate>39Y J22</license_plate><vin>ER40LMP06S8P5THKW</vin><color>Crimson</color><year>2011</year></automobile><automobile><person_id>a15dfdc1-b911-466b-9999-c0eb737660d5</person_id><license_plate>495-DYO</license_plate><vin>8R62WSKZ6HCUCKPFL</vin><color>BurlyWood</color><year>2009</year></automobile><automobile><person_id>d23f007f-875f-4c9c-9fbe-c0c374bedd72</person_id><license_plate>LRC 376</license_plate><vin>CMHN8EK09KMXH506C</vin><color>Bisque</color><year>2006</year></automobile><automobile><person_id>841bd7a1-5558-4656-90f0-75162001d20a</person_id><license_plate>273S</license_plate><vin>KTSWKEP646722XS8N</vin><color>LawnGreen</color><year>1974</year></automobile><automobile><person_id>4ab748ba-b529-430f-9229-4c40a1f4da41</person_id><license_plate>IR-3785</license_plate><vin>2J31BZ846Z9NSBD17</vin><color>White</color><year>2015</year></automobile><automobile><person_id>997165b8-2053-472d-a374-47a5128292f9</person_id><license_plate>927-KPN</license_plate><vin>RMATBPJY0P5RY74NY</vin><color>Teal</color><year>2014</year></automobile><automobile><person_id>997165b8-2053-472d-a374-47a5128292f9</person_id><license_plate>MBF 516</license_plate><vin>KCY6DA0H2ZYYZNMGE</vin><color>MediumPurple</color><year>2021</year></automobile><automobile><person_id>3436acb3-4f67-4694-ac5e-2abf53f765fe</person_id><license_plate>S69 4HQ</license_plate><vin>DRFPLZ2P8JC29R3XF</vin><color>Lime</color><year>1971</year></automobile><automobile><person_id>3436acb3-4f67-4694-ac5e-2abf53f765fe</person_id><license_plate>A 781700</license_plate><vin>L55D9TF54W7PG3XMH</vin><color>LightCoral</color><year>2013</year></automobile><automobile><person_id>3436acb3-4f67-4694-ac5e-2abf53f765fe</person_id><license_plate>3BB3117</license_plate><vin>0NG5VPT43Z0KXA726</vin><color>Plum</color><year>2009</year></automobile><automobile><person_id>91366fad-2012-4f19-a6bf-932567186992</person_id><license_plate>076GG</license_plate><vin>Z61BRGRF4HW9ZXBXV</vin><color>PaleGoldenRod</color><year>1972</year></automobile><automobile><person_id>91366fad-2012-4f19-a6bf-932567186992</person_id><license_plate>49-Z564</license_plate><vin>A9WJ89T44XKFP4SLY</vin><color>PaleTurquoise</color><year>2011</year></automobile><automobile><person_id>7c374922-91d2-4783-a7fd-57c8038546a5</person_id><license_plate>1ME 031</license_plate><vin>KVZCTYA30BDVRNXMK</vin><color>Salmon</color><year>1970</year></automobile><automobile><person_id>7c374922-91d2-4783-a7fd-57c8038546a5</person_id><license_plate>351 5207</license_plate><vin>YZYFU225X4VLFYYS1</vin><color>SandyBrown</color><year>2022</year></automobile><automobile><person_id>aa4020ad-baa5-48a9-b1af-e9e0d21ba3cd</person_id><license_plate>700 7482</license_plate><vin>X4XEU81T7YL6FV2TM</vin><color>LightGreen</color><year>2014</year></automobile><automobile><person_id>79a0b970-74c7-41ed-959f-e468c6751370</person_id><license_plate>5EW L65</license_plate><vin>U9Y24DZA0KKUV43TE</vin><color>LightSkyBlue</color><year>1977</year></automobile><automobile><person_id>79a0b970-74c7-41ed-959f-e468c6751370</person_id><license_plate>XSU-6599</license_plate><vin>UAK90H090BCZCDDBE</vin><color>MediumSlateBlue</color><year>1980</year></automobile><automobile><person_id>b8d1bdbc-3eef-4df4-9631-08ada68d71a4</person_id><license_plate>1396</license_plate><vin>JTHHRKUF44PECSZYJ</vin><color>DarkGoldenRod</color><year>1984</year></automobile><automobile><person_id>b8d1bdbc-3eef-4df4-9631-08ada68d71a4</person_id><license_plate>SH-2167</license_plate><vin>SAR0YM0R7729BRYSE</vin><color>Bisque</color><year>1982</year></automobile><automobile><person_id>46c0c349-0d45-46ef-9096-10384250fd64</person_id><license_plate>CV 8511</license_plate><vin>Y943SER499JMNXXF9</vin><color>Azure</color><year>1988</year></automobile><automobile><person_id>46c0c349-0d45-46ef-9096-10384250fd64</person_id><license_plate>DVP7298</license_plate><vin>YRZ9KJUEXJ82UVSMV</vin><color>DarkMagenta</color><year>1997</year></automobile><automobile><person_id>ca05029a-98d7-44fe-b586-934ceafbac9b</person_id><license_plate>039-KDQ</license_plate><vin>JVWN8Y1P0TR9E6HR2</vin><color>DarkSlateBlue</color><year>2019</year></automobile><automobile><person_id>09c6c5e0-6a4b-4218-8de5-d47a5aa67413</person_id><license_plate>2KN J23</license_plate><vin>72YALZE59VGMK1JB8</vin><color>DarkSalmon</color><year>2004</year></automobile><automobile><person_id>a713f5d1-a52f-46d2-b57e-aeec96305cda</person_id><license_plate>ZQX 031</license_plate><vin>KWBUY1JH3HHX7K64R</vin><color>SeaGreen</color><year>1984</year></automobile><automobile><person_id>a713f5d1-a52f-46d2-b57e-aeec96305cda</person_id><license_plate>354 3ZR</license_plate><vin>69LHVWXU838XK025F</vin><color>LemonChiffon</color><year>2004</year></automobile><automobile><person_id>c06420a1-6ae7-4d60-84d2-4029e9bfb547</person_id><license_plate>1-58646W</license_plate><vin>DXB9733P893GFEE3M</vin><color>SeaGreen</color><year>2011</year></automobile><automobile><person_id>c06420a1-6ae7-4d60-84d2-4029e9bfb547</person_id><license_plate>ENY 379</license_plate><vin>9860U1KR9T29854G0</vin><color>DarkTurquoise</color><year>1978</year></automobile><automobile><person_id>43f30125-0e19-4c3c-ba70-b5d249f18346</person_id><license_plate>8D118</license_plate><vin>LWHXKWSAX2YSWZPCX</vin><color>LightPink</color><year>1979</year></automobile><automobile><person_id>8e8d724f-30b8-4a1a-a527-e27f56ccad96</person_id><license_plate>OJO-8806</license_plate><vin>D0BUMJV279NJHTRJ8</vin><color>Red</color><year>1986</year></automobile><automobile><person_id>8e8d724f-30b8-4a1a-a527-e27f56ccad96</person_id><license_plate>364 RFI</license_plate><vin>12V9NC4CXNKN0C2GP</vin><color>Ivory</color><year>1999</year></automobile><automobile><person_id>1e2181b2-128e-480e-9fe9-5dd5f4ac9841</person_id><license_plate>645-092</license_plate><vin>7126SX4Z5SZT4LD69</vin><color>DarkCyan</color><year>2014</year></automobile><automobile><person_id>bd70c2cc-b1ad-4d65-b01a-d35033134080</person_id><license_plate>0UZ 363</license_plate><vin>YB1YSPDG4Y5EVZ0UW</vin><color>Cyan</color><year>1982</year></automobile><automobile><person_id>bd70c2cc-b1ad-4d65-b01a-d35033134080</person_id><license_plate>ZND 514</license_plate><vin>46G42EPX4YJGCYETR</vin><color>GoldenRod</color><year>2006</year></automobile><automobile><person_id>d1590071-1338-40d2-84b5-d5dce6a2b60d</person_id><license_plate>GGY9809</license_plate><vin>6W2Y4XRK0FLLEK4XG</vin><color>Black</color><year>2024</year></automobile><automobile><person_id>2083a618-d28d-4a83-9e7d-a7f65f18aa0c</person_id><license_plate>083-HFQ</license_plate><vin>X31H5EV60S5FK2PG4</vin><color>GoldenRod</color><year>2006</year></automobile><automobile><person_id>2083a618-d28d-4a83-9e7d-a7f65f18aa0c</person_id><license_plate>352-DRNB</license_plate><vin>WFEYB01J7VHFJU8CH</vin><color>BlanchedAlmond</color><year>2001</year></automobile><automobile><person_id>717f7764-1a79-4a15-b72d-d19d11513587</person_id><license_plate>QAS 667</license_plate><vin>VZ5GMVAF5Y6RT2SZ2</vin><color>Snow</color><year>1991</year></automobile><automobile><person_id>717f7764-1a79-4a15-b72d-d19d11513587</person_id><license_plate>2I T2673</license_plate><vin>GX5S6DRD8GPC2P7YG</vin><color>SeaShell</color><year>2000</year></automobile><automobile><person_id>be20974e-b73f-489b-a535-5f010dd62e11</person_id><license_plate>547-ZGA</license_plate><vin>SBN6TV1N9JZXYYEKP</vin><color>BlueViolet</color><year>2000</year></automobile><automobile><person_id>be20974e-b73f-489b-a535-5f010dd62e11</person_id><license_plate>DID 0174</license_plate><vin>03Y6AK7J3B5XFP7XC</vin><color>MediumSeaGreen</color><year>2010</year></automobile><automobile><person_id>4d66da46-6ecf-4af5-88aa-49217181c370</person_id><license_plate>5396 FF</license_plate><vin>TPBC8ZRJ6EDUAH3W6</vin><color>CornflowerBlue</color><year>2021</year></automobile><automobile><person_id>4d66da46-6ecf-4af5-88aa-49217181c370</person_id><license_plate>876-WWPY</license_plate><vin>15MM43SP2M6EZRCMG</vin><color>OldLace</color><year>2018</year></automobile><automobile><person_id>03cb4577-12cc-46f4-a4d9-1b73b37e5627</person_id><license_plate>834-128</license_plate><vin>83711FPA8951BR58D</vin><color>LavenderBlush</color><year>2005</year></automobile><automobile><person_id>fa9d1cf7-117c-4eee-98d9-e207fbcd32fc</person_id><license_plate>56P V16</license_plate><vin>GY4PERPN0T9UKLES0</vin><color>Gray</color><year>1993</year></automobile><automobile><person_id>fa9d1cf7-117c-4eee-98d9-e207fbcd32fc</person_id><license_plate>2-I1155</license_plate><vin>YCKR7K651KSMF12PH</vin><color>Pink</color><year>2006</year></automobile><automobile><person_id>8fc5e1b1-e30a-47af-8267-3664e20b3555</person_id><license_plate>84G O84</license_plate><vin>897PEPH42C9W4YJ4D</vin><color>Silver</color><year>2016</year></automobile><automobile><person_id>8fc5e1b1-e30a-47af-8267-3664e20b3555</person_id><license_plate>5776 FC</license_plate><vin>N940M2T9XJS2P1VSH</vin><color>MediumAquaMarine</color><year>2017</year></automobile><automobile><person_id>14962222-1e8e-45ea-947b-b591cc2e7855</person_id><license_plate>50-GK63</license_plate><vin>U1PD0SMKXRU99MK3S</vin><color>MidnightBlue</color><year>1970</year></automobile><automobile><person_id>14962222-1e8e-45ea-947b-b591cc2e7855</person_id><license_plate>39-Y076</license_plate><vin>NZHFGKZR6MB4B3WMA</vin><color>LightSlateGray</color><year>2018</year></automobile><automobile><person_id>45608c9a-d43f-4ffa-92cf-986f24c53eb8</person_id><license_plate>514 TKG</license_plate><vin>CPXP7XVG6A10P8NR5</vin><color>Silver</color><year>1972</year></automobile><automobile><person_id>45608c9a-d43f-4ffa-92cf-986f24c53eb8</person_id><license_plate>2JM6263</license_plate><vin>03WD0PM26JG2LDF0X</vin><color>SlateGray</color><year>1996</year></automobile><automobile><person_id>45608c9a-d43f-4ffa-92cf-986f24c53eb8</person_id><license_plate>UII0378</license_plate><vin>K8D6N946X325XV9WV</vin><color>Gainsboro</color><year>1984</year></automobile><automobile><person_id>9f35d9b7-840b-43c6-98bc-2744e7cfe2f7</person_id><license_plate>Q17 1BH</license_plate><vin>FYCVVS012U5MBJVLN</vin><color>YellowGreen</color><year>1995</year></automobile><automobile><person_id>11697c76-9627-48b5-b9a5-a0f5ffce2601</person_id><license_plate>092 FRW</license_plate><vin>VC7GESJD3HSBNKFPL</vin><color>DarkCyan</color><year>2020</year></automobile><automobile><person_id>11697c76-9627-48b5-b9a5-a0f5ffce2601</person_id><license_plate>LIJ 826</license_plate><vin>57LT7RT4332RRGZUE</vin><color>LightSkyBlue</color><year>2011</year></automobile><automobile><person_id>00d9b15b-08ea-4aba-882f-0c0eddb8fc9d</person_id><license_plate>69Z V91</license_plate><vin>R3AX98H742THENA0Z</vin><color>SaddleBrown</color><year>2012</year></automobile><automobile><person_id>24b80eec-8ff3-4422-a31a-4001ae396d92</person_id><license_plate>243 CLD</license_plate><vin>0ZZL4DHA3M4LV423A</vin><color>LightSkyBlue</color><year>1973</year></automobile><automobile><person_id>24b80eec-8ff3-4422-a31a-4001ae396d92</person_id><license_plate>81P MX4</license_plate><vin>2KY761RW6RBCWEUU5</vin><color>DeepPink</color><year>1981</year></automobile><automobile><person_id>633f53c2-1e9d-40c4-aa6e-bd0076adcaaf</person_id><license_plate>73M V80</license_plate><vin>4XFNRDJR3J9CKF6PH</vin><color>Moccasin</color><year>1996</year></automobile><automobile><person_id>633f53c2-1e9d-40c4-aa6e-bd0076adcaaf</person_id><license_plate>374-MJF</license_plate><vin>46DUJZ2G48N7JF5PH</vin><color>BlanchedAlmond</color><year>2012</year></automobile><automobile><person_id>421376bf-f6a7-4e5a-84ec-dfaf1f631844</person_id><license_plate>1IR2879</license_plate><vin>ZJ15LZ6J8ERP1ULUC</vin><color>SlateGray</color><year>1975</year></automobile><automobile><person_id>421376bf-f6a7-4e5a-84ec-dfaf1f631844</person_id><license_plate>979WJI</license_plate><vin>0SXXHBTW804SXSK02</vin><color>DarkOrange</color><year>1974</year></automobile><automobile><person_id>52fc696e-0271-4519-b6f9-930d98bdce2c</person_id><license_plate>585 ZG8</license_plate><vin>61MT3VU90B1U4WD44</vin><color>Thistle</color><year>2011</year></automobile><automobile><person_id>31caab27-90bb-4d76-82cb-a8f5244ccafc</person_id><license_plate>0JB 738</license_plate><vin>MW3DV86V6VC9LYKJH</vin><color>LightCyan</color><year>2011</year></automobile><automobile><person_id>02108580-130e-467d-8a5d-fc07b5217108</person_id><license_plate>13-23898</license_plate><vin>PRYGS4EP213AL5YB4</vin><color>HoneyDew</color><year>1990</year></automobile></automobiles>