"id"|"first_name"|"last_name"|"sex"|"address"|"phone_number"|"profession"|"company"|"date_of_birth"
"6e7cd6a4-d7d6-44a0-8719-0cd156775754"|"Christopher"|"Hall"|"M"|"797 Matthew Valleys Suite 832"|"(390)219-5211x7980"|"Civil engineer, contracting"|"Butler-Daugherty"|"1932-05-20"
"30b2afc8-a18c-4a7c-8977-e4ba68511b92"|"Vanessa"|"Spencer"|"F"|"199 Haney Prairie Suite 518"|"869.832.9027x760"|"Trading standards officer"|"Day and Sons"|"1935-01-17"
"dbf6a65a-7654-413c-8c74-e6f9493130a0"|"Joy"|"Fisher"|"F"|"669 Johnson Plains Suite 376"|"+1-235-951-9845"|"Immunologist"|"Mcgee Ltd"|"1952-01-17"
"e521c997-c660-4d54-9e67-ebbad86fe37b"|"Craig"|"Spence"|"M"|"1 Quinn Divide"|"(761)568-2107"|"Professor Emeritus"|"Juarez-Harrison"|"1958-10-28"
"840c124b-d254-4a2a-a6e3-26551002eec7"|"Lisa"|"Curtis"|"F"|"296 Higgins Port Apt. 001"|"604.363.9017x292"|"IT consultant"|"Ruiz, White and Miller"|"1984-06-06"
"8b45cb31-56a3-40e4-b2f5-fc5cacde3c7b"|"Suzanne"|"Haney"|"F"|"495 Tara Inlet"|"901.571.8733"|"Biomedical scientist"|"Nguyen and Sons"|"2011-06-10"
"d5c4863b-ac2d-4202-8ba9-82ade372c553"|"Shelby"|"Fernandez"|"F"|"59 Jones Cliffs Suite 657"|"(450)388-6858x260"|"Geochemist"|"Davis-Pearson"|"1961-03-03"
"bf743f31-1528-4ba0-8dff-138f1882249a"|"Alex"|"Bennett"|"M"|"260 Warner Circle"|"334.639.3145x7548"|"Special educational needs teacher"|"Christian, Newman and Rogers"|"1967-06-06"
"bbc2e1d6-4bc7-4df0-aeb9-d592b68a4511"|"Bradford"|"Barajas"|"F"|"604 Day Inlet"|"683-228-0104x1545"|"Youth worker"|"Wilson, Byrd and Douglas"|"2007-07-24"
"1b15b579-0690-47e6-acde-f2de325306b2"|"Laura"|"Gallagher"|"F"|"493 Montoya Walk Apt. 578"|"(629)508-5963"|"Private music teacher"|"Page LLC"|"1952-06-19"
"a1181693-c2e0-4ddc-b117-2591226f04b3"|"Danny"|"Gill"|"M"|"665 Randall Burg"|"+1-491-863-7864x90063"|"Trade mark attorney"|"Holland-Madden"|"1925-02-26"
"fd6e1290-611e-4057-80b8-d5b8de37ba9f"|"Virginia"|"Cervantes"|"F"|"855 Danielle Estates"|"(276)823-6096"|"Photographer"|"Jones-Christian"|"1962-01-29"
"41ae80ae-aa82-4dd6-a51c-7fc796fbba0a"|"Samuel"|"Hall"|"M"|"237 Porter Overpass"|"9522303654"|"Estate agent"|"Kramer and Sons"|"1972-10-29"
"18bf1fa0-9641-4e09-ace8-219f48dc3ea3"|"Valerie"|"Stone"|"F"|"175 Charles Mall Apt. 745"|"2025963873"|"Engineer, biomedical"|"Gomez Inc"|"1988-11-26"
"2be02b03-7569-469e-8898-1ff2742d54ea"|"Kenneth"|"Howard"|"M"|"730 Smith Avenue Apt. 759"|"646.713.8542x45882"|"Intelligence analyst"|"Jenkins-Wilkinson"|"1959-11-26"
"9cc24bdd-1cda-4b1c-a8b7-9350ba4e61aa"|"Emily"|"Floyd"|"F"|"109 Douglas Springs"|"+1-469-278-1244x683"|"Teacher, secondary school"|"Sandoval-Ellison"|"1933-04-04"
"e6bec254-407d-43e9-bbb6-1e2869360d4d"|"Kevin"|"Johnson"|"M"|"452 William Avenue"|"(546)753-5272"|"Restaurant manager"|"Carrillo, Sanchez and Anderson"|"1982-05-03"
"f21e4617-9cef-4b8b-b72a-ea630d10f2bf"|"Heather"|"Gomez"|"F"|"219 Brown Canyon Apt. 503"|"001-223-410-4016x28452"|"Buyer, industrial"|"Gardner, Guerrero and Little"|"1952-01-05"
"465bce8a-ff74-4bf2-bb5d-4884858440fb"|"Charles"|"Colon"|"M"|"52 Lynn Lake Suite 253"|"480-791-6526x965"|"Brewing technologist"|"Rojas, Soto and Long"|"2006-12-10"
"240aeb3b-7e7c-4f65-b41e-d8eca65c5dc6"|"Mark"|"Spencer"|"M"|"812 Shelton Run"|"5396626087"|"Fitness centre manager"|"Gonzales, Wallace and Davis"|"1958-05-21"
"fd5846ba-960b-488c-9df7-1ccdddf353a0"|"Amanda"|"Ray"|"F"|"95 Heather Garden Suite 383"|"827-685-8628"|"Counsellor"|"Bennett-Trevino"|"1917-09-21"
"592ef82a-a278-4e5e-8c48-56ef2901ca4e"|"Dominique"|"Shelton"|"F"|"363 Alexis Run Suite 764"|"001-512-824-6632"|"Counsellor"|"Harris, Brown and Abbott"|"1991-01-11"
"8e62fc42-c16f-4948-9053-1c6d2356a8ca"|"Christopher"|"Lopez"|"M"|"454 Jones Courts Apt. 083"|"482-365-5581"|"Clothing/textile technologist"|"Allen PLC"|"1975-02-03"
"d7711015-096c-4940-a1e3-9ea56cdb233e"|"Nathan"|"Smith"|"M"|"81 Scott Valleys Suite 598"|"248.919.5521"|"Microbiologist"|"Carroll Inc"|"1961-03-14"
"0c16d3e7-6f3d-42f2-9b96-463dd303a2e6"|"Matthew"|"Ray"|"M"|"634 Michael Manor"|"957-452-9944"|"Logistics and distribution manager"|"Harrington-Mendoza"|"1913-12-11"
"571364fc-90c6-4380-9da3-03941f88e45a"|"Melissa"|"Leach"|"F"|"295 Phillip Spring"|"732.547.1059x00744"|"Conservator, furniture"|"Schultz, Lawrence and Adkins"|"1955-03-02"
"3189be3e-1b99-4561-846c-2cbf5c1511ec"|"Nicole"|"Aguirre"|"F"|"392 Jessica Mountains Suite 248"|"696.433.1183x679"|"Pharmacologist"|"Mccarthy Ltd"|"1983-04-06"
"ef57c368-d66e-4bd7-a608-316cb2b6dd18"|"Courtney"|"Hernandez"|"F"|"740 Haney Prairie Suite 518"|"(536)514-0616x014"|"Product/process development scientist"|"Evans and Sons"|"1981-05-21"
"a8a92144-41c9-4977-94d8-624573f56f18"|"Valerie"|"Velez"|"F"|"59 Jeffery Isle"|"001-596-812-6479x74883"|"Financial adviser"|"Johnson, Welch and Ramirez"|"1947-12-26"
"f7898cd5-20f3-42f5-be60-284849b45cde"|"Daniel"|"Matthews"|"M"|"593 Aimee Circles"|"712-484-8223x41678"|"Risk analyst"|"Flores LLC"|"1942-01-31"
"f0b07e91-d4ae-4e05-a98e-fa1954904360"|"Michele"|"Ward"|"F"|"826 Warner Circle"|"860-318-8920x5369"|"Art gallery manager"|"Evans-Poole"|"1972-07-26"
"68eaacfd-ca9e-4f39-910d-7e585053fb62"|"Jessica"|"Davis"|"F"|"931 Chandler Tunnel Suite 681"|"001-558-559-4853"|"Stage manager"|"Vasquez, Perez and Thornton"|"1934-06-17"
"6919540a-8f18-4126-86a9-0fd262d9d736"|"Chad"|"Glover"|"M"|"586 Scott Valleys Suite 598"|"462-309-8873x0450"|"Engineer, automotive"|"Hill-Robinson"|"1978-04-05"
"13c7bbec-7675-4ea1-a1b9-c6eac2c6f613"|"Justin"|"Martin"|"M"|"831 Porter Overpass"|"001-447-233-3616x9346"|"Engineer, site"|"Smith, Anderson and Berry"|"2007-07-09"
"7267cd8a-4028-4658-bc76-4f78bc261264"|"Robert"|"Torres"|"M"|"957 Elizabeth Creek Apt. 423"|"001-794-481-2956"|"Surveyor, quantity"|"Gaines-Carter"|"1909-04-02"
"4ba760ca-0d91-4ee0-aeb5-b6d77891b9ac"|"Traci"|"Alvarez"|"F"|"444 Jeffrey Run"|"6655115296"|"Field seismologist"|"Patterson, Rodriguez and Moore"|"1963-02-14"
"d8dee085-f3d6-46d6-965b-e7974e7b5c4b"|"Sarah"|"Rodriguez"|"F"|"291 Shelton Run"|"461-786-4983x9972"|"English as a second language teacher"|"Hoffman, Martin and Farrell"|"1930-06-03"
"39ffa1d1-6a72-4f40-b534-f6b540592267"|"Matthew"|"Cordova"|"M"|"255 Anderson Port"|"222-573-0529"|"Multimedia specialist"|"Lambert Group"|"2019-01-05"
"747df3be-f08a-4ba3-9b08-623e6f2ef782"|"Brent"|"Curtis"|"M"|"532 Yates Harbor Suite 905"|"970.382.1892"|"Youth worker"|"Perkins and Sons"|"1963-08-18"
"2b61ae46-ce5a-446b-be88-faaad1421e8b"|"Lauren"|"Cervantes"|"F"|"619 Donald Village Apt. 289"|"(551)308-7641"|"Gaffer"|"Huber LLC"|"1929-04-23"
"5019c078-dc33-4cb8-aff1-5713ee0fb92a"|"Lisa"|"Sanders"|"F"|"647 Anderson Port"|"+1-275-564-9543"|"Engineer, broadcasting (operations)"|"Cox, Garcia and Diaz"|"1980-05-04"
"d17699d9-bb2a-4499-8a04-283689e4ce70"|"Justin"|"Mccullough"|"M"|"854 Arnold Cliffs"|"9028622860"|"Statistician"|"Patel, Brown and Brown"|"1944-02-02"
"598278ec-bd69-4089-aa2a-ff3aac75a663"|"Andrew"|"Sparks"|"M"|"259 Wilson Locks Apt. 694"|"(669)434-8962"|"Hydrographic surveyor"|"Herrera-Nelson"|"1957-03-22"
"c4b5af9f-f5c9-4883-89b8-2b973233ec72"|"Mark"|"Fisher"|"M"|"957 Tiffany Gateway"|"370-273-8499"|"Analytical chemist"|"Caldwell PLC"|"2000-07-18"
"59b1c512-6f44-4079-93db-1ba8b990ad91"|"Butler"|"Rhodes"|"M"|"475 Rachel Pine"|"001-407-538-7503x168"|"Therapist, horticultural"|"Foster, Bush and Sanchez"|"1952-07-19"
"a4e78628-d374-4585-bf67-530de810c53e"|"Brady"|"Craig"|"M"|"285 Hernandez Parkways Suite 200"|"+1-571-493-7698"|"Teacher, adult education"|"Vincent LLC"|"1923-08-19"
"7d79ee75-0cb7-4a41-adeb-c37c259665f0"|"Stephanie"|"Hall"|"F"|"706 Monica Burgs Suite 695"|"457-884-8487x152"|"Occupational therapist"|"Sanchez-Moore"|"1932-12-09"
"f7143c78-658b-41ea-8957-2323f09f7df1"|"Cameron"|"Barnes"|"M"|"533 Warner Circle"|"5793761473"|"Amenity horticulturist"|"Velasquez-James"|"1952-01-28"
"d4aa5f2f-0dea-49da-8ba7-0ab513d5502d"|"Steven"|"Long"|"M"|"264 Mills Springs"|"(747)685-5200"|"Commercial art gallery manager"|"Becker Group"|"1978-07-09"
"775fe813-fcaa-4ec9-9e2c-1d72020e0c81"|"Cory"|"Conway"|"M"|"87 Jeffery Spur Suite 411"|"001-328-552-3085x0580"|"Geologist, wellsite"|"Hoffman-Jones"|"1927-07-14"
"1ee91258-2371-4205-b6da-0211817072b7"|"Abigail"|"Williams"|"F"|"167 May Rest Suite 582"|"3033523081"|"Buyer, industrial"|"Pope-Burns"|"1975-09-02"
"5d0d7de3-d8fc-491e-bdfa-da116bec66d2"|"Jeffrey"|"Crawford"|"M"|"209 Tara Inlet"|"743-357-0274"|"Chief Financial Officer"|"Scott-Coleman"|"1956-01-23"
"f445ce8f-2eb1-4a6b-bd14-438b03c3d099"|"Sheryl"|"Colon"|"F"|"144 Amber Wells"|"7289861672"|"Engineer, chemical"|"Spencer, Vasquez and Jones"|"2019-05-15"
"9cb344b3-c2c2-4ca8-9b8e-2d1295b5905a"|"Brian"|"Cannon"|"M"|"117 Oneal Underpass"|"+1-823-271-7896x6818"|"Police Officer"|"TTPD"|"1948-01-04"
"55f12f9d-82fa-40b0-9478-87bcd7c7fd4f"|"Karen"|"Patrick"|"F"|"996 May Rest Suite 582"|"+1-740-715-7802x3459"|"Public relations account executive"|"Sharp-Simmons"|"1912-09-01"
"2c379bad-45a3-4afb-bf3a-6a6886a0fba2"|"Kaitlyn"|"Aguirre"|"F"|"937 Martin Field"|"825-574-7688x941"|"Education officer, museum"|"Smith Group"|"1959-03-07"
"d3a49f62-cecb-4349-862f-bd12a2a4b6c7"|"Travis"|"Gonzalez"|"M"|"147 Morales Gardens Suite 197"|"001-643-393-0193x5765"|"Nurse, adult"|"West, Miller and Hill"|"1927-12-10"
"21adb9c4-33d5-468e-98b6-85800b8c0069"|"John"|"Powers"|"M"|"54 Arnold Cliffs"|"635-703-0429"|"Historic buildings inspector/conservation officer"|"Vargas and Sons"|"2018-08-19"
"fe1ea23e-9ca4-4d38-81c0-d5c31b46fd6b"|"Elizabeth"|"Ruiz"|"F"|"489 Nelson Estate"|"001-812-537-0553x68574"|"Physiological scientist"|"Good, Cowan and Hernandez"|"2022-07-21"
"381f1b5a-1aa1-4a6b-bd46-ec4eef5eb93c"|"Amy"|"Perez"|"F"|"308 Angela Lights"|"(323)832-9282x19556"|"Ranger/warden"|"Riley Inc"|"1988-09-19"
"a167994c-b7fa-431b-ab49-6ab74fb5e59b"|"Caroline"|"Moore"|"F"|"79 Arnold Cliffs"|"001-367-940-0510x0014"|"Therapeutic radiographer"|"Robinson, Gordon and Ingram"|"1979-09-28"
"684eba9e-284b-4570-9eda-576a6ee6d445"|"Curtis"|"Osborne"|"M"|"791 David Course Apt. 455"|"001-260-469-5068x473"|"Health and safety adviser"|"Carter, Silva and Pineda"|"1954-08-22"
"70f3b077-61f7-4ad4-9d43-9451c172f9a8"|"Erika"|"Green"|"F"|"845 Newton Wall"|"202.709.2475"|"Aeronautical engineer"|"Lynch and Sons"|"2002-03-25"
"555402fd-dc38-4004-8455-c324b929d6e4"|"Pamela"|"Fleming"|"F"|"646 Jones Courts Apt. 083"|"001-224-344-9991"|"Personal assistant"|"Bryant-Cruz"|"1950-10-02"
"cdf11b8d-bcb7-4b7b-a24c-f209a07bd956"|"Katherine"|"Hall"|"F"|"737 Angela Lights"|"666-528-5299x79167"|"Glass blower/designer"|"Jordan Ltd"|"1967-03-11"
"407e08c6-7059-4252-aa5c-2af76ec8c49f"|"Lawrence"|"Patton"|"M"|"966 Quinn Divide"|"891.287.9474"|"Production engineer"|"Gordon-Barnes"|"1949-09-18"
"34c415b4-3244-401b-8d03-fb2414b9e8a8"|"Debbie"|"Good"|"F"|"912 Scott Valleys Suite 598"|"001-361-294-2832x57410"|"Leisure centre manager"|"Coleman-Boyer"|"1936-10-16"
"180a688d-b616-41c5-a338-3ccb19167bcc"|"Gregory"|"Ryan"|"M"|"743 Matthew Keys"|"+1-397-520-6649"|"Corporate treasurer"|"Beck, Davis and Garner"|"2014-11-23"
"508a60d9-5781-4d6a-9a21-c27e4ab0f155"|"Anthony"|"Rodriguez"|"M"|"316 Dakota Extensions"|"(673)506-0009x35759"|"Chartered legal executive (England and Wales)"|"Dixon, Cross and Rodriguez"|"2023-04-15"
"58162e8a-457e-4dfc-9606-009464955531"|"William"|"Mckee"|"M"|"22 Banks Curve Apt. 123"|"778.908.8157x2128"|"Surveyor, rural practice"|"Ho PLC"|"1948-11-30"
"3be9cd2c-ced2-4bf5-bb6d-03197b935de2"|"Linda"|"Peterson"|"F"|"654 Bailey Trail"|"(673)322-2212x568"|"Equities trader"|"Brown Group"|"1908-07-15"
"6b01e6b0-6e6d-494d-bf4e-ea2ec9d2bbc9"|"Dean"|"Wilson"|"M"|"679 Weeks Meadow Suite 683"|"(991)759-2039x5435"|"Web designer"|"Ford, Clark and Phillips"|"2019-08-23"
"4702dda1-6963-452f-8c6a-b2258374a4ee"|"Angela"|"Bennett"|"F"|"967 Rachel Pine"|"351.665.2986x0534"|"Broadcast engineer"|"Christian-Gonzalez"|"1964-08-16"
"db3bef89-8971-423d-b04c-e52ca69a88cc"|"Jasmine"|"Bailey"|"F"|"582 May Rest Suite 582"|"3957828385"|"Electrical engineer"|"Evans-Hall"|"1928-11-10"
"6b00ef32-4c79-4d75-b3eb-14c285bc12f9"|"Jeffrey"|"Franklin"|"M"|"443 Johnson Plains Suite 376"|"821-422-1371"|"Surveyor, commercial/residential"|"Dean, Young and Mcdonald"|"1987-04-05"
"4e273eb0-843a-4314-999d-00f2fbfa32a0"|"Christina"|"Fisher"|"F"|"888 Rivers Squares"|"592-984-9776"|"Planning and development surveyor"|"Osborne, Ingram and Watson"|"1962-11-06"
"f1e2d8aa-9a58-49d0-aaa3-8be868aba3af"|"Jamie"|"Harris"|"F"|"693 Jones Cliffs Suite 657"|"+1-252-227-5160x397"|"Copy"|"Jones Group"|"2013-03-25"
"cea32a56-34d6-4ed0-9912-b77ba72ce980"|"Elizabeth"|"Dean"|"F"|"94 Moore Crossroad Apt. 549"|"610-200-1000x0878"|"Surveyor, building control"|"Townsend Inc"|"1969-03-05"
"983764c6-e08b-4c12-96c5-4f425efbd980"|"Margaret"|"Hicks"|"F"|"874 Alexis Run Suite 764"|"837-317-5166x53540"|"Dentist"|"Goodman-Lopez"|"1918-01-19"
"9188b2fd-234d-49a6-8020-5e7fbdbd9373"|"Sydney"|"Parker"|"F"|"4 Ashley Landing"|"8995661907"|"Electrical engineer"|"Hill LLC"|"1951-11-28"
"000d309f-64e6-4a38-9ce6-f3fb2ab7dbe8"|"Chelsea"|"Strickland"|"F"|"683 Alexis Freeway Apt. 358"|"7022664410"|"Cabin crew"|"Smith-Thompson"|"1936-11-25"
"76cd5035-244d-4df7-bbda-65527e208cb9"|"Tiffany"|"Williams"|"F"|"54 Troy Centers"|"(819)239-2266x61110"|"Immunologist"|"Nguyen, Robinson and Jones"|"1981-12-21"
"655c7d98-33bb-4578-bfa2-8005c0fee04c"|"Randy"|"Jones"|"M"|"815 Ward Parkway Apt. 076"|"347.931.8041"|"Soil scientist"|"Sanders, Mccullough and Beltran"|"1959-12-05"
"78c0df5e-869f-4257-bfb3-10511c0f0ec8"|"Anthony"|"Freeman"|"M"|"926 Martinez Grove Apt. 125"|"001-707-849-4652x50182"|"Toxicologist"|"Francis-Davis"|"1994-07-06"
"fccb9a75-26e8-4ab9-8d3e-1b9563ced682"|"Melanie"|"Smith"|"F"|"158 William Avenue"|"554-311-3663x2936"|"Consulting civil engineer"|"Sanders, Spence and Clements"|"1952-10-08"
"c901f000-8102-451a-b99e-bb0cb2a080ac"|"Eric"|"Hanson"|"M"|"469 David Course Apt. 455"|"001-404-695-6635x282"|"Sports administrator"|"Burns Group"|"2008-01-20"
"bb1c5513-08bf-4c0d-a54e-870f2b2c3f0f"|"Tanner"|"Russell"|"M"|"3 Yates Harbor Suite 905"|"+1-647-761-8457x008"|"Camera operator"|"Hatfield-Wells"|"1966-08-14"
"69bc41a2-bd49-425f-a743-5de28a5a9a4c"|"Kevin"|"Anderson"|"M"|"990 Pham Ports"|"2903153813"|"Health promotion specialist"|"Pope Group"|"2010-08-10"
"96a0e301-2fdf-4cc7-8a7c-4ff1bc51b272"|"Jessica"|"Mitchell"|"F"|"323 Dakota Extensions"|"(398)545-0855x2071"|"Financial trader"|"Hale PLC"|"1915-05-03"
"d586585d-02ab-405d-880a-9e43c094df10"|"Penny"|"Henderson"|"F"|"64 Dakota Extensions"|"790.682.5771x907"|"Development worker, community"|"Kane and Sons"|"2002-09-20"
"f1e837b5-dab6-415c-9d00-bd8e12de8a75"|"Madeline"|"Freeman"|"F"|"89 Aimee Circles"|"001-485-528-7600x4237"|"Environmental education officer"|"Torres, Hernandez and Thompson"|"1982-03-16"
"5f963e1c-9006-48bf-83ee-70e37a051f1e"|"Alicia"|"Jones"|"F"|"203 Porter Overpass"|"401-465-9544x3497"|"Engineer, agricultural"|"Johnson, Mendez and Arnold"|"1961-06-29"
"3d425984-4c26-4c20-96ad-fae0aa3eb6da"|"Sarah"|"Lynch"|"F"|"641 Randolph Way Suite 427"|"771.814.3569x7703"|"Programmer, applications"|"Fields-Jones"|"1927-07-04"
"6e5a47af-5040-4537-8850-6bb1b28564cd"|"Elizabeth"|"Brown"|"F"|"525 Angela Lights"|"9984191680"|"Designer, fashion/clothing"|"Griffith Inc"|"1920-11-20"
"136ab6b1-9ec9-4b2e-ac8a-25f8d6ebe6a3"|"Mikayla"|"Smith"|"F"|"814 Pham Ports"|"444-324-3079"|"Museum/gallery exhibitions officer"|"Hutchinson-Griffin"|"1968-06-01"
"2c3640cf-73de-461e-939c-7a60b036d857"|"Curtis"|"Williams"|"M"|"230 Patricia Row"|"001-238-869-1005x07694"|"Electronics engineer"|"Kelly, Doyle and Day"|"2017-06-22"
"468a9ddd-82fd-41ad-bbdf-2111fe8dd9fd"|"Andrea"|"Perez"|"F"|"211 Martin Field"|"001-365-331-2328"|"Teacher, music"|"Hardin Group"|"1985-12-24"
"3073408d-4f54-445e-8867-bc2f82240e0a"|"Patricia"|"Hanson"|"F"|"662 Alexis Freeway Apt. 358"|"(626)310-2048x013"|"Art gallery manager"|"Newman-Collins"|"2000-01-17"
"ed59620c-a660-4289-9b7c-a2a0176e0e28"|"Ruth"|"Richardson"|"F"|"734 Thomas Ford"|"001-206-740-5534x019"|"Copywriter, advertising"|"Rodriguez-Cross"|"1965-05-20"
"354a3593-f06d-4e99-81f5-d25f6586e0e0"|"Jason"|"Harrison"|"M"|"459 Gabriel Hill Apt. 094"|"001-407-732-3476x8947"|"Scientist, research (maths)"|"Simmons, Allison and Harvey"|"2006-03-28"
"d36ef9bd-0e8f-425f-bc48-d345eb1af89b"|"John"|"Jackson"|"M"|"219 Charles Mall Apt. 745"|"327-832-7555"|"Financial controller"|"Williams and Sons"|"2013-07-31"
"87202e31-4dfb-4fa4-823e-44c34a737262"|"Brittany"|"Morgan"|"F"|"647 Dakota Extensions"|"001-358-458-9404x24227"|"Sport and exercise psychologist"|"Riddle LLC"|"1951-10-14"
"3b5ad681-f2fd-4d31-a1b8-e10fddb36763"|"Tammy"|"Roy"|"F"|"969 Patricia Trafficway Apt. 188"|"(770)315-9199x5926"|"Ship broker"|"Young Inc"|"1983-12-31"
"593bd9bf-dafd-43fd-84f8-8272233541ed"|"Billy"|"Norman"|"M"|"595 Jeffrey Run"|"879-984-3032x1979"|"Herpetologist"|"Simmons-Crane"|"1956-08-20"
"ffd5a236-68cc-4595-a20f-54aa4c6a4c34"|"Michelle"|"Gates"|"F"|"211 Charles Mall Apt. 745"|"(419)908-0320x101"|"Ranger/warden"|"Meza and Sons"|"2000-03-19"
"b104dbdd-13eb-4090-8dfd-1888517ee011"|"Jason"|"Willis"|"M"|"204 Weeks Meadow Suite 683"|"(909)811-8131x256"|"Trade mark attorney"|"Brooks PLC"|"2005-04-19"
"96184c45-f01b-4b10-8ac4-c26cac201084"|"Powell"|"Hall"|"M"|"796 Jeffery Village"|"(883)364-8014x786"|"Geneticist, molecular"|"Andrade Ltd"|"1943-10-26"
"bd459466-a4f5-478f-b61e-3b8c6ec7891d"|"Jonathan"|"Robbins"|"M"|"300 Matthew Valleys Suite 832"|"(946)607-3326"|"Retail banker"|"Green-Becker"|"1972-07-18"
"665445e7-433c-4e6f-b73d-fe5bc3038d56"|"Robert"|"Parker"|"M"|"121 Warner Circle"|"660.996.4002x261"|"Physiological scientist"|"Crane, Cantu and Hansen"|"1908-12-08"
"a85af433-e858-43f6-a37a-8d61434215ff"|"Richard"|"Hooper"|"M"|"227 Weaver Haven"|"(281)538-2620"|"Engineer, manufacturing systems"|"Dickerson-Hicks"|"1977-07-23"
"f5601c83-e5bf-4a8d-8482-fe840019913f"|"Stephanie"|"Green"|"F"|"460 Ashley Landing"|"001-699-225-0636x481"|"Designer, industrial/product"|"Jordan, Davis and Moran"|"1963-12-27"
"a78c7089-5b5f-4362-929f-def57e12831c"|"Melissa"|"Williams"|"F"|"407 Lewis Trace"|"001-986-219-9492x7323"|"Geographical information systems officer"|"Duran, Crawford and Medina"|"1931-05-30"
"153ac0c0-6786-4550-ac83-9e0036c555e2"|"Aaron"|"Nichols"|"M"|"998 Phillip Spring"|"+1-465-243-7160"|"Technical brewer"|"Frederick, Smith and Brooks"|"1966-03-01"
"16310748-44e0-4ac8-a0d4-d29c00a6af3f"|"Emily"|"Gomez"|"F"|"864 Ross Camp Apt. 134"|"8988778010"|"Audiological scientist"|"Hampton Ltd"|"1950-11-12"
"caeaa071-6a27-4f02-9659-62e5420d9a12"|"Wendy"|"Jackson"|"F"|"455 Hernandez Parkways Suite 200"|"9557114504"|"Teacher, English as a foreign language"|"Williams-Rodriguez"|"1913-01-20"
"4f5f6529-586e-4153-b1a5-ebd462079c2c"|"Jacob"|"Zhang"|"M"|"672 Bailey Trail"|"409.231.2918"|"Meteorologist"|"Gutierrez-Hobbs"|"2016-01-17"
"104cd348-aa73-40d6-b616-173cdfb165ad"|"Dana"|"Lopez"|"F"|"70 Anderson Parkways"|"001-471-395-0110"|"Ecologist"|"Chavez PLC"|"1968-06-21"
"5a40d496-f39b-4f13-94f1-be60dba112f9"|"David"|"Morgan"|"M"|"348 Danielle Estates"|"307.658.2457"|"Environmental consultant"|"Murphy, Smith and Ellis"|"1971-12-30"
"86927bd7-2b44-4e16-8964-003ed2eae959"|"Melissa"|"Garrison"|"F"|"423 Randolph Way Suite 427"|"832-373-8518x06792"|"Heritage manager"|"Turner PLC"|"2009-09-09"
"8f986a47-a834-4615-a884-64ebee9d717d"|"Lisa"|"Gonzalez"|"F"|"994 Davenport Fords"|"681-522-4946x5357"|"Administrator, arts"|"Holmes, Mullen and Terry"|"1920-06-12"
"42858e6c-f629-4be7-92b8-522d8665a406"|"Curtis"|"Scott"|"M"|"750 Johnson Plains Suite 376"|"+1-869-808-6463"|"Occupational therapist"|"Donaldson Ltd"|"1953-01-23"
"3c49c583-765d-414e-9caf-01cb1977a871"|"Natasha"|"Long"|"F"|"138 Yvette Loop"|"+1-417-573-2473x463"|"Forensic psychologist"|"Murphy PLC"|"1958-01-20"
"d4487a97-2a5a-4386-86ba-f57e82e94ac0"|"Lisa"|"Taylor"|"F"|"312 Alexandra Bridge Suite 474"|"768.623.5620"|"Futures trader"|"Hernandez, Bradley and Moreno"|"1969-10-31"
"e3c862df-58df-4ff3-8caa-ce5cdd1c1f9b"|"Susan"|"Fisher"|"F"|"447 Randolph Way Suite 427"|"001-580-360-9540"|"Graphic designer"|"Gomez, Pruitt and Madden"|"1974-12-28"
"dd4ed435-823b-44dd-bff0-eef00603b04a"|"Victoria"|"Wilson"|"F"|"472 Nicole Via"|"(292)923-7330"|"Art therapist"|"Cuevas-Cummings"|"1919-06-18"
"7f30e23f-59fe-4f92-b6a4-a5e83c75bd9f"|"Kristy"|"Floyd"|"F"|"327 Garcia Road Suite 143"|"+1-637-923-6080x534"|"Sports therapist"|"Charles, Miranda and Davis"|"1912-12-16"
"8055adfe-03da-49f6-b098-102d2710a4b3"|"Priscilla"|"Hooper"|"F"|"114 Thomas Ford"|"+1-224-882-0227"|"Rural practice surveyor"|"Thomas, Walsh and Yang"|"1976-07-21"
"543bdd5b-deb0-4995-8afa-a5a025f877a9"|"Tyler"|"Jones"|"M"|"243 Jones Cliffs Suite 657"|"649.598.7247x18574"|"Social researcher"|"Stewart, Soto and Bartlett"|"2012-04-17"
"5a2a0680-aa3c-42ef-a5d4-23d1f6d63492"|"Zachary"|"Jones"|"M"|"537 Heather Garden Suite 383"|"615.300.0580x4484"|"Forensic scientist"|"Melendez-Green"|"1995-12-20"
"19d290c7-3cd5-4aa2-a50e-badfe889b618"|"Jeffrey"|"Pena"|"M"|"393 Aimee Circles"|"(217)654-4333x2942"|"Engineer, broadcasting (operations)"|"Jones-Henderson"|"2004-03-12"
"f997654f-bf68-4861-b744-d52085dd6c5b"|"Joseph"|"Li"|"M"|"55 Lynn Lake Suite 253"|"576.512.9029x207"|"Child psychotherapist"|"Anderson-Smith"|"1934-12-24"
"44a6c77f-ae4f-491c-b78d-002dd81ce315"|"Nathaniel"|"Rivera"|"M"|"694 King Land"|"3723956909"|"Drilling engineer"|"Rodriguez-Carter"|"1997-10-06"
"7555feaa-3c44-4c61-95b1-ca3236aa25f1"|"Robert"|"Jackson"|"M"|"35 Lynn Lake Suite 253"|"690.944.4224"|"Administrator, sports"|"Davis-Holmes"|"1994-02-27"
"da03f8e4-bca7-4ebd-9589-e93603d03db1"|"Jeffrey"|"Harding"|"M"|"187 Thomas Ford"|"232-433-5124"|"Volunteer coordinator"|"Franco, Rivera and Braun"|"1949-12-01"
"ef607664-a566-4c01-a54f-1394f81d0efe"|"Anthony"|"Barnes"|"M"|"534 Hernandez Parkways Suite 200"|"645.980.0088"|"Educational psychologist"|"Marshall, Howard and Browning"|"1984-11-27"
"d80b11e3-77a9-48b0-995f-2e950c280dfc"|"Stephanie"|"Reyes"|"F"|"206 Heather Garden Suite 383"|"396-830-3449x468"|"Orthoptist"|"Saunders-Mullins"|"1925-07-14"
"604eebe8-80d6-47ac-bff7-b2590fcd118d"|"Donald"|"Ryan"|"M"|"118 Pham Ports"|"+1-529-232-1205"|"English as a foreign language teacher"|"Williamson Inc"|"1950-11-27"