<?xml version="1.0" encoding="UTF-8" ?><automobiles><automobile><person_id>3e5b10ee-43bc-4624-af28-385fc186392a</person_id><license_plate>JV 6978</license_plate><vin>SSSPPU5P8AM86813E</vin><color>PeachPuff</color><year>1980</year></automobile><automobile><person_id>89561a23-6877-432f-9ac2-47e34a607df2</person_id><license_plate>136KCI</license_plate><vin>G6N8K93361CUJ229R</vin><color>IndianRed</color><year>1986</year></automobile><automobile><person_id>94d3024f-ecaf-4843-9245-96515d00e10a</person_id><license_plate>H 100944</license_plate><vin>W35K8MGM2VAFL232T</vin><color>Brown</color><year>1998</year></automobile><automobile><person_id>94d3024f-ecaf-4843-9245-96515d00e10a</person_id><license_plate>KM 1375</license_plate><vin>1FTPMJL33ZAA1JB4B</vin><color>YellowGreen</color><year>1990</year></automobile><automobile><person_id>e7b34d2c-2192-4602-93e1-5f43ce83eedb</person_id><license_plate>4-R1486</license_plate><vin>4TXZKST15WKD7TLPV</vin><color>DarkSlateGray</color><year>2000</year></automobile><automobile><person_id>e7b34d2c-2192-4602-93e1-5f43ce83eedb</person_id><license_plate>948-AZP</license_plate><vin>FXRCS3T90GDS560KU</vin><color>Aqua</color><year>2003</year></automobile><automobile><person_id>e7b34d2c-2192-4602-93e1-5f43ce83eedb</person_id><license_plate>636 KNS</license_plate><vin>ZDP0JZEN8ZNYLC1ED</vin><color>LemonChiffon</color><year>1979</year></automobile><automobile><person_id>6ec739a3-f284-4e0b-89a2-d36b2d7a6c9c</person_id><license_plate>NDX-957</license_plate><vin>2EDEDS7U34D3239J1</vin><color>RoyalBlue</color><year>2021</year></automobile><automobile><person_id>9c5cd032-6523-4476-a117-e6498e147933</person_id><license_plate>AUN 192</license_plate><vin>8AKCUH6F5DAW80YVN</vin><color>LightGray</color><year>2006</year></automobile><automobile><person_id>9c5cd032-6523-4476-a117-e6498e147933</person_id><license_plate>MM 98928</license_plate><vin>BY6015EE3R9FX19ZC</vin><color>LightCoral</color><year>1972</year></automobile><automobile><person_id>0daec45d-da21-46b0-a645-f18b4663ad5c</person_id><license_plate>9BBC 98</license_plate><vin>ZTHXH8A46CB9K6WWK</vin><color>Crimson</color><year>2009</year></automobile><automobile><person_id>565c240b-606e-4219-ba8f-0d1df35e83c7</person_id><license_plate>VQ-5756</license_plate><vin>07NNUS7U5XUYLZYUR</vin><color>AliceBlue</color><year>2000</year></automobile><automobile><person_id>565c240b-606e-4219-ba8f-0d1df35e83c7</person_id><license_plate>XVS-430</license_plate><vin>DPFVCGM36WAMNMPBK</vin><color>Snow</color><year>1998</year></automobile><automobile><person_id>b3389bba-d5fc-42b9-a6c7-65b51e9e1cf8</person_id><license_plate>GFN 531</license_plate><vin>VFMD3J3D84GWGXR2U</vin><color>BurlyWood</color><year>1976</year></automobile><automobile><person_id>4fa2d0f4-3243-497f-8ea6-f1d373316b90</person_id><license_plate>9KQJ631</license_plate><vin>EJZB3R4H2G08MS68P</vin><color>MediumSlateBlue</color><year>1986</year></automobile><automobile><person_id>08f8ee63-6c9c-4524-9aad-3ffbb7b6490e</person_id><license_plate>1DYV471</license_plate><vin>9L0EMBBHXRHH42FZC</vin><color>Green</color><year>2007</year></automobile><automobile><person_id>310c0266-9330-40e0-a97f-944ef98c9b75</person_id><license_plate>265-HSG</license_plate><vin>D8KJ84CU4BPBT69VZ</vin><color>Chocolate</color><year>1994</year></automobile><automobile><person_id>310c0266-9330-40e0-a97f-944ef98c9b75</person_id><license_plate>972 1SE</license_plate><vin>W1MBUE004NWLH14AL</vin><color>Violet</color><year>2009</year></automobile><automobile><person_id>c3ac02cd-837f-4da2-b622-3c1993efb95f</person_id><license_plate>462 PWH</license_plate><vin>G5Y6M1SB0GBMG8RWZ</vin><color>MistyRose</color><year>1970</year></automobile><automobile><person_id>6595dc05-30c6-4858-a660-b8782bbd020a</person_id><license_plate>14-0358F</license_plate><vin>RU466EXE0ZPDU758G</vin><color>Maroon</color><year>1984</year></automobile><automobile><person_id>19940161-9969-4dbb-9e80-f18db072417a</person_id><license_plate>AJR8318</license_plate><vin>FNP1L3ZK1ZZCCE7KW</vin><color>MintCream</color><year>1974</year></automobile><automobile><person_id>6e0768aa-426b-4939-a17f-6eaacbb0d2c5</person_id><license_plate>05T Z38</license_plate><vin>72FG68FR7ELSEAKB1</vin><color>PaleVioletRed</color><year>2010</year></automobile><automobile><person_id>e589402b-3df3-4ced-acd8-05afdcad4964</person_id><license_plate>REZ 787</license_plate><vin>11AYTVJZ7AW4NTTF4</vin><color>Beige</color><year>1995</year></automobile><automobile><person_id>e589402b-3df3-4ced-acd8-05afdcad4964</person_id><license_plate>92YO5</license_plate><vin>UJ0FKD9C6VABT8BJM</vin><color>MediumSeaGreen</color><year>1997</year></automobile><automobile><person_id>979c3edd-4642-4df4-9a9e-6cc51336aad9</person_id><license_plate>SDZ 420</license_plate><vin>YWRC0X260JPN4RPPC</vin><color>CadetBlue</color><year>2002</year></automobile><automobile><person_id>979c3edd-4642-4df4-9a9e-6cc51336aad9</person_id><license_plate>0S E0957</license_plate><vin>WVETNZ7X79CDKNMLB</vin><color>DarkSalmon</color><year>1988</year></automobile><automobile><person_id>9e294ff2-d319-4a19-bd0e-cb684a5be737</person_id><license_plate>UYW 955</license_plate><vin>JNVP5D8H7SYSTP8A8</vin><color>Black</color><year>2023</year></automobile><automobile><person_id>9e294ff2-d319-4a19-bd0e-cb684a5be737</person_id><license_plate>202-BNN</license_plate><vin>HG34T82R9T7FXW162</vin><color>PaleGoldenRod</color><year>1983</year></automobile><automobile><person_id>2a9aba44-edaf-4219-a9c4-3ed65627f09e</person_id><license_plate>W18 8ZO</license_plate><vin>VFWJEFFV1USHB3CZ0</vin><color>DarkOrchid</color><year>1971</year></automobile><automobile><person_id>abf60600-d824-44d1-af7b-cb890b88ea20</person_id><license_plate>213 GLL</license_plate><vin>DSS4LN3L9Z3BFD62B</vin><color>DodgerBlue</color><year>2001</year></automobile><automobile><person_id>4306181a-2700-4e09-ac6f-66c7521c760f</person_id><license_plate>HVR 678</license_plate><vin>NU7GAD1967RAZPSRB</vin><color>DarkOrange</color><year>1991</year></automobile><automobile><person_id>084b8248-2757-4bbf-af3b-7163880f8f8e</person_id><license_plate>167 HOS</license_plate><vin>BSLX01V1X5H6SDHDZ</vin><color>RoyalBlue</color><year>1972</year></automobile><automobile><person_id>9caa74b4-cd65-4447-b842-9e9370c138ac</person_id><license_plate>7IV T14</license_plate><vin>6HY97K0S1W70UTH7V</vin><color>Navy</color><year>2022</year></automobile><automobile><person_id>9caa74b4-cd65-4447-b842-9e9370c138ac</person_id><license_plate>EIJ 5790</license_plate><vin>R0W7MLT52Y8639UN6</vin><color>CornflowerBlue</color><year>1984</year></automobile><automobile><person_id>ac655dbf-5a42-4aee-b686-889248f5f2ab</person_id><license_plate>ZVP-356</license_plate><vin>ZT0RMXMS4W24FLBPD</vin><color>Salmon</color><year>1997</year></automobile><automobile><person_id>71d8e002-250f-4773-a97d-ff22321dbdc6</person_id><license_plate>223 MKV</license_plate><vin>E73VW91D4FZHAT2VS</vin><color>NavajoWhite</color><year>1993</year></automobile><automobile><person_id>d74d7fbb-cbb4-4611-bcd9-fa4de0a670c9</person_id><license_plate>52VF6</license_plate><vin>ULE4GYZU3E2ATF517</vin><color>Gold</color><year>1970</year></automobile><automobile><person_id>d74d7fbb-cbb4-4611-bcd9-fa4de0a670c9</person_id><license_plate>MSM 520</license_plate><vin>1WSB3GZS03JPMXUS0</vin><color>Maroon</color><year>2015</year></automobile><automobile><person_id>2cfc8459-f458-4abf-bc13-8dbaca98ed8f</person_id><license_plate>GR 84530</license_plate><vin>C81S11DM3FS522FPV</vin><color>OliveDrab</color><year>1987</year></automobile><automobile><person_id>2cfc8459-f458-4abf-bc13-8dbaca98ed8f</person_id><license_plate>9MZ57</license_plate><vin>R68H5U1JXFLJVNVDE</vin><color>DeepSkyBlue</color><year>2013</year></automobile><automobile><person_id>dff08e76-7184-4c56-ab9c-712194290493</person_id><license_plate>470XNT</license_plate><vin>SVXUXPMJ00L2PZA3W</vin><color>Bisque</color><year>1998</year></automobile><automobile><person_id>dff08e76-7184-4c56-ab9c-712194290493</person_id><license_plate>11-82955</license_plate><vin>XY8C4UBL0JTC23LWK</vin><color>DeepSkyBlue</color><year>1988</year></automobile><automobile><person_id>07ad80bc-b8a3-4a6a-a25a-3b9ba04abf01</person_id><license_plate>30Y 060</license_plate><vin>7KV216664BP5C3HDV</vin><color>Indigo</color><year>2000</year></automobile><automobile><person_id>07ad80bc-b8a3-4a6a-a25a-3b9ba04abf01</person_id><license_plate>04G QS0</license_plate><vin>60F0NHTWX6J6T5CZB</vin><color>LemonChiffon</color><year>1991</year></automobile><automobile><person_id>0bf49cc9-0861-4772-b45c-db0b2a835dae</person_id><license_plate>F 128364</license_plate><vin>HMXB4MR757W9XYSZ2</vin><color>Sienna</color><year>2000</year></automobile><automobile><person_id>dc4c1a37-010b-4679-b107-e5f777c10dab</person_id><license_plate>8UV2804</license_plate><vin>1P3E2W6XX59731K7A</vin><color>Bisque</color><year>2009</year></automobile><automobile><person_id>dc4c1a37-010b-4679-b107-e5f777c10dab</person_id><license_plate>VYJ 238</license_plate><vin>7525X2L32EGLMM0FY</vin><color>DarkSlateGray</color><year>1998</year></automobile><automobile><person_id>892d278c-36a8-454b-ba15-3fbc5588a24a</person_id><license_plate>569-HGS</license_plate><vin>ZWJY9R6S38AVVXHAL</vin><color>MidnightBlue</color><year>1997</year></automobile><automobile><person_id>892d278c-36a8-454b-ba15-3fbc5588a24a</person_id><license_plate>668-RNS</license_plate><vin>PF1KU3GF8BY4R2M8N</vin><color>PaleGreen</color><year>2008</year></automobile><automobile><person_id>892d278c-36a8-454b-ba15-3fbc5588a24a</person_id><license_plate>P34 4JS</license_plate><vin>XDZUM6WJ87M67Z6DR</vin><color>LightSteelBlue</color><year>1996</year></automobile><automobile><person_id>de27a965-d3d2-45f4-875c-f93b6788117e</person_id><license_plate>099-768</license_plate><vin>TPUP1RE73B2YPR586</vin><color>HotPink</color><year>1972</year></automobile><automobile><person_id>de27a965-d3d2-45f4-875c-f93b6788117e</person_id><license_plate>086 LFF</license_plate><vin>ZXCN6MJ13ATCVF4H0</vin><color>Tomato</color><year>2013</year></automobile><automobile><person_id>fa3dc32b-d5fd-4a1c-8ab3-df306242bcb2</person_id><license_plate>77B 660</license_plate><vin>6LHF7ADYXM2GFVJB6</vin><color>Purple</color><year>1976</year></automobile><automobile><person_id>fa3dc32b-d5fd-4a1c-8ab3-df306242bcb2</person_id><license_plate>PJZ-0628</license_plate><vin>17MTT5PM2PPS4CAD0</vin><color>DimGray</color><year>1971</year></automobile><automobile><person_id>94ffe22f-7a3b-47ea-b960-485347fc323c</person_id><license_plate>804-MHZ</license_plate><vin>NR69PEXS4C2EFF8MT</vin><color>Sienna</color><year>1995</year></automobile><automobile><person_id>94ffe22f-7a3b-47ea-b960-485347fc323c</person_id><license_plate>ETJ 414</license_plate><vin>JK6E8UDJ6XF2S4Z1L</vin><color>LightSalmon</color><year>1982</year></automobile><automobile><person_id>9f09b8d3-13e7-46b2-822d-06f9ebc21e2b</person_id><license_plate>55R 391</license_plate><vin>Y3RLN4995S2FCHTKV</vin><color>Indigo</color><year>2008</year></automobile><automobile><person_id>61b87068-2dc7-469c-b34a-d8689c17d9dd</person_id><license_plate>8Q 7807Z</license_plate><vin>BS160EHD86DELW0BK</vin><color>SpringGreen</color><year>1998</year></automobile><automobile><person_id>61b87068-2dc7-469c-b34a-d8689c17d9dd</person_id><license_plate>65BG485</license_plate><vin>HGN71AHZ09JUH463D</vin><color>PeachPuff</color><year>2021</year></automobile><automobile><person_id>23710d3d-a29c-44de-90bd-6a514814e1ea</person_id><license_plate>494B</license_plate><vin>30VYBN3V8RVSEKAJY</vin><color>DeepSkyBlue</color><year>1977</year></automobile><automobile><person_id>4dc13e2a-d505-4945-940e-296704e6e9b0</person_id><license_plate>JVJ-489</license_plate><vin>A2YTP6PC7A207F1Y2</vin><color>LimeGreen</color><year>2023</year></automobile><automobile><person_id>4dc13e2a-d505-4945-940e-296704e6e9b0</person_id><license_plate>LGL 698</license_plate><vin>C7XPXKC60N4GH1MX9</vin><color>LightCyan</color><year>1993</year></automobile><automobile><person_id>05f7d851-f2d6-4056-b1ab-69dfc1c2f0e7</person_id><license_plate>X17 2EN</license_plate><vin>NECZAMSM7BCGYAJ6C</vin><color>Tan</color><year>1980</year></automobile><automobile><person_id>c1963f6e-9768-4def-b75c-66fb167f5f2c</person_id><license_plate>IBM-2825</license_plate><vin>23511T4S2FXF5L9HL</vin><color>DarkCyan</color><year>2010</year></automobile><automobile><person_id>5215b14e-2470-4a3b-80b8-869e2116165d</person_id><license_plate>429-YGD</license_plate><vin>84UYS6HD74YW97ZCN</vin><color>CornflowerBlue</color><year>1994</year></automobile><automobile><person_id>5215b14e-2470-4a3b-80b8-869e2116165d</person_id><license_plate>JWE-693</license_plate><vin>XD5AH4935YJ0TZYMG</vin><color>Linen</color><year>1995</year></automobile><automobile><person_id>99d008e9-330f-49ef-a129-fc451d807eff</person_id><license_plate>997 KNP</license_plate><vin>73DTNMND0HE1VP5LR</vin><color>Aquamarine</color><year>2009</year></automobile><automobile><person_id>305323ee-0509-4558-80bc-aa39e2db8834</person_id><license_plate>383-DOF</license_plate><vin>EGS28PT06XEKB8M69</vin><color>Cyan</color><year>2014</year></automobile><automobile><person_id>f3a77582-4838-4232-8dcc-311099b1ece2</person_id><license_plate>VY 1539</license_plate><vin>EH7HSVRF3ZAPJMWXE</vin><color>SeaGreen</color><year>1991</year></automobile><automobile><person_id>251d983c-5749-4e98-a8f9-7117f4014f36</person_id><license_plate>GEO-997</license_plate><vin>FS4M6TZU9PXEZ8SEG</vin><color>Tan</color><year>2006</year></automobile><automobile><person_id>251d983c-5749-4e98-a8f9-7117f4014f36</person_id><license_plate>171P7</license_plate><vin>KVSNMNY52M9PX2YT9</vin><color>Azure</color><year>1976</year></automobile><automobile><person_id>d619a429-2419-4181-b538-044653d38868</person_id><license_plate>382OJY</license_plate><vin>S489JV1B3TT53USXJ</vin><color>LavenderBlush</color><year>1975</year></automobile><automobile><person_id>d619a429-2419-4181-b538-044653d38868</person_id><license_plate>19V 3689</license_plate><vin>V0CL10769T2P7GM6R</vin><color>GoldenRod</color><year>1980</year></automobile><automobile><person_id>35fb8eaa-a85d-4284-b6fc-166d796c6629</person_id><license_plate>NE-5689</license_plate><vin>1JBMYRC66XU3FZ6SX</vin><color>Khaki</color><year>2006</year></automobile><automobile><person_id>286c4fed-5c29-4c1c-84c1-47944f46afc7</person_id><license_plate>LJL 486</license_plate><vin>T7ETVSZH5JMH3T1NE</vin><color>Cyan</color><year>2021</year></automobile><automobile><person_id>7d2ff3c0-a0c3-4a28-83be-b3f8b4b246ec</person_id><license_plate>2W285</license_plate><vin>7BPBZLWL31M7Z5AZW</vin><color>Chartreuse</color><year>1971</year></automobile><automobile><person_id>d1d57b92-8637-4ec1-a400-b36d687150a6</person_id><license_plate>316ELV</license_plate><vin>C2XKK32E8H0CMH47H</vin><color>LightGoldenRodYellow</color><year>1988</year></automobile><automobile><person_id>d1d57b92-8637-4ec1-a400-b36d687150a6</person_id><license_plate>208 0LS</license_plate><vin>23RVCPK39Y2KJBU4V</vin><color>RosyBrown</color><year>2009</year></automobile><automobile><person_id>2b047dde-15ec-4365-8bf0-35aee3ce1438</person_id><license_plate>41U•736</license_plate><vin>W2UC00XJ1ZSUJJAM5</vin><color>Maroon</color><year>2014</year></automobile><automobile><person_id>be69b58a-6b78-4d45-8764-9e4466eec4f3</person_id><license_plate>PWA 233</license_plate><vin>4G5M1TDR9W25DF85W</vin><color>MediumSpringGreen</color><year>2003</year></automobile><automobile><person_id>be69b58a-6b78-4d45-8764-9e4466eec4f3</person_id><license_plate>IP5 0866</license_plate><vin>H4K3M8E65A49YM4Z6</vin><color>Khaki</color><year>2014</year></automobile><automobile><person_id>778b2a31-1cf8-4592-b6db-4e3fd3666fd7</person_id><license_plate>QHM 297</license_plate><vin>Z7WG003X51M0AC4SY</vin><color>Brown</color><year>2020</year></automobile><automobile><person_id>053c03ed-b6ba-491c-9951-b97055c7aeb9</person_id><license_plate>DDY 615</license_plate><vin>2YG4570CXNW88RZZ3</vin><color>ForestGreen</color><year>1988</year></automobile><automobile><person_id>9283b0d8-8c7e-40bf-afab-d1a188a21ee6</person_id><license_plate>1OR 984</license_plate><vin>YX9A210Z29HCJYA3V</vin><color>Violet</color><year>2023</year></automobile><automobile><person_id>9283b0d8-8c7e-40bf-afab-d1a188a21ee6</person_id><license_plate>TG 94964</license_plate><vin>ZE687RT524PAHV38T</vin><color>Teal</color><year>2010</year></automobile><automobile><person_id>5fc18013-fcde-4432-9bac-0e79f85518a4</person_id><license_plate>BQV-9730</license_plate><vin>VYXENZ8509JC7BUU9</vin><color>DarkCyan</color><year>2007</year></automobile><automobile><person_id>81225adf-74fd-40e7-a9cf-79d311a27274</person_id><license_plate>XWV-7967</license_plate><vin>UW9VHRE28D276GBJ6</vin><color>Azure</color><year>2001</year></automobile><automobile><person_id>a9874a18-3db4-46f7-b521-25f0ca624fb5</person_id><license_plate>DEY 009</license_plate><vin>UY5AY94C6FTUHJWCF</vin><color>Black</color><year>1978</year></automobile><automobile><person_id>4c6332ad-a285-48d3-aa6e-e7c86ba0c451</person_id><license_plate>KAS 692</license_plate><vin>JLCT3X00XNDEM9W2W</vin><color>DeepPink</color><year>2007</year></automobile><automobile><person_id>4c6332ad-a285-48d3-aa6e-e7c86ba0c451</person_id><license_plate>521-ZYHT</license_plate><vin>V0YJANF409WHSDD0N</vin><color>HoneyDew</color><year>2022</year></automobile><automobile><person_id>060a787b-13c5-44f8-8f86-e1ffcfbc437a</person_id><license_plate>7-6546Q</license_plate><vin>Z3UAX2MZ55R8VZH19</vin><color>CadetBlue</color><year>2001</year></automobile><automobile><person_id>dcf405cd-505b-47fc-a268-b7e42c65b9e1</person_id><license_plate>0-7796Q</license_plate><vin>E4S2ELW188R4WGF9A</vin><color>YellowGreen</color><year>1986</year></automobile><automobile><person_id>dcf405cd-505b-47fc-a268-b7e42c65b9e1</person_id><license_plate>KLS 771</license_plate><vin>6WL0LK409TAUY46U8</vin><color>Chartreuse</color><year>1979</year></automobile><automobile><person_id>ae59199c-4069-42cc-8cd5-a6805d3712c3</person_id><license_plate>UCX 290</license_plate><vin>TF0DTS7Z4DLMRV4EH</vin><color>LawnGreen</color><year>2003</year></automobile><automobile><person_id>6f9c7943-910a-45b3-a842-eef89f066f4d</person_id><license_plate>53W WN3</license_plate><vin>EW1DBDVB799ALBP8Y</vin><color>AliceBlue</color><year>2023</year></automobile><automobile><person_id>3e9e4d69-7e0f-4a90-8c2c-81ad61cd9a64</person_id><license_plate>974 HMO</license_plate><vin>J92T1UB570BLWX5VS</vin><color>Gold</color><year>2012</year></automobile><automobile><person_id>a7497195-fdf2-4aa7-bf49-315e45d3e9e3</person_id><license_plate>053 LSI</license_plate><vin>03TALR9C129A0W303</vin><color>Bisque</color><year>1975</year></automobile><automobile><person_id>8111b2a3-c5a9-41be-8233-8e8d1a4c4918</person_id><license_plate>896 3SL</license_plate><vin>C2XJAV4R6SA6S0960</vin><color>AntiqueWhite</color><year>1984</year></automobile><automobile><person_id>8111b2a3-c5a9-41be-8233-8e8d1a4c4918</person_id><license_plate>164 AYS</license_plate><vin>LUTX1JBT2WCS6LBZU</vin><color>SeaShell</color><year>1987</year></automobile><automobile><person_id>a86766b4-4a04-467f-aed4-867c81ca3eff</person_id><license_plate>8-82337E</license_plate><vin>21XGPPZPXZUPLPJUS</vin><color>SaddleBrown</color><year>2021</year></automobile><automobile><person_id>bb8db82f-8e50-4d24-8caf-01050190ccd6</person_id><license_plate>4U 65940</license_plate><vin>P6NT5GNK8J5NACVRY</vin><color>Beige</color><year>2002</year></automobile><automobile><person_id>bb8db82f-8e50-4d24-8caf-01050190ccd6</person_id><license_plate>0YD 708</license_plate><vin>6WJ9JGFM12EGLZS2T</vin><color>Gainsboro</color><year>1984</year></automobile><automobile><person_id>c1081ac2-1dc2-41b9-bce2-d897a9431f07</person_id><license_plate>310D0</license_plate><vin>E6SRNRME017NK8CSS</vin><color>Fuchsia</color><year>1979</year></automobile><automobile><person_id>d2597edd-c92e-4065-9a0c-7794a36f0cf0</person_id><license_plate>978-FZW</license_plate><vin>U5DPTUEB5RVDPUA9W</vin><color>DarkSlateGray</color><year>2018</year></automobile><automobile><person_id>d07c5be6-84b5-4d44-9800-b535d452d59f</person_id><license_plate>07-65878</license_plate><vin>P2GMYXKH648BMPE96</vin><color>MediumPurple</color><year>2008</year></automobile><automobile><person_id>7d314b59-5a24-468b-b3a5-8166f38de53a</person_id><license_plate>OZN-1885</license_plate><vin>1F6RXLT33SZESZPR1</vin><color>GhostWhite</color><year>1972</year></automobile><automobile><person_id>7d314b59-5a24-468b-b3a5-8166f38de53a</person_id><license_plate>PAH 522</license_plate><vin>C80GSEB34EG692TZS</vin><color>LightSalmon</color><year>2001</year></automobile><automobile><person_id>7d314b59-5a24-468b-b3a5-8166f38de53a</person_id><license_plate>080 QC2</license_plate><vin>E25PN0W102F3K863D</vin><color>DarkCyan</color><year>1995</year></automobile><automobile><person_id>305367e0-1fe6-4398-9507-a3abdd5a9ff6</person_id><license_plate>DH 98619</license_plate><vin>J0Y2ZDTKXCG9FDBY5</vin><color>YellowGreen</color><year>1974</year></automobile><automobile><person_id>305367e0-1fe6-4398-9507-a3abdd5a9ff6</person_id><license_plate>2X 51561</license_plate><vin>C4L0A7D2XSLK8F8NP</vin><color>YellowGreen</color><year>1997</year></automobile><automobile><person_id>dae732a4-772d-46ac-b198-40b2c8376d7c</person_id><license_plate>471 IUV</license_plate><vin>8V2WNXJ809ZU6K21B</vin><color>White</color><year>1990</year></automobile><automobile><person_id>7483ba98-49e7-4fdb-b92c-977a0e668349</person_id><license_plate>DBQ-548</license_plate><vin>BD1XB5LH09CH42CTU</vin><color>DarkRed</color><year>1970</year></automobile><automobile><person_id>7483ba98-49e7-4fdb-b92c-977a0e668349</person_id><license_plate>38O QE6</license_plate><vin>05DH63NY85DW6C5WZ</vin><color>Lavender</color><year>2014</year></automobile><automobile><person_id>1ca061cd-d7a0-4701-b502-aad25773a0a5</person_id><license_plate>17K B19</license_plate><vin>DL9CK99W7HXDJCRET</vin><color>PeachPuff</color><year>2017</year></automobile><automobile><person_id>1ca061cd-d7a0-4701-b502-aad25773a0a5</person_id><license_plate>MHI 5702</license_plate><vin>2GNNJNB42KZ9BHSX7</vin><color>CornflowerBlue</color><year>2023</year></automobile><automobile><person_id>b163044a-4fe4-4a02-99ec-4a9a042d8281</person_id><license_plate>96-0577R</license_plate><vin>SR30VJKY8STFRNGXV</vin><color>Cyan</color><year>1995</year></automobile><automobile><person_id>831e5142-b446-4a21-89eb-1af9246c07eb</person_id><license_plate>U84 0PR</license_plate><vin>DN9M3JTJ7U9H9CTJY</vin><color>LightPink</color><year>2010</year></automobile><automobile><person_id>c63c3000-75d0-4dcc-9691-a5ae62c36cfe</person_id><license_plate>2-Z4472</license_plate><vin>68UGNHEB9ENYHWYS5</vin><color>Indigo</color><year>2012</year></automobile><automobile><person_id>0bb82512-b3ab-4fbd-8e96-5320c3480b4e</person_id><license_plate>MHG 366</license_plate><vin>HSLTXZEF0NU46H7W5</vin><color>Plum</color><year>2013</year></automobile><automobile><person_id>0bb82512-b3ab-4fbd-8e96-5320c3480b4e</person_id><license_plate>5H QN402</license_plate><vin>VHME9HDR2A6C1W0E5</vin><color>DarkTurquoise</color><year>2016</year></automobile><automobile><person_id>99670d7f-6c42-4dfe-9020-d7544e7d61cf</person_id><license_plate>1RAP919</license_plate><vin>RN9S6L8R52XDK14ZL</vin><color>Coral</color><year>1972</year></automobile><automobile><person_id>08c6c8ae-3152-45ed-8dad-2a14ffcd20d3</person_id><license_plate>FIX-2668</license_plate><vin>EYB717RZ4PFTX9RKT</vin><color>Plum</color><year>1989</year></automobile><automobile><person_id>93f502af-fc7c-4bc3-a742-985d384dd5e0</person_id><license_plate>085ANX</license_plate><vin>P6FEY1SV4HKG1CXS2</vin><color>FireBrick</color><year>1980</year></automobile><automobile><person_id>9bb1d22d-eaf0-45e9-bc85-201fd8fd7eb0</person_id><license_plate>ERX-951</license_plate><vin>UUXL66FS519X0DM59</vin><color>Bisque</color><year>2009</year></automobile><automobile><person_id>a8ae1b68-4cf6-48ea-b385-2edf5f0affa4</person_id><license_plate>6HQ 277</license_plate><vin>RBPWWNX20PLST1VL6</vin><color>GreenYellow</color><year>1999</year></automobile></automobiles>