<?xml version="1.0" encoding="UTF-8" ?><automobiles><automobile><person_id>f1a4c085-eb21-484e-99a3-76d4901ae2f7</person_id><license_plate>142 5GQ</license_plate><vin>VF42ZH955ZPHD4ECF</vin><color>Purple</color><year>1985</year></automobile><automobile><person_id>f1a4c085-eb21-484e-99a3-76d4901ae2f7</person_id><license_plate>NT8 4713</license_plate><vin>CH4DYFJK8ZBY0EW6N</vin><color>RosyBrown</color><year>1984</year></automobile><automobile><person_id>53be48b2-26b1-46a7-8624-4ce33891f36b</person_id><license_plate>44Q•943</license_plate><vin>P22TFPJ45K121V42P</vin><color>GoldenRod</color><year>1972</year></automobile><automobile><person_id>53be48b2-26b1-46a7-8624-4ce33891f36b</person_id><license_plate>5E HK514</license_plate><vin>FU7YP1XV8ZZBKBD3P</vin><color>BlanchedAlmond</color><year>2004</year></automobile><automobile><person_id>2f3e03af-0db0-4325-a074-adf2d69b1265</person_id><license_plate>HC5 8764</license_plate><vin>NNJ0B5CK8P9PPRCTB</vin><color>Chartreuse</color><year>1974</year></automobile><automobile><person_id>2f3e03af-0db0-4325-a074-adf2d69b1265</person_id><license_plate>405 LAZ</license_plate><vin>5MA9GR4YXNP3VL9AS</vin><color>DarkOrange</color><year>1970</year></automobile><automobile><person_id>6189fdf3-e30c-4c7c-9209-2c8ece833f83</person_id><license_plate>0XZ B53</license_plate><vin>70YVKF3W3YT2PN3ZC</vin><color>SlateGray</color><year>2014</year></automobile><automobile><person_id>39914e83-bf26-4447-bfd2-29ae3b08af3c</person_id><license_plate>955-JFE</license_plate><vin>2V89SRMA08KGX16TS</vin><color>SlateGray</color><year>1985</year></automobile><automobile><person_id>39914e83-bf26-4447-bfd2-29ae3b08af3c</person_id><license_plate>KUN B23</license_plate><vin>DFY2L1LG685TEU0EP</vin><color>LightSteelBlue</color><year>2004</year></automobile><automobile><person_id>c309225a-203d-4328-9789-6eb62b3bc277</person_id><license_plate>841 PZW</license_plate><vin>861L4CM46K78AA7K8</vin><color>GhostWhite</color><year>2020</year></automobile><automobile><person_id>c309225a-203d-4328-9789-6eb62b3bc277</person_id><license_plate>463 DSI</license_plate><vin>E6H4J95E4U3VHNX0R</vin><color>Fuchsia</color><year>1978</year></automobile><automobile><person_id>7d184e9e-2115-44c2-b15d-31427d4f7eae</person_id><license_plate>732BM</license_plate><vin>EKSLZGHT4GCN927ZD</vin><color>Khaki</color><year>1978</year></automobile><automobile><person_id>7d184e9e-2115-44c2-b15d-31427d4f7eae</person_id><license_plate>O 871537</license_plate><vin>YHFV2XHV4NPJ4ZPVP</vin><color>SeaShell</color><year>2005</year></automobile><automobile><person_id>04c80660-a4a0-49a9-8ab2-c05658aaced8</person_id><license_plate>72X BX3</license_plate><vin>B7A85LX71LTTMLRY1</vin><color>LightGray</color><year>2000</year></automobile><automobile><person_id>04c80660-a4a0-49a9-8ab2-c05658aaced8</person_id><license_plate>1LF 711</license_plate><vin>ACV4X5016TVD3YLV1</vin><color>Moccasin</color><year>1995</year></automobile><automobile><person_id>7bba998a-569e-4ae0-9c64-50c897e121d2</person_id><license_plate>165YN</license_plate><vin>99GD7T3469ZP3BKB5</vin><color>YellowGreen</color><year>1986</year></automobile><automobile><person_id>a9f3b97c-1121-44e1-86b4-123d48ae47ff</person_id><license_plate>26-5934R</license_plate><vin>3XFS2FJD0WGCKPJ3R</vin><color>MintCream</color><year>2008</year></automobile><automobile><person_id>f4a6394c-770f-4888-99b3-544303545a11</person_id><license_plate>6232</license_plate><vin>XB61FUJZ56NNUW1DZ</vin><color>Thistle</color><year>1978</year></automobile><automobile><person_id>f2bb7bc9-b539-4991-a6fc-4e53bba2aa48</person_id><license_plate>515 DGM</license_plate><vin>NHFY9J2R33MYM74DJ</vin><color>Wheat</color><year>2021</year></automobile><automobile><person_id>f2bb7bc9-b539-4991-a6fc-4e53bba2aa48</person_id><license_plate>93FS032</license_plate><vin>Y25PR7VH2TG9XLFZM</vin><color>PaleTurquoise</color><year>2021</year></automobile><automobile><person_id>614833eb-ea5a-45bf-9598-4e5ec08e5fd3</person_id><license_plate>811 3OX</license_plate><vin>7Y4XXTM85DCA6ARPL</vin><color>MediumSlateBlue</color><year>1997</year></automobile><automobile><person_id>b84229f4-5179-4fc8-965e-9b2284202e08</person_id><license_plate>RAL 488</license_plate><vin>YW6C1PX0197U7T9KP</vin><color>Turquoise</color><year>2021</year></automobile><automobile><person_id>b84229f4-5179-4fc8-965e-9b2284202e08</person_id><license_plate>9I N2387</license_plate><vin>5P0JDM325F2TRPJJ0</vin><color>Snow</color><year>1981</year></automobile><automobile><person_id>5f0eaf51-a04a-4650-a614-ddbfa43b1379</person_id><license_plate>82R 0423</license_plate><vin>GATZD21470Y008W83</vin><color>ForestGreen</color><year>2019</year></automobile><automobile><person_id>5f0eaf51-a04a-4650-a614-ddbfa43b1379</person_id><license_plate>ULN-458</license_plate><vin>BK3774W09KWGHPXTA</vin><color>LightYellow</color><year>1992</year></automobile><automobile><person_id>5f0eaf51-a04a-4650-a614-ddbfa43b1379</person_id><license_plate>UXI-0636</license_plate><vin>X2M12LWT02PEA4UV3</vin><color>MediumVioletRed</color><year>2009</year></automobile><automobile><person_id>c92c7c9d-9270-4309-9b37-b1ca7c8099fd</person_id><license_plate>984 XJO</license_plate><vin>PCDAGEWB3J0H66GF4</vin><color>HotPink</color><year>2013</year></automobile><automobile><person_id>c92c7c9d-9270-4309-9b37-b1ca7c8099fd</person_id><license_plate>CSH 874</license_plate><vin>ZPMFWP4L2ZYGNMDH5</vin><color>LightSkyBlue</color><year>1992</year></automobile><automobile><person_id>c92c7c9d-9270-4309-9b37-b1ca7c8099fd</person_id><license_plate>5-1618R</license_plate><vin>6NWX5JLM58A34MHEU</vin><color>Chartreuse</color><year>1978</year></automobile><automobile><person_id>67f5c3c0-cd6e-4749-b2bc-b8645c916ad3</person_id><license_plate>09EH1</license_plate><vin>ML1TJ1ZB60C4VKB12</vin><color>MidnightBlue</color><year>1985</year></automobile><automobile><person_id>67f5c3c0-cd6e-4749-b2bc-b8645c916ad3</person_id><license_plate>245-QWLP</license_plate><vin>2U2F4TT23CTAHGNS9</vin><color>DarkSalmon</color><year>1987</year></automobile><automobile><person_id>67f5c3c0-cd6e-4749-b2bc-b8645c916ad3</person_id><license_plate>127 RGO</license_plate><vin>MEGMGKFL2BCCBWLBK</vin><color>SpringGreen</color><year>2001</year></automobile><automobile><person_id>98ace86d-1c57-4707-a781-3da64f067906</person_id><license_plate>2515</license_plate><vin>Z7KA0LV17HFGGALC5</vin><color>Sienna</color><year>1982</year></automobile><automobile><person_id>98ace86d-1c57-4707-a781-3da64f067906</person_id><license_plate>522 KFW</license_plate><vin>CTC6KBTA4FCDJYZYN</vin><color>SaddleBrown</color><year>2008</year></automobile><automobile><person_id>439c5e73-a484-49c5-92e6-3c3956d18e5e</person_id><license_plate>0FJ 899</license_plate><vin>113H3WBH82K8EKA79</vin><color>SkyBlue</color><year>2020</year></automobile><automobile><person_id>439c5e73-a484-49c5-92e6-3c3956d18e5e</person_id><license_plate>512Z7</license_plate><vin>XG9LLR984L0PY7FDB</vin><color>Peru</color><year>1989</year></automobile><automobile><person_id>d1b93503-988d-43bd-9768-dc7b79aaa8fd</person_id><license_plate>AQV-4301</license_plate><vin>LUGC665S49RJDA84U</vin><color>DimGray</color><year>1976</year></automobile><automobile><person_id>d1b93503-988d-43bd-9768-dc7b79aaa8fd</person_id><license_plate>KLK-7383</license_plate><vin>MPXK9PUF1NWB55X9V</vin><color>Linen</color><year>2014</year></automobile><automobile><person_id>c3c9626f-d518-4bcd-948f-92c469d0e5ee</person_id><license_plate>ZWP 798</license_plate><vin>LA87W0VJ8GHUCZYBF</vin><color>Navy</color><year>1971</year></automobile><automobile><person_id>c3c9626f-d518-4bcd-948f-92c469d0e5ee</person_id><license_plate>OEK 2070</license_plate><vin>F8FSXKSN3STS0YJJ7</vin><color>SlateBlue</color><year>1978</year></automobile><automobile><person_id>4347f282-2f66-4416-bb29-bc449b24d10f</person_id><license_plate>43-33348</license_plate><vin>EL02R7M9XP59X9T6Z</vin><color>Ivory</color><year>1995</year></automobile><automobile><person_id>a173c7f5-f548-4404-bfb9-4a6948c13ff8</person_id><license_plate>ZX 87380</license_plate><vin>9XW2FLMW33B9JJ9DV</vin><color>Thistle</color><year>1994</year></automobile><automobile><person_id>e25e51fe-477a-4b9a-a41d-7cfa09888f37</person_id><license_plate>2K 4287E</license_plate><vin>GZDAE6ET264FP7W75</vin><color>MediumBlue</color><year>2002</year></automobile><automobile><person_id>cdd31904-67b5-4684-a24f-194c52add2e1</person_id><license_plate>042-PFN</license_plate><vin>7H0W8JNR6U64ZGCGW</vin><color>Yellow</color><year>1982</year></automobile><automobile><person_id>cdd31904-67b5-4684-a24f-194c52add2e1</person_id><license_plate>TPX 415</license_plate><vin>UVHFRXHB65J7C1HAS</vin><color>DarkGoldenRod</color><year>1983</year></automobile><automobile><person_id>a667aef2-fcce-4370-b0c4-2cd062ba5eea</person_id><license_plate>4302</license_plate><vin>6LXW99BA9XZXW39MX</vin><color>Purple</color><year>1986</year></automobile><automobile><person_id>a667aef2-fcce-4370-b0c4-2cd062ba5eea</person_id><license_plate>ZBB 225</license_plate><vin>XBU5MDXD5UHJ4MBTE</vin><color>GoldenRod</color><year>1975</year></automobile><automobile><person_id>d969b519-5708-4efd-be5c-0896594fd827</person_id><license_plate>728-BKT</license_plate><vin>L01G12FH9W1J0U079</vin><color>DeepSkyBlue</color><year>2018</year></automobile><automobile><person_id>886a5a01-c718-4e77-95a9-0297834c7724</person_id><license_plate>569-ALX</license_plate><vin>0V11F3K91K74JGLKD</vin><color>DeepSkyBlue</color><year>2022</year></automobile><automobile><person_id>10a69bf3-cc0d-4bbe-ba76-49bd50cd157a</person_id><license_plate>COC1722</license_plate><vin>8Y7D910N81S3Y8FUZ</vin><color>BlueViolet</color><year>1998</year></automobile><automobile><person_id>10a69bf3-cc0d-4bbe-ba76-49bd50cd157a</person_id><license_plate>438 5842</license_plate><vin>CFBNNEEL031BZSL42</vin><color>SaddleBrown</color><year>2003</year></automobile><automobile><person_id>ccbeab2d-ec72-40ab-b25d-9c66dbbdf9af</person_id><license_plate>A05-FOO</license_plate><vin>UGTUMYAN3449YR8B7</vin><color>DarkMagenta</color><year>1990</year></automobile><automobile><person_id>087c9c7d-280a-446f-86d7-00b07d2568b2</person_id><license_plate>915-UGZ</license_plate><vin>V3VP3K1F3Y19U4XP6</vin><color>OldLace</color><year>2002</year></automobile><automobile><person_id>cabf681c-4e5c-47e3-88d1-6d4d52c5166a</person_id><license_plate>237 XAU</license_plate><vin>S913UV2TXEZ2928MJ</vin><color>MediumVioletRed</color><year>1992</year></automobile><automobile><person_id>18d5dda2-99e6-48e4-8f1f-fb6d80af89c4</person_id><license_plate>69Q•942</license_plate><vin>TM1PD7KP560V2WP5W</vin><color>LightSkyBlue</color><year>1977</year></automobile><automobile><person_id>18d5dda2-99e6-48e4-8f1f-fb6d80af89c4</person_id><license_plate>845 OWU</license_plate><vin>T7T3Y9474FW2TZAXU</vin><color>DarkSalmon</color><year>2012</year></automobile><automobile><person_id>66d69727-6a1d-40d8-995f-61b8bbfc0362</person_id><license_plate>6G 6738O</license_plate><vin>TC1J1S4L9WPDSA2HK</vin><color>LightBlue</color><year>2018</year></automobile><automobile><person_id>ebb3c10a-bf17-4eee-a854-c245a15e8ced</person_id><license_plate>90V 6823</license_plate><vin>NX0PDSFR67GD9GH9J</vin><color>Cyan</color><year>1985</year></automobile><automobile><person_id>ebb3c10a-bf17-4eee-a854-c245a15e8ced</person_id><license_plate>9-56164</license_plate><vin>DH2538AN7B2SS775M</vin><color>BlueViolet</color><year>1973</year></automobile><automobile><person_id>ebb3c10a-bf17-4eee-a854-c245a15e8ced</person_id><license_plate>WR 98200</license_plate><vin>3JDHCZYC441LDC4P1</vin><color>MintCream</color><year>1991</year></automobile><automobile><person_id>99b0a5fa-cca7-46ef-a00e-ad07bddd5201</person_id><license_plate>30UK7</license_plate><vin>9YT1JXZJ6M8HE86FR</vin><color>Brown</color><year>1996</year></automobile><automobile><person_id>99b0a5fa-cca7-46ef-a00e-ad07bddd5201</person_id><license_plate>899 PNN</license_plate><vin>X2YBXNM862E5DYBZC</vin><color>White</color><year>1970</year></automobile><automobile><person_id>54adead3-86de-439e-b136-a5c738ee9aaa</person_id><license_plate>95-FW32</license_plate><vin>TEC4RXHM4DCJ1M058</vin><color>Peru</color><year>1991</year></automobile><automobile><person_id>54adead3-86de-439e-b136-a5c738ee9aaa</person_id><license_plate>4AW B36</license_plate><vin>AZNMESJN9WPSRHF6W</vin><color>AntiqueWhite</color><year>1980</year></automobile><automobile><person_id>099d4469-1d84-4943-a488-c9a7597576d9</person_id><license_plate>9PU P50</license_plate><vin>Y8Z4AK3368JEYRFUL</vin><color>White</color><year>2002</year></automobile><automobile><person_id>0592f919-f08d-42ae-9396-5cfd0ddde6a5</person_id><license_plate>7228 BA</license_plate><vin>4GF1JCHY0DC1DEWEE</vin><color>BlanchedAlmond</color><year>2015</year></automobile><automobile><person_id>411e935a-a2f3-4b10-aa1c-fcc372150d0a</person_id><license_plate>VHA 950</license_plate><vin>6ZHMJ97D4TSDXZRC5</vin><color>Beige</color><year>1970</year></automobile><automobile><person_id>411e935a-a2f3-4b10-aa1c-fcc372150d0a</person_id><license_plate>3DI 616</license_plate><vin>8KD8W6Y82RLU14WNU</vin><color>Sienna</color><year>2017</year></automobile><automobile><person_id>95c3c852-08e6-44c7-9292-4557f7d5f76f</person_id><license_plate>24-GJ24</license_plate><vin>L3LFVFWB6JY2B2X2M</vin><color>Magenta</color><year>1981</year></automobile><automobile><person_id>facb3394-0154-432f-a20a-954de4f6f6d9</person_id><license_plate>ZDE 648</license_plate><vin>D0UVRTML7FECV0UV4</vin><color>Navy</color><year>2012</year></automobile><automobile><person_id>b9b5acc2-5486-440a-abf1-eca8a4a93d20</person_id><license_plate>KOU 873</license_plate><vin>YSN8XNNW0AYMWR6R6</vin><color>LightSalmon</color><year>1972</year></automobile><automobile><person_id>b9b5acc2-5486-440a-abf1-eca8a4a93d20</person_id><license_plate>732100</license_plate><vin>2NN9R7T213GZ19AKG</vin><color>LightCyan</color><year>2017</year></automobile><automobile><person_id>1012de5e-94ac-43d1-b9e0-a9a5a2f0d2ee</person_id><license_plate>WGW-410</license_plate><vin>0LH7ZV6E0WMDPJSP0</vin><color>Green</color><year>2013</year></automobile><automobile><person_id>21b33eee-f831-42db-b907-d8e834823284</person_id><license_plate>B13-61L</license_plate><vin>MH266PK12V0DH51ZN</vin><color>Crimson</color><year>2009</year></automobile><automobile><person_id>8f469d49-caa8-4d4d-84ae-75703b3b56a0</person_id><license_plate>40-32978</license_plate><vin>BRE5NTN469Z6G5P2P</vin><color>LightCoral</color><year>1971</year></automobile><automobile><person_id>8f469d49-caa8-4d4d-84ae-75703b3b56a0</person_id><license_plate>841 WMY</license_plate><vin>HF579U3N5KWHJEGXF</vin><color>Coral</color><year>2001</year></automobile><automobile><person_id>1843072a-1510-4422-bdf7-21afb90c8bf6</person_id><license_plate>471 UQU</license_plate><vin>VDEK8H2A1ANRT58WP</vin><color>Purple</color><year>1995</year></automobile><automobile><person_id>1843072a-1510-4422-bdf7-21afb90c8bf6</person_id><license_plate>9K 5A8OLP</license_plate><vin>7YJSHV7L0RWMPXYRH</vin><color>DarkSlateBlue</color><year>1992</year></automobile><automobile><person_id>1843072a-1510-4422-bdf7-21afb90c8bf6</person_id><license_plate>4OJ6492</license_plate><vin>ERM1KJYP8Z3WMY2DN</vin><color>SteelBlue</color><year>2009</year></automobile><automobile><person_id>8660f882-9051-485d-8061-abefe78e2b6f</person_id><license_plate>9-26662Q</license_plate><vin>U396R4ET2GLT6XCL3</vin><color>GoldenRod</color><year>1996</year></automobile><automobile><person_id>150aae94-5090-40f7-9d94-0c419bfa2e81</person_id><license_plate>QKN H51</license_plate><vin>E3D54ZLM2UP6AYLJK</vin><color>Cornsilk</color><year>1987</year></automobile><automobile><person_id>977d971a-0c81-4e85-87c0-4327a361c17c</person_id><license_plate>65-VR14</license_plate><vin>MD6Z3SJR9DSFX9R5N</vin><color>Olive</color><year>1983</year></automobile><automobile><person_id>5e29beb5-c050-4be8-a7a3-3a7626d5343d</person_id><license_plate>857-YUOL</license_plate><vin>N3JE0NSF3EGWT0H0A</vin><color>Gainsboro</color><year>2015</year></automobile><automobile><person_id>5e29beb5-c050-4be8-a7a3-3a7626d5343d</person_id><license_plate>O76 7LB</license_plate><vin>NANEKGRZ9CZKX9C13</vin><color>DarkSlateBlue</color><year>1993</year></automobile><automobile><person_id>5e29beb5-c050-4be8-a7a3-3a7626d5343d</person_id><license_plate>6-69945</license_plate><vin>KSFKTFTT8XBBMNK6L</vin><color>Wheat</color><year>1984</year></automobile><automobile><person_id>5c2ebada-70bc-4f35-aa38-0fd02236e118</person_id><license_plate>YLZ-309</license_plate><vin>ABWUXDAB2TSBAH7PZ</vin><color>GoldenRod</color><year>1998</year></automobile><automobile><person_id>5c2ebada-70bc-4f35-aa38-0fd02236e118</person_id><license_plate>0QP X23</license_plate><vin>T7TLACT776D4T8K34</vin><color>HotPink</color><year>1998</year></automobile><automobile><person_id>5c2ebada-70bc-4f35-aa38-0fd02236e118</person_id><license_plate>OZW-698</license_plate><vin>7TYLUE74020MS95DP</vin><color>Lavender</color><year>2022</year></automobile><automobile><person_id>936d34dd-cafc-4a5f-b635-421fc4d4cd0d</person_id><license_plate>766 1VX</license_plate><vin>Y0WW18AH3E77HGT2R</vin><color>Blue</color><year>1986</year></automobile><automobile><person_id>936d34dd-cafc-4a5f-b635-421fc4d4cd0d</person_id><license_plate>6-G8439</license_plate><vin>FYALKW4Y2HKX8YB5E</vin><color>Lime</color><year>1985</year></automobile><automobile><person_id>936d34dd-cafc-4a5f-b635-421fc4d4cd0d</person_id><license_plate>RA 71842</license_plate><vin>N6510JAG7RWS0DNZW</vin><color>Purple</color><year>2023</year></automobile><automobile><person_id>6c5b2013-0a6a-4516-bab6-435de5715af9</person_id><license_plate>ERY2447</license_plate><vin>X2VPHVJKXLM2VWAWG</vin><color>IndianRed</color><year>2005</year></automobile><automobile><person_id>0d64230a-ab1b-46b9-b9d6-6998f3f23048</person_id><license_plate>027-QRU</license_plate><vin>LM49KU3T94UK2UX92</vin><color>Maroon</color><year>1971</year></automobile><automobile><person_id>0d64230a-ab1b-46b9-b9d6-6998f3f23048</person_id><license_plate>QYJ-754</license_plate><vin>WEEAJCUUXFBNVFXL7</vin><color>PapayaWhip</color><year>1985</year></automobile><automobile><person_id>0d64230a-ab1b-46b9-b9d6-6998f3f23048</person_id><license_plate>903S</license_plate><vin>105WUT703TDYT4T3M</vin><color>DarkOrchid</color><year>2001</year></automobile><automobile><person_id>c05ee720-2b42-49c8-867f-32d555d73ce6</person_id><license_plate>AOG 981</license_plate><vin>Y3BG7ZH2XMUYMLPBM</vin><color>DodgerBlue</color><year>1979</year></automobile><automobile><person_id>26ed0b4d-dd11-441b-a940-5a0ca6424945</person_id><license_plate>SQM1413</license_plate><vin>32FK4XA835T4ZYS18</vin><color>DarkCyan</color><year>1995</year></automobile><automobile><person_id>26ed0b4d-dd11-441b-a940-5a0ca6424945</person_id><license_plate>JTF 126</license_plate><vin>CKVPRH7E82WMKZ19C</vin><color>GhostWhite</color><year>1981</year></automobile><automobile><person_id>7d8f8290-8043-4533-be41-449ec0735247</person_id><license_plate>ZHR 789</license_plate><vin>PC7X8XTM0SK6C5KZ0</vin><color>Beige</color><year>1970</year></automobile><automobile><person_id>7d8f8290-8043-4533-be41-449ec0735247</person_id><license_plate>FXG 422</license_plate><vin>MHXF6WVH464PXF57X</vin><color>MediumSlateBlue</color><year>2010</year></automobile><automobile><person_id>7d8f8290-8043-4533-be41-449ec0735247</person_id><license_plate>4G 9972H</license_plate><vin>07KUT2TN16268HSWH</vin><color>Teal</color><year>1988</year></automobile><automobile><person_id>93371370-3710-40db-98f5-bb2c06478a39</person_id><license_plate>083 QMX</license_plate><vin>9X1X5587340UWMMRD</vin><color>GreenYellow</color><year>2016</year></automobile><automobile><person_id>93371370-3710-40db-98f5-bb2c06478a39</person_id><license_plate>090TVY</license_plate><vin>RDM3XN3DXNG8PWE96</vin><color>LemonChiffon</color><year>2012</year></automobile><automobile><person_id>00369d96-e21b-44ca-860f-02cc79f7d281</person_id><license_plate>U63-HWL</license_plate><vin>0HNG2N2T49KDC9HCB</vin><color>LightCoral</color><year>1995</year></automobile><automobile><person_id>10aef985-f340-4784-bb3f-ffbca97231fb</person_id><license_plate>7RR1793</license_plate><vin>BGHLA8FM721C1MXC4</vin><color>DarkSalmon</color><year>1975</year></automobile><automobile><person_id>10aef985-f340-4784-bb3f-ffbca97231fb</person_id><license_plate>W33-KCI</license_plate><vin>LPGH4HKZ6E0LWVBDV</vin><color>DarkSlateGray</color><year>1970</year></automobile><automobile><person_id>0ced77fe-2622-4df8-a1ad-71aace1b6a5c</person_id><license_plate>SR 5342</license_plate><vin>4XAYP0TZ0U7BMY3N7</vin><color>Navy</color><year>1973</year></automobile><automobile><person_id>0ced77fe-2622-4df8-a1ad-71aace1b6a5c</person_id><license_plate>85B O73</license_plate><vin>6NF4PYHA3ASGF1VBD</vin><color>DarkGreen</color><year>2012</year></automobile><automobile><person_id>d0978293-7942-4840-8164-d78af139088a</person_id><license_plate>FPJ-3538</license_plate><vin>7HDRWWP6X4BS5SMS7</vin><color>Purple</color><year>1972</year></automobile><automobile><person_id>d0978293-7942-4840-8164-d78af139088a</person_id><license_plate>HFZ 599</license_plate><vin>LXLSRJ4N1ZVZX4MC8</vin><color>MediumOrchid</color><year>1997</year></automobile><automobile><person_id>39f7abfc-eeee-415a-926c-815c1c93ceb8</person_id><license_plate>41I X31</license_plate><vin>99W4YVKM2N3L2LD7L</vin><color>DarkViolet</color><year>1971</year></automobile><automobile><person_id>b2d2fd60-6fc1-424b-a706-5abc49a52dc7</person_id><license_plate>410N9</license_plate><vin>UJEWW7WJ798DEHMAD</vin><color>AliceBlue</color><year>1978</year></automobile><automobile><person_id>b2d2fd60-6fc1-424b-a706-5abc49a52dc7</person_id><license_plate>VFW5984</license_plate><vin>VV337XRU7PGJTBHG7</vin><color>OldLace</color><year>2022</year></automobile><automobile><person_id>d0e0bc09-703a-4497-aa18-5cf586d46531</person_id><license_plate>60P 9702</license_plate><vin>NGY45T385XB71KYA8</vin><color>LimeGreen</color><year>2005</year></automobile><automobile><person_id>6a122a32-04c3-4a0f-a091-b96016640751</person_id><license_plate>4Z 71219</license_plate><vin>4NRDTHLY3JLBXG76N</vin><color>LightSlateGray</color><year>1987</year></automobile><automobile><person_id>6a122a32-04c3-4a0f-a091-b96016640751</person_id><license_plate>88K H58</license_plate><vin>YSAE2A6T9X9AAZAXP</vin><color>CadetBlue</color><year>2009</year></automobile><automobile><person_id>78bdd4ec-95c4-40af-877a-2b26031be8df</person_id><license_plate>ZCB 082</license_plate><vin>VNPV629L610TBWZR7</vin><color>Aqua</color><year>2002</year></automobile><automobile><person_id>78bdd4ec-95c4-40af-877a-2b26031be8df</person_id><license_plate>657-AYF</license_plate><vin>T9PD9K6R6JDPUHKD6</vin><color>MidnightBlue</color><year>2015</year></automobile><automobile><person_id>af78e64e-6072-4c73-b526-720fed3facc9</person_id><license_plate>9S 6F6QZP</license_plate><vin>ADGUA70E59HKM6UCF</vin><color>Bisque</color><year>1978</year></automobile><automobile><person_id>af78e64e-6072-4c73-b526-720fed3facc9</person_id><license_plate>126145</license_plate><vin>778E478W8F6PP5ZTB</vin><color>DarkRed</color><year>2008</year></automobile><automobile><person_id>1bf134fb-196b-47ea-b1d1-2a96d2d177e5</person_id><license_plate>E48 8AA</license_plate><vin>7BK297K38VSGTDDZM</vin><color>DarkKhaki</color><year>1988</year></automobile><automobile><person_id>1bf134fb-196b-47ea-b1d1-2a96d2d177e5</person_id><license_plate>6KY 099</license_plate><vin>U3ZK7Y6B7R1MFYY2B</vin><color>OldLace</color><year>2004</year></automobile><automobile><person_id>ebe420df-1f4d-44be-83cd-6c374cc595b3</person_id><license_plate>8FF8238</license_plate><vin>P914ZH6T4VCDGVNFC</vin><color>MediumSpringGreen</color><year>2018</year></automobile><automobile><person_id>ebe420df-1f4d-44be-83cd-6c374cc595b3</person_id><license_plate>MAQ 673</license_plate><vin>UP54P5NN0YWHUJM4T</vin><color>Moccasin</color><year>1995</year></automobile><automobile><person_id>6e55ada5-265a-4db1-b79a-c9246ecff0f7</person_id><license_plate>1L 41145</license_plate><vin>DPUGC2ME7XSLGCS28</vin><color>MistyRose</color><year>1982</year></automobile></automobiles>