"id"|"first_name"|"last_name"|"sex"|"address"|"phone_number"|"profession"|"company"|"date_of_birth"
"4421c81c-de38-4fc6-8db5-1274094edd74"|"Megan"|"Padilla"|"F"|"654 Christine Gateway"|"(872)920-2479x5784"|"Archivist"|"Mcbride-Carter"|"1913-11-06"
"a001e071-64fd-411a-a9ab-354a46e39a84"|"Nancy"|"Nguyen"|"F"|"73 Johnson Lake"|"(518)515-7374x12130"|"Operational investment banker"|"Washington, Baker and Baker"|"1928-06-14"
"518d1eaf-de9f-4611-9037-2c82e42e1963"|"Christopher"|"Barnes"|"M"|"695 Chandler Tunnel Suite 681"|"693.343.4394x65599"|"Licensed conveyancer"|"Snyder-Wells"|"1952-11-18"
"f9aa03df-4cd8-4fbe-86b7-5e3e57ab1965"|"Chad"|"Smith"|"M"|"238 Smith Ranch Suite 211"|"8215610992"|"Ship broker"|"Lee-Figueroa"|"1908-12-19"
"75abefa9-0af7-446b-b96e-3cbe2a1bb69f"|"Kevin"|"Hernandez"|"M"|"505 Oneal Underpass"|"(249)843-5111"|"Merchant navy officer"|"Perez-Hampton"|"1917-05-25"
"9766af80-9494-4f36-b082-4b8ecb185dea"|"Melissa"|"Morrison"|"F"|"418 Michael Circles Suite 720"|"920-550-9181x65023"|"Education officer, museum"|"Jenkins-Hart"|"1936-01-30"
"f8a6148e-b6b0-4a6c-9329-976bb7861d33"|"John"|"Pugh"|"M"|"973 Jeffrey Run"|"(530)842-8251"|"General practice doctor"|"White, Hall and Jackson"|"1965-11-05"
"f90f3eb5-0e91-4331-b6f0-4ca95977222d"|"Gregory"|"Mckee"|"M"|"861 Michael Circles Suite 720"|"(841)630-1382x45216"|"Licensed conveyancer"|"Andrews-Smith"|"1952-12-11"
"bf4c46ea-68cf-47c3-aff6-8317d76eae87"|"Erin"|"Gates"|"F"|"586 Amber Wells"|"251-395-7016"|"Development worker, community"|"Suarez PLC"|"2022-02-20"
"0ce9197b-0662-4ec9-a45c-ed495151fb8a"|"Sheri"|"Willis"|"F"|"152 Charles Mall Apt. 745"|"+1-793-490-6171x616"|"Race relations officer"|"Aguilar Group"|"1921-07-28"
"fab8c83b-d10c-49f2-93be-c491cc0c6582"|"Kerri"|"Ward"|"F"|"580 Parks Trace Suite 497"|"(391)470-2778x19069"|"Scientist, audiological"|"Mcgee, Stewart and Miller"|"1934-03-15"
"cc897e3a-5706-40f0-842d-166f03bb0761"|"Brandon"|"Allen"|"M"|"371 Donald Village Apt. 289"|"719-523-1814x107"|"Geophysicist/field seismologist"|"Thomas, Johnson and Washington"|"1947-03-17"
"060d04e4-611f-497e-bbab-5237eb32043b"|"Tom"|"Gonzalez"|"M"|"352 King Land"|"+1-520-880-5073"|"Patent examiner"|"Dickson LLC"|"2016-01-05"
"fa9e0695-8699-4ccf-98b5-87ee8074fc7c"|"Pamela"|"Phillips"|"F"|"150 Julia Station"|"801-574-4317x19999"|"Therapist, sports"|"Richards, Chavez and Miller"|"1934-11-28"
"b1381b5b-1341-4e31-ba62-ac4089d776c9"|"James"|"Moore"|"M"|"952 Simpson Mill Apt. 030"|"+1-683-665-9585"|"Radiation protection practitioner"|"Schmidt, Rogers and Cole"|"2001-08-29"
"56e0b53c-dbf1-4655-9420-04446c728987"|"Steven"|"Orozco"|"M"|"608 Julia Station"|"685.384.6885x0446"|"Research scientist (maths)"|"Baker and Sons"|"1981-02-05"
"246be653-8cd4-4c5a-af5d-3a16f41814a9"|"David"|"Gallagher"|"M"|"555 Michelle Isle Apt. 431"|"342-489-3437x8352"|"Building surveyor"|"Cantu-Elliott"|"2000-05-24"
"b71e93d0-0727-46e7-abba-1ab9b2f09861"|"Amy"|"Nguyen"|"F"|"882 Ortiz Brooks"|"718-933-0262x17522"|"Field trials officer"|"Garcia-Martinez"|"1969-07-07"
"08ea5f89-fb6a-48f8-bcfa-ef32bb0a3beb"|"Ashley"|"Johnston"|"F"|"12 May Rest Suite 582"|"699.726.3801"|"Accountant, chartered public finance"|"Wallace, Dawson and Johnson"|"1960-09-10"
"ee03dab6-b085-405a-bbd5-d5d11291afb1"|"Chad"|"Li"|"M"|"123 Christopher Tunnel"|"+1-464-391-5592"|"Journalist, broadcasting"|"Lewis-Jones"|"1956-11-01"
"097d00d2-7cb9-40d0-8382-e6d75a438082"|"Kevin"|"Martin"|"M"|"134 Parks Trace Suite 497"|"(275)251-6456"|"Dietitian"|"Lewis, Cross and Obrien"|"1980-01-23"
"c33ffbf4-3237-42b7-80e9-38ffeceb95d7"|"Donna"|"Howard"|"F"|"760 Jones Cliffs Suite 657"|"237.631.7061"|"Cytogeneticist"|"Dominguez-Dunn"|"1929-05-14"
"a0c782a8-987f-4b54-b823-b7c232969e69"|"Meghan"|"Hooper"|"F"|"836 Porter Overpass"|"+1-640-944-6806"|"Data scientist"|"Alvarez-Copeland"|"2013-05-09"
"a36e84cc-a181-44de-9f6c-9c1a8e9cf194"|"Douglas"|"Patrick"|"M"|"81 May Rest Suite 582"|"422.868.3936"|"Textile designer"|"Lopez-Jones"|"1954-02-25"
"80207535-ed75-453e-a0f8-8102507fbd62"|"Dylan"|"Foster"|"M"|"3 Brown Canyon Apt. 503"|"001-769-618-8005x20904"|"Solicitor, Scotland"|"Ferguson, Griffith and Robinson"|"1927-01-18"
"03a6e280-ae3e-4332-99fc-b18cf3c3b164"|"Sullivan"|"Willis"|"F"|"297 Martinez Grove Apt. 125"|"(439)812-8277x82408"|"Copywriter, advertising"|"Snyder-Davis"|"1958-03-09"
"1c40c42e-db8c-4950-8ebd-ea605411412a"|"Kelly"|"Welch"|"F"|"479 Nelson Estate"|"5465980070"|"Psychologist, counselling"|"Martin-Robertson"|"1982-10-30"
"b63f30d7-c9c0-40f7-aa5f-cf3c6bb80768"|"David"|"Stone"|"M"|"469 Thomas Wall Suite 035"|"+1-367-911-1570x6622"|"Telecommunications researcher"|"Powell, Andersen and Obrien"|"1937-08-21"
"cb4ba520-7e7f-4211-b674-92748ea6b634"|"William"|"Moore"|"M"|"393 Simpson Mill Apt. 030"|"993.454.2507x643"|"Orthoptist"|"White, Jordan and Ferguson"|"2023-03-01"
"44f2fc17-2774-4455-b289-e91806249e92"|"Marcus"|"Orozco"|"M"|"426 Alexis Run Suite 764"|"001-244-461-7610x80992"|"Engineer, broadcasting (operations)"|"Robinson-Holland"|"2008-08-16"
"d4865b45-9328-464f-8659-63dd977c2cfd"|"Garcia"|"Gomez"|"M"|"16 Montoya Walk Apt. 578"|"912.436.1764x1530"|"Archivist"|"Matthews, Morales and Green"|"2014-09-29"
"8f45c06c-374f-4aa7-a709-56e396250022"|"Stephen"|"Cole"|"M"|"958 Charles Extension Apt. 046"|"001-343-835-9723x41128"|"Engineer, building services"|"Hill-Smith"|"1911-04-01"
"9e1a9333-fe32-498a-bc93-e90bdc811a5b"|"Kevin"|"Hernandez"|"M"|"47 Jessica Mountains Suite 248"|"001-412-713-6733x19653"|"Estate manager/land agent"|"Byrd, Simmons and Woods"|"1926-08-08"
"c42fa384-2673-4d2e-9420-3182367d19b9"|"Casey"|"Roberts"|"M"|"818 Nicole Via"|"(745)354-5807"|"Astronomer"|"Brown Inc"|"1910-01-10"
"8058c600-e4d0-4c40-958f-ff6f727f5082"|"Tyler"|"Norman"|"M"|"539 Jones Courts Apt. 083"|"266.818.2534"|"Planning and development surveyor"|"Jordan-Mendoza"|"1952-01-12"
"f8905111-14c4-4257-861c-6397824f954b"|"Kevin"|"Riley"|"M"|"288 Lynn Lake Suite 253"|"+1-241-632-5484x935"|"Data processing manager"|"Morrison-Reed"|"1922-06-12"
"ac990c4a-9c68-4437-98c3-68a831384058"|"Kimberly"|"Williams"|"F"|"697 Padilla Estate Suite 556"|"+1-784-477-3120"|"Geographical information systems officer"|"Jones-Tapia"|"1928-10-06"
"7f970ae6-ea0a-470a-b986-4f18d8fbd75e"|"Gina"|"Conway"|"F"|"191 Alexis Freeway Apt. 358"|"913.745.9556x74357"|"Naval architect"|"Reid, Harmon and Mason"|"1935-04-15"
"440ff30b-417a-4319-8a47-99bd4b582b3c"|"Robert"|"Moore"|"M"|"135 Thomas Ford"|"(692)815-9180x4686"|"Information systems manager"|"Charles PLC"|"1926-11-17"
"16a7a70d-3b9c-4d57-9f18-cfce4fabb3b4"|"Lawrence"|"Smith"|"M"|"693 Evans Ports Suite 383"|"+1-750-776-1044x280"|"Armed forces training and education officer"|"Silva, Blankenship and Bell"|"1959-02-11"
"179b8e1e-2ceb-4c4b-976a-a54db5470c90"|"Hector"|"Welch"|"M"|"4 Catherine Lock"|"+1-519-417-6887x3862"|"Product manager"|"Ortiz Ltd"|"2020-06-15"
"1c34a056-3cef-4b21-a851-73f3e50bd320"|"Lisa"|"Gardner"|"F"|"985 Hart Estates Suite 718"|"278-452-9603x92084"|"Publishing copy"|"Chambers-Melton"|"1934-08-24"
"0f9f01c8-f398-4e54-80c4-423d8c2333b1"|"Robert"|"Mcdowell"|"M"|"682 Donald Village Apt. 289"|"446.885.7050"|"Chartered public finance accountant"|"Matthews-Lee"|"1997-01-19"
"97fbc5fc-c530-4a36-9512-4df7ce9ceaa4"|"James"|"Herrera"|"M"|"881 Banks Curve Apt. 123"|"+1-326-349-2609x4347"|"Dramatherapist"|"Gonzalez and Sons"|"1911-05-22"
"ffb28d1d-918a-4e1b-a553-4c0c31ba550d"|"Tiffany"|"Green"|"F"|"169 Matthew Valleys Suite 832"|"(652)408-3999"|"Clinical embryologist"|"Rubio LLC"|"1952-06-11"
"926f99d9-f829-43f2-b9d1-03c11066275c"|"Lisa"|"Ray"|"F"|"78 Tyler Knoll Apt. 752"|"8999018190"|"Textile designer"|"Armstrong and Sons"|"1978-05-24"
"957bc7cb-4da6-40c1-a08c-e842b9fc2ac8"|"Amy"|"Gill"|"F"|"880 Johnson Throughway"|"688.751.2409x337"|"Engineer, manufacturing systems"|"Hall-Gray"|"1960-08-19"
"1d274613-8d3d-46e3-8c3b-57bd9fd9ba2c"|"Nathan"|"Howard"|"M"|"992 Robin Junctions Apt. 618"|"3946688734"|"Fast food restaurant manager"|"Wilkinson-Obrien"|"1955-09-09"
"5c5a6fc8-44df-425c-ac9a-a3b2086b644d"|"Ricardo"|"Jackson"|"M"|"819 Smith Avenue Apt. 759"|"(608)397-2935"|"Agricultural engineer"|"Mejia and Sons"|"1959-07-25"
"c82ee3c3-bb47-4546-967f-1b1c24bff5e5"|"Marcus"|"Bryant"|"M"|"420 Hood Loop Apt. 276"|"937-222-4886"|"Commercial horticulturist"|"Brown-Allen"|"2008-01-18"
"446f1e48-ec7e-408f-abe6-2ef1715868ca"|"Lisa"|"James"|"F"|"314 Ortiz Brooks"|"703-266-7065x8810"|"Higher education careers adviser"|"Lee, Wheeler and Gray"|"1933-05-06"
"00afc2ab-a846-4a60-808a-39157d9287cf"|"Trevor"|"Hubbard"|"M"|"430 May Rest Suite 582"|"(344)955-0345"|"Water engineer"|"Bell, Taylor and Price"|"2002-05-26"
"2217680a-0e39-4ec9-9d0c-a55220a1b576"|"Michael"|"Espinoza"|"M"|"239 Evans Ports Suite 383"|"(653)940-1179"|"Community development worker"|"Davis, Roth and Matthews"|"1913-01-13"
"77d6f681-5137-4207-9a71-8edc37e1a6b8"|"Taylor"|"Shields"|"M"|"189 King Land"|"+1-893-437-1828x49506"|"Prison officer"|"Stewart Ltd"|"1924-11-22"
"97036369-66d9-471a-b4f6-e4c223a0eaca"|"Deborah"|"Snyder"|"F"|"574 King Land"|"350-572-3823"|"Product manager"|"Howard-Ibarra"|"1921-08-16"
"ab988bab-b40a-4087-ac4f-a55db746a57f"|"Robert"|"Fernandez"|"M"|"740 Luna Loop"|"(827)859-1387x16501"|"Medical secretary"|"Marshall, Cannon and Mendez"|"1908-09-27"
"4a159eb3-e5b5-43c0-99c0-7e94a4be2043"|"Nathan"|"Riddle"|"M"|"490 Heather Garden Suite 383"|"(292)585-4013x6242"|"Administrator, education"|"Davenport Group"|"1983-07-10"
"a4f86dd6-5830-4cfb-ba9a-5f6d8f990220"|"Michelle"|"Fisher"|"F"|"161 Martinez Grove Apt. 125"|"607.848.1611"|"Copy"|"Henry Ltd"|"1958-05-31"
"92e49340-3154-4265-b0bc-45ff96561e36"|"Bryan"|"Floyd"|"M"|"747 Simpson Mill Apt. 030"|"001-381-331-6238x4173"|"Systems developer"|"Mack-Henderson"|"1925-05-14"
"fb990bbd-d019-4ab0-8032-843e3b104ac5"|"Kristy"|"Morris"|"F"|"895 Rachel Pine"|"(737)884-3778"|"Proofreader"|"Barnes, Larson and Greer"|"1965-11-03"
"9d31a61d-d89a-4ae4-a0b2-37fe4906481b"|"Jeff"|"Tran"|"M"|"372 Tim Avenue Apt. 437"|"+1-488-860-9312x36938"|"Land"|"Harris-Mcdonald"|"1962-10-22"
"a86e27ba-4bb0-4a4c-b3a8-80968ddb532e"|"Phyllis"|"Martinez"|"F"|"825 Hanson Port"|"969-282-9460"|"Diagnostic radiographer"|"Adams, Allen and Campbell"|"1959-05-10"
"b4e84aab-2ed9-460e-b295-3b6603477f26"|"Colton"|"Zhang"|"M"|"820 Jonathan Place"|"+1-508-743-5990x7002"|"Pharmacist, community"|"Phillips-Mays"|"1920-03-18"
"f8696d07-f6b0-4c40-a3ae-0ae5280aa51d"|"Marissa"|"Zuniga"|"F"|"859 Warner Circle"|"448-391-0310"|"Agricultural consultant"|"Robertson-Massey"|"1942-03-17"
"b4dd3922-e234-4b1e-88c0-5b5b8c259fae"|"Emily"|"Reyes"|"F"|"838 Heather Garden Suite 383"|"+1-984-725-0233x744"|"Production designer, theatre/television/film"|"Jones Group"|"2021-10-12"
"675edbf5-fe83-4fdb-8abd-b5fb6be6487f"|"Devin"|"Park"|"M"|"336 Quinn Divide"|"939.559.7514x20476"|"Conservation officer, historic buildings"|"Wallace, Hernandez and Lucas"|"2023-07-22"
"33bf4cc2-0f37-4685-9ec1-8f6975241941"|"Andrew"|"Herrera"|"M"|"304 Michael Circles Suite 720"|"(516)280-7150x143"|"Surveyor, mining"|"King, Cain and Ryan"|"1985-08-25"
"99e9c00c-9fee-44a7-9a45-920ec2fa9824"|"Nicole"|"Cordova"|"F"|"324 Rosario Loop"|"(364)917-4523"|"Development worker, community"|"Powell Inc"|"2001-06-17"
"bc45ca5d-1566-4763-84b7-a212b23bf3dc"|"Rachel"|"Dunn"|"F"|"378 Davenport Fords"|"364-400-2731x372"|"Lobbyist"|"Andrews Inc"|"1945-08-15"
"1b72917d-513e-4e88-8cc6-d8a49758ac26"|"Maria"|"Norman"|"F"|"888 Ortiz Brooks"|"310-966-5163x02801"|"Ambulance person"|"Dunlap and Sons"|"1984-09-03"
"f20a93ff-d248-432b-8c0a-9c814b0b1000"|"Whitney"|"Mejia"|"F"|"597 Tyler Knoll Apt. 752"|"823-240-2334x613"|"Surveyor, insurance"|"Flores Inc"|"1922-12-16"
"2b631c3c-8414-4753-beaa-2cfea183b1a6"|"Chris"|"Holmes"|"M"|"345 Jeffery Isle"|"9379164639"|"Higher education lecturer"|"Murphy and Sons"|"1924-01-31"
"4988a40b-469d-41e4-a0b0-9c4f23a91436"|"Jennifer"|"Steele"|"F"|"206 Thomas Ford"|"+1-422-721-2634x259"|"Water engineer"|"Shields PLC"|"1940-10-25"
"2cd8fc26-c03b-428c-ab87-bdecb40e9507"|"John"|"Mcdaniel"|"M"|"566 Murphy Creek Suite 712"|"975.704.1589"|"Police Officer"|"TTPD"|"1913-02-07"
"ec2d6658-a148-4929-bcf9-4091f175a702"|"Leonard"|"Garcia"|"M"|"329 Amanda Curve"|"795.256.3941x7281"|"Education officer, museum"|"Wilson, Lamb and Singh"|"1987-09-01"
"ef3f8031-bbac-4a07-837d-989ecc1f58ae"|"Tim"|"Fleming"|"M"|"846 Higgins Port Apt. 001"|"001-890-621-5297x99558"|"Retail buyer"|"Marshall Ltd"|"1988-09-09"
"4f6e3e02-f839-4e17-a374-6e4f08c55657"|"Michael"|"Wood"|"M"|"615 Yates Harbor Suite 905"|"337.847.0623x56672"|"Corporate investment banker"|"Garcia, Shaw and Jones"|"1948-10-18"
"d35e9ab0-0412-42f4-835e-cc3d383e8361"|"Susan"|"Wilson"|"F"|"430 Jeffery Spur Suite 411"|"001-347-459-0797"|"Warehouse manager"|"Palmer-Peterson"|"1928-04-09"
"d2ac3c77-e9eb-40e4-98d2-2a371aba393c"|"Evelyn"|"Zhang"|"F"|"637 Hernandez Parkways Suite 200"|"203.739.9520x2030"|"Pharmacist, hospital"|"Harris Group"|"2001-07-10"
"33cb6786-82b5-48a9-88e0-4ce2c1d01739"|"Steve"|"Franklin"|"M"|"589 Phillip Spring"|"001-907-644-3408x51390"|"Cabin crew"|"Steele-Clarke"|"2014-03-14"
"bae7fd33-eeac-4168-9933-441d93d4b13e"|"Tyrone"|"Jones"|"M"|"751 Jackson Harbors Suite 257"|"001-833-839-5159x676"|"Film/video editor"|"Casey-Tate"|"1928-08-05"
"31964101-6f76-425c-9420-30a9bd7ce4e9"|"Jessica"|"Ruiz"|"F"|"764 Nelson Estate"|"673-400-0264x54171"|"Radio producer"|"Wade-Johnson"|"1973-03-17"
"008bf4f9-1613-4765-94f3-81cad6b04150"|"Jennifer"|"Willis"|"F"|"446 Warner Circle"|"927-936-5934"|"Financial adviser"|"Wong-Simpson"|"1939-02-11"
"3af5d16c-94e3-4494-939e-d79930b0ac36"|"Chelsea"|"Holmes"|"F"|"8 Hanson Port"|"628-642-6753"|"Educational psychologist"|"Brown LLC"|"1924-07-09"
"75fbac92-a09a-45fa-8ff7-7851758ae18d"|"Patricia"|"Matthews"|"F"|"488 Ward Parkway Apt. 076"|"362-744-8362x440"|"Barrister's clerk"|"Gross, Sullivan and Wright"|"2014-10-08"
"3f21c6e7-b4f0-455e-9161-d1d185b382c0"|"Emily"|"Buchanan"|"F"|"353 Christine Gateway"|"001-749-522-1133"|"Nurse, children's"|"Villa-Frost"|"1984-03-29"
"4dcd0f74-f781-49ef-9292-3da73418a504"|"Diana"|"Gonzales"|"F"|"825 Newton Wall"|"+1-387-221-5643x9259"|"Programme researcher, broadcasting/film/video"|"Reese, Floyd and Whitney"|"1964-07-12"
"1fe98c42-00e5-4a91-a96b-dfebb1ee2896"|"Molly"|"Jones"|"F"|"376 Jones Cliffs Suite 657"|"001-542-960-0108"|"Television floor manager"|"Luna-Leblanc"|"1937-09-07"
"53fe6120-9b34-4392-b8fb-6039c211948f"|"Kellie"|"Morris"|"F"|"992 Ross Camp Apt. 134"|"001-883-606-5378x3135"|"Designer, blown glass/stained glass"|"Tanner, Hale and Rush"|"2011-02-18"
"881f542d-334f-4da9-b196-22e7356eba7f"|"Dean"|"Martin"|"M"|"618 Jeffery Village"|"+1-377-608-2965x8686"|"Conservation officer, nature"|"Reed, Quinn and Calderon"|"1916-10-21"
"60ed8052-4500-4774-a484-d4eeeaada2a1"|"Casey"|"Nichols"|"F"|"310 Thornton Land Suite 697"|"001-471-613-8600x50777"|"Theatre director"|"Bradley-Kelly"|"2002-01-30"
"8467bd46-b10f-4e7a-b9c7-13938f33b423"|"Robert"|"Casey"|"M"|"266 Scott Valleys Suite 598"|"329-851-5436x402"|"Trade union research officer"|"Brown-Reed"|"1926-08-03"
"14076cdf-6c7c-4080-a5fb-8921abded856"|"Mark"|"Gonzalez"|"M"|"545 Marquez Lane"|"+1-429-211-9842x4271"|"Dealer"|"Martin, Diaz and Cuevas"|"2010-01-29"
"2465db8d-72fe-4f9a-bcc9-5699a33865fa"|"Tate"|"Ward"|"F"|"691 Barron Hollow"|"(528)510-7658x7054"|"Sales professional, IT"|"Greer-Gillespie"|"1986-03-10"
"26f8d4d2-eec8-4d14-90c7-fdbe0ead48c6"|"Joseph"|"Fernandez"|"M"|"516 Montoya Walk Apt. 578"|"941.885.4594x01531"|"Market researcher"|"Vega, Porter and Mcdowell"|"2007-07-24"
"6f12005a-dad4-4710-9d44-adea653c8aec"|"Elizabeth"|"Smith"|"F"|"792 Murphy Creek Suite 712"|"960.597.9668"|"Psychologist, sport and exercise"|"Baker, Fisher and Johnson"|"1987-11-05"
"1471c924-26ea-4b78-811d-17a924ec8fef"|"Julian"|"Smith"|"M"|"107 Rivers Squares"|"+1-409-750-6095x222"|"Horticulturist, commercial"|"Griffin PLC"|"2011-10-28"
"8110c111-46a6-4755-b103-c87f3ee2c615"|"Jason"|"Jackson"|"M"|"455 Cox Turnpike Apt. 083"|"5463994931"|"Lobbyist"|"Estrada-Pruitt"|"1918-05-22"
"ca02ea35-2007-4052-8081-0b1b636d13d4"|"Bruce"|"Hughes"|"M"|"410 Elizabeth Creek Apt. 423"|"001-816-312-1254x87696"|"Chartered public finance accountant"|"Gallegos-Willis"|"1997-08-02"
"2105cbd2-7373-4f8f-9b51-6314dac7f8d4"|"Sarah"|"Williams"|"F"|"759 Ross Camp Apt. 134"|"001-641-322-3887x5266"|"Data processing manager"|"Collins Inc"|"1949-01-20"
"add6d4aa-33fe-471b-bd7b-f185257dade6"|"Jacob"|"Torres"|"M"|"17 Patricia Trafficway Apt. 188"|"904.371.5413"|"Insurance underwriter"|"Harper, Strickland and Wilson"|"1950-12-08"
"0932f96b-20df-48ae-b1ed-e3dea1fac676"|"Daniel"|"Willis"|"M"|"625 Davenport Fords"|"528-211-5031"|"Television camera operator"|"Goodwin, Hopkins and Smith"|"1912-01-31"
"a15593e2-00ec-4f2d-9956-e8950020fd9e"|"Jeffrey"|"Bond"|"M"|"902 Ross Camp Apt. 134"|"789.821.9177x29882"|"Research scientist (physical sciences)"|"Gonzalez-Cruz"|"1928-07-27"
"1e083fa3-31a5-4503-be41-0c67b6288f1f"|"Christopher"|"Berry"|"M"|"961 Wilson Locks Apt. 694"|"+1-866-259-6531x822"|"Sports administrator"|"Warner, Mooney and Perez"|"1987-09-09"
"cfe36ce7-ff50-47b0-93ab-bb8b072cbe3d"|"Heather"|"Rodriguez"|"F"|"183 Aimee Circles"|"698.410.6665x61524"|"Private music teacher"|"Nelson Ltd"|"1991-08-11"
"47ef491f-1f45-48b7-8ede-605f9e3ee9bb"|"Brett"|"Barber"|"M"|"894 David Course Apt. 455"|"2345310503"|"Engineer, structural"|"Levine, Smith and Marsh"|"1917-01-03"
"51e85868-75a4-468d-bb05-bc839b24be38"|"Marcus"|"Mitchell"|"M"|"387 Christine Gateway"|"+1-521-713-0280x86874"|"Conservator, furniture"|"Fitzgerald-Gonzalez"|"1981-11-23"
"b1d3d39d-da00-4810-8a74-31f6e94b705e"|"Sherry"|"Burke"|"F"|"893 Ortiz Brooks"|"(276)335-2231x58034"|"Editor, commissioning"|"Montgomery, Munoz and Thompson"|"1995-11-19"
"eeff3342-eb7f-44f1-8443-6d473037968b"|"Sarah"|"Long"|"F"|"572 Thornton Land Suite 697"|"336-425-2770x871"|"English as a foreign language teacher"|"White and Sons"|"1950-04-16"
"1eb80386-9d2b-4ea9-8deb-e2ed876ea04c"|"Lauren"|"Rojas"|"F"|"197 Evans Ports Suite 383"|"+1-564-743-5514"|"Engineer, maintenance (IT)"|"Becker, Blake and Odom"|"2016-07-07"
"4fdaaa55-a176-4127-bcfc-0b02d4f15eed"|"Morales"|"Martin"|"F"|"539 Hanson Port"|"+1-281-255-4896"|"Amenity horticulturist"|"Elliott-Mitchell"|"2003-06-26"
"8cc60134-cca9-494a-a879-89c3b5cedea6"|"Shane"|"Wood"|"M"|"139 Jonathan Stravenue"|"(551)779-6512x6952"|"Haematologist"|"Thompson-Mitchell"|"1933-12-29"
"a44f62ab-11e4-4657-b386-d35a64a15232"|"Shannon"|"Rivera"|"F"|"973 Yates Harbor Suite 905"|"455-692-4072x6231"|"Podiatrist"|"Dunlap Ltd"|"1909-01-28"
"86c42466-6404-499e-ac1e-dc0916e3d030"|"Suzanne"|"Cannon"|"F"|"833 Thomas Wall Suite 035"|"(390)643-0532x648"|"Volunteer coordinator"|"Butler, Smith and Jackson"|"1994-12-23"
"234cb750-c913-4f3f-91ec-da0e5b8a2a8d"|"Joseph"|"Ray"|"M"|"25 Nicole Via"|"(619)727-2854x8074"|"Solicitor, Scotland"|"Garrison-Nichols"|"1974-04-10"
"75239d23-c626-4ec0-ab82-a3f0ac2fa569"|"Abigail"|"Downs"|"F"|"977 Hernandez Parkways Suite 200"|"524-802-3059x792"|"Systems analyst"|"Kidd, Thompson and Smith"|"1955-05-17"
"1d076d7e-41bb-4e9b-9af9-ea62c5c1e8df"|"Crystal"|"Burke"|"F"|"306 Dakota Extensions"|"(406)329-2644"|"Nurse, learning disability"|"Marshall, Thomas and Stone"|"2012-05-18"
"28b9b2e1-533d-45c4-9ccd-d6bba74026cf"|"Michael"|"Johnson"|"M"|"898 Vincent Mountain Apt. 316"|"881-599-2052x4634"|"Immunologist"|"Patterson, Stevenson and Edwards"|"2008-09-09"
"925040bc-7cce-443a-917b-2e379ee1d6dc"|"Taylor"|"Burke"|"M"|"770 Andrew Street Apt. 107"|"(345)936-5373"|"Police officer"|"Robles LLC"|"1963-06-18"
"fb099af3-b7e8-4b64-a67e-d40e3a074e78"|"Dylan"|"Jordan"|"M"|"565 Donald Village Apt. 289"|"+1-374-518-4260x549"|"Chiropodist"|"Reyes Ltd"|"1928-12-31"
"63a6c2b9-0c88-4a0e-8973-b5237870e31d"|"Rodney"|"Li"|"M"|"868 Jeffery Spur Suite 411"|"733-787-8632x42665"|"Scientist, research (medical)"|"Paul, Baker and Garcia"|"1946-10-30"
"06b48b9a-f770-4b69-85c8-ce2b364e83db"|"Steven"|"Zhang"|"M"|"624 Daniel Plaza"|"392.522.9312"|"Rural practice surveyor"|"Gilbert LLC"|"2011-02-24"
"4a45acbe-d514-489b-8635-3dd6c776f6b7"|"Jill"|"Williams"|"F"|"100 Jones Courts Apt. 083"|"+1-946-757-2528x34028"|"Acupuncturist"|"Horton, Bernard and Burke"|"2009-12-02"
"4103b422-1eef-4435-939e-b601df99d9a1"|"Matthew"|"Solomon"|"M"|"179 Tiffany Gateway"|"563-212-1041x5132"|"Hydrographic surveyor"|"Eaton-Gomez"|"2009-05-13"
"1fb927ae-8581-427c-a4b4-0ee580399888"|"Timothy"|"Pham"|"M"|"573 Hensley Park Suite 873"|"574.857.9971x447"|"Electrical engineer"|"Bradford Inc"|"1986-03-03"
"4944077b-3cac-4c38-99a8-8f2cc5ac9eb9"|"Derek"|"Fisher"|"M"|"897 Weaver Haven"|"483-202-5011"|"Producer, television/film/video"|"Stanley-Jacobs"|"1989-09-20"
"34a04f8d-abf5-42af-b6fa-2e90c0fe87e1"|"Mark"|"Jones"|"M"|"57 Patricia Trafficway Apt. 188"|"938.520.6301"|"Broadcast journalist"|"Ortega-Garcia"|"1926-04-29"
"4dd6e187-e847-41b4-9654-85eb38634bb2"|"Crystal"|"Espinoza"|"F"|"377 Johnson Throughway"|"678.529.2666"|"Theatre stage manager"|"Fitzgerald Ltd"|"2013-11-16"
"2cd0dffd-8eae-4f9d-85ba-798ade859079"|"Frank"|"Strickland"|"M"|"194 Padilla Estate Suite 556"|"8866943777"|"Insurance underwriter"|"Jensen-Flores"|"1982-08-07"
"847b564f-7b55-42b6-a905-9f0e4dd82b50"|"Dylan"|"Christian"|"M"|"116 Charles Mall Apt. 745"|"+1-433-954-7929"|"Sports coach"|"Potter Group"|"1953-04-22"
"f57bb636-535a-4701-8e77-3ca0f4a2340e"|"Alice"|"Smith"|"F"|"202 Patricia Trafficway Apt. 188"|"001-608-580-2400x381"|"Radio broadcast assistant"|"Russell, Arias and Carrillo"|"2014-03-01"
"1a00056c-0a8e-4b28-9ab1-fa4ba424c7aa"|"Mark"|"Skinner"|"M"|"415 Newton Wall"|"6744118144"|"Rural practice surveyor"|"Moran LLC"|"1970-05-01"
"d5348b1c-229a-4915-a9ca-f371ddeb86b7"|"Hannah"|"Dunn"|"F"|"11 Christopher Ways"|"+1-954-644-6080x32358"|"Materials engineer"|"Lee, Perry and Williamson"|"1934-05-22"
"31ec1a67-dc16-43b7-8c86-a693e02f5788"|"John"|"Jackson"|"M"|"743 Jeffery Village"|"6204199316"|"Training and development officer"|"Turner, Walter and Moses"|"1978-01-23"
"4529ed09-67f3-4ada-b307-25e26124f390"|"Cohen"|"Casey"|"M"|"737 Haney Prairie Suite 518"|"+1-673-661-0917"|"Press sub"|"Bishop PLC"|"1979-07-11"
"42faf629-6806-43ed-a6ce-bc7e641e8fed"|"Patricia"|"Walker"|"F"|"324 Bailey Trail"|"(581)459-3536"|"Teacher, secondary school"|"Walsh Ltd"|"2003-08-08"
"adcbb044-646c-42c1-bbf2-34891b8c9e29"|"Lisa"|"Gonzalez"|"F"|"403 Kari Alley Suite 131"|"(987)821-9477"|"Materials engineer"|"Hall-Coleman"|"1961-03-03"