<?xml version="1.0" encoding="UTF-8" ?><automobiles><automobile><person_id>e4f49e86-052e-4b5f-b64c-e540780cd162</person_id><license_plate>FW 20128</license_plate><vin>R8TSP4N89LBNG4NHF</vin><color>Orchid</color><year>2010</year></automobile><automobile><person_id>830f2d06-bd23-4e6e-b98b-b691f5c10512</person_id><license_plate>566THK</license_plate><vin>3WLD4SZA531F725BK</vin><color>Maroon</color><year>1979</year></automobile><automobile><person_id>9a92f33d-20ff-47b6-baaf-e52295c39ef4</person_id><license_plate>90Q 0114</license_plate><vin>BJT1E2RL6SAVS9554</vin><color>Silver</color><year>2015</year></automobile><automobile><person_id>9a92f33d-20ff-47b6-baaf-e52295c39ef4</person_id><license_plate>667F3</license_plate><vin>BRNAN68N7M6AT5YB1</vin><color>ForestGreen</color><year>2021</year></automobile><automobile><person_id>ce31ab37-0e59-42db-8345-82de3769f329</person_id><license_plate>XG 1716</license_plate><vin>HS4CPJ7Z3DRUJ3W84</vin><color>PaleGreen</color><year>1981</year></automobile><automobile><person_id>ce31ab37-0e59-42db-8345-82de3769f329</person_id><license_plate>XTZ9980</license_plate><vin>4EJTWZ5F2C51L4TNL</vin><color>MintCream</color><year>2023</year></automobile><automobile><person_id>4b880aaf-a339-4d48-8096-70b10eac2412</person_id><license_plate>UJX C95</license_plate><vin>ZPDJFUXY2XPY02REG</vin><color>Peru</color><year>1975</year></automobile><automobile><person_id>b66d85f6-772a-4eee-83e9-43bfd03b3400</person_id><license_plate>9S183</license_plate><vin>PDDLC6SU50RN87525</vin><color>LimeGreen</color><year>1990</year></automobile><automobile><person_id>b66d85f6-772a-4eee-83e9-43bfd03b3400</person_id><license_plate>HOS 742</license_plate><vin>38M38J7R4JG1866ZR</vin><color>SkyBlue</color><year>2008</year></automobile><automobile><person_id>f829a945-92a4-4211-a9b9-0bee6d09c522</person_id><license_plate>315 RVJ</license_plate><vin>54228UV22GW3BC8V3</vin><color>ForestGreen</color><year>2019</year></automobile><automobile><person_id>101b17bc-4d32-4db1-a72c-2b2396dfb85d</person_id><license_plate>997 UQT</license_plate><vin>BS2LT2KE2679UZ72B</vin><color>AntiqueWhite</color><year>1992</year></automobile><automobile><person_id>ae743a21-ac5f-4030-951e-a6086bb00d7f</person_id><license_plate>9-X9881</license_plate><vin>G23AVYGP9VX2VB7Y5</vin><color>DarkTurquoise</color><year>2006</year></automobile><automobile><person_id>ae743a21-ac5f-4030-951e-a6086bb00d7f</person_id><license_plate>644-FEMS</license_plate><vin>L24HARW83T3ANAG8Z</vin><color>DarkGreen</color><year>2019</year></automobile><automobile><person_id>a6d24189-1409-4f6c-a008-a82f57afaa69</person_id><license_plate>9-0750Z</license_plate><vin>VE9CMDN90U5Z6FWNW</vin><color>SpringGreen</color><year>2021</year></automobile><automobile><person_id>0e4eb09a-e37d-4fe0-bab5-341b3496ef70</person_id><license_plate>ED 2288</license_plate><vin>A1MXUCR41C1FGJM5U</vin><color>Cornsilk</color><year>2008</year></automobile><automobile><person_id>0e4eb09a-e37d-4fe0-bab5-341b3496ef70</person_id><license_plate>30S PI0</license_plate><vin>DFXAVDTC18HRUB6PZ</vin><color>NavajoWhite</color><year>1975</year></automobile><automobile><person_id>0e4eb09a-e37d-4fe0-bab5-341b3496ef70</person_id><license_plate>JCO-3209</license_plate><vin>WYJBFUV2727GR4GPB</vin><color>Snow</color><year>2009</year></automobile><automobile><person_id>99f9a9b5-3073-4e4e-858b-9b44679b2375</person_id><license_plate>K77 9OF</license_plate><vin>0SPVUWFC6BZTVWNT6</vin><color>DarkSlateGray</color><year>1998</year></automobile><automobile><person_id>99f9a9b5-3073-4e4e-858b-9b44679b2375</person_id><license_plate>4UW87</license_plate><vin>Z59MH7060SC7XZ1CV</vin><color>PapayaWhip</color><year>1987</year></automobile><automobile><person_id>4014cf48-5cc6-4781-b09b-3a9f00291356</person_id><license_plate>714-BFT</license_plate><vin>WXZJUA2C8LE85ZZR0</vin><color>Blue</color><year>2011</year></automobile><automobile><person_id>4014cf48-5cc6-4781-b09b-3a9f00291356</person_id><license_plate>YKI-966</license_plate><vin>ED79ZRPY09WHX514P</vin><color>LawnGreen</color><year>1972</year></automobile><automobile><person_id>0621ede5-9394-4da7-87d7-7aca406410e1</person_id><license_plate>HME 100</license_plate><vin>LML7G70P5BN70YHF1</vin><color>SteelBlue</color><year>2023</year></automobile><automobile><person_id>0621ede5-9394-4da7-87d7-7aca406410e1</person_id><license_plate>BME-2660</license_plate><vin>ESB4DE772X1F1KUT5</vin><color>WhiteSmoke</color><year>1985</year></automobile><automobile><person_id>0621ede5-9394-4da7-87d7-7aca406410e1</person_id><license_plate>973NFS</license_plate><vin>3B2CGBGT67HKK6UE6</vin><color>DimGray</color><year>2002</year></automobile><automobile><person_id>e86d783c-302d-4413-97bb-b162f44364f2</person_id><license_plate>DLM 020</license_plate><vin>XWMFHP7F1J2WC4WER</vin><color>LightGoldenRodYellow</color><year>2004</year></automobile><automobile><person_id>e86d783c-302d-4413-97bb-b162f44364f2</person_id><license_plate>EPL 692</license_plate><vin>U78BJNKD907V53NPS</vin><color>MediumOrchid</color><year>2002</year></automobile><automobile><person_id>c73f6f58-f565-413c-96ba-a03c5356482f</person_id><license_plate>Q 373245</license_plate><vin>ATFBGC3P56HY1V9XC</vin><color>Brown</color><year>1986</year></automobile><automobile><person_id>c73f6f58-f565-413c-96ba-a03c5356482f</person_id><license_plate>GGB 138</license_plate><vin>V4SZ279P5H03A1C0N</vin><color>MediumVioletRed</color><year>2005</year></automobile><automobile><person_id>c9c000cf-f604-448e-bda1-4e7dab8a72c5</person_id><license_plate>62G•693</license_plate><vin>VHKC6UXFXFGC02V9R</vin><color>MediumAquaMarine</color><year>2005</year></automobile><automobile><person_id>c9c000cf-f604-448e-bda1-4e7dab8a72c5</person_id><license_plate>ADK 154</license_plate><vin>V2S3C7LJ98YHU40S0</vin><color>WhiteSmoke</color><year>1985</year></automobile><automobile><person_id>e2d70d1a-c9df-4530-8f0a-8439734bd68a</person_id><license_plate>HXZ-2514</license_plate><vin>RL19CU0K4UFW7MDYC</vin><color>Silver</color><year>2014</year></automobile><automobile><person_id>e2d70d1a-c9df-4530-8f0a-8439734bd68a</person_id><license_plate>044D3</license_plate><vin>L1ZRPBRU2HW3ZT8XW</vin><color>Chartreuse</color><year>1999</year></automobile><automobile><person_id>a0ac7c47-2c1f-4ebc-a428-7da6f52289fe</person_id><license_plate>2MY 391</license_plate><vin>GTF0FU5X5UK6WYCT7</vin><color>BlanchedAlmond</color><year>2015</year></automobile><automobile><person_id>a0ac7c47-2c1f-4ebc-a428-7da6f52289fe</person_id><license_plate>06F AG4</license_plate><vin>U2Z04UHA2814ABAR6</vin><color>Cyan</color><year>2023</year></automobile><automobile><person_id>8fe06ff6-9a49-4721-a07b-644133625e47</person_id><license_plate>928 ZVL</license_plate><vin>2M6HYNM57A5FYEBAG</vin><color>FireBrick</color><year>1990</year></automobile><automobile><person_id>8fe06ff6-9a49-4721-a07b-644133625e47</person_id><license_plate>0FG8523</license_plate><vin>VTD9RXJ9XPKK1037C</vin><color>Yellow</color><year>1977</year></automobile><automobile><person_id>0fc298fc-9107-42b3-adf8-63c3c130eaed</person_id><license_plate>5JP D25</license_plate><vin>WJHLMTGYXUCHGLV61</vin><color>DeepPink</color><year>2004</year></automobile><automobile><person_id>f911f34c-6200-4a86-a42f-625f9daae823</person_id><license_plate>127-BAMH</license_plate><vin>K4NDA0NGX1V74WHJ4</vin><color>LightYellow</color><year>2015</year></automobile><automobile><person_id>f911f34c-6200-4a86-a42f-625f9daae823</person_id><license_plate>LGQ7411</license_plate><vin>ZCYDZGZN48MWGN6BG</vin><color>OrangeRed</color><year>1993</year></automobile><automobile><person_id>59e85b2c-74b2-485e-89f9-8a9409c128b1</person_id><license_plate>2N 9793N</license_plate><vin>6HR1B7YW782BBX93R</vin><color>SaddleBrown</color><year>1973</year></automobile><automobile><person_id>dbfb4d8f-9f32-4738-9bc6-ce376ba17807</person_id><license_plate>4IX6117</license_plate><vin>SEW216P53B8PBKCP4</vin><color>RosyBrown</color><year>2010</year></automobile><automobile><person_id>dbfb4d8f-9f32-4738-9bc6-ce376ba17807</person_id><license_plate>JTU-8734</license_plate><vin>V3EZPMJ26SKTBRPX5</vin><color>MintCream</color><year>1990</year></automobile><automobile><person_id>41447a3d-0544-4342-8e49-4b0ab4d5c587</person_id><license_plate>EVD 647</license_plate><vin>JK5SR6D409094HADM</vin><color>DarkKhaki</color><year>1983</year></automobile><automobile><person_id>fe150beb-36c2-4b66-bd42-8a80f1938ef4</person_id><license_plate>YA 17571</license_plate><vin>KBKWGMULX3ML8ZBMM</vin><color>Coral</color><year>2004</year></automobile><automobile><person_id>fe150beb-36c2-4b66-bd42-8a80f1938ef4</person_id><license_plate>296 HHI</license_plate><vin>7DDTWM9L526PLHYZ3</vin><color>MediumSeaGreen</color><year>1998</year></automobile><automobile><person_id>8ece7505-8d88-4e79-8941-6b1c0f8a544c</person_id><license_plate>825 THS</license_plate><vin>JY65EYR11S14S6U4N</vin><color>MediumOrchid</color><year>1989</year></automobile><automobile><person_id>8ece7505-8d88-4e79-8941-6b1c0f8a544c</person_id><license_plate>79-4382P</license_plate><vin>3ZE6L0036B6Z10V10</vin><color>LightGreen</color><year>1977</year></automobile><automobile><person_id>23b0c752-c942-4e16-b1a9-73a351929736</person_id><license_plate>922 FVL</license_plate><vin>M5Y0ZMY87EXF26N0H</vin><color>White</color><year>1999</year></automobile><automobile><person_id>23b0c752-c942-4e16-b1a9-73a351929736</person_id><license_plate>ZFT 571</license_plate><vin>24HJKKCN3A6U983VS</vin><color>LightSkyBlue</color><year>2001</year></automobile><automobile><person_id>23b0c752-c942-4e16-b1a9-73a351929736</person_id><license_plate>KMG 583</license_plate><vin>FPGFYG965NJNYS4D2</vin><color>Magenta</color><year>1986</year></automobile><automobile><person_id>d2dd2ea2-fda3-49fc-923a-8a74f184b83c</person_id><license_plate>098-AFZ</license_plate><vin>DWM1Z64L91AY1J087</vin><color>Purple</color><year>2022</year></automobile><automobile><person_id>bab7f1d2-e416-4402-9188-9473bdb84ba2</person_id><license_plate>887VBL</license_plate><vin>9X5GMZ9TXFDJ0860H</vin><color>PowderBlue</color><year>1991</year></automobile><automobile><person_id>093edaff-cf75-499e-acf1-3c469854bb1b</person_id><license_plate>905-KYQ</license_plate><vin>2ZPBKFLNX7PSX0KNT</vin><color>HoneyDew</color><year>1997</year></automobile><automobile><person_id>093edaff-cf75-499e-acf1-3c469854bb1b</person_id><license_plate>TAI6328</license_plate><vin>VVMW9397XX5349Y26</vin><color>YellowGreen</color><year>2017</year></automobile><automobile><person_id>c602dd8d-e1aa-4762-b649-05e1d6b0a522</person_id><license_plate>8JLF293</license_plate><vin>FF9HG7A75W4U1R4K4</vin><color>Green</color><year>2007</year></automobile><automobile><person_id>c602dd8d-e1aa-4762-b649-05e1d6b0a522</person_id><license_plate>4SH0557</license_plate><vin>GKU24TT185H27R7EC</vin><color>Sienna</color><year>1990</year></automobile><automobile><person_id>fe449151-52d6-4c88-8669-c9890c112f4c</person_id><license_plate>0F213</license_plate><vin>VL370R9S4RDXB1WAS</vin><color>Black</color><year>2007</year></automobile><automobile><person_id>b3e2411d-a73a-4ef2-a278-bf129599434a</person_id><license_plate>290-IAE</license_plate><vin>GGXWTHME3Y1R3CHTV</vin><color>Salmon</color><year>1988</year></automobile><automobile><person_id>b3e2411d-a73a-4ef2-a278-bf129599434a</person_id><license_plate>1-W1448</license_plate><vin>L4ZU8HYJ9STMECF41</vin><color>CadetBlue</color><year>2021</year></automobile><automobile><person_id>e9b7dcc0-d2e9-4eb5-ba15-b4e6cd631c54</person_id><license_plate>624-ZYF</license_plate><vin>EADCL3RY8Z0TREMPP</vin><color>Aqua</color><year>1976</year></automobile><automobile><person_id>09ea01e6-ec02-45ed-bf96-abcfd636c2bb</person_id><license_plate>1F 40810</license_plate><vin>LH2FP96X0JL402DL4</vin><color>DeepSkyBlue</color><year>2005</year></automobile><automobile><person_id>09ea01e6-ec02-45ed-bf96-abcfd636c2bb</person_id><license_plate>STQ-9001</license_plate><vin>TSYA45RK9MAC895X1</vin><color>HotPink</color><year>2019</year></automobile><automobile><person_id>d68dd1a7-97f2-4f1e-8344-0aa87a1103f6</person_id><license_plate>497-NWT</license_plate><vin>9FXJ8T48204KD7JG0</vin><color>Thistle</color><year>1996</year></automobile><automobile><person_id>d68dd1a7-97f2-4f1e-8344-0aa87a1103f6</person_id><license_plate>67H 455</license_plate><vin>ATSRA0WS2S3FXK4P2</vin><color>Beige</color><year>1981</year></automobile><automobile><person_id>c07ae0d7-a50e-4aa0-a23c-21de0cad6e0a</person_id><license_plate>33N A06</license_plate><vin>PWZR2UCN732EGA4XW</vin><color>DarkGoldenRod</color><year>2012</year></automobile><automobile><person_id>2e6dbafa-1d5d-4f7f-b4a6-37d0bc070ce9</person_id><license_plate>2-21719</license_plate><vin>H93VRSK76F11M9E6T</vin><color>Moccasin</color><year>2016</year></automobile><automobile><person_id>856467f1-f111-45e4-9017-057f928b3cfd</person_id><license_plate>065KNH</license_plate><vin>ZD7U4EJE3HYE7MGYF</vin><color>FireBrick</color><year>2021</year></automobile><automobile><person_id>be510867-7a67-4bd0-85cc-ca543519d415</person_id><license_plate>8330 ID</license_plate><vin>DNPM1NUU91WDG22GE</vin><color>DarkSlateBlue</color><year>1999</year></automobile><automobile><person_id>5f48deed-167c-4697-a202-767a1b3c1fce</person_id><license_plate>141 6QJ</license_plate><vin>JZY8BZ141VTG0RS85</vin><color>BlueViolet</color><year>2019</year></automobile><automobile><person_id>1349db3b-1fd3-4ad9-a705-383d11bc2daa</person_id><license_plate>Q85 1BA</license_plate><vin>7CRH44K55WHFWLZCJ</vin><color>Linen</color><year>2003</year></automobile><automobile><person_id>f8a3ba18-99df-453a-9e45-3db68779cefc</person_id><license_plate>YR-7286</license_plate><vin>FXP19K5S81UJWMHEB</vin><color>Red</color><year>1991</year></automobile><automobile><person_id>f8a3ba18-99df-453a-9e45-3db68779cefc</person_id><license_plate>2LR 775</license_plate><vin>TGSE5W479XSV95N5L</vin><color>LightGreen</color><year>1997</year></automobile><automobile><person_id>428ef4aa-ef35-4e8c-bde1-f465981122ce</person_id><license_plate>5IQG484</license_plate><vin>AS0T1M335NR1TLBFU</vin><color>Brown</color><year>1985</year></automobile><automobile><person_id>428ef4aa-ef35-4e8c-bde1-f465981122ce</person_id><license_plate>4073</license_plate><vin>EKZHYM7D32V64DBND</vin><color>MediumAquaMarine</color><year>1972</year></automobile><automobile><person_id>5bb9d2d1-4b0d-436a-a6b0-7b22f8552a66</person_id><license_plate>9E626</license_plate><vin>3W8TSE532WFVEJJK1</vin><color>LightGoldenRodYellow</color><year>2000</year></automobile><automobile><person_id>5bb9d2d1-4b0d-436a-a6b0-7b22f8552a66</person_id><license_plate>74Z 4539</license_plate><vin>W9DWRAMW5UTKMLW7S</vin><color>AntiqueWhite</color><year>2021</year></automobile><automobile><person_id>5bb9d2d1-4b0d-436a-a6b0-7b22f8552a66</person_id><license_plate>22A ZT1</license_plate><vin>XZ8XWRX86H931S05A</vin><color>MediumOrchid</color><year>1991</year></automobile><automobile><person_id>3ca6d296-92b3-4615-8578-ffd7cd6a5503</person_id><license_plate>D34-23O</license_plate><vin>46N64GV5219PZNW59</vin><color>DarkTurquoise</color><year>2005</year></automobile><automobile><person_id>3ca6d296-92b3-4615-8578-ffd7cd6a5503</person_id><license_plate>LZ5 1609</license_plate><vin>A8Z8CJZP6LASYDDC5</vin><color>Sienna</color><year>2015</year></automobile><automobile><person_id>3ca6d296-92b3-4615-8578-ffd7cd6a5503</person_id><license_plate>63X•340</license_plate><vin>7C4VXLU13MEXNND7F</vin><color>DarkSeaGreen</color><year>2007</year></automobile><automobile><person_id>ab7d1cb7-f9c2-4d04-bbb0-07805c24568b</person_id><license_plate>S58 3EF</license_plate><vin>5YF17Z9L4DV5UNJZ1</vin><color>SkyBlue</color><year>2020</year></automobile><automobile><person_id>f396ffac-93cd-4fd1-96f4-6e5e94fe5e39</person_id><license_plate>144N6</license_plate><vin>2D657P1K1ER35N3KE</vin><color>LightGray</color><year>1978</year></automobile><automobile><person_id>124255e2-3e36-470d-a5a3-7ec681a70d23</person_id><license_plate>2JMX443</license_plate><vin>5311K9KM2V1ZFA6X6</vin><color>SeaGreen</color><year>2012</year></automobile><automobile><person_id>12a9a1f6-fcf5-4d02-9cb9-70df9fcbef09</person_id><license_plate>TWI 264</license_plate><vin>MDYUF23K0K3F09DPJ</vin><color>MediumVioletRed</color><year>2010</year></automobile><automobile><person_id>af5361c3-c3aa-4bae-bb3c-10b28c8870fb</person_id><license_plate>94-8108Z</license_plate><vin>TV25GR2H080ULWYNE</vin><color>LightCyan</color><year>1989</year></automobile><automobile><person_id>af5361c3-c3aa-4bae-bb3c-10b28c8870fb</person_id><license_plate>014-077</license_plate><vin>A2FM8288XVHVF48PZ</vin><color>Sienna</color><year>2022</year></automobile><automobile><person_id>9f41e403-124b-47c0-a543-170479928208</person_id><license_plate>015AI</license_plate><vin>SNNGX8TSX7EA8R69J</vin><color>Maroon</color><year>1979</year></automobile><automobile><person_id>4f4eb36a-4ebd-4556-950f-89d0fbae9c23</person_id><license_plate>KZF 069</license_plate><vin>0HVV4MUM21MG45P45</vin><color>HoneyDew</color><year>2013</year></automobile><automobile><person_id>b725a11d-d61f-431c-915e-a4e963191bad</person_id><license_plate>9HC5691</license_plate><vin>KWW2YMYG4AYS1YBGK</vin><color>DarkGreen</color><year>1996</year></automobile><automobile><person_id>f0227f6f-e4ff-47d0-a090-2b73d42c6192</person_id><license_plate>6ZK1616</license_plate><vin>HHSSJ4BW7CR80MDH5</vin><color>SeaGreen</color><year>1993</year></automobile><automobile><person_id>f0227f6f-e4ff-47d0-a090-2b73d42c6192</person_id><license_plate>ZVA 170</license_plate><vin>MUVCJSAB0GG8R36SR</vin><color>LightSalmon</color><year>1987</year></automobile><automobile><person_id>279cdc49-4e4a-4607-91d3-8a3703b0dcfd</person_id><license_plate>RDR-1183</license_plate><vin>BR7GTD1P1H4ZTD8UC</vin><color>Silver</color><year>1989</year></automobile><automobile><person_id>b732cbc3-2427-4311-979e-8977675bf8f5</person_id><license_plate>480 TUE</license_plate><vin>332N7U704JB3L06KH</vin><color>Navy</color><year>2016</year></automobile><automobile><person_id>7a73da91-6c2e-416f-952f-137fe87030ea</person_id><license_plate>9-4545U</license_plate><vin>5ACR39MH9WNVDV9MM</vin><color>IndianRed</color><year>1973</year></automobile><automobile><person_id>7a73da91-6c2e-416f-952f-137fe87030ea</person_id><license_plate>41Y 660</license_plate><vin>3444RPYA4PL8WFLDV</vin><color>Crimson</color><year>2019</year></automobile><automobile><person_id>e1ff0018-9724-48b1-b66f-53f72048fb72</person_id><license_plate>79-J783</license_plate><vin>9AFR3LT71YG7RXKJT</vin><color>Purple</color><year>2015</year></automobile><automobile><person_id>da3703c6-5b3a-40cd-b057-8ae20691f98f</person_id><license_plate>MBK 799</license_plate><vin>FJSLB4EY0JR1RYNXX</vin><color>MediumVioletRed</color><year>1986</year></automobile><automobile><person_id>da3703c6-5b3a-40cd-b057-8ae20691f98f</person_id><license_plate>R55-CBK</license_plate><vin>HL0D91UC7UBZ9RH3N</vin><color>Lime</color><year>1977</year></automobile><automobile><person_id>c387938f-e604-4689-8876-604371f41046</person_id><license_plate>969 PMM</license_plate><vin>D7DJ4Z5S1EU5Z5829</vin><color>PaleGreen</color><year>1982</year></automobile><automobile><person_id>c387938f-e604-4689-8876-604371f41046</person_id><license_plate>009-ZTJ</license_plate><vin>3T11HRAH1VVJSR2EL</vin><color>MintCream</color><year>2005</year></automobile><automobile><person_id>1f8c3be5-75bd-4d52-8e5a-b87583e94a55</person_id><license_plate>VEH-758</license_plate><vin>PT39K0FK4PW2KKG3X</vin><color>SeaShell</color><year>1972</year></automobile><automobile><person_id>1f8c3be5-75bd-4d52-8e5a-b87583e94a55</person_id><license_plate>8HK4946</license_plate><vin>A199ZBNP66C6RFLHX</vin><color>LightSeaGreen</color><year>2007</year></automobile><automobile><person_id>21b57fba-3412-4d62-8186-0e4568595215</person_id><license_plate>AR1 9716</license_plate><vin>H31CGNEE190HS4UXB</vin><color>MediumVioletRed</color><year>1973</year></automobile><automobile><person_id>21b57fba-3412-4d62-8186-0e4568595215</person_id><license_plate>672R0</license_plate><vin>0P0RU2T23UG3MR2D0</vin><color>Gainsboro</color><year>2007</year></automobile><automobile><person_id>f93c064b-8e7c-46e1-9910-e7d83a1b676b</person_id><license_plate>52B•154</license_plate><vin>PGTYFC6P6H0UG2BSJ</vin><color>Maroon</color><year>2014</year></automobile><automobile><person_id>7d294852-2a29-4fe8-8855-dc26c9469554</person_id><license_plate>X42 9ZL</license_plate><vin>C3W6G2PC0XN3B8EE9</vin><color>Ivory</color><year>2006</year></automobile><automobile><person_id>7d294852-2a29-4fe8-8855-dc26c9469554</person_id><license_plate>330-JLU</license_plate><vin>N0WBFYWF16J3PN7RU</vin><color>Gold</color><year>1970</year></automobile><automobile><person_id>53b8585b-b3e5-4f2b-81db-843aa59fdd05</person_id><license_plate>EBS-2285</license_plate><vin>KY5L494K7VJRK9C49</vin><color>Bisque</color><year>1971</year></automobile><automobile><person_id>53b8585b-b3e5-4f2b-81db-843aa59fdd05</person_id><license_plate>T96-19M</license_plate><vin>YXDE6S8N7245DM37Y</vin><color>SeaShell</color><year>2017</year></automobile><automobile><person_id>5eba1489-ef56-4896-a648-7faedd308b23</person_id><license_plate>2WC 253</license_plate><vin>WKHXCDUW0GF7RHGC0</vin><color>White</color><year>1996</year></automobile><automobile><person_id>be2496bb-00e6-4987-a3a9-268ebfbd8621</person_id><license_plate>224 8343</license_plate><vin>E5PF85DR4AS40TYBA</vin><color>Azure</color><year>2020</year></automobile><automobile><person_id>be2496bb-00e6-4987-a3a9-268ebfbd8621</person_id><license_plate>383 5563</license_plate><vin>MLDLFSJ26RSEFHFUP</vin><color>DarkBlue</color><year>1980</year></automobile><automobile><person_id>f9e90dfc-82e4-404f-b84d-4230d7cb1304</person_id><license_plate>90-TN07</license_plate><vin>71P4200V9J5FTK5HK</vin><color>MediumSpringGreen</color><year>2022</year></automobile><automobile><person_id>18539971-4e7b-4cc1-b1c7-43640ebc0cac</person_id><license_plate>W14-57U</license_plate><vin>L5863NVY2UH81EVU1</vin><color>HoneyDew</color><year>1971</year></automobile><automobile><person_id>18539971-4e7b-4cc1-b1c7-43640ebc0cac</person_id><license_plate>981 PHS</license_plate><vin>EMVE7MEV543B2EXZ6</vin><color>BlanchedAlmond</color><year>1984</year></automobile><automobile><person_id>b076d3c0-345e-4573-8291-c2521dcbb135</person_id><license_plate>185 5GZ</license_plate><vin>KKKZ04U18PPTXNSZ6</vin><color>LightSkyBlue</color><year>2017</year></automobile><automobile><person_id>b076d3c0-345e-4573-8291-c2521dcbb135</person_id><license_plate>91S T44</license_plate><vin>ZLC2C8NC6039XAHJP</vin><color>DarkOliveGreen</color><year>1997</year></automobile><automobile><person_id>85ee3785-e645-4c2e-9559-45ac5953ecd1</person_id><license_plate>AGV8513</license_plate><vin>K9PYD7A13G1LEBXKW</vin><color>Indigo</color><year>2005</year></automobile><automobile><person_id>e1e491b6-5a05-40e5-837b-3b9baffa1ad7</person_id><license_plate>QZ9 5021</license_plate><vin>MLBKDSD48F6F612JM</vin><color>LightSalmon</color><year>2006</year></automobile><automobile><person_id>a32bdf68-2581-459a-aaed-6aea68e87bfc</person_id><license_plate>OLS-0586</license_plate><vin>N2DKDZGN2C0BWN06C</vin><color>OldLace</color><year>2022</year></automobile><automobile><person_id>fe7ac05c-7047-4edb-8ceb-8533a03ec695</person_id><license_plate>9PH 742</license_plate><vin>WG5DSP2F5GR2F1ATJ</vin><color>Yellow</color><year>2016</year></automobile><automobile><person_id>8e287243-5d84-4da1-abfd-96c4397b38e8</person_id><license_plate>263Y8</license_plate><vin>H5R14EHG1HLKVVNWR</vin><color>PaleGreen</color><year>1988</year></automobile><automobile><person_id>8e287243-5d84-4da1-abfd-96c4397b38e8</person_id><license_plate>689 1959</license_plate><vin>KCW9A0MW391HAGMEG</vin><color>SaddleBrown</color><year>1980</year></automobile><automobile><person_id>2daa8b0a-c1aa-4e64-861d-0d07934bc64d</person_id><license_plate>CME 534</license_plate><vin>SSB1LEF83YVH8721S</vin><color>MediumOrchid</color><year>1990</year></automobile><automobile><person_id>2daa8b0a-c1aa-4e64-861d-0d07934bc64d</person_id><license_plate>PRO 245</license_plate><vin>PP853B0Y711DXAH7K</vin><color>Chocolate</color><year>2009</year></automobile></automobiles>