"id"|"first_name"|"last_name"|"sex"|"address"|"phone_number"|"profession"|"company"|"date_of_birth"
"8e49810a-e657-4324-83e5-d1dc04138b14"|"Mary"|"Williams"|"F"|"907 Rachel Pine"|"568-729-3292"|"Microbiologist"|"Figueroa-Mcdaniel"|"1955-09-16"
"09cc7b92-36e4-47aa-9bc0-addde7c07e35"|"Sophia"|"Crawford"|"F"|"218 Patricia Trafficway Apt. 188"|"(592)276-7728x3447"|"Clinical embryologist"|"Johnston PLC"|"2017-11-29"
"dccd9b94-8cc3-4fc3-bdbb-570b1568199b"|"Kara"|"Mcdowell"|"F"|"342 Quinn Divide"|"412-482-4297x286"|"Administrator, arts"|"Carter, Brown and Bryant"|"1962-12-14"
"6906d703-b9bf-4308-8b98-2a882d962904"|"Susan"|"Bailey"|"F"|"127 Alexis Run Suite 764"|"+1-798-538-8922x947"|"Information officer"|"Edwards-Johnson"|"2005-07-25"
"0cd47d62-d88f-4d6b-a94b-c14ef58a0b1f"|"Jennifer"|"Snyder"|"F"|"504 Amanda Curve"|"(975)580-4966x07175"|"Medical illustrator"|"Kelly and Sons"|"1933-02-02"
"6d2c2bc6-98fa-49cb-90c9-0d46713e45bd"|"Christopher"|"Suarez"|"M"|"202 John Fall Apt. 476"|"(448)547-3131"|"Multimedia specialist"|"Walker, Farrell and Allen"|"1917-08-10"
"2447365a-3e8d-47a1-995a-decba9db6bf2"|"Chelsea"|"Hernandez"|"F"|"479 Hanson Port"|"468-957-6359x3680"|"Journalist, magazine"|"Clay LLC"|"1921-12-10"
"f1a4c085-eb21-484e-99a3-76d4901ae2f7"|"Sarah"|"Floyd"|"F"|"913 Rosario Loop"|"220.666.3995x6449"|"Geologist, wellsite"|"Austin, Johnston and Holmes"|"2003-10-01"
"53be48b2-26b1-46a7-8624-4ce33891f36b"|"Keith"|"Rivera"|"M"|"687 Vincent Mountain Apt. 316"|"001-563-466-0198x508"|"Economist"|"Brown PLC"|"1913-03-03"
"2f3e03af-0db0-4325-a074-adf2d69b1265"|"Elizabeth"|"Ryan"|"F"|"980 Vincent Mountain Apt. 316"|"+1-255-474-6201x59814"|"Equities trader"|"Perez-Parks"|"1936-09-21"
"6189fdf3-e30c-4c7c-9209-2c8ece833f83"|"Leslie"|"Crawford"|"F"|"284 David Course Apt. 455"|"421.370.2322x34209"|"Solicitor"|"Nelson Ltd"|"1995-01-10"
"39914e83-bf26-4447-bfd2-29ae3b08af3c"|"Jon"|"Freeman"|"M"|"673 Monica Burgs Suite 695"|"+1-308-593-4883x348"|"Building surveyor"|"Mathis, Taylor and Castro"|"2007-05-30"
"c309225a-203d-4328-9789-6eb62b3bc277"|"Judy"|"Phillips"|"F"|"187 Matthew Valleys Suite 832"|"958-478-4257x34021"|"Advice worker"|"Walker, Thomas and Sloan"|"1922-12-27"
"7d184e9e-2115-44c2-b15d-31427d4f7eae"|"Kim"|"Davis"|"F"|"200 Martinez Grove Apt. 125"|"6515690882"|"Medical illustrator"|"Carr, Johnson and Santos"|"1954-01-13"
"f14f4b70-f115-429a-bd64-20a859062919"|"Samantha"|"Young"|"F"|"888 Newton Wall"|"(677)757-7405x5353"|"Stage manager"|"Burke-Ali"|"1911-07-11"
"04c80660-a4a0-49a9-8ab2-c05658aaced8"|"Evan"|"Harding"|"M"|"295 Montoya Walk Apt. 578"|"773-496-8820x9245"|"Engineer, electronics"|"Ponce, Murphy and Jordan"|"1982-04-19"
"7bba998a-569e-4ae0-9c64-50c897e121d2"|"Deborah"|"Morrison"|"F"|"153 Johnson Throughway"|"(647)831-5071"|"Planning and development surveyor"|"Lynn-Brown"|"1950-01-30"
"a9f3b97c-1121-44e1-86b4-123d48ae47ff"|"Steven"|"Gonzales"|"M"|"701 Hart Estates Suite 718"|"001-960-759-9594x52449"|"Police Officer"|"TTPD"|"1935-11-19"
"f4a6394c-770f-4888-99b3-544303545a11"|"Shelly"|"Little"|"F"|"500 Thornton Land Suite 697"|"001-486-608-7213x888"|"Tax adviser"|"Walsh, Woods and Hernandez"|"1967-06-12"
"f2bb7bc9-b539-4991-a6fc-4e53bba2aa48"|"Todd"|"Shelton"|"M"|"238 Patricia Trafficway Apt. 188"|"929-316-7253x482"|"Learning mentor"|"Johnson, Thompson and Williams"|"1948-12-18"
"614833eb-ea5a-45bf-9598-4e5ec08e5fd3"|"Tanya"|"Fuller"|"F"|"261 Thomas Coves Suite 736"|"001-763-919-7060x25398"|"Engineer, maintenance (IT)"|"Terry and Sons"|"2001-11-26"
"b84229f4-5179-4fc8-965e-9b2284202e08"|"Alan"|"Holmes"|"M"|"119 Pham Ports"|"+1-458-993-9530x3412"|"Warehouse manager"|"Byrd-Wise"|"1997-12-15"
"5f0eaf51-a04a-4650-a614-ddbfa43b1379"|"George"|"Fuller"|"M"|"478 Davenport Fords"|"309-861-0083x98925"|"Investment banker, operational"|"Krause, Ortiz and Park"|"1929-03-09"
"c92c7c9d-9270-4309-9b37-b1ca7c8099fd"|"Ryan"|"Hanson"|"M"|"512 Vincent Mountain Apt. 316"|"+1-287-458-8882"|"Field seismologist"|"Montgomery-Snow"|"1954-02-12"
"67f5c3c0-cd6e-4749-b2bc-b8645c916ad3"|"Rebecca"|"Jones"|"F"|"12 Jeffery Spur Suite 411"|"692.635.9469"|"Scientist, product/process development"|"Reynolds Ltd"|"1946-06-13"
"98ace86d-1c57-4707-a781-3da64f067906"|"Crystal"|"Roy"|"F"|"887 Jones Courts Apt. 083"|"(757)440-8713"|"Estate manager/land agent"|"Walters Group"|"2020-06-20"
"439c5e73-a484-49c5-92e6-3c3956d18e5e"|"David"|"Williams"|"M"|"759 Tim Avenue Apt. 437"|"(344)359-7437x670"|"Chemist, analytical"|"Davidson-Rios"|"1936-02-29"
"d1b93503-988d-43bd-9768-dc7b79aaa8fd"|"Joseph"|"Barnett"|"M"|"128 Michelle Isle Apt. 431"|"383.639.0725x669"|"Engineer, chemical"|"Gardner, Wood and Adams"|"1987-08-21"
"c3c9626f-d518-4bcd-948f-92c469d0e5ee"|"Jeffrey"|"Cannon"|"M"|"936 Banks Curve Apt. 123"|"+1-344-375-1312x880"|"Minerals surveyor"|"Cook PLC"|"1943-02-04"
"4347f282-2f66-4416-bb29-bc449b24d10f"|"Jonathan"|"Rivera"|"M"|"780 Jeffery Isle"|"3335664894"|"Designer, jewellery"|"Thomas-Nichols"|"1983-12-18"
"8f904643-c42f-4d2e-ae99-223e495e1849"|"Daniel"|"Mendoza"|"M"|"646 Jeffrey Run"|"354.706.9941x21161"|"Artist"|"English-Perry"|"1964-03-05"
"9a94ea25-1c8c-4cf0-960d-ff7ec93cb668"|"Franklin"|"Barnett"|"M"|"112 Moore Crossroad Apt. 549"|"+1-492-280-7796x62265"|"Research officer, political party"|"Ross, Montoya and George"|"1973-10-12"
"a173c7f5-f548-4404-bfb9-4a6948c13ff8"|"Lauren"|"Aguilar"|"F"|"26 King Land"|"001-336-229-0401x21482"|"Surveyor, minerals"|"Rodriguez, Bentley and Johnson"|"2008-09-09"
"180ffea7-b035-4bd8-8ec9-b974e2c277e2"|"John"|"Parker"|"M"|"2 Randall Burg"|"5564776748"|"Psychologist, forensic"|"Lee-Murphy"|"2009-01-01"
"e25e51fe-477a-4b9a-a41d-7cfa09888f37"|"Theresa"|"Johnson"|"F"|"131 Rivers Squares"|"001-344-321-7812"|"Police Officer"|"TTPD"|"2021-07-10"
"cdd31904-67b5-4684-a24f-194c52add2e1"|"Charles"|"Freeman"|"M"|"36 Jeffrey Run"|"687.270.2652"|"Pharmacologist"|"Taylor-Reyes"|"1924-04-18"
"a667aef2-fcce-4370-b0c4-2cd062ba5eea"|"Jaime"|"Hall"|"F"|"130 Thomas Coves Suite 736"|"937-642-9420x2260"|"Sound technician, broadcasting/film/video"|"Lewis-Palmer"|"1929-11-13"
"1dca5d84-c291-4fdd-9ca1-f6175a369ab6"|"David"|"Gates"|"M"|"112 Hood Loop Apt. 276"|"001-206-740-5929"|"Hospital pharmacist"|"Garcia-Long"|"1951-05-05"
"d969b519-5708-4efd-be5c-0896594fd827"|"Jaime"|"Rodriguez"|"F"|"555 Andrew Street Apt. 107"|"931.990.6159"|"Financial controller"|"Diaz, Tanner and Hensley"|"1941-07-13"
"0655c284-a9d6-4e5c-93ab-53655816fade"|"Nicholas"|"Casey"|"M"|"19 Johnson Plains Suite 376"|"8464835223"|"Cytogeneticist"|"Franco, Hunter and Byrd"|"1970-03-24"
"886a5a01-c718-4e77-95a9-0297834c7724"|"Brian"|"Barnes"|"M"|"247 Anderson Port"|"566-792-8208"|"Engineer, building services"|"Mejia PLC"|"2020-07-04"
"10a69bf3-cc0d-4bbe-ba76-49bd50cd157a"|"Shannon"|"Riley"|"M"|"698 Day Inlet"|"+1-478-777-8092x953"|"Art therapist"|"Elliott, Davis and Carpenter"|"1936-12-20"
"ccbeab2d-ec72-40ab-b25d-9c66dbbdf9af"|"Paul"|"Jackson"|"M"|"860 Haney Prairie Suite 518"|"687-260-9734x41657"|"Prison officer"|"Carlson-Berger"|"1946-04-19"
"087c9c7d-280a-446f-86d7-00b07d2568b2"|"Angela"|"Gomez"|"F"|"864 Banks Curve Apt. 123"|"(750)629-4428"|"Licensed conveyancer"|"Diaz-Floyd"|"1972-07-26"
"cabf681c-4e5c-47e3-88d1-6d4d52c5166a"|"Monica"|"Tran"|"F"|"655 Troy Centers"|"001-627-952-9178"|"Product manager"|"Perry-Grant"|"1983-09-23"
"18d5dda2-99e6-48e4-8f1f-fb6d80af89c4"|"Laura"|"Vargas"|"F"|"579 Kari Alley Suite 131"|"001-636-653-7545x167"|"Armed forces logistics/support/administrative officer"|"Osborne-Adams"|"1934-05-03"
"66d69727-6a1d-40d8-995f-61b8bbfc0362"|"Gregory"|"Jones"|"M"|"853 Nathan Views"|"+1-627-220-7405x33409"|"Health physicist"|"Francis-Smith"|"1977-09-05"
"ebb3c10a-bf17-4eee-a854-c245a15e8ced"|"Zachary"|"Flynn"|"M"|"943 Bruce View Suite 976"|"+1-436-983-4368x858"|"Paediatric nurse"|"Wood-Taylor"|"1928-10-18"
"99b0a5fa-cca7-46ef-a00e-ad07bddd5201"|"Sandra"|"Schwartz"|"F"|"226 Randall Burg"|"001-320-830-7085"|"Toxicologist"|"Sanchez and Sons"|"1914-11-19"
"54adead3-86de-439e-b136-a5c738ee9aaa"|"Casey"|"Morris"|"M"|"582 Michelle Isle Apt. 431"|"001-295-565-7579x0469"|"Firefighter"|"Rasmussen, Mays and Young"|"1960-02-09"
"099d4469-1d84-4943-a488-c9a7597576d9"|"Shane"|"Mendoza"|"M"|"933 Amanda Curve"|"4678299128"|"Clinical scientist, histocompatibility and immunogenetics"|"Fletcher-Crawford"|"1999-12-12"
"0592f919-f08d-42ae-9396-5cfd0ddde6a5"|"Julie"|"Daniels"|"F"|"965 Matthew Keys"|"+1-723-423-3486x14146"|"Meteorologist"|"Avila, Williams and Dunn"|"1989-06-04"
"411e935a-a2f3-4b10-aa1c-fcc372150d0a"|"Jaclyn"|"Adams"|"F"|"437 Aimee Circles"|"5449278724"|"Geologist, engineering"|"Blanchard, Flores and Reed"|"1931-07-10"
"95c3c852-08e6-44c7-9292-4557f7d5f76f"|"Melissa"|"Pittman"|"F"|"445 Moore Crossroad Apt. 549"|"833.658.8885x5463"|"Rural practice surveyor"|"Wallace-Rowland"|"1934-08-30"
"facb3394-0154-432f-a20a-954de4f6f6d9"|"Robert"|"King"|"M"|"377 Porter Overpass"|"001-575-282-6846x189"|"Proofreader"|"Hines Inc"|"2017-12-25"
"b9b5acc2-5486-440a-abf1-eca8a4a93d20"|"Kelly"|"Jackson"|"F"|"460 Brian Course"|"001-776-298-8275x67447"|"Civil engineer, contracting"|"Ortiz LLC"|"1992-08-01"
"1012de5e-94ac-43d1-b9e0-a9a5a2f0d2ee"|"Leslie"|"Christian"|"F"|"337 Yates Harbor Suite 905"|"581-793-2314x0750"|"Aid worker"|"Berry LLC"|"1908-09-17"
"21b33eee-f831-42db-b907-d8e834823284"|"Smith"|"Pittman"|"M"|"643 Lewis Trace"|"(811)393-9351x79295"|"Biochemist, clinical"|"Murray, Patel and Rogers"|"2009-01-01"
"8f469d49-caa8-4d4d-84ae-75703b3b56a0"|"Kirk"|"Davis"|"M"|"934 Catherine Cove"|"+1-524-557-0117"|"Community pharmacist"|"Fleming LLC"|"1912-01-31"
"bdb67944-d969-47bf-8f9b-4188f06681e3"|"Sarah"|"Arnold"|"F"|"65 Andrew Street Apt. 107"|"+1-529-946-9595x4301"|"Web designer"|"Richards, Jones and Cross"|"1996-07-24"
"1843072a-1510-4422-bdf7-21afb90c8bf6"|"John"|"Baker"|"M"|"417 Wyatt Pike Suite 863"|"269.660.6618x05180"|"Tax adviser"|"Moore Ltd"|"1958-04-29"
"8660f882-9051-485d-8061-abefe78e2b6f"|"Ruth"|"Lopez"|"F"|"191 Robin Junctions Apt. 618"|"720-613-9178x57840"|"TEFL teacher"|"Warren-Key"|"1991-06-14"
"150aae94-5090-40f7-9d94-0c419bfa2e81"|"Charles"|"Fernandez"|"M"|"408 Shepard Bridge"|"(406)802-9248x616"|"Engineer, manufacturing"|"Smith Ltd"|"1998-05-05"
"977d971a-0c81-4e85-87c0-4327a361c17c"|"Kevin"|"Hanson"|"M"|"638 Heather Garden Suite 383"|"(778)491-9755x20896"|"Clinical cytogeneticist"|"Powell, Webster and Bryant"|"1945-11-02"
"5e29beb5-c050-4be8-a7a3-3a7626d5343d"|"Danielle"|"Hubbard"|"F"|"332 Patricia Row"|"001-404-812-9235"|"Event organiser"|"Harvey-Cline"|"2000-07-30"
"5c2ebada-70bc-4f35-aa38-0fd02236e118"|"Kyle"|"Ray"|"M"|"780 David Course Apt. 455"|"556-627-1822"|"Academic librarian"|"Walker-Brooks"|"2003-05-06"
"936d34dd-cafc-4a5f-b635-421fc4d4cd0d"|"Shawn"|"Jones"|"M"|"173 Collins Skyway"|"001-244-370-7469x553"|"Retail merchandiser"|"Mathews-Young"|"1960-07-06"
"6c5b2013-0a6a-4516-bab6-435de5715af9"|"Benjamin"|"Rivera"|"M"|"580 Gray Walks Apt. 075"|"+1-328-804-2830"|"Academic librarian"|"Turner PLC"|"1954-07-13"
"0d64230a-ab1b-46b9-b9d6-6998f3f23048"|"Ashley"|"Anderson"|"F"|"435 Welch Walk"|"7387331352"|"Sport and exercise psychologist"|"Gallegos-Robertson"|"1940-11-21"
"c05ee720-2b42-49c8-867f-32d555d73ce6"|"Angie"|"Blair"|"F"|"675 Daniel Plaza"|"981-874-4735x86075"|"Lawyer"|"Hernandez-Valencia"|"1978-08-14"
"26ed0b4d-dd11-441b-a940-5a0ca6424945"|"Kim"|"Cordova"|"F"|"467 Jonathan Stravenue"|"+1-615-319-4889x223"|"Heritage manager"|"Schmidt, Walter and Suarez"|"1940-12-16"
"7d8f8290-8043-4533-be41-449ec0735247"|"Chelsea"|"Welch"|"F"|"546 Matthew Keys"|"7053673066"|"Engineer, agricultural"|"Perry, Wall and Hughes"|"2018-04-06"
"93371370-3710-40db-98f5-bb2c06478a39"|"Rachael"|"Glover"|"F"|"240 Brian Course"|"+1-434-547-2263x58439"|"Administrator, arts"|"Woodard, Gonzalez and Oconnell"|"1950-03-30"
"00369d96-e21b-44ca-860f-02cc79f7d281"|"Grace"|"Martin"|"F"|"386 Rachel Pine"|"691-375-5105"|"Waste management officer"|"Smith Inc"|"1992-10-06"
"10aef985-f340-4784-bb3f-ffbca97231fb"|"Patrick"|"Colon"|"M"|"41 Nicole Via"|"(220)810-6047x7858"|"Systems developer"|"Carpenter Inc"|"1955-08-05"
"faaed9fd-4dae-4d73-a56f-91b5ee57fe90"|"Shari"|"Smith"|"F"|"599 Jeffrey Run"|"700-400-1856"|"Further education lecturer"|"Marks, Mendez and Tapia"|"1915-04-27"
"0ced77fe-2622-4df8-a1ad-71aace1b6a5c"|"Krista"|"Arnold"|"F"|"362 Nicole Via"|"(225)487-4157x7643"|"Accountant, chartered management"|"Phillips-Boyd"|"1984-12-18"
"a398d4d8-941f-4811-800b-8b9de55636a5"|"Dylan"|"Drake"|"M"|"576 Elizabeth Creek Apt. 423"|"001-850-787-8495x2132"|"Insurance underwriter"|"Davis-Fowler"|"1934-09-27"
"04de41fd-bd6b-4845-bfc9-58ffdc127ee4"|"Jason"|"Boone"|"M"|"747 Colleen Mount"|"(724)830-6752"|"Translator"|"Miranda-Henry"|"1916-10-05"
"d0978293-7942-4840-8164-d78af139088a"|"Samuel"|"White"|"M"|"743 Amber Wells"|"+1-298-519-3232x288"|"Editor, commissioning"|"Luna, Welch and Larsen"|"1983-01-01"
"39f7abfc-eeee-415a-926c-815c1c93ceb8"|"Edward"|"Pugh"|"M"|"591 Tyler Knoll Apt. 752"|"001-815-942-4185"|"Special educational needs teacher"|"Smith Group"|"1915-09-04"
"b2d2fd60-6fc1-424b-a706-5abc49a52dc7"|"Daniel"|"Boone"|"M"|"504 Jeffery Spur Suite 411"|"001-562-549-1678x23258"|"Education officer, environmental"|"Gutierrez LLC"|"1969-12-09"
"d0e0bc09-703a-4497-aa18-5cf586d46531"|"Stanley"|"Cordova"|"M"|"200 Johnson Throughway"|"3953694126"|"Academic librarian"|"Alvarez-Smith"|"1943-12-21"
"6a122a32-04c3-4a0f-a091-b96016640751"|"Roth"|"Lopez"|"F"|"324 Yates Harbor Suite 905"|"212.525.8344x65743"|"Barista"|"Smith-Boone"|"1971-10-25"
"78bdd4ec-95c4-40af-877a-2b26031be8df"|"James"|"Crawford"|"M"|"100 Jackson Harbors Suite 257"|"001-257-570-9482x69243"|"Buyer, industrial"|"Watson and Sons"|"1977-04-19"
"af78e64e-6072-4c73-b526-720fed3facc9"|"Joseph"|"Gomez"|"M"|"647 Padilla Estate Suite 556"|"864.296.0387"|"Editor, film/video"|"Bentley-Brown"|"1997-05-26"
"1bf134fb-196b-47ea-b1d1-2a96d2d177e5"|"Jon"|"Riley"|"M"|"606 Thomas Ford"|"(789)606-7585"|"Film/video editor"|"Smith-Buchanan"|"1912-12-17"
"ebe420df-1f4d-44be-83cd-6c374cc595b3"|"Angela"|"Gardner"|"F"|"166 Jackson Harbors Suite 257"|"652-785-9464x5690"|"Horticultural therapist"|"Arias Inc"|"1994-06-01"
"6e55ada5-265a-4db1-b79a-c9246ecff0f7"|"Elizabeth"|"Pena"|"F"|"581 Ross Camp Apt. 134"|"(623)252-6563x387"|"Financial manager"|"Ball, Boyer and Mack"|"1935-07-04"
"d8e7baf7-e35d-4fb7-83f3-faeb5b9fa99b"|"Becky"|"Holmes"|"F"|"469 Gray Walks Apt. 075"|"(333)397-8810x99582"|"Early years teacher"|"Short Ltd"|"1930-06-27"
"7b4096d5-f7c6-470d-92bd-9438354582b5"|"Christopher"|"Fuller"|"M"|"691 Davis Landing"|"+1-933-785-4707x1934"|"Engineer, maintenance (IT)"|"Green-Reyes"|"1983-10-25"
"69ce17b0-3225-46ea-9afd-e339eac92ee0"|"Brittney"|"Roy"|"F"|"865 Jacobs Ports Suite 715"|"8968488362"|"Ship broker"|"Garza-Mahoney"|"1928-03-19"
"e69da667-ef68-4f40-9802-aee0100143d5"|"Christine"|"Crawford"|"F"|"832 Welch Walk"|"884-937-1736"|"Wellsite geologist"|"Jones Group"|"1948-10-08"
"f5c9c8d6-17d6-480a-87e9-f19e4c446b2d"|"Darren"|"Morrison"|"M"|"14 Hernandez Parkways Suite 200"|"(980)551-0811"|"Retail manager"|"Schmidt PLC"|"1973-04-12"
"b239f693-5fb2-4ebd-8186-a54ae49ff83c"|"Susan"|"Willis"|"F"|"146 Martin Field"|"001-220-864-4683x428"|"Higher education careers adviser"|"Dudley-Johnson"|"2003-09-19"
"12dd28c1-4763-412b-a444-6eb31834b1af"|"Castillo"|"Weiss"|"M"|"832 Ortiz Brooks"|"2443836505"|"Administrator, local government"|"Mitchell, Rodriguez and Knight"|"2020-09-29"
"7ec86011-2855-456b-9804-c6d5351fcdb9"|"Christopher"|"Perez"|"M"|"404 Hanson Port"|"899-299-6526x4169"|"Television floor manager"|"Morris and Sons"|"2004-07-06"
"6aa3ac30-d4c0-42cb-9bdc-b9fac0e07479"|"Andrew"|"Smith"|"M"|"27 Gabriel Hill Apt. 094"|"(263)535-9375"|"Social researcher"|"Davis, Clark and Little"|"1976-04-12"
"e17d8337-2aa2-4966-ab49-3015c86afdf9"|"Karen"|"Brown"|"F"|"76 Jeffrey Run"|"918.750.3194"|"Firefighter"|"Hopkins, Hart and Scott"|"1931-06-23"
"45a950ba-676a-4d49-8a54-3546aa6e2b7c"|"Jennifer"|"Mitchell"|"F"|"120 Heather Garden Suite 383"|"+1-693-690-1528x36358"|"Prison officer"|"Davis, Smith and Frost"|"2021-07-23"
"09069951-853c-4db7-88ed-0b7b145bad4d"|"Samuel"|"Curry"|"M"|"7 Day Inlet"|"202-344-7869"|"Maintenance engineer"|"Mathis-Clements"|"1984-04-18"
"997ae1d4-e6ef-4f16-9565-24ad2404e520"|"Edward"|"Craig"|"M"|"950 Patricia Row"|"+1-240-369-4320x51893"|"Charity fundraiser"|"Wright, Cruz and Johnson"|"2012-11-07"
"9762f077-9875-4d1e-8d65-25ceb6c44aac"|"Kenneth"|"Buchanan"|"M"|"592 Danielle Estates"|"290.875.3249x736"|"Teacher, secondary school"|"Mendoza PLC"|"1908-12-02"
"56415f00-90b9-4944-a17c-6d12d8347f5a"|"Russell"|"Ramirez"|"M"|"436 Jeffery Village"|"+1-369-221-0060x90927"|"Toxicologist"|"Johnson-Thomas"|"2008-07-27"
"96add427-c6ac-41ad-af82-8e85aab5d380"|"Phillip"|"Jackson"|"M"|"655 Jeffery Spur Suite 411"|"(272)967-7730x315"|"Psychologist, prison and probation services"|"Li PLC"|"1933-03-05"
"a1c76765-3090-4c60-99cf-424a5a22349f"|"Pamela"|"Arnold"|"F"|"448 Colleen Mount"|"(665)685-0197x39003"|"Set designer"|"Andersen Ltd"|"1928-09-15"
"d358ed08-6d19-43bd-b1c0-2eb7270e546d"|"Justin"|"Zimmerman"|"M"|"38 Julia Station"|"559-826-9773x48415"|"English as a second language teacher"|"Ramirez Ltd"|"2010-04-21"
"1b679075-74ed-4132-b2a2-c09fa8823ea0"|"Janet"|"Orozco"|"F"|"45 Jeffrey Run"|"001-259-404-7809x2247"|"Newspaper journalist"|"Rodriguez, Ward and Moreno"|"1994-11-05"
"8e948d19-956f-4a87-9539-4a9b76b3785a"|"Robert"|"Zhang"|"M"|"277 Amanda Curve"|"3399277571"|"Optometrist"|"Bryant-Foster"|"1978-02-02"
"40ae8f72-59eb-46cb-a23d-899ef2b05291"|"Summer"|"Harrison"|"F"|"447 Welch Walk"|"610-895-6903x919"|"Sport and exercise psychologist"|"Howard, Rivera and Lynch"|"1958-09-15"
"5fcfecd6-2a78-4fe7-9ef9-905580e30b6a"|"Glenda"|"Floyd"|"F"|"75 Michelle Isle Apt. 431"|"810-782-4958x219"|"Neurosurgeon"|"Simmons-Flowers"|"1957-02-28"
"262804b8-a739-4a1c-9ce6-c7b3371396d6"|"Nicole"|"Berry"|"F"|"439 Higgins Port Apt. 001"|"001-327-654-9522x96604"|"Leisure centre manager"|"Russell, Stanley and Hughes"|"2023-03-11"
"17ea9601-6b28-4ad1-9370-01f49523b9be"|"Corey"|"Freeman"|"M"|"340 Garcia Road Suite 143"|"267.296.1233"|"Engineer, site"|"Shaw and Sons"|"1932-12-09"
"8019f66f-46cd-43d6-b5f8-982e1eab4dcc"|"Scott"|"Mcdowell"|"M"|"476 Bailey Trail"|"+1-544-414-7206x56342"|"Social worker"|"Newman, Galvan and Drake"|"1924-03-21"
"0f3c1c1f-4765-4165-8fa0-2c2f580cbb89"|"Anna"|"Bailey"|"F"|"667 Johnson Throughway"|"(681)419-5645x9682"|"Chief Technology Officer"|"Tran LLC"|"1936-01-22"
"cdbba47f-c2ef-47a1-a979-19b6e2b78642"|"Michael"|"Garner"|"M"|"203 Day Inlet"|"4172824108"|"Logistics and distribution manager"|"Prince LLC"|"1969-09-11"
"aabbb011-6a83-4134-ae7e-43edacd0bf1a"|"Amy"|"Velez"|"F"|"143 Hart Estates Suite 718"|"4446120756"|"Herbalist"|"Bailey LLC"|"1973-08-01"
"3fc44259-f977-4440-94ac-3733e1feca79"|"Deborah"|"Phillips"|"F"|"900 Moore Crossroad Apt. 549"|"894-290-7092x0610"|"Magazine journalist"|"Rodriguez-Brooks"|"2005-10-13"
"1ae07673-469f-4a02-a0c7-c9089aa762a6"|"Robert"|"Holmes"|"M"|"769 Garcia Road Suite 143"|"7442560658"|"Theatre manager"|"Scott, Lawrence and Powell"|"1969-04-21"
"1ac80a0c-6a43-4eb9-8726-de9590a3a7fd"|"Tim"|"Hooper"|"M"|"758 Elizabeth Creek Apt. 423"|"(640)975-3760x07131"|"Forest/woodland manager"|"Simmons Ltd"|"2020-12-12"
"8301bf59-efc0-4105-bc35-9743e2b02113"|"Christina"|"Romero"|"F"|"806 Lee Burgs"|"(319)367-2308"|"Catering manager"|"Gonzales-Rivas"|"1941-12-29"
"2dbc6179-f8be-4f7a-bc42-a5554e3fb5e2"|"Katrina"|"Christian"|"F"|"370 Johnson Throughway"|"001-929-355-6930x83889"|"Licensed conveyancer"|"Andrews Ltd"|"1945-09-03"
"18ac997a-6879-402a-a84f-29b335f8f467"|"Connie"|"Ruiz"|"F"|"134 Oneal Underpass"|"586.446.8422x35408"|"Engineer, civil (contracting)"|"Lawrence-Grant"|"1982-01-30"
"cbfc7b3b-c1d6-4556-aef1-1a3351288f33"|"Scott"|"Williams"|"M"|"71 Amanda Curve"|"4052573890"|"Dance movement psychotherapist"|"Owen LLC"|"1990-03-20"
"9180bb29-be84-4992-b872-ef8068b63a6b"|"Amanda"|"Jones"|"F"|"600 Jonathan Place"|"851.809.5104x6803"|"Sport and exercise psychologist"|"Bonilla Ltd"|"1981-04-04"
"76829da2-2c07-46c6-908f-1165e8d0ed51"|"Deborah"|"Pittman"|"F"|"116 Robin Junctions Apt. 618"|"001-202-410-0297x85841"|"Surveyor, building"|"May, Cordova and Brown"|"1913-05-24"
"86fa849f-45e7-4520-977f-641fdae167e0"|"Carlos"|"Burns"|"M"|"637 Barry Shoal Suite 612"|"(276)633-9030"|"Police officer"|"Gay-Reynolds"|"2019-06-15"
"b6d4879f-1dfc-4b51-a7cd-b06323412b5e"|"Eric"|"Arnold"|"M"|"810 Davenport Fords"|"(575)783-9345"|"Media planner"|"Wilson, Bryant and Munoz"|"2015-04-30"
"b9247b35-7b56-458a-a2f6-fb20606797e4"|"Samuel"|"Cole"|"M"|"61 Jeffery Spur Suite 411"|"+1-595-301-3211x650"|"Mudlogger"|"Humphrey-Norris"|"2002-06-10"
"1e37a2b8-be7d-43d9-891d-3e54e872b365"|"Patricia"|"Wilson"|"F"|"402 Hart Estates Suite 718"|"560.850.9364"|"Graphic designer"|"Nunez, Hudson and Parks"|"1923-02-20"
"9fc48445-dc64-45d3-9f99-8900911e66ca"|"Aaron"|"Miller"|"M"|"851 Porter Overpass"|"+1-621-761-9708x0197"|"Food technologist"|"Chan, Livingston and Nguyen"|"2005-02-01"
"cc2ea84b-c615-47bc-a7ab-9fb1a012bc53"|"Kimberly"|"Mcdowell"|"F"|"293 Charles Extension Apt. 046"|"001-946-699-6861x76453"|"Landscape architect"|"Wong, Long and Brennan"|"1912-02-08"
"a432858b-6bd9-4ee7-bf53-f70a3c0e8091"|"April"|"Solomon"|"F"|"209 Randall Burg"|"562-392-2153"|"Waste management officer"|"Espinoza Inc"|"2017-08-21"
"54812f2b-c8bf-4909-97df-54482186567a"|"Julia"|"Colon"|"F"|"253 Castillo Underpass Apt. 535"|"321-975-4453x01353"|"Geochemist"|"Simmons, Hernandez and Ramos"|"2008-07-06"
"758e76d1-bc7d-4eca-8f37-d6eaef619122"|"Jeffrey"|"Barnett"|"M"|"188 Simpson Mill Apt. 030"|"+1-414-554-2460x586"|"Mental health nurse"|"Morton-Carter"|"2015-10-04"
"e155996b-d042-490e-b4c6-5a9c9848481f"|"Andrea"|"Gomez"|"F"|"122 Heather Garden Suite 383"|"001-205-885-4732x855"|"Sub"|"Washington Group"|"1922-03-13"
"52885089-0d87-4875-8c03-4f5181ffcd45"|"Vanessa"|"Daniels"|"F"|"172 Daniel Plaza"|"4803084412"|"Medical laboratory scientific officer"|"Cole-Floyd"|"1928-09-01"