<?xml version="1.0" encoding="UTF-8" ?><automobiles><automobile><person_id>6fa1a8b2-e81b-4187-bffc-7cafaf41442d</person_id><license_plate>OC 71590</license_plate><vin>0E8PUD6N9DDLX4XY8</vin><color>LightGreen</color><year>2014</year></automobile><automobile><person_id>7347f588-63d5-420c-b59b-ec0af3ac4ceb</person_id><license_plate>838 QMW</license_plate><vin>SA412CC929L7ACVMB</vin><color>Khaki</color><year>1980</year></automobile><automobile><person_id>7347f588-63d5-420c-b59b-ec0af3ac4ceb</person_id><license_plate>709XI</license_plate><vin>8XBM7AZK8YRJ0DG4F</vin><color>OldLace</color><year>1996</year></automobile><automobile><person_id>34ec3b32-e8fc-4b0b-902d-b495b8697199</person_id><license_plate>46U•631</license_plate><vin>9WW95D228V607CT46</vin><color>LightSeaGreen</color><year>2007</year></automobile><automobile><person_id>73cd2859-2e06-4ee3-bfb0-7ef89bc5f6e1</person_id><license_plate>HIL V35</license_plate><vin>AV30RW2F2E6D19TM6</vin><color>SeaShell</color><year>2022</year></automobile><automobile><person_id>68568147-4daf-458f-b36f-dc79258ae9b0</person_id><license_plate>D68-92C</license_plate><vin>UD93706V9N9LEJ4TV</vin><color>Ivory</color><year>1992</year></automobile><automobile><person_id>68568147-4daf-458f-b36f-dc79258ae9b0</person_id><license_plate>69-95670</license_plate><vin>DVD0RUGL1BP28KVPY</vin><color>MediumSlateBlue</color><year>2022</year></automobile><automobile><person_id>3f157139-467e-4d63-8b10-538a301b9ac0</person_id><license_plate>719-HXZ</license_plate><vin>TL3VD4AH673WWMEL6</vin><color>Linen</color><year>2020</year></automobile><automobile><person_id>3f157139-467e-4d63-8b10-538a301b9ac0</person_id><license_plate>444 VOF</license_plate><vin>58ANU8AV5H2AMF28W</vin><color>LightPink</color><year>2018</year></automobile><automobile><person_id>b17a031f-68bc-4470-aa25-a01227c41386</person_id><license_plate>8-93831H</license_plate><vin>B55JEVSK7UJB0S9F2</vin><color>Moccasin</color><year>1974</year></automobile><automobile><person_id>b17a031f-68bc-4470-aa25-a01227c41386</person_id><license_plate>CMK-0917</license_plate><vin>ASTSZCXS966981606</vin><color>PowderBlue</color><year>2008</year></automobile><automobile><person_id>dc78faaa-a34f-4c4d-b04f-40a69ad9391b</person_id><license_plate>ZFT3786</license_plate><vin>AA09JDUM992HUMU46</vin><color>MediumSpringGreen</color><year>2006</year></automobile><automobile><person_id>e4884798-9b4e-48fa-9cc6-0c7434f20fd2</person_id><license_plate>696 HGB</license_plate><vin>S28ZY3ZM4CLRM8A09</vin><color>LightSkyBlue</color><year>1980</year></automobile><automobile><person_id>e4884798-9b4e-48fa-9cc6-0c7434f20fd2</person_id><license_plate>8GWM 59</license_plate><vin>80P2UR3E0DV5K80UT</vin><color>DarkKhaki</color><year>1980</year></automobile><automobile><person_id>375bdf2a-3b17-42a3-8863-6e2dd8ecfef2</person_id><license_plate>779916</license_plate><vin>JS29H9GG74EU3S4UV</vin><color>LightSkyBlue</color><year>1982</year></automobile><automobile><person_id>375bdf2a-3b17-42a3-8863-6e2dd8ecfef2</person_id><license_plate>HRP 658</license_plate><vin>9DLRG9203PC3ZDN66</vin><color>Snow</color><year>2012</year></automobile><automobile><person_id>55e65163-4992-4f74-b69d-25eb24cc686e</person_id><license_plate>3175 FM</license_plate><vin>PSTL7MPR2LHNT01T8</vin><color>HotPink</color><year>2012</year></automobile><automobile><person_id>55e65163-4992-4f74-b69d-25eb24cc686e</person_id><license_plate>595-WNA</license_plate><vin>RNWXVSH09ZAHGNEUR</vin><color>BlueViolet</color><year>2004</year></automobile><automobile><person_id>864afee0-7f86-472d-8022-264337cf3715</person_id><license_plate>544 5NW</license_plate><vin>Z9ZHHP0Y1XTBXPK3H</vin><color>White</color><year>1999</year></automobile><automobile><person_id>d4a93268-3f20-41f5-91b7-3dfe42b3f3fd</person_id><license_plate>YQE-8562</license_plate><vin>GD4V66T03JCSVX3B0</vin><color>Gainsboro</color><year>1972</year></automobile><automobile><person_id>c4fd5249-511c-4ca9-8c94-049e96aa845f</person_id><license_plate>12P 6307</license_plate><vin>VUPSLAX22MLSHDL2X</vin><color>PaleGreen</color><year>1998</year></automobile><automobile><person_id>dad77b01-3fc3-4903-ac77-025edda68143</person_id><license_plate>937P</license_plate><vin>L598K3R82S07M73XB</vin><color>DarkKhaki</color><year>2021</year></automobile><automobile><person_id>dad77b01-3fc3-4903-ac77-025edda68143</person_id><license_plate>QGL3559</license_plate><vin>5AKG04N07B6JMGG82</vin><color>Chartreuse</color><year>1973</year></automobile><automobile><person_id>c785fed0-e17a-4999-ab6b-228adeda6025</person_id><license_plate>4CI43</license_plate><vin>04R1SAS2XU8US2H0G</vin><color>PaleVioletRed</color><year>1973</year></automobile><automobile><person_id>f272b493-c109-4b68-86ad-bb9d76cd2a05</person_id><license_plate>O 687497</license_plate><vin>U1XX9XNDXRSLEUJCA</vin><color>Ivory</color><year>2004</year></automobile><automobile><person_id>f272b493-c109-4b68-86ad-bb9d76cd2a05</person_id><license_plate>7814</license_plate><vin>Z583B1V352ZJ0WM9V</vin><color>OliveDrab</color><year>1978</year></automobile><automobile><person_id>f272b493-c109-4b68-86ad-bb9d76cd2a05</person_id><license_plate>9JR G43</license_plate><vin>JHNEXC2L8UCXEFHKR</vin><color>FloralWhite</color><year>2005</year></automobile><automobile><person_id>197279d4-5af1-4a9a-ab4c-4e45dbb7e787</person_id><license_plate>559 HKS</license_plate><vin>ATFG29A84PK0A3C2V</vin><color>LimeGreen</color><year>2002</year></automobile><automobile><person_id>8d697e28-170c-4dce-b7f7-4f9807a59d55</person_id><license_plate>8WQ33</license_plate><vin>UHUF3UPE1MYRP5S65</vin><color>Salmon</color><year>1993</year></automobile><automobile><person_id>925dca9c-79c5-4bc5-8bbe-e5fe2183b0ee</person_id><license_plate>5-32215</license_plate><vin>0TEBVYE9515CNV4NZ</vin><color>Navy</color><year>2000</year></automobile><automobile><person_id>0d487719-4060-4876-9c74-3653845d8f4a</person_id><license_plate>WKF 279</license_plate><vin>CWF668XL3Y7HVMUJN</vin><color>Tomato</color><year>2014</year></automobile><automobile><person_id>0d487719-4060-4876-9c74-3653845d8f4a</person_id><license_plate>385F6</license_plate><vin>WDPHS0782LKG6C1FC</vin><color>HoneyDew</color><year>1993</year></automobile><automobile><person_id>bf7f2640-de05-475a-a8d7-1b55397cdb20</person_id><license_plate>4S627</license_plate><vin>NWLHS7T846U5FFUT5</vin><color>DimGray</color><year>2005</year></automobile><automobile><person_id>bf7f2640-de05-475a-a8d7-1b55397cdb20</person_id><license_plate>604-LDR</license_plate><vin>XDF06KD34ECYVDCJ0</vin><color>SandyBrown</color><year>1981</year></automobile><automobile><person_id>92b439a7-415b-4530-9985-7b758b64581a</person_id><license_plate>9II2634</license_plate><vin>BMF34ZPP2S7HWY7WF</vin><color>Gold</color><year>1974</year></automobile><automobile><person_id>92b439a7-415b-4530-9985-7b758b64581a</person_id><license_plate>4L 11919</license_plate><vin>NWB2D0EA9B31PY6ZT</vin><color>OldLace</color><year>2004</year></automobile><automobile><person_id>01c5c2da-64e7-4ecf-ad50-c223386863c4</person_id><license_plate>191 AHV</license_plate><vin>MB1R3JRF6E9PCF3AY</vin><color>LightBlue</color><year>2001</year></automobile><automobile><person_id>01c5c2da-64e7-4ecf-ad50-c223386863c4</person_id><license_plate>CEZ8481</license_plate><vin>2G9SUNG46N6B3D1WV</vin><color>DarkSlateGray</color><year>2000</year></automobile><automobile><person_id>23f1b8a6-b612-4ec4-8ee8-8bd1736d819a</person_id><license_plate>MFD 291</license_plate><vin>SNBWLYUY0JGVFTY7D</vin><color>RosyBrown</color><year>1970</year></automobile><automobile><person_id>390c7943-63e4-4992-8c6a-9d0483a3d734</person_id><license_plate>RSF 571</license_plate><vin>L2C19A4E1SHT9UMS9</vin><color>MistyRose</color><year>1974</year></automobile><automobile><person_id>7e18fdde-f3e9-4553-8129-bad6054af9dd</person_id><license_plate>CM 17481</license_plate><vin>H3NLV9NN5YTUXN24M</vin><color>Blue</color><year>1976</year></automobile><automobile><person_id>7e18fdde-f3e9-4553-8129-bad6054af9dd</person_id><license_plate>0-23018</license_plate><vin>6EBVDMJH5Y0M8G4VF</vin><color>Tan</color><year>2007</year></automobile><automobile><person_id>7e18fdde-f3e9-4553-8129-bad6054af9dd</person_id><license_plate>N47 2OX</license_plate><vin>W1AXE3RD3P2REMWL1</vin><color>DeepPink</color><year>2010</year></automobile><automobile><person_id>bbf9be48-ce51-4331-a9ae-59739ad4185b</person_id><license_plate>IQI 337</license_plate><vin>WXG3JP8W3F2JSC1V5</vin><color>CadetBlue</color><year>1996</year></automobile><automobile><person_id>db418b27-a0b7-46a2-b827-9d60130b8963</person_id><license_plate>5TO 660</license_plate><vin>7SM4NTEH4S8E71X04</vin><color>SlateGray</color><year>2012</year></automobile><automobile><person_id>95f57b75-6be9-4e6d-8d62-81ab22825525</person_id><license_plate>HFM 098</license_plate><vin>RJRK7GUW9UN2LRBXZ</vin><color>Cornsilk</color><year>1991</year></automobile><automobile><person_id>95f57b75-6be9-4e6d-8d62-81ab22825525</person_id><license_plate>3MU L72</license_plate><vin>M1WJJPN06HGV94X5Z</vin><color>Lavender</color><year>1998</year></automobile><automobile><person_id>f8c8fad2-9a52-4dd3-bda8-3440d5a3ab31</person_id><license_plate>09L TJ9</license_plate><vin>KHUVEXH092408ZUSZ</vin><color>DarkKhaki</color><year>2022</year></automobile><automobile><person_id>11ff4c8b-c629-43bb-94b9-59d6a0f961ab</person_id><license_plate>22P SZ9</license_plate><vin>CCHJ1YTF5MX04MXHV</vin><color>Khaki</color><year>1981</year></automobile><automobile><person_id>11ff4c8b-c629-43bb-94b9-59d6a0f961ab</person_id><license_plate>W35-FJQ</license_plate><vin>XF4TZEU496HN1KS07</vin><color>NavajoWhite</color><year>1987</year></automobile><automobile><person_id>ec9c14ba-c3c4-454c-a240-5d30e54cf1fa</person_id><license_plate>1K SH526</license_plate><vin>5ZR18NPWXC2SBEDU6</vin><color>Aquamarine</color><year>2002</year></automobile><automobile><person_id>fb1d6269-0742-4fdc-a0a0-4713570d3952</person_id><license_plate>HPZ 118</license_plate><vin>KFXHEZGB0NXEXDBW3</vin><color>MidnightBlue</color><year>1985</year></automobile><automobile><person_id>fb1d6269-0742-4fdc-a0a0-4713570d3952</person_id><license_plate>384 4LA</license_plate><vin>WSXSGUMP9VVEC739H</vin><color>LightBlue</color><year>2017</year></automobile><automobile><person_id>fb1d6269-0742-4fdc-a0a0-4713570d3952</person_id><license_plate>69C 186</license_plate><vin>D94AHNHF07U8J2V0T</vin><color>Magenta</color><year>1984</year></automobile><automobile><person_id>48ac8f4c-6ac8-429d-9a0b-1e10936f0c4f</person_id><license_plate>SZG-8164</license_plate><vin>7X5JWJ4X11PSSWVJM</vin><color>MediumSlateBlue</color><year>1981</year></automobile><automobile><person_id>45b7d805-117e-4db8-97e2-8f7be1f79955</person_id><license_plate>BRB-009</license_plate><vin>U9164PU63GGW9P4MT</vin><color>LightSeaGreen</color><year>1980</year></automobile><automobile><person_id>36d1e398-9953-4e75-8f2e-dc3523ac004b</person_id><license_plate>TQM0435</license_plate><vin>0MG2480C6NWHCTH5F</vin><color>Brown</color><year>1987</year></automobile><automobile><person_id>517073e1-4972-42e4-b004-c538aef64458</person_id><license_plate>ADX-125</license_plate><vin>KAF62A5N13APN4C7K</vin><color>Wheat</color><year>2011</year></automobile><automobile><person_id>517073e1-4972-42e4-b004-c538aef64458</person_id><license_plate>MQZ3146</license_plate><vin>JBWK9A1W9JKS92FAR</vin><color>DarkGoldenRod</color><year>1971</year></automobile><automobile><person_id>6a846b15-2d5b-414c-b48f-f57fb0c21137</person_id><license_plate>HXQ-4145</license_plate><vin>X5V1SVX44KPTLRZH6</vin><color>Linen</color><year>2009</year></automobile><automobile><person_id>6a846b15-2d5b-414c-b48f-f57fb0c21137</person_id><license_plate>4F405</license_plate><vin>3Y7HAJKH2DF13KYYP</vin><color>LightGoldenRodYellow</color><year>1985</year></automobile><automobile><person_id>03000a96-935a-4c29-afb9-47f565d7557b</person_id><license_plate>7Y254</license_plate><vin>NU6ZVYA65HESZ9C52</vin><color>Turquoise</color><year>2007</year></automobile><automobile><person_id>03000a96-935a-4c29-afb9-47f565d7557b</person_id><license_plate>LKB 141</license_plate><vin>3U7FBSJYXXHJ6RJJM</vin><color>DarkCyan</color><year>1979</year></automobile><automobile><person_id>bfd1de08-27d7-43e6-97e6-1009a0a509ea</person_id><license_plate>XO6 3086</license_plate><vin>HLS8N5WV1EYCG2PTV</vin><color>Purple</color><year>1979</year></automobile><automobile><person_id>bfd1de08-27d7-43e6-97e6-1009a0a509ea</person_id><license_plate>779 8IV</license_plate><vin>D9X0EGJDXVG011NJ9</vin><color>Cyan</color><year>2019</year></automobile><automobile><person_id>bfd1de08-27d7-43e6-97e6-1009a0a509ea</person_id><license_plate>DCM-2196</license_plate><vin>7P1DGZHN5517SFY6V</vin><color>MediumOrchid</color><year>2010</year></automobile><automobile><person_id>b2d01083-37ae-4b35-b7a7-9203342e4b9b</person_id><license_plate>360-QIY</license_plate><vin>06KTP1516V3BYZ75M</vin><color>LightPink</color><year>1979</year></automobile><automobile><person_id>31d6249c-2317-4c2f-b2a6-fb4a25d1bc27</person_id><license_plate>5Y 8426O</license_plate><vin>V46DVLL8933RDEVJA</vin><color>Aqua</color><year>2011</year></automobile><automobile><person_id>31d6249c-2317-4c2f-b2a6-fb4a25d1bc27</person_id><license_plate>5T 9549H</license_plate><vin>3DPLDPHE2WYTVU0UZ</vin><color>LightGray</color><year>2008</year></automobile><automobile><person_id>19743a6d-9647-4e40-ad31-3bf33b9b4841</person_id><license_plate>BEW 611</license_plate><vin>E02GL70900TWNR4EX</vin><color>MediumOrchid</color><year>1985</year></automobile><automobile><person_id>38a6a2d9-aac5-456d-8bd2-ec4b4f0938dd</person_id><license_plate>QUB2353</license_plate><vin>JS2C7T331ECKNSCBA</vin><color>DarkSalmon</color><year>1972</year></automobile><automobile><person_id>38a6a2d9-aac5-456d-8bd2-ec4b4f0938dd</person_id><license_plate>858IWT</license_plate><vin>ZMMSD46N92G6NYPME</vin><color>Maroon</color><year>2022</year></automobile><automobile><person_id>d550322a-6a7b-4726-bb23-12c9df260e7b</person_id><license_plate>3L G2089</license_plate><vin>LHPS71AG1G9ZCUUAT</vin><color>AntiqueWhite</color><year>2022</year></automobile><automobile><person_id>d550322a-6a7b-4726-bb23-12c9df260e7b</person_id><license_plate>106-FAV</license_plate><vin>ZZ53X0HS48X90SLSX</vin><color>DodgerBlue</color><year>1992</year></automobile><automobile><person_id>4cf97ff4-e82d-4ebf-9e6f-7154fef24bb7</person_id><license_plate>417-VLN</license_plate><vin>04GDAJ891S3XWS256</vin><color>CadetBlue</color><year>1977</year></automobile><automobile><person_id>4cf97ff4-e82d-4ebf-9e6f-7154fef24bb7</person_id><license_plate>ZDE 808</license_plate><vin>HLKNBHSK0UZMFB6TG</vin><color>BlanchedAlmond</color><year>2012</year></automobile><automobile><person_id>ab51f2f0-7668-4349-a28c-ba6604e4f3ee</person_id><license_plate>939MAF</license_plate><vin>CMKMVCR99K1PT00NV</vin><color>DimGray</color><year>1981</year></automobile><automobile><person_id>ab51f2f0-7668-4349-a28c-ba6604e4f3ee</person_id><license_plate>948-MVH</license_plate><vin>L38NMBSPXC26RG8UZ</vin><color>Navy</color><year>1993</year></automobile><automobile><person_id>ab51f2f0-7668-4349-a28c-ba6604e4f3ee</person_id><license_plate>BJW 929</license_plate><vin>XEHWTRZT88KDRYA3J</vin><color>OldLace</color><year>1976</year></automobile><automobile><person_id>a45883e4-ba0f-40bc-965b-a593116e69f5</person_id><license_plate>HYS 210</license_plate><vin>EU4127NU80E82LZTY</vin><color>Gainsboro</color><year>2012</year></automobile><automobile><person_id>a45883e4-ba0f-40bc-965b-a593116e69f5</person_id><license_plate>EKI0643</license_plate><vin>39BV75MJ3UT47PJST</vin><color>MediumSlateBlue</color><year>2017</year></automobile><automobile><person_id>c335e64f-eb43-4e12-b0fe-eb2a743b4b41</person_id><license_plate>YYU-740</license_plate><vin>JCF1LVYR1TRED6KU4</vin><color>MidnightBlue</color><year>2013</year></automobile><automobile><person_id>c335e64f-eb43-4e12-b0fe-eb2a743b4b41</person_id><license_plate>ZAG 495</license_plate><vin>BAFT8YMJX2MVDMN53</vin><color>SeaShell</color><year>2003</year></automobile><automobile><person_id>d058f81f-4c71-44c4-b096-fd74d8afdf46</person_id><license_plate>MTE 456</license_plate><vin>1W05668YX1CTL5L12</vin><color>SteelBlue</color><year>2018</year></automobile><automobile><person_id>3cad704b-50bf-4e11-9bf2-4c615435c2d5</person_id><license_plate>M56 2ID</license_plate><vin>AN9G1XP32V7PU81EM</vin><color>Azure</color><year>2000</year></automobile><automobile><person_id>3cad704b-50bf-4e11-9bf2-4c615435c2d5</person_id><license_plate>713 CKE</license_plate><vin>HASD27YJXF1S5WNTC</vin><color>MistyRose</color><year>1982</year></automobile><automobile><person_id>1f2bcd13-8b29-4d49-8c71-572bb1dfc7b9</person_id><license_plate>5SN 532</license_plate><vin>5UFEXR9S33L098UH7</vin><color>DarkRed</color><year>1974</year></automobile><automobile><person_id>b8e7a339-f53b-4658-9a05-29c6f8349036</person_id><license_plate>210SZQ</license_plate><vin>L9MT417V0VLX56A4B</vin><color>LawnGreen</color><year>2003</year></automobile><automobile><person_id>b9e236f9-d0af-4825-8ccc-09f3959eb812</person_id><license_plate>1P 74654</license_plate><vin>K1C6JD583KLEMZUBE</vin><color>FireBrick</color><year>2013</year></automobile><automobile><person_id>b9e236f9-d0af-4825-8ccc-09f3959eb812</person_id><license_plate>YJ1 4741</license_plate><vin>HWZA1YAH7UYEZK6PH</vin><color>ForestGreen</color><year>2021</year></automobile><automobile><person_id>f17e6ebb-81f8-470d-b52b-f7835e5bb172</person_id><license_plate>EZJ-4153</license_plate><vin>GYM1YSLN51B2AX5L1</vin><color>Pink</color><year>1981</year></automobile><automobile><person_id>f17e6ebb-81f8-470d-b52b-f7835e5bb172</person_id><license_plate>UMP 344</license_plate><vin>85Y1VCXD637TJB12K</vin><color>Maroon</color><year>1989</year></automobile><automobile><person_id>1abab7c5-cc42-47ac-abfd-d539723ef4e6</person_id><license_plate>SBO-235</license_plate><vin>GT5YJKY12GN4XR05S</vin><color>LightSlateGray</color><year>1970</year></automobile><automobile><person_id>74ca8c99-97ee-422d-af0c-1b0b74c8f658</person_id><license_plate>1D 97872</license_plate><vin>GYFWC1X68F47JS942</vin><color>DimGray</color><year>1990</year></automobile><automobile><person_id>a40170de-3e8c-4acf-9bf1-beaa2b33e0ba</person_id><license_plate>024046</license_plate><vin>X4D71KA40TGL8HXGB</vin><color>OrangeRed</color><year>1977</year></automobile><automobile><person_id>bb9b1161-ae23-414b-ab5f-e34973a56919</person_id><license_plate>64U E34</license_plate><vin>5UVGATGB3SD6VKU11</vin><color>Maroon</color><year>1981</year></automobile><automobile><person_id>53f3120e-0ecd-412c-8ef8-9b4d534f40d9</person_id><license_plate>8-28656</license_plate><vin>P2YFUBFJ1WL4H1RLF</vin><color>Peru</color><year>1979</year></automobile><automobile><person_id>03db2fc1-57eb-4ad5-81cf-d7a97460ffbf</person_id><license_plate>7390 OP</license_plate><vin>WP5EHH8C88XNVSAP5</vin><color>RoyalBlue</color><year>1978</year></automobile><automobile><person_id>03db2fc1-57eb-4ad5-81cf-d7a97460ffbf</person_id><license_plate>051-175</license_plate><vin>2GLFYMXK12BZ4TUL6</vin><color>DarkMagenta</color><year>1973</year></automobile><automobile><person_id>bb44cb8e-da26-4812-ba58-b287871cdd0b</person_id><license_plate>731C</license_plate><vin>1WNT1P5N0AG0N7MFM</vin><color>OrangeRed</color><year>2016</year></automobile><automobile><person_id>bb44cb8e-da26-4812-ba58-b287871cdd0b</person_id><license_plate>EU-5756</license_plate><vin>DJU334UD35T569BHN</vin><color>BlueViolet</color><year>1988</year></automobile><automobile><person_id>d090e9db-1244-4bcc-9b2c-18dfb9ab6855</person_id><license_plate>10PL5</license_plate><vin>S81E072T64SZ8SX53</vin><color>DarkSeaGreen</color><year>1996</year></automobile><automobile><person_id>d090e9db-1244-4bcc-9b2c-18dfb9ab6855</person_id><license_plate>121LC</license_plate><vin>MVNP4N978Y5E058V0</vin><color>SeaShell</color><year>2018</year></automobile><automobile><person_id>3f1a9a24-7111-4f5a-85d8-ba24dd42fd99</person_id><license_plate>LYC-558</license_plate><vin>V4XY9ETZ80K3DAD10</vin><color>LightSalmon</color><year>1983</year></automobile><automobile><person_id>5aea9a58-e55a-42f5-b3cb-f5b356de5e77</person_id><license_plate>JUF 465</license_plate><vin>6V16ADAK8KE89VV0W</vin><color>DarkGreen</color><year>2002</year></automobile><automobile><person_id>5aea9a58-e55a-42f5-b3cb-f5b356de5e77</person_id><license_plate>6GY 626</license_plate><vin>JBHN8AXL5BYMNNDJN</vin><color>LightGreen</color><year>2017</year></automobile><automobile><person_id>ac41f10b-4492-4d37-b4fb-02eefa0d9778</person_id><license_plate>6KWX976</license_plate><vin>1KDFYYUC9FA538ZM5</vin><color>Brown</color><year>1995</year></automobile><automobile><person_id>e92c3dc0-7921-4e9e-85e2-1adc2d55e29d</person_id><license_plate>KYB5951</license_plate><vin>0GXXF18954TH0WG85</vin><color>PapayaWhip</color><year>1985</year></automobile><automobile><person_id>d48e269c-6685-4acf-a2f3-76b08b619a41</person_id><license_plate>Z 992662</license_plate><vin>2TFRN64S4DV5RTE3R</vin><color>Moccasin</color><year>1971</year></automobile><automobile><person_id>402470ae-674e-4a43-9442-e1f8096f227b</person_id><license_plate>159 IGM</license_plate><vin>TSWHSLYL35XD6V3BX</vin><color>Ivory</color><year>2019</year></automobile><automobile><person_id>402470ae-674e-4a43-9442-e1f8096f227b</person_id><license_plate>53-QD10</license_plate><vin>73ZGC4RZ17GXFYX0X</vin><color>Fuchsia</color><year>1981</year></automobile><automobile><person_id>402470ae-674e-4a43-9442-e1f8096f227b</person_id><license_plate>543-TJC</license_plate><vin>Z4VYS04T6R9ND4CYT</vin><color>MediumOrchid</color><year>2019</year></automobile><automobile><person_id>6d427a34-ff3a-48ec-9ef9-12148ef4fbdb</person_id><license_plate>42P S27</license_plate><vin>U88ZWVRR5RY5WA3UK</vin><color>GhostWhite</color><year>2018</year></automobile><automobile><person_id>814beeff-b673-43f2-a6b9-9aaeaac0211b</person_id><license_plate>FHE 796</license_plate><vin>SWKT65K21ZF7DJTE2</vin><color>DarkOrange</color><year>2023</year></automobile><automobile><person_id>814beeff-b673-43f2-a6b9-9aaeaac0211b</person_id><license_plate>T58-XZF</license_plate><vin>GGVKNZF48C3CZ85AB</vin><color>Black</color><year>1984</year></automobile><automobile><person_id>814beeff-b673-43f2-a6b9-9aaeaac0211b</person_id><license_plate>0RM 436</license_plate><vin>49L0VTY07DH3HY6C7</vin><color>Cyan</color><year>2006</year></automobile><automobile><person_id>04b6d048-ca7b-49de-9121-d59de90eee90</person_id><license_plate>SCT-5023</license_plate><vin>V40ZM0C77H29309PY</vin><color>Magenta</color><year>2006</year></automobile><automobile><person_id>002f6ac8-d141-401c-91f4-e14d7b519d28</person_id><license_plate>4T 74141</license_plate><vin>CRRWH88G794HX8D0E</vin><color>MediumBlue</color><year>2020</year></automobile><automobile><person_id>90887f54-d85b-4e2e-b9ef-74b2fcce3974</person_id><license_plate>I09 0HS</license_plate><vin>C3E61A2Y54F1S8FD2</vin><color>DeepSkyBlue</color><year>1996</year></automobile><automobile><person_id>90887f54-d85b-4e2e-b9ef-74b2fcce3974</person_id><license_plate>H99-GRA</license_plate><vin>J3D8BADW8PTZFZTCA</vin><color>GhostWhite</color><year>2003</year></automobile><automobile><person_id>ff70ba3e-c3f0-4799-9b15-3a7d0031998a</person_id><license_plate>279-BZS</license_plate><vin>D35W5M2L1XHVZ4SNP</vin><color>Ivory</color><year>1997</year></automobile><automobile><person_id>b2cacea4-4129-481f-975d-e1b82248cb19</person_id><license_plate>949-ZJU</license_plate><vin>1XLYBEZT9KYTK96WC</vin><color>LavenderBlush</color><year>2000</year></automobile><automobile><person_id>b2cacea4-4129-481f-975d-e1b82248cb19</person_id><license_plate>931-531</license_plate><vin>FR8KS9FX5FZ5ZDXCM</vin><color>LightCoral</color><year>2011</year></automobile><automobile><person_id>42a3951e-df10-4e6c-ad2d-a8fe872b8805</person_id><license_plate>G51 8NB</license_plate><vin>CR7U41V32XGS590WU</vin><color>SaddleBrown</color><year>2001</year></automobile><automobile><person_id>42a3951e-df10-4e6c-ad2d-a8fe872b8805</person_id><license_plate>9M LP312</license_plate><vin>MN70BZEXXMX0ELKT3</vin><color>LightSalmon</color><year>2021</year></automobile></automobiles>