<?xml version="1.0" encoding="UTF-8" ?><automobiles><automobile><person_id>7fac3338-5a95-4531-ba56-7d262e5f69d5</person_id><license_plate>054157</license_plate><vin>W73CZ06R4M7V22Y6E</vin><color>Aqua</color><year>1989</year></automobile><automobile><person_id>a26fec9f-8001-41f6-a8b2-73ee4b43175a</person_id><license_plate>4JK O53</license_plate><vin>Y884A5AR9T2L29SFG</vin><color>Pink</color><year>1970</year></automobile><automobile><person_id>6f3aff24-c9b5-468a-b4b0-88a1031ba215</person_id><license_plate>637 XX5</license_plate><vin>6JP83RU25XU0FMFFS</vin><color>LightGoldenRodYellow</color><year>2008</year></automobile><automobile><person_id>431d1528-37bd-42b2-ae77-f220d7cb52ea</person_id><license_plate>60-L594</license_plate><vin>ENZMC3Y873BKV166X</vin><color>Navy</color><year>2019</year></automobile><automobile><person_id>431d1528-37bd-42b2-ae77-f220d7cb52ea</person_id><license_plate>93C WZ6</license_plate><vin>ZP48YP6F1FU7FM9VV</vin><color>DimGray</color><year>1989</year></automobile><automobile><person_id>1a1a87fd-7b83-4b86-9d0f-c2dbb9225451</person_id><license_plate>DAY1082</license_plate><vin>YBC30G9DXA1KJB8TZ</vin><color>LightSlateGray</color><year>1993</year></automobile><automobile><person_id>1a1a87fd-7b83-4b86-9d0f-c2dbb9225451</person_id><license_plate>MYI 626</license_plate><vin>BES4B2MJ21BJK913Y</vin><color>Peru</color><year>2007</year></automobile><automobile><person_id>c5290a22-078a-42d5-980d-65b4ee893bee</person_id><license_plate>8-84052</license_plate><vin>0HE8E8660050MS84P</vin><color>IndianRed</color><year>2023</year></automobile><automobile><person_id>c5290a22-078a-42d5-980d-65b4ee893bee</person_id><license_plate>KT 80538</license_plate><vin>5C4Z8CN12XUF4EBLB</vin><color>PaleVioletRed</color><year>1987</year></automobile><automobile><person_id>c5290a22-078a-42d5-980d-65b4ee893bee</person_id><license_plate>197 4AR</license_plate><vin>LJ2YEY7G7YG2LJ1HN</vin><color>FloralWhite</color><year>2008</year></automobile><automobile><person_id>b4306697-6c77-4f17-92f3-8a875feb9a95</person_id><license_plate>EZ3 O0G</license_plate><vin>X3SJA90E41955KKXR</vin><color>IndianRed</color><year>2018</year></automobile><automobile><person_id>2a3b99d0-fc35-4dc9-bad1-95874ab098f5</person_id><license_plate>7-82096P</license_plate><vin>8T50GB890V5RHK4XM</vin><color>LightYellow</color><year>1996</year></automobile><automobile><person_id>2a3b99d0-fc35-4dc9-bad1-95874ab098f5</person_id><license_plate>29WS121</license_plate><vin>6HZ8HS069Z2GSX07H</vin><color>DeepSkyBlue</color><year>1998</year></automobile><automobile><person_id>498ceb34-5e03-4e1f-984d-a114d0619b21</person_id><license_plate>ED 36431</license_plate><vin>DLE7R6R8XH5LZC35T</vin><color>LavenderBlush</color><year>2000</year></automobile><automobile><person_id>71384613-a544-40d3-a09e-a44b5cce1b50</person_id><license_plate>13O L21</license_plate><vin>FHJ6SV8H02N7PCGR3</vin><color>DarkSalmon</color><year>2002</year></automobile><automobile><person_id>12d25e69-e535-411d-a6e1-66e2f7df3c9f</person_id><license_plate>918 JWK</license_plate><vin>FZ1LAW57XE5U8RGPH</vin><color>MistyRose</color><year>1982</year></automobile><automobile><person_id>12d25e69-e535-411d-a6e1-66e2f7df3c9f</person_id><license_plate>5R 6T0SMN</license_plate><vin>WZ43PSYW5E38DMZ3B</vin><color>BlanchedAlmond</color><year>2004</year></automobile><automobile><person_id>0331cbc0-2a98-4e18-94b0-6837fbed4997</person_id><license_plate>191 OXC</license_plate><vin>8J2RM70F8ASY12RF3</vin><color>Black</color><year>1973</year></automobile><automobile><person_id>869f81b9-fe42-46a6-bd59-d9508288b21b</person_id><license_plate>603GSG</license_plate><vin>3Z8421HY6Y8P7MCR4</vin><color>PaleTurquoise</color><year>1972</year></automobile><automobile><person_id>eb3c7680-a067-4c7f-a917-545dab66c36f</person_id><license_plate>3UL Y98</license_plate><vin>TKLVVVDL6HK2VYKTB</vin><color>DarkBlue</color><year>1990</year></automobile><automobile><person_id>968356c7-e0ca-4fdf-9113-d6a2ed34eb2d</person_id><license_plate>ZUH 066</license_plate><vin>X0LN7ML84MD3T1LUT</vin><color>Coral</color><year>1986</year></automobile><automobile><person_id>968356c7-e0ca-4fdf-9113-d6a2ed34eb2d</person_id><license_plate>867 RAB</license_plate><vin>KPE8NZE15F8WX89AC</vin><color>DarkRed</color><year>1976</year></automobile><automobile><person_id>094ad038-58e4-4b61-b00b-c053f58d5d89</person_id><license_plate>5VX O99</license_plate><vin>7UB452C74PLKNRSMM</vin><color>Gainsboro</color><year>1971</year></automobile><automobile><person_id>2f3d215b-1e20-4033-8b07-1c9eb940fde7</person_id><license_plate>04I Q84</license_plate><vin>81XZE8EC02XRXARGF</vin><color>DimGray</color><year>2023</year></automobile><automobile><person_id>26748d7a-05f5-490b-93bf-08dcf39ad0d5</person_id><license_plate>PTW 043</license_plate><vin>XG5J3GP787HD8K4A7</vin><color>Orange</color><year>2023</year></automobile><automobile><person_id>b79693ee-2d53-42ac-b2f2-7a1502c888ac</person_id><license_plate>KKD9830</license_plate><vin>JYA2G48J1G1SDUH0A</vin><color>MediumSeaGreen</color><year>2008</year></automobile><automobile><person_id>3ed66768-f129-4423-8968-7813ab397698</person_id><license_plate>1N 35359</license_plate><vin>M1GKE8L4XMSZ631V9</vin><color>DeepPink</color><year>1998</year></automobile><automobile><person_id>3ed66768-f129-4423-8968-7813ab397698</person_id><license_plate>4WSY 68</license_plate><vin>E1713EA08EJNSTWTF</vin><color>Lime</color><year>1990</year></automobile><automobile><person_id>fb12c739-20e9-44ed-8d96-7ea821436cea</person_id><license_plate>LXZ 643</license_plate><vin>PXCPEZLE6EEK7K6C6</vin><color>Salmon</color><year>1976</year></automobile><automobile><person_id>97fcdfed-fc28-4ba9-9db5-4ac94c014b56</person_id><license_plate>88K 0462</license_plate><vin>5A4HUVKS6407R2N8E</vin><color>Khaki</color><year>2002</year></automobile><automobile><person_id>ae1bdd09-fb49-41f1-9b88-6555e6f60883</person_id><license_plate>584 PYC</license_plate><vin>A3RN8FV50Z8ZVU8ZS</vin><color>Turquoise</color><year>2000</year></automobile><automobile><person_id>ae1bdd09-fb49-41f1-9b88-6555e6f60883</person_id><license_plate>RIM 269</license_plate><vin>VJ5K1VL81646THMEV</vin><color>LightCoral</color><year>2009</year></automobile><automobile><person_id>ae1bdd09-fb49-41f1-9b88-6555e6f60883</person_id><license_plate>747 ITN</license_plate><vin>GE36PJ9X4ECG03NLJ</vin><color>Aqua</color><year>2013</year></automobile><automobile><person_id>93579e70-0559-432f-b166-804d3d9a7e8b</person_id><license_plate>KAS 795</license_plate><vin>NCUNXFAH9H672S40S</vin><color>Yellow</color><year>1972</year></automobile><automobile><person_id>613be68f-3bbe-4feb-940b-5a6008a55d22</person_id><license_plate>745289</license_plate><vin>CAY7DT8U5W6WG32SA</vin><color>PaleGreen</color><year>1995</year></automobile><automobile><person_id>613be68f-3bbe-4feb-940b-5a6008a55d22</person_id><license_plate>UK9 8336</license_plate><vin>F2ZKDTC515K3A99EL</vin><color>Chocolate</color><year>1988</year></automobile><automobile><person_id>613be68f-3bbe-4feb-940b-5a6008a55d22</person_id><license_plate>8R SK261</license_plate><vin>45TKT7362L65VTB2A</vin><color>Fuchsia</color><year>2010</year></automobile><automobile><person_id>577627cc-36de-4395-a493-a7356e34ef1d</person_id><license_plate>CHU 899</license_plate><vin>J2XK6T90XMRC7EWYB</vin><color>Wheat</color><year>1984</year></automobile><automobile><person_id>9ff8c052-ba4d-4d7b-b923-58bfd9137e00</person_id><license_plate>3J 9653W</license_plate><vin>AWFV4FZLXH8HUUGYA</vin><color>PeachPuff</color><year>1985</year></automobile><automobile><person_id>49ec3049-96f1-497a-8a47-0585dbae254d</person_id><license_plate>71-TG61</license_plate><vin>JUCW4S754CBL7K2YH</vin><color>Orchid</color><year>1995</year></automobile><automobile><person_id>86210009-5f7c-4ba4-9f57-37fbfc319791</person_id><license_plate>0QW0411</license_plate><vin>E38P6YJA7MZBDCDT1</vin><color>DimGray</color><year>1973</year></automobile><automobile><person_id>7cb41646-cb05-4dd3-b8e9-3eb8f315f4fc</person_id><license_plate>458 AWW</license_plate><vin>DA3US0RT0KTF695TG</vin><color>Plum</color><year>1972</year></automobile><automobile><person_id>7cb41646-cb05-4dd3-b8e9-3eb8f315f4fc</person_id><license_plate>47K 738</license_plate><vin>EW5LRKAL7JC9BSA07</vin><color>Lavender</color><year>1974</year></automobile><automobile><person_id>7cb41646-cb05-4dd3-b8e9-3eb8f315f4fc</person_id><license_plate>QRY 851</license_plate><vin>JXR5KSU886V1VF6XK</vin><color>IndianRed</color><year>2019</year></automobile><automobile><person_id>d5d8a4ed-74d5-4ac4-865e-0fc60c590da7</person_id><license_plate>RFZ0057</license_plate><vin>5B1HGTPT03G57UFP6</vin><color>LightGray</color><year>2024</year></automobile><automobile><person_id>d5d8a4ed-74d5-4ac4-865e-0fc60c590da7</person_id><license_plate>HPO 742</license_plate><vin>FWFC9VPW3TNC9ANHU</vin><color>CadetBlue</color><year>2021</year></automobile><automobile><person_id>3993cee5-a980-4c09-9c49-51de4370de7a</person_id><license_plate>HRK 770</license_plate><vin>CTVVEBHU47U7VLMDF</vin><color>Cornsilk</color><year>2022</year></automobile><automobile><person_id>3993cee5-a980-4c09-9c49-51de4370de7a</person_id><license_plate>664-315</license_plate><vin>96AJWGPLXBA3KRZ0U</vin><color>MintCream</color><year>1993</year></automobile><automobile><person_id>1f29303e-1df6-4274-8914-ea34f32206f9</person_id><license_plate>YMU 241</license_plate><vin>1NCRLZRAXF3P0YY40</vin><color>SlateBlue</color><year>2009</year></automobile><automobile><person_id>c8e211a5-3b5f-4964-b9ec-c5808c7b4271</person_id><license_plate>FVO2460</license_plate><vin>HAC8M3L328XYZ6UFH</vin><color>DarkSalmon</color><year>1987</year></automobile><automobile><person_id>c8e211a5-3b5f-4964-b9ec-c5808c7b4271</person_id><license_plate>8-F1248</license_plate><vin>9F75MSHD6YXNUEX32</vin><color>Plum</color><year>1994</year></automobile><automobile><person_id>bf54976f-6824-48e2-9baa-89802f5fd873</person_id><license_plate>5-F4545</license_plate><vin>5ZRMNA149Y2E5Z75V</vin><color>Violet</color><year>1979</year></automobile><automobile><person_id>bf54976f-6824-48e2-9baa-89802f5fd873</person_id><license_plate>HN 2937</license_plate><vin>GJDVJRM9XZAS9UUYG</vin><color>DimGray</color><year>1970</year></automobile><automobile><person_id>bf54976f-6824-48e2-9baa-89802f5fd873</person_id><license_plate>8FR25</license_plate><vin>ZX0VYV079CXXPUWWH</vin><color>DarkTurquoise</color><year>1983</year></automobile><automobile><person_id>2e711366-843c-413b-aaf9-3fc6a72c5bb0</person_id><license_plate>Z34 8YM</license_plate><vin>RSGYVDUC40SV39KMC</vin><color>MediumOrchid</color><year>2000</year></automobile><automobile><person_id>2e711366-843c-413b-aaf9-3fc6a72c5bb0</person_id><license_plate>6QX 532</license_plate><vin>TKNB71JA0K5JCNMNK</vin><color>GoldenRod</color><year>1993</year></automobile><automobile><person_id>00d57d79-886a-44a2-869f-bcd6ae60a87e</person_id><license_plate>KCE-3657</license_plate><vin>63PACDS65D7SMATHS</vin><color>LemonChiffon</color><year>1982</year></automobile><automobile><person_id>00d57d79-886a-44a2-869f-bcd6ae60a87e</person_id><license_plate>345-WXJ</license_plate><vin>5VEBV7C035D9567KP</vin><color>DarkOrchid</color><year>1984</year></automobile><automobile><person_id>38ab96f7-44c1-4cdb-9fa1-5daf8ebaf95a</person_id><license_plate>KXR 818</license_plate><vin>49E1KE7B87U3YT6K4</vin><color>PapayaWhip</color><year>1987</year></automobile><automobile><person_id>c0034806-596f-4e1f-ad17-50c478124067</person_id><license_plate>8GGX 81</license_plate><vin>SFL3ZWP71TEK1SEPU</vin><color>PaleVioletRed</color><year>2004</year></automobile><automobile><person_id>3359318e-0a83-4adb-806a-e9e3acd3c9c2</person_id><license_plate>39-FH64</license_plate><vin>P6FM6AU86M3N0Y1JA</vin><color>White</color><year>1981</year></automobile><automobile><person_id>6d70bcb3-4008-49bf-ac09-41489cfb46d3</person_id><license_plate>HUX 200</license_plate><vin>BUSFHX7V6BE32P740</vin><color>Khaki</color><year>1983</year></automobile><automobile><person_id>f73a3d2d-f70b-4169-a1e5-20e53411aacc</person_id><license_plate>9-J4810</license_plate><vin>CAAYFRWJ34M79KF1D</vin><color>HoneyDew</color><year>2009</year></automobile><automobile><person_id>f73a3d2d-f70b-4169-a1e5-20e53411aacc</person_id><license_plate>386 3103</license_plate><vin>RECY3RWA98R3YWHTH</vin><color>ForestGreen</color><year>2001</year></automobile><automobile><person_id>966e63ff-5842-49d6-ae73-95b79834b345</person_id><license_plate>4JWY720</license_plate><vin>CNTGHYN9X8VED59U2</vin><color>MintCream</color><year>2023</year></automobile><automobile><person_id>966e63ff-5842-49d6-ae73-95b79834b345</person_id><license_plate>23E 7564</license_plate><vin>XXHN2YAF8PYX0NUVV</vin><color>SlateBlue</color><year>1978</year></automobile><automobile><person_id>56794850-acb1-470a-acaa-1a15ad3b8c3a</person_id><license_plate>MCU0011</license_plate><vin>H5BGC5P33K1SXTZTZ</vin><color>Maroon</color><year>1998</year></automobile><automobile><person_id>8901ca2d-e40c-4c29-bafc-1559755a05d3</person_id><license_plate>S89 8ZN</license_plate><vin>4G79KAB91H0NKDKS2</vin><color>DarkRed</color><year>2006</year></automobile><automobile><person_id>8901ca2d-e40c-4c29-bafc-1559755a05d3</person_id><license_plate>0P 45039</license_plate><vin>13W255FE501JEFS0P</vin><color>Olive</color><year>2023</year></automobile><automobile><person_id>9000739f-3d9d-43c6-92f5-ed6b85dbe32b</person_id><license_plate>588X4</license_plate><vin>ZR1ZPY839PV5B6URD</vin><color>LightSteelBlue</color><year>2009</year></automobile><automobile><person_id>070d9ec5-2fc8-4514-aea3-d0c7fc0c4bc1</person_id><license_plate>E86 3QD</license_plate><vin>2EVFFLW50RA8AXWKZ</vin><color>Aqua</color><year>2015</year></automobile><automobile><person_id>2b8c7e76-5880-431c-adcb-b0e0e5eb2246</person_id><license_plate>PVC-5635</license_plate><vin>ZAVSAC7W3L5V0MVPM</vin><color>LightSkyBlue</color><year>2020</year></automobile><automobile><person_id>2b8c7e76-5880-431c-adcb-b0e0e5eb2246</person_id><license_plate>594LLY</license_plate><vin>870PD0FU9B0KL7C50</vin><color>WhiteSmoke</color><year>1981</year></automobile><automobile><person_id>3ec244c3-f879-480e-ba59-4f381668976c</person_id><license_plate>265X9</license_plate><vin>75RL9F251ATSUC6RX</vin><color>Chartreuse</color><year>1985</year></automobile><automobile><person_id>defda124-30dd-4907-b2c8-356e0bc9cea6</person_id><license_plate>9132</license_plate><vin>HHZTRRSR7BC1RA85W</vin><color>Khaki</color><year>1992</year></automobile><automobile><person_id>7acaefd7-12a9-416f-a499-e17ac1bfeb6a</person_id><license_plate>F22 6LS</license_plate><vin>JXVSKBCM8WZCVJG9V</vin><color>Olive</color><year>2008</year></automobile><automobile><person_id>2644e0e9-952d-451e-867c-7deabbffb732</person_id><license_plate>ZYI 008</license_plate><vin>E9KFPH2S7ZH61MJ89</vin><color>LightCyan</color><year>2006</year></automobile><automobile><person_id>0737f194-990c-4801-8306-11958cfa3c5a</person_id><license_plate>4-11833</license_plate><vin>39A45ET87DE416MJ5</vin><color>Purple</color><year>1974</year></automobile><automobile><person_id>f0499b8e-037f-4f3c-bfd2-ae85e9c9c5a9</person_id><license_plate>9J DX200</license_plate><vin>TXESY9B55BCE9WK03</vin><color>DarkKhaki</color><year>2020</year></automobile><automobile><person_id>d3f6a6a4-c6a2-4ad1-83c8-304422e106a0</person_id><license_plate>5676 CM</license_plate><vin>CV9JBZ8FXPZ218NWE</vin><color>LightGray</color><year>2012</year></automobile><automobile><person_id>ccd8bc7e-964d-4a6a-ab11-acfa0030e1bb</person_id><license_plate>3-T7601</license_plate><vin>KCGK71YZXETHAGAJR</vin><color>Orchid</color><year>2016</year></automobile><automobile><person_id>611f8562-bb7e-47b1-9b88-d3f68de59556</person_id><license_plate>6GZ90</license_plate><vin>PKEWMU3MX9328A16U</vin><color>LavenderBlush</color><year>2021</year></automobile><automobile><person_id>611f8562-bb7e-47b1-9b88-d3f68de59556</person_id><license_plate>1C 0N7ECJ</license_plate><vin>DXF4YEEX7BDJUANR3</vin><color>Silver</color><year>1974</year></automobile><automobile><person_id>c64fcc2d-9871-4a37-bd56-2e7dca93eb10</person_id><license_plate>100 2SX</license_plate><vin>8MZREX70XF7WJN10C</vin><color>MediumAquaMarine</color><year>1977</year></automobile><automobile><person_id>c64fcc2d-9871-4a37-bd56-2e7dca93eb10</person_id><license_plate>716-AHJ</license_plate><vin>2TXPCN8V9Z4HSJGVJ</vin><color>Orange</color><year>2004</year></automobile><automobile><person_id>9a192266-7b3e-4d3c-b100-ecd52cc08542</person_id><license_plate>835KO</license_plate><vin>9NU447TY8FM09EBZR</vin><color>LightGoldenRodYellow</color><year>2003</year></automobile><automobile><person_id>33962996-1d89-4ffe-918f-0cec95e5b466</person_id><license_plate>848 ULT</license_plate><vin>GKPBF1P69G99YBSY2</vin><color>Sienna</color><year>2014</year></automobile><automobile><person_id>e9de1ceb-2918-4f5b-9aa5-ccfb68c598b2</person_id><license_plate>UBX-206</license_plate><vin>TCVDKKJG4AAA8J599</vin><color>LightGray</color><year>2011</year></automobile><automobile><person_id>e9de1ceb-2918-4f5b-9aa5-ccfb68c598b2</person_id><license_plate>5BN7553</license_plate><vin>LTZPZRZ61A09GBDRN</vin><color>BlueViolet</color><year>1979</year></automobile><automobile><person_id>5135c773-61f3-4b84-8fb6-4d9dcc48548c</person_id><license_plate>8BBT 24</license_plate><vin>SD7K64712FGK7NTP9</vin><color>MediumTurquoise</color><year>1976</year></automobile><automobile><person_id>a04f52c1-5e1d-4e43-9994-bb29320175e9</person_id><license_plate>4CL 212</license_plate><vin>UA35K4AS7U8AHYXKL</vin><color>LawnGreen</color><year>2013</year></automobile><automobile><person_id>a04f52c1-5e1d-4e43-9994-bb29320175e9</person_id><license_plate>W21 0LL</license_plate><vin>PR5N1GX34UGHNFP4U</vin><color>MediumVioletRed</color><year>1991</year></automobile><automobile><person_id>c36d7d11-14cd-40a9-aff8-7cadab6cbf26</person_id><license_plate>378GG</license_plate><vin>3GJ45T016YR7H6XUM</vin><color>NavajoWhite</color><year>1988</year></automobile><automobile><person_id>b487c65b-f8f5-4313-a943-e2bce38f0281</person_id><license_plate>MMU-2101</license_plate><vin>ZUB4KDGJ75YC48N4W</vin><color>DarkSalmon</color><year>2003</year></automobile><automobile><person_id>8385960a-330e-42e5-83f1-3df1172e7bc6</person_id><license_plate>7443 LV</license_plate><vin>H1MZGK1D1E6EZ27E6</vin><color>Indigo</color><year>2016</year></automobile><automobile><person_id>5f36f06b-98e3-408d-8866-3641c303dce2</person_id><license_plate>7NB 486</license_plate><vin>Y8YR9PHUXBCAH2NCE</vin><color>SandyBrown</color><year>2013</year></automobile><automobile><person_id>cddbef12-447e-4b76-9299-ca565f39f29c</person_id><license_plate>584-SNNH</license_plate><vin>15PNZG1664031T8LE</vin><color>Chocolate</color><year>2012</year></automobile><automobile><person_id>cddbef12-447e-4b76-9299-ca565f39f29c</person_id><license_plate>IHL 1713</license_plate><vin>SRUVRCGV4M29U0KCZ</vin><color>LightGoldenRodYellow</color><year>1976</year></automobile><automobile><person_id>31898d75-a2f7-4f5f-868e-0a6147ed5fdb</person_id><license_plate>X92-34N</license_plate><vin>TMSP2G5G7XTHLET9G</vin><color>Teal</color><year>2000</year></automobile><automobile><person_id>31898d75-a2f7-4f5f-868e-0a6147ed5fdb</person_id><license_plate>645W7</license_plate><vin>FN65TD5G1P9H7A08U</vin><color>MediumSeaGreen</color><year>1979</year></automobile><automobile><person_id>31898d75-a2f7-4f5f-868e-0a6147ed5fdb</person_id><license_plate>HFM 881</license_plate><vin>4BGGN0D09UMU871MS</vin><color>DarkOrchid</color><year>1992</year></automobile><automobile><person_id>187cfd42-4e7f-4091-8c5f-98f922ad9be2</person_id><license_plate>44P T44</license_plate><vin>1SSZY3MT2RH27REV7</vin><color>SeaShell</color><year>1982</year></automobile><automobile><person_id>ecda454c-5c1e-42e5-9372-cb4e13b38481</person_id><license_plate>1D 1984Y</license_plate><vin>W6AURBZW7RUADG9GM</vin><color>HoneyDew</color><year>2014</year></automobile><automobile><person_id>6b50a71d-58ea-401f-b4ff-6711448ff332</person_id><license_plate>EV-6593</license_plate><vin>F5U79RWL8VV9L6GKS</vin><color>PaleGreen</color><year>2021</year></automobile><automobile><person_id>6b50a71d-58ea-401f-b4ff-6711448ff332</person_id><license_plate>XRP M97</license_plate><vin>38W415V30TMMK6VHC</vin><color>Orange</color><year>1992</year></automobile><automobile><person_id>6b50a71d-58ea-401f-b4ff-6711448ff332</person_id><license_plate>SJS-6678</license_plate><vin>8RKZJXS02LAXZ6YPU</vin><color>Violet</color><year>1991</year></automobile><automobile><person_id>6f28d69c-2ec4-48ba-9011-a42b04e5792d</person_id><license_plate>2R 3696H</license_plate><vin>HGRANLED9819DRTR1</vin><color>MediumSpringGreen</color><year>1991</year></automobile><automobile><person_id>6f28d69c-2ec4-48ba-9011-a42b04e5792d</person_id><license_plate>ZJS 843</license_plate><vin>7WEKPGX063E8HW7CR</vin><color>Moccasin</color><year>2016</year></automobile><automobile><person_id>bb361e4f-f33a-41dd-b767-4943ec9ee04b</person_id><license_plate>VQZ-338</license_plate><vin>TWXK07B12SD82FY6P</vin><color>AntiqueWhite</color><year>1988</year></automobile><automobile><person_id>6559410a-6db1-4c4e-bd4a-ecc8b889b81f</person_id><license_plate>4659 BS</license_plate><vin>RY55RYVM6RSXHA7GB</vin><color>Yellow</color><year>1988</year></automobile><automobile><person_id>59c6d9bb-173d-4f7b-92a6-37b1638eec45</person_id><license_plate>FT 24626</license_plate><vin>FD591PPK91NW61GCB</vin><color>DarkGoldenRod</color><year>1997</year></automobile><automobile><person_id>59c6d9bb-173d-4f7b-92a6-37b1638eec45</person_id><license_plate>XZE0496</license_plate><vin>49DH9B6H854HAML8S</vin><color>MediumAquaMarine</color><year>1975</year></automobile><automobile><person_id>f81c6898-b411-4e2d-a64c-74dc128336b0</person_id><license_plate>URU-975</license_plate><vin>5VRE2Y3J2TBDSH93T</vin><color>Bisque</color><year>2001</year></automobile><automobile><person_id>72cc4222-986b-4143-b7ee-fb6aae0a3f16</person_id><license_plate>KB4 X5K</license_plate><vin>ZGSX7FBR83VKPGA00</vin><color>AntiqueWhite</color><year>1983</year></automobile><automobile><person_id>72cc4222-986b-4143-b7ee-fb6aae0a3f16</person_id><license_plate>628JSC</license_plate><vin>3RVW8DL83GZ0Z19JV</vin><color>SkyBlue</color><year>1997</year></automobile><automobile><person_id>8f55a29c-49f6-48f6-b8c3-b54f6ec1b6af</person_id><license_plate>23V 2075</license_plate><vin>E6Y5X1472K8ZKM2WM</vin><color>BlueViolet</color><year>2004</year></automobile><automobile><person_id>8e779003-7c64-43db-8c0f-0d3b8165935d</person_id><license_plate>8-Y0909</license_plate><vin>5FXECM2A8KTDND83W</vin><color>Yellow</color><year>1996</year></automobile><automobile><person_id>8e779003-7c64-43db-8c0f-0d3b8165935d</person_id><license_plate>DOX 372</license_plate><vin>UVZUC53M4ZU1MRF5A</vin><color>PaleGoldenRod</color><year>1983</year></automobile><automobile><person_id>bb3e4701-3ea1-4860-a98f-9b4a94510c10</person_id><license_plate>285 YYN</license_plate><vin>LWZC31LW2DMV79UJL</vin><color>MediumOrchid</color><year>2002</year></automobile><automobile><person_id>bb3e4701-3ea1-4860-a98f-9b4a94510c10</person_id><license_plate>R26-84F</license_plate><vin>T03DGM3N5H8FC2TF9</vin><color>Peru</color><year>1985</year></automobile><automobile><person_id>10f813d1-7a6d-4d2d-8348-dd5240d5cc9b</person_id><license_plate>XSF 643</license_plate><vin>1WV126W96708WJJB4</vin><color>DarkOrchid</color><year>1978</year></automobile><automobile><person_id>10f813d1-7a6d-4d2d-8348-dd5240d5cc9b</person_id><license_plate>5-94977</license_plate><vin>LRZL9PBB8VUSMT6X7</vin><color>RoyalBlue</color><year>2017</year></automobile><automobile><person_id>949a02e2-afed-4bdb-bc87-938478265381</person_id><license_plate>325-QTL</license_plate><vin>06Z4N29F8PY24468T</vin><color>MediumSeaGreen</color><year>1992</year></automobile><automobile><person_id>949a02e2-afed-4bdb-bc87-938478265381</person_id><license_plate>383 MPO</license_plate><vin>2AD8BYXT6YUHXNF98</vin><color>DarkGoldenRod</color><year>2018</year></automobile><automobile><person_id>949a02e2-afed-4bdb-bc87-938478265381</person_id><license_plate>1EN64</license_plate><vin>LP3LYS44XF79TJC5J</vin><color>HotPink</color><year>1988</year></automobile></automobiles>