"id"|"first_name"|"last_name"|"sex"|"address"|"phone_number"|"profession"|"company"|"date_of_birth"
"3e15c979-3067-450a-b529-a772d6006d9f"|"Sara"|"Haney"|"F"|"798 Michael Manor"|"4363342691"|"Petroleum engineer"|"Green-Davis"|"1990-11-28"
"c04f114e-2d66-42fe-8f8c-26ee53339dfc"|"Sean"|"Perez"|"M"|"352 Banks Curve Apt. 123"|"409.313.2163x1555"|"Customer service manager"|"Webb PLC"|"1923-04-10"
"8226d800-a6aa-4b94-aad3-d61fba49fe71"|"Brooke"|"Casey"|"F"|"757 Jeffery Isle"|"812.661.3072"|"Computer games developer"|"Costa, Hanson and Melton"|"1912-04-23"
"4e777d9e-4039-4341-adfe-a1c517b1617f"|"Kara"|"Phillips"|"F"|"113 Jeffery Spur Suite 411"|"(399)780-1747"|"Medical technical officer"|"Jones, Hughes and Thompson"|"2006-12-29"
"a647ac16-c774-4dac-9e4a-378508597ae8"|"Ryan"|"Morrison"|"M"|"357 Murphy Creek Suite 712"|"422-360-8439x26701"|"Administrator, local government"|"Swanson, King and Hess"|"1985-07-10"
"4463b191-ef55-4507-aead-fbbb77d8478d"|"Wells"|"Ramirez"|"M"|"537 Smith Avenue Apt. 759"|"936-742-4477x25577"|"Prison officer"|"Jimenez-Lee"|"1951-03-08"
"2939c0a7-ada0-4efd-8542-aa4647a6e82b"|"Christy"|"Davis"|"F"|"670 Thornton Land Suite 697"|"865.649.8794"|"Chief of Staff"|"Smith PLC"|"1952-01-10"
"64a6985a-6416-4b50-8166-ad20a118d2de"|"Cynthia"|"Hernandez"|"F"|"370 John Fall Apt. 476"|"001-691-872-4316x27680"|"Barrister"|"Fisher-Mitchell"|"1994-09-02"
"1df0fbdd-b2b5-43d7-b5f5-801775387f0e"|"Deborah"|"Mcdaniel"|"F"|"388 Tara Inlet"|"8772403015"|"Health promotion specialist"|"Randolph Ltd"|"1933-03-29"
"62a418a1-8bf1-4612-ba19-cbea9e96c951"|"Albert"|"Russell"|"M"|"944 Wilson Locks Apt. 694"|"756.993.2461x80154"|"Water quality scientist"|"Johnson and Sons"|"1963-04-22"
"4912a31f-414b-45ed-9440-69f17b46859e"|"Ronald"|"Hall"|"M"|"427 Randall Burg"|"893.914.9558"|"Dancer"|"Kirby-Castro"|"1920-01-22"
"c85fdee3-2e7e-4482-82f6-5523fd2a3b67"|"Melissa"|"Dean"|"F"|"385 Lee Burgs"|"+1-376-685-4655x76995"|"Engineer, maintenance (IT)"|"Henderson LLC"|"2001-06-21"
"989d4cb1-023f-4fd4-875d-a9c8318d9ecb"|"Megan"|"Curry"|"F"|"53 Andrew Street Apt. 107"|"001-605-395-9724"|"Horticultural therapist"|"Woods Ltd"|"1992-09-24"
"8f217439-9e8e-4efd-bf98-67e9989fb923"|"Juan"|"Jackson"|"M"|"163 Jones Courts Apt. 083"|"595-317-9979"|"Surveyor, hydrographic"|"Werner PLC"|"1910-09-26"
"5310d031-ae0d-4d74-9e19-e06a9abcb9f2"|"Anthony"|"Richardson"|"M"|"462 Daniel Plaza"|"665.848.8102"|"Probation officer"|"Smith-Short"|"1935-12-09"
"a584337d-084c-4536-845b-2b109ce457aa"|"Tracy"|"Wilson"|"F"|"559 Christine Gateway"|"5187679354"|"Technical sales engineer"|"Fisher-Cox"|"1999-02-17"
"e38d1004-d2e7-4a24-bd8d-cfea5ccf2f8a"|"Karen"|"Jones"|"F"|"178 Monica Burgs Suite 695"|"233-561-4600"|"Engineer, agricultural"|"Bennett-Bell"|"1929-09-03"
"6e64140e-eadd-4d86-aa8e-48cf3b56b283"|"Meyer"|"Snyder"|"F"|"579 Matthew Keys"|"259-910-2310x858"|"Travel agency manager"|"Cochran, Orozco and Wise"|"1947-08-08"
"7b260922-b9ae-4ab8-9edd-326ef7c44eae"|"Stacy"|"Hurley"|"F"|"481 May Rest Suite 582"|"976-436-4199"|"Embryologist, clinical"|"Watson-Tucker"|"1984-01-27"
"39ad288a-8abf-4e49-87b2-6e148be1742f"|"Sergio"|"Moore"|"M"|"258 Randall Burg"|"810-488-7845"|"Horticulturist, commercial"|"Nolan-Ortiz"|"1916-07-17"
"6d9a3327-e06b-49bb-aa80-8417ee4ff49f"|"Fuentes"|"Green"|"M"|"788 Lynn Lake Suite 253"|"+1-426-333-6341x825"|"Police officer"|"Andrews PLC"|"1913-02-21"
"a507abb8-cf83-48a7-b3ec-b6ee71b5466f"|"Nicholas"|"Steele"|"M"|"8 Tara Inlet"|"+1-329-849-1147"|"Production engineer"|"Jones, Rivera and Martin"|"1930-01-26"
"6c1582b7-2261-4f92-8a31-3759f329f55f"|"Amanda"|"Foster"|"F"|"466 Randolph Way Suite 427"|"(205)817-8345x6156"|"Secretary/administrator"|"Powell Inc"|"1927-07-30"
"c8017239-c436-40c0-af13-dc513541abde"|"Caleb"|"Phillips"|"M"|"173 Arnold Cliffs"|"+1-206-866-6403x5197"|"Agricultural consultant"|"Mcdowell-Harper"|"1947-04-26"
"e5355f83-7b90-4386-a7fe-47ee64caeee3"|"Beth"|"Mccullough"|"F"|"33 David Course Apt. 455"|"+1-994-545-5410x340"|"Advertising copywriter"|"Webb, Diaz and Peterson"|"2015-05-19"
"436207a5-379d-43d7-963d-783cd9ae60a9"|"James"|"Romero"|"M"|"295 Michael Circles Suite 720"|"001-598-763-0946x55024"|"Scientist, marine"|"White Ltd"|"2016-12-26"
"2ceb0107-b46a-4b7a-8ee9-9b9dbfa2c1dd"|"Blake"|"Espinoza"|"M"|"890 Patricia Row"|"340.580.3814x79216"|"Chartered legal executive (England and Wales)"|"Kaufman PLC"|"1954-01-30"
"d56b190f-1e33-4030-ad40-0cc7b1ad3d75"|"Scott"|"Jordan"|"M"|"381 Heather Garden Suite 383"|"837-273-5927x430"|"Industrial buyer"|"Walker, West and Lloyd"|"1958-05-28"
"6d874f81-6dd5-42f8-8988-8b415f284356"|"Alexis"|"Perez"|"F"|"501 Rosario Loop"|"(300)973-9598"|"Television production assistant"|"Flores Inc"|"1987-07-24"
"8211cb3f-8096-49c9-94bf-57e48d3bff57"|"Suzanne"|"Foster"|"F"|"143 Christopher Ways"|"001-337-372-6388"|"Personal assistant"|"Morgan, Rivera and Richards"|"1993-10-07"
"38544b4b-eb08-46a7-9b20-1e9a9b1de06b"|"Robert"|"Gates"|"M"|"740 Brian Course"|"(373)349-7558x23377"|"Engineer, maintenance (IT)"|"Brady-Clarke"|"1910-12-25"
"c3beb3fe-6989-40a4-99fb-25b769ddd3d4"|"Laura"|"Allen"|"F"|"842 King Land"|"4068876208"|"Network engineer"|"Patel LLC"|"2004-04-25"
"afe915ce-fa8f-4db2-8b2e-7ba1fce78383"|"Jose"|"Dunn"|"M"|"138 Yates Harbor Suite 905"|"507.487.2981x87974"|"Engineer, manufacturing"|"Black Group"|"1946-09-30"
"8770eda4-7967-4b26-ac9e-70bad8ed98f7"|"Shannon"|"Mcdowell"|"F"|"943 Donald Village Apt. 289"|"+1-939-326-4660x553"|"Theatre stage manager"|"Black-Gonzalez"|"1994-03-04"
"154de931-2872-4bde-8751-d821977d5a7e"|"Nicole"|"Espinoza"|"F"|"624 Dakota Extensions"|"+1-692-466-5465x382"|"Transport planner"|"Green, Miller and Johnson"|"1989-03-07"
"638eb926-a394-4c13-b9e7-4042fc0beb2e"|"Carl"|"Rivera"|"M"|"317 Jeffery Spur Suite 411"|"(502)986-6066"|"Geoscientist"|"Beck LLC"|"1993-03-29"
"5d87fbc6-8d3d-471f-aab9-c24bdfa25a2b"|"Alexander"|"Pugh"|"M"|"180 Thomas Coves Suite 736"|"+1-887-768-4219x442"|"Health and safety inspector"|"Wells-Flores"|"1945-10-09"
"9e3c68cb-151e-4f8e-af95-095246b674bb"|"Benjamin"|"Mills"|"M"|"921 Day Inlet"|"+1-743-508-2096"|"Printmaker"|"Mcgrath, Best and Williams"|"1969-11-03"
"492874db-e32d-40d4-948d-9cc4854bbadc"|"Jill"|"Browning"|"F"|"855 Aimee Circles"|"001-255-210-1405x6404"|"Engineer, chemical"|"White, Levy and Hill"|"1979-07-07"
"e8708919-fef8-4092-8221-e2b90c46b664"|"Henry"|"Ward"|"M"|"839 David Passage Suite 979"|"351-968-2850x61318"|"Economist"|"Cochran PLC"|"1926-09-02"
"fc91a2fb-560b-43c6-b602-9c9ac28b097f"|"Peter"|"Rojas"|"M"|"131 Anderson Port"|"(766)896-4171x58591"|"Call centre manager"|"Mclaughlin, Campbell and Brown"|"1992-03-08"
"79e42aca-61f9-4b18-94cc-6f141e5fe3a2"|"Jessica"|"Barnes"|"F"|"628 Shepard Bridge"|"872-583-2532x240"|"Clinical embryologist"|"Caldwell Inc"|"1975-07-18"
"0fd9edf1-cb9e-4104-a040-4e5a0dd7ef10"|"Carmen"|"Gonzalez"|"F"|"58 Oneal Underpass"|"001-808-301-4128x3202"|"Training and development officer"|"Martinez, Smith and Mitchell"|"1990-02-06"
"c5af1630-7c18-4136-8099-caf0b722fde0"|"Gerald"|"Browning"|"M"|"724 Cooley Dam Apt. 601"|"(489)543-5758"|"Insurance underwriter"|"Lin-Mccullough"|"1925-08-04"
"b1374bb7-a7b8-4f52-94e9-4d65910fe5e7"|"Joshua"|"Browning"|"M"|"265 Amber Wells"|"(315)959-3776"|"Engineer, civil (contracting)"|"Lopez-Morris"|"1975-09-08"
"6b14dd77-3b9a-4c27-a696-a534b7f258dc"|"Caitlyn"|"Simon"|"F"|"523 Quinn Divide"|"(324)635-6019x644"|"Food technologist"|"Anderson, Jensen and Salas"|"1958-01-28"
"f34fd086-a318-47bb-b95b-1ee7b30921f1"|"Kristen"|"Leach"|"F"|"747 Hensley Park Suite 873"|"(884)854-5064x9263"|"Heritage manager"|"Pearson Inc"|"1993-03-02"
"d1e2e13e-45f2-4698-898d-fb372da10a79"|"Mary"|"Gates"|"F"|"136 Ross Camp Apt. 134"|"+1-900-722-8853x359"|"Electrical engineer"|"Dunn LLC"|"1941-10-17"
"8d931209-ed42-4c75-aed7-ec2e541cc5a7"|"Jessica"|"Benson"|"F"|"577 Chandler Tunnel Suite 681"|"+1-201-267-8062x628"|"Emergency planning/management officer"|"Shaw, Miller and Ramirez"|"1981-03-28"
"dbc73942-a09f-44f0-acdf-e7cd51143e94"|"Samantha"|"Mitchell"|"F"|"24 Jeffrey Run"|"(223)665-6744"|"Optician, dispensing"|"Jones Group"|"1921-06-03"
"0cf384e1-c41e-4227-9447-eec5e09e0b0f"|"Marvin"|"Garcia"|"M"|"367 Randall Burg"|"001-335-964-8479x2469"|"Records manager"|"Cameron Inc"|"2006-09-14"
"5c237ee3-8e68-4dc2-aab4-d82872ab69e1"|"Weaver"|"Baker"|"F"|"575 Alexis Freeway Apt. 358"|"248-311-5090x292"|"Logistics and distribution manager"|"Thomas, Gomez and Robinson"|"1974-05-09"
"7b118de6-ce27-44a3-9160-51cacf3dc42d"|"Kelly"|"Mcdowell"|"F"|"997 Jeffery Isle"|"(815)807-1691"|"Electronics engineer"|"Stafford, Garcia and Peck"|"2022-08-03"
"bf10ccc5-d794-4c1a-8257-3d1b2b44746b"|"Lauren"|"Bailey"|"F"|"612 Johnson Lake"|"926-666-8333x4973"|"Surveyor, mining"|"Manning Ltd"|"1943-01-18"
"b9d1ea0e-e31b-4923-ac32-126020bb5036"|"Grace"|"Mcdaniel"|"F"|"530 Diana Point"|"652.887.1220x5360"|"Therapist, drama"|"Kemp, Merritt and Hamilton"|"1916-03-17"
"85ae76cb-6277-40e7-86c4-55d691ca0773"|"Thomas"|"Martin"|"M"|"76 David Course Apt. 455"|"001-290-950-0494x145"|"Geologist, wellsite"|"Frazier-Johnson"|"2015-06-16"
"c42afea4-56f7-4d00-b61c-b693f7c15887"|"Chad"|"Allen"|"M"|"556 Johnson Plains Suite 376"|"(290)920-8903x47565"|"Amenity horticulturist"|"Wood-Pham"|"1916-05-02"
"227b5e5a-c1e7-497d-bc4e-ec654e3d8e64"|"James"|"Fernandez"|"M"|"12 May Rest Suite 582"|"9998439705"|"Engineer, structural"|"Schmidt Inc"|"1938-07-01"
"42f2ffb7-9c5a-4058-b827-c1adfaf39abd"|"Ronald"|"Cooke"|"M"|"187 Martinez Grove Apt. 125"|"+1-820-856-4844"|"Surveyor, planning and development"|"Sampson, Wright and Smith"|"1938-10-19"
"5ad490ac-5cff-4ce8-b3af-fbb5a32b9715"|"Sandra"|"Dunn"|"F"|"93 Michael Manor"|"+1-495-583-4834x0561"|"Private music teacher"|"Hood, Sanchez and Collins"|"1911-10-22"
"16b33795-6516-4f47-b497-51a1e9239f15"|"Stephen"|"Villanueva"|"M"|"245 Randolph Way Suite 427"|"+1-671-235-8004x1237"|"Corporate treasurer"|"Robertson-Garcia"|"2017-11-28"
"dae2e9c8-e6a9-4a7e-baf5-6042540b2a76"|"Maria"|"Velez"|"F"|"476 Jeffery Spur Suite 411"|"937-755-5365x32545"|"Control and instrumentation engineer"|"Suarez Group"|"2014-08-06"
"0275c138-c05c-47fb-8e30-1953883be497"|"Elizabeth"|"Watkins"|"F"|"337 Jeffery Isle"|"386.333.4655x29770"|"Brewing technologist"|"Clements-Barrera"|"2007-03-02"
"86846d97-78f0-40ec-8593-68b42dc7346f"|"Cody"|"Mcdaniel"|"M"|"351 Tara Inlet"|"+1-594-388-3256"|"Quality manager"|"Rodriguez Inc"|"1922-02-19"
"b882eacd-b3b5-4b2f-b1c2-e2180ab09568"|"Daniel"|"Little"|"M"|"877 Oneal Underpass"|"449-481-0687"|"Occupational psychologist"|"Robinson, Spencer and Ellis"|"1997-10-06"
"fca4e784-3655-4fa5-bbd1-ff96baefd856"|"Richard"|"Browning"|"M"|"176 Catherine Cove"|"4479466168"|"Publishing rights manager"|"Herrera-Norris"|"1991-06-05"
"0566d41d-ed07-48b8-a9c1-96404e5cbc56"|"Connor"|"Garcia"|"M"|"527 Murphy Creek Suite 712"|"+1-773-427-6695x98735"|"Corporate treasurer"|"Larson LLC"|"2011-07-23"
"14d50a5a-0b04-492a-9fb7-ca3d2f238057"|"Andrew"|"Franklin"|"M"|"411 Warner Circle"|"+1-982-358-3807"|"Buyer, retail"|"Reed PLC"|"1955-01-01"
"da610f2e-d5fd-4264-97a8-170b9bc82083"|"Diane"|"Aguirre"|"F"|"341 Hood Loop Apt. 276"|"3364048928"|"Hydrogeologist"|"Tapia Group"|"2020-04-22"
"a26dd9e1-75bd-4740-9f7e-82d12b212a0a"|"Sandra"|"Tran"|"F"|"802 Davis Landing"|"222-978-0510x08201"|"Administrator, charities/voluntary organisations"|"Pratt, Hall and Leonard"|"1990-01-23"
"2b413bc2-eeee-42bb-9c02-7096a320926c"|"John"|"Henderson"|"M"|"728 Diana Point"|"(286)768-1721"|"Recruitment consultant"|"Anderson Group"|"2019-10-10"
"6bf1b1c9-2405-4f9f-b6ea-c7523c8c0fe0"|"Connor"|"Martin"|"M"|"962 Moore Crossroad Apt. 549"|"805-705-6388x108"|"Set designer"|"Edwards, Johnson and Hayes"|"1973-05-21"
"59db014c-7ee0-4ffa-baf8-03859610b9d0"|"Paige"|"Bennett"|"F"|"288 Dakota Extensions"|"3274316448"|"Broadcast presenter"|"Hudson PLC"|"1971-09-30"
"c97f15f8-2db0-4c2f-a059-3a1e4119d84c"|"Ann"|"Snyder"|"F"|"377 Jeffrey Run"|"001-611-225-8922x94533"|"Data scientist"|"Brown PLC"|"1946-09-29"
"43711d4a-544e-4150-bc03-7affccce4f8c"|"Christine"|"Garcia"|"F"|"962 Dakota Extensions"|"+1-962-814-7149x62927"|"Sound technician, broadcasting/film/video"|"Young Ltd"|"1956-11-06"
"a39dbc32-2904-447d-b68e-ac5fcbc1bcd1"|"Crystal"|"Mckee"|"F"|"122 Nicole Via"|"(730)897-1184x93899"|"Early years teacher"|"Smith-Keith"|"1940-07-15"
"8642e19e-af26-4976-ba60-2ea4d2237b75"|"Joseph"|"Martinez"|"M"|"303 Matthew Keys"|"(812)942-9882x6846"|"Ranger/warden"|"Sanders-Burch"|"2003-12-07"
"421734cb-4e16-40d2-90d0-4063bb96fa67"|"Olivia"|"Fernandez"|"F"|"189 Catherine Lock"|"001-382-774-0461x1785"|"Local government officer"|"Collins, Martin and Figueroa"|"1971-05-03"
"16a8c16f-ee59-4219-8972-60a8544baa57"|"Ronnie"|"Jackson"|"M"|"448 Marquez Lane"|"(262)818-2839x08470"|"Purchasing manager"|"Hill LLC"|"2020-12-28"
"6f825842-e360-4649-99f5-ccab93e58d8f"|"Emily"|"Jones"|"F"|"782 David Passage Suite 979"|"(653)737-5541"|"Theatre director"|"Cox, Carpenter and Garcia"|"1936-02-16"
"ac0d495e-7e77-4c05-a56e-cbbb6bfbf6ff"|"Nicole"|"Jones"|"F"|"193 Warner Circle"|"7726967346"|"Armed forces training and education officer"|"Waller Inc"|"1909-07-15"
"f622de55-0704-4f81-a8fe-cf139e12fe4a"|"Vernon"|"Espinoza"|"M"|"614 Higgins Port Apt. 001"|"606-976-8935"|"Designer, graphic"|"Mclean-Wood"|"2016-02-07"
"f3232e79-e709-430e-8bbc-fefe28114d06"|"Catherine"|"Hall"|"F"|"569 Charles Mall Apt. 745"|"+1-511-625-4148x53136"|"Physiological scientist"|"Stout Group"|"1939-01-29"
"f6ef4609-9b8a-4c37-8130-da7496a343e9"|"David"|"Lee"|"M"|"275 Thomas Wall Suite 035"|"001-577-913-8118x15867"|"Teacher, special educational needs"|"Mcguire, Moore and Contreras"|"1908-12-17"
"83dfca43-61c2-44bc-94b1-998e6925bfed"|"Kimberly"|"Mckee"|"F"|"542 Stacey Via Suite 001"|"+1-617-332-3193"|"Teacher, primary school"|"Finley-Braun"|"2023-02-24"
"5582a453-c570-4347-89af-3d98d8a2163e"|"David"|"Romero"|"M"|"289 Stacey Via Suite 001"|"001-831-473-4461x6641"|"Engineer, production"|"Holland-Greer"|"1961-10-04"
"43db7fad-a024-4d5a-b188-f281f89b03f5"|"John"|"Anderson"|"M"|"185 Oneal Underpass"|"(566)236-3655"|"Probation officer"|"Roberts-Swanson"|"1950-04-28"
"2f23caf3-f2b9-4961-a7f1-2cb6399e92b0"|"Miller"|"Hayden"|"F"|"158 Patricia Trafficway Apt. 188"|"715.320.8447"|"Air cabin crew"|"Phillips, Lee and Fowler"|"1948-04-01"
"ee14ef92-47d7-4a39-a72c-7c1e623e9ad4"|"Heather"|"Curtis"|"F"|"232 Hensley Park Suite 873"|"(325)573-6481"|"Archivist"|"Guzman-Knight"|"1910-06-29"
"8e89703e-7f7c-4555-8721-7d2bb9ffeb77"|"Jasmine"|"Wilson"|"F"|"899 Alexis Run Suite 764"|"542-656-3517x701"|"Media planner"|"Ramos PLC"|"1981-10-18"
"865c149b-57aa-48ca-be3a-867c6906d474"|"Jessica"|"Jackson"|"F"|"453 Luna Loop"|"001-433-926-8439x36054"|"Ship broker"|"Wyatt, Perez and Nichols"|"1964-04-11"
"8f94b5ec-9132-430d-9e16-9f906312a967"|"Anna"|"Jackson"|"F"|"758 Christine Gateway"|"309.862.0802x807"|"Social research officer, government"|"Conner-Navarro"|"1951-09-20"
"6f525492-6d06-4327-b2f9-b6ea530fba9f"|"Jordan"|"Flynn"|"M"|"148 Tiffany Gateway"|"521-824-4818x6010"|"Translator"|"Kelly-West"|"2018-06-28"
"88b627d1-48cf-49ac-afc3-3db69ea1200a"|"Barbara"|"Willis"|"F"|"753 Simpson Mill Apt. 030"|"266.313.6351x735"|"Medical physicist"|"Mayer, Dyer and Cardenas"|"1957-10-29"
"637964fb-b995-4be9-b719-0487fcc399da"|"Elizabeth"|"Curry"|"F"|"181 Christopher Ways"|"273-935-6938"|"Data processing manager"|"Lewis-Perkins"|"1948-12-29"
"7b5b4867-a7b2-4b3f-9208-b9c143c64b99"|"Lee"|"Morris"|"M"|"570 Charles Extension Apt. 046"|"903.795.3616"|"Merchant navy officer"|"Lutz-Sampson"|"1959-04-21"
"5e29ce4a-796b-4024-915b-d9a56eee3d5a"|"Paul"|"Baxter"|"M"|"628 Evans Ports Suite 383"|"672.596.5415x83287"|"Management consultant"|"Mayo, Rogers and Campbell"|"1927-04-27"
"c10c01cc-d507-49ac-b495-eb7c98742b76"|"Patricia"|"Young"|"F"|"245 Robin Junctions Apt. 618"|"271-679-3123x836"|"Location manager"|"Wilkinson, Pearson and White"|"2020-02-01"
"000804d3-ae36-4195-b421-c9221c27fbf8"|"Shelly"|"Herrera"|"F"|"888 Castillo Underpass Apt. 535"|"317-824-1537x96318"|"Structural engineer"|"Stone-Moore"|"2010-12-14"
"4cfffe9a-cb66-4f86-af23-a8d7e0d97eb1"|"David"|"Cole"|"M"|"610 Angela Lights"|"984-803-9855x12769"|"Actor"|"Johnson-Stokes"|"1967-06-21"
"5b7ed297-4214-4a23-b644-fdeed84bbc13"|"Julie"|"Haas"|"F"|"349 Jones Cliffs Suite 657"|"772-256-4405x030"|"Administrator, education"|"Buckley, Maxwell and Parks"|"1921-06-08"
"a7ebec32-35d6-4e4f-b196-741e4dcf9200"|"Catherine"|"Baker"|"F"|"954 Anderson Parkways"|"220.416.9284x5825"|"Insurance account manager"|"Rodriguez LLC"|"1926-08-12"
"6c9d87e3-f753-4969-aa96-24181f8959f3"|"Brent"|"Wilson"|"M"|"441 Ortiz Brooks"|"(740)769-9229x986"|"Textile designer"|"Taylor LLC"|"1911-03-16"
"05561363-5703-4af5-8c8d-f5cdf380a07e"|"Bradley"|"Joseph"|"M"|"628 Shepard Bridge"|"8572203556"|"Soil scientist"|"Soto, Bryan and Williams"|"1987-06-21"
"cba69193-017d-40f4-90f5-5d887b0996a0"|"Jose"|"Torres"|"M"|"464 Lynn Lake Suite 253"|"+1-309-268-5069x743"|"Merchandiser, retail"|"Warner Group"|"1990-06-24"
"9bb419e2-a2d2-4f7d-9e9f-0a2c96a4e654"|"Caleb"|"Ray"|"M"|"361 Tim Avenue Apt. 437"|"552.509.1574x8410"|"Chartered accountant"|"Mack, Cummings and Brown"|"1958-10-15"
"ec853ff6-9b16-4881-9dc6-de819fcacd3a"|"Elizabeth"|"Padilla"|"F"|"812 Anderson Port"|"406-339-8355"|"Cytogeneticist"|"Bailey, Castillo and Ford"|"1982-01-12"
"478b7b9a-c996-4405-8de8-b0c34feabf8d"|"Lori"|"Powers"|"F"|"964 Anderson Port"|"226-437-9989"|"Teacher, adult education"|"Mcdowell, Pittman and Smith"|"2011-10-11"
"00a8b928-c63c-4a7c-88b3-a6cf3d7cb5e8"|"Leslie"|"Reyes"|"F"|"459 Patricia Trafficway Apt. 188"|"(738)979-1430"|"Bookseller"|"Aguirre, Taylor and Miller"|"1948-01-28"
"4784b808-c1a7-45f5-add1-30dc8e9f3b21"|"Maria"|"Welch"|"F"|"164 Brown Canyon Apt. 503"|"2137305113"|"Personnel officer"|"Tran Group"|"1916-12-24"
"987cd70a-7565-488d-821e-25a0310baf0d"|"Melissa"|"Dean"|"F"|"751 Pham Ports"|"(546)377-4790"|"Secretary, company"|"Abbott-Stokes"|"1923-08-17"
"f3ddf8cf-0e2f-4615-8e16-8b6f46d78053"|"Nicholas"|"Davis"|"M"|"729 Monica Burgs Suite 695"|"(826)405-4310x22746"|"Biomedical engineer"|"Smith Inc"|"1915-07-25"
"f3b0d3f8-a0f7-4b35-b3e9-dc2e8daa3f9f"|"Earl"|"Leach"|"M"|"331 Jonathan Stravenue"|"+1-738-292-4308x37112"|"Economist"|"Cunningham-Aguirre"|"1979-12-15"
"2ee22582-335a-43cf-a47c-fe69eec5d65e"|"Jason"|"Smith"|"M"|"503 Wyatt Pike Suite 863"|"(215)405-8523x188"|"Medical laboratory scientific officer"|"Lopez, Cummings and Smith"|"1991-01-16"
"ae5639b8-ce12-4370-b92d-efa8b2e41b9e"|"Derrick"|"Rodriguez"|"M"|"175 Heather Garden Suite 383"|"413.511.4544"|"Editor, commissioning"|"Parker-Garza"|"1985-09-23"
"83285ba8-984a-440c-b868-4c31425c30d8"|"Steven"|"Garcia"|"M"|"418 Christopher Tunnel"|"387-869-8328x3366"|"Games developer"|"Gomez Inc"|"1929-08-21"
"ea3a8c2e-0c00-4f78-8552-e55591929040"|"Kimberly"|"Tran"|"F"|"284 Johnson Plains Suite 376"|"220-767-3787"|"Engineer, control and instrumentation"|"Williams, Ellis and Davies"|"1996-09-21"
"dd746163-96b4-43e2-8192-2a6bacec002e"|"Lindsey"|"Holmes"|"F"|"224 Lynn Lake Suite 253"|"740.649.2436x722"|"Science writer"|"Thompson, Lee and Jones"|"2005-03-19"
"13fbf26a-296b-414e-b151-10974a3aacf0"|"Stephanie"|"Williams"|"F"|"626 Alexandra Bridge Suite 474"|"001-270-382-5765x4882"|"Geochemist"|"Rose-Lopez"|"2014-01-16"
"ef6b97f3-256a-451d-91e2-bdb57586dd3d"|"Charles"|"Smith"|"M"|"464 Randall Burg"|"673.306.1710"|"Therapist, art"|"Green Ltd"|"1987-11-17"
"4a3fbf5c-facc-45ab-ba4e-9be0edc6ee23"|"Gloria"|"Burton"|"F"|"85 Shelton Run"|"(582)821-0314x72091"|"Tour manager"|"Wilson-Sanders"|"1910-02-21"
"ba32e985-2bc9-4f12-8120-c791f1b3d4ef"|"Gonzalez"|"Gonzalez"|"M"|"17 Colleen Mount"|"291-738-9162"|"Software engineer"|"Boyle-Clark"|"2018-03-31"
"317f2243-0c82-4813-8d18-62eff9f2be37"|"Robert"|"Wilson"|"M"|"208 Morales Gardens Suite 197"|"+1-744-907-5213x5521"|"Sports coach"|"Hamilton, Garcia and Powell"|"2024-05-02"
"7e39ee35-c605-4d8f-8210-d0e08c67cf8e"|"Kristen"|"Jones"|"F"|"760 Monica Burgs Suite 695"|"783-707-0331x9844"|"Television camera operator"|"Jones-Dorsey"|"2003-03-14"
"7b9b0e7e-1c0d-4627-a242-c44a11154441"|"John"|"Watson"|"M"|"510 Alexandra Bridge Suite 474"|"+1-633-517-0662x9642"|"Commissioning editor"|"Flores and Sons"|"1980-07-04"
"928113a4-fd55-412f-b694-2370d93ae5a2"|"Carl"|"Crawford"|"M"|"990 Jeffrey Run"|"+1-428-621-0483"|"Teacher, English as a foreign language"|"Hamilton, Romero and Taylor"|"1945-03-27"
"e478e1b0-9445-403a-b412-67d538cc771a"|"Chelsea"|"Moore"|"F"|"907 Montoya Walk Apt. 578"|"(829)688-2769x62133"|"Art gallery manager"|"Wilson and Sons"|"2010-01-15"
"93dbc822-5150-4e33-bc5b-75e236ae19a8"|"Margaret"|"Mccullough"|"F"|"3 Smith Avenue Apt. 759"|"8839642018"|"Customer service manager"|"Mclean-Garcia"|"1982-09-17"
"327d84f2-983c-4105-abd6-54df029fb452"|"Wendy"|"Martin"|"F"|"413 King Land"|"+1-332-462-9589x948"|"Waste management officer"|"Li, Higgins and Rivas"|"2017-12-06"
"120298c7-ac5a-47af-92e5-daed282d3b10"|"Melissa"|"Bond"|"F"|"262 Bruce View Suite 976"|"(953)375-8505x565"|"IT technical support officer"|"Brown, Bell and Fleming"|"1975-03-23"
"6ec8cdf9-07f3-44de-bc03-0013a5776caa"|"William"|"Roberts"|"M"|"120 Oneal Underpass"|"001-893-407-7622x717"|"Psychologist, clinical"|"White-Christensen"|"1940-07-09"
"363412be-7f3c-4c26-82e5-2a20ea856782"|"Brandon"|"Padilla"|"M"|"745 Smith Ranch Suite 211"|"001-928-337-1032"|"Lexicographer"|"Johnson-Luna"|"1970-07-14"
"de4ea334-7123-4628-ba95-679fd2ace749"|"Crystal"|"Roberts"|"F"|"187 Charles Mall Apt. 745"|"+1-474-480-1656x185"|"Youth worker"|"Turner PLC"|"1914-08-25"
"8fada3a5-7591-4fde-81f2-b1225bf536d6"|"Tamara"|"Ramos"|"F"|"542 Julia Station"|"897.873.3488x83547"|"Social worker"|"Brown-Crosby"|"1945-03-10"
"1dbc78cd-74a0-41cf-a765-cc3dfedf13fe"|"Theresa"|"Strickland"|"F"|"648 Arnold Cliffs"|"(898)754-3622"|"Health physicist"|"Holden-Oconnor"|"1996-07-08"
"42d9341c-baf0-400f-b354-e45d8e093197"|"Katie"|"Dunn"|"F"|"590 Luna Loop"|"205-501-8043x875"|"Customer service manager"|"Rodriguez-Freeman"|"2009-07-08"
"89840535-b3dd-4b23-889c-52c2472596a5"|"Felicia"|"Morrison"|"F"|"378 Jones Cliffs Suite 657"|"591.893.6447"|"Conservation officer, nature"|"Beck-Myers"|"2004-12-22"