<?xml version="1.0" encoding="UTF-8" ?><automobiles><automobile><person_id>2058d023-d93f-407e-8494-ef112c989a67</person_id><license_plate>88-CZ18</license_plate><vin>6BNJ4PDS7UCBBAGND</vin><color>Magenta</color><year>1977</year></automobile><automobile><person_id>2058d023-d93f-407e-8494-ef112c989a67</person_id><license_plate>9RJ7519</license_plate><vin>CERS7ZZ16UY5D474N</vin><color>ForestGreen</color><year>1973</year></automobile><automobile><person_id>992673b9-fd64-4c35-a480-7a41a608a639</person_id><license_plate>ZT-8841</license_plate><vin>Z6UKGMK7X01WSZATA</vin><color>Lavender</color><year>2024</year></automobile><automobile><person_id>391da49c-a89f-4ef2-86c3-ddbb75f1add9</person_id><license_plate>868346</license_plate><vin>1J84ZLU5745RTRMZ8</vin><color>DimGray</color><year>2024</year></automobile><automobile><person_id>ffbd1b4d-d2bc-490f-8e00-2e3f809b9935</person_id><license_plate>KYJ 740</license_plate><vin>78V758N20NF2D4AVM</vin><color>LightPink</color><year>1999</year></automobile><automobile><person_id>f2055151-6391-411f-8f49-2183cd38f111</person_id><license_plate>822 CDX</license_plate><vin>32EK8SST8UPP9FWC9</vin><color>Red</color><year>1977</year></automobile><automobile><person_id>3006b3fd-8a7f-47b5-9332-c4cdecc5d099</person_id><license_plate>569 3IA</license_plate><vin>C45EDZKJ0FLJ9PX0D</vin><color>Purple</color><year>2014</year></automobile><automobile><person_id>3006b3fd-8a7f-47b5-9332-c4cdecc5d099</person_id><license_plate>7C SP226</license_plate><vin>Y9GBZ8AP32H2C6HDN</vin><color>Lime</color><year>2015</year></automobile><automobile><person_id>c3578106-41c3-4531-8c56-cb3be02d523b</person_id><license_plate>IY5 L9T</license_plate><vin>DGZSCZ8M69YC6U04H</vin><color>DarkTurquoise</color><year>1989</year></automobile><automobile><person_id>c3578106-41c3-4531-8c56-cb3be02d523b</person_id><license_plate>CIK 604</license_plate><vin>Y6HV89499WJDE9N90</vin><color>AliceBlue</color><year>1999</year></automobile><automobile><person_id>0b80a378-777c-46bc-8c80-44a77aa0d088</person_id><license_plate>OSW-8099</license_plate><vin>DN1XNX0LXB2YEY555</vin><color>PaleGreen</color><year>1996</year></automobile><automobile><person_id>0b80a378-777c-46bc-8c80-44a77aa0d088</person_id><license_plate>630 CKF</license_plate><vin>LFSDRKKU3AAD4DRKZ</vin><color>MistyRose</color><year>2007</year></automobile><automobile><person_id>dd615c9f-68b5-4f58-b5ad-efd6380e338d</person_id><license_plate>28-2506M</license_plate><vin>SJPBZ4853EJ9SM21Z</vin><color>Pink</color><year>2013</year></automobile><automobile><person_id>ab6db2f6-42af-4275-b67a-20cee1b77b56</person_id><license_plate>124U3</license_plate><vin>4WMVSZ6NX81TR2SZD</vin><color>MintCream</color><year>2008</year></automobile><automobile><person_id>ab6db2f6-42af-4275-b67a-20cee1b77b56</person_id><license_plate>66HH7</license_plate><vin>CWS54V833FDMNPNR2</vin><color>OldLace</color><year>1991</year></automobile><automobile><person_id>fa820eb5-5cbb-4ba3-884d-20fe9dcdbce0</person_id><license_plate>7V 8F1HNQ</license_plate><vin>WST8X4XP8J2321WSW</vin><color>DarkSalmon</color><year>1987</year></automobile><automobile><person_id>4c99afb5-c9ea-47f7-b3c6-56729097cb8c</person_id><license_plate>004 LKR</license_plate><vin>707LEABV2TK2377WU</vin><color>DarkGray</color><year>1987</year></automobile><automobile><person_id>4c99afb5-c9ea-47f7-b3c6-56729097cb8c</person_id><license_plate>KLT 895</license_plate><vin>HHFYLA0H6FSDTFX55</vin><color>Plum</color><year>1984</year></automobile><automobile><person_id>4c99afb5-c9ea-47f7-b3c6-56729097cb8c</person_id><license_plate>48-01134</license_plate><vin>S8VVE1JJ4B6TXW54X</vin><color>MediumPurple</color><year>1972</year></automobile><automobile><person_id>875276eb-8acd-49bd-882b-16734c1b77f8</person_id><license_plate>TAS3868</license_plate><vin>R4N23FPJ7XJ6B76BM</vin><color>DarkOrange</color><year>1980</year></automobile><automobile><person_id>875276eb-8acd-49bd-882b-16734c1b77f8</person_id><license_plate>SN 2594</license_plate><vin>D4KLM84L943ZDEZ8D</vin><color>DarkSeaGreen</color><year>2008</year></automobile><automobile><person_id>aa3916c8-d50e-42fb-8dad-533b6655541a</person_id><license_plate>789-IQW</license_plate><vin>755HA4DH9C8X1EJPN</vin><color>LightYellow</color><year>1984</year></automobile><automobile><person_id>20989480-968c-47a9-af5b-0edefcb3bd58</person_id><license_plate>SYW-9961</license_plate><vin>PZB4LGDN6A1ZYXPBZ</vin><color>Tomato</color><year>1992</year></automobile><automobile><person_id>87237e7f-c1a1-4f8d-b9ec-8c4c94e914e8</person_id><license_plate>Z22-SGM</license_plate><vin>DEYJCF853GJVDNJFL</vin><color>Violet</color><year>1976</year></automobile><automobile><person_id>87237e7f-c1a1-4f8d-b9ec-8c4c94e914e8</person_id><license_plate>502 IQB</license_plate><vin>NW0K4D3C7067AP6TN</vin><color>DarkCyan</color><year>1983</year></automobile><automobile><person_id>8994c499-f27b-479e-b38c-0daa6033d548</person_id><license_plate>MKX-8649</license_plate><vin>YFUFSNE26C5RD8G6K</vin><color>LavenderBlush</color><year>1973</year></automobile><automobile><person_id>8994c499-f27b-479e-b38c-0daa6033d548</person_id><license_plate>89M•316</license_plate><vin>W6G4YV4D9SD78V82P</vin><color>WhiteSmoke</color><year>1978</year></automobile><automobile><person_id>3efc5b12-edaa-41cb-b571-daa1d9bb500a</person_id><license_plate>FBA 683</license_plate><vin>7H7TV54NXJH00H9YK</vin><color>DimGray</color><year>2006</year></automobile><automobile><person_id>30abd4ca-3757-427a-b3cc-c7a11f7864e2</person_id><license_plate>V63 7GW</license_plate><vin>T1T248TY0N89S2DEM</vin><color>DarkSeaGreen</color><year>1997</year></automobile><automobile><person_id>30abd4ca-3757-427a-b3cc-c7a11f7864e2</person_id><license_plate>6T 2537O</license_plate><vin>D446PAND9AFLFR47P</vin><color>Maroon</color><year>2014</year></automobile><automobile><person_id>cfd1c937-0ed4-4f5d-a0cb-2c252f8c6cb8</person_id><license_plate>45-4911K</license_plate><vin>ECW4P0X1XXFLYW6XK</vin><color>White</color><year>1993</year></automobile><automobile><person_id>752aeedd-05d8-4533-8fb6-5325d8f26979</person_id><license_plate>MHK-648</license_plate><vin>CAR0T5UP16U002VKU</vin><color>Silver</color><year>1981</year></automobile><automobile><person_id>8d0692e1-67c9-4743-bc30-4de7cac1f275</person_id><license_plate>686 6KO</license_plate><vin>AX705W5Z26NAZ0XZ3</vin><color>LemonChiffon</color><year>1985</year></automobile><automobile><person_id>8d0692e1-67c9-4743-bc30-4de7cac1f275</person_id><license_plate>NDN 448</license_plate><vin>NG7WF0A14M3MXVS8Y</vin><color>MediumVioletRed</color><year>1985</year></automobile><automobile><person_id>df307057-d0f3-42b9-85dc-15e47b2b7260</person_id><license_plate>C 995351</license_plate><vin>0RX5EEGE8PTJT05FP</vin><color>LightSlateGray</color><year>1998</year></automobile><automobile><person_id>df307057-d0f3-42b9-85dc-15e47b2b7260</person_id><license_plate>7E930</license_plate><vin>KUBLKLYD06T0JRBSV</vin><color>MediumSeaGreen</color><year>2013</year></automobile><automobile><person_id>b8acb89e-50d3-4a1a-9423-1d22fe5d834a</person_id><license_plate>665-MUB</license_plate><vin>U7890GHKXTUA1MKC0</vin><color>GreenYellow</color><year>2000</year></automobile><automobile><person_id>c30a45e5-5f6d-40da-b5cb-c0473042861b</person_id><license_plate>562 RAG</license_plate><vin>KVJG564R0UMPGKLWJ</vin><color>PaleTurquoise</color><year>2007</year></automobile><automobile><person_id>73c87770-0283-4651-80d1-43ccd3684e21</person_id><license_plate>PTC P49</license_plate><vin>2YXWAU5H3TWM365FS</vin><color>LightSkyBlue</color><year>1987</year></automobile><automobile><person_id>2f2daed6-fcd3-4818-a77e-ae47b3ba30b7</person_id><license_plate>61NN2</license_plate><vin>JD1MU9BLXYRAJNKSY</vin><color>CornflowerBlue</color><year>1987</year></automobile><automobile><person_id>65bf0d47-d788-4ff4-a49e-c985c6c8389e</person_id><license_plate>983AGW</license_plate><vin>D98CKPT3XW66Y7RHT</vin><color>MediumVioletRed</color><year>1990</year></automobile><automobile><person_id>166412db-d11d-4b69-a45f-3b191d3bf66c</person_id><license_plate>ZBL-3739</license_plate><vin>EY1TPRP70901G6AA3</vin><color>Magenta</color><year>1996</year></automobile><automobile><person_id>166412db-d11d-4b69-a45f-3b191d3bf66c</person_id><license_plate>564 ZLA</license_plate><vin>6K64X2R684P980VDH</vin><color>PaleTurquoise</color><year>2015</year></automobile><automobile><person_id>e0960b67-044d-45f3-9b49-87fd8e47370e</person_id><license_plate>SAI 687</license_plate><vin>CDRA1UCN44WWPRCP2</vin><color>FloralWhite</color><year>1995</year></automobile><automobile><person_id>4dd10df6-daca-4bb6-9b79-7a33c04eec1b</person_id><license_plate>AG9 7794</license_plate><vin>0E4FZPM535LN9CM34</vin><color>PaleVioletRed</color><year>2016</year></automobile><automobile><person_id>4dd10df6-daca-4bb6-9b79-7a33c04eec1b</person_id><license_plate>E 421896</license_plate><vin>83A074SA92ZW0N54H</vin><color>Khaki</color><year>2001</year></automobile><automobile><person_id>a085670f-9bf0-4dcc-94b9-58081126f6d7</person_id><license_plate>659 XGQ</license_plate><vin>F2FV8P6B47LL714L6</vin><color>GreenYellow</color><year>2011</year></automobile><automobile><person_id>a085670f-9bf0-4dcc-94b9-58081126f6d7</person_id><license_plate>503-PTW</license_plate><vin>8LDPXGRP8BU6RR13Z</vin><color>PaleGreen</color><year>1982</year></automobile><automobile><person_id>a085670f-9bf0-4dcc-94b9-58081126f6d7</person_id><license_plate>6G J7136</license_plate><vin>PTA9F4A97U2Z3K3TH</vin><color>YellowGreen</color><year>2001</year></automobile><automobile><person_id>91de12ba-426a-4c2e-8fc3-704814b9120b</person_id><license_plate>9B TW361</license_plate><vin>JE3GEB9X023XSDJF4</vin><color>DeepSkyBlue</color><year>1981</year></automobile><automobile><person_id>91de12ba-426a-4c2e-8fc3-704814b9120b</person_id><license_plate>GCM 208</license_plate><vin>WFGX0YG21E89MRWFE</vin><color>Khaki</color><year>2019</year></automobile><automobile><person_id>255e8925-aac2-4534-ace0-becf6d0f339e</person_id><license_plate>5A673</license_plate><vin>9CMZ39LW08MLBHCJG</vin><color>OldLace</color><year>1987</year></automobile><automobile><person_id>255e8925-aac2-4534-ace0-becf6d0f339e</person_id><license_plate>546994</license_plate><vin>AC99RE8XX4PD71KKB</vin><color>Cornsilk</color><year>1970</year></automobile><automobile><person_id>18b67fe2-d08c-499e-9449-995cd3cd64a5</person_id><license_plate>217V4</license_plate><vin>NJ77KLRCXPN6A5M3H</vin><color>PaleGreen</color><year>1986</year></automobile><automobile><person_id>1aacd751-073e-4d7a-85e7-b7a5811b6b1a</person_id><license_plate>CU6 N5E</license_plate><vin>K6P4804F032J34NLS</vin><color>LightSeaGreen</color><year>1979</year></automobile><automobile><person_id>1aacd751-073e-4d7a-85e7-b7a5811b6b1a</person_id><license_plate>P41 9YQ</license_plate><vin>4D18GY902FXDXJU3W</vin><color>MediumPurple</color><year>2013</year></automobile><automobile><person_id>1aacd751-073e-4d7a-85e7-b7a5811b6b1a</person_id><license_plate>309 1NI</license_plate><vin>VFHEXJAE4NLJ6ZTH1</vin><color>SandyBrown</color><year>2014</year></automobile><automobile><person_id>dae7c3a1-4913-4f01-998f-dc5935a43df1</person_id><license_plate>446 KDB</license_plate><vin>CNX5S4RLX3VJ2Y2KC</vin><color>MistyRose</color><year>1976</year></automobile><automobile><person_id>e116e161-0a81-49b5-a4b9-1a952fbc892c</person_id><license_plate>HKM-2636</license_plate><vin>F49VUU5K94T41KCA9</vin><color>Maroon</color><year>2010</year></automobile><automobile><person_id>e116e161-0a81-49b5-a4b9-1a952fbc892c</person_id><license_plate>D36 4BU</license_plate><vin>FVZEA9J62LHABFE7L</vin><color>PaleGoldenRod</color><year>1999</year></automobile><automobile><person_id>e116e161-0a81-49b5-a4b9-1a952fbc892c</person_id><license_plate>0E 0U2ZOU</license_plate><vin>8THW79NB198VRTLRB</vin><color>Turquoise</color><year>1970</year></automobile><automobile><person_id>8afe417e-9ed0-4bf6-96fe-60b43aae3fcb</person_id><license_plate>KYA 567</license_plate><vin>98FRL9NY2TUD35W42</vin><color>FireBrick</color><year>2008</year></automobile><automobile><person_id>8afe417e-9ed0-4bf6-96fe-60b43aae3fcb</person_id><license_plate>3AO 949</license_plate><vin>K6X7ETMK0CX2YBCRN</vin><color>DarkCyan</color><year>2000</year></automobile><automobile><person_id>cf9913f4-79a9-4b18-acd0-aab544f12a03</person_id><license_plate>076 WOV</license_plate><vin>RSZ2T92H1YPRMKDN0</vin><color>AntiqueWhite</color><year>1995</year></automobile><automobile><person_id>cf9913f4-79a9-4b18-acd0-aab544f12a03</person_id><license_plate>118L</license_plate><vin>32FJWGG22AS660817</vin><color>MediumOrchid</color><year>2012</year></automobile><automobile><person_id>a6d0daaa-d3a3-42dc-952e-4a27e3ff3f1d</person_id><license_plate>50S D70</license_plate><vin>FGV73T5ZX5H162MVR</vin><color>SlateGray</color><year>1982</year></automobile><automobile><person_id>44b4692d-243d-45d3-900b-7af793088775</person_id><license_plate>025-GLX</license_plate><vin>3F9JD97X9TTVE508N</vin><color>SpringGreen</color><year>1995</year></automobile><automobile><person_id>44b4692d-243d-45d3-900b-7af793088775</person_id><license_plate>082 YIN</license_plate><vin>8VRY73794F1LZLPEX</vin><color>DeepSkyBlue</color><year>2009</year></automobile><automobile><person_id>44b4692d-243d-45d3-900b-7af793088775</person_id><license_plate>LK3 T5Q</license_plate><vin>8RAWAM5D8K5ZHLU9P</vin><color>Pink</color><year>1996</year></automobile><automobile><person_id>9160c6f3-cc2e-4e2e-bc28-1bd21e12acb6</person_id><license_plate>J16 1TH</license_plate><vin>VUS0F7WH8PB65ZA8Z</vin><color>Coral</color><year>1995</year></automobile><automobile><person_id>9160c6f3-cc2e-4e2e-bc28-1bd21e12acb6</person_id><license_plate>OB-1887</license_plate><vin>WWZDX5887NVA03WWT</vin><color>MediumBlue</color><year>1977</year></automobile><automobile><person_id>9160c6f3-cc2e-4e2e-bc28-1bd21e12acb6</person_id><license_plate>827-325</license_plate><vin>5N90F2PN05YNPG0BF</vin><color>DarkGray</color><year>1984</year></automobile><automobile><person_id>92c58942-8c07-4562-94a6-c2a0979e6cb1</person_id><license_plate>350-XWU</license_plate><vin>HZST8H359YFCB4WU9</vin><color>Cornsilk</color><year>2004</year></automobile><automobile><person_id>ef2c45d9-e5fa-4fdf-8a3f-59044f70b517</person_id><license_plate>9BI N18</license_plate><vin>HTA558SW34UY6AC9B</vin><color>Salmon</color><year>2014</year></automobile><automobile><person_id>401e60bd-54ec-4800-a8d8-5b147d4f9d06</person_id><license_plate>4Q790</license_plate><vin>DMCTF3EU0K1TFGS6E</vin><color>LightGoldenRodYellow</color><year>2004</year></automobile><automobile><person_id>401e60bd-54ec-4800-a8d8-5b147d4f9d06</person_id><license_plate>2F606</license_plate><vin>P02Y07T2XRANZ8CC6</vin><color>DarkGreen</color><year>1982</year></automobile><automobile><person_id>46040928-24e3-49ba-89da-17daa15ef931</person_id><license_plate>663 TMX</license_plate><vin>LKAWMTU721JG4Z0MM</vin><color>Cyan</color><year>1998</year></automobile><automobile><person_id>841a9dd8-deeb-4c24-8a3e-74266d1653ec</person_id><license_plate>8Q 4865R</license_plate><vin>6JLSHSEZ6P0FM8JLN</vin><color>GoldenRod</color><year>1972</year></automobile><automobile><person_id>841a9dd8-deeb-4c24-8a3e-74266d1653ec</person_id><license_plate>RJI 091</license_plate><vin>M3LTP6W68S64B3AJT</vin><color>Crimson</color><year>2020</year></automobile><automobile><person_id>24f18af5-6da8-4e3b-a436-be65b3ac545a</person_id><license_plate>64P•646</license_plate><vin>TNE7PRJD2UHLV3353</vin><color>OldLace</color><year>1984</year></automobile><automobile><person_id>24f18af5-6da8-4e3b-a436-be65b3ac545a</person_id><license_plate>18-E751</license_plate><vin>SACRH3DG0LDHW5KU3</vin><color>MediumOrchid</color><year>1984</year></automobile><automobile><person_id>1070a4d6-4995-42ae-9b25-0daa3fbf5f98</person_id><license_plate>MUP-6277</license_plate><vin>D6GS2ZYD9VYJLSFM4</vin><color>BlueViolet</color><year>2015</year></automobile><automobile><person_id>0b566e5f-9f57-425d-a4bf-373fb63ee5ef</person_id><license_plate>053-LPP</license_plate><vin>YP9Z70F7XPD5PJV1Y</vin><color>DarkBlue</color><year>1999</year></automobile><automobile><person_id>0b566e5f-9f57-425d-a4bf-373fb63ee5ef</person_id><license_plate>ZBK 671</license_plate><vin>KHUF60X75W4P2X186</vin><color>Olive</color><year>2016</year></automobile><automobile><person_id>b8ab774b-4ace-481b-8e19-c49de3dca0a1</person_id><license_plate>145-MTW</license_plate><vin>SZC180R953FNSTPT9</vin><color>SandyBrown</color><year>2001</year></automobile><automobile><person_id>44819a1b-610d-44e0-a37b-990e0e711337</person_id><license_plate>KFL 295</license_plate><vin>35V3EP031RG4874K9</vin><color>Salmon</color><year>1982</year></automobile><automobile><person_id>44819a1b-610d-44e0-a37b-990e0e711337</person_id><license_plate>1-69239</license_plate><vin>BCL6NLW04ZTYRV328</vin><color>DarkGoldenRod</color><year>1991</year></automobile><automobile><person_id>ee925e7a-5405-4a1b-acde-c1092249f714</person_id><license_plate>016-XLGV</license_plate><vin>HNJV7WE96EKUF5KS3</vin><color>Gold</color><year>1997</year></automobile><automobile><person_id>ee925e7a-5405-4a1b-acde-c1092249f714</person_id><license_plate>6XA03</license_plate><vin>SJPD609Y7XWZAT1H3</vin><color>DodgerBlue</color><year>2002</year></automobile><automobile><person_id>ee925e7a-5405-4a1b-acde-c1092249f714</person_id><license_plate>SWB9711</license_plate><vin>CEJ38RBNXFKN5XYCA</vin><color>LightGray</color><year>1992</year></automobile><automobile><person_id>31939854-6707-407f-b331-92f97fa94252</person_id><license_plate>OCY 551</license_plate><vin>EEUS6F4S62TVL1ZYU</vin><color>DarkGray</color><year>2016</year></automobile><automobile><person_id>31939854-6707-407f-b331-92f97fa94252</person_id><license_plate>188-GLN</license_plate><vin>X810N70Y20DR85PBF</vin><color>OrangeRed</color><year>1996</year></automobile><automobile><person_id>64fb42f0-e5d6-41c4-82e9-7ed0075e5228</person_id><license_plate>8BJ 984</license_plate><vin>F1PGHPBC8DLUWYMT9</vin><color>PeachPuff</color><year>1990</year></automobile><automobile><person_id>64fb42f0-e5d6-41c4-82e9-7ed0075e5228</person_id><license_plate>SE-4679</license_plate><vin>PJTKLARS15J004L7S</vin><color>LightCoral</color><year>1971</year></automobile><automobile><person_id>ac518adb-cb7e-45ad-a249-99e13ba4b769</person_id><license_plate>CFF 0013</license_plate><vin>1C2XEKVVXZWT39YBS</vin><color>LightSalmon</color><year>1979</year></automobile><automobile><person_id>ac518adb-cb7e-45ad-a249-99e13ba4b769</person_id><license_plate>MTM 778</license_plate><vin>M2YA40ZNX7A9TYC3E</vin><color>SlateBlue</color><year>2006</year></automobile><automobile><person_id>ac518adb-cb7e-45ad-a249-99e13ba4b769</person_id><license_plate>521 NIM</license_plate><vin>6TGKS8J38N9NTYT6F</vin><color>DarkRed</color><year>2021</year></automobile><automobile><person_id>2406f640-fef9-491e-bb9c-e25579fb8761</person_id><license_plate>JNZ-015</license_plate><vin>KR0UGZCHX9DKDV52M</vin><color>Violet</color><year>1986</year></automobile><automobile><person_id>c637420c-e3c2-47b6-8e88-e3e3d68295b9</person_id><license_plate>G56 4EY</license_plate><vin>JUAPG9GBX8TH4D36X</vin><color>NavajoWhite</color><year>1985</year></automobile><automobile><person_id>c637420c-e3c2-47b6-8e88-e3e3d68295b9</person_id><license_plate>JGK S00</license_plate><vin>AMHERJAL2B1JE9R5B</vin><color>SeaGreen</color><year>2013</year></automobile><automobile><person_id>c637420c-e3c2-47b6-8e88-e3e3d68295b9</person_id><license_plate>0-Z1223</license_plate><vin>S1E3SXA37DXV04BZS</vin><color>GreenYellow</color><year>2022</year></automobile><automobile><person_id>e7a9d107-3bf9-4006-8574-521be5822ee1</person_id><license_plate>G51 9ML</license_plate><vin>Z78VYBPE3WZZ18XZ0</vin><color>Pink</color><year>2019</year></automobile><automobile><person_id>d989c284-164b-4372-b5c4-7bb8230c00eb</person_id><license_plate>639 VRO</license_plate><vin>KM6ESMC318M30UV2N</vin><color>Salmon</color><year>1985</year></automobile><automobile><person_id>d989c284-164b-4372-b5c4-7bb8230c00eb</person_id><license_plate>9TK89</license_plate><vin>P2L8PXV8XP3YE4FVT</vin><color>Chartreuse</color><year>1972</year></automobile><automobile><person_id>922fe533-8a1c-4c0f-9dac-1bacdd8b9ee4</person_id><license_plate>CRB 2595</license_plate><vin>77EACXMZ5296P79HB</vin><color>BlueViolet</color><year>2006</year></automobile><automobile><person_id>922fe533-8a1c-4c0f-9dac-1bacdd8b9ee4</person_id><license_plate>2F034</license_plate><vin>1LTMRDE93WGWEL4L3</vin><color>DarkGray</color><year>2002</year></automobile><automobile><person_id>922fe533-8a1c-4c0f-9dac-1bacdd8b9ee4</person_id><license_plate>MFS 305</license_plate><vin>DTAW6JPW38ZJU4P5S</vin><color>Coral</color><year>1976</year></automobile><automobile><person_id>41b2e712-7cbe-4eec-acd3-9a45dc4fe09f</person_id><license_plate>411-BVF</license_plate><vin>GDRSXAKT5SYV1K77C</vin><color>Olive</color><year>2018</year></automobile><automobile><person_id>a9e91af4-5f36-4d44-b898-9bb9f4da5343</person_id><license_plate>IIV 840</license_plate><vin>7FY023Y82JN4ULH6T</vin><color>DarkCyan</color><year>1987</year></automobile><automobile><person_id>edc56197-f3a2-4f39-b7d1-9e2650d28a4d</person_id><license_plate>5AO2864</license_plate><vin>7T1B3BGF86PX7LJCF</vin><color>LightSteelBlue</color><year>1978</year></automobile><automobile><person_id>d404f497-07fc-404c-8bcf-12ad22b405f1</person_id><license_plate>123556</license_plate><vin>P56B83A26H21AMCVV</vin><color>Aqua</color><year>2005</year></automobile><automobile><person_id>d404f497-07fc-404c-8bcf-12ad22b405f1</person_id><license_plate>792 UE7</license_plate><vin>AR2MLWUV0FVXT7MH1</vin><color>YellowGreen</color><year>1974</year></automobile><automobile><person_id>14ef5f0c-5879-49e6-a90c-8979c3e50f18</person_id><license_plate>836 QFN</license_plate><vin>U5EZTEV20BWBTS748</vin><color>AntiqueWhite</color><year>1994</year></automobile><automobile><person_id>88597876-f527-4004-a000-63e3a7e3e97f</person_id><license_plate>6PYU168</license_plate><vin>2ZBB7X7T5WLBN9NM4</vin><color>MediumSeaGreen</color><year>2021</year></automobile><automobile><person_id>ceffeb4e-b4c3-432e-a243-35c591848cb4</person_id><license_plate>WUU 737</license_plate><vin>US16LRSM0GVFXD9WX</vin><color>RoyalBlue</color><year>2008</year></automobile><automobile><person_id>6ca62e2d-adf1-4d37-b812-c6bd05c7f207</person_id><license_plate>346 NSK</license_plate><vin>EW51P07P3UF6TD194</vin><color>Silver</color><year>2010</year></automobile><automobile><person_id>7f5e9ece-1e29-465e-969f-b4b7bc8a041a</person_id><license_plate>UZ 1849</license_plate><vin>FJHZ423P29UC8LHP6</vin><color>Olive</color><year>2000</year></automobile><automobile><person_id>4fa2e423-47d5-486f-b511-44ec08292cd2</person_id><license_plate>LPO 912</license_plate><vin>W5TE94R76N6HSWU8M</vin><color>WhiteSmoke</color><year>1975</year></automobile><automobile><person_id>4fa2e423-47d5-486f-b511-44ec08292cd2</person_id><license_plate>C55-LVN</license_plate><vin>EK8NCLGU0CZWZ0T61</vin><color>MediumPurple</color><year>1996</year></automobile><automobile><person_id>4fa2e423-47d5-486f-b511-44ec08292cd2</person_id><license_plate>ZCV 366</license_plate><vin>EGFG4YPV8KNA9ZG38</vin><color>GhostWhite</color><year>1976</year></automobile><automobile><person_id>0bff75ca-a748-4765-b8c4-a56d4a32332f</person_id><license_plate>257 GDJ</license_plate><vin>M01R0FSX6XN5UM4SF</vin><color>AliceBlue</color><year>2009</year></automobile><automobile><person_id>1588069e-9c81-4d8c-8b5f-87e0c2135c27</person_id><license_plate>1OD 195</license_plate><vin>T96LG0F00AD1C0M0B</vin><color>DeepSkyBlue</color><year>1971</year></automobile><automobile><person_id>1588069e-9c81-4d8c-8b5f-87e0c2135c27</person_id><license_plate>G19-VSE</license_plate><vin>SWZXZNC8540J8ERNY</vin><color>IndianRed</color><year>1989</year></automobile><automobile><person_id>4fdb4729-3415-489e-b6c7-c47d6fc9af53</person_id><license_plate>MDH-6428</license_plate><vin>VK3FNK1M69UUFLLGZ</vin><color>RosyBrown</color><year>1982</year></automobile><automobile><person_id>4fdb4729-3415-489e-b6c7-c47d6fc9af53</person_id><license_plate>ED 3903</license_plate><vin>N0WD5DU5XEYX7GPZR</vin><color>SteelBlue</color><year>1987</year></automobile></automobiles>