"id"|"first_name"|"last_name"|"sex"|"address"|"phone_number"|"profession"|"company"|"date_of_birth"
"9371cacb-3328-478c-aa3a-7dc3f1ac5ea5"|"Stephen"|"Hanson"|"M"|"446 Daniel Plaza"|"(915)451-6596"|"Personal assistant"|"Robinson PLC"|"1949-01-20"
"acfc336b-b021-4f17-a307-3143fb5df0cd"|"Tonya"|"Perez"|"F"|"955 Shepard Bridge"|"542-588-1802x9472"|"Psychologist, counselling"|"Bryan Ltd"|"2007-09-04"
"7af0a2b3-1e65-4ccc-ac40-07eb7692c2c5"|"Beth"|"Hall"|"F"|"50 Hood Loop Apt. 276"|"387.560.6912x6726"|"Ranger/warden"|"Patterson Inc"|"1974-08-15"
"e55f73c8-d6cf-4e23-b4ea-5cf2200d2a91"|"Perkins"|"Mendoza"|"F"|"77 Bailey Trail"|"(733)380-9090x8846"|"Broadcast journalist"|"Flores Group"|"2008-08-25"
"76dd8fd7-d9a4-4278-b762-610ed47daf77"|"Casey"|"Jones"|"F"|"550 Thornton Land Suite 697"|"001-425-226-3171x13833"|"Surveyor, land/geomatics"|"Green-Aguilar"|"1926-06-30"
"aaf6e483-75ad-41cf-b878-6f20e528a80d"|"Andrew"|"Wilson"|"M"|"317 Warner Circle"|"255-658-2980x77756"|"Hospital doctor"|"Marquez-Thompson"|"1919-03-21"
"8ba551aa-c35b-4fb9-bc83-8a61023e8e00"|"Charles"|"Taylor"|"M"|"115 Jessica Mountains Suite 248"|"7168349321"|"Engineer, civil (contracting)"|"Haas Ltd"|"1940-05-29"
"fa19e0cd-9f56-4ca3-948f-d4db382d7e5d"|"Cynthia"|"Mitchell"|"F"|"904 Porter Overpass"|"001-888-202-0253x618"|"Chief Operating Officer"|"Freeman-Elliott"|"1929-03-05"
"9e994b2d-00ce-4f45-a469-8480f3f61218"|"Jacqueline"|"Schwartz"|"F"|"457 Troy Centers"|"7484972589"|"Primary school teacher"|"Smith, Kerr and Scott"|"1964-12-11"
"0c617c4b-b4ac-4621-992c-a4824a3dc5bc"|"Laura"|"Hall"|"F"|"505 Moore Crossroad Apt. 549"|"507-302-6361x686"|"Psychiatric nurse"|"Rangel-Day"|"1999-03-15"
"22df06e2-2e3c-494e-a903-047da65fbeba"|"Gregory"|"Brown"|"M"|"356 Jonathan Place"|"527-413-6011x62515"|"Artist"|"Clark-Snyder"|"1928-11-14"
"94378417-0246-414b-9cf2-a012152e8559"|"Andrew"|"Reyes"|"M"|"168 Bailey Trail"|"(538)821-4012x7693"|"Multimedia programmer"|"Bush, Walsh and Todd"|"1993-09-11"
"fa278195-08da-46ad-8a17-5ae927205aec"|"Emma"|"Peterson"|"F"|"803 Rosario Loop"|"001-247-478-9537x708"|"Clinical biochemist"|"Jenkins-Burns"|"1950-04-28"
"14a21337-b395-4a80-8d3c-95efcf1a3182"|"Ryan"|"Ray"|"M"|"348 Cox Turnpike Apt. 083"|"(437)563-4572x31070"|"Librarian, public"|"Zavala-Porter"|"1947-05-30"
"f117a179-d024-4df6-96f5-a9a3e870e77f"|"Cody"|"Smith"|"M"|"395 Donald Village Apt. 289"|"(336)711-3058x847"|"Copy"|"Oliver-Ward"|"1919-01-05"
"8cf56aa5-2a74-46a3-8ec9-a178bb286aa9"|"Jason"|"Espinoza"|"M"|"845 Bailey Trail"|"6428962184"|"Radiation protection practitioner"|"Gutierrez-Kennedy"|"1956-11-10"
"62ac341b-44e4-4164-9364-1231b2d8bd46"|"Ryan"|"Gomez"|"M"|"46 Castillo Underpass Apt. 535"|"(496)949-4239x40168"|"Civil Service administrator"|"Woodward, Olson and Carrillo"|"2001-12-27"
"16815108-64b1-456d-8648-0123d20ed6ce"|"Randy"|"Sanders"|"M"|"327 May Rest Suite 582"|"753-716-0120x4773"|"Scientist, research (life sciences)"|"Keller Inc"|"1912-09-04"
"5f4245f1-a5ec-4a25-a3b2-e2e547094fe8"|"Zachary"|"Garcia"|"M"|"391 Ross Camp Apt. 134"|"+1-687-792-4669"|"Pilot, airline"|"Riley-Pierce"|"1927-01-08"
"98f38802-c8a3-4488-ab7b-7aa05e1a60e1"|"Andrew"|"Gallagher"|"M"|"513 Moore Crossroad Apt. 549"|"581-924-6258x49772"|"Quantity surveyor"|"Mcclain Inc"|"1996-06-23"
"6975676a-8bf5-4e8f-9dab-66fbc170d0a2"|"Erin"|"Cochran"|"F"|"389 Ross Camp Apt. 134"|"+1-732-745-9519x8502"|"Child psychotherapist"|"Morales Inc"|"2015-04-24"
"ae89c1b5-db59-4364-b6f4-09c84c2a7bdc"|"Cindy"|"Allen"|"F"|"888 Ortiz Brooks"|"+1-833-941-8241"|"Merchandiser, retail"|"Nelson Ltd"|"1958-07-17"
"12a4361d-5dec-465d-815a-83c04733ae47"|"David"|"Perez"|"M"|"121 Jonathan Place"|"+1-307-937-1399"|"Nurse, mental health"|"Jones, Hernandez and Armstrong"|"2012-03-31"
"6b0097d0-d3b7-41dc-9094-fecdccae8457"|"Gabriella"|"Saunders"|"F"|"894 Pham Ports"|"253.325.1914x1445"|"Senior tax professional/tax inspector"|"Hubbard Ltd"|"1939-05-28"
"dc75647b-f070-4776-b02d-7167c96f1ae0"|"Randall"|"Shaffer"|"M"|"806 Martin Field"|"(479)258-4591"|"Engineer, energy"|"Bond-Frost"|"1996-06-28"
"a34f67f0-1a31-4a8c-a6c1-444ea273e614"|"Julie"|"Alvarez"|"F"|"447 Rachel Pine"|"(260)330-4827x7913"|"Fashion designer"|"Nolan, Hernandez and Henry"|"2009-05-09"
"42bf643a-f032-4fb0-a27a-3a0b02df2ba0"|"Olivia"|"Jackson"|"F"|"726 Scott Valleys Suite 598"|"961.903.3110x30843"|"Administrator, arts"|"Williams Group"|"2004-02-22"
"ca0f5a23-c532-4c3a-ab7a-0daa205eaaeb"|"Adam"|"Baxter"|"M"|"54 Nathan Views"|"924-739-0065x8116"|"Restaurant manager, fast food"|"Tate-Henderson"|"1912-12-22"
"6023ce4b-8911-40b5-8906-62e7f698ef67"|"Sarah"|"Floyd"|"F"|"80 Simpson Mill Apt. 030"|"405.391.4200"|"Naval architect"|"Bailey, Bentley and Jones"|"1915-07-18"
"f550cfdb-b3e4-4f64-90f1-b4159230e2cc"|"Latoya"|"Goodwin"|"F"|"482 Andrew Street Apt. 107"|"8135369219"|"Engineer, petroleum"|"Warren-Moore"|"1914-05-14"
"916eb667-2abd-4553-8cb5-ef2af4432661"|"Darlene"|"Morris"|"F"|"748 Mills Springs"|"+1-454-883-5211x329"|"Facilities manager"|"Daniel, Norris and Williams"|"1955-01-14"
"3991c386-112a-4317-ae62-5a8f2af27641"|"Garrett"|"Cordova"|"M"|"548 Martin Field"|"001-448-353-8695x5820"|"Administrator, Civil Service"|"Torres-King"|"2022-07-23"
"7e95764d-758d-4ca7-a3b5-eff900603a63"|"Joshua"|"Williams"|"M"|"578 Collins Skyway"|"(799)501-2819"|"Electronics engineer"|"Lane, Brown and Case"|"1927-04-28"
"b99d9e78-b4da-49e3-b9cd-48d91b9da0c8"|"Kerry"|"Walker"|"F"|"550 Thornton Land Suite 697"|"001-613-590-1434x1457"|"Surveyor, insurance"|"Moses LLC"|"1990-01-29"
"1b85dbb9-de5e-4bdb-8ec2-c0a1736e7b64"|"Troy"|"Conway"|"M"|"56 Matthew Keys"|"777.240.1089"|"Public relations officer"|"Riley, Cruz and Jimenez"|"1995-09-20"
"08fd3bea-f0ef-499b-a36b-e08ecb2ee69a"|"Christopher"|"Harris"|"M"|"311 Smith Avenue Apt. 759"|"939-797-3835"|"Further education lecturer"|"Fletcher, Robinson and Madden"|"2009-06-21"
"43650b87-95c7-4c6c-8496-57931bc9d8ad"|"Angela"|"Patrick"|"F"|"227 Tyler Knoll Apt. 752"|"+1-523-670-3186x1636"|"Production manager"|"Sparks-Garcia"|"2020-11-04"
"91dddf3f-0070-45ad-b497-68d3375cc03c"|"Carl"|"Murray"|"M"|"481 Weaver Haven"|"6252467748"|"Quarry manager"|"Rosales and Sons"|"1945-07-26"
"717308c3-722b-4832-97ca-e64bb463e857"|"Dean"|"Rivera"|"M"|"107 Warner Circle"|"001-528-747-2895x6900"|"Higher education lecturer"|"Robinson-Kelly"|"2017-11-02"
"21a2c646-4fff-412c-88e8-5108edfb70bd"|"Kyle"|"Suarez"|"M"|"441 Jones Cliffs Suite 657"|"(709)801-7542"|"Fitness centre manager"|"Li-Wilson"|"1989-08-12"
"152128f1-5349-4f81-b57d-4cc831204a90"|"Wesley"|"Ruiz"|"M"|"766 Oneal Underpass"|"6583510152"|"Higher education careers adviser"|"Rangel and Sons"|"2017-04-16"
"a61b326f-f3aa-4d19-bbd0-9a56a9f251a0"|"Nancy"|"Gray"|"F"|"456 Martin Field"|"667-568-8586x1261"|"Arts administrator"|"Lucero LLC"|"1998-02-01"
"8e203420-e5b7-4c59-90a1-11559ad1cf29"|"Wesley"|"Pittman"|"M"|"703 Brian Course"|"+1-859-879-1146x090"|"Designer, fashion/clothing"|"Clark, Lewis and Wallace"|"1927-07-31"
"52c58e30-c613-482b-a165-6ce3b6aee652"|"Michelle"|"Gray"|"F"|"213 Lynn Lake Suite 253"|"670-363-4569"|"Land"|"Cooper-Rivera"|"1946-11-24"
"9287f514-a703-43e8-b4a3-3731a3d06c07"|"Amy"|"Drake"|"F"|"867 Troy Centers"|"001-445-660-6679x64179"|"Police officer"|"Farmer-Holmes"|"1950-09-24"
"478dfa0a-2ba5-4366-997d-60ecf33f2850"|"Amber"|"Orozco"|"F"|"433 Bruce View Suite 976"|"(992)923-6817x673"|"Quarry manager"|"Burns and Sons"|"1968-12-02"
"f39365b2-d84d-40f3-abc7-4528b05b75f0"|"Joseph"|"Shaffer"|"M"|"61 Shelton Run"|"001-941-849-9171"|"Optician, dispensing"|"Baldwin, Wright and White"|"1968-10-30"
"5eef2502-c0d0-42d7-aaca-e6cbec896ac6"|"Brandon"|"Wilson"|"M"|"779 Alexandra Bridge Suite 474"|"582.620.6655x49497"|"Presenter, broadcasting"|"Diaz LLC"|"2023-07-27"
"99f5c79b-1489-4eff-b53c-1497440b0189"|"Crane"|"Holmes"|"M"|"583 Phillip Spring"|"+1-631-805-6270"|"Teacher, primary school"|"Villegas and Sons"|"2005-02-13"
"3f9b73b1-742f-4152-9ea8-c878d0d69253"|"Melvin"|"Jackson"|"M"|"123 Porter Overpass"|"+1-494-841-6560x91054"|"Diagnostic radiographer"|"Turner LLC"|"2020-03-22"
"83922e9a-a899-447a-b0ad-e0fc4acc56d7"|"Rachel"|"Howell"|"F"|"170 Pham Ports"|"995-375-8378"|"Conservation officer, historic buildings"|"English Ltd"|"1987-11-14"
"b1b30a0b-cf4b-4b29-b79e-e984ae69a6e5"|"Nicole"|"Hanson"|"F"|"525 Ross Camp Apt. 134"|"7107350629"|"Insurance claims handler"|"Jenkins-Strickland"|"1958-10-08"
"f710f811-8361-4801-994b-035610537cf4"|"Vincent"|"Wilson"|"M"|"703 Hensley Park Suite 873"|"(576)794-0192x850"|"Community development worker"|"Smith LLC"|"1954-08-21"
"9575be5e-5c2e-4c16-8e1c-a8d9932c0eae"|"Leslie"|"Park"|"F"|"243 Alexandra Bridge Suite 474"|"3685888286"|"Drilling engineer"|"Edwards, Fuller and Gomez"|"1991-05-22"
"3d49ae20-2d98-4403-ab03-0e58580b36bb"|"Rachel"|"Weaver"|"F"|"120 Danielle Estates"|"+1-468-997-0886"|"Community education officer"|"Campbell-Moore"|"1956-10-20"
"1dbfa512-da66-4443-be56-5a8f050543e1"|"Rachel"|"Haney"|"F"|"624 Weaver Haven"|"481.876.3648"|"Teacher, early years/pre"|"Gray, Evans and Clayton"|"2019-04-03"
"19a0f3c1-8abe-42b8-bbe8-9d126f54ffba"|"Theodore"|"Cochran"|"M"|"999 Charles Mall Apt. 745"|"(498)644-7982x38787"|"Chief Operating Officer"|"Rivera, Stone and Gonzales"|"1921-03-25"
"4a2f274d-18ca-4df4-83f8-21afa292c47c"|"Jeremiah"|"Foster"|"M"|"330 Smith Avenue Apt. 759"|"+1-505-851-7005x6292"|"Interpreter"|"Young LLC"|"1916-10-22"
"0853cbbd-2dbb-4c4f-9b9b-10cadcd8416f"|"David"|"Crawford"|"M"|"451 Ross Camp Apt. 134"|"+1-925-854-7133x492"|"Community pharmacist"|"Miller PLC"|"1920-08-16"
"857e3390-1772-4198-a04b-f84138431a65"|"Stephanie"|"Torres"|"F"|"835 Garcia Road Suite 143"|"924.861.1094x850"|"Psychotherapist, dance movement"|"Bond, Carpenter and Terry"|"1924-11-28"
"11383e37-4da6-4dc4-8627-fe8172e5d9f5"|"Richard"|"Smith"|"M"|"271 Lynn Lake Suite 253"|"(212)513-5871x47626"|"Lecturer, further education"|"Williams-Sloan"|"1918-07-22"
"d3629247-0e93-4d5b-9220-46d53e99a6c0"|"Shane"|"Watkins"|"M"|"503 Gray Walks Apt. 075"|"728-476-3867"|"Solicitor"|"Cochran LLC"|"1928-10-28"
"8a8c507a-a61e-48ad-a1ae-0506b0744f6e"|"Cody"|"Phillips"|"M"|"741 Nelson Estate"|"001-208-778-2093x73258"|"Scientist, forensic"|"Jensen Group"|"2020-12-12"
"1d012aff-b642-4a3c-a88c-13c46f29e8ff"|"Chase"|"Ruiz"|"M"|"32 Randolph Way Suite 427"|"307.663.1359"|"Engineer, land"|"Crawford Ltd"|"1981-05-21"
"5265a0cd-9157-40fd-ab5b-7ed5b937cf21"|"Briana"|"Weiss"|"F"|"165 Catherine Lock"|"484-776-8020x7568"|"Administrator, education"|"Williams and Sons"|"1961-10-27"
"7ddc841d-4000-488b-8320-22de5780a9fd"|"Carrie"|"Blair"|"F"|"577 Johnson Throughway"|"(234)597-8484"|"Health service manager"|"Smith-Richardson"|"1950-08-26"
"993d822e-57bf-48ed-94be-dffad341f4b4"|"Christian"|"Mitchell"|"M"|"184 Daniel Plaza"|"001-286-272-0643"|"Control and instrumentation engineer"|"Montoya Group"|"1933-12-03"
"fe121b52-b8f4-4ef0-b790-62c57df4f741"|"Claire"|"Ruiz"|"F"|"418 Ross Camp Apt. 134"|"7023613454"|"Research scientist (medical)"|"Mitchell, Nunez and Cruz"|"1947-07-04"
"4812dfbf-dfcf-4e3b-bbac-9095c7aede70"|"Adam"|"Perez"|"M"|"904 Mills Springs"|"+1-731-642-3020x6627"|"Water quality scientist"|"Richardson Group"|"1944-05-16"
"a1e59c45-de4a-4670-a70d-92bc4740c114"|"John"|"Fisher"|"M"|"49 King Land"|"772.935.0855"|"Cartographer"|"Rose, Thompson and Hubbard"|"1992-01-06"
"72fe81d9-4f21-498b-bacf-851f085c70ac"|"Miranda"|"Bennett"|"F"|"338 Collins Skyway"|"326-914-8664x69354"|"Electronics engineer"|"Livingston, Grimes and Berry"|"2008-10-06"
"ca51956c-91e9-4b2c-a42d-7446568fda04"|"Christopher"|"Young"|"M"|"99 Catherine Cove"|"001-992-892-4323x2586"|"Orthoptist"|"Gould Group"|"1947-09-28"
"5858a7d8-04ab-4072-9c1a-c5f763cee5b1"|"Michael"|"Hubbard"|"M"|"117 Lewis Trace"|"853.935.9786x1676"|"Public house manager"|"Hart Ltd"|"1912-07-07"
"6bc4bdc4-236b-4a57-8280-c821d552ab43"|"Scott"|"Robbins"|"M"|"499 John Fall Apt. 476"|"226.577.2495"|"Communications engineer"|"Baker-Smith"|"1913-06-05"
"be5eb3ab-c5d7-4868-832e-4dd7f14a1b5b"|"Timothy"|"Gonzalez"|"M"|"503 Robinson Highway"|"391.400.8052"|"Nurse, children's"|"Vasquez-Lang"|"2006-12-25"
"ed327623-5d6f-44c0-a852-bacb1d5ef82e"|"Kathy"|"Dunn"|"F"|"72 Newton Wall"|"+1-951-682-1526"|"Advertising copywriter"|"Mitchell, Scott and Byrd"|"1948-07-03"
"cdf02828-ee22-400d-a548-5f4fd5bcf08f"|"Julia"|"Nguyen"|"F"|"333 Murphy Creek Suite 712"|"279-856-2529x5524"|"Broadcast engineer"|"Jones Ltd"|"1940-11-23"
"bf99af36-4894-4ed1-a4ca-2e3c7632d952"|"Patricia"|"Christian"|"F"|"466 Chandler Tunnel Suite 681"|"001-838-780-0940x09327"|"Scientist, research (physical sciences)"|"Gates, Sims and Johnson"|"2010-02-07"
"662034fb-5fcc-41c1-bfea-0f9608218163"|"Kelly"|"Spencer"|"F"|"112 Banks Curve Apt. 123"|"001-597-295-2630x95653"|"Lecturer, further education"|"Torres-Maddox"|"2024-04-16"
"11d779da-7063-422d-aa1b-100e5a64c26a"|"Terry"|"Jones"|"M"|"725 Aimee Circles"|"001-691-761-4834x461"|"Clinical cytogeneticist"|"Miles-Ellis"|"1934-03-05"
"26c9bb75-c11e-4bdb-adf2-3fc397fac1e4"|"Karen"|"Patton"|"F"|"122 Christopher Tunnel"|"+1-903-228-8356"|"Materials engineer"|"Park, Campbell and Sawyer"|"1961-09-09"
"71944ebf-1d15-453f-863d-792562590274"|"Crystal"|"Evans"|"F"|"848 John Fall Apt. 476"|"603-408-1028"|"Farm manager"|"Marshall, Perez and Green"|"1983-01-31"
"7bb93078-b99e-4640-aa80-db8a36e8b537"|"David"|"Burns"|"M"|"433 Marquez Lane"|"(884)262-3455"|"Pharmacist, community"|"Weaver, Jackson and Scott"|"2008-04-21"
"b251b902-3d7e-460d-93c8-a2eacf51826a"|"Jennifer"|"Bryant"|"F"|"718 Phillip Spring"|"(516)561-6253x61860"|"Insurance claims handler"|"Reese-Parsons"|"1998-02-14"
"e8c836eb-13b1-441c-998e-3cefe0d42f36"|"Sabrina"|"Ray"|"F"|"879 Randall Burg"|"+1-269-852-9564x33575"|"Physicist, medical"|"Wright, Campbell and Baker"|"1912-09-26"
"47b4f2b7-13ae-4496-ab72-e376add883aa"|"Jeffrey"|"Matthews"|"M"|"586 Johnson Lake"|"(759)200-2304x35379"|"Claims inspector/assessor"|"Vaughn, Cuevas and Jackson"|"2006-10-21"
"7bc139b2-1372-4e07-8a70-b925219d18b0"|"Wendy"|"Burke"|"F"|"344 David Course Apt. 455"|"489.555.6201"|"Engineer, mining"|"Contreras-Hughes"|"2000-12-04"
"d855d0b1-02c1-4134-8358-66ab0b1f7103"|"Robin"|"Patton"|"F"|"438 Jones Courts Apt. 083"|"+1-648-764-6533x775"|"Hydrologist"|"Murphy, Gross and Miller"|"1924-08-06"
"d95a0eeb-bd15-4888-b15f-77036548392e"|"Lisa"|"Perez"|"F"|"287 Ashley Landing"|"001-956-573-5260x7633"|"Video editor"|"Koch, Hill and Gates"|"2022-09-03"
"47f3d829-1201-43bb-953b-cce6fddc9d35"|"Louis"|"Espinoza"|"M"|"661 Jonathan Stravenue"|"277-424-1487"|"Bonds trader"|"Mccoy-Sullivan"|"1955-06-23"
"5a4aa9ae-3177-4659-b65f-a3f56da5cb93"|"Carly"|"Martinez"|"F"|"848 Hood Loop Apt. 276"|"001-977-809-0414x2862"|"Surgeon"|"Martinez, James and Fernandez"|"1964-09-01"
"6490af1f-5905-4d70-b6da-b7ad30c50de7"|"Luis"|"Padilla"|"M"|"89 Castillo Underpass Apt. 535"|"7774297573"|"Editor, magazine features"|"Johnson, Williamson and Delgado"|"1917-08-20"
"95e8dde7-57ee-4e9e-bf29-2dcc7fc8d653"|"Cory"|"White"|"M"|"56 Rosario Loop"|"723-237-0157x10984"|"Risk manager"|"Perkins, Parsons and Cross"|"2000-01-26"
"d0cba2d2-c73b-4162-85d9-aca841e62562"|"Renee"|"Aguilar"|"F"|"992 Weaver Haven"|"(973)432-5761x5402"|"Charity officer"|"Miller, Graham and Cabrera"|"1973-03-24"
"8d7d85ff-57dd-4f28-a6c7-670b259cce59"|"Erik"|"Little"|"M"|"753 Martin Field"|"+1-831-515-8228"|"Intelligence analyst"|"Coleman LLC"|"1965-05-08"
"702d67f2-7d51-4757-b455-05e398804ac8"|"Karen"|"Robbins"|"F"|"948 Alexandra Bridge Suite 474"|"001-731-775-3352x853"|"Therapist, occupational"|"Miller LLC"|"1943-07-27"
"5e288e62-8328-431c-b58c-74680f57fc0b"|"Kimberly"|"Velez"|"F"|"187 Brown Canyon Apt. 503"|"001-324-814-1247x32769"|"Chief Executive Officer"|"Miller-Martinez"|"1991-09-22"
"b6071b0a-43c0-4396-b77b-a8a68bfb6b30"|"Allen"|"Johnston"|"M"|"690 Martin Field"|"7108128491"|"Air cabin crew"|"Lee-Mitchell"|"1999-01-22"
"5b5c4460-7ea6-4971-9cbd-097ede438f3c"|"Cindy"|"Howard"|"F"|"499 Anderson Parkways"|"4943455137"|"Pharmacologist"|"Webb, Goodman and Hess"|"1908-11-06"
"4c50c213-a3af-4466-bb29-956988fd6df1"|"Jordan"|"Mitchell"|"M"|"554 Murphy Creek Suite 712"|"(812)356-0123x92943"|"Town planner"|"Ward and Sons"|"1920-01-27"
"770f4288-3d7e-4677-846e-ed08ee5775b4"|"Bethany"|"Fisher"|"F"|"875 Dakota Extensions"|"376.953.7110x3790"|"Solicitor"|"Snyder-Jackson"|"1930-01-27"
"cb548fed-2692-432a-a75f-e5c037c83b95"|"Caitlin"|"May"|"F"|"656 Matthew Keys"|"6013281235"|"Designer, furniture"|"Barton PLC"|"1976-07-31"
"081cb74a-3844-4ee5-8763-56ecbd8aa733"|"Donald"|"Sparks"|"M"|"225 Collins Skyway"|"001-410-200-3913x26968"|"Operational researcher"|"Lopez Ltd"|"1979-10-01"
"fa634735-437d-4533-96cc-6f1df44455dd"|"Ashley"|"Gonzales"|"F"|"461 Douglas Springs"|"(408)974-2259x658"|"Advertising copywriter"|"Lopez-Bryant"|"1977-10-10"
"a9a79ae5-b693-4d0f-834e-b964b33a158d"|"York"|"Riley"|"M"|"899 Robinson Highway"|"+1-840-411-9299x9239"|"Drilling engineer"|"Macdonald Group"|"1945-06-26"
"dd312c4f-973a-48bb-a85b-bfcfaeea05a5"|"Dennis"|"Zhang"|"M"|"21 Day Inlet"|"001-333-945-0596x2884"|"Licensed conveyancer"|"Lewis Group"|"1944-08-01"
"71e3c756-4d96-4eb8-85c0-50ec032efe45"|"Justin"|"Spencer"|"M"|"916 Smith Ranch Suite 211"|"(605)984-9101x793"|"Therapist, horticultural"|"Daniel, Washington and Castillo"|"1979-10-11"
"43a29cc6-4165-4f85-82ec-39dfa06bbf73"|"Tara"|"Barnett"|"F"|"262 Hanson Port"|"(937)447-4923"|"Engineer, materials"|"Robertson and Sons"|"2003-09-13"
"233fa6ea-1114-4621-8e84-812e27bcfb99"|"Benjamin"|"Barajas"|"M"|"279 Gabriel Hill Apt. 094"|"001-971-655-7038x64566"|"Teaching laboratory technician"|"Smith-Hudson"|"1934-08-31"
"c768aee5-8b31-48ad-8f5f-9a979b1c6202"|"Zachary"|"Sanders"|"M"|"528 Haney Prairie Suite 518"|"(738)267-9402x091"|"Ranger/warden"|"Thomas Ltd"|"1908-08-27"
"0d371840-7d3d-4802-a329-6eb38937147b"|"Emily"|"Mitchell"|"F"|"483 Jacobs Ports Suite 715"|"803.922.6192"|"Horticultural therapist"|"Lee PLC"|"1966-01-22"
"ca75c6ac-ab8d-49f9-bb43-4986765ca205"|"Tammy"|"Benson"|"F"|"730 Scott Valleys Suite 598"|"794-529-8175x129"|"Forensic scientist"|"Jefferson, Lee and Alvarado"|"1934-10-03"
"0bb1c579-e870-44ed-a5d6-71ec99985099"|"Bridget"|"Roberts"|"F"|"791 William Avenue"|"(949)475-6888x7785"|"Technical brewer"|"Rocha and Sons"|"2008-11-25"
"9690592a-d66e-42ce-b208-38da59eeb7dc"|"Deborah"|"Holmes"|"F"|"969 Matthew Keys"|"293.427.0878"|"Dispensing optician"|"Adams-Sanchez"|"2014-01-02"
"9d6d8fb0-7b3f-4d76-8b0b-d0ef5a5d4f00"|"Benjamin"|"Hall"|"M"|"816 Ward Parkway Apt. 076"|"841-932-2564x242"|"Tree surgeon"|"Lynn-May"|"1999-12-22"
"e1a813f4-d41e-4f11-a7cf-7b484b33d43c"|"Lisa"|"Martin"|"F"|"950 Wyatt Pike Suite 863"|"+1-357-887-4943x844"|"Psychologist, occupational"|"Eaton, Figueroa and Vasquez"|"1952-03-15"
"0d00100b-3c0e-4070-90b4-99a586a3def3"|"Sara"|"Booth"|"F"|"115 David Passage Suite 979"|"545.675.3409x36691"|"Scientist, clinical (histocompatibility and immunogenetics)"|"Vargas-Mitchell"|"1998-07-12"
"14440796-d982-423e-9bcf-7fc50f9086d4"|"Lisa"|"Ramirez"|"F"|"150 Jeffery Isle"|"617-452-6305x2913"|"Scientist, biomedical"|"King-Cardenas"|"1917-08-19"
"4cf66771-6089-4d49-840d-59e0ec4e8c4c"|"Rachel"|"Gomez"|"F"|"428 King Land"|"851.938.6244"|"Accommodation manager"|"Lyons, Ross and Ferguson"|"1953-12-27"
"1633dc4e-3241-4401-9767-86cd622658ba"|"Jennifer"|"Lynn"|"F"|"850 Jackson Harbors Suite 257"|"(253)794-9125x470"|"Artist"|"Mitchell LLC"|"1928-07-22"
"9439972f-71bc-4c61-a428-c70b345f4b95"|"Theresa"|"Pugh"|"F"|"935 Lewis Trace"|"2287210885"|"Music tutor"|"Vazquez-Trujillo"|"1928-06-12"
"16d6b07a-9a46-4054-86f9-520510f44c77"|"Cathy"|"Gill"|"F"|"36 Catherine Lock"|"584-440-8957x80429"|"Oceanographer"|"Anderson LLC"|"1915-07-17"
"6f9f244c-1741-4ffa-9dc2-2126867c2429"|"Maria"|"Powers"|"F"|"132 Robin Junctions Apt. 618"|"970-346-5505x969"|"Conference centre manager"|"Obrien, King and Boyd"|"1910-11-17"
"ebe6bdc2-d993-462e-8612-ce3327cca139"|"Patrick"|"Mcdowell"|"M"|"217 Haney Prairie Suite 518"|"001-691-405-1981x29818"|"Buyer, industrial"|"Fowler Group"|"1952-10-08"
"22e473b4-de7c-4eff-911b-5da69e927e33"|"Tracy"|"White"|"F"|"741 Douglas Springs"|"848-364-5986x038"|"Facilities manager"|"Johnson-Fox"|"1986-08-10"
"7900c3be-9376-4424-a2ef-7156908c47fe"|"Shannon"|"Johnston"|"F"|"968 Johnson Lake"|"531-971-9001x79234"|"Radio broadcast assistant"|"Jenkins PLC"|"1916-09-26"
"d8bff939-3b3f-4e9d-90e5-0ac2de4150a1"|"Natalie"|"Freeman"|"F"|"528 Nicole Via"|"+1-468-556-9929x47685"|"Hydrographic surveyor"|"Nelson PLC"|"1950-02-10"
"cc6d74c8-69f9-4ccd-9f8a-902ed1d66830"|"Robert"|"Strickland"|"M"|"970 Charles Extension Apt. 046"|"(489)769-3248x163"|"Art gallery manager"|"Sims LLC"|"1915-10-13"
"22c5413e-7772-438c-a93f-3e97eafaeddc"|"Tim"|"Brown"|"M"|"734 Gray Walks Apt. 075"|"(584)775-0536x482"|"Adult guidance worker"|"Santana Inc"|"2006-03-07"
"11808175-0794-4e54-887e-03c753d2c3f2"|"Ashley"|"Wilson"|"F"|"689 Murphy Creek Suite 712"|"+1-547-563-4557x25472"|"Broadcast journalist"|"Daniels, Robinson and Serrano"|"1935-04-11"
"0e8b2641-17e4-47f1-b3df-eb056c15b5ab"|"Aaron"|"Moore"|"M"|"122 Thornton Land Suite 697"|"+1-769-528-2274x0055"|"Professor Emeritus"|"Sanders, Martinez and Brooks"|"1975-01-08"
"4f96721a-4a5c-435b-b8f5-94b488dd9f4f"|"Kathy"|"Johnson"|"F"|"410 Alexis Run Suite 764"|"350.659.5941x880"|"Health service manager"|"Smith Inc"|"1927-01-11"
"42ad305b-bee8-4c3a-aaf8-000fc79e32fb"|"Katrina"|"Rodriguez"|"F"|"154 Randolph Way Suite 427"|"001-288-571-7995"|"Surveyor, building"|"Kim-Brown"|"1960-07-11"
"4fd96a65-c101-4e34-82bd-153140533db1"|"Linda"|"Torres"|"F"|"868 Ross Camp Apt. 134"|"303-798-1098"|"Historic buildings inspector/conservation officer"|"Davis Inc"|"1920-08-02"
"bc59c576-89fb-4edb-a83b-783eae188d66"|"Alexis"|"Torres"|"M"|"35 Johnson Lake"|"279.954.8480x2669"|"Cabin crew"|"Freeman, Fisher and Tucker"|"2014-12-16"
"e461c5df-8328-4252-8e8f-5e8907fcc188"|"Tina"|"Garrison"|"F"|"867 Yvette Loop"|"612.250.8952"|"Video editor"|"Butler, Pearson and Mcclain"|"1959-12-10"
"daf1e1ea-8761-491d-bd84-e77d64a5c766"|"Mark"|"Clark"|"M"|"529 Weeks Meadow Suite 683"|"268.868.0087x01772"|"Loss adjuster, chartered"|"Fisher, Kirby and Aguilar"|"1908-12-02"