<?xml version="1.0" encoding="UTF-8" ?><automobiles><automobile><person_id>fca4e784-3655-4fa5-bbd1-ff96baefd856</person_id><license_plate>YAJ1969</license_plate><vin>HL4MJ34H390UZ5Y16</vin><color>LightGoldenRodYellow</color><year>1971</year></automobile><automobile><person_id>fca4e784-3655-4fa5-bbd1-ff96baefd856</person_id><license_plate>TZU3468</license_plate><vin>R3W8BC3UX3J9NT9A7</vin><color>Azure</color><year>1995</year></automobile><automobile><person_id>0566d41d-ed07-48b8-a9c1-96404e5cbc56</person_id><license_plate>3B J1755</license_plate><vin>KRUTBZ6U3ZXX6DFB5</vin><color>Azure</color><year>1972</year></automobile><automobile><person_id>0566d41d-ed07-48b8-a9c1-96404e5cbc56</person_id><license_plate>9QB U69</license_plate><vin>KWAF2CA20ZFFAH4ZG</vin><color>MediumAquaMarine</color><year>1999</year></automobile><automobile><person_id>14d50a5a-0b04-492a-9fb7-ca3d2f238057</person_id><license_plate>WGU3004</license_plate><vin>E40VUE0P5H33146ZJ</vin><color>Chartreuse</color><year>2002</year></automobile><automobile><person_id>da610f2e-d5fd-4264-97a8-170b9bc82083</person_id><license_plate>QFZ-415</license_plate><vin>0UG3YTXR1U6R0EDS3</vin><color>PapayaWhip</color><year>2002</year></automobile><automobile><person_id>da610f2e-d5fd-4264-97a8-170b9bc82083</person_id><license_plate>874 CET</license_plate><vin>WN1EV0M70YAYXBB8M</vin><color>LightPink</color><year>2017</year></automobile><automobile><person_id>a26dd9e1-75bd-4740-9f7e-82d12b212a0a</person_id><license_plate>8F 4P9AUI</license_plate><vin>K4ZUAB0W9H6GJ7267</vin><color>BlanchedAlmond</color><year>1987</year></automobile><automobile><person_id>a26dd9e1-75bd-4740-9f7e-82d12b212a0a</person_id><license_plate>9K O5584</license_plate><vin>CXKGJGM80TT53EUBF</vin><color>NavajoWhite</color><year>1994</year></automobile><automobile><person_id>2b413bc2-eeee-42bb-9c02-7096a320926c</person_id><license_plate>40R 245</license_plate><vin>483U9Z154FWWY38YT</vin><color>DeepPink</color><year>1999</year></automobile><automobile><person_id>2b413bc2-eeee-42bb-9c02-7096a320926c</person_id><license_plate>VYK4468</license_plate><vin>TE1LSUV97FV8NE0J3</vin><color>PeachPuff</color><year>2020</year></automobile><automobile><person_id>6bf1b1c9-2405-4f9f-b6ea-c7523c8c0fe0</person_id><license_plate>3US 026</license_plate><vin>B7BBJ8V272W8P4WFE</vin><color>Gainsboro</color><year>2017</year></automobile><automobile><person_id>6bf1b1c9-2405-4f9f-b6ea-c7523c8c0fe0</person_id><license_plate>TNC-145</license_plate><vin>XBBT0FEC4UA9T278G</vin><color>PapayaWhip</color><year>1991</year></automobile><automobile><person_id>59db014c-7ee0-4ffa-baf8-03859610b9d0</person_id><license_plate>6YB7110</license_plate><vin>K1ZV5P326V4F2EW75</vin><color>BurlyWood</color><year>1987</year></automobile><automobile><person_id>59db014c-7ee0-4ffa-baf8-03859610b9d0</person_id><license_plate>ISX0919</license_plate><vin>VJBTNS0N72AGVDDPG</vin><color>OliveDrab</color><year>2005</year></automobile><automobile><person_id>c97f15f8-2db0-4c2f-a059-3a1e4119d84c</person_id><license_plate>2FH U77</license_plate><vin>8U6JZMF716ZWMBEXW</vin><color>LightSalmon</color><year>1975</year></automobile><automobile><person_id>c97f15f8-2db0-4c2f-a059-3a1e4119d84c</person_id><license_plate>Z 886155</license_plate><vin>N9NPHVFHXAZ4LACVC</vin><color>Thistle</color><year>1982</year></automobile><automobile><person_id>43711d4a-544e-4150-bc03-7affccce4f8c</person_id><license_plate>N 932936</license_plate><vin>M6DJD0YB50P6VA4AC</vin><color>Ivory</color><year>2020</year></automobile><automobile><person_id>43711d4a-544e-4150-bc03-7affccce4f8c</person_id><license_plate>WW7 L5J</license_plate><vin>P110GAE46HHXAF9UY</vin><color>PaleGreen</color><year>1986</year></automobile><automobile><person_id>a39dbc32-2904-447d-b68e-ac5fcbc1bcd1</person_id><license_plate>JM 17738</license_plate><vin>7CT1KU6446UYYZXX5</vin><color>Purple</color><year>2021</year></automobile><automobile><person_id>421734cb-4e16-40d2-90d0-4063bb96fa67</person_id><license_plate>4RE N28</license_plate><vin>GRE09UCE22CXWNXZ2</vin><color>Chocolate</color><year>1998</year></automobile><automobile><person_id>421734cb-4e16-40d2-90d0-4063bb96fa67</person_id><license_plate>LNA-9550</license_plate><vin>77297J3K8DGS9R6JM</vin><color>PaleGoldenRod</color><year>1984</year></automobile><automobile><person_id>16a8c16f-ee59-4219-8972-60a8544baa57</person_id><license_plate>66T O85</license_plate><vin>089ZR6B08XKHXT0AZ</vin><color>Moccasin</color><year>1970</year></automobile><automobile><person_id>16a8c16f-ee59-4219-8972-60a8544baa57</person_id><license_plate>34D•588</license_plate><vin>R64A643359905CJ3U</vin><color>DarkMagenta</color><year>1998</year></automobile><automobile><person_id>6f825842-e360-4649-99f5-ccab93e58d8f</person_id><license_plate>4E 38430</license_plate><vin>WLJKJP2M0A6D8S5DF</vin><color>GoldenRod</color><year>1980</year></automobile><automobile><person_id>6f825842-e360-4649-99f5-ccab93e58d8f</person_id><license_plate>00X YE5</license_plate><vin>YYZNE5CZ623CDZ1H0</vin><color>SeaGreen</color><year>1973</year></automobile><automobile><person_id>ac0d495e-7e77-4c05-a56e-cbbb6bfbf6ff</person_id><license_plate>16-11017</license_plate><vin>BKVFSBSB5MJ97R99Y</vin><color>PaleVioletRed</color><year>1993</year></automobile><automobile><person_id>f622de55-0704-4f81-a8fe-cf139e12fe4a</person_id><license_plate>BFN 717</license_plate><vin>231Y3TB41GZPPB41Y</vin><color>BlanchedAlmond</color><year>1981</year></automobile><automobile><person_id>f622de55-0704-4f81-a8fe-cf139e12fe4a</person_id><license_plate>1SD K58</license_plate><vin>TAPMB91P8UMYDFX6J</vin><color>DarkOrange</color><year>2004</year></automobile><automobile><person_id>f3232e79-e709-430e-8bbc-fefe28114d06</person_id><license_plate>J85-BIK</license_plate><vin>EUHH8ZRTXMM7P4MGK</vin><color>Thistle</color><year>1977</year></automobile><automobile><person_id>f6ef4609-9b8a-4c37-8130-da7496a343e9</person_id><license_plate>090 XJ3</license_plate><vin>NL43DZM264GCBXFS4</vin><color>Ivory</color><year>2019</year></automobile><automobile><person_id>f6ef4609-9b8a-4c37-8130-da7496a343e9</person_id><license_plate>5RRN461</license_plate><vin>FSTDLR3M6KWBPJGP4</vin><color>DarkBlue</color><year>2006</year></automobile><automobile><person_id>f6ef4609-9b8a-4c37-8130-da7496a343e9</person_id><license_plate>BPY B97</license_plate><vin>V0KVJX3GX2WW5DHG3</vin><color>CornflowerBlue</color><year>2008</year></automobile><automobile><person_id>83dfca43-61c2-44bc-94b1-998e6925bfed</person_id><license_plate>4H 91750</license_plate><vin>C7KW865KXLASP40YN</vin><color>DarkBlue</color><year>1995</year></automobile><automobile><person_id>83dfca43-61c2-44bc-94b1-998e6925bfed</person_id><license_plate>58-JI08</license_plate><vin>0R6LNX516AEASYGXB</vin><color>MediumBlue</color><year>2014</year></automobile><automobile><person_id>43db7fad-a024-4d5a-b188-f281f89b03f5</person_id><license_plate>334-YPB</license_plate><vin>83T8WPEZ6SUUH3S58</vin><color>DarkGoldenRod</color><year>1978</year></automobile><automobile><person_id>2f23caf3-f2b9-4961-a7f1-2cb6399e92b0</person_id><license_plate>306 JPN</license_plate><vin>RFLJXUCJ7KB555TYT</vin><color>HotPink</color><year>1975</year></automobile><automobile><person_id>ee14ef92-47d7-4a39-a72c-7c1e623e9ad4</person_id><license_plate>222-JEG</license_plate><vin>T73P03MM4G9CB3E41</vin><color>DarkSlateGray</color><year>2015</year></automobile><automobile><person_id>ee14ef92-47d7-4a39-a72c-7c1e623e9ad4</person_id><license_plate>LFJ Q07</license_plate><vin>027KHSH930XXK15U1</vin><color>Peru</color><year>2015</year></automobile><automobile><person_id>8e89703e-7f7c-4555-8721-7d2bb9ffeb77</person_id><license_plate>10GO0</license_plate><vin>SEGNZB7Z0RWJG4BKD</vin><color>Olive</color><year>1991</year></automobile><automobile><person_id>865c149b-57aa-48ca-be3a-867c6906d474</person_id><license_plate>LDP 852</license_plate><vin>6SECBX4E5T33TJDT5</vin><color>MediumSpringGreen</color><year>1972</year></automobile><automobile><person_id>8f94b5ec-9132-430d-9e16-9f906312a967</person_id><license_plate>6C 5183Y</license_plate><vin>HJB1J56F20Y6K3PWR</vin><color>Ivory</color><year>1995</year></automobile><automobile><person_id>8f94b5ec-9132-430d-9e16-9f906312a967</person_id><license_plate>524 AXZ</license_plate><vin>6UMTEE7N87G8352YT</vin><color>PeachPuff</color><year>2016</year></automobile><automobile><person_id>6f525492-6d06-4327-b2f9-b6ea530fba9f</person_id><license_plate>BS1 Q1P</license_plate><vin>FRBS7E4M6910UH5EF</vin><color>GreenYellow</color><year>1996</year></automobile><automobile><person_id>6f525492-6d06-4327-b2f9-b6ea530fba9f</person_id><license_plate>686 NRX</license_plate><vin>HHDW503M5RVTYLLZY</vin><color>Indigo</color><year>1997</year></automobile><automobile><person_id>6f525492-6d06-4327-b2f9-b6ea530fba9f</person_id><license_plate>PIW 909</license_plate><vin>CBLCG1YC1BXJ6JPL1</vin><color>SandyBrown</color><year>1984</year></automobile><automobile><person_id>88b627d1-48cf-49ac-afc3-3db69ea1200a</person_id><license_plate>07X J28</license_plate><vin>5SX0PWY565ZT8E3G8</vin><color>LightGreen</color><year>1972</year></automobile><automobile><person_id>88b627d1-48cf-49ac-afc3-3db69ea1200a</person_id><license_plate>PGX-2012</license_plate><vin>CA228N204FYTZU8G4</vin><color>Thistle</color><year>1988</year></automobile><automobile><person_id>637964fb-b995-4be9-b719-0487fcc399da</person_id><license_plate>F58 5CG</license_plate><vin>6L2LXUEP64AN9GBTW</vin><color>White</color><year>1989</year></automobile><automobile><person_id>7b5b4867-a7b2-4b3f-9208-b9c143c64b99</person_id><license_plate>0FB 404</license_plate><vin>8WC6DGWJ303LVUFZR</vin><color>Sienna</color><year>2022</year></automobile><automobile><person_id>7b5b4867-a7b2-4b3f-9208-b9c143c64b99</person_id><license_plate>KDJ 683</license_plate><vin>B24S6A3C0VVM72A3X</vin><color>MediumAquaMarine</color><year>2007</year></automobile><automobile><person_id>5e29ce4a-796b-4024-915b-d9a56eee3d5a</person_id><license_plate>WZ 5689</license_plate><vin>WPSUMFH17MBRVV1JK</vin><color>DodgerBlue</color><year>1980</year></automobile><automobile><person_id>c10c01cc-d507-49ac-b495-eb7c98742b76</person_id><license_plate>8EA 066</license_plate><vin>885GS0C79DC5TKWGW</vin><color>MediumSlateBlue</color><year>2016</year></automobile><automobile><person_id>000804d3-ae36-4195-b421-c9221c27fbf8</person_id><license_plate>133 VVQ</license_plate><vin>U831WETW56UHYKN58</vin><color>MediumSpringGreen</color><year>2023</year></automobile><automobile><person_id>000804d3-ae36-4195-b421-c9221c27fbf8</person_id><license_plate>6-79146M</license_plate><vin>93JYC55C2DYLKHDMJ</vin><color>DarkSlateGray</color><year>2015</year></automobile><automobile><person_id>4cfffe9a-cb66-4f86-af23-a8d7e0d97eb1</person_id><license_plate>377 NVX</license_plate><vin>ML6ECBZK0GJC91RYS</vin><color>LightGreen</color><year>2014</year></automobile><automobile><person_id>5b7ed297-4214-4a23-b644-fdeed84bbc13</person_id><license_plate>HAM7150</license_plate><vin>K5ETC6Y3XW1PT01XP</vin><color>DarkGray</color><year>1987</year></automobile><automobile><person_id>a7ebec32-35d6-4e4f-b196-741e4dcf9200</person_id><license_plate>FLI 640</license_plate><vin>UD59DSRH1VFNBMHPT</vin><color>AliceBlue</color><year>1994</year></automobile><automobile><person_id>a7ebec32-35d6-4e4f-b196-741e4dcf9200</person_id><license_plate>F04-RCI</license_plate><vin>055H2ZCY2DWE0XJ07</vin><color>SeaGreen</color><year>2012</year></automobile><automobile><person_id>6c9d87e3-f753-4969-aa96-24181f8959f3</person_id><license_plate>KJC 518</license_plate><vin>1X5GW9NT1MDDJDKNT</vin><color>Thistle</color><year>1979</year></automobile><automobile><person_id>05561363-5703-4af5-8c8d-f5cdf380a07e</person_id><license_plate>888-URAT</license_plate><vin>CUHU6DME75T8MTFS3</vin><color>BlanchedAlmond</color><year>1987</year></automobile><automobile><person_id>05561363-5703-4af5-8c8d-f5cdf380a07e</person_id><license_plate>686 GVR</license_plate><vin>ZV4SFUBV9SKAHCUBK</vin><color>SteelBlue</color><year>1982</year></automobile><automobile><person_id>cba69193-017d-40f4-90f5-5d887b0996a0</person_id><license_plate>860-MDJ</license_plate><vin>M0LHVHL438AY83B8V</vin><color>Magenta</color><year>2004</year></automobile><automobile><person_id>9bb419e2-a2d2-4f7d-9e9f-0a2c96a4e654</person_id><license_plate>S04 6NX</license_plate><vin>74SK7CTSXY23AR4RW</vin><color>LightGoldenRodYellow</color><year>1991</year></automobile><automobile><person_id>ec853ff6-9b16-4881-9dc6-de819fcacd3a</person_id><license_plate>KGP 023</license_plate><vin>ZEBCGHNF4MXPCMRX9</vin><color>DarkTurquoise</color><year>2023</year></automobile><automobile><person_id>00a8b928-c63c-4a7c-88b3-a6cf3d7cb5e8</person_id><license_plate>30L 408</license_plate><vin>UA6EXHA11XN2BJ5PX</vin><color>GreenYellow</color><year>2005</year></automobile><automobile><person_id>00a8b928-c63c-4a7c-88b3-a6cf3d7cb5e8</person_id><license_plate>513-050</license_plate><vin>2MJ808UW3H2WHKF87</vin><color>OrangeRed</color><year>1990</year></automobile><automobile><person_id>4784b808-c1a7-45f5-add1-30dc8e9f3b21</person_id><license_plate>4-0889E</license_plate><vin>85JEUHMB3LDU3C2X4</vin><color>Violet</color><year>2009</year></automobile><automobile><person_id>4784b808-c1a7-45f5-add1-30dc8e9f3b21</person_id><license_plate>290 EID</license_plate><vin>0NS219YY02D4YZXP7</vin><color>Chocolate</color><year>1997</year></automobile><automobile><person_id>987cd70a-7565-488d-821e-25a0310baf0d</person_id><license_plate>GY0 6778</license_plate><vin>4HA3NC0221UJXMY8U</vin><color>MediumOrchid</color><year>1981</year></automobile><automobile><person_id>987cd70a-7565-488d-821e-25a0310baf0d</person_id><license_plate>966-241</license_plate><vin>0JGNWEW26844XR05W</vin><color>LimeGreen</color><year>1998</year></automobile><automobile><person_id>f3ddf8cf-0e2f-4615-8e16-8b6f46d78053</person_id><license_plate>OFA-313</license_plate><vin>N8266TZ0738RWAC7U</vin><color>SeaShell</color><year>2011</year></automobile><automobile><person_id>f3ddf8cf-0e2f-4615-8e16-8b6f46d78053</person_id><license_plate>822-EVU</license_plate><vin>VZBHMKJD2ZJBY6CC5</vin><color>LightSlateGray</color><year>2017</year></automobile><automobile><person_id>f3b0d3f8-a0f7-4b35-b3e9-dc2e8daa3f9f</person_id><license_plate>6I 48904</license_plate><vin>7WZNN3WE1E8BLAH1P</vin><color>CadetBlue</color><year>2001</year></automobile><automobile><person_id>f3b0d3f8-a0f7-4b35-b3e9-dc2e8daa3f9f</person_id><license_plate>1NT7238</license_plate><vin>VS1DJ7JX7RH7FX62U</vin><color>DimGray</color><year>2017</year></automobile><automobile><person_id>2ee22582-335a-43cf-a47c-fe69eec5d65e</person_id><license_plate>549 ZM9</license_plate><vin>P6BAU3ZG9N0ZTBYAC</vin><color>AliceBlue</color><year>2009</year></automobile><automobile><person_id>2ee22582-335a-43cf-a47c-fe69eec5d65e</person_id><license_plate>550KYG</license_plate><vin>GAF0KK2M7MBZSM83X</vin><color>CadetBlue</color><year>1980</year></automobile><automobile><person_id>ae5639b8-ce12-4370-b92d-efa8b2e41b9e</person_id><license_plate>548-FJCS</license_plate><vin>A78Y7DNK4UKJM51GU</vin><color>DarkSlateBlue</color><year>2000</year></automobile><automobile><person_id>83285ba8-984a-440c-b868-4c31425c30d8</person_id><license_plate>832-NMH</license_plate><vin>AMR4NKSUXT3ACYK0P</vin><color>PowderBlue</color><year>1976</year></automobile><automobile><person_id>83285ba8-984a-440c-b868-4c31425c30d8</person_id><license_plate>4HZ 543</license_plate><vin>KU937T8K0128YE9YZ</vin><color>PapayaWhip</color><year>2012</year></automobile><automobile><person_id>ea3a8c2e-0c00-4f78-8552-e55591929040</person_id><license_plate>VIO-9649</license_plate><vin>195BELGYX3PTZ03WL</vin><color>Gray</color><year>1987</year></automobile><automobile><person_id>dd746163-96b4-43e2-8192-2a6bacec002e</person_id><license_plate>5321</license_plate><vin>DSDCWFAD27ZZ2DTZB</vin><color>Aqua</color><year>1988</year></automobile><automobile><person_id>13fbf26a-296b-414e-b151-10974a3aacf0</person_id><license_plate>MFT 563</license_plate><vin>Y7ZC5HAVX7SXFUK9D</vin><color>Beige</color><year>1972</year></automobile><automobile><person_id>ef6b97f3-256a-451d-91e2-bdb57586dd3d</person_id><license_plate>HVD 702</license_plate><vin>0WBJSHV79AKX58S0Y</vin><color>DarkKhaki</color><year>2024</year></automobile><automobile><person_id>4a3fbf5c-facc-45ab-ba4e-9be0edc6ee23</person_id><license_plate>YA-9617</license_plate><vin>6AANJLLZ2KAM9DDF4</vin><color>Orchid</color><year>2001</year></automobile><automobile><person_id>ba32e985-2bc9-4f12-8120-c791f1b3d4ef</person_id><license_plate>01-9652I</license_plate><vin>7SBR1T5N2FP6RTNKC</vin><color>Silver</color><year>2001</year></automobile><automobile><person_id>ba32e985-2bc9-4f12-8120-c791f1b3d4ef</person_id><license_plate>JEH-078</license_plate><vin>H0MR0LVJXNGPK6ZK5</vin><color>LightSteelBlue</color><year>1975</year></automobile><automobile><person_id>ba32e985-2bc9-4f12-8120-c791f1b3d4ef</person_id><license_plate>02Y 476</license_plate><vin>607HXYG55PG3DGX42</vin><color>DarkCyan</color><year>2013</year></automobile><automobile><person_id>317f2243-0c82-4813-8d18-62eff9f2be37</person_id><license_plate>1F421</license_plate><vin>1YV2GSBH0138X7B3A</vin><color>GreenYellow</color><year>2016</year></automobile><automobile><person_id>7e39ee35-c605-4d8f-8210-d0e08c67cf8e</person_id><license_plate>6-9538A</license_plate><vin>9BW2V2FY7EX5UKLCT</vin><color>RosyBrown</color><year>2023</year></automobile><automobile><person_id>7e39ee35-c605-4d8f-8210-d0e08c67cf8e</person_id><license_plate>DBS-144</license_plate><vin>4GKYT9660LSHRT8DL</vin><color>Brown</color><year>2004</year></automobile><automobile><person_id>7b9b0e7e-1c0d-4627-a242-c44a11154441</person_id><license_plate>D51-21O</license_plate><vin>2HLH9ARH3MWE2W77E</vin><color>RosyBrown</color><year>2017</year></automobile><automobile><person_id>7b9b0e7e-1c0d-4627-a242-c44a11154441</person_id><license_plate>TGM-777</license_plate><vin>CKW5L7C269H47LVU2</vin><color>Gold</color><year>2008</year></automobile><automobile><person_id>7b9b0e7e-1c0d-4627-a242-c44a11154441</person_id><license_plate>KTP 039</license_plate><vin>URR0HUM813YTZKPAD</vin><color>Crimson</color><year>2008</year></automobile><automobile><person_id>928113a4-fd55-412f-b694-2370d93ae5a2</person_id><license_plate>JRY J93</license_plate><vin>1FMWT0SYXPR40UJCV</vin><color>PowderBlue</color><year>2012</year></automobile><automobile><person_id>e478e1b0-9445-403a-b412-67d538cc771a</person_id><license_plate>5P YI632</license_plate><vin>HGPLNJXA2PJAPKXGA</vin><color>Gainsboro</color><year>2006</year></automobile><automobile><person_id>e478e1b0-9445-403a-b412-67d538cc771a</person_id><license_plate>TUJ 233</license_plate><vin>K8YSZERZ2WUN2WKY1</vin><color>LightSlateGray</color><year>1980</year></automobile><automobile><person_id>327d84f2-983c-4105-abd6-54df029fb452</person_id><license_plate>030-CEV</license_plate><vin>ZA4EC99NXWHGK12ZZ</vin><color>PaleVioletRed</color><year>1991</year></automobile><automobile><person_id>120298c7-ac5a-47af-92e5-daed282d3b10</person_id><license_plate>NZU 297</license_plate><vin>AWNPF7U41S8TGTXY5</vin><color>Violet</color><year>1973</year></automobile><automobile><person_id>120298c7-ac5a-47af-92e5-daed282d3b10</person_id><license_plate>7D X9524</license_plate><vin>15RFEMGG7B5STBCUP</vin><color>DarkGreen</color><year>2023</year></automobile><automobile><person_id>120298c7-ac5a-47af-92e5-daed282d3b10</person_id><license_plate>IYL-646</license_plate><vin>2NB87YEL2K2L235H0</vin><color>DeepPink</color><year>2013</year></automobile><automobile><person_id>6ec8cdf9-07f3-44de-bc03-0013a5776caa</person_id><license_plate>AJW 739</license_plate><vin>N4LU7V1A0FU0GUBPP</vin><color>CadetBlue</color><year>2012</year></automobile><automobile><person_id>6ec8cdf9-07f3-44de-bc03-0013a5776caa</person_id><license_plate>5127</license_plate><vin>D6FR4WUN9LRVYEV4Z</vin><color>OrangeRed</color><year>2020</year></automobile><automobile><person_id>363412be-7f3c-4c26-82e5-2a20ea856782</person_id><license_plate>KCU-8513</license_plate><vin>H5VCZCR34AD1DS3DJ</vin><color>Red</color><year>2016</year></automobile><automobile><person_id>de4ea334-7123-4628-ba95-679fd2ace749</person_id><license_plate>9-0638M</license_plate><vin>RWZLKJ9B4UWFB740W</vin><color>AliceBlue</color><year>1999</year></automobile><automobile><person_id>8fada3a5-7591-4fde-81f2-b1225bf536d6</person_id><license_plate>BV-0421</license_plate><vin>2WN174PL8J5WKJLJ8</vin><color>DarkSlateBlue</color><year>1984</year></automobile><automobile><person_id>8fada3a5-7591-4fde-81f2-b1225bf536d6</person_id><license_plate>6Y 8220U</license_plate><vin>63ZM292550E3AVSP2</vin><color>SaddleBrown</color><year>2009</year></automobile><automobile><person_id>1dbc78cd-74a0-41cf-a765-cc3dfedf13fe</person_id><license_plate>3X 30137</license_plate><vin>RYTWEEDA9X3ZY1WZV</vin><color>LightGoldenRodYellow</color><year>2015</year></automobile><automobile><person_id>42d9341c-baf0-400f-b354-e45d8e093197</person_id><license_plate>155 1PE</license_plate><vin>Z6FUB4AE2U9KRH4BC</vin><color>LightSkyBlue</color><year>1996</year></automobile><automobile><person_id>42d9341c-baf0-400f-b354-e45d8e093197</person_id><license_plate>754 2181</license_plate><vin>0GR7ZRA42DTY4WFLZ</vin><color>DarkGoldenRod</color><year>1996</year></automobile><automobile><person_id>89840535-b3dd-4b23-889c-52c2472596a5</person_id><license_plate>3Z 6P7GNW</license_plate><vin>AXJFU1UH8KXDZ66E6</vin><color>PowderBlue</color><year>2024</year></automobile><automobile><person_id>89840535-b3dd-4b23-889c-52c2472596a5</person_id><license_plate>548JDW</license_plate><vin>X9CC6DWF893382KGU</vin><color>PeachPuff</color><year>2011</year></automobile><automobile><person_id>8e49810a-e657-4324-83e5-d1dc04138b14</person_id><license_plate>ZPO 854</license_plate><vin>T936WJTEXEUJ9UXPG</vin><color>LightSteelBlue</color><year>1997</year></automobile><automobile><person_id>8e49810a-e657-4324-83e5-d1dc04138b14</person_id><license_plate>8SH7624</license_plate><vin>GHAKGZVF2U59A84CW</vin><color>OliveDrab</color><year>1989</year></automobile><automobile><person_id>09cc7b92-36e4-47aa-9bc0-addde7c07e35</person_id><license_plate>508 ZYA</license_plate><vin>W6ZD4U25789X82E1S</vin><color>LightGoldenRodYellow</color><year>2022</year></automobile><automobile><person_id>09cc7b92-36e4-47aa-9bc0-addde7c07e35</person_id><license_plate>K25-69P</license_plate><vin>FSS9J6L958VBFX99X</vin><color>Wheat</color><year>2007</year></automobile><automobile><person_id>dccd9b94-8cc3-4fc3-bdbb-570b1568199b</person_id><license_plate>4625 UN</license_plate><vin>4JV5NRXN185JGY4BA</vin><color>LightSalmon</color><year>2011</year></automobile><automobile><person_id>6906d703-b9bf-4308-8b98-2a882d962904</person_id><license_plate>PTG 245</license_plate><vin>R8231AKF56PYYTXZ6</vin><color>FloralWhite</color><year>1975</year></automobile><automobile><person_id>6906d703-b9bf-4308-8b98-2a882d962904</person_id><license_plate>9D 56032</license_plate><vin>12BRF8AJ3MCJPXVMZ</vin><color>OliveDrab</color><year>1988</year></automobile><automobile><person_id>0cd47d62-d88f-4d6b-a94b-c14ef58a0b1f</person_id><license_plate>42UC8</license_plate><vin>KLN8WH3CX3V7T7W5R</vin><color>MediumTurquoise</color><year>1977</year></automobile><automobile><person_id>0cd47d62-d88f-4d6b-a94b-c14ef58a0b1f</person_id><license_plate>9JP 179</license_plate><vin>J5MX2AV02YUGKRSXG</vin><color>DarkRed</color><year>1971</year></automobile><automobile><person_id>6d2c2bc6-98fa-49cb-90c9-0d46713e45bd</person_id><license_plate>6UG R04</license_plate><vin>CHJ7E6N72JD5Z867N</vin><color>AliceBlue</color><year>1996</year></automobile><automobile><person_id>6d2c2bc6-98fa-49cb-90c9-0d46713e45bd</person_id><license_plate>NGC-239</license_plate><vin>0HU3EW9T2XY9M8592</vin><color>MediumPurple</color><year>2022</year></automobile><automobile><person_id>2447365a-3e8d-47a1-995a-decba9db6bf2</person_id><license_plate>LCG 899</license_plate><vin>T65D9GZE8W28V521S</vin><color>Salmon</color><year>2021</year></automobile><automobile><person_id>f1a4c085-eb21-484e-99a3-76d4901ae2f7</person_id><license_plate>LDL 626</license_plate><vin>5N9B44K32MGN4B6S3</vin><color>Gainsboro</color><year>1976</year></automobile></automobiles>