"id"|"first_name"|"last_name"|"sex"|"address"|"phone_number"|"profession"|"company"|"date_of_birth"
"e47282a1-4498-46fe-a6a2-5195f1a22639"|"Miguel"|"Jones"|"M"|"703 Pham Ports"|"782-461-6983x96760"|"Corporate investment banker"|"Flores and Sons"|"1942-10-04"
"5537950c-29ff-45f2-ba43-76361f2e2ffa"|"Kimberly"|"Arnold"|"F"|"990 Quinn Divide"|"928.717.6691x107"|"Health promotion specialist"|"Schmidt Ltd"|"2002-10-28"
"0f628759-9c04-405b-b377-11e3456e190c"|"Kimberly"|"Shaffer"|"F"|"644 Hood Loop Apt. 276"|"7839770279"|"Engineer, communications"|"Bauer-Roberson"|"1974-04-07"
"cb3f2a57-5e01-4c29-ae67-8c27e450178a"|"Bradley"|"Young"|"M"|"557 Ortiz Brooks"|"230.392.6097"|"Barrister's clerk"|"Scott Group"|"2000-07-06"
"f25cd746-81d8-4450-9e96-5a198dcc5b42"|"Anthony"|"Zhang"|"M"|"773 Christopher Ways"|"(288)846-1722x0753"|"Occupational psychologist"|"Johnson-Gibson"|"1956-08-23"
"4e01cfca-2146-41dd-b9c6-722dca1e830f"|"Paul"|"Holmes"|"M"|"208 Johnson Lake"|"(243)286-9038"|"Biomedical scientist"|"Gomez PLC"|"1909-09-13"
"491402f3-4ec9-426e-8142-17c83cf885e0"|"Cheryl"|"Nguyen"|"F"|"92 Kari Alley Suite 131"|"898-352-3411x10635"|"Paramedic"|"Jones-Mcconnell"|"1991-11-22"
"7f1d3b8d-6514-451f-b302-919f54f43cb0"|"Heather"|"Clark"|"F"|"744 King Land"|"(985)952-1647x98876"|"Education administrator"|"Adkins-Garza"|"1978-06-18"
"8b5c25f1-a0a2-4f80-abd9-62597c3daef8"|"Benjamin"|"Li"|"M"|"207 Rachel Pine"|"767.359.0982x62189"|"Scientist, clinical (histocompatibility and immunogenetics)"|"Johnson and Sons"|"1917-09-04"
"f108b946-3fba-4c86-9a76-76669fe96f75"|"Sophia"|"Blair"|"F"|"324 Morales Gardens Suite 197"|"(626)876-2987"|"Surveyor, insurance"|"Caldwell-Pitts"|"1985-09-14"
"4e7d8575-3340-4823-a5ea-d394a42e21b4"|"Darren"|"Bond"|"M"|"906 Murphy Creek Suite 712"|"+1-594-618-1091"|"Solicitor"|"Lewis, Aguilar and Hayes"|"1948-06-27"
"08293c15-d874-4dea-8d22-e0d2466eb46c"|"John"|"Suarez"|"M"|"128 David Course Apt. 455"|"001-283-412-9403"|"Advice worker"|"Moore, Jones and Evans"|"1999-04-05"
"d055c95c-3067-4e9c-a0e1-c746b062c615"|"Tracy"|"Parker"|"F"|"0 Jones Courts Apt. 083"|"(507)676-1967"|"Clinical biochemist"|"Thomas Group"|"1931-12-09"
"b1911154-5651-4e9d-859f-abf8d7593e94"|"Michael"|"Boone"|"M"|"282 Julia Station"|"384-301-4401x27428"|"Embryologist, clinical"|"Haynes-Burch"|"1921-03-16"
"4e51b140-1100-4aee-a9a7-57322ad8b58d"|"Jeffery"|"Hughes"|"M"|"505 Patricia Trafficway Apt. 188"|"899-238-6641x114"|"Licensed conveyancer"|"Willis-Burns"|"1946-03-11"
"bfad1be7-b043-496e-b1df-88ef9ac89d0a"|"Catherine"|"Lopez"|"F"|"420 Nelson Estate"|"532.840.0547x93338"|"Radiographer, diagnostic"|"Joseph PLC"|"1946-07-04"
"573836f2-2191-471a-8d6a-f83cc4ced305"|"Melissa"|"Crane"|"F"|"476 Hernandez Parkways Suite 200"|"221.571.1307x847"|"Medical secretary"|"Morales Group"|"1993-05-24"
"b690dfab-fc4f-4aba-a46b-76ef18137809"|"Ronald"|"Espinoza"|"M"|"818 Padilla Estate Suite 556"|"314.691.8922x01561"|"Cartographer"|"Gonzales-Hansen"|"1968-02-26"
"00688334-f106-4729-a4b5-7b3739d3b6ec"|"Cassandra"|"Daniels"|"F"|"197 Murphy Creek Suite 712"|"458.841.3867"|"Teacher, early years/pre"|"Walker, Wood and Hawkins"|"1991-05-15"
"5574982c-42a1-4809-9e5a-9f29272f69b7"|"Sarah"|"Gardner"|"F"|"765 Vincent Mountain Apt. 316"|"636.593.6782x67663"|"Civil Service administrator"|"Taylor PLC"|"1984-11-15"
"c205604c-9596-4db3-bb97-c71c346d1cb1"|"Mary"|"Anderson"|"F"|"330 Christine Gateway"|"(251)595-2955"|"Sports administrator"|"Kelly, Patterson and Smith"|"1909-04-09"
"8d48edf6-f9f4-4cd4-990d-0b51bdf82eab"|"Eddie"|"Wilson"|"M"|"630 Yvette Loop"|"685-676-8260"|"Warden/ranger"|"Collins-Stanley"|"1913-08-21"
"4b11f953-7558-42ff-917f-fc86cdffc4bd"|"Kathleen"|"Jackson"|"F"|"473 Castillo Underpass Apt. 535"|"760.548.1534x3662"|"Scientist, research (physical sciences)"|"Howard-Gonzalez"|"2011-12-11"
"19374492-8952-4454-a58a-cbe4e5582391"|"Laura"|"Cochran"|"F"|"989 Welch Walk"|"258-759-3234x32115"|"Neurosurgeon"|"Hernandez, Tucker and Griffin"|"1996-05-03"
"da326eda-732f-4270-9c7c-dff4967eea08"|"Kurt"|"Espinoza"|"M"|"144 Heather Garden Suite 383"|"484-805-0587"|"Risk analyst"|"Roberson Group"|"1919-03-04"
"a98d1465-1338-42bd-af63-20c8155355be"|"Adam"|"Perez"|"M"|"518 Tyler Knoll Apt. 752"|"216-593-2754x65890"|"Civil Service fast streamer"|"Thomas, Anderson and Rodriguez"|"1975-08-13"
"eaa172fc-faaf-4cf2-a5be-e1ed3e3f2089"|"Monica"|"Shaffer"|"F"|"55 Douglas Springs"|"+1-672-629-2163"|"Further education lecturer"|"Osborne-Thomas"|"1975-12-20"
"e4fea088-be55-4e9d-adce-159155b284bd"|"Jacob"|"Romero"|"M"|"286 Matthew Valleys Suite 832"|"(271)244-5085"|"Immunologist"|"Myers LLC"|"2002-11-23"
"98049a15-b514-40c3-851f-c7f626ca2b38"|"Elizabeth"|"Moore"|"F"|"968 Catherine Cove"|"664-481-3555x7167"|"Teacher, special educational needs"|"Atkinson PLC"|"2023-01-31"
"9cbbbe2c-9c68-4d65-8b0f-c19d182a976d"|"Susan"|"Hanson"|"F"|"612 Johnson Plains Suite 376"|"+1-282-302-5249"|"Chief Marketing Officer"|"Wise PLC"|"1980-04-24"
"d0ad3616-81de-4cab-a933-cdc52ef4881e"|"Megan"|"Ryan"|"F"|"544 Patricia Trafficway Apt. 188"|"+1-491-364-7436x2482"|"Administrator"|"Clay PLC"|"1982-01-21"
"f1ae7558-1b9f-45d7-9022-e0f604a0d1cf"|"Christopher"|"Mckee"|"M"|"990 Tyler Knoll Apt. 752"|"(547)567-0024x15095"|"Print production planner"|"Davis-Hammond"|"1989-02-28"
"587f6974-df27-4ba9-9dc7-a7b688a65231"|"Tracy"|"Matthews"|"F"|"588 Weeks Meadow Suite 683"|"3228946538"|"Youth worker"|"Barnes-Obrien"|"1988-09-20"
"40954c2b-4cfc-4348-a5b4-6a532896a670"|"James"|"Lee"|"M"|"126 Donald Village Apt. 289"|"495-598-3905x5064"|"Scientist, audiological"|"Bishop Ltd"|"1993-08-19"
"647f9d0a-766b-4324-b1e4-591f9e9f445e"|"Carolyn"|"Brown"|"F"|"327 Jordan Vista Apt. 756"|"859-909-3386x61664"|"Cabin crew"|"Cisneros-Wilson"|"1968-02-22"
"8680c85c-3299-428f-b88a-e2d8dd28e858"|"Natalie"|"Phillips"|"F"|"630 Christopher Tunnel"|"257.759.3280"|"Commercial horticulturist"|"Johnson, Hess and Hill"|"1987-08-20"
"4c5fb470-3f5d-41e2-9a88-43c2fc903aec"|"John"|"Barnes"|"M"|"30 Barron Hollow"|"+1-890-726-5689x5860"|"Graphic designer"|"Griffin, Thompson and Floyd"|"1916-01-02"
"e11eaab9-4869-4bb8-9bd2-1086ba4757da"|"Samantha"|"Hernandez"|"F"|"991 Moore Crossroad Apt. 549"|"(493)302-0453x062"|"Secondary school teacher"|"Frazier Ltd"|"1940-04-20"
"c9717662-caee-4d36-8a92-de52ac6e6c7c"|"Michael"|"Torres"|"M"|"880 Jeffery Village"|"950.303.6931x580"|"Armed forces operational officer"|"Mayo, Humphrey and Rose"|"1995-07-26"
"d811d16a-a26c-4b46-955a-f2ea90069acf"|"Taylor"|"Patrick"|"F"|"365 Jeffrey Run"|"+1-363-764-1414x35035"|"Fashion designer"|"Dawson-Wright"|"1964-08-01"
"88d79f09-e983-421a-8270-8ca08c8d8cc9"|"Joshua"|"Bond"|"M"|"164 Lynn Lake Suite 253"|"702.946.9318"|"Programmer, systems"|"Gonzalez Group"|"1958-08-25"
"2ddb981a-5f8a-4755-aedf-b3fa604eb952"|"Lydia"|"Evans"|"F"|"607 Moore Crossroad Apt. 549"|"001-270-382-2623x434"|"Podiatrist"|"Soto-Williams"|"2024-04-23"
"1366541a-1b97-41d3-a238-b0ac6425424a"|"Elizabeth"|"Harper"|"F"|"817 Barron Hollow"|"(765)303-0217"|"Energy engineer"|"Page, Dodson and Ramirez"|"1974-02-23"
"021fe983-312f-4662-bdb8-d0bacacd1088"|"Joshua"|"Lee"|"M"|"243 Newton Wall"|"(419)435-6737x6437"|"Pharmacist, community"|"Baird-Lucas"|"1966-03-17"
"3e6cd0d8-1b87-4cb3-a1d1-a686cf70b84d"|"Sharon"|"Ruiz"|"F"|"134 Thomas Coves Suite 736"|"(693)360-8567"|"Pension scheme manager"|"Thompson Group"|"2015-09-26"
"1f708936-8e2a-4596-b049-5caf1e64f435"|"Nicholas"|"Booth"|"M"|"526 Patricia Row"|"215-794-3207x94425"|"Probation officer"|"Garcia Group"|"1966-11-15"
"52409916-cd1c-4349-b9f3-af15c37f670e"|"Perry"|"Christian"|"M"|"720 Murphy Creek Suite 712"|"(373)875-5666x477"|"Nurse, adult"|"Chapman-Bridges"|"2007-11-14"
"1f21d0b8-9c0d-454f-8afb-62cce47481c7"|"Braun"|"Robbins"|"F"|"771 Thomas Coves Suite 736"|"001-252-699-3264x2380"|"Landscape architect"|"Koch and Sons"|"2021-08-06"
"162f9ae8-3171-44de-99ac-c070e7bbd9cb"|"Aaron"|"Brown"|"M"|"513 Randall Burg"|"001-466-533-3843"|"Land"|"Sanchez, Fitzpatrick and Newton"|"1948-11-21"
"a1d46ab7-f973-4cff-9601-203db09c7cc5"|"Kyle"|"Howard"|"M"|"462 Alexis Freeway Apt. 358"|"+1-362-725-3250x7732"|"Training and development officer"|"Jones-Alvarado"|"1945-04-19"
"52d7f005-d21a-4891-ac18-3534a9b9a171"|"Stephanie"|"Hanson"|"F"|"843 Hood Loop Apt. 276"|"5897208201"|"Psychologist, sport and exercise"|"Johnson-Nelson"|"1922-01-16"
"20d2f6a0-d695-4b15-aa94-b6a9c22d77ee"|"Shawn"|"Johnson"|"M"|"15 David Passage Suite 979"|"+1-544-860-7492x26428"|"Exhibitions officer, museum/gallery"|"Young PLC"|"1926-10-19"
"6ecfe766-e4a5-41dc-8f1b-4e57f417e31c"|"Melanie"|"Jackson"|"F"|"526 Rosario Loop"|"001-583-621-5271x541"|"Sales executive"|"Jackson Inc"|"1975-06-30"
"abf26d66-5d65-4952-8358-877a836a5442"|"Christina"|"Velez"|"F"|"109 Johnson Plains Suite 376"|"901-611-0898"|"Copywriter, advertising"|"Bailey-Berry"|"1982-10-04"
"d8a98949-72b6-45b7-aa96-a2dfe7b21b1f"|"Jonathan"|"Christian"|"M"|"532 Jonathan Stravenue"|"+1-340-282-1574"|"Designer, industrial/product"|"Dillon, Wong and Griffith"|"1949-11-14"
"e0e20800-529a-45a6-9242-371316d2b63e"|"James"|"Suarez"|"M"|"449 Daniel Plaza"|"+1-210-789-6258x4166"|"Theatre stage manager"|"Graham-Cortez"|"2010-02-28"
"79151189-1c0c-424c-86b6-56bb40323668"|"Jessica"|"Gomez"|"F"|"861 Ross Camp Apt. 134"|"+1-347-726-5236x553"|"Teacher, adult education"|"Rangel and Sons"|"1917-02-27"
"b86cb47b-211a-4449-91d9-062e18581f44"|"Maria"|"Ramirez"|"F"|"297 Yates Harbor Suite 905"|"676-670-1517"|"Publishing rights manager"|"Russell Ltd"|"2020-09-17"
"28a991af-0986-4417-8408-da1381b54f48"|"Angel"|"Howard"|"M"|"135 Padilla Estate Suite 556"|"688.712.1224"|"Clinical research associate"|"Jefferson-Manning"|"1922-05-14"
"5d3ee084-3030-4e25-9a9b-77cf850484e6"|"Darlene"|"Welch"|"F"|"866 Diana Point"|"4048212783"|"Media planner"|"Giles-Brewer"|"1939-09-26"
"42df97aa-2b98-49ca-b956-8ed5d2fe251a"|"Bradley"|"Williams"|"M"|"315 Jessica Mountains Suite 248"|"+1-288-553-9452x0194"|"Educational psychologist"|"Turner, Sanders and Simon"|"1916-09-24"
"f3be5365-03ae-4293-8d94-1d5bfe103d21"|"Shawna"|"Matthews"|"F"|"665 Christopher Tunnel"|"001-400-250-7034x15143"|"Education officer, museum"|"Rodriguez LLC"|"1974-05-19"
"e2262f4d-907d-4555-9d7b-e7edafa13432"|"Michael"|"Matthews"|"M"|"75 Matthew Keys"|"983-706-7777x0800"|"Chartered public finance accountant"|"Martinez, Barber and Vega"|"1917-04-27"
"8e427bb1-b59d-41a5-b28a-16d8727641e3"|"Monica"|"Russell"|"F"|"334 Danielle Estates"|"747-456-6194x970"|"Administrator, arts"|"Tran Ltd"|"2012-05-23"
"e38fee89-0a76-4125-b399-01bd047d9a4b"|"Michael"|"Russell"|"M"|"681 Yates Harbor Suite 905"|"7919669116"|"Quantity surveyor"|"James Ltd"|"2001-03-07"
"0344c2df-dfb7-4aa0-baef-9e580a57836b"|"Greg"|"Lynn"|"M"|"59 Martin Field"|"621-769-9537x7899"|"Legal secretary"|"Hopkins, Freeman and Cole"|"1926-01-23"
"dab39768-a95d-4d25-83dc-0d668cdaf07d"|"Jay"|"Ryan"|"M"|"35 Hernandez Parkways Suite 200"|"(448)977-6972"|"Research scientist (physical sciences)"|"Patel-Jones"|"1996-02-25"
"5310d143-47d4-4162-b904-92ba4f4db132"|"Marissa"|"Casey"|"F"|"125 Brian Course"|"2817309431"|"Programmer, multimedia"|"Roberts-Smith"|"1980-01-22"
"6c079dda-1d7c-456b-a4ad-e0baead4e420"|"Nichole"|"Hernandez"|"F"|"601 Lee Burgs"|"+1-701-841-9474x9091"|"Retail manager"|"Ramos, Guzman and Flores"|"1949-05-27"
"d8467e60-307b-484a-bb31-503ef8feff59"|"Bradley"|"Jones"|"M"|"566 Banks Curve Apt. 123"|"697-814-4548x37316"|"Higher education lecturer"|"Morrison-Aguilar"|"1979-12-30"
"194abdb6-bd3e-4d3a-96e4-9463c789943a"|"Gavin"|"Foster"|"M"|"116 Shelton Run"|"707-915-2088"|"Psychotherapist, dance movement"|"Castro, Greene and Jennings"|"1926-05-27"
"6901ea9a-7d36-4826-aa78-f6ca20d0592c"|"Jared"|"Torres"|"M"|"183 Randolph Way Suite 427"|"474-411-6465"|"Pharmacologist"|"White, Morgan and Pruitt"|"1946-09-07"
"ecc7515c-83a1-446d-9811-597bc01ab7b8"|"Elizabeth"|"Zimmerman"|"F"|"43 Robinson Highway"|"309-861-0325x940"|"Writer"|"Hill Inc"|"1959-09-18"
"9bd5cb11-3e71-4795-aa45-cf9e6ef787db"|"Stephanie"|"Gonzales"|"F"|"93 Brown Canyon Apt. 503"|"(439)997-9401x8697"|"Magazine features editor"|"Branch-Thomas"|"1945-12-30"
"9b9d1463-3da2-41ee-981e-2317a45d0608"|"Kelsey"|"Espinoza"|"F"|"116 Warner Circle"|"628.872.9925x15712"|"Site engineer"|"Johnson-Lewis"|"1995-11-12"
"27a5a7be-6ce0-4e5a-b2b5-1cac931cc445"|"Cathy"|"Hayden"|"F"|"324 Amanda Curve"|"(584)780-2923x649"|"Photographer"|"Davis, Conner and Kelly"|"1910-08-11"
"509a0275-6016-40ce-b7b3-9737cfaccc1f"|"Alexander"|"Pittman"|"M"|"731 Montoya Walk Apt. 578"|"6139155668"|"Amenity horticulturist"|"Ramos Inc"|"1939-08-24"
"e4815fcd-2da6-4bdb-aacb-a49fc5ccca35"|"Bowman"|"Fisher"|"F"|"24 Smith Ranch Suite 211"|"881.615.8671"|"Scientist, biomedical"|"Fisher and Sons"|"1981-09-24"
"e5a3c4b7-1a2b-4866-97c7-dc786fcc1dd5"|"Joshua"|"Curtis"|"M"|"422 Charles Extension Apt. 046"|"382.240.1645x648"|"Editor, commissioning"|"Lane-Melendez"|"1934-03-28"
"560095cc-2e3d-4f3e-bb90-d8dbece5dc8e"|"John"|"Nichols"|"M"|"917 Padilla Estate Suite 556"|"001-237-740-8882"|"Therapist, drama"|"Mccullough-Sawyer"|"1969-07-22"
"3a41dd8c-5df4-4ef7-b357-47da68b102f6"|"Michael"|"Gonzalez"|"M"|"177 Johnson Throughway"|"001-322-977-6541"|"Media planner"|"Hayden and Sons"|"1962-07-20"
"44192aeb-ae8c-41bf-8661-49727c1cc766"|"Nicholas"|"Moore"|"M"|"130 Brown Canyon Apt. 503"|"797.364.9749"|"Geographical information systems officer"|"Shields Ltd"|"2010-10-19"
"bc04750d-fce7-4b6b-beb1-56fcdf4060df"|"Lucas"|"Harrison"|"M"|"293 Johnson Throughway"|"+1-990-404-9859"|"Brewing technologist"|"Mercado Inc"|"1949-05-04"
"57d85f64-6a1f-4369-ad7b-bd0722d304c4"|"Courtney"|"Moore"|"F"|"993 Weeks Meadow Suite 683"|"+1-746-251-0181x0588"|"Armed forces technical officer"|"Reyes, Howell and Henry"|"1987-03-24"
"08f9c729-9fe1-4a9a-b170-1359a2e234ea"|"Hannah"|"Jackson"|"F"|"261 Oneal Underpass"|"001-591-839-8533x07733"|"Adult nurse"|"Martinez-Burns"|"1942-11-28"
"249f933f-c53f-4e45-989c-4cbb44bf3a18"|"Donald"|"Barber"|"M"|"691 Michelle Isle Apt. 431"|"331.768.5797"|"Ergonomist"|"Humphrey, Ross and Leon"|"2020-06-19"
"6cc159e1-cc4d-40ff-ab81-7aaddcb09db1"|"Mark"|"Hicks"|"M"|"955 Tara Inlet"|"001-287-574-2203x3746"|"Personnel officer"|"Higgins, Mathews and Wang"|"1944-10-30"
"2aedc7c2-ea5a-4b96-8b19-5687cbaff9ba"|"Brenda"|"Jackson"|"F"|"308 Cox Turnpike Apt. 083"|"(705)920-3857x452"|"Customer service manager"|"Schneider Ltd"|"2016-01-27"
"29d68f94-8612-409b-86b5-b770cfc32a9f"|"Bianca"|"Gardner"|"F"|"72 Bruce View Suite 976"|"585.316.9320"|"Restaurant manager, fast food"|"Butler-Campbell"|"1943-03-30"
"0178d4b6-525d-4914-819e-b2af15d13dcf"|"Angela"|"Gill"|"F"|"552 John Fall Apt. 476"|"+1-809-732-7972x51827"|"Academic librarian"|"Jones, Anderson and Mitchell"|"2012-01-04"
"9fe54404-a83d-44ed-ba09-4bcb49dc6e70"|"Suzanne"|"Mckee"|"F"|"149 Welch Walk"|"667-379-6002"|"Paediatric nurse"|"Johnson-Garcia"|"1961-03-14"
"f7495c49-9fa4-4665-a321-1add2801234c"|"Rebecca"|"Baker"|"F"|"721 Matthew Keys"|"001-776-285-9916x7820"|"Museum/gallery curator"|"Martinez-Jones"|"1978-12-21"
"a34d6560-31f4-4655-88b5-d342466c5170"|"Joseph"|"Downs"|"M"|"63 Michael Manor"|"560.614.1379x3346"|"Exhibition designer"|"Shaw Inc"|"2014-07-19"
"11cd90ac-b14c-4c01-9450-8e98a8cf95fe"|"Christina"|"Snyder"|"F"|"13 Smith Ranch Suite 211"|"2319550494"|"Economist"|"Ramirez Group"|"1938-04-06"
"2919eeaa-7650-4547-8306-78e9e8bd8815"|"Susan"|"Harrison"|"F"|"337 Gabriel Hill Apt. 094"|"001-931-804-3821x2337"|"Photographer"|"Blankenship, Garcia and Delgado"|"1954-03-16"
"202a39a4-b7c1-4435-ac24-199da65725da"|"Loretta"|"Goodwin"|"F"|"935 Evans Ports Suite 383"|"+1-437-930-9616"|"Engineer, agricultural"|"Odonnell Ltd"|"2018-03-14"
"26a909df-4603-45b6-bd3c-3a86b0d83ff8"|"Crystal"|"Garner"|"F"|"826 Porter Overpass"|"740.938.4378"|"Programmer, applications"|"Morales, Johnson and Ramirez"|"1986-03-08"
"e97c730d-fba9-445a-aba8-65e6fc021979"|"Alexandria"|"Curry"|"F"|"186 Rivers Squares"|"(844)846-8454x6654"|"Intelligence analyst"|"Lucas-Gordon"|"1979-04-30"
"bffebab3-5cc8-49f3-ad66-6366b5554252"|"David"|"Johnson"|"M"|"617 Parks Trace Suite 497"|"(823)478-4410x62400"|"Oceanographer"|"Johnston and Sons"|"1919-07-15"
"65aea242-2515-4723-ac1b-67ff78b398b0"|"Kristin"|"Castaneda"|"F"|"303 Thomas Wall Suite 035"|"3009505567"|"Herpetologist"|"Bauer and Sons"|"1913-08-05"
"bfd4f448-2249-412a-b4bd-39402870c387"|"Aaron"|"Burke"|"M"|"119 Troy Centers"|"001-989-622-5348"|"Education officer, environmental"|"Hernandez, Daniel and Peters"|"1991-02-23"
"ab37b6a1-15e5-480b-87fe-68b0ec7c80c3"|"Deborah"|"Jones"|"F"|"285 Cox Turnpike Apt. 083"|"001-436-861-5163x23703"|"Accountant, chartered"|"Edwards-Roberts"|"1926-12-16"
"8df5e46c-5861-47fd-8b57-129ddd4ea3c2"|"Timothy"|"Hanson"|"M"|"214 Parks Trace Suite 497"|"001-659-816-8008"|"Set designer"|"Ryan-Wong"|"1922-05-09"
"bc543024-1abd-49e0-a510-bd620a0309cf"|"Kim"|"White"|"F"|"92 Arnold Cliffs"|"(896)460-2638x5464"|"Teacher, primary school"|"Joseph-Willis"|"1970-01-13"
"abc37c9d-58ea-4faf-8847-a9d6d5522e85"|"Adam"|"Tran"|"M"|"493 King Land"|"001-909-908-3455x339"|"Careers information officer"|"Green-Bowman"|"1949-10-26"
"f2cca6e7-248f-4d51-8325-d29b9bad8af4"|"April"|"Jones"|"F"|"120 Jeffrey Run"|"399.882.3044"|"Tax adviser"|"Wolfe and Sons"|"1911-06-20"
"9d795610-6f61-43f1-8e1e-eb117f221d70"|"Melissa"|"Wilson"|"F"|"167 Michelle Isle Apt. 431"|"349.214.7655"|"Chief Executive Officer"|"Martinez, Crosby and Rose"|"1959-04-15"
"9aead71e-8214-4aef-b97c-1d93d3f91588"|"David"|"Torres"|"M"|"3 Weaver Haven"|"520.905.1792"|"Engineer, energy"|"Shannon PLC"|"1946-05-19"
"c9158613-1c3c-43a5-bf21-ca408b9676fa"|"Heidi"|"Suarez"|"F"|"110 Jeffrey Run"|"6294906765"|"Development worker, international aid"|"Ruiz, Sanchez and Lawson"|"1942-05-10"
"7ce79109-7e6c-4169-9d75-df58b1139d98"|"William"|"Howell"|"M"|"819 Pham Ports"|"001-653-318-8898x37489"|"Further education lecturer"|"Brown, Patel and Ross"|"1944-01-11"
"f8834059-de3a-4a85-a6d0-c8999b1093a0"|"Marcus"|"James"|"M"|"15 Jennifer Track"|"(424)488-8422x048"|"Publishing rights manager"|"Mcclain-Sanford"|"1937-03-04"
"bc880fd9-0b31-45aa-a42c-942f3f8c76ad"|"Jonathan"|"Brown"|"M"|"49 Castillo Underpass Apt. 535"|"+1-971-351-2108x285"|"Careers information officer"|"Kemp, Thomas and Riley"|"1922-11-14"
"978c46d0-f61c-4f9e-be51-7ad01036f332"|"William"|"Velez"|"M"|"118 Colleen Mount"|"001-842-966-8949"|"Police Officer"|"TTPD"|"1983-05-14"
"a10d18b6-4241-418f-8b76-6b9cb7adb69e"|"Kelly"|"Craig"|"F"|"654 Shepard Bridge"|"001-802-445-1851x68552"|"Designer, graphic"|"Butler and Sons"|"1911-02-19"
"ab40b133-c1c5-4d00-bc52-66bd459692d6"|"Edward"|"Hall"|"M"|"818 Tim Avenue Apt. 437"|"001-475-771-1615x71326"|"Surveyor, mining"|"Black Inc"|"1991-03-01"
"a585d9ab-0fcf-4998-a2aa-67d93ac897e1"|"Samuel"|"Roberts"|"M"|"478 Thomas Coves Suite 736"|"001-850-697-5141"|"Administrator, education"|"Freeman Group"|"1926-06-28"
"add106fd-45e0-4a37-8d30-acd5520bbb1b"|"Brandon"|"Aguirre"|"M"|"830 Christine Gateway"|"315-762-2189x8547"|"Artist"|"Marshall, Pierce and Bright"|"1936-12-05"
"b1555b7b-c56b-4ecf-955c-e9e88c5ffe89"|"Steven"|"Snyder"|"M"|"784 Weeks Meadow Suite 683"|"+1-398-994-2531x7583"|"Manufacturing engineer"|"Hoffman, Conley and Wright"|"1909-04-25"
"3be4ce97-cd2a-43b4-beab-6a7f0e743742"|"Sydney"|"Sparks"|"F"|"236 Jessica Mountains Suite 248"|"(612)584-3355x0643"|"Therapist, nutritional"|"Pennington, Fletcher and Lopez"|"1970-10-09"
"16951e7b-cc0c-4ff8-9320-7e033b1e31a2"|"Samuel"|"Welch"|"M"|"965 Murphy Creek Suite 712"|"(643)699-6956"|"Architect"|"Martin-Watson"|"1945-09-14"
"1db04e4e-e5f5-4fa6-9e0b-f09e776251b3"|"Butler"|"Parker"|"M"|"586 Elizabeth Creek Apt. 423"|"+1-971-698-3816x8220"|"Engineer, water"|"Knight-Jensen"|"2012-05-22"
"5644d045-0491-497f-a88c-48bce02d66e5"|"Matthew"|"Perez"|"M"|"836 Morales Gardens Suite 197"|"(649)357-8084x347"|"Clinical psychologist"|"Haney-Spencer"|"1929-05-11"
"cd9dd78b-5eb8-4780-a96f-96868e9d5822"|"Charlotte"|"Evans"|"F"|"50 David Course Apt. 455"|"817.711.0827x7565"|"Surveyor, building"|"Mitchell-Phillips"|"1925-08-14"
"25db1e88-da38-4ec7-ac77-5db60b326d74"|"Kathryn"|"Sparks"|"F"|"151 Weeks Meadow Suite 683"|"+1-213-287-5253x378"|"Freight forwarder"|"Hansen, Fisher and Smith"|"1921-05-30"
"4ad797d6-198f-4e42-94ad-a34aa4f43739"|"Carmen"|"Jordan"|"F"|"77 Patricia Row"|"693-218-6137x71492"|"Horticultural consultant"|"Clark Inc"|"2023-01-07"
"5939c6a5-608a-4f2b-af41-184a71d72b25"|"Wesley"|"Garrison"|"M"|"995 Ashley Landing"|"254.923.5320"|"Editorial assistant"|"Ruiz, Brown and Mcclain"|"1976-03-15"
"83b4a79d-0cf0-4510-82ea-dfba5ac2d810"|"Mary"|"Welch"|"F"|"559 Chandler Tunnel Suite 681"|"001-733-599-5704x952"|"Agricultural consultant"|"Walker-Bennett"|"1923-08-19"
"757d00fc-ac05-42ae-ac3b-103ad4463314"|"Sheila"|"Fernandez"|"F"|"919 Tara Inlet"|"800.484.0848"|"Learning mentor"|"Taylor PLC"|"1908-06-19"
"163ac690-c6cd-444b-817e-6f3dbbe2f9d3"|"Kathryn"|"Moore"|"F"|"156 Jennifer Track"|"001-899-219-6950x8284"|"Loss adjuster, chartered"|"Hoover and Sons"|"1931-07-05"
"e2210dc6-3d6d-4189-8b78-a718c3d67717"|"Harold"|"Scott"|"M"|"452 Moore Crossroad Apt. 549"|"501.394.1253"|"Housing manager/officer"|"Mayo, Joseph and Richards"|"1923-05-30"
"72ce8a06-4102-4a2a-98d1-5a92a750bfa7"|"Sandra"|"Nguyen"|"F"|"182 Yates Harbor Suite 905"|"8985432441"|"Film/video editor"|"Odom Ltd"|"1976-04-28"
"66d1aea0-5dd3-4be6-8a14-8bbb444f309e"|"John"|"Hubbard"|"M"|"967 Porter Overpass"|"360-326-9382"|"Customer service manager"|"Ward Ltd"|"1922-09-12"
"2b3e1e67-8058-467c-adb7-e57505bb547c"|"Michael"|"Harding"|"M"|"854 Cooley Dam Apt. 601"|"801.434.3546"|"Teacher, music"|"Bell, Snow and Ortiz"|"1994-06-15"
"3720f19d-fea4-4774-9352-5e4af8193205"|"Holly"|"Moore"|"F"|"917 David Course Apt. 455"|"6023389003"|"Health visitor"|"Brown LLC"|"1983-05-10"
"c5701636-558f-400a-91c5-275b865f79cc"|"Valerie"|"Hall"|"F"|"490 William Avenue"|"(993)289-5857"|"Operational investment banker"|"Maxwell and Sons"|"1936-12-23"
"86ee7d0e-2fa9-4ce5-b413-8f0a59ff03a1"|"Jennifer"|"Mejia"|"F"|"136 Catherine Lock"|"(299)904-4318"|"Astronomer"|"Aguirre, Woodard and Evans"|"1953-03-19"
"0897ac70-d0f8-4c6e-ad4e-8f09a9c55431"|"Gabriella"|"Schwartz"|"F"|"139 Garcia Road Suite 143"|"+1-665-619-3803x2356"|"TEFL teacher"|"Young and Sons"|"1988-05-26"