<?xml version="1.0" encoding="UTF-8" ?><automobiles><automobile><person_id>5fe7a0cc-7aa2-48fb-a855-794c547d4747</person_id><license_plate>O05 6QQ</license_plate><vin>6KBEJD2M8NPXHA9XZ</vin><color>DarkSlateGray</color><year>1984</year></automobile><automobile><person_id>eb565702-8b45-4b79-ad6e-bd10dbeb6921</person_id><license_plate>WZX-830</license_plate><vin>MJXE33MA46ZE45YH0</vin><color>LightSteelBlue</color><year>1974</year></automobile><automobile><person_id>8630d9cf-a05b-48d1-b89d-a800ae0510b7</person_id><license_plate>720 IO9</license_plate><vin>ECRW887NX02GR7P4J</vin><color>IndianRed</color><year>2007</year></automobile><automobile><person_id>12fd23fd-7b1b-4d96-813e-0f1b1e7faec0</person_id><license_plate>RRU I35</license_plate><vin>R17GBLASXVSDD4FG0</vin><color>MediumOrchid</color><year>1987</year></automobile><automobile><person_id>12fd23fd-7b1b-4d96-813e-0f1b1e7faec0</person_id><license_plate>900 1310</license_plate><vin>J51MUWFV83T3KF04X</vin><color>Azure</color><year>1988</year></automobile><automobile><person_id>12fd23fd-7b1b-4d96-813e-0f1b1e7faec0</person_id><license_plate>344 TNL</license_plate><vin>TPCVGH4X3SGLCHGAJ</vin><color>LightGoldenRodYellow</color><year>1979</year></automobile><automobile><person_id>2c66ddbc-6691-40fe-b40d-c3a07bdc50b8</person_id><license_plate>GXZ-087</license_plate><vin>5T5W7GYM90BXZ20M8</vin><color>SeaShell</color><year>2015</year></automobile><automobile><person_id>2c66ddbc-6691-40fe-b40d-c3a07bdc50b8</person_id><license_plate>VR 39876</license_plate><vin>828D4MSWXTZTJMK72</vin><color>DarkMagenta</color><year>1989</year></automobile><automobile><person_id>9c0e9e48-d7d1-4aed-9a7d-051341a7cc77</person_id><license_plate>29OU400</license_plate><vin>W7VF69LY9L8NMR8GC</vin><color>DarkKhaki</color><year>1983</year></automobile><automobile><person_id>40ca761f-85c9-402f-be28-ab12d1ceb852</person_id><license_plate>TUU-829</license_plate><vin>YC2BBM679JVGGXL1L</vin><color>PapayaWhip</color><year>2007</year></automobile><automobile><person_id>9cb23748-3f6d-4d6d-829e-694d6eb79fb0</person_id><license_plate>0-76434C</license_plate><vin>6C05WK215S9G71VDF</vin><color>PowderBlue</color><year>1999</year></automobile><automobile><person_id>9cb23748-3f6d-4d6d-829e-694d6eb79fb0</person_id><license_plate>86E•923</license_plate><vin>VED2W8K17AJ7L5HEV</vin><color>DarkGray</color><year>1980</year></automobile><automobile><person_id>1968ac58-4ba5-48cd-9c40-b78fe628241a</person_id><license_plate>0ZOA271</license_plate><vin>4EF911318TRW04PDN</vin><color>MistyRose</color><year>1974</year></automobile><automobile><person_id>1968ac58-4ba5-48cd-9c40-b78fe628241a</person_id><license_plate>211-ZGC</license_plate><vin>JTTR5HV116PFEU30H</vin><color>FloralWhite</color><year>1997</year></automobile><automobile><person_id>1968ac58-4ba5-48cd-9c40-b78fe628241a</person_id><license_plate>015836</license_plate><vin>K4C0N0MR2LBD7P9SC</vin><color>DeepPink</color><year>1990</year></automobile><automobile><person_id>189daa85-c4b8-4f04-8897-b24e82a24c57</person_id><license_plate>604-BOV</license_plate><vin>UYEUB5883WF6T4M5T</vin><color>SeaShell</color><year>2007</year></automobile><automobile><person_id>907baa50-1ed4-4fc5-9e12-03e22e3d1ef4</person_id><license_plate>170-049</license_plate><vin>F5KWP7482JJDXD1FZ</vin><color>PaleVioletRed</color><year>1990</year></automobile><automobile><person_id>fdf06528-e7ba-4a9a-85cb-3ccc63fe835a</person_id><license_plate>RU-3566</license_plate><vin>ZZTVT3M700TS39CXZ</vin><color>SaddleBrown</color><year>2011</year></automobile><automobile><person_id>fdf06528-e7ba-4a9a-85cb-3ccc63fe835a</person_id><license_plate>924 YV7</license_plate><vin>WSC750KB1UKDJVSDU</vin><color>MistyRose</color><year>1975</year></automobile><automobile><person_id>fcffac6d-82ec-4f4c-b5b3-21615319cf5d</person_id><license_plate>4W313</license_plate><vin>FV3C5AMU6YCX70T25</vin><color>DarkBlue</color><year>2016</year></automobile><automobile><person_id>6a140c82-92cd-4caf-916d-1839f4493ff4</person_id><license_plate>LZN 705</license_plate><vin>GEAZF68N7GF9RD4NL</vin><color>Sienna</color><year>1982</year></automobile><automobile><person_id>6a140c82-92cd-4caf-916d-1839f4493ff4</person_id><license_plate>405 FDA</license_plate><vin>U8Y2FPZ91F9UTSPDD</vin><color>OliveDrab</color><year>1993</year></automobile><automobile><person_id>f7a4d85a-88d8-4058-8a7a-ee12d28e8c13</person_id><license_plate>949 VIQ</license_plate><vin>ZBDELWZC3VRPYPMAT</vin><color>DarkGray</color><year>1988</year></automobile><automobile><person_id>f7a4d85a-88d8-4058-8a7a-ee12d28e8c13</person_id><license_plate>PO 45045</license_plate><vin>L013WZF555V7DHTBY</vin><color>Lavender</color><year>1988</year></automobile><automobile><person_id>354b83f7-b844-44d5-9326-44e28d08af5f</person_id><license_plate>431 WVU</license_plate><vin>6M8KSZKBXPPH2PWCJ</vin><color>PeachPuff</color><year>2016</year></automobile><automobile><person_id>36091c67-f5fc-4ab8-8f2f-2f0be09b47e0</person_id><license_plate>071 PHL</license_plate><vin>LTEJEKFZXPMTNTFP7</vin><color>PapayaWhip</color><year>2013</year></automobile><automobile><person_id>36091c67-f5fc-4ab8-8f2f-2f0be09b47e0</person_id><license_plate>194-VBH</license_plate><vin>XYDPSB060UH4SHAA4</vin><color>Blue</color><year>2019</year></automobile><automobile><person_id>bac458d8-2963-4595-867a-3ad6dc5a8507</person_id><license_plate>ZSM2576</license_plate><vin>T814XY5W60UMEJ5LC</vin><color>DimGray</color><year>1980</year></automobile><automobile><person_id>48fe3dfc-d124-4452-a7d3-ca4f4252204b</person_id><license_plate>PVG-2388</license_plate><vin>MMDY3KEDXT46WL2F7</vin><color>BurlyWood</color><year>1989</year></automobile><automobile><person_id>15e697e6-8d7e-42f4-a5a4-270f81ac4bf4</person_id><license_plate>069 UGO</license_plate><vin>NCM8X236XMBV68L48</vin><color>MistyRose</color><year>2009</year></automobile><automobile><person_id>15e697e6-8d7e-42f4-a5a4-270f81ac4bf4</person_id><license_plate>EPE 254</license_plate><vin>VRJZ0REW7V75LX2Y4</vin><color>Cyan</color><year>2000</year></automobile><automobile><person_id>15e697e6-8d7e-42f4-a5a4-270f81ac4bf4</person_id><license_plate>870 9RW</license_plate><vin>UX09R43F7XRWH7BHX</vin><color>Sienna</color><year>1981</year></automobile><automobile><person_id>c7e96853-a06b-424f-8303-2e510ccca4fa</person_id><license_plate>IF 12575</license_plate><vin>10MK02R7X7PWT0U1L</vin><color>Aqua</color><year>2017</year></automobile><automobile><person_id>2376fc5d-64a8-4374-8fab-6dee30b2f937</person_id><license_plate>K92 0MH</license_plate><vin>WX2Z7H3Y1TKCL9LAZ</vin><color>Indigo</color><year>1972</year></automobile><automobile><person_id>2376fc5d-64a8-4374-8fab-6dee30b2f937</person_id><license_plate>758-VPL</license_plate><vin>F939ZFR50CDRXWKRP</vin><color>LightSkyBlue</color><year>1988</year></automobile><automobile><person_id>320c30b4-f77b-4870-8df1-0f96ab8a580d</person_id><license_plate>169 ZWM</license_plate><vin>XX8JWMZZ61PXB4R4H</vin><color>DarkViolet</color><year>1993</year></automobile><automobile><person_id>401a7e37-9ebe-4d6d-bbd2-52f156c405ae</person_id><license_plate>4PW S83</license_plate><vin>8NYHAKWD1HF2EBSRH</vin><color>RoyalBlue</color><year>2015</year></automobile><automobile><person_id>70d9563d-4052-4e91-b870-4dd3124d2f59</person_id><license_plate>123-YKV</license_plate><vin>E5K8GHM63E6XM26VX</vin><color>Gainsboro</color><year>1993</year></automobile><automobile><person_id>8def108f-97f5-4157-9686-4774b842c5eb</person_id><license_plate>95M IY7</license_plate><vin>15SDHZHZ4N2F9XAF6</vin><color>DarkGreen</color><year>1993</year></automobile><automobile><person_id>a283fc7f-0b2e-4ff9-b372-e65703d66648</person_id><license_plate>ATL-7799</license_plate><vin>ZA9DDGU65P7W29LXJ</vin><color>LavenderBlush</color><year>2012</year></automobile><automobile><person_id>16bc40ce-6622-47ed-bac7-d521821e32ea</person_id><license_plate>29I•783</license_plate><vin>7F8B653G4G0HZAWCT</vin><color>LightSalmon</color><year>1998</year></automobile><automobile><person_id>17af15ab-eae8-4fb7-b4fc-ac9cbc6c9b34</person_id><license_plate>03VS551</license_plate><vin>1R719SE42NU1DU1NU</vin><color>DarkSlateGray</color><year>2005</year></automobile><automobile><person_id>97da662f-071e-43ae-8297-78c0ea995262</person_id><license_plate>UQ 97982</license_plate><vin>YM5ZP9WE41L1N8J3S</vin><color>DarkSalmon</color><year>1998</year></automobile><automobile><person_id>97da662f-071e-43ae-8297-78c0ea995262</person_id><license_plate>5-7508Q</license_plate><vin>3GEMTW5F1BZV0XLTS</vin><color>PapayaWhip</color><year>2005</year></automobile><automobile><person_id>0c7502c5-8fbf-4872-8ba2-ed6199b40213</person_id><license_plate>6IH6107</license_plate><vin>F6XLKLPT9452XSLSS</vin><color>LightSeaGreen</color><year>1990</year></automobile><automobile><person_id>6212e6df-dd69-41e2-8c66-1799f6c18474</person_id><license_plate>1507</license_plate><vin>ET0VEJKZXUM6K1C2X</vin><color>Indigo</color><year>2016</year></automobile><automobile><person_id>08b151b7-0218-4aeb-b615-0fc100d6b010</person_id><license_plate>9E 4664V</license_plate><vin>RMDMR0TJ7SUVLHC6F</vin><color>MistyRose</color><year>2002</year></automobile><automobile><person_id>08b151b7-0218-4aeb-b615-0fc100d6b010</person_id><license_plate>SIX-834</license_plate><vin>8VDRU6EW9XWDG455R</vin><color>Thistle</color><year>1979</year></automobile><automobile><person_id>5ab15cd3-77b7-4cd5-9e1d-fee24a72a73b</person_id><license_plate>3-79091P</license_plate><vin>SWUPJE9D2C5YUSAHD</vin><color>LightBlue</color><year>1988</year></automobile><automobile><person_id>5ab15cd3-77b7-4cd5-9e1d-fee24a72a73b</person_id><license_plate>RLO1732</license_plate><vin>R4JMM4K38TD3DGZZP</vin><color>CornflowerBlue</color><year>1973</year></automobile><automobile><person_id>a483dcd2-115b-4420-939b-e608e0c8ed33</person_id><license_plate>ZTN 907</license_plate><vin>0CPWUCSV5145P1382</vin><color>MidnightBlue</color><year>2014</year></automobile><automobile><person_id>a483dcd2-115b-4420-939b-e608e0c8ed33</person_id><license_plate>6K 1N3KEK</license_plate><vin>64SJG19S4N66R60UR</vin><color>Cyan</color><year>1984</year></automobile><automobile><person_id>3c14e244-9084-46e3-8268-4e8b3069181f</person_id><license_plate>192 8539</license_plate><vin>T1H98WNB0B2JFBZ5V</vin><color>Salmon</color><year>1974</year></automobile><automobile><person_id>3c14e244-9084-46e3-8268-4e8b3069181f</person_id><license_plate>MPX 089</license_plate><vin>PWN1ML230VDM1LHAN</vin><color>LightYellow</color><year>2003</year></automobile><automobile><person_id>ff5fca0f-c607-4fa5-9dd5-039566f16b3e</person_id><license_plate>WPZ5112</license_plate><vin>FBYV61SZ1BT68L6XB</vin><color>DarkSeaGreen</color><year>2005</year></automobile><automobile><person_id>ff5fca0f-c607-4fa5-9dd5-039566f16b3e</person_id><license_plate>GTC3064</license_plate><vin>4RBXJ1777889KAC3N</vin><color>SlateBlue</color><year>1995</year></automobile><automobile><person_id>18b0573c-580e-44fe-bf7c-d4b0aa7d8f21</person_id><license_plate>10I•830</license_plate><vin>KFRHDR3RXH5XXYLV5</vin><color>Black</color><year>2018</year></automobile><automobile><person_id>18b0573c-580e-44fe-bf7c-d4b0aa7d8f21</person_id><license_plate>ERF 062</license_plate><vin>VFZ7T2MB6J4C7F3VJ</vin><color>DarkGray</color><year>1984</year></automobile><automobile><person_id>18b0573c-580e-44fe-bf7c-d4b0aa7d8f21</person_id><license_plate>5-96306Q</license_plate><vin>GTBVB69E4D6VFTDD8</vin><color>CornflowerBlue</color><year>1982</year></automobile><automobile><person_id>1657c305-3df4-4f73-b959-d1b7f574d720</person_id><license_plate>3XTP 14</license_plate><vin>M68P42F54047KB9JC</vin><color>GhostWhite</color><year>2015</year></automobile><automobile><person_id>fd27a420-9286-4c6e-83c4-c7b40489a049</person_id><license_plate>151AXZ</license_plate><vin>H3RJN0A96D7JR5X3M</vin><color>MintCream</color><year>2014</year></automobile><automobile><person_id>fd27a420-9286-4c6e-83c4-c7b40489a049</person_id><license_plate>UJW 759</license_plate><vin>X78M1SBU2ZNFABN25</vin><color>DarkBlue</color><year>1994</year></automobile><automobile><person_id>7a0883e5-e493-442b-8589-1e7258c8d6a0</person_id><license_plate>BVA 7312</license_plate><vin>MR4WDKK601MFDHYMP</vin><color>LightBlue</color><year>2014</year></automobile><automobile><person_id>7a0883e5-e493-442b-8589-1e7258c8d6a0</person_id><license_plate>IM3 9693</license_plate><vin>YWJKDS0U5GJDBL3CB</vin><color>Sienna</color><year>2023</year></automobile><automobile><person_id>36f200a7-3b1b-47e1-be29-40f893f33015</person_id><license_plate>BZN 115</license_plate><vin>K5JXC9G42KNUV1G75</vin><color>DarkCyan</color><year>1972</year></automobile><automobile><person_id>36f200a7-3b1b-47e1-be29-40f893f33015</person_id><license_plate>387 KLT</license_plate><vin>62YF4E571KL5A2TLV</vin><color>Gray</color><year>1986</year></automobile><automobile><person_id>f7916e96-3564-4f3f-81f6-5ff555f67448</person_id><license_plate>64-SD33</license_plate><vin>5KATWMY09TAJMVAKW</vin><color>Gold</color><year>1997</year></automobile><automobile><person_id>34a225a3-5fe3-4d06-804b-aefaa34d24c3</person_id><license_plate>1DI R49</license_plate><vin>0CGWYWYE4JRCP4H7R</vin><color>Yellow</color><year>1978</year></automobile><automobile><person_id>a8770f22-345b-4681-b7f5-c137b91796fa</person_id><license_plate>FXS-6748</license_plate><vin>0NPBVY3S0FACNRHVF</vin><color>HotPink</color><year>2013</year></automobile><automobile><person_id>a8770f22-345b-4681-b7f5-c137b91796fa</person_id><license_plate>ECD 716</license_plate><vin>BH2JMXHU7HSFAP843</vin><color>Linen</color><year>1993</year></automobile><automobile><person_id>a8770f22-345b-4681-b7f5-c137b91796fa</person_id><license_plate>E30-55B</license_plate><vin>UYS7FWG10LD5H05DN</vin><color>MediumBlue</color><year>2011</year></automobile><automobile><person_id>cb143267-5cb5-4913-9d83-4efe04305418</person_id><license_plate>XKU-9424</license_plate><vin>A2EEK4Z16HPT16GC0</vin><color>Indigo</color><year>1994</year></automobile><automobile><person_id>cb143267-5cb5-4913-9d83-4efe04305418</person_id><license_plate>IEH 754</license_plate><vin>CZKGVBDZ1GBK5E8XK</vin><color>LightCyan</color><year>1975</year></automobile><automobile><person_id>5a6e0db0-1ee3-4110-bd70-763303d75d72</person_id><license_plate>4YO 944</license_plate><vin>SY2FJZ68XV3RRKHKW</vin><color>MediumOrchid</color><year>2020</year></automobile><automobile><person_id>5a6e0db0-1ee3-4110-bd70-763303d75d72</person_id><license_plate>898O9</license_plate><vin>76UYFPEC5SAEKKDWK</vin><color>MistyRose</color><year>1981</year></automobile><automobile><person_id>482d7ae2-4c26-4ad2-bf38-45d23eaefaad</person_id><license_plate>0SY U02</license_plate><vin>ZX27F6AX98AJKK06Z</vin><color>DarkTurquoise</color><year>2000</year></automobile><automobile><person_id>482d7ae2-4c26-4ad2-bf38-45d23eaefaad</person_id><license_plate>201L8</license_plate><vin>BF6WTMX94KVRAHUK7</vin><color>Teal</color><year>2015</year></automobile><automobile><person_id>41b8dc4b-8ffe-4a9c-9384-e8d64be8fb2e</person_id><license_plate>104 2896</license_plate><vin>9UL5FNA76VMVUVMD7</vin><color>DarkGray</color><year>1989</year></automobile><automobile><person_id>30144c37-567a-4af0-b316-4a808721488e</person_id><license_plate>DLP3752</license_plate><vin>M9GT8RUK7ETTAVY00</vin><color>GreenYellow</color><year>1993</year></automobile><automobile><person_id>e82ac2ed-a004-4f52-a614-7804000055f1</person_id><license_plate>366 JFK</license_plate><vin>FPBN9RTU2XGH0EJJP</vin><color>FloralWhite</color><year>2018</year></automobile><automobile><person_id>ffbc93d6-715c-470c-9650-f036ee6ca692</person_id><license_plate>247-SIDA</license_plate><vin>6372CT6R0S8PLWZY6</vin><color>BurlyWood</color><year>1997</year></automobile><automobile><person_id>ffbc93d6-715c-470c-9650-f036ee6ca692</person_id><license_plate>079-OQX</license_plate><vin>6RUZJTT26GYTRAE62</vin><color>Orchid</color><year>2011</year></automobile><automobile><person_id>fa47400f-3ca1-4907-9728-f58a07a214c2</person_id><license_plate>5T 81754</license_plate><vin>746MGA5R5KL1C79HW</vin><color>Brown</color><year>1986</year></automobile><automobile><person_id>9a09180f-3d2c-4dbc-8ad6-edece96c6756</person_id><license_plate>924-RKS</license_plate><vin>VEY22TAG313J8XEB3</vin><color>Gold</color><year>1999</year></automobile><automobile><person_id>9a09180f-3d2c-4dbc-8ad6-edece96c6756</person_id><license_plate>SYP-043</license_plate><vin>YB06SB0F3P2SRSDBY</vin><color>PaleGoldenRod</color><year>2014</year></automobile><automobile><person_id>78387695-9ef2-4da6-8a55-5028779dcc75</person_id><license_plate>597 IYA</license_plate><vin>4EKHMR5MX1E5GGMPZ</vin><color>SkyBlue</color><year>2018</year></automobile><automobile><person_id>025cee4c-b90c-4912-b309-baf1db210ffa</person_id><license_plate>481 0259</license_plate><vin>EKMRF39H88WW16TB0</vin><color>Orchid</color><year>2022</year></automobile><automobile><person_id>025cee4c-b90c-4912-b309-baf1db210ffa</person_id><license_plate>865BY</license_plate><vin>Z419WMMG1H5U94XZL</vin><color>Orchid</color><year>2004</year></automobile><automobile><person_id>c8440ded-af80-4548-a8d9-42d65cc4bc6c</person_id><license_plate>EZ6 3393</license_plate><vin>WADD7R6R99NXCA30N</vin><color>Green</color><year>1992</year></automobile><automobile><person_id>921ef523-4dcc-429e-80e7-8c8cfac0e89d</person_id><license_plate>TQX 137</license_plate><vin>RBL7R1WY0EKPW5232</vin><color>Linen</color><year>1985</year></automobile><automobile><person_id>96b968f1-b600-4258-87aa-1ad88ddc86a0</person_id><license_plate>K34 4OK</license_plate><vin>YMG0EDW8X7VPLGCAH</vin><color>Maroon</color><year>2000</year></automobile><automobile><person_id>a2d94b19-6fd7-4f01-8131-2cf944d7ace4</person_id><license_plate>7-0350R</license_plate><vin>LWV9WNFC97NE8CRBC</vin><color>DeepPink</color><year>1995</year></automobile><automobile><person_id>a2d94b19-6fd7-4f01-8131-2cf944d7ace4</person_id><license_plate>795-081</license_plate><vin>5BMKBVHC0JC9U5HPM</vin><color>Chocolate</color><year>1988</year></automobile><automobile><person_id>b7d59fd6-abea-4210-9740-734aa86457d2</person_id><license_plate>MNA 621</license_plate><vin>3MUC4P4GX0B7U567M</vin><color>LightGreen</color><year>2004</year></automobile><automobile><person_id>b7d59fd6-abea-4210-9740-734aa86457d2</person_id><license_plate>DT 9295</license_plate><vin>AE2SBRD13Y0LYZMUW</vin><color>Lavender</color><year>2005</year></automobile><automobile><person_id>6853cff9-e2fd-4432-92ab-badfd9ab7253</person_id><license_plate>AKX9880</license_plate><vin>MRE29GFL6HFMLEJGZ</vin><color>Yellow</color><year>2003</year></automobile><automobile><person_id>231dedd2-70ef-4868-8263-e4c9604d5f12</person_id><license_plate>8OP2286</license_plate><vin>5LMZNDS19XCMVXVE7</vin><color>Tan</color><year>1973</year></automobile><automobile><person_id>231dedd2-70ef-4868-8263-e4c9604d5f12</person_id><license_plate>997HU</license_plate><vin>FUPJ855L686R02TG5</vin><color>FloralWhite</color><year>1987</year></automobile><automobile><person_id>69d37af2-8e72-4774-9fc9-7c6dc0180482</person_id><license_plate>202OMB</license_plate><vin>150RWLV26PSX4MC2C</vin><color>Aqua</color><year>1980</year></automobile><automobile><person_id>69d37af2-8e72-4774-9fc9-7c6dc0180482</person_id><license_plate>CDC 941</license_plate><vin>7G8UCT927VLDC08SZ</vin><color>LightGray</color><year>2015</year></automobile><automobile><person_id>fc4a06ab-7eb0-4dc9-b399-668cc1cda062</person_id><license_plate>5G VU225</license_plate><vin>22W9390X3KJTCJS7G</vin><color>Plum</color><year>2002</year></automobile><automobile><person_id>fc4a06ab-7eb0-4dc9-b399-668cc1cda062</person_id><license_plate>291 FZB</license_plate><vin>71BT1X3M65JWUPDV6</vin><color>DeepPink</color><year>2000</year></automobile><automobile><person_id>c1716fea-25cd-42fc-b594-d760b71f13eb</person_id><license_plate>815FDC</license_plate><vin>X72XWWCX82NPE0GSR</vin><color>DeepSkyBlue</color><year>2023</year></automobile><automobile><person_id>89ff90b7-ce84-4ef1-9a48-c0bcacd06509</person_id><license_plate>682-THD</license_plate><vin>JC6A0U8M43L4MU1MA</vin><color>Orchid</color><year>2015</year></automobile><automobile><person_id>89ff90b7-ce84-4ef1-9a48-c0bcacd06509</person_id><license_plate>CB 40551</license_plate><vin>9N1R9A0Z3HN51K99Z</vin><color>Gray</color><year>1996</year></automobile><automobile><person_id>24b0b8f4-f022-478f-b416-ea4ae8978bc0</person_id><license_plate>LND-1414</license_plate><vin>C7R208YF96VPZXM1H</vin><color>MediumSpringGreen</color><year>2019</year></automobile><automobile><person_id>24b0b8f4-f022-478f-b416-ea4ae8978bc0</person_id><license_plate>609B0</license_plate><vin>J1CY9GG66HRGF2BPZ</vin><color>GreenYellow</color><year>2017</year></automobile><automobile><person_id>b67c2614-39c5-4ebe-8ab8-00ac3b729b22</person_id><license_plate>8-C2076</license_plate><vin>MHY7W2A930WLB1P07</vin><color>DarkGoldenRod</color><year>1974</year></automobile><automobile><person_id>4f66866f-b2e7-4245-b2fe-c9a54ef45225</person_id><license_plate>740-WMQ</license_plate><vin>NR6A6TWP21203LFXG</vin><color>White</color><year>2017</year></automobile><automobile><person_id>4f66866f-b2e7-4245-b2fe-c9a54ef45225</person_id><license_plate>142 XQX</license_plate><vin>3SS1HN3M45TNEP7D5</vin><color>DarkViolet</color><year>1982</year></automobile><automobile><person_id>8a0caff5-ec6f-443c-be9a-63e0469b4210</person_id><license_plate>5FZ5563</license_plate><vin>Y7822DAE2YJR09J0Z</vin><color>Yellow</color><year>1970</year></automobile><automobile><person_id>04c5e4c3-a45f-4fdd-97d8-a13e1bb6eff5</person_id><license_plate>345 NBP</license_plate><vin>YAHDSGBG5APJ7W8AJ</vin><color>LemonChiffon</color><year>2013</year></automobile><automobile><person_id>04c5e4c3-a45f-4fdd-97d8-a13e1bb6eff5</person_id><license_plate>DOB-8835</license_plate><vin>DAGGL2211BUW9K0YP</vin><color>DarkGray</color><year>1983</year></automobile><automobile><person_id>f6c5a356-fb86-42e4-8bf7-bfb40dd16eba</person_id><license_plate>291-112</license_plate><vin>LLZNNEAU65M7BKN4N</vin><color>Salmon</color><year>2004</year></automobile><automobile><person_id>dab154fe-558a-44f4-a12d-8b09c8ff4e16</person_id><license_plate>2JOY 55</license_plate><vin>3W81PDNV1S1P561LM</vin><color>CornflowerBlue</color><year>2016</year></automobile><automobile><person_id>dab154fe-558a-44f4-a12d-8b09c8ff4e16</person_id><license_plate>MXU-5706</license_plate><vin>P2RA0F9477Y0V34JR</vin><color>CadetBlue</color><year>2014</year></automobile><automobile><person_id>3961c8e4-393f-451c-9f18-5bf18c33a758</person_id><license_plate>337 UQ4</license_plate><vin>JMXW3S122SLFZJ1CL</vin><color>DarkGoldenRod</color><year>2006</year></automobile><automobile><person_id>9ef9677c-318e-4b56-97bd-73d2070edd04</person_id><license_plate>4R CE993</license_plate><vin>ZHZ34E363ETM96W84</vin><color>DimGray</color><year>2013</year></automobile><automobile><person_id>bf97fe37-4971-4158-8503-6f4b4bed64c4</person_id><license_plate>PNM5716</license_plate><vin>4DMXSYC0723VR21ZD</vin><color>Khaki</color><year>1990</year></automobile><automobile><person_id>bf97fe37-4971-4158-8503-6f4b4bed64c4</person_id><license_plate>417 QLW</license_plate><vin>JLUA21HV0HBDAPBZG</vin><color>Salmon</color><year>1989</year></automobile><automobile><person_id>465b0aa3-f235-4782-8a3d-cc009c0bf783</person_id><license_plate>739DWG</license_plate><vin>XVKJBNFR16KKBL17C</vin><color>CornflowerBlue</color><year>1995</year></automobile><automobile><person_id>5f5d0d82-db8b-49a8-add8-f925bbe8b2a1</person_id><license_plate>1F026</license_plate><vin>XCS1WYAY673PPKFRY</vin><color>DarkRed</color><year>2002</year></automobile><automobile><person_id>7270a59f-0353-4ee6-9561-5f42dcd5c7cc</person_id><license_plate>314 VGS</license_plate><vin>03ACDRP87DN9C7M5F</vin><color>Turquoise</color><year>1983</year></automobile><automobile><person_id>885493d3-46d8-40c4-a8a5-9803ca95c52f</person_id><license_plate>1OI89</license_plate><vin>L6ET9S6F1DV9NACVS</vin><color>MediumBlue</color><year>1993</year></automobile><automobile><person_id>885493d3-46d8-40c4-a8a5-9803ca95c52f</person_id><license_plate>LOB 116</license_plate><vin>3LNXW1F951Y5MEUWS</vin><color>YellowGreen</color><year>1979</year></automobile></automobiles>