<?xml version="1.0" encoding="UTF-8" ?><automobiles><automobile><person_id>33585412-192e-46c1-8ec8-9bad80902053</person_id><license_plate>LPR 088</license_plate><vin>A6S0AYKC3JUWGJC99</vin><color>Azure</color><year>2018</year></automobile><automobile><person_id>a37a8efb-9fb6-4d01-91d0-3ec212fa972e</person_id><license_plate>EUZ 2375</license_plate><vin>X4GL75JJ3R2PJG1N4</vin><color>Bisque</color><year>2012</year></automobile><automobile><person_id>a37a8efb-9fb6-4d01-91d0-3ec212fa972e</person_id><license_plate>762A</license_plate><vin>76EYET7K5S173D936</vin><color>Fuchsia</color><year>2021</year></automobile><automobile><person_id>fce2bb9b-a52d-494c-b8d6-8f97444ef8ab</person_id><license_plate>652-326</license_plate><vin>96V8UJXF6M83UMD6G</vin><color>SpringGreen</color><year>1977</year></automobile><automobile><person_id>fce2bb9b-a52d-494c-b8d6-8f97444ef8ab</person_id><license_plate>R67 3FO</license_plate><vin>36B1RCSR3GD8BVMWN</vin><color>MediumSlateBlue</color><year>2021</year></automobile><automobile><person_id>b9186e2a-d1a3-4ea3-b0c8-d38520d0467f</person_id><license_plate>3DG 165</license_plate><vin>4XXV9YAH445GJLM5E</vin><color>DarkBlue</color><year>2013</year></automobile><automobile><person_id>b9186e2a-d1a3-4ea3-b0c8-d38520d0467f</person_id><license_plate>1HU 172</license_plate><vin>55WWLFZ51WC18DM76</vin><color>RoyalBlue</color><year>1974</year></automobile><automobile><person_id>ed9ec0f6-a4e1-4147-9ae1-816be8343f30</person_id><license_plate>LHN 660</license_plate><vin>NNN789UA5NM7YNF11</vin><color>SteelBlue</color><year>1977</year></automobile><automobile><person_id>34663c92-abc1-4620-acb8-8392aa1a86b3</person_id><license_plate>RJJ 945</license_plate><vin>YRNA8V8Y4YFJVXE3T</vin><color>OldLace</color><year>2011</year></automobile><automobile><person_id>34663c92-abc1-4620-acb8-8392aa1a86b3</person_id><license_plate>7-G6750</license_plate><vin>CK9RREJW29U3K4HHP</vin><color>LightSeaGreen</color><year>1988</year></automobile><automobile><person_id>02229131-0800-4b6b-983d-e3606d7bdf8c</person_id><license_plate>4XY 106</license_plate><vin>T7MSH78T96KTZ41TE</vin><color>Orange</color><year>2002</year></automobile><automobile><person_id>aaedbf91-afc8-4faa-b2f6-e91b238a2c43</person_id><license_plate>957-FCJ</license_plate><vin>LCUUBEE8886SU3W0H</vin><color>Turquoise</color><year>2020</year></automobile><automobile><person_id>aaedbf91-afc8-4faa-b2f6-e91b238a2c43</person_id><license_plate>KFS 976</license_plate><vin>LPXLELL22JYYP3ZMW</vin><color>LightSalmon</color><year>2005</year></automobile><automobile><person_id>aaedbf91-afc8-4faa-b2f6-e91b238a2c43</person_id><license_plate>52P O43</license_plate><vin>9GDVJ7KR53S15GKME</vin><color>MediumVioletRed</color><year>2018</year></automobile><automobile><person_id>69e42bca-eb61-4721-804b-e5bd8816f3e7</person_id><license_plate>BCQ-6550</license_plate><vin>2GMDBWU60GHLUMUGU</vin><color>Gray</color><year>2021</year></automobile><automobile><person_id>69e42bca-eb61-4721-804b-e5bd8816f3e7</person_id><license_plate>6572</license_plate><vin>PH9KWEF312RSWV87N</vin><color>FireBrick</color><year>1989</year></automobile><automobile><person_id>57b19ba9-5ed7-4092-b54a-27d998264af3</person_id><license_plate>7M DV952</license_plate><vin>6SCGFTN05M92EGE2D</vin><color>CadetBlue</color><year>1972</year></automobile><automobile><person_id>57b19ba9-5ed7-4092-b54a-27d998264af3</person_id><license_plate>KM 0660</license_plate><vin>YMTHB05U8Y4Z48BNM</vin><color>LightGray</color><year>2001</year></automobile><automobile><person_id>0d0ec806-3520-4b44-b12a-b7809721b4f6</person_id><license_plate>TSJ 211</license_plate><vin>GEE3TDJL8J0EJVL47</vin><color>YellowGreen</color><year>1971</year></automobile><automobile><person_id>0d0ec806-3520-4b44-b12a-b7809721b4f6</person_id><license_plate>459 OWD</license_plate><vin>4CRT3BHV1C6VU58F2</vin><color>LightSeaGreen</color><year>1991</year></automobile><automobile><person_id>306eec56-9d05-4c58-aab3-ed0fa62f4782</person_id><license_plate>6-85173T</license_plate><vin>Y8U3XAXBXJK0HD362</vin><color>Beige</color><year>1981</year></automobile><automobile><person_id>306eec56-9d05-4c58-aab3-ed0fa62f4782</person_id><license_plate>7C 27694</license_plate><vin>P5XAFM7C5F4C78ZF3</vin><color>OldLace</color><year>1987</year></automobile><automobile><person_id>f89ca5c7-4825-4fc4-89f9-d4468008ddb7</person_id><license_plate>HAE-6382</license_plate><vin>9PDDWGA05XJHFRVN6</vin><color>Snow</color><year>1992</year></automobile><automobile><person_id>f89ca5c7-4825-4fc4-89f9-d4468008ddb7</person_id><license_plate>MRE 260</license_plate><vin>80LP836P2016DJYWZ</vin><color>BlanchedAlmond</color><year>1986</year></automobile><automobile><person_id>b63be3ee-bed4-4772-a0ac-a564c9b7ea0f</person_id><license_plate>455 ORE</license_plate><vin>0VHSKBCE2R8GEHH4B</vin><color>LightSalmon</color><year>1995</year></automobile><automobile><person_id>c525f65b-11c0-41d3-ba0a-880ca686c7ec</person_id><license_plate>K56-43U</license_plate><vin>PE659JP6677Y33W6U</vin><color>LightPink</color><year>2011</year></automobile><automobile><person_id>88b533a5-bd80-4fb6-86fa-9c69b548e170</person_id><license_plate>360 ANQ</license_plate><vin>D952BHG42SPKTK308</vin><color>DarkBlue</color><year>1985</year></automobile><automobile><person_id>442302dd-cde1-4ce7-bea7-4b5c6ff14448</person_id><license_plate>915-KNY</license_plate><vin>KAUCT2KB46SHJK4Y2</vin><color>DarkSlateBlue</color><year>1989</year></automobile><automobile><person_id>442302dd-cde1-4ce7-bea7-4b5c6ff14448</person_id><license_plate>16QZ540</license_plate><vin>NXSE7CXP1MCYXWTL9</vin><color>MediumPurple</color><year>1984</year></automobile><automobile><person_id>442302dd-cde1-4ce7-bea7-4b5c6ff14448</person_id><license_plate>BZF-905</license_plate><vin>R5C8Y3FZ1J8RWVFGF</vin><color>Aquamarine</color><year>2014</year></automobile><automobile><person_id>f90c9ba3-2507-4579-b56a-079cf3ae8e11</person_id><license_plate>2XF2724</license_plate><vin>28JL80KS12B02ZVLR</vin><color>Indigo</color><year>1986</year></automobile><automobile><person_id>dbc98766-e5cd-42ab-bc77-df162182ab36</person_id><license_plate>600 JAZ</license_plate><vin>47RNF3YH26WV7Z0HK</vin><color>SlateGray</color><year>1992</year></automobile><automobile><person_id>dbc98766-e5cd-42ab-bc77-df162182ab36</person_id><license_plate>497J</license_plate><vin>FAFW845B152E8XA35</vin><color>HoneyDew</color><year>2023</year></automobile><automobile><person_id>dbc98766-e5cd-42ab-bc77-df162182ab36</person_id><license_plate>86-80671</license_plate><vin>4JU11P6V6FJXLM0TF</vin><color>Khaki</color><year>2003</year></automobile><automobile><person_id>afa67697-2313-45b3-b448-a5aa24b6130c</person_id><license_plate>745 IOF</license_plate><vin>RYMKZVWX2F0NGD0NG</vin><color>MediumVioletRed</color><year>1985</year></automobile><automobile><person_id>cc4a1410-36f4-4587-a5eb-25d42abec695</person_id><license_plate>060 YIQ</license_plate><vin>91B30U025G5EPPYGL</vin><color>Navy</color><year>2003</year></automobile><automobile><person_id>3dbb50b9-9e88-497d-9666-c2c68f198863</person_id><license_plate>62-T783</license_plate><vin>HDURCT2H5XNTJ9LVE</vin><color>LightGray</color><year>1978</year></automobile><automobile><person_id>a7fa4f8b-09f3-4e61-b78c-2532dbc3c394</person_id><license_plate>84-6973L</license_plate><vin>TXKN667U40LAE9GTZ</vin><color>DarkBlue</color><year>2011</year></automobile><automobile><person_id>a76e73a0-4cbc-491c-9b10-c138148b81a8</person_id><license_plate>LYF-8867</license_plate><vin>X857M2GE6T4V85VDL</vin><color>Blue</color><year>1974</year></automobile><automobile><person_id>a76e73a0-4cbc-491c-9b10-c138148b81a8</person_id><license_plate>6-0292M</license_plate><vin>UZM65C517VXU4N0LZ</vin><color>SpringGreen</color><year>2000</year></automobile><automobile><person_id>e62a1632-daa1-40a6-9a78-298da33000ca</person_id><license_plate>1-8727R</license_plate><vin>ZHCY9FLL71P6UR9BD</vin><color>DarkTurquoise</color><year>1980</year></automobile><automobile><person_id>1f30c37a-5c74-48cd-a1c6-292d024a6386</person_id><license_plate>U88 1AG</license_plate><vin>GPW5F29D59J9YH5YC</vin><color>DarkMagenta</color><year>2011</year></automobile><automobile><person_id>1f30c37a-5c74-48cd-a1c6-292d024a6386</person_id><license_plate>2YIA 29</license_plate><vin>DBP8D5ML10NU1XNKE</vin><color>DarkMagenta</color><year>2016</year></automobile><automobile><person_id>7d279ee4-3418-4169-b23f-d85ef01fac67</person_id><license_plate>19I•911</license_plate><vin>LWVWEK386T4PF7FTZ</vin><color>Thistle</color><year>1988</year></automobile><automobile><person_id>c3db2685-1de0-4799-8657-3f8f807c0878</person_id><license_plate>8-63522</license_plate><vin>5139RUU94JP8JLWE9</vin><color>Khaki</color><year>2001</year></automobile><automobile><person_id>fc297f31-cc1c-4607-bf49-7e8a4f734112</person_id><license_plate>53-B508</license_plate><vin>V99C7Y5R0CGSDLAA3</vin><color>MediumBlue</color><year>2018</year></automobile><automobile><person_id>77872dfb-587a-4d24-a030-5d31abecf640</person_id><license_plate>4B VR622</license_plate><vin>X4KB9CAS7J6GH4JVS</vin><color>DarkOrchid</color><year>2002</year></automobile><automobile><person_id>77872dfb-587a-4d24-a030-5d31abecf640</person_id><license_plate>05-55888</license_plate><vin>ASJHVLUA2J873A8VG</vin><color>LightGray</color><year>2023</year></automobile><automobile><person_id>a75cb736-9a40-458d-8d60-3c1ede170860</person_id><license_plate>316-TYV</license_plate><vin>1CWWWNA55PPH0YN4F</vin><color>YellowGreen</color><year>1973</year></automobile><automobile><person_id>3539d28a-4e6d-47c6-805d-0fe8a6b9a600</person_id><license_plate>409-BLV</license_plate><vin>H1MCTDWX34UA37JYY</vin><color>LawnGreen</color><year>1991</year></automobile><automobile><person_id>a4b5fe60-7388-473c-ba3e-8aca7f10e8c0</person_id><license_plate>ZT 37781</license_plate><vin>UX36XF2864L3HAAJA</vin><color>SeaGreen</color><year>1984</year></automobile><automobile><person_id>107cd5ca-cf2b-4705-b55f-2484eeeff92c</person_id><license_plate>3M985</license_plate><vin>1K9WDMYD3TMLDNBYB</vin><color>CadetBlue</color><year>1999</year></automobile><automobile><person_id>03753fb6-5f5e-4d33-9d5e-7a49ca65ebe7</person_id><license_plate>095500</license_plate><vin>A8EGCAKR2FG3WJY3A</vin><color>NavajoWhite</color><year>1986</year></automobile><automobile><person_id>03753fb6-5f5e-4d33-9d5e-7a49ca65ebe7</person_id><license_plate>GN 94619</license_plate><vin>9M3NHUA78VTGF2BTU</vin><color>DarkMagenta</color><year>2018</year></automobile><automobile><person_id>98352d21-1213-4dfc-9b5c-abb131b3d2b0</person_id><license_plate>1R936</license_plate><vin>GW00Z2BE15SJYDZS7</vin><color>OrangeRed</color><year>1985</year></automobile><automobile><person_id>98352d21-1213-4dfc-9b5c-abb131b3d2b0</person_id><license_plate>590 0JF</license_plate><vin>474BSJ8W8VG0HY2NW</vin><color>MediumBlue</color><year>2018</year></automobile><automobile><person_id>632425ac-1cfb-498d-8a91-96ab33286c06</person_id><license_plate>VGT-1899</license_plate><vin>5W9WTB0HXNM8VN1H7</vin><color>Red</color><year>2022</year></automobile><automobile><person_id>632425ac-1cfb-498d-8a91-96ab33286c06</person_id><license_plate>261 TUQ</license_plate><vin>S94YK0H73F21X6XUC</vin><color>DarkViolet</color><year>2012</year></automobile><automobile><person_id>eead531b-bf17-409a-aa47-ee8dcc097e0d</person_id><license_plate>KDM-6040</license_plate><vin>3EY3K9RP08W1T402J</vin><color>Brown</color><year>2016</year></automobile><automobile><person_id>eead531b-bf17-409a-aa47-ee8dcc097e0d</person_id><license_plate>0E 8D5BUB</license_plate><vin>RB8PHJVZ7VX93G7B1</vin><color>Salmon</color><year>1988</year></automobile><automobile><person_id>1948ea3f-c586-40a4-ac01-9cef5fbf67c6</person_id><license_plate>408-992</license_plate><vin>1420CWA89DW4WVHH8</vin><color>MidnightBlue</color><year>2004</year></automobile><automobile><person_id>1948ea3f-c586-40a4-ac01-9cef5fbf67c6</person_id><license_plate>619 BGV</license_plate><vin>7VUWL5ZF6331L1XHD</vin><color>Turquoise</color><year>2018</year></automobile><automobile><person_id>5cef3906-2dd9-4450-8c66-0317ab6045ae</person_id><license_plate>4-26459A</license_plate><vin>F48EJYNH47YK2XL70</vin><color>PowderBlue</color><year>1977</year></automobile><automobile><person_id>c7dc4805-174b-41bf-99b7-850f32d5779f</person_id><license_plate>1717</license_plate><vin>9UPFJW1C83XZ10CF9</vin><color>Chartreuse</color><year>1993</year></automobile><automobile><person_id>c7dc4805-174b-41bf-99b7-850f32d5779f</person_id><license_plate>O85-63S</license_plate><vin>86RZF3XW9KPY5GK6K</vin><color>LightPink</color><year>1999</year></automobile><automobile><person_id>d56d25bd-748c-41c4-9420-1871c34e9f68</person_id><license_plate>DG-4677</license_plate><vin>FMTWGNZR741BGRTFD</vin><color>OrangeRed</color><year>1992</year></automobile><automobile><person_id>d56d25bd-748c-41c4-9420-1871c34e9f68</person_id><license_plate>XYV7625</license_plate><vin>278N2KL92ZTT5D39W</vin><color>Teal</color><year>1988</year></automobile><automobile><person_id>72806935-ffc1-4511-8b6b-050c24ee2a8b</person_id><license_plate>K88 1IL</license_plate><vin>29AZNWPH48J4U7SU3</vin><color>Red</color><year>1996</year></automobile><automobile><person_id>9c6e044c-9fe9-41aa-9b91-401a863dd4c0</person_id><license_plate>3GZU 52</license_plate><vin>M3EWGLK81ETK88G3N</vin><color>MidnightBlue</color><year>2020</year></automobile><automobile><person_id>f79de430-3401-42c4-b1f3-31f3b00d5ce9</person_id><license_plate>23-9528X</license_plate><vin>GDXUXHPF579A9HPVS</vin><color>LavenderBlush</color><year>1997</year></automobile><automobile><person_id>a320991b-be5c-4f0a-8f10-d2a1c47fa92c</person_id><license_plate>XRT 181</license_plate><vin>PGN4V2X04MEDJW8L1</vin><color>HotPink</color><year>1990</year></automobile><automobile><person_id>a320991b-be5c-4f0a-8f10-d2a1c47fa92c</person_id><license_plate>PBL 505</license_plate><vin>583LT0SU82268Z4VU</vin><color>Silver</color><year>1999</year></automobile><automobile><person_id>321d0359-3f8b-4f41-993c-277965fdad63</person_id><license_plate>4RS0424</license_plate><vin>V85SMH6C10JTYXH46</vin><color>MediumTurquoise</color><year>1993</year></automobile><automobile><person_id>ef9e2c5b-dcfa-49fa-826c-192f04f2c4f4</person_id><license_plate>U35-63K</license_plate><vin>679G04Y6X5NA9068K</vin><color>DarkOliveGreen</color><year>1970</year></automobile><automobile><person_id>ef9e2c5b-dcfa-49fa-826c-192f04f2c4f4</person_id><license_plate>641-YSZ</license_plate><vin>4T2HXWLR2D53S14J9</vin><color>Crimson</color><year>2002</year></automobile><automobile><person_id>2922386f-ad72-4e84-99e3-af2cf178eb91</person_id><license_plate>8KRO 29</license_plate><vin>9AM6WL8C75BRLC5XS</vin><color>ForestGreen</color><year>1991</year></automobile><automobile><person_id>2922386f-ad72-4e84-99e3-af2cf178eb91</person_id><license_plate>GSL-066</license_plate><vin>PDVVD6R75V0Y1AMEU</vin><color>HoneyDew</color><year>1970</year></automobile><automobile><person_id>2922386f-ad72-4e84-99e3-af2cf178eb91</person_id><license_plate>146 6PY</license_plate><vin>HNAXDTD07VZZXK9FN</vin><color>MistyRose</color><year>1979</year></automobile><automobile><person_id>8b102f96-5a5c-4da5-b5fa-5b7e52c96a15</person_id><license_plate>804X</license_plate><vin>3CKDL1SM45X43X2ZX</vin><color>MediumTurquoise</color><year>1984</year></automobile><automobile><person_id>207f958b-ac3c-4e67-b30c-cccc627a96f6</person_id><license_plate>IJO-612</license_plate><vin>93YUXAB1XH84LSVV3</vin><color>CornflowerBlue</color><year>2011</year></automobile><automobile><person_id>777c17a7-2d4f-46e9-856b-6d3d2fbd7ebe</person_id><license_plate>90-62833</license_plate><vin>S052398H67S2GZZHB</vin><color>IndianRed</color><year>1979</year></automobile><automobile><person_id>13593df1-bdf1-48be-932c-f8bd35d2e54c</person_id><license_plate>HFL 773</license_plate><vin>40FMCP6G33D49GSGA</vin><color>Salmon</color><year>1972</year></automobile><automobile><person_id>70ac899a-a9ab-4a19-b801-f9f568cabf50</person_id><license_plate>7T336</license_plate><vin>GY6US79K4A831G5WX</vin><color>Brown</color><year>2022</year></automobile><automobile><person_id>70ac899a-a9ab-4a19-b801-f9f568cabf50</person_id><license_plate>M23 6ER</license_plate><vin>V97A82B37LJTWAD2R</vin><color>HotPink</color><year>1975</year></automobile><automobile><person_id>70ac899a-a9ab-4a19-b801-f9f568cabf50</person_id><license_plate>971DO</license_plate><vin>W3V7WKVN4KLKGKLHV</vin><color>LightPink</color><year>2022</year></automobile><automobile><person_id>9a071d59-5a7b-4a05-943a-15b355c26822</person_id><license_plate>196-FQH</license_plate><vin>NEKJ8RVA391FLNMZ0</vin><color>Wheat</color><year>1988</year></automobile><automobile><person_id>9a071d59-5a7b-4a05-943a-15b355c26822</person_id><license_plate>RTT-1160</license_plate><vin>LA6Y9P1J26BTEU1D5</vin><color>LightGray</color><year>1975</year></automobile><automobile><person_id>50712d32-65b1-4835-95da-1aeb968941ad</person_id><license_plate>LKB 639</license_plate><vin>8A4ZFSVGX7Z6UKSVV</vin><color>PaleGreen</color><year>1983</year></automobile><automobile><person_id>ea61617a-7f98-4fb6-a99b-0836d5c3da86</person_id><license_plate>773 DLP</license_plate><vin>41EPJRL085NGZ4KHF</vin><color>MidnightBlue</color><year>1997</year></automobile><automobile><person_id>265b5b7c-3fba-4186-8071-4c049fb62711</person_id><license_plate>631-TRG</license_plate><vin>HLMP6YRH914D7YBMV</vin><color>LightGray</color><year>2018</year></automobile><automobile><person_id>d4b88c29-26c8-4104-a101-e4b47f170f82</person_id><license_plate>OGX-7646</license_plate><vin>4NHK33NV17ANGL0T4</vin><color>OldLace</color><year>1976</year></automobile><automobile><person_id>d4b88c29-26c8-4104-a101-e4b47f170f82</person_id><license_plate>MMW 724</license_plate><vin>KE3UYCCS2F9X3AHVM</vin><color>DarkOrange</color><year>2014</year></automobile><automobile><person_id>a19622eb-0bc2-4136-b48b-66c4e6b5f399</person_id><license_plate>063 RQD</license_plate><vin>FY8YKJBR7XSYJG3VJ</vin><color>DarkTurquoise</color><year>2002</year></automobile><automobile><person_id>a19622eb-0bc2-4136-b48b-66c4e6b5f399</person_id><license_plate>FRL 127</license_plate><vin>Y1G3JLWV4APLABSW7</vin><color>Purple</color><year>2004</year></automobile><automobile><person_id>a19622eb-0bc2-4136-b48b-66c4e6b5f399</person_id><license_plate>576 2PU</license_plate><vin>N7SRZG5X5BHL6AF11</vin><color>PaleVioletRed</color><year>2012</year></automobile><automobile><person_id>5d25dbe6-38db-4d96-aaee-c49a6237320a</person_id><license_plate>9YP 611</license_plate><vin>V9PYZFZS00WXSR4PH</vin><color>Peru</color><year>1995</year></automobile><automobile><person_id>5d25dbe6-38db-4d96-aaee-c49a6237320a</person_id><license_plate>6-42705N</license_plate><vin>JF0ZVHBE7CW4Y1PPY</vin><color>SaddleBrown</color><year>2002</year></automobile><automobile><person_id>f849e5b6-62d9-4758-9604-7ba2e741a6c0</person_id><license_plate>0-59388</license_plate><vin>F7X5SKJK6D37MTER9</vin><color>MidnightBlue</color><year>2023</year></automobile><automobile><person_id>f849e5b6-62d9-4758-9604-7ba2e741a6c0</person_id><license_plate>8H Y6329</license_plate><vin>P8H6Y1CH2DLLLUVCY</vin><color>DarkTurquoise</color><year>2008</year></automobile><automobile><person_id>75b9a11f-ce88-486c-b5c8-b06fd3955b4a</person_id><license_plate>ZVE 032</license_plate><vin>7LJ7L73R4H751GJ3A</vin><color>Aqua</color><year>1982</year></automobile><automobile><person_id>75b9a11f-ce88-486c-b5c8-b06fd3955b4a</person_id><license_plate>875 WQS</license_plate><vin>VSZ4ASST4D23CLA6F</vin><color>Aquamarine</color><year>2009</year></automobile><automobile><person_id>388b0459-0fbb-423a-89bb-bd20c73c325c</person_id><license_plate>4N 08056</license_plate><vin>UJ7L8JLXXDUZZV2TH</vin><color>MediumBlue</color><year>1988</year></automobile><automobile><person_id>35c535b8-1826-4f1e-a573-6db92c58daf8</person_id><license_plate>836BHB</license_plate><vin>1CZ0J04V2923WFLPP</vin><color>PaleTurquoise</color><year>1986</year></automobile><automobile><person_id>35c535b8-1826-4f1e-a573-6db92c58daf8</person_id><license_plate>6-49563</license_plate><vin>3TX59GAM5MGD4E1YS</vin><color>MintCream</color><year>1993</year></automobile><automobile><person_id>35c535b8-1826-4f1e-a573-6db92c58daf8</person_id><license_plate>YE 6643</license_plate><vin>AGRBC9X03EL23CHG6</vin><color>LightSkyBlue</color><year>2003</year></automobile><automobile><person_id>e65d1585-ca88-417c-aeef-60be7f1b4377</person_id><license_plate>348LTI</license_plate><vin>UTDC90P73WD2Z5M55</vin><color>HotPink</color><year>1994</year></automobile><automobile><person_id>e65d1585-ca88-417c-aeef-60be7f1b4377</person_id><license_plate>NA4 T4M</license_plate><vin>8TJGACZ047RMH4GDY</vin><color>SeaGreen</color><year>1970</year></automobile><automobile><person_id>2ca478af-591f-4478-8e13-ff0030063a87</person_id><license_plate>MXI 691</license_plate><vin>DTY0XDN0593UPD4T4</vin><color>Fuchsia</color><year>2008</year></automobile><automobile><person_id>a7e5f620-d06e-46a6-89fc-eed27e9be7ed</person_id><license_plate>D17 8ZO</license_plate><vin>C4GXEP470G3BDB7KF</vin><color>IndianRed</color><year>2007</year></automobile><automobile><person_id>45aec253-1ccf-41ce-8967-231e95d874d2</person_id><license_plate>259VA</license_plate><vin>TLPT2A1S36XEPVTN7</vin><color>SkyBlue</color><year>1979</year></automobile><automobile><person_id>45aec253-1ccf-41ce-8967-231e95d874d2</person_id><license_plate>2KAY222</license_plate><vin>FX5FH4WNXNNZ2X1TF</vin><color>Navy</color><year>1996</year></automobile><automobile><person_id>45aec253-1ccf-41ce-8967-231e95d874d2</person_id><license_plate>43C 878</license_plate><vin>D0466XYB8GKXSJP2G</vin><color>LightYellow</color><year>1980</year></automobile><automobile><person_id>edfabfc7-2d60-4ceb-8b74-9e970c2a06ed</person_id><license_plate>JRY 029</license_plate><vin>REN83UKF901PUHN84</vin><color>MediumTurquoise</color><year>2014</year></automobile><automobile><person_id>13c278fd-9d92-43d0-96bb-86388a1fedee</person_id><license_plate>Q17 8RE</license_plate><vin>95SWEFCV9A5W6SY78</vin><color>LawnGreen</color><year>2012</year></automobile><automobile><person_id>fef7da30-b94c-42e7-aa9d-a052015f5a3b</person_id><license_plate>7OV 587</license_plate><vin>EBA5Z2H660V4R1XDN</vin><color>DarkOrchid</color><year>2008</year></automobile><automobile><person_id>2995fd34-a504-4ef2-b2b3-dff4eb0c5741</person_id><license_plate>71-P940</license_plate><vin>ZRFL7RL96ZE50GYB6</vin><color>DarkGreen</color><year>2017</year></automobile><automobile><person_id>2995fd34-a504-4ef2-b2b3-dff4eb0c5741</person_id><license_plate>3FE 507</license_plate><vin>6A45FZU56KW1DZRE9</vin><color>Bisque</color><year>2001</year></automobile><automobile><person_id>2995fd34-a504-4ef2-b2b3-dff4eb0c5741</person_id><license_plate>FZ-2146</license_plate><vin>4CANJE0Y983TBM47G</vin><color>BlanchedAlmond</color><year>2013</year></automobile><automobile><person_id>6a559877-a12a-457b-b3f7-991091814dda</person_id><license_plate>E08-WII</license_plate><vin>JCNHKFUX70Y4RXTSW</vin><color>GoldenRod</color><year>1993</year></automobile><automobile><person_id>8cffd2e6-667f-49ba-9434-b3d71e33729b</person_id><license_plate>888 BSW</license_plate><vin>NMWMH1X43TRYDANZ5</vin><color>ForestGreen</color><year>2011</year></automobile><automobile><person_id>5a3d2a0d-c361-4a2e-8a15-e8aa92f6b7b7</person_id><license_plate>XDA-7776</license_plate><vin>P2ZH5UMC8VES3H3ZZ</vin><color>Orchid</color><year>1970</year></automobile><automobile><person_id>87ed675c-bbd8-4b81-9e7f-2d78a87fa6d4</person_id><license_plate>DUD 121</license_plate><vin>ZB0W9MZT7173GZ2ET</vin><color>Lime</color><year>2010</year></automobile><automobile><person_id>fcd0d343-00e8-426f-8497-62863d4269c8</person_id><license_plate>248 RJT</license_plate><vin>TAECUWTD5ZYNTP10M</vin><color>DarkGoldenRod</color><year>1999</year></automobile><automobile><person_id>11d03f6d-4276-48a1-a074-e0f5f66a4d24</person_id><license_plate>MXM 448</license_plate><vin>4DUT4EGT1D0BLGG6U</vin><color>LightCoral</color><year>1989</year></automobile><automobile><person_id>36212a3f-92b2-4330-98b8-affce1d6a7ec</person_id><license_plate>626-LYX</license_plate><vin>CM54508227HZWUG6X</vin><color>SpringGreen</color><year>1984</year></automobile></automobiles>