"id"|"first_name"|"last_name"|"sex"|"address"|"phone_number"|"profession"|"company"|"date_of_birth"
"331a63a8-9e84-425c-a10d-4ecb7c33b7af"|"Kathleen"|"Hughes"|"F"|"126 Cooley Dam Apt. 601"|"924-882-2374"|"Investment banker, corporate"|"Dorsey, Daniel and Wood"|"2003-03-31"
"01a73f17-e348-442b-aa7f-92d138ba2ae6"|"Mario"|"Johnston"|"M"|"485 Yvette Loop"|"001-306-274-2818"|"Hydrologist"|"Knight-Houston"|"1960-07-20"
"ba851cb2-5964-4993-b63b-2a5d0d9ac078"|"Christina"|"Fernandez"|"F"|"248 Dakota Extensions"|"+1-832-944-3619x068"|"Chartered management accountant"|"Thomas, James and Chambers"|"2013-08-18"
"6c84cb48-7fc9-435b-8baf-0887177609b1"|"Shannon"|"Mills"|"F"|"172 Morales Gardens Suite 197"|"+1-656-947-0214x32706"|"Research officer, political party"|"Smith Ltd"|"1987-01-03"
"144da586-d685-4a40-a9a0-6ea06348f596"|"Rachel"|"Fernandez"|"F"|"668 Phillip Spring"|"001-214-663-3580x280"|"Scientist, research (physical sciences)"|"Baker Ltd"|"1919-08-22"
"2863bb9c-1ae2-45a2-9dbd-9108154b7668"|"Benjamin"|"Steele"|"M"|"229 Weaver Haven"|"(685)859-6095x04681"|"Engineer, land"|"Tyler-Blair"|"1968-10-15"
"350cd1fb-46f5-477f-8e3d-9ce7105ac2ab"|"Tamara"|"Jones"|"F"|"828 Ortiz Brooks"|"(614)927-1716"|"Youth worker"|"Johnson and Sons"|"1924-09-27"
"ad2cd996-4861-472c-8628-3920b4d9bd4a"|"Alexandra"|"Li"|"F"|"443 Hernandez Parkways Suite 200"|"(346)458-0064x40267"|"Conservation officer, nature"|"Delacruz Ltd"|"2014-01-29"
"f55a8b7a-e53a-41a0-82a7-f302398adaec"|"Angela"|"Dean"|"F"|"198 Brown Canyon Apt. 503"|"(246)447-0220"|"Electrical engineer"|"Watson, Jackson and Bowers"|"2012-09-17"
"19d1ab38-ce4a-4b2f-8948-89eafc40fbbb"|"Bonnie"|"Fox"|"F"|"878 Jonathan Stravenue"|"7817799605"|"Teacher, English as a foreign language"|"Watkins and Sons"|"1933-12-20"
"66d531e7-7510-454f-ae44-8fd30b20352c"|"David"|"Goodwin"|"M"|"79 Lewis Trace"|"001-650-460-9242x48055"|"Editor, film/video"|"Snyder Group"|"2022-12-05"
"9ef9a681-ac2f-4df0-ace1-95e250b8da94"|"Angel"|"Jackson"|"M"|"106 William Avenue"|"999.976.7970x589"|"Warden/ranger"|"Warren, Decker and Bernard"|"2005-12-22"
"318e2736-2eb2-46d6-a1f7-50685d043a8a"|"Ashley"|"Lopez"|"F"|"844 Johnson Plains Suite 376"|"001-944-211-8513x2160"|"Designer, multimedia"|"Washington and Sons"|"2006-01-10"
"7682cfb0-18da-470a-b6ee-1f8f4e01d05f"|"Rose"|"Smith"|"F"|"790 Christine Gateway"|"894.961.1700"|"Corporate treasurer"|"Graves, Turner and Anthony"|"1960-06-27"
"0ecc12ae-2d5c-4c83-b620-2488b7070458"|"Joshua"|"Conway"|"M"|"755 Johnson Lake"|"8269690138"|"Horticultural therapist"|"Smith, Anderson and Harris"|"2023-08-10"
"f52f7c52-007d-48dc-a2b5-307f0bcca37a"|"Leah"|"Matthews"|"F"|"558 Anderson Parkways"|"001-886-579-8333x394"|"Administrator, education"|"Davis-Smith"|"1946-06-04"
"72fb3b95-bbc8-4fba-b3bc-de16f32a4a51"|"Jeffrey"|"Herrera"|"M"|"948 Pham Ports"|"257.793.7299x9362"|"Production manager"|"White-Friedman"|"1930-05-01"
"7796bcee-58ad-4948-b022-e43494e92508"|"Charles"|"Rodriguez"|"M"|"827 Amanda Curve"|"(692)816-3928x3881"|"Journalist, magazine"|"Zimmerman Group"|"1934-12-16"
"3e826798-02c4-45fb-b343-84ea86f353ca"|"Kelly"|"Gardner"|"F"|"122 Oneal Underpass"|"001-710-356-4747x532"|"Chief of Staff"|"Smith, Moore and Young"|"1995-10-29"
"bc04d845-c18e-4a26-bf02-de29aeefabc1"|"Michael"|"Hall"|"M"|"707 Julia Station"|"+1-766-737-8740x8039"|"Animal nutritionist"|"Riley, Hernandez and Campos"|"1987-06-03"
"3d311d19-7161-4ba1-9485-1f893434c3a4"|"Robert"|"Tyler"|"M"|"288 Ward Parkway Apt. 076"|"557-696-0721x991"|"Visual merchandiser"|"Jarvis Inc"|"1991-09-27"
"ddf88063-0da3-4d18-b4a2-f715983e43bc"|"Anna"|"Rivera"|"F"|"871 Patricia Trafficway Apt. 188"|"+1-913-850-6966"|"Equities trader"|"Larsen, Perry and Berry"|"1998-10-30"
"81fa684f-0970-49f6-9edc-60f8648686c4"|"Joseph"|"Martin"|"M"|"433 Martin Field"|"271-892-2897x074"|"Sales promotion account executive"|"Baker, Martinez and Reed"|"1947-07-27"
"7dd67332-f1d6-4eb1-a2c1-44917289b586"|"Tammy"|"Joseph"|"F"|"529 Shelton Run"|"872.310.3854x13524"|"Dentist"|"Mitchell-Robinson"|"1987-08-27"
"819482f1-0f01-4ece-ae87-590da53dd15e"|"David"|"Goodwin"|"M"|"501 Barry Shoal Suite 612"|"321-988-9625x80964"|"Probation officer"|"Moreno, Johnson and Wilkins"|"1976-06-16"
"ca3d8f2b-f35a-4c35-950a-d491bcc6d001"|"Jaime"|"Saunders"|"F"|"495 King Land"|"996.817.0839x94969"|"Technical sales engineer"|"Martinez LLC"|"1916-04-25"
"7ae37ef1-6adb-4259-b835-6835aec9fbea"|"Joshua"|"Gates"|"M"|"273 Monica Burgs Suite 695"|"(518)266-5321x86097"|"Lexicographer"|"Chavez Inc"|"1973-05-26"
"1c5a2de8-8374-446d-ba01-8f1d736ab695"|"Tamara"|"Downs"|"F"|"950 Garcia Road Suite 143"|"+1-526-904-8077x508"|"Quarry manager"|"Espinoza Ltd"|"1950-10-21"
"c4219a4f-6c13-4fe1-ada7-7777d5bedef2"|"Brittney"|"Smith"|"F"|"340 Newton Wall"|"001-637-727-5718x0333"|"Chief Technology Officer"|"Brown PLC"|"2001-11-11"
"41e658e6-bdfc-4125-ab25-646cd9926d07"|"Scott"|"Pugh"|"M"|"924 Ross Camp Apt. 134"|"+1-833-637-4357x179"|"Designer, exhibition/display"|"Washington and Sons"|"2021-11-22"
"07585dfa-9433-4996-9d35-147830b07d0b"|"Richard"|"Nichols"|"M"|"251 Charles Extension Apt. 046"|"965-628-4528x870"|"Leisure centre manager"|"Sullivan-Allen"|"1930-09-01"
"68c0fbf3-a42d-4ed0-8c0b-5a5a8519cf69"|"Heather"|"Boone"|"F"|"607 Charles Mall Apt. 745"|"354-236-5682"|"Police officer"|"Berry-Edwards"|"1965-11-16"
"4de2cfba-a376-4b69-bd1f-a79f3aa293aa"|"Christopher"|"Barnes"|"M"|"994 Jacobs Ports Suite 715"|"001-958-863-3779x29935"|"Tax adviser"|"Thomas, Perez and Murphy"|"1971-01-15"
"d24ccdfd-b418-4f68-ba9f-a01f2d1d472c"|"Christopher"|"Tran"|"M"|"832 Hernandez Parkways Suite 200"|"807.639.1237"|"Jewellery designer"|"Torres-Hill"|"2016-11-18"
"aba1844d-989b-4d1b-bd86-3f5762b2ed46"|"Aaron"|"Matthews"|"M"|"314 Hernandez Parkways Suite 200"|"510-316-1940x18193"|"Commercial/residential surveyor"|"White-Jordan"|"1940-07-15"
"45cdf8de-38ae-44da-94fe-8445413ed493"|"Keith"|"Moore"|"M"|"802 Pham Ports"|"603.358.8430x62395"|"Public house manager"|"Robertson, Parks and Vargas"|"1918-05-09"
"0412beed-c107-49aa-991d-3900269798b1"|"Craig"|"Joseph"|"M"|"789 Jackson Harbors Suite 257"|"377.868.9697x317"|"Commissioning editor"|"Gonzalez-Terry"|"1940-12-22"
"96c4cbfa-418c-490e-a7a2-5027e4525016"|"Joel"|"Roberts"|"M"|"269 Amber Wells"|"001-293-238-5938x163"|"Civil engineer, contracting"|"Moore, Monroe and Murphy"|"2012-07-20"
"d5409d01-d3cd-4ab7-8b37-2f1d437176eb"|"Caroline"|"Floyd"|"F"|"255 Moore Crossroad Apt. 549"|"978.849.8095"|"Designer, exhibition/display"|"Sanchez Inc"|"2009-09-03"
"9c0d1f50-5cf9-40b2-9bd0-685747bfb264"|"Scott"|"Green"|"M"|"616 Hanson Port"|"671.596.4216x8626"|"Arts administrator"|"Parker, Howard and Brown"|"1934-10-22"
"8681db92-6fb9-40bb-b19f-42d6329a52f9"|"Michelle"|"Fox"|"F"|"648 Randall Burg"|"001-309-949-7099"|"Designer, multimedia"|"James LLC"|"2021-11-17"
"e84afe21-0fe9-453b-aafa-d0532275d9e2"|"Jeremy"|"Fox"|"M"|"819 Lee Burgs"|"+1-594-751-1034x30468"|"Chief Marketing Officer"|"Mora-Griffin"|"2007-01-13"
"a0644a3e-325c-467c-97d6-8fe80e1ef1e7"|"John"|"Hubbard"|"M"|"472 Haney Prairie Suite 518"|"001-387-943-7113x35670"|"Conservation officer, nature"|"White, Sanders and Harris"|"1948-09-12"
"d9a96cfd-60b5-4a11-992e-bf63bb836a93"|"Monica"|"Christian"|"F"|"751 Davenport Fords"|"+1-580-205-9937x217"|"Insurance claims handler"|"Moore, Jones and King"|"1977-08-03"
"aa5275ac-d8e3-4a0e-8643-afbaf7e10c8c"|"Amy"|"Willis"|"F"|"905 Troy Centers"|"(848)897-5120"|"Solicitor, Scotland"|"Martinez, Moore and Brown"|"2007-05-12"
"01225e7d-5cbc-4197-9c6f-54520c220aea"|"Kathryn"|"Blair"|"F"|"95 Gray Walks Apt. 075"|"(236)819-0937x5872"|"Clothing/textile technologist"|"Perez-Graham"|"1948-06-12"
"cda6356e-5a38-4012-bfae-c96c4b2d48dd"|"Norma"|"Garner"|"F"|"326 Hernandez Parkways Suite 200"|"745-681-6430x322"|"Barrister"|"Bishop and Sons"|"2010-03-02"
"f861a7ca-4dc6-4b9f-b13f-40ee692aa211"|"Jared"|"Jones"|"M"|"528 Anderson Port"|"001-400-941-0724x009"|"Dance movement psychotherapist"|"Dominguez Group"|"2018-09-11"
"1f4ffffd-f15b-404f-9f9a-868166a55a71"|"Jessica"|"Mitchell"|"F"|"667 Patricia Trafficway Apt. 188"|"728-537-7731x356"|"Manufacturing engineer"|"Adams-Rivas"|"2004-04-19"
"9f19f3e0-f746-459e-8325-1e52372810a2"|"Joshua"|"Harding"|"M"|"497 Welch Walk"|"001-872-580-4355x440"|"Financial adviser"|"Olson, Simpson and Cannon"|"1933-12-03"
"80e6f2c8-729f-4540-b037-2e45b933513d"|"Sean"|"Allen"|"M"|"774 Luna Loop"|"+1-605-451-6629x496"|"Land"|"Adkins, Foley and Jones"|"1911-01-10"
"ff09ddc2-935c-4456-9391-55642c36fe92"|"Carolyn"|"Riley"|"F"|"595 Patricia Row"|"(830)724-2277"|"Site engineer"|"Stephens, Hutchinson and Walker"|"1965-08-10"
"a079ce89-5a17-484f-b438-876ad63895e4"|"Jamie"|"Jackson"|"F"|"364 William Avenue"|"231.479.9950"|"Curator"|"Smith Group"|"1943-08-25"
"f5ca7af3-6ff5-48c5-964d-da7b54266444"|"Jacqueline"|"Mendoza"|"F"|"264 Day Inlet"|"001-405-599-8457x36102"|"Conservator, furniture"|"Johnson, Anderson and Moore"|"1938-05-14"
"d04c5635-9014-4e0d-b401-4691c6ca5d41"|"Alexis"|"Holmes"|"M"|"30 John Fall Apt. 476"|"(406)379-5180"|"Environmental consultant"|"Novak-Thomas"|"1917-10-26"
"f73e2203-28e0-46b3-b45b-c03868ae1bae"|"Jacob"|"Little"|"M"|"346 Tim Avenue Apt. 437"|"633-772-2826"|"Research officer, government"|"Rivera, Salazar and Rodriguez"|"1950-03-23"
"9da26b35-3329-43f3-9f4e-1d218b4675c3"|"Cheryl"|"Franklin"|"F"|"901 Shelton Run"|"(972)537-4630x879"|"Environmental manager"|"Hensley, Smith and Higgins"|"1955-04-20"
"9f4d35ca-c643-4f32-8837-ba24631f4273"|"James"|"Burton"|"M"|"927 Porter Overpass"|"734-996-6096x01546"|"Osteopath"|"Rangel, Nguyen and Smith"|"1980-03-21"
"23225100-884f-4097-95e6-cf489402298c"|"Mark"|"Smith"|"M"|"644 Jeffrey Run"|"(952)534-4646"|"Building control surveyor"|"Wells, Morgan and Zamora"|"1980-04-18"
"1e1392b2-b3a3-4f83-bb19-7edf978f1146"|"Murray"|"Christian"|"M"|"153 Tiffany Gateway"|"690.698.4414"|"Politician's assistant"|"Hayes LLC"|"2016-07-16"
"ff550120-682b-460f-9b9a-bb25ccb8b5af"|"Courtney"|"Ray"|"F"|"23 Thomas Coves Suite 736"|"845.877.7831x2490"|"Drilling engineer"|"Young LLC"|"2023-05-31"
"af2c0de5-3dae-473c-995a-e60df5d80378"|"William"|"Flynn"|"M"|"772 Ortiz Brooks"|"249.898.1007x526"|"Politician's assistant"|"Wilson, Hernandez and Nelson"|"1974-04-07"
"05f9cf41-bcaf-4ca0-a6c7-f170ce0fc197"|"Jeremy"|"Willis"|"M"|"981 Pham Ports"|"680.721.8791x0064"|"Futures trader"|"Nichols, Rogers and Williams"|"1936-09-28"
"041e03c2-8801-41a0-9325-d2e49e01af2b"|"Hopkins"|"Stewart"|"M"|"75 David Passage Suite 979"|"(482)874-7817"|"Herbalist"|"Allen, Martin and Sharp"|"2013-11-13"
"2a10a3fc-48f9-44fe-bf4f-189378bb0cdc"|"Cheryl"|"Jones"|"F"|"936 Martin Field"|"825-604-4861"|"Hydrographic surveyor"|"Burgess-Carter"|"1926-03-25"
"17981bb0-10e6-4cf2-b706-3642bd6f3309"|"Jacqueline"|"Rodriguez"|"F"|"102 Simpson Mill Apt. 030"|"6957891642"|"Therapist, drama"|"Jones, Gray and Gomez"|"2001-05-12"
"1209bba5-e4fd-4d19-b1f4-19ab0cdb7c67"|"Patricia"|"Zuniga"|"F"|"319 Shepard Bridge"|"001-571-844-7257x648"|"Chiropodist"|"Leblanc-Robinson"|"1932-12-30"
"4f619968-6d5b-4816-b838-979bf71d720e"|"Daniel"|"Bennett"|"M"|"855 Higgins Port Apt. 001"|"942.849.2828"|"Engineer, mining"|"Wood Ltd"|"1988-03-05"
"c12beb91-4f18-40f7-87c4-7a2d0d377ed2"|"Timothy"|"Peterson"|"M"|"116 Catherine Cove"|"256.929.1594x94494"|"Chemist, analytical"|"Harvey-Armstrong"|"1961-01-22"
"cc879d44-9fe2-43ed-bf2d-b2557cd128af"|"Beverly"|"James"|"F"|"556 Nicole Via"|"+1-220-276-0782x191"|"Teacher, English as a foreign language"|"Webb, Walsh and Floyd"|"1912-02-18"
"feb98b49-0626-4ef0-8318-0c7f23ad0f0d"|"Donna"|"Gardner"|"F"|"73 Alexandra Bridge Suite 474"|"+1-351-334-9729"|"Speech and language therapist"|"Morris Ltd"|"2014-02-14"
"6d28f9b4-6cdb-4b2d-9aed-581f255690d3"|"David"|"Sparks"|"M"|"402 Troy Centers"|"5293473007"|"Chartered public finance accountant"|"Baker, Smith and Bond"|"1987-07-12"
"08db1c0b-63ac-4377-a1a3-272403ea2b34"|"Kelly"|"Benson"|"F"|"415 Monica Burgs Suite 695"|"4525058268"|"Animal nutritionist"|"Smith, Arnold and Dunlap"|"2005-10-12"
"6077c0e9-987b-46d4-b75f-340eb8783057"|"Michael"|"Nichols"|"M"|"311 Shelton Run"|"+1-328-778-4848"|"Equities trader"|"Coleman-Schmidt"|"1915-06-10"
"aec8c9d0-1731-4b6f-b8d2-a156caf0ba0d"|"Sheila"|"Hernandez"|"F"|"980 Bailey Trail"|"(634)941-2146x254"|"Site engineer"|"Palmer PLC"|"1940-02-14"
"913673da-a336-4015-8f65-b44db2fcae7b"|"Joann"|"Allen"|"F"|"997 Hanson Port"|"213-873-2013x46157"|"Production manager"|"Li, Snyder and Carter"|"2009-01-30"
"c0d235a3-41aa-4c2b-9e12-d767c20df7d7"|"Christina"|"Reyes"|"F"|"370 Jones Courts Apt. 083"|"+1-681-683-5125x371"|"Hospital doctor"|"Lee-Knight"|"2009-03-05"
"8eba1891-2811-4c4b-ad8c-cbfe48165f1f"|"Michael"|"Skinner"|"M"|"997 Robert Way"|"001-808-956-6505x1736"|"Designer, graphic"|"Todd-Gonzales"|"1960-03-13"
"7f3fd729-e420-48d9-9b19-ac07887a0a1f"|"Aaron"|"Johnson"|"M"|"611 Phillip Spring"|"336.980.6425"|"Insurance underwriter"|"Williams Group"|"2023-10-17"
"36b92bc5-627c-4368-84ac-dc373a6655a8"|"Ryan"|"Bond"|"M"|"478 Andrew Street Apt. 107"|"001-833-628-6889x08268"|"Writer"|"Martinez-Smith"|"1999-01-18"
"1bacbc96-70a7-49b1-a522-4ca447cdb81a"|"Harper"|"Mitchell"|"F"|"549 Alexandra Bridge Suite 474"|"491-826-8441x703"|"Producer, television/film/video"|"Sanchez, Thompson and Hunt"|"1922-09-09"
"de513546-4b4c-4585-b342-7b83bc0c379a"|"Jake"|"Smith"|"M"|"157 Banks Curve Apt. 123"|"+1-430-261-1834"|"Health physicist"|"Porter-Ward"|"1932-11-21"
"91ef59a3-c073-4610-a14a-a8620d1a70bb"|"Danielle"|"Booth"|"F"|"307 Lynn Lake Suite 253"|"001-608-919-5849x56745"|"Higher education lecturer"|"Estrada PLC"|"1916-01-01"
"2998af9d-1d40-4517-b01e-96357e8465b1"|"Samuel"|"Li"|"M"|"450 Patricia Row"|"993.263.9289"|"Marine scientist"|"Anthony, Martin and Kelly"|"2012-11-24"
"b2722d6e-c547-4bea-bc85-17556d1c3796"|"Rodney"|"Bryant"|"M"|"140 Jonathan Stravenue"|"220-335-6820"|"Naval architect"|"Holmes Ltd"|"1959-02-22"
"ff2c3b57-85c0-48de-9a31-f4274afbe2fd"|"Jason"|"Gardner"|"M"|"478 Robinson Highway"|"001-471-477-8498x079"|"Chief Technology Officer"|"Huber-Flores"|"2009-06-25"
"dd05da94-d61a-42a8-8b18-3bc3975e5607"|"Susan"|"Jones"|"F"|"688 Thornton Land Suite 697"|"+1-750-367-8542x8869"|"Audiological scientist"|"Orr LLC"|"1932-04-18"
"dd6e0f29-c305-4a67-b0d5-1ca4c4e975f7"|"Thomas"|"Morgan"|"M"|"417 Julia Station"|"(669)376-0664x1372"|"Operational researcher"|"Hunt-Welch"|"1919-01-14"
"fcf37938-72d0-4daf-b943-6146c058e5d9"|"Adam"|"Wood"|"M"|"966 Luna Loop"|"(984)497-9590"|"Archaeologist"|"Mooney, Herrera and Hampton"|"1958-11-14"
"75ef04c3-3ca5-48b6-ba3a-dd1009d74b04"|"Daniel"|"Joseph"|"M"|"969 Gray Walks Apt. 075"|"001-701-653-2473"|"Counsellor"|"Bennett-Drake"|"1965-07-15"
"c7bea8d2-f28d-4996-93c6-fe9214239d5f"|"Taylor"|"Wilson"|"F"|"376 Parks Trace Suite 497"|"+1-700-677-9974x283"|"Engineer, biomedical"|"Ware PLC"|"1999-11-24"
"60023116-7368-4227-b453-12785dc785e0"|"Jeffrey"|"Park"|"M"|"95 Martinez Grove Apt. 125"|"(620)300-7599x26741"|"Administrator, charities/voluntary organisations"|"Morris, Davis and Hardy"|"1965-09-24"
"07cb017b-b467-4ab3-8761-0bcf5775aa6d"|"Michael"|"Rivera"|"M"|"514 Robert Way"|"624-619-3629"|"Communications engineer"|"Dominguez, Miller and Smith"|"1998-08-06"
"3e9415fb-8ed5-4362-bf30-2e9689616156"|"Denise"|"Smith"|"F"|"930 Matthew Keys"|"729-758-7771"|"Engineer, maintenance"|"Brewer PLC"|"1924-06-11"
"b3ebbcad-3c95-4e66-acfe-02fe5c6997a6"|"William"|"Castaneda"|"M"|"359 Rachel Pine"|"+1-993-677-5688x111"|"Clinical molecular geneticist"|"Lewis Inc"|"1964-07-31"
"38a64b25-6124-48fc-8513-848901a08944"|"Anthony"|"Cannon"|"M"|"203 Lewis Trace"|"857-611-3243x58409"|"Film/video editor"|"Peters, Flores and Arnold"|"1998-12-05"
"b70672d7-f29e-4aa9-a0a9-8b33073c61f2"|"Brent"|"Jones"|"M"|"650 Chandler Tunnel Suite 681"|"430.710.1370x1749"|"Research scientist (physical sciences)"|"Schmidt, Castillo and Armstrong"|"1991-09-24"
"d1a57cdd-6031-4b80-9d3b-d6bab561e746"|"Jennifer"|"Espinoza"|"F"|"694 Amanda Curve"|"5258632558"|"Regulatory affairs officer"|"Brewer, Anderson and Morris"|"1965-03-14"
"7b9440bb-aa4b-4d71-b63e-080e9515c8fc"|"Jacob"|"Young"|"M"|"383 Brown Canyon Apt. 503"|"898-262-1223x20400"|"Editor, commissioning"|"Taylor, Houston and Morgan"|"1942-11-03"
"ba26bbca-9e35-4b41-844f-49a69fd0e4f3"|"Terry"|"Phillips"|"F"|"732 Hernandez Parkways Suite 200"|"488.848.8910x65858"|"Insurance claims handler"|"Kramer-Brown"|"1919-10-11"
"059b5d29-be4a-4bb5-947f-6217f251b2de"|"Jamie"|"Smith"|"F"|"270 Pham Ports"|"604-817-2941x47900"|"Chiropodist"|"Castro Inc"|"1935-04-23"
"af2505cf-cf86-4eba-9be7-c686a9e02695"|"David"|"Fisher"|"M"|"954 Martinez Grove Apt. 125"|"691-789-3523x62332"|"Broadcast engineer"|"Scott-King"|"1979-04-17"
"5ebb8c26-a6ee-4786-b005-d61115cdb94a"|"Chad"|"Jackson"|"M"|"243 Christopher Ways"|"637-370-9710x52666"|"Lecturer, higher education"|"Anderson PLC"|"1929-07-26"
"ed17c2ac-368f-434c-8162-cecd66f35cbb"|"Victor"|"White"|"M"|"908 Mills Springs"|"(843)623-2203x6547"|"Advertising copywriter"|"Larson, Mclean and Baker"|"2012-03-29"
"d4378512-13ad-452e-9aea-66a26c33697c"|"Charles"|"Flynn"|"M"|"103 Higgins Port Apt. 001"|"905.280.9967"|"Civil engineer, consulting"|"Johnson, Mcmahon and Andrews"|"2002-10-13"
"455f087a-096d-4d8a-9d86-ab650a1f31ee"|"Kathryn"|"Harris"|"F"|"845 Barry Shoal Suite 612"|"(389)963-0465"|"English as a second language teacher"|"Curry-Thompson"|"2011-06-23"
"cbd9e31d-499e-42cc-afee-ee5e1ff684b9"|"William"|"Li"|"M"|"596 Banks Curve Apt. 123"|"551.339.0611"|"Lawyer"|"Harrell, Lozano and Davis"|"1912-07-31"
"10da4de7-5e1a-4237-9008-889fe8b2d9d9"|"Daniel"|"Wilson"|"M"|"526 William Avenue"|"980-362-3613x9347"|"Multimedia specialist"|"Stevens, Allen and Costa"|"1966-02-12"
"f66490a8-7375-4a7d-ac92-59db04e9e94f"|"Jasmine"|"Crane"|"F"|"656 Higgins Port Apt. 001"|"001-545-677-2093"|"Geochemist"|"Alvarez-Smith"|"1910-08-30"
"57de4df3-e954-432a-b88f-3c3d734a4052"|"Chelsea"|"Benson"|"F"|"7 David Course Apt. 455"|"692-723-3742"|"Research officer, trade union"|"Collins and Sons"|"1942-07-20"
"bb220163-9cf7-4e96-b83b-45dc13638739"|"Patrick"|"Foster"|"M"|"105 Amber Wells"|"(799)286-4734x50378"|"Herpetologist"|"Mason-Barnett"|"1986-08-17"
"2139d733-2ced-4a2f-bcba-4849a8e54f36"|"Joseph"|"Moore"|"M"|"109 Michelle Isle Apt. 431"|"786-626-9618"|"Associate Professor"|"Smith Ltd"|"1942-07-28"
"7a5cb22c-4b5e-475f-883e-4c335ded0e20"|"Melinda"|"Welch"|"F"|"210 Jonathan Stravenue"|"(728)691-0681"|"Research officer, trade union"|"Owens, Burke and Duffy"|"2017-07-06"
"a3586c41-e960-47f9-afc0-f4c6aa0135e9"|"Monica"|"Dunn"|"F"|"748 Angela Lights"|"(561)611-3964x692"|"Editorial assistant"|"Flores, Mathis and Boone"|"1981-07-06"
"f7f7c5a6-4f95-47d0-86b0-14ee9d4191cb"|"Gerald"|"Buchanan"|"M"|"611 Robinson Highway"|"001-395-704-6454"|"Osteopath"|"Mcdonald LLC"|"2011-11-10"
"4f38f810-2e3f-4d6e-a21a-9b7e3a63ea44"|"Michelle"|"Perez"|"F"|"18 Phillip Spring"|"848.301.4166x86758"|"Financial controller"|"Briggs-Johnson"|"1939-05-01"
"0b855062-f040-4d02-93ba-222977c55d1d"|"Stephen"|"Roberts"|"M"|"921 Hanson Port"|"8676202610"|"Forensic scientist"|"Bautista Group"|"2014-08-17"
"4f609a05-7e3a-4abc-a2ca-36050642cf2c"|"Kevin"|"Bond"|"M"|"299 Phillip Spring"|"(463)614-9698x392"|"Field seismologist"|"Spencer-Chase"|"1991-08-16"
"fe0f3057-3249-4a33-b1a3-3a987f6d1100"|"Carolyn"|"Mckee"|"F"|"776 Wyatt Pike Suite 863"|"826-634-3026x403"|"Advertising account planner"|"Ford, Lynch and Richardson"|"1973-05-05"
"c46e3973-9883-4eb5-a93d-8c1070570831"|"Wesley"|"Watson"|"M"|"618 Aimee Circles"|"(307)770-5426x8575"|"Medical laboratory scientific officer"|"Johnson-Hanson"|"1995-01-09"
"f73efc9a-ddfe-4e91-afb8-a94074e57f1e"|"Whitney"|"Robinson"|"F"|"877 Hart Estates Suite 718"|"(870)528-3953"|"Production engineer"|"Long-Lowe"|"2017-10-01"
"dc83d4a1-2a93-4370-82a3-7c903bf7a679"|"Kelly"|"Baxter"|"F"|"199 Christopher Ways"|"+1-877-917-4642x5203"|"Quality manager"|"Patton-Bailey"|"1989-04-05"
"06fbd0c6-7623-40c3-87b0-97613fa00226"|"Melinda"|"Martin"|"F"|"282 Nelson Estate"|"001-342-725-2933x9469"|"Nurse, adult"|"Hall-Hickman"|"1929-03-29"
"48c26f4b-1405-4e5f-bb0a-312489f4506c"|"Samantha"|"Foster"|"F"|"11 Mills Springs"|"416-599-6655"|"Theme park manager"|"Garcia, Hunter and White"|"2012-10-27"
"941d8286-3447-409f-8117-2ef8c4526503"|"Kristin"|"Casey"|"F"|"639 Jeffery Isle"|"001-746-683-4735"|"Development worker, international aid"|"Lee and Sons"|"1988-01-20"
"e0e0e450-4801-43cc-a5a4-74073edfe33b"|"Chad"|"Curry"|"M"|"357 Cox Turnpike Apt. 083"|"(940)681-4262"|"Make"|"Johnson, Kim and Berry"|"1953-12-11"
"c0b57a71-dda6-4e5b-a052-1ba3e3ac2b61"|"Michael"|"Young"|"M"|"250 Elizabeth Creek Apt. 423"|"+1-709-513-8286x896"|"Insurance account manager"|"Peters-Schneider"|"1972-04-01"
"58c2f79c-733e-4b1d-91ad-d033e21178f5"|"Lauren"|"Shaffer"|"F"|"218 Patricia Trafficway Apt. 188"|"776.483.8938"|"Curator"|"Hodges and Sons"|"1987-05-25"
"782fe4a5-b322-4608-9483-2021679afa9c"|"Steven"|"Weiss"|"M"|"625 Heather Garden Suite 383"|"(516)327-5538x8491"|"Food technologist"|"Maldonado-Barker"|"1960-12-13"
"75f820f8-06e3-467e-95f6-5b96233442a4"|"David"|"Velez"|"M"|"36 Ward Parkway Apt. 076"|"231.778.2978x29991"|"Soil scientist"|"Williams-Davila"|"1934-02-06"
"2db4dfec-84c4-4817-8801-6adb2b6fadcf"|"Brent"|"Aguilar"|"M"|"701 Gabriel Hill Apt. 094"|"260-414-9723x36540"|"Surveyor, building"|"Short-Young"|"2024-02-19"
"a8dcb837-44d9-4aec-906e-894a7c81cd60"|"Albert"|"Dunn"|"M"|"905 Moore Crossroad Apt. 549"|"(384)563-8731"|"Psychologist, educational"|"Blake, Fowler and Casey"|"1960-11-15"
"ee5b3a03-630d-43de-bda2-ceffa5a85251"|"Nicholas"|"Richardson"|"M"|"263 Lewis Trace"|"001-285-612-5835"|"Manufacturing systems engineer"|"Villa, Miller and Martinez"|"1955-05-27"
"c8361145-5c20-4c9c-b88d-d4c527659a52"|"Shane"|"Dunn"|"M"|"152 Davis Landing"|"860.962.4310"|"Chiropodist"|"Spears-Cunningham"|"2019-10-27"
"bcb1f917-69a4-4329-82a7-64c56e0e23da"|"Mathew"|"Mendoza"|"M"|"849 Tyler Knoll Apt. 752"|"(684)698-4456x662"|"Sports administrator"|"Day-Hendrix"|"1962-05-01"
"09245fdf-ec14-4d08-bca9-6548881d29a1"|"Sandra"|"Buchanan"|"F"|"844 Lynn Lake Suite 253"|"934-656-0877"|"Facilities manager"|"Cline, Williams and Clark"|"1947-06-12"
"834c8ae6-8f47-449b-b662-e2a4591d4612"|"Janet"|"Cooke"|"F"|"138 Tiffany Gateway"|"(982)450-7797x7408"|"Architectural technologist"|"Miller, Bailey and Brown"|"1954-04-11"