"id"|"first_name"|"last_name"|"sex"|"address"|"phone_number"|"profession"|"company"|"date_of_birth"
"798c2ab4-0fb8-499a-842c-d90e60d0ec8d"|"Steven"|"Browning"|"M"|"238 Smith Avenue Apt. 759"|"+1-491-552-9953x28726"|"Statistician"|"Briggs, Perez and Anderson"|"2005-01-21"
"fd3607ae-9f64-46b8-b525-b69f778f8105"|"Charles"|"Fisher"|"M"|"672 Garcia Road Suite 143"|"(338)687-9587x16193"|"Air traffic controller"|"Gibson-Russell"|"1910-12-19"
"de512741-d4eb-4912-83ac-840115948050"|"Beverly"|"Roy"|"F"|"733 Amanda Curve"|"001-422-592-5269"|"Education officer, community"|"Allen-Mcclain"|"1911-02-26"
"3d6a605d-5435-4029-90d4-a36b8413aca9"|"Peggy"|"Fernandez"|"F"|"964 Robert Way"|"2158632660"|"Physicist, medical"|"Haynes Group"|"1967-10-26"
"56ec719d-0aa4-4968-97b6-9b2c48777600"|"Pamela"|"Young"|"F"|"521 Douglas Springs"|"(698)623-9429x5897"|"Administrator, charities/voluntary organisations"|"Marquez-Rice"|"2006-10-15"
"8d068d44-1f7a-431f-a4f1-d9d255954df2"|"Nicole"|"Roberts"|"F"|"56 Scott Valleys Suite 598"|"743-859-1901"|"Editor, magazine features"|"Mcdonald LLC"|"1917-08-11"
"8a32777a-2104-4d7e-87d5-eadb8d9ac768"|"Brittany"|"Ramirez"|"F"|"55 Barron Hollow"|"893.471.3758"|"Paediatric nurse"|"Li-Johnson"|"2018-04-15"
"8db6fb11-f740-40ba-8e03-331fd1d7260d"|"Ryan"|"Espinoza"|"M"|"277 Robert Way"|"309.667.3813"|"Chief Strategy Officer"|"Preston, Phillips and Patrick"|"1915-02-21"
"1635adcb-7873-42d1-bec7-00740c800c8d"|"Felicia"|"Haney"|"F"|"551 Jacobs Ports Suite 715"|"(959)745-2649"|"Psychotherapist"|"Jones PLC"|"1960-07-09"
"6c1ac9dc-a393-47b3-af3f-0e7490ea8131"|"Michael"|"Morrison"|"M"|"168 Smith Ranch Suite 211"|"325.589.2314"|"Ranger/warden"|"Cunningham-Brown"|"1944-06-14"
"4bbf416e-d908-445b-ae12-201f7712fb4a"|"Jesus"|"Alvarez"|"M"|"441 Tyler Knoll Apt. 752"|"001-388-930-1407x3518"|"Architect"|"Hall-Scott"|"1953-04-28"
"da794af2-52a7-4d9a-8e50-7c9323d92ddb"|"Derek"|"White"|"M"|"876 Matthew Valleys Suite 832"|"001-716-885-7919x749"|"Engineer, manufacturing"|"Ross, Martin and Anderson"|"1945-06-01"
"7139f987-0d5f-4b47-a80a-23079d0affc0"|"Robert"|"Peterson"|"M"|"241 Martinez Grove Apt. 125"|"287-449-8167"|"Facilities manager"|"Cortez Group"|"1921-02-27"
"3c5e0bc9-84cc-4f8a-8914-4dca23a8b20f"|"Angela"|"Cole"|"F"|"222 Smith Avenue Apt. 759"|"(295)812-1380x548"|"Chiropractor"|"Braun-Lamb"|"1952-07-23"
"d15e491e-0135-4bd3-b6ca-42e0ee9d918d"|"Ronald"|"Gates"|"M"|"549 Rachel Pine"|"872.842.3420x16640"|"Science writer"|"Hoffman-Martinez"|"2009-06-13"
"f82b4f79-766d-4e61-866e-47e6ddd14ff8"|"Danielle"|"Howard"|"F"|"47 Ward Parkway Apt. 076"|"5395685009"|"Best boy"|"Brown and Sons"|"1992-05-24"
"d154e194-b5df-4402-9cea-6772db75b6ce"|"Kenneth"|"Williams"|"M"|"512 Parks Trace Suite 497"|"001-324-822-3226"|"Dealer"|"Jones LLC"|"1990-10-14"
"d2140410-3174-4035-9c64-7299891f18eb"|"Nathan"|"Hale"|"M"|"469 Hanson Port"|"+1-494-829-1093x43714"|"Outdoor activities/education manager"|"Buckley Group"|"1956-02-18"
"3d56a539-1a18-4a4b-a18b-d69d2725fc60"|"Thomas"|"Lynch"|"M"|"328 Julia Station"|"+1-344-845-4520x47262"|"Cabin crew"|"Taylor, Taylor and Price"|"1996-04-19"
"8fb2c9f5-49d3-42ad-99ee-3505a17d61f7"|"Edward"|"Moore"|"M"|"209 Ward Parkway Apt. 076"|"878-587-6481"|"Engineer, structural"|"Salinas, Jenkins and Lane"|"2005-12-07"
"05bc37c6-e022-4fc4-9d3d-31cebcf88420"|"Laura"|"Lopez"|"F"|"518 Anderson Parkways"|"+1-665-855-1000x191"|"Hydrologist"|"Lee, Johnston and Bentley"|"1959-01-11"
"357e31fe-d98c-404f-9949-b25216c9fb33"|"Nicholas"|"Ramirez"|"M"|"492 Michael Circles Suite 720"|"443-790-7796"|"Technical author"|"Odom, Barton and Merritt"|"2014-09-30"
"fdb7f80b-caed-46c4-81be-af667d9cd8bf"|"Darren"|"Rodriguez"|"M"|"987 Moore Crossroad Apt. 549"|"(862)235-8413x862"|"Animal technologist"|"Martin, Carter and Rodgers"|"1957-11-19"
"aa7016c1-cba3-4931-8463-a8cde16663df"|"Tyler"|"Morris"|"M"|"140 Haney Prairie Suite 518"|"+1-750-339-0196x044"|"Financial controller"|"Rivera-Austin"|"2017-04-02"
"97b9d8f9-0b86-4be4-b1d8-d585c72e9314"|"Kevin"|"Jordan"|"M"|"285 David Course Apt. 455"|"464-803-9969x301"|"Information systems manager"|"Ellis, King and Trujillo"|"1927-08-20"
"335f9d28-5831-44e8-abbb-b5771f1cc208"|"Matthew"|"Zuniga"|"M"|"461 Amanda Curve"|"+1-282-670-3675x4990"|"Psychologist, occupational"|"Barrett LLC"|"1982-07-01"
"f8e23d8d-dcd4-4f26-853a-e815476ce0ee"|"Jill"|"Sanders"|"F"|"434 Cox Turnpike Apt. 083"|"001-460-209-0835"|"Scientist, research (maths)"|"Johnston, Reynolds and Holland"|"1923-09-05"
"00ba4c96-302f-4b1a-acd5-eca80d0833c6"|"Rebecca"|"Zimmerman"|"F"|"246 Thomas Wall Suite 035"|"001-675-988-9079x49338"|"Broadcast presenter"|"Mccarthy LLC"|"1984-10-27"
"c854e01b-6454-4686-b637-e7bd0976b94d"|"Amanda"|"Hicks"|"F"|"908 Castillo Underpass Apt. 535"|"(841)819-4433x993"|"Administrator"|"Johnson-Johnson"|"1980-07-01"
"65938f81-06db-428b-9eb3-81dd29302275"|"Michael"|"Fernandez"|"M"|"621 Donald Village Apt. 289"|"321.499.0303x5758"|"Marine scientist"|"Perez, Montgomery and Frey"|"2004-03-15"
"7328e369-dba1-48f2-8216-86d4186577f1"|"Theresa"|"Martin"|"F"|"118 Kari Alley Suite 131"|"001-524-703-2879x7232"|"Chief Marketing Officer"|"Campbell-Callahan"|"1937-11-20"
"257609ca-275a-4a88-b98c-60be958c757d"|"Martin"|"Hughes"|"M"|"738 David Passage Suite 979"|"310-643-8031"|"Purchasing manager"|"Miller Inc"|"1956-11-02"
"32ad10e2-e27b-4e93-8feb-3566a8fb58f8"|"Leah"|"Hernandez"|"F"|"97 Vincent Mountain Apt. 316"|"423.434.5502x103"|"Geologist, wellsite"|"Tran PLC"|"1984-03-26"
"ef30bb75-5f21-4302-8cc0-65b9f67beed5"|"Andrea"|"Cole"|"F"|"181 Hernandez Parkways Suite 200"|"(472)220-8513x535"|"Administrator, arts"|"Hebert, Morgan and Pearson"|"1971-01-31"
"edb6063c-3043-40f8-97d0-a28ee1f47231"|"Kathy"|"Dean"|"F"|"490 Lewis Trace"|"408-930-9369x349"|"Stage manager"|"Molina-Bean"|"2010-11-16"
"20551fab-483f-4ce6-ae36-b23c2bcbbaeb"|"Amy"|"Leach"|"F"|"801 Diana Point"|"(920)494-8693x5879"|"Meteorologist"|"Williams, Marshall and Lam"|"1962-02-21"
"77246f60-c820-483d-bc8a-a7a7338a3bf2"|"Kristina"|"Perez"|"F"|"615 Alexandra Bridge Suite 474"|"(446)462-2705"|"Minerals surveyor"|"Hanson, Mercado and Carter"|"1973-03-12"
"96a420c1-752c-49cf-9152-245a14f6b073"|"Emily"|"Davis"|"F"|"976 Christopher Ways"|"+1-741-894-5420x7845"|"Neurosurgeon"|"Weaver PLC"|"1921-11-13"
"bb40c8cb-85bf-4558-8016-966e7b07f9ee"|"Tina"|"Bryant"|"F"|"940 Johnson Throughway"|"224-638-1358"|"Secondary school teacher"|"Morgan-Chen"|"1911-11-03"
"8c4869ed-4525-436c-9d68-6abaaafb1fb7"|"David"|"Curtis"|"M"|"681 Warner Circle"|"001-289-698-2981x555"|"Set designer"|"Lindsey, Dalton and Hall"|"2011-02-14"
"c5e4ee8e-d62b-4c27-9308-ad054eb76b3e"|"Heather"|"Barber"|"F"|"224 Brown Canyon Apt. 503"|"3873545869"|"Engineer, communications"|"Pace PLC"|"1929-05-24"
"219f3642-3bf8-4592-9d73-cf07538d51c3"|"Jonathan"|"Roberts"|"M"|"338 Porter Overpass"|"5294415192"|"Chartered legal executive (England and Wales)"|"Singh, Martinez and Hayes"|"1980-05-03"
"44c3514e-63cc-4248-8884-a570e7d75467"|"Cheryl"|"Burton"|"F"|"628 Thornton Land Suite 697"|"001-779-755-3099x01952"|"Medical illustrator"|"Holland-Green"|"1934-05-05"
"3648a204-cbda-4049-a533-4a2a60017f24"|"Maria"|"Barnes"|"F"|"318 May Rest Suite 582"|"433-638-2842"|"Museum education officer"|"Ross, Johnson and Johnson"|"1960-10-03"
"d3d6b23d-254a-4500-b71b-670b857ce742"|"Kathleen"|"Anderson"|"F"|"53 John Fall Apt. 476"|"712.526.6282x289"|"Patent examiner"|"Carrillo, Lamb and Wolf"|"2017-08-17"
"7c9f53bf-8fdd-44d3-a2a4-fd00da6d14f4"|"Elizabeth"|"Perez"|"F"|"968 Thomas Ford"|"8228388062"|"Chemist, analytical"|"Burns-Steele"|"1998-06-28"
"6a2f711c-51e4-4973-93bb-84f3c55cbdcb"|"Vanessa"|"Cervantes"|"F"|"543 Jackson Harbors Suite 257"|"+1-390-562-7822x785"|"Publishing rights manager"|"Green, Jones and Wade"|"2003-01-31"
"020b64af-7c3c-4597-8762-1e92c5897b6a"|"Jeffery"|"Mcdaniel"|"M"|"499 Arnold Cliffs"|"+1-829-444-7573x90086"|"Operational researcher"|"Benson-Lambert"|"1985-05-31"
"fa59a80c-551c-4b22-8072-e52d719c4b63"|"Belinda"|"Dean"|"F"|"149 Stacey Via Suite 001"|"8446305539"|"Social worker"|"Smith, Townsend and Torres"|"1993-03-17"
"093ab3a0-a828-43f2-ac04-2ae77a06bc64"|"Crystal"|"Anderson"|"F"|"985 Tim Avenue Apt. 437"|"278.806.7554x4661"|"Records manager"|"Brown-Warren"|"2010-04-18"
"8ad2bc59-1b27-4b75-a6f7-e004b67db8e8"|"Brittany"|"Bond"|"F"|"200 Luna Loop"|"(875)369-3331x68328"|"Advertising copywriter"|"Hart, Hurley and Walker"|"2014-01-13"
"8b100dae-7447-44a4-a9f6-d952a3da2411"|"Alexis"|"Garrison"|"F"|"524 Charles Extension Apt. 046"|"(936)231-9602x288"|"Best boy"|"Caldwell Ltd"|"1922-04-09"
"36588b54-3fb3-4fe5-9470-276755dba53a"|"Brandon"|"Fuller"|"M"|"375 Haney Prairie Suite 518"|"674.526.1787x843"|"Production manager"|"Salas-Sanchez"|"1961-02-27"
"2935c7a0-9961-4bf5-81b6-e81a53da8b53"|"Jennifer"|"Boone"|"F"|"836 Hart Estates Suite 718"|"001-939-977-8539"|"Journalist, broadcasting"|"Schaefer, Long and Simmons"|"2022-11-08"
"f1a362a8-99dd-4ed0-bcb0-907266985bac"|"Joshua"|"Casey"|"M"|"513 Barry Shoal Suite 612"|"8597650757"|"Computer games developer"|"Rivera LLC"|"1942-02-11"
"84fd0876-95c8-4631-8e8e-7f1e4256b4b6"|"Kevin"|"Mejia"|"M"|"640 Rosario Loop"|"001-648-945-4155x5053"|"Technical author"|"Wells and Sons"|"1924-08-22"
"25f5b0d5-3071-40ab-ab77-43dbb46487ba"|"Anthony"|"Matthews"|"M"|"340 Davenport Fords"|"956.592.8344x680"|"Chemical engineer"|"Payne LLC"|"1913-10-08"
"a9f738e8-1b23-4bae-a7f9-200f533f55e5"|"Charlotte"|"Pham"|"F"|"134 Troy Centers"|"+1-495-236-9736"|"Medical laboratory scientific officer"|"Jackson and Sons"|"1911-05-02"
"6c45dee5-7295-4d77-a596-7513167b8b49"|"Sarah"|"Gardner"|"F"|"327 Morales Gardens Suite 197"|"001-420-525-5766x9030"|"Wellsite geologist"|"Flores LLC"|"2004-01-22"
"de55a6e9-836a-4d82-b199-059dc0f96d96"|"Kelly"|"Bryant"|"F"|"601 Quinn Divide"|"759-762-6827"|"Engineer, control and instrumentation"|"Stephens-Bender"|"1959-08-10"
"f8e21038-fab6-4ff3-b974-55e726b38b11"|"Jonathan"|"Watson"|"M"|"585 Tim Avenue Apt. 437"|"712.909.2188"|"Product designer"|"Henry Inc"|"2003-09-26"
"e1624279-8606-41cb-ac87-da8c74df7eae"|"Roger"|"Gates"|"M"|"431 Tara Inlet"|"(636)752-5614x1036"|"Ship broker"|"Ortiz-Pace"|"2014-09-04"
"d2f246e9-f493-4e23-8cbb-7e02082aa9f3"|"Fletcher"|"Rivera"|"F"|"819 Michelle Isle Apt. 431"|"207-205-3517x781"|"Financial controller"|"Leonard Ltd"|"1961-07-11"
"b56d198c-128e-44f9-b8c0-dec1fa7aba3e"|"Marcus"|"Shelton"|"M"|"782 Yates Harbor Suite 905"|"(317)756-4880"|"Designer, furniture"|"Jackson, Silva and Collins"|"2019-03-29"
"0d47c445-2cee-4a42-9a37-36bb9a81d4b5"|"Mary"|"Scott"|"F"|"706 Pham Ports"|"871-684-6138x600"|"Drilling engineer"|"Pierce LLC"|"1992-12-10"
"bf9eca7b-1694-49a2-afe1-363724286ed9"|"Maria"|"Barber"|"F"|"31 Christopher Ways"|"+1-411-276-9983x1109"|"Dietitian"|"Wilson, Miller and Mayo"|"1915-03-03"
"5339fd3f-7fda-4b83-b870-dc7598cd5150"|"Ernest"|"Jones"|"M"|"938 Montoya Walk Apt. 578"|"884-483-6321x68259"|"Scientist, audiological"|"Smith, Rasmussen and Hill"|"2011-07-26"
"c0f2d105-78dd-4f85-959f-56da28c8c693"|"Karen"|"Davis"|"F"|"735 Dakota Extensions"|"471-394-6224"|"Public librarian"|"Woodard-Novak"|"1944-05-23"
"81781410-a389-4916-8671-58624aa95aeb"|"Daniel"|"Smith"|"M"|"76 Parks Trace Suite 497"|"(728)213-7495x2896"|"Solicitor"|"Gallagher Inc"|"1961-10-30"
"afca0d40-6cb0-4926-9a05-aa1707a62696"|"Audrey"|"Spencer"|"F"|"863 Yates Harbor Suite 905"|"634-365-9264x488"|"Professor Emeritus"|"Carter-Patrick"|"1989-04-18"
"788edb7d-f80f-4616-a7a7-bb924a06cf13"|"Aaron"|"Flynn"|"M"|"114 Monica Burgs Suite 695"|"001-400-876-2560x553"|"Mental health nurse"|"Williams Ltd"|"1927-03-01"
"fc5b8ed0-15e3-4daa-9b9c-1bb1d4401755"|"Rebecca"|"Scott"|"F"|"65 Brian Course"|"+1-898-699-5711x88762"|"Nurse, mental health"|"Nguyen, Jimenez and Mitchell"|"1924-03-24"
"edc9f95d-7b33-4588-9501-31c70d385849"|"Erin"|"Adams"|"F"|"528 Michael Manor"|"724.779.8743x27743"|"Archaeologist"|"Wood and Sons"|"1996-02-27"
"1f40a145-84de-48b0-9390-cc1960e13781"|"Jessica"|"Morris"|"F"|"768 Douglas Springs"|"+1-338-243-9992"|"Event organiser"|"Lucas-Hunter"|"1992-07-23"
"c33a5060-4da0-4a3e-97f3-26ea22e121e8"|"Douglas"|"Romero"|"M"|"555 Day Inlet"|"(366)912-3532x0128"|"Veterinary surgeon"|"Foster, Carney and Adams"|"1950-12-20"
"b4c97e0c-cf39-4e9b-8e98-e430e0f608c9"|"Aaron"|"Fisher"|"M"|"328 Scott Valleys Suite 598"|"6899932870"|"Advertising art director"|"Watson Ltd"|"1910-10-11"
"49c47b90-ca25-4646-bb0d-07b407155e7e"|"Kyle"|"Gomez"|"M"|"343 Patricia Trafficway Apt. 188"|"(855)471-8517"|"Forensic psychologist"|"Thomas and Sons"|"1982-02-20"
"a2e74d47-45ce-454e-9d6c-6c805b54a64e"|"Anna"|"Freeman"|"F"|"789 Elizabeth Creek Apt. 423"|"+1-242-612-9033x980"|"Ceramics designer"|"Mcbride, Torres and Moore"|"1909-10-25"
"453d34e2-0702-411d-86d5-f2963549c1dc"|"Joseph"|"Ramirez"|"M"|"193 Michael Manor"|"(684)950-2936x2083"|"Lobbyist"|"Wolfe Inc"|"1978-05-14"
"a4696493-5fd9-481e-9ac7-fadc0060a976"|"Richard"|"Ramos"|"M"|"123 Davenport Fords"|"+1-837-379-1166x54771"|"Surveyor, rural practice"|"Sanders, Cruz and Barnett"|"1942-08-04"
"fd8fe0be-c6f6-4b93-9668-5e98e1e908fa"|"Matthew"|"Watson"|"M"|"731 Diana Point"|"871-258-0851x31277"|"Economist"|"Walker-Erickson"|"2011-04-13"
"13a05dff-25b5-42a6-bfb8-5b8433b46dc0"|"Wendy"|"Williams"|"F"|"671 Smith Ranch Suite 211"|"346.476.7091"|"Copy"|"James Group"|"1961-10-22"
"8f2965ba-5219-4ec0-8dcf-940a404ee78b"|"Mario"|"Andrews"|"M"|"296 Weeks Meadow Suite 683"|"360-609-1146x093"|"Paramedic"|"Reynolds LLC"|"1932-10-31"
"934b38ee-3c54-4df1-ac59-132187f88247"|"Virginia"|"Holmes"|"F"|"305 Robinson Highway"|"4002264846"|"Engineer, site"|"Brown, Escobar and Robinson"|"1979-08-06"
"fa3b42a6-75eb-4ad7-8241-8a8c80f15fd0"|"Chad"|"Burke"|"M"|"945 Martin Field"|"606.846.3598"|"Podiatrist"|"Doyle-Taylor"|"2019-07-12"
"09b4c07d-07a8-4f67-9a4e-a0ac11d1064f"|"Erica"|"Shelton"|"F"|"345 Weeks Meadow Suite 683"|"734.425.0476x7351"|"Arts development officer"|"Mckee-Williams"|"1961-10-25"
"05442c0c-a445-4d58-a840-d664ed9e1ff5"|"Kevin"|"Good"|"M"|"13 Michelle Isle Apt. 431"|"725-776-8994x03822"|"Homeopath"|"Gregory PLC"|"1962-01-17"
"ef597f9a-b3bd-43e5-bb62-b0ac0fa88d1a"|"John"|"Wilson"|"M"|"872 Daniel Plaza"|"001-974-674-9664x85652"|"Investment analyst"|"Morrison-Best"|"1950-04-15"
"ba26dce2-ca65-454f-9fad-6cdf9a1c5847"|"Leslie"|"Gonzalez"|"F"|"582 Banks Curve Apt. 123"|"001-903-986-5330x3080"|"Chief Marketing Officer"|"Campbell LLC"|"1924-03-09"
"6dd56151-c474-4708-88ef-e27b7c1ab31d"|"Jamie"|"Conway"|"F"|"260 King Land"|"215-975-3387"|"Engineer, maintenance (IT)"|"Orr-Clarke"|"1926-10-04"
"39280072-62d3-4e32-bfe6-a5789c8468d5"|"Charles"|"Andrews"|"M"|"539 Aimee Circles"|"5766678187"|"Medical sales representative"|"Castillo, Salazar and Ballard"|"1996-11-12"
"e9f3f571-bd94-4c44-98f0-ffac1658f1f6"|"Catherine"|"Peterson"|"F"|"322 Anderson Parkways"|"576-860-7099"|"Research scientist (life sciences)"|"Munoz, Lewis and Mccullough"|"1943-06-14"
"1cd7698a-ffd8-435f-87b8-d6e5512e32c7"|"Lauren"|"Parker"|"F"|"159 Wyatt Pike Suite 863"|"285-900-9317"|"Therapeutic radiographer"|"Griffin, Johnson and James"|"2013-10-09"
"03d9a931-c8ae-4278-a5c5-f1ab323282b5"|"Michelle"|"Reyes"|"F"|"715 Donald Village Apt. 289"|"(285)617-9521x295"|"Chief of Staff"|"Smith-Zimmerman"|"1946-06-20"
"d1e83007-e2ca-4a6f-b464-8c5f302ec297"|"Robert"|"Hayden"|"M"|"844 Montoya Walk Apt. 578"|"914.660.0929"|"Environmental health practitioner"|"Higgins, Payne and Jones"|"1915-05-17"
"4b9cd79f-26cc-44a2-86d6-867938d0de81"|"Antonio"|"Drake"|"M"|"781 Garcia Road Suite 143"|"960-784-9167x0901"|"Land/geomatics surveyor"|"Miller Inc"|"2000-08-13"
"76581690-28bd-4c82-9c89-274f61a44e73"|"Patricia"|"Morrison"|"F"|"87 Moore Crossroad Apt. 549"|"001-519-227-9293x206"|"Insurance claims handler"|"Scott, Mills and Miller"|"1934-02-07"
"f34ffaa4-c488-4c33-a043-88eb7c6a55cf"|"Monica"|"Roberts"|"F"|"920 Rachel Pine"|"001-211-329-6056x8786"|"Designer, interior/spatial"|"Campbell PLC"|"1975-10-20"
"a760baad-0970-4899-b299-e3cc0c2f9db9"|"Claire"|"Lee"|"F"|"919 Jonathan Place"|"439.737.4072x42526"|"Radio broadcast assistant"|"Weaver, Buck and Hudson"|"1971-01-19"
"30f6c08d-ce53-4c69-8faa-847648dbcd8c"|"Maria"|"Skinner"|"F"|"139 Parks Trace Suite 497"|"7873481889"|"Consulting civil engineer"|"Hansen, Jones and Craig"|"1934-11-25"
"fd41e6fe-e9b2-47f2-92ca-be163b752a71"|"Kristen"|"Cunningham"|"F"|"737 Jeffery Isle"|"286.354.1390x4411"|"Psychiatric nurse"|"Garcia-Clark"|"1936-01-07"
"5f2b4454-d71a-48ca-8ea8-5f101503210d"|"Randy"|"Lynch"|"M"|"769 Quinn Divide"|"(215)725-2845x6765"|"Insurance claims handler"|"Jordan Ltd"|"1962-04-17"
"9ddf8a0e-bf05-48ca-89d8-d57ede3301ff"|"Lauren"|"Green"|"F"|"453 Oneal Underpass"|"496-552-2963"|"IT technical support officer"|"Adams, Huffman and Moody"|"2012-07-11"
"bb8b11b5-95ba-4e20-99f9-cc7adddf0bc9"|"Tiffany"|"Buchanan"|"F"|"286 Jeffery Isle"|"502-701-5455x33348"|"Outdoor activities/education manager"|"Aguirre, Haas and Williams"|"2007-07-09"
"22a869db-7e07-49e3-8f4c-67719ac6c877"|"Jennifer"|"Franklin"|"F"|"812 Tiffany Gateway"|"529-816-8604"|"Food technologist"|"Spence LLC"|"1993-06-20"
"9aa1bc8f-3de2-4886-a683-aeab5eaa8dc5"|"Kenneth"|"Morrison"|"M"|"540 Thomas Wall Suite 035"|"001-620-284-7142x991"|"Media buyer"|"Austin-Campbell"|"1956-07-23"
"4022a733-808d-4bb6-a5d8-1bfebea80919"|"James"|"Mitchell"|"M"|"706 Bruce View Suite 976"|"970.622.3975x592"|"Hotel manager"|"Rollins Ltd"|"1958-01-27"
"465c1db7-6b92-4b6d-b4e8-3c5f08ebac0a"|"Joel"|"Hanson"|"M"|"857 Rosario Loop"|"(732)874-1646x42488"|"Emergency planning/management officer"|"Taylor PLC"|"1972-04-20"
"94334a0f-9ed8-43e1-8f3b-d2dbe3b41ffc"|"Mary"|"Robbins"|"F"|"968 Ross Camp Apt. 134"|"957-677-9152x158"|"Secondary school teacher"|"Jones, Mason and Mckinney"|"2001-04-28"
"cc9d3af1-9133-41f0-b291-1586595f69e8"|"James"|"Ryan"|"M"|"271 Donald Village Apt. 289"|"(570)302-4633"|"Multimedia specialist"|"White-Decker"|"1984-10-07"
"29a02e8b-9d09-40a7-a345-5a632692f16a"|"George"|"Barnett"|"M"|"714 Newton Wall"|"+1-963-721-2721x8416"|"Chiropodist"|"Harris, Shields and Lowe"|"1924-11-05"
"09ffb244-12de-480d-a6f0-f91e5e0168e0"|"Nancy"|"Hooper"|"F"|"999 Rosario Loop"|"633.579.6475x9611"|"Risk analyst"|"Harrison-Lester"|"2011-10-03"
"f59a53cc-6760-4121-a715-6ab4befe3d61"|"Jason"|"Norman"|"M"|"7 Michelle Isle Apt. 431"|"439.478.4617x97118"|"Market researcher"|"Blevins LLC"|"1953-08-30"
"650e2d54-b02d-40b3-bb63-139a62e1859c"|"Brian"|"Terry"|"M"|"318 Douglas Springs"|"307.975.4140"|"Technical sales engineer"|"Brown, Gonzales and Villarreal"|"2004-02-15"
"528daed6-d7c7-4c94-a77c-5a784b1f6247"|"Dustin"|"Henderson"|"M"|"433 Jeffrey Run"|"001-459-648-4001x7584"|"Chief Marketing Officer"|"Ramirez LLC"|"1930-06-15"
"220aaa92-4745-4015-a0c3-c5fffe684265"|"William"|"Terry"|"M"|"768 Monica Burgs Suite 695"|"7653584242"|"Scientist, forensic"|"Mcbride, Rogers and Clark"|"1922-09-07"
"6299724c-e4d7-460b-9d35-462ec7b66193"|"Kyle"|"Long"|"M"|"558 Alexis Run Suite 764"|"452.913.1700x279"|"Personal assistant"|"Thomas, Brown and Montoya"|"1931-03-27"
"0bed0f10-2245-4611-b873-a1794e3d1fb9"|"Matthew"|"Arnold"|"M"|"642 David Course Apt. 455"|"(464)555-7307"|"Education officer, community"|"Roberts-Garner"|"2011-07-27"
"e924cb7b-26b2-40b6-8a71-5738d604e3ef"|"Amy"|"Ruiz"|"F"|"647 Michelle Isle Apt. 431"|"7025011569"|"Contractor"|"Schwartz-Blake"|"1994-12-01"
"75fb5f5f-2344-457c-a516-714a10256565"|"Stephanie"|"Shelton"|"F"|"138 Nelson Estate"|"+1-681-575-8146"|"Cabin crew"|"Roach-Martin"|"2021-03-15"
"9ad7d62a-2e85-4c71-a410-4a9379857219"|"Janet"|"Patton"|"F"|"273 Gabriel Hill Apt. 094"|"596.869.3118"|"Designer, furniture"|"Taylor Group"|"1941-12-29"
"fcea2d5b-6c5e-4527-8008-882c4d2ccf46"|"Thomas"|"Reyes"|"M"|"286 Brian Course"|"(588)644-3933"|"Medical technical officer"|"Landry-White"|"1993-12-22"
"51b729f0-4ac5-4b5e-a71c-81902d2a5ce5"|"Luis"|"Willis"|"M"|"341 Anderson Parkways"|"+1-407-449-3892"|"Early years teacher"|"Barnes LLC"|"2023-03-09"
"ffb55a9d-9216-4fbb-81cc-ecc738f97c04"|"Wendy"|"King"|"F"|"261 Pham Ports"|"+1-943-448-6762x53768"|"Insurance account manager"|"Johnson, Gilmore and Scott"|"1984-03-12"
"3510586b-b008-432e-98b8-db0cd0e03a67"|"Gloria"|"Daniels"|"F"|"208 Arnold Cliffs"|"811-573-2365"|"Metallurgist"|"Compton, Hickman and Perez"|"1925-06-29"
"2ac95c54-0202-486d-8626-1f74731b0e1e"|"Anna"|"Rivera"|"F"|"977 Thomas Ford"|"+1-991-624-4879x9708"|"Administrator, local government"|"Page LLC"|"1992-06-12"
"23d0130a-a10e-4a07-aec4-577cbc7e7ede"|"Joshua"|"Anderson"|"M"|"876 Quinn Divide"|"+1-699-459-1961x25596"|"Landscape architect"|"Edwards-Dawson"|"1993-03-27"
"ea4a7bfa-1e60-4758-b609-9bdf1c904f32"|"Mary"|"Perez"|"F"|"104 Castillo Underpass Apt. 535"|"001-781-309-6328x2797"|"Sports coach"|"Peterson-Benjamin"|"1955-03-16"
"9c9e871e-81bd-456f-98d6-1c9af2085159"|"Michelle"|"Hall"|"F"|"666 Pham Ports"|"001-511-542-9400"|"Engineer, materials"|"Zuniga LLC"|"1966-03-22"
"b80ca091-d5f6-4541-8779-0138f7669744"|"Aaron"|"Gomez"|"M"|"814 Charles Extension Apt. 046"|"(407)544-6301x089"|"Osteopath"|"Gibson, Weber and Murphy"|"2006-09-01"
"d82104e3-b0a8-4c16-bf54-316785b943a5"|"Robin"|"Morrison"|"F"|"645 Wilson Locks Apt. 694"|"402.252.3711x3047"|"Tour manager"|"Maxwell-Wells"|"1953-03-29"
"c24e16c0-be68-44f7-a7b8-6cdd327d3a51"|"Rebecca"|"Wilson"|"F"|"203 Moore Crossroad Apt. 549"|"001-676-407-1123x62523"|"Surveyor, mining"|"Daniels, Flores and Bartlett"|"2001-10-09"
"d5d3eaf8-8445-40c2-8a8b-a3124111cfb0"|"Wendy"|"Rhodes"|"F"|"274 Evans Ports Suite 383"|"+1-850-721-7335x59140"|"Engineer, chemical"|"Garner LLC"|"2022-03-17"
"c152e649-d12f-4f51-8553-4a367dc3f068"|"Mark"|"Espinoza"|"M"|"911 Jordan Vista Apt. 756"|"001-627-925-7411x7328"|"Lecturer, further education"|"Stewart, Mcclure and Anderson"|"1928-11-21"
"eb588a90-f068-4584-b495-39cfc7cc0865"|"Amber"|"Smith"|"F"|"993 Matthew Valleys Suite 832"|"498.304.9617"|"Merchandiser, retail"|"Santiago and Sons"|"1942-11-23"
"34bd681e-bc7b-4f9e-bb08-e4892fe8e58d"|"Victor"|"Mejia"|"M"|"951 Weeks Meadow Suite 683"|"5922368363"|"Aeronautical engineer"|"Douglas, Weaver and Friedman"|"1973-11-19"
"b042a043-5b7a-4438-84ee-8a08e38a51c2"|"Todd"|"Perez"|"M"|"828 Newton Wall"|"284-895-5096x960"|"Actuary"|"Anthony, Woodward and Long"|"1977-11-15"