<?xml version="1.0" encoding="UTF-8" ?><automobiles><automobile><person_id>ef7e634f-f2fc-41d7-8513-b3dc41efa207</person_id><license_plate>903 JLA</license_plate><vin>5MHCAAEEXSANWUJE3</vin><color>DarkViolet</color><year>1999</year></automobile><automobile><person_id>6203d6cf-f6c1-46b4-b97c-117f725c98cb</person_id><license_plate>13U 4359</license_plate><vin>0C3JJBSW5YPY1HEME</vin><color>SandyBrown</color><year>1984</year></automobile><automobile><person_id>6203d6cf-f6c1-46b4-b97c-117f725c98cb</person_id><license_plate>81J Q72</license_plate><vin>DZMNULWB04XS4TYMT</vin><color>MediumTurquoise</color><year>1982</year></automobile><automobile><person_id>68b3dd42-22d1-4012-86b7-7e237ff531ef</person_id><license_plate>I94-JUP</license_plate><vin>BZHN48DP9MJRMMPW2</vin><color>Beige</color><year>2011</year></automobile><automobile><person_id>c9a20d6b-6a6b-4543-adb1-5539b44194dd</person_id><license_plate>6797</license_plate><vin>454CJWFE1EFW38R00</vin><color>LightSlateGray</color><year>1993</year></automobile><automobile><person_id>fff616b7-a86b-4041-b4b7-fc7d0417abfa</person_id><license_plate>KSI6968</license_plate><vin>HSCY46VEX8RYPD2LR</vin><color>Green</color><year>1993</year></automobile><automobile><person_id>fff616b7-a86b-4041-b4b7-fc7d0417abfa</person_id><license_plate>JHH0066</license_plate><vin>RXYUL945919Z6XMDM</vin><color>Purple</color><year>2005</year></automobile><automobile><person_id>fff616b7-a86b-4041-b4b7-fc7d0417abfa</person_id><license_plate>73E F99</license_plate><vin>BCXAPAGC8L0SGFA0R</vin><color>MediumBlue</color><year>1986</year></automobile><automobile><person_id>f7adb50a-ab7f-438f-84a2-2ad327ab1383</person_id><license_plate>BX8 3327</license_plate><vin>P6LBYPXX298Z75FZR</vin><color>IndianRed</color><year>2007</year></automobile><automobile><person_id>6a15007c-04ac-4a9f-9a9b-178a02ef06be</person_id><license_plate>Y08 0TY</license_plate><vin>AT9P88UR42BMNFPDE</vin><color>DarkKhaki</color><year>1997</year></automobile><automobile><person_id>6a15007c-04ac-4a9f-9a9b-178a02ef06be</person_id><license_plate>7H EW098</license_plate><vin>FCTZY97D950K647YK</vin><color>LightCyan</color><year>1994</year></automobile><automobile><person_id>fe8d31fc-5086-48c4-af42-54a795b89609</person_id><license_plate>09-5838E</license_plate><vin>Y4RTTZKT3ZYW62K54</vin><color>Beige</color><year>2019</year></automobile><automobile><person_id>fe8d31fc-5086-48c4-af42-54a795b89609</person_id><license_plate>CT 70741</license_plate><vin>G69Y2MNB5HWEU86RN</vin><color>PaleGreen</color><year>1975</year></automobile><automobile><person_id>fc94093d-f2b6-447b-a0bb-5815f3a7b40d</person_id><license_plate>KLB 759</license_plate><vin>D1AWLJRP6G1S5FNUP</vin><color>Brown</color><year>1971</year></automobile><automobile><person_id>fc94093d-f2b6-447b-a0bb-5815f3a7b40d</person_id><license_plate>M12-57V</license_plate><vin>S26RK8YZ5VJWEFUL8</vin><color>Sienna</color><year>1999</year></automobile><automobile><person_id>90be4fec-6586-42e3-8e56-fa20232a64fe</person_id><license_plate>7G BX882</license_plate><vin>SC2750RP61HD0SUW5</vin><color>SlateBlue</color><year>1991</year></automobile><automobile><person_id>0fe63e8c-ade7-4105-8247-4a6d56c29a0d</person_id><license_plate>HWD 526</license_plate><vin>RHKH3S6VXM63EDJYR</vin><color>FloralWhite</color><year>2004</year></automobile><automobile><person_id>0fe63e8c-ade7-4105-8247-4a6d56c29a0d</person_id><license_plate>7Y096</license_plate><vin>T1FAKA887RJ0Y7PLS</vin><color>Gray</color><year>1995</year></automobile><automobile><person_id>e87bfce2-74b6-4be0-b256-06fcabd5e296</person_id><license_plate>50M TF3</license_plate><vin>SX4SF2DC19TZXS9XU</vin><color>BlanchedAlmond</color><year>2001</year></automobile><automobile><person_id>e87bfce2-74b6-4be0-b256-06fcabd5e296</person_id><license_plate>HCY 991</license_plate><vin>HHE583NS4S9A7SUCJ</vin><color>SkyBlue</color><year>1999</year></automobile><automobile><person_id>286e392b-e119-4bc7-9aae-a315e55a1467</person_id><license_plate>264-GFO</license_plate><vin>WHG3PX3T2V1JE0C8K</vin><color>DarkTurquoise</color><year>2014</year></automobile><automobile><person_id>286e392b-e119-4bc7-9aae-a315e55a1467</person_id><license_plate>677 SRW</license_plate><vin>TU0B3K798KZAP1YCA</vin><color>Sienna</color><year>1975</year></automobile><automobile><person_id>286e392b-e119-4bc7-9aae-a315e55a1467</person_id><license_plate>6-82388</license_plate><vin>06RPS2KV24BKS5FAP</vin><color>MediumPurple</color><year>2002</year></automobile><automobile><person_id>40e3e523-58d3-44ac-888a-63b013e4eecc</person_id><license_plate>2OE9138</license_plate><vin>JJMUK9F92VXY9GF1T</vin><color>DarkBlue</color><year>1993</year></automobile><automobile><person_id>40e3e523-58d3-44ac-888a-63b013e4eecc</person_id><license_plate>MKA 497</license_plate><vin>JA2LPJTE1998R5DS1</vin><color>SlateGray</color><year>2000</year></automobile><automobile><person_id>40e3e523-58d3-44ac-888a-63b013e4eecc</person_id><license_plate>714-DTK</license_plate><vin>9BFJU81384RGKC7LC</vin><color>Silver</color><year>1988</year></automobile><automobile><person_id>976e7c50-cf63-43be-825f-74b1ed7a18ac</person_id><license_plate>TL 7831</license_plate><vin>7J2AS2TM1JE2RF2FZ</vin><color>MediumOrchid</color><year>1998</year></automobile><automobile><person_id>99887aa3-5bbc-4fad-8632-6311f7d0acbb</person_id><license_plate>STZ7234</license_plate><vin>EZBRBYAGXH8K2R9BG</vin><color>Teal</color><year>2015</year></automobile><automobile><person_id>99887aa3-5bbc-4fad-8632-6311f7d0acbb</person_id><license_plate>628 YNI</license_plate><vin>6R1SH80VX4ZGZ51TW</vin><color>LightSalmon</color><year>2004</year></automobile><automobile><person_id>88bee4bc-d69e-40f5-9188-8cd64e33cbb8</person_id><license_plate>HSA 656</license_plate><vin>ANS14XXR0JBNGLS8A</vin><color>DarkOrange</color><year>1978</year></automobile><automobile><person_id>08717174-dc86-409b-b6af-8ba8aa512eff</person_id><license_plate>747-QKC</license_plate><vin>KSLVHEUP2E16A4709</vin><color>Crimson</color><year>1993</year></automobile><automobile><person_id>08717174-dc86-409b-b6af-8ba8aa512eff</person_id><license_plate>31-07677</license_plate><vin>1LGAU2G79BZF3DNN9</vin><color>Brown</color><year>1998</year></automobile><automobile><person_id>08717174-dc86-409b-b6af-8ba8aa512eff</person_id><license_plate>7145 LE</license_plate><vin>9NPE879K12AH57G85</vin><color>GhostWhite</color><year>1994</year></automobile><automobile><person_id>cc0fb551-6821-4486-822d-39baace7e197</person_id><license_plate>K18 3RD</license_plate><vin>0LUDRJ4J6LGAR1T92</vin><color>Green</color><year>2002</year></automobile><automobile><person_id>4638b88a-5324-426d-ac2b-beac8cc46abc</person_id><license_plate>5Q840</license_plate><vin>28STZY3Z89C02WDE2</vin><color>MediumAquaMarine</color><year>2009</year></automobile><automobile><person_id>4638b88a-5324-426d-ac2b-beac8cc46abc</person_id><license_plate>783 DDK</license_plate><vin>H6YCR7XZXWRWZ8D1K</vin><color>LightCoral</color><year>2007</year></automobile><automobile><person_id>9e80fe90-cb7c-49ac-95a7-7596012cc50f</person_id><license_plate>70V 803</license_plate><vin>FN2C9ZN282M9M247L</vin><color>Green</color><year>1999</year></automobile><automobile><person_id>9e80fe90-cb7c-49ac-95a7-7596012cc50f</person_id><license_plate>88-FO02</license_plate><vin>BE20XXT09LE1341P9</vin><color>SkyBlue</color><year>1976</year></automobile><automobile><person_id>9e80fe90-cb7c-49ac-95a7-7596012cc50f</person_id><license_plate>888-YOA</license_plate><vin>9H66H1A55JHPZW3T7</vin><color>AliceBlue</color><year>1970</year></automobile><automobile><person_id>5d89f398-3aba-408f-ba4d-5a8eb7058efa</person_id><license_plate>202-YAY</license_plate><vin>P7PKKM9FXSNB086XY</vin><color>MediumOrchid</color><year>1997</year></automobile><automobile><person_id>2edaac78-062c-49da-86a7-b6d2c9e4a18c</person_id><license_plate>147HAP</license_plate><vin>LW6KVVBKXXYKKBNCV</vin><color>Bisque</color><year>2001</year></automobile><automobile><person_id>80a611fe-7143-42e6-803a-14175b36354f</person_id><license_plate>LPJ 393</license_plate><vin>WTE4CN074519P39YL</vin><color>DimGray</color><year>1996</year></automobile><automobile><person_id>80a611fe-7143-42e6-803a-14175b36354f</person_id><license_plate>362 NA2</license_plate><vin>JXPWP9P5096DHJNGZ</vin><color>DarkBlue</color><year>2020</year></automobile><automobile><person_id>5068a04e-4f5f-4f7e-9622-9478f50ada26</person_id><license_plate>3-Y9439</license_plate><vin>4UVUGGEL7NUHNTRL7</vin><color>Olive</color><year>2001</year></automobile><automobile><person_id>cdc3742c-d9df-4540-9e17-29b9974953d7</person_id><license_plate>149RZT</license_plate><vin>R3NZ5TL85HU0BY0F5</vin><color>DarkSlateGray</color><year>2023</year></automobile><automobile><person_id>0fe0453b-850c-4ed2-9754-2014a4784239</person_id><license_plate>20UN7</license_plate><vin>0TLEUHV34RFHP6GGH</vin><color>PaleTurquoise</color><year>1987</year></automobile><automobile><person_id>0fe0453b-850c-4ed2-9754-2014a4784239</person_id><license_plate>9EVT 58</license_plate><vin>EB8WLKNS7JZJVMSL1</vin><color>Purple</color><year>1982</year></automobile><automobile><person_id>7e4efa4e-3c0b-47b7-926b-062c8c2d51b3</person_id><license_plate>088 GMV</license_plate><vin>8NUXSJS41UFU5FUJK</vin><color>Khaki</color><year>2005</year></automobile><automobile><person_id>7e4efa4e-3c0b-47b7-926b-062c8c2d51b3</person_id><license_plate>12-93060</license_plate><vin>7AWXGBCM1DE53N5RK</vin><color>SkyBlue</color><year>1987</year></automobile><automobile><person_id>afced60d-a34d-4fb8-a1dc-d2bfe2bccbfd</person_id><license_plate>680 FRM</license_plate><vin>M41NA80C2ZUZZLN5A</vin><color>OldLace</color><year>2004</year></automobile><automobile><person_id>afced60d-a34d-4fb8-a1dc-d2bfe2bccbfd</person_id><license_plate>ZHO 792</license_plate><vin>JKGLAF4B20TS9DYWM</vin><color>MediumVioletRed</color><year>1985</year></automobile><automobile><person_id>afced60d-a34d-4fb8-a1dc-d2bfe2bccbfd</person_id><license_plate>112-967</license_plate><vin>N87PXTRW7C1RBAV2Z</vin><color>HoneyDew</color><year>2001</year></automobile><automobile><person_id>d1dbc5ec-e230-4a8c-8a35-5d3959806f5a</person_id><license_plate>KFS 548</license_plate><vin>XWSC36H21X81VC7WX</vin><color>IndianRed</color><year>2021</year></automobile><automobile><person_id>d1dbc5ec-e230-4a8c-8a35-5d3959806f5a</person_id><license_plate>89-7458N</license_plate><vin>N4LVS4H5XWD8RYP14</vin><color>Silver</color><year>2017</year></automobile><automobile><person_id>7d5e3f1f-76dd-4a2c-942d-0b66c237e71b</person_id><license_plate>03A•394</license_plate><vin>E94AFRSD5P89F3BSR</vin><color>Navy</color><year>2013</year></automobile><automobile><person_id>1b1fde24-b53c-41a6-bb57-bdb5b1af7f31</person_id><license_plate>05C•614</license_plate><vin>A97JMS286LKKW9HTN</vin><color>OliveDrab</color><year>1975</year></automobile><automobile><person_id>1b1fde24-b53c-41a6-bb57-bdb5b1af7f31</person_id><license_plate>158-WNC</license_plate><vin>WXC6YWAK2X1N9YHX8</vin><color>SaddleBrown</color><year>1986</year></automobile><automobile><person_id>6afa8162-7ec4-4525-8772-e188a60409a5</person_id><license_plate>DSX 566</license_plate><vin>G0ECT35U8CZ6WA1D6</vin><color>DeepPink</color><year>1994</year></automobile><automobile><person_id>7dba7657-2b82-410e-89de-5a7e9b35e07d</person_id><license_plate>448X2</license_plate><vin>TL4PL60T9TWV57HP1</vin><color>LightSeaGreen</color><year>1981</year></automobile><automobile><person_id>b26113fe-ea08-4170-9282-2e0da1616026</person_id><license_plate>LUO 954</license_plate><vin>MD5M2PY36TNTLHG3W</vin><color>OldLace</color><year>1970</year></automobile><automobile><person_id>b26113fe-ea08-4170-9282-2e0da1616026</person_id><license_plate>798-IMJ</license_plate><vin>UM18ECV68Z1LGHJGK</vin><color>Tomato</color><year>2017</year></automobile><automobile><person_id>458dc2ae-3eb3-4541-ba89-3ff23ebd1ab3</person_id><license_plate>875 2LB</license_plate><vin>W42NER0S5V85EP6W7</vin><color>Bisque</color><year>2019</year></automobile><automobile><person_id>1e36587e-6cd1-47d2-815d-7efb49d4a396</person_id><license_plate>345 MF5</license_plate><vin>Z5JBA29B8Z3KK0PBA</vin><color>Maroon</color><year>1978</year></automobile><automobile><person_id>1e36587e-6cd1-47d2-815d-7efb49d4a396</person_id><license_plate>30L•037</license_plate><vin>Z6EJWESV2B0YNMMGT</vin><color>Yellow</color><year>2018</year></automobile><automobile><person_id>326d2b6e-d73a-4697-8d4e-7d2612c0acbd</person_id><license_plate>152 4BA</license_plate><vin>CC7P1KKA0NZTU93JT</vin><color>DarkSlateBlue</color><year>1971</year></automobile><automobile><person_id>83737b71-b822-4021-bbe1-ef6aa9e7a9a9</person_id><license_plate>41I O36</license_plate><vin>V55AW7N080FZNZ1L9</vin><color>GoldenRod</color><year>1998</year></automobile><automobile><person_id>83737b71-b822-4021-bbe1-ef6aa9e7a9a9</person_id><license_plate>NJ1 4794</license_plate><vin>RF1BLGRGXA7SXN6DC</vin><color>Orchid</color><year>2001</year></automobile><automobile><person_id>83737b71-b822-4021-bbe1-ef6aa9e7a9a9</person_id><license_plate>444 JKB</license_plate><vin>B8JUULJ41PXV5JNH5</vin><color>Azure</color><year>1995</year></automobile><automobile><person_id>0e1f5d48-2bb1-45fb-9b46-01a907d6f546</person_id><license_plate>764-JCA</license_plate><vin>94USHKMZ8RKPN0B7T</vin><color>MediumBlue</color><year>2013</year></automobile><automobile><person_id>49c889a1-61ce-4524-8c36-64f9c6438608</person_id><license_plate>T45 6EE</license_plate><vin>LBKP48K76LRNLXV12</vin><color>PapayaWhip</color><year>1996</year></automobile><automobile><person_id>e64a0b7b-6fb2-49ca-8612-d43224c5942f</person_id><license_plate>MXA 899</license_plate><vin>NGSYXRT7253VFSG38</vin><color>DimGray</color><year>2017</year></automobile><automobile><person_id>e64a0b7b-6fb2-49ca-8612-d43224c5942f</person_id><license_plate>942-BKW</license_plate><vin>NUBR6U1K1NNN1GF9A</vin><color>Gray</color><year>1981</year></automobile><automobile><person_id>3deb6a88-566f-4b6e-9288-bb8fe4e33957</person_id><license_plate>ZU8 1061</license_plate><vin>G166C86S4ZND1GFAM</vin><color>DarkSlateBlue</color><year>2013</year></automobile><automobile><person_id>2ef835cc-1bbe-4357-8e66-6237ed30ffaf</person_id><license_plate>VW5 I5O</license_plate><vin>FMB2T5P45RKB91DVV</vin><color>SteelBlue</color><year>2014</year></automobile><automobile><person_id>2ef835cc-1bbe-4357-8e66-6237ed30ffaf</person_id><license_plate>71V Q43</license_plate><vin>4AV4ZN4U8EPB5VWFB</vin><color>PapayaWhip</color><year>1971</year></automobile><automobile><person_id>b1800a72-add9-4580-abde-71c278ac8da9</person_id><license_plate>M73 0ZO</license_plate><vin>N00KBH4047W4FGMXM</vin><color>BlanchedAlmond</color><year>1985</year></automobile><automobile><person_id>b1800a72-add9-4580-abde-71c278ac8da9</person_id><license_plate>QJB3926</license_plate><vin>34F9SWSP98E5DBLHV</vin><color>Chartreuse</color><year>1994</year></automobile><automobile><person_id>5f1b333e-2f45-441a-9541-f8a23c97c1ec</person_id><license_plate>ZZC 326</license_plate><vin>MYLLS7GU1982JD5VL</vin><color>PaleVioletRed</color><year>2002</year></automobile><automobile><person_id>1e2c0dda-8df4-4797-aaba-fd6b23af1566</person_id><license_plate>808 CVV</license_plate><vin>17V81UNW9BMEHUPF2</vin><color>LightCyan</color><year>1994</year></automobile><automobile><person_id>1e2c0dda-8df4-4797-aaba-fd6b23af1566</person_id><license_plate>YZH-2878</license_plate><vin>2PJZ5D9963G8AY6EE</vin><color>Gray</color><year>1996</year></automobile><automobile><person_id>8fb17b3e-8910-44da-9ac0-b5ed95dc16e9</person_id><license_plate>PNH-2299</license_plate><vin>U0XRMA2A6553JSF8G</vin><color>Cyan</color><year>1990</year></automobile><automobile><person_id>7eed732b-03fe-40c5-baff-91cb0cb44c11</person_id><license_plate>OTK 8811</license_plate><vin>SKA42XJM1KM7WP023</vin><color>Crimson</color><year>1980</year></automobile><automobile><person_id>7eed732b-03fe-40c5-baff-91cb0cb44c11</person_id><license_plate>220 SON</license_plate><vin>DTBTUJN52UVYEH288</vin><color>DarkSalmon</color><year>2012</year></automobile><automobile><person_id>71430be0-b6e3-4f3e-b87f-a0a41044dfa2</person_id><license_plate>8P 02765</license_plate><vin>1E3MLN4E0TYC675MK</vin><color>SeaShell</color><year>2018</year></automobile><automobile><person_id>71430be0-b6e3-4f3e-b87f-a0a41044dfa2</person_id><license_plate>4QUZ703</license_plate><vin>LGZ91C0A0LU7FHZH6</vin><color>Moccasin</color><year>1990</year></automobile><automobile><person_id>c19787d4-0e9f-4053-96f7-b71839105537</person_id><license_plate>288 FIV</license_plate><vin>UW99B04W4K6N63FVB</vin><color>LightGreen</color><year>2017</year></automobile><automobile><person_id>c19787d4-0e9f-4053-96f7-b71839105537</person_id><license_plate>FYV8139</license_plate><vin>0Z0ZMBHB2S4ZR67YY</vin><color>Olive</color><year>1978</year></automobile><automobile><person_id>6b3399d8-fcdc-49ff-a382-3b8b53699e65</person_id><license_plate>4TY 031</license_plate><vin>MEX5MPVU5SA03NZ2P</vin><color>Indigo</color><year>2008</year></automobile><automobile><person_id>6b3399d8-fcdc-49ff-a382-3b8b53699e65</person_id><license_plate>19-47210</license_plate><vin>63EWSBPZ1P8BAKM2K</vin><color>PaleGreen</color><year>2003</year></automobile><automobile><person_id>8b54d173-dae0-49ad-bc86-7ef01c51ba17</person_id><license_plate>Y30-AAJ</license_plate><vin>AURZRXAS7WG5NMG2B</vin><color>Blue</color><year>2019</year></automobile><automobile><person_id>8b54d173-dae0-49ad-bc86-7ef01c51ba17</person_id><license_plate>D50 5WI</license_plate><vin>W0RJ34R26L1LD6WLJ</vin><color>DarkRed</color><year>2018</year></automobile><automobile><person_id>c5fada1f-acb0-4f3d-bf45-a0aefa39233f</person_id><license_plate>PAE-5155</license_plate><vin>EPX20MFR4PBDT77ZR</vin><color>MidnightBlue</color><year>2019</year></automobile><automobile><person_id>ddd16a54-2882-4aa6-aab8-39ab9c005d9e</person_id><license_plate>13Q OG8</license_plate><vin>AA7F992H81F2XVGTT</vin><color>MediumSeaGreen</color><year>2011</year></automobile><automobile><person_id>a6fe273b-bf69-484b-b710-d3f85fbb36eb</person_id><license_plate>36-H415</license_plate><vin>WK0PW14N09BYBX5D2</vin><color>Linen</color><year>2016</year></automobile><automobile><person_id>a6fe273b-bf69-484b-b710-d3f85fbb36eb</person_id><license_plate>53N S93</license_plate><vin>3WK0XZXJ4GLUZ8ZRB</vin><color>LightBlue</color><year>1980</year></automobile><automobile><person_id>7045d33d-caad-436a-a198-d984dff11ff2</person_id><license_plate>949LOI</license_plate><vin>2UFZ3CAD7RR3CCX3S</vin><color>DarkOrchid</color><year>1970</year></automobile><automobile><person_id>450ec30c-fe1b-4697-be93-c4f96b5a12b4</person_id><license_plate>917 QT8</license_plate><vin>XZHZY1XE5E0J5K02P</vin><color>Gold</color><year>2006</year></automobile><automobile><person_id>450ec30c-fe1b-4697-be93-c4f96b5a12b4</person_id><license_plate>964VTN</license_plate><vin>UVN0MXX87KMMD17ZJ</vin><color>LightBlue</color><year>2009</year></automobile><automobile><person_id>c1cfad3f-5926-4d4f-94bb-fd05afcfe726</person_id><license_plate>EEX-350</license_plate><vin>UW1HVSYW1101FB74Z</vin><color>Pink</color><year>2013</year></automobile><automobile><person_id>6d778fbd-1792-488e-ab5b-fc1e146226b4</person_id><license_plate>HDH 271</license_plate><vin>HHS7C7EK1L39JHX2C</vin><color>LightSalmon</color><year>1986</year></automobile><automobile><person_id>a07615b7-2a79-42bf-bb6e-c68ebb25e913</person_id><license_plate>16E P67</license_plate><vin>3695MBBH1J7G0E05G</vin><color>PaleTurquoise</color><year>2011</year></automobile><automobile><person_id>a07615b7-2a79-42bf-bb6e-c68ebb25e913</person_id><license_plate>817-DRR</license_plate><vin>0VN9WL307F6G0U3M2</vin><color>Salmon</color><year>2012</year></automobile><automobile><person_id>57b355b9-808f-47b2-9a97-69f58349c9ca</person_id><license_plate>466-CJL</license_plate><vin>T0BH3CDT37UXBF10M</vin><color>OrangeRed</color><year>2016</year></automobile><automobile><person_id>57b355b9-808f-47b2-9a97-69f58349c9ca</person_id><license_plate>XCA 360</license_plate><vin>Y3TVU8XB8HS39M9YG</vin><color>SandyBrown</color><year>1975</year></automobile><automobile><person_id>37ca1a9b-d832-4f3e-9e04-088f4d28122e</person_id><license_plate>45-0291Z</license_plate><vin>2627TWHMX9WRCKLSN</vin><color>Chocolate</color><year>2017</year></automobile><automobile><person_id>6f230d4b-0991-4d5b-bdeb-3c50b0e983b5</person_id><license_plate>G99 7OA</license_plate><vin>FYLNKZ9H3CS9FAFH6</vin><color>LightGoldenRodYellow</color><year>1970</year></automobile><automobile><person_id>83a44822-fb47-4f11-97f1-881420728efd</person_id><license_plate>114 HYA</license_plate><vin>CW41F51B3SJW9WAL6</vin><color>Gainsboro</color><year>1998</year></automobile><automobile><person_id>29b8fb4b-acc7-491e-8fcf-7a8ffe8aa2be</person_id><license_plate>767 NBP</license_plate><vin>2BFPHSEG56SDSAV10</vin><color>LightCoral</color><year>1970</year></automobile><automobile><person_id>f9629b0d-9807-4b56-8ec4-4193c59e89a9</person_id><license_plate>8S 00025</license_plate><vin>M58TCZUT6R05KFV65</vin><color>Khaki</color><year>2009</year></automobile><automobile><person_id>f9629b0d-9807-4b56-8ec4-4193c59e89a9</person_id><license_plate>469-UGUJ</license_plate><vin>FM01XG6N9YNNZXF6F</vin><color>Ivory</color><year>2009</year></automobile><automobile><person_id>5005d819-4174-4c68-b501-e819677c5c8d</person_id><license_plate>4A904</license_plate><vin>SC277L8T095AAH8PJ</vin><color>Fuchsia</color><year>2013</year></automobile><automobile><person_id>5005d819-4174-4c68-b501-e819677c5c8d</person_id><license_plate>52I E30</license_plate><vin>WS92R9KF7H1A6D5VY</vin><color>GreenYellow</color><year>1988</year></automobile><automobile><person_id>693c30c8-6bef-4c27-bfbf-0331ed1bf174</person_id><license_plate>72XM695</license_plate><vin>BXVCE4YC3VFU9UCUP</vin><color>LightSeaGreen</color><year>2002</year></automobile><automobile><person_id>693c30c8-6bef-4c27-bfbf-0331ed1bf174</person_id><license_plate>663 ZLP</license_plate><vin>R3ASAYPB2TAHF2CXA</vin><color>DarkSlateGray</color><year>1986</year></automobile><automobile><person_id>9ae7f715-941b-44f4-ae3f-7aa788ac504c</person_id><license_plate>274 6BU</license_plate><vin>VWGTJR02XPE5LAN3S</vin><color>SeaShell</color><year>2005</year></automobile><automobile><person_id>9ae7f715-941b-44f4-ae3f-7aa788ac504c</person_id><license_plate>D 411820</license_plate><vin>HC4XLFBP2CXZYEN5T</vin><color>Magenta</color><year>1998</year></automobile><automobile><person_id>4d2c2fbb-7c2f-4f46-a4f4-75c91a367fa9</person_id><license_plate>318 RHI</license_plate><vin>2GAYXSGC95R48514K</vin><color>Plum</color><year>2018</year></automobile><automobile><person_id>dad777b2-d296-4e1d-95d1-085aa19e063e</person_id><license_plate>156KA</license_plate><vin>XKDSADGG1BTT1VDHS</vin><color>YellowGreen</color><year>2005</year></automobile><automobile><person_id>6f1cbe33-d016-44d4-be1e-5c976b826b45</person_id><license_plate>MBQ 554</license_plate><vin>184KDVJK5NHJES0L4</vin><color>Magenta</color><year>2018</year></automobile><automobile><person_id>dc432173-689a-4494-baf2-2c429367da76</person_id><license_plate>06E 4358</license_plate><vin>UNVDX8PC2JEV5CB64</vin><color>DodgerBlue</color><year>1977</year></automobile><automobile><person_id>dc432173-689a-4494-baf2-2c429367da76</person_id><license_plate>2-R8754</license_plate><vin>N55CEY5N477LRJ4L9</vin><color>LightSteelBlue</color><year>1970</year></automobile><automobile><person_id>6282e68f-3eb5-4419-89cd-b5b8b29fbf53</person_id><license_plate>TY 5448</license_plate><vin>9PXRV7DH5CMLXGM2L</vin><color>Blue</color><year>2000</year></automobile><automobile><person_id>768aa798-5dce-489c-88ac-1acf5fd073f6</person_id><license_plate>MN5 4048</license_plate><vin>PHWXABAY71FFRXMM0</vin><color>LightYellow</color><year>1995</year></automobile><automobile><person_id>768aa798-5dce-489c-88ac-1acf5fd073f6</person_id><license_plate>9OP 853</license_plate><vin>GZZA7EK20L0GRU4UC</vin><color>LightYellow</color><year>1976</year></automobile><automobile><person_id>768aa798-5dce-489c-88ac-1acf5fd073f6</person_id><license_plate>16E 365</license_plate><vin>56TJ8774897VY7WG1</vin><color>Bisque</color><year>2016</year></automobile></automobiles>