<?xml version="1.0" encoding="UTF-8" ?><automobiles><automobile><person_id>bf6c5db4-c6ed-4254-a406-3c0a04498ae4</person_id><license_plate>029-WJD</license_plate><vin>6ZDN699F7N756UCDD</vin><color>Khaki</color><year>1979</year></automobile><automobile><person_id>6eca773d-d4a6-4734-bd39-6169301d265d</person_id><license_plate>STF 242</license_plate><vin>LM263BGH48V4GNBHV</vin><color>MediumVioletRed</color><year>1974</year></automobile><automobile><person_id>6eca773d-d4a6-4734-bd39-6169301d265d</person_id><license_plate>417R3</license_plate><vin>WY2ACYCN4X3T2ZSC8</vin><color>PaleGreen</color><year>2005</year></automobile><automobile><person_id>6eca773d-d4a6-4734-bd39-6169301d265d</person_id><license_plate>750 TEV</license_plate><vin>TNCTZ6H74EL6BJL4Y</vin><color>Olive</color><year>1972</year></automobile><automobile><person_id>8e372fbf-4e3c-4393-828c-7fc35911f8d2</person_id><license_plate>U99-13M</license_plate><vin>XT8996CL65ARW6DB2</vin><color>Aquamarine</color><year>2003</year></automobile><automobile><person_id>8e372fbf-4e3c-4393-828c-7fc35911f8d2</person_id><license_plate>MUC-347</license_plate><vin>R98DHB7P0W289EMPY</vin><color>DarkSalmon</color><year>1999</year></automobile><automobile><person_id>8e372fbf-4e3c-4393-828c-7fc35911f8d2</person_id><license_plate>3ES R40</license_plate><vin>ECSL24VV5N81K4XGG</vin><color>Violet</color><year>2019</year></automobile><automobile><person_id>931ddb04-a6ae-4cde-9c1f-c5ed6dcad17c</person_id><license_plate>748I2</license_plate><vin>1JL655BX950Y1DCCD</vin><color>Peru</color><year>1991</year></automobile><automobile><person_id>931ddb04-a6ae-4cde-9c1f-c5ed6dcad17c</person_id><license_plate>4AL5342</license_plate><vin>FG7RMLL28LG38336H</vin><color>LemonChiffon</color><year>2024</year></automobile><automobile><person_id>d4da4f7f-2665-4afa-bd96-18a987027b00</person_id><license_plate>LZB 6122</license_plate><vin>JM44L63C8KZR4ZYPY</vin><color>LightGreen</color><year>2007</year></automobile><automobile><person_id>15f22ec3-b71b-40a0-883e-bbca374f1401</person_id><license_plate>161 XI8</license_plate><vin>3TSRUS6J155AHS82M</vin><color>GreenYellow</color><year>2007</year></automobile><automobile><person_id>15f22ec3-b71b-40a0-883e-bbca374f1401</person_id><license_plate>354 QN8</license_plate><vin>4UJH4BVS748PG19L2</vin><color>RoyalBlue</color><year>2020</year></automobile><automobile><person_id>e50b8e41-3d86-4956-beb2-e2cd95350a8d</person_id><license_plate>6ZPH733</license_plate><vin>KU2WX1DE229DKBGLJ</vin><color>DarkSeaGreen</color><year>1996</year></automobile><automobile><person_id>1c6fb9df-d51e-4cac-813b-338b6057bdf9</person_id><license_plate>476-TLIA</license_plate><vin>PSAWVFGP2LX74J1BN</vin><color>Salmon</color><year>1983</year></automobile><automobile><person_id>1c6fb9df-d51e-4cac-813b-338b6057bdf9</person_id><license_plate>LZO 605</license_plate><vin>6UBBWF645RP7D0APR</vin><color>OldLace</color><year>2011</year></automobile><automobile><person_id>aecfc969-846a-400f-825b-9cb20deab277</person_id><license_plate>NAC-3142</license_plate><vin>B41RVCNN22S27SWW3</vin><color>Crimson</color><year>2018</year></automobile><automobile><person_id>3aaeab83-db72-4c38-a815-7267ed49796f</person_id><license_plate>IC 1633</license_plate><vin>FVH14KS34KH9L76Z7</vin><color>LemonChiffon</color><year>1986</year></automobile><automobile><person_id>3aaeab83-db72-4c38-a815-7267ed49796f</person_id><license_plate>JJO-984</license_plate><vin>CKWDUDY43T2GDF4PH</vin><color>PaleGoldenRod</color><year>2002</year></automobile><automobile><person_id>3aaeab83-db72-4c38-a815-7267ed49796f</person_id><license_plate>788 FEL</license_plate><vin>G58BNMX58D3NFC5JF</vin><color>Yellow</color><year>1970</year></automobile><automobile><person_id>c8ed40a5-4c91-4af5-bb41-93e0b9e2b615</person_id><license_plate>HLK 222</license_plate><vin>BHHC3SPB36HEUHSUM</vin><color>SaddleBrown</color><year>2001</year></automobile><automobile><person_id>014364e5-73d0-449b-8608-432dd2e345e6</person_id><license_plate>Q34-39O</license_plate><vin>PDENM12B95KU4JH12</vin><color>MediumSlateBlue</color><year>2021</year></automobile><automobile><person_id>7f61fd97-bee3-4fab-9fdf-58207dbf5593</person_id><license_plate>HXS 691</license_plate><vin>65ZB14869X6YLSPT0</vin><color>Red</color><year>1987</year></automobile><automobile><person_id>7f61fd97-bee3-4fab-9fdf-58207dbf5593</person_id><license_plate>BW 47458</license_plate><vin>03HR9W355R4AYHFFS</vin><color>LightCoral</color><year>1999</year></automobile><automobile><person_id>7f61fd97-bee3-4fab-9fdf-58207dbf5593</person_id><license_plate>6-36672</license_plate><vin>37ZW3UK709MECVJ3G</vin><color>Indigo</color><year>2017</year></automobile><automobile><person_id>186b7d6f-c841-4ccd-bd2f-1dbcc9488cbc</person_id><license_plate>33QI8</license_plate><vin>4AX79AET8L3JTH8EJ</vin><color>AntiqueWhite</color><year>2004</year></automobile><automobile><person_id>186b7d6f-c841-4ccd-bd2f-1dbcc9488cbc</person_id><license_plate>966DZZ</license_plate><vin>0LL6Y2DS915BR2RAY</vin><color>LightSlateGray</color><year>1985</year></automobile><automobile><person_id>186b7d6f-c841-4ccd-bd2f-1dbcc9488cbc</person_id><license_plate>ZAF 713</license_plate><vin>WEJX6DKP30N5SJYEK</vin><color>DarkSeaGreen</color><year>2015</year></automobile><automobile><person_id>98111d72-d368-4c84-882b-c2994623e5f9</person_id><license_plate>ITS 440</license_plate><vin>A5E6HE70344ZR92F6</vin><color>Chocolate</color><year>2011</year></automobile><automobile><person_id>dafd366b-7a31-4f19-844c-5fca7588471f</person_id><license_plate>377 5CJ</license_plate><vin>93RGMDP2699FHTFUR</vin><color>Red</color><year>1984</year></automobile><automobile><person_id>ddd3c694-b8b4-451a-9ad6-23d4d2575eb3</person_id><license_plate>0476</license_plate><vin>6MYBCH77XZT1FDDY5</vin><color>MidnightBlue</color><year>1986</year></automobile><automobile><person_id>3f696702-ebb0-42e2-9986-98a899ce51b3</person_id><license_plate>72-GR69</license_plate><vin>V157LH4J0G7GTB03P</vin><color>DarkSeaGreen</color><year>1998</year></automobile><automobile><person_id>fb0ee0a0-2ecd-4e31-9f44-aea803588c44</person_id><license_plate>SFD 2927</license_plate><vin>S37G9VA1229KHJYYM</vin><color>LightBlue</color><year>1992</year></automobile><automobile><person_id>fb0ee0a0-2ecd-4e31-9f44-aea803588c44</person_id><license_plate>884 CLA</license_plate><vin>K1YRK08R21HKPD8SG</vin><color>Tan</color><year>2011</year></automobile><automobile><person_id>eb319fcb-feb6-478c-8258-8beba35feeea</person_id><license_plate>964 2894</license_plate><vin>X7FSFWS23V4NP57JH</vin><color>Purple</color><year>2021</year></automobile><automobile><person_id>eb319fcb-feb6-478c-8258-8beba35feeea</person_id><license_plate>745 LSB</license_plate><vin>L5FUJXG865N016E3R</vin><color>Black</color><year>2024</year></automobile><automobile><person_id>45173cdb-0b56-41b3-8052-96597bd5621a</person_id><license_plate>D70 0EV</license_plate><vin>1MVVEBT71ZX223SR1</vin><color>PowderBlue</color><year>1993</year></automobile><automobile><person_id>60b1e98a-2ac6-4216-ab28-51242caca895</person_id><license_plate>5MJ 581</license_plate><vin>P6H0C8TT8W73G9XWE</vin><color>DarkMagenta</color><year>2022</year></automobile><automobile><person_id>60b1e98a-2ac6-4216-ab28-51242caca895</person_id><license_plate>1-05058Z</license_plate><vin>PCSX6UCU1GDBBU616</vin><color>Indigo</color><year>1980</year></automobile><automobile><person_id>efdb21ab-c1b0-4913-afeb-0ba00115d12d</person_id><license_plate>53-CX91</license_plate><vin>L5GCDGLHX0KF43J6K</vin><color>MediumVioletRed</color><year>2007</year></automobile><automobile><person_id>efdb21ab-c1b0-4913-afeb-0ba00115d12d</person_id><license_plate>T25 9SY</license_plate><vin>L3UTKZ3Y3F8NL3441</vin><color>Ivory</color><year>2002</year></automobile><automobile><person_id>97ee0fb8-8122-4e87-8b90-339e7486a772</person_id><license_plate>VPN 066</license_plate><vin>UUH7BKJD95MDSEF0R</vin><color>DarkViolet</color><year>1974</year></automobile><automobile><person_id>97ee0fb8-8122-4e87-8b90-339e7486a772</person_id><license_plate>415O</license_plate><vin>4V313D11XE6T26XL5</vin><color>Thistle</color><year>2000</year></automobile><automobile><person_id>97ee0fb8-8122-4e87-8b90-339e7486a772</person_id><license_plate>187H</license_plate><vin>UKBZEYDF59CGEPR8T</vin><color>Violet</color><year>1994</year></automobile><automobile><person_id>34188f84-365a-47e7-acd7-157fc39df2ae</person_id><license_plate>129QC</license_plate><vin>685D0J5F2A3W5D9C6</vin><color>OldLace</color><year>1991</year></automobile><automobile><person_id>34188f84-365a-47e7-acd7-157fc39df2ae</person_id><license_plate>370Q0</license_plate><vin>NKAW3P0U0WS3WBW7Z</vin><color>Bisque</color><year>2013</year></automobile><automobile><person_id>b926667a-111f-4923-900d-3b8fdaca1159</person_id><license_plate>6NEZ 34</license_plate><vin>ER32W0731XCXWCDAP</vin><color>DeepPink</color><year>1973</year></automobile><automobile><person_id>11b2df16-891a-4be4-8842-44c7c77c5350</person_id><license_plate>D21-39C</license_plate><vin>PDFTACAH2E05MAK4L</vin><color>HoneyDew</color><year>1988</year></automobile><automobile><person_id>a72ea056-0550-45b2-b2b3-e8d637b885be</person_id><license_plate>3N 4N5RXL</license_plate><vin>XAPBSFRM2PJAMJYPC</vin><color>Moccasin</color><year>1980</year></automobile><automobile><person_id>1d2639e2-551d-435e-884f-a3601999f6d0</person_id><license_plate>PO2 D5A</license_plate><vin>52HNTSA4861Z0W43S</vin><color>CadetBlue</color><year>1980</year></automobile><automobile><person_id>1d2639e2-551d-435e-884f-a3601999f6d0</person_id><license_plate>525-787</license_plate><vin>ZTWDMNPK57J98ZTCH</vin><color>Ivory</color><year>2006</year></automobile><automobile><person_id>be6d69d0-52d0-4023-be7c-c879c8ba9e83</person_id><license_plate>911 9XX</license_plate><vin>WZPZSXLS71SP5V8JU</vin><color>DarkRed</color><year>2020</year></automobile><automobile><person_id>c6e4e7dc-4c40-4c3f-be15-1cb23e88088b</person_id><license_plate>PKN 986</license_plate><vin>VEHPMDPT0JSB9H4Z6</vin><color>Teal</color><year>2021</year></automobile><automobile><person_id>c6e4e7dc-4c40-4c3f-be15-1cb23e88088b</person_id><license_plate>912-YBA</license_plate><vin>7FU4ZUK59KDLM8V6N</vin><color>Fuchsia</color><year>1989</year></automobile><automobile><person_id>187f0a51-a5f2-4dec-a9ce-a2aaeaa717d7</person_id><license_plate>8-3582Z</license_plate><vin>31ZAVMWTXT33UN2EE</vin><color>DarkSlateGray</color><year>2003</year></automobile><automobile><person_id>187f0a51-a5f2-4dec-a9ce-a2aaeaa717d7</person_id><license_plate>UBN-160</license_plate><vin>V02HEBGVXRGUP1YY0</vin><color>PaleGreen</color><year>2004</year></automobile><automobile><person_id>187f0a51-a5f2-4dec-a9ce-a2aaeaa717d7</person_id><license_plate>6BH3592</license_plate><vin>SAVTW47D7YCK9FVMD</vin><color>Sienna</color><year>2021</year></automobile><automobile><person_id>76a1c99e-ad33-4d73-bec1-a1e4b833d156</person_id><license_plate>LLQ 389</license_plate><vin>GGMYMFXB90698UFMU</vin><color>Bisque</color><year>1989</year></automobile><automobile><person_id>76a1c99e-ad33-4d73-bec1-a1e4b833d156</person_id><license_plate>9MHB946</license_plate><vin>YR9KGUFJ80BWU0B96</vin><color>MediumVioletRed</color><year>2007</year></automobile><automobile><person_id>15227e9e-2275-4729-9906-be04c2fe467d</person_id><license_plate>07Z A07</license_plate><vin>4G5BLT2F3KRLA5NXE</vin><color>Chocolate</color><year>1974</year></automobile><automobile><person_id>15227e9e-2275-4729-9906-be04c2fe467d</person_id><license_plate>6-W0417</license_plate><vin>27K1271C3PH1VSUJ4</vin><color>Sienna</color><year>2021</year></automobile><automobile><person_id>cfc6ffc9-e0a4-4e16-9348-de1a82f5bc10</person_id><license_plate>691-QUT</license_plate><vin>DRCP0L7J1DLLY0BJ5</vin><color>LightYellow</color><year>1991</year></automobile><automobile><person_id>888ad8d8-252e-4fdf-902e-0b2d103d4c48</person_id><license_plate>9I F9749</license_plate><vin>W7J4Y4LB5U8LWA4MR</vin><color>Gold</color><year>1984</year></automobile><automobile><person_id>b57fc3ef-777f-40f5-b130-cc1d7048397c</person_id><license_plate>5DJ 148</license_plate><vin>T93UXC8X5U3KUXFNP</vin><color>LightPink</color><year>1978</year></automobile><automobile><person_id>5988da80-a63b-4917-aefb-4016fad19935</person_id><license_plate>249-TCD</license_plate><vin>TCM51MXZ5YY55X2Y9</vin><color>LightSteelBlue</color><year>2006</year></automobile><automobile><person_id>8e9b4099-3180-4203-9275-8a757d010c54</person_id><license_plate>6FD85</license_plate><vin>K332R7TD5DU3HELFM</vin><color>GhostWhite</color><year>2000</year></automobile><automobile><person_id>80d230b9-f84d-40a4-af1d-3e3065d9e676</person_id><license_plate>1RA J91</license_plate><vin>LLVVPJCCXC0CHW8PY</vin><color>LightGoldenRodYellow</color><year>1994</year></automobile><automobile><person_id>80d230b9-f84d-40a4-af1d-3e3065d9e676</person_id><license_plate>BQJ-781</license_plate><vin>7W6KJMKMXU2MDSH3P</vin><color>HotPink</color><year>1993</year></automobile><automobile><person_id>a965f9e1-52e5-44aa-886a-06786dc6b114</person_id><license_plate>587 6995</license_plate><vin>1V8TERNT4YLH403AH</vin><color>LightBlue</color><year>2005</year></automobile><automobile><person_id>a965f9e1-52e5-44aa-886a-06786dc6b114</person_id><license_plate>8WGA173</license_plate><vin>YJ1U6WN5XKJGD2JV1</vin><color>Wheat</color><year>2001</year></automobile><automobile><person_id>a965f9e1-52e5-44aa-886a-06786dc6b114</person_id><license_plate>WZ-1461</license_plate><vin>88ZHCGU605BGBM9LB</vin><color>SeaGreen</color><year>1979</year></automobile><automobile><person_id>120de2ba-3f0b-4e9a-b5f3-c3a51a56add2</person_id><license_plate>292UCO</license_plate><vin>9T2DW66A3N6JMC5DL</vin><color>Indigo</color><year>2005</year></automobile><automobile><person_id>120de2ba-3f0b-4e9a-b5f3-c3a51a56add2</person_id><license_plate>AY 9037</license_plate><vin>VC0LTS1E74GL64E9U</vin><color>LawnGreen</color><year>2007</year></automobile><automobile><person_id>a306973c-be1f-4e30-85d8-74d0d7f2d349</person_id><license_plate>SIY-314</license_plate><vin>H1FXU65LXUNX0PZLZ</vin><color>LemonChiffon</color><year>1988</year></automobile><automobile><person_id>a306973c-be1f-4e30-85d8-74d0d7f2d349</person_id><license_plate>273 8284</license_plate><vin>6FR3MNUA5AVM044DJ</vin><color>FireBrick</color><year>1998</year></automobile><automobile><person_id>a306973c-be1f-4e30-85d8-74d0d7f2d349</person_id><license_plate>254-ZJT</license_plate><vin>3162TTZ91XZABENF9</vin><color>LightSeaGreen</color><year>2007</year></automobile><automobile><person_id>33774e4e-9518-4ddd-96c1-3884bd31a3b7</person_id><license_plate>LCJ 799</license_plate><vin>W2W8L4U68JL6JJ6VY</vin><color>DarkSlateGray</color><year>2005</year></automobile><automobile><person_id>33774e4e-9518-4ddd-96c1-3884bd31a3b7</person_id><license_plate>130 MGB</license_plate><vin>GUG15ZYP3T2L2C6KG</vin><color>MediumAquaMarine</color><year>2000</year></automobile><automobile><person_id>775b4798-d43e-4f81-b9be-012183cb404e</person_id><license_plate>347-OVO</license_plate><vin>6RLTYS4V2VM5L456G</vin><color>MediumSeaGreen</color><year>2000</year></automobile><automobile><person_id>775b4798-d43e-4f81-b9be-012183cb404e</person_id><license_plate>IRJ1260</license_plate><vin>09AR0WU91K47CA4DC</vin><color>Turquoise</color><year>1980</year></automobile><automobile><person_id>775b4798-d43e-4f81-b9be-012183cb404e</person_id><license_plate>31-90585</license_plate><vin>6LN6V0K39DP2PMRUC</vin><color>CornflowerBlue</color><year>1970</year></automobile><automobile><person_id>ca48dcc9-2beb-450a-a014-d7476466be52</person_id><license_plate>4RZA301</license_plate><vin>14PVPU53X0HHNZAR4</vin><color>DarkTurquoise</color><year>2009</year></automobile><automobile><person_id>08047d9d-5acb-43f7-9b92-85fd67fa76c1</person_id><license_plate>CHE-3370</license_plate><vin>HDTLT09KXN1W2X1ZG</vin><color>OldLace</color><year>1985</year></automobile><automobile><person_id>f5c83c25-f1b5-43c5-a282-277c187a3a51</person_id><license_plate>5TQ S62</license_plate><vin>W3ZE646VXHMN2M5CS</vin><color>DarkGreen</color><year>2022</year></automobile><automobile><person_id>f5c83c25-f1b5-43c5-a282-277c187a3a51</person_id><license_plate>6U 9339U</license_plate><vin>XKYYV9CU2AUYH71ZA</vin><color>Thistle</color><year>1982</year></automobile><automobile><person_id>96f1666b-3d58-4c76-92d3-badfe83561a2</person_id><license_plate>652 0985</license_plate><vin>M5TNUV8C1GHTFFFP3</vin><color>MediumOrchid</color><year>2023</year></automobile><automobile><person_id>96f1666b-3d58-4c76-92d3-badfe83561a2</person_id><license_plate>90GV959</license_plate><vin>0CP9BZAH3LT9SM0MH</vin><color>AliceBlue</color><year>1975</year></automobile><automobile><person_id>cf32c537-793f-4214-abf0-dd623f3a50d0</person_id><license_plate>6W QX168</license_plate><vin>BUXFPYEM97GVDV972</vin><color>SteelBlue</color><year>2022</year></automobile><automobile><person_id>b3f1ceaa-5e87-468b-bc6f-18f2ae14f10e</person_id><license_plate>8LS Y53</license_plate><vin>CTY7P4MNX3PZBNGP7</vin><color>LightCoral</color><year>1997</year></automobile><automobile><person_id>fa9f7183-b46a-4355-9c49-273c75581276</person_id><license_plate>635 BFT</license_plate><vin>E0YV4CN73YXH4UG1N</vin><color>Snow</color><year>1980</year></automobile><automobile><person_id>4d8d4ac7-9fc2-4db9-aa90-068ab1c7b136</person_id><license_plate>1D 2015E</license_plate><vin>3CD21TFL0HHPSVRTL</vin><color>DarkGreen</color><year>1997</year></automobile><automobile><person_id>fc4f8a3b-9595-44d3-b0b7-614f42c3829a</person_id><license_plate>84H A70</license_plate><vin>R0WY8B6R6D40X0SZA</vin><color>DarkSalmon</color><year>2005</year></automobile><automobile><person_id>fc4f8a3b-9595-44d3-b0b7-614f42c3829a</person_id><license_plate>1Y QQ444</license_plate><vin>T161CZGS1YHCZY6SK</vin><color>OliveDrab</color><year>2012</year></automobile><automobile><person_id>6167d45e-7897-492d-8bf8-f20c17e93faf</person_id><license_plate>080-WIH</license_plate><vin>N51HEF6W0SU9CA7Y5</vin><color>Lime</color><year>1994</year></automobile><automobile><person_id>4c0e27a8-c694-4246-9cb3-9491f2ef6558</person_id><license_plate>KCB 912</license_plate><vin>4L2WNW756K577HGTF</vin><color>Chocolate</color><year>1978</year></automobile><automobile><person_id>4c0e27a8-c694-4246-9cb3-9491f2ef6558</person_id><license_plate>073 SA6</license_plate><vin>JR954H5H507DX87A6</vin><color>MediumBlue</color><year>2023</year></automobile><automobile><person_id>9a0d70af-7cc9-4459-828e-ca335e9e2311</person_id><license_plate>769-KZY</license_plate><vin>YK3M225F9AT3AMWU6</vin><color>CadetBlue</color><year>2012</year></automobile><automobile><person_id>9a0d70af-7cc9-4459-828e-ca335e9e2311</person_id><license_plate>F88 5IB</license_plate><vin>4NVYJSUN9K2LJD39X</vin><color>LightGoldenRodYellow</color><year>1977</year></automobile><automobile><person_id>12cf646f-4d5c-4d56-a3e2-53d3c75683d4</person_id><license_plate>5GC B67</license_plate><vin>NS9EWY3K7DUHA8GAT</vin><color>MediumSeaGreen</color><year>1972</year></automobile><automobile><person_id>12cf646f-4d5c-4d56-a3e2-53d3c75683d4</person_id><license_plate>8M 5T9ABY</license_plate><vin>CHGA6G2N9AWU82PR7</vin><color>DarkOrchid</color><year>2013</year></automobile><automobile><person_id>12cf646f-4d5c-4d56-a3e2-53d3c75683d4</person_id><license_plate>KKL 495</license_plate><vin>EUB33ELD4YDAH9L08</vin><color>NavajoWhite</color><year>2017</year></automobile><automobile><person_id>e09466d7-2d95-45e0-a7f4-e9142b8e05cd</person_id><license_plate>I32-LHX</license_plate><vin>2CGDNL2G3G9W2WJU3</vin><color>MintCream</color><year>1993</year></automobile><automobile><person_id>1a4fa248-f07e-482a-8a15-cd1af5c62d63</person_id><license_plate>037 4PI</license_plate><vin>ZJD4BGUT40T4BTVNU</vin><color>DarkGreen</color><year>2015</year></automobile><automobile><person_id>1a4fa248-f07e-482a-8a15-cd1af5c62d63</person_id><license_plate>622-IRB</license_plate><vin>XBUYK2WW77E9LSR83</vin><color>Crimson</color><year>1981</year></automobile><automobile><person_id>4932d077-e5a9-4b48-8ce7-ad229c386e3a</person_id><license_plate>PBI-090</license_plate><vin>9RCS7MKH6GU7N6C6J</vin><color>Indigo</color><year>1989</year></automobile><automobile><person_id>4932d077-e5a9-4b48-8ce7-ad229c386e3a</person_id><license_plate>31-12146</license_plate><vin>HV03RYTS15KLYDGZX</vin><color>SlateGray</color><year>1989</year></automobile><automobile><person_id>d779e95d-1752-49f8-9da1-728b0f627518</person_id><license_plate>FMN L25</license_plate><vin>YJGPSLMK5XVF9CERJ</vin><color>LightBlue</color><year>1985</year></automobile><automobile><person_id>d779e95d-1752-49f8-9da1-728b0f627518</person_id><license_plate>2X 1O6CRX</license_plate><vin>FX5UD36J48AYJMGSN</vin><color>CornflowerBlue</color><year>1986</year></automobile><automobile><person_id>b2aae78e-a75f-4aef-a860-1f0350adc805</person_id><license_plate>3JH3246</license_plate><vin>ZZ9UL2VN3H9DJRZKF</vin><color>DeepSkyBlue</color><year>2019</year></automobile><automobile><person_id>a5d57242-55c6-4ab0-a9b9-639cc31da258</person_id><license_plate>466 SFE</license_plate><vin>6G9RGSFM0GAHLU5JX</vin><color>Brown</color><year>1995</year></automobile><automobile><person_id>a5d57242-55c6-4ab0-a9b9-639cc31da258</person_id><license_plate>XAN-8920</license_plate><vin>RDL3PXYC6GULHFMEB</vin><color>Thistle</color><year>1999</year></automobile><automobile><person_id>cf20417d-efb4-4532-bdbe-d21527ccda38</person_id><license_plate>6-23907</license_plate><vin>4SY15MPL0C551TSFL</vin><color>White</color><year>1980</year></automobile><automobile><person_id>7cf00702-b3ff-4b64-8f52-6f0da1dfc030</person_id><license_plate>2YU 695</license_plate><vin>J1VMKSPSXH8543CX3</vin><color>Chocolate</color><year>1975</year></automobile><automobile><person_id>e8bafb4c-4446-4696-a1ae-0325cc029327</person_id><license_plate>1HR7923</license_plate><vin>F8XM40KG4X67WHGGA</vin><color>MediumBlue</color><year>1996</year></automobile><automobile><person_id>08e395eb-b189-42d2-a942-f9beed54ebcb</person_id><license_plate>77-22350</license_plate><vin>DPLWWC366SX7DSNE2</vin><color>Pink</color><year>2003</year></automobile><automobile><person_id>08e395eb-b189-42d2-a942-f9beed54ebcb</person_id><license_plate>GCH 9101</license_plate><vin>9RC14FPA69D8WRP57</vin><color>Chocolate</color><year>1978</year></automobile><automobile><person_id>80ad8f3a-7030-45e1-ade1-7da1ff266b8d</person_id><license_plate>7-05785</license_plate><vin>AK35LZB66A7BM1CM7</vin><color>Brown</color><year>1973</year></automobile><automobile><person_id>9f72e9ff-3890-4a8f-909a-7fa67ef77ed9</person_id><license_plate>8537</license_plate><vin>USE91X42092PWW9E7</vin><color>LimeGreen</color><year>1984</year></automobile><automobile><person_id>9f72e9ff-3890-4a8f-909a-7fa67ef77ed9</person_id><license_plate>IZR9926</license_plate><vin>BGRR69KD96NG57PUU</vin><color>Navy</color><year>1982</year></automobile><automobile><person_id>1fbed11d-52e0-4fc9-952c-67d9ce504129</person_id><license_plate>317K3</license_plate><vin>A8ZMX6F53PEA0XNHD</vin><color>PaleGoldenRod</color><year>1991</year></automobile><automobile><person_id>1fbed11d-52e0-4fc9-952c-67d9ce504129</person_id><license_plate>557-AHM</license_plate><vin>P38HET9C4FPD3T0UM</vin><color>DarkMagenta</color><year>1998</year></automobile><automobile><person_id>18585844-e965-4821-8c63-990d72e1d88a</person_id><license_plate>2-20802O</license_plate><vin>HC7467MH0TYXLNA48</vin><color>Beige</color><year>2005</year></automobile><automobile><person_id>57b47179-cf4b-45f1-be80-661ab6aad605</person_id><license_plate>BXR 217</license_plate><vin>ZRZC3E544WHMFR4H3</vin><color>Khaki</color><year>1974</year></automobile><automobile><person_id>ba1465e9-64ff-4fff-b24f-dce90f52a495</person_id><license_plate>SMJ-393</license_plate><vin>PN83PUJP1NYNE22CR</vin><color>FireBrick</color><year>2007</year></automobile><automobile><person_id>91069c38-a98c-4311-a7c6-c300360efac6</person_id><license_plate>642-IZWR</license_plate><vin>KXB1LVTZ7H5CBXLDH</vin><color>Navy</color><year>1984</year></automobile><automobile><person_id>91069c38-a98c-4311-a7c6-c300360efac6</person_id><license_plate>056-826</license_plate><vin>ALUSYJLTXZEGJ2092</vin><color>LightGreen</color><year>2023</year></automobile></automobiles>