<?xml version="1.0" encoding="UTF-8" ?><automobiles><automobile><person_id>75c5db82-359e-43ed-a5f9-ca0b1e3429b1</person_id><license_plate>3T 0216A</license_plate><vin>0UAXVNGL9GXM7LU50</vin><color>LightYellow</color><year>1988</year></automobile><automobile><person_id>ea14d5e3-7323-47c6-8d08-bda94170f63b</person_id><license_plate>KPI1782</license_plate><vin>MT6Z84U37390Y7W2D</vin><color>DarkCyan</color><year>2008</year></automobile><automobile><person_id>ea14d5e3-7323-47c6-8d08-bda94170f63b</person_id><license_plate>DHL 132</license_plate><vin>HRA5BZMR9CY99YAP3</vin><color>CornflowerBlue</color><year>1985</year></automobile><automobile><person_id>39196d92-1fa9-4be6-9c0b-41eddba812e5</person_id><license_plate>ZCR0409</license_plate><vin>MHR0JLZB8AUP249E8</vin><color>Cornsilk</color><year>1970</year></automobile><automobile><person_id>39196d92-1fa9-4be6-9c0b-41eddba812e5</person_id><license_plate>00P 8794</license_plate><vin>GFFFCV2N7BPKZKU54</vin><color>Moccasin</color><year>2005</year></automobile><automobile><person_id>3b857300-5d5e-4e49-bbb5-43dfa698dd5e</person_id><license_plate>2-4781X</license_plate><vin>WAAYK0AP2076ST7T0</vin><color>PapayaWhip</color><year>1981</year></automobile><automobile><person_id>3b857300-5d5e-4e49-bbb5-43dfa698dd5e</person_id><license_plate>9FPV988</license_plate><vin>RX8D0PMGXLDF3LHGM</vin><color>LightBlue</color><year>1974</year></automobile><automobile><person_id>9a2baeb1-9542-449c-8601-02ba1c8bb235</person_id><license_plate>737100</license_plate><vin>8CCU6LUA4GPE4U2P5</vin><color>WhiteSmoke</color><year>1996</year></automobile><automobile><person_id>c3982693-07f8-4150-98a2-063bb12898b4</person_id><license_plate>3TQ4592</license_plate><vin>TPRT9YW20LEZP7G1W</vin><color>MediumVioletRed</color><year>2004</year></automobile><automobile><person_id>d39d4bd2-7716-4c01-8b67-7a59eeb54d8c</person_id><license_plate>1TS0637</license_plate><vin>6GTDMH0T0A21MCJG9</vin><color>Peru</color><year>1984</year></automobile><automobile><person_id>d39d4bd2-7716-4c01-8b67-7a59eeb54d8c</person_id><license_plate>AY3 3155</license_plate><vin>7YNEHWDB6USXHZG85</vin><color>DarkOrange</color><year>1987</year></automobile><automobile><person_id>a8a4c1bd-888b-4ad9-a0b8-68c15208b8a9</person_id><license_plate>G 676060</license_plate><vin>MJK5Y5WH5PS1KBU09</vin><color>DeepPink</color><year>2014</year></automobile><automobile><person_id>a8a4c1bd-888b-4ad9-a0b8-68c15208b8a9</person_id><license_plate>YW9 7567</license_plate><vin>VF9DUC120N0S7H3XD</vin><color>MediumTurquoise</color><year>1976</year></automobile><automobile><person_id>250f6e9e-3882-4cc8-989d-479fc9412802</person_id><license_plate>1UW D64</license_plate><vin>4FNEHR4EXY83XJFUD</vin><color>SteelBlue</color><year>1975</year></automobile><automobile><person_id>250f6e9e-3882-4cc8-989d-479fc9412802</person_id><license_plate>NNC-115</license_plate><vin>N3B4MCCE2AESYZYEE</vin><color>DarkKhaki</color><year>2018</year></automobile><automobile><person_id>d55f28d9-d1dc-44c0-9eac-25146861590c</person_id><license_plate>65-77321</license_plate><vin>SMTKUF6P6MCMS1RGU</vin><color>Orange</color><year>2003</year></automobile><automobile><person_id>d55f28d9-d1dc-44c0-9eac-25146861590c</person_id><license_plate>36DO577</license_plate><vin>ET2D1M71X46U1UC0A</vin><color>YellowGreen</color><year>1995</year></automobile><automobile><person_id>207b825d-3b58-49b1-b4ac-4d38fd896d77</person_id><license_plate>20-2383Z</license_plate><vin>Y0BKS14G43P2G3KZG</vin><color>GoldenRod</color><year>2001</year></automobile><automobile><person_id>64ba4468-d075-44e2-bc35-48de98b57265</person_id><license_plate>NJI 785</license_plate><vin>M1A0G6P426JFHG8YV</vin><color>Peru</color><year>1986</year></automobile><automobile><person_id>63e3a85f-4da4-40a7-ac48-908c748b8e15</person_id><license_plate>882JOC</license_plate><vin>Z1D44T8C4H5YNDJR6</vin><color>Turquoise</color><year>2022</year></automobile><automobile><person_id>3f4c9f95-9ed4-4b28-94f7-1f871b09b839</person_id><license_plate>337 XVM</license_plate><vin>TEFBFA1B5VN0R210L</vin><color>Aqua</color><year>2002</year></automobile><automobile><person_id>ca8dba2a-a087-43d7-9a2c-8722a768fe6d</person_id><license_plate>899 OBV</license_plate><vin>KV04TLPN9CFMJTF3K</vin><color>Ivory</color><year>1981</year></automobile><automobile><person_id>ca8dba2a-a087-43d7-9a2c-8722a768fe6d</person_id><license_plate>UP 6251</license_plate><vin>FS6N5X440VLYKX7EA</vin><color>Wheat</color><year>1989</year></automobile><automobile><person_id>69c0f40f-0bfb-4d8e-86ce-7836ad1011af</person_id><license_plate>GBP-8908</license_plate><vin>ZK7U8NA597GJ8W7NV</vin><color>RosyBrown</color><year>2000</year></automobile><automobile><person_id>69c0f40f-0bfb-4d8e-86ce-7836ad1011af</person_id><license_plate>GIV-024</license_plate><vin>7T3FDT0Z5ASRN9L5S</vin><color>LightSlateGray</color><year>2023</year></automobile><automobile><person_id>69c0f40f-0bfb-4d8e-86ce-7836ad1011af</person_id><license_plate>P14 2PR</license_plate><vin>4W8VFFUX9H3U7V14M</vin><color>Crimson</color><year>1990</year></automobile><automobile><person_id>8f3fb9d8-11e9-4f37-93cb-d58ce04aec76</person_id><license_plate>762-GGG</license_plate><vin>2BMUKZAM0JHY7XG1U</vin><color>Pink</color><year>1974</year></automobile><automobile><person_id>8f3fb9d8-11e9-4f37-93cb-d58ce04aec76</person_id><license_plate>HBV7525</license_plate><vin>J94D7ZGK4UEWF5ZV5</vin><color>IndianRed</color><year>1982</year></automobile><automobile><person_id>8f3fb9d8-11e9-4f37-93cb-d58ce04aec76</person_id><license_plate>R 205184</license_plate><vin>ZHZP2W708DYWXWLBP</vin><color>Teal</color><year>2007</year></automobile><automobile><person_id>7eb8788f-221e-4025-ade9-cd4203d5ecbd</person_id><license_plate>ZFH 418</license_plate><vin>G8XZR2EK3U55P4X8J</vin><color>OliveDrab</color><year>2014</year></automobile><automobile><person_id>7eb8788f-221e-4025-ade9-cd4203d5ecbd</person_id><license_plate>000 RV0</license_plate><vin>K6KATSYR217BXCLG4</vin><color>MidnightBlue</color><year>2023</year></automobile><automobile><person_id>6536f710-39af-4cf9-b6df-269274f9ca34</person_id><license_plate>7-Q7713</license_plate><vin>X037D1FE18ZGM5545</vin><color>Sienna</color><year>1978</year></automobile><automobile><person_id>e9f78331-5283-4648-9e58-de4228ac148a</person_id><license_plate>FGY-4828</license_plate><vin>30N1WBX567CA9KVU2</vin><color>MediumSeaGreen</color><year>1982</year></automobile><automobile><person_id>470205a0-78c4-47a4-bbd3-db0781609a93</person_id><license_plate>9RDC828</license_plate><vin>W706DKBEX53KPJ9W4</vin><color>CadetBlue</color><year>2018</year></automobile><automobile><person_id>470205a0-78c4-47a4-bbd3-db0781609a93</person_id><license_plate>7S 5R4YMB</license_plate><vin>0ZDBK5M51T7PT0WHE</vin><color>Violet</color><year>1991</year></automobile><automobile><person_id>c3933e22-5a85-4e2e-a785-9601d3503a19</person_id><license_plate>ZXM-0384</license_plate><vin>3DKSM2KS0FJ3W3YCJ</vin><color>DarkKhaki</color><year>1972</year></automobile><automobile><person_id>b1cd4fbe-3b4c-455e-99eb-997e161816b0</person_id><license_plate>653 VFW</license_plate><vin>V2PCBBUD37ARVJKGL</vin><color>DarkSlateGray</color><year>2014</year></automobile><automobile><person_id>efa90a0b-f3b3-4002-84ed-fb7b8f38dfb8</person_id><license_plate>67FD487</license_plate><vin>4771E2SV7TGP8WWTR</vin><color>Black</color><year>1970</year></automobile><automobile><person_id>efa90a0b-f3b3-4002-84ed-fb7b8f38dfb8</person_id><license_plate>JZ2 3344</license_plate><vin>5MPHDTXS7RNPRKTA0</vin><color>DarkSalmon</color><year>1972</year></automobile><automobile><person_id>f2f59eaf-39c1-4519-bd1b-33e53685c166</person_id><license_plate>650OFA</license_plate><vin>6ZGLVRDL9D1W8KW0T</vin><color>Aquamarine</color><year>1997</year></automobile><automobile><person_id>f2f59eaf-39c1-4519-bd1b-33e53685c166</person_id><license_plate>2ZC0880</license_plate><vin>M7CYWZ5M90FYNVMZR</vin><color>Blue</color><year>1987</year></automobile><automobile><person_id>535229b2-d772-4765-9d1c-47e5b289be65</person_id><license_plate>4PW 437</license_plate><vin>DBEAUF256RYP061P3</vin><color>HotPink</color><year>1987</year></automobile><automobile><person_id>b1d5dceb-9637-4356-a794-b067d7262e2e</person_id><license_plate>0BU 525</license_plate><vin>XEZLX8PD1NSDCY3AJ</vin><color>SpringGreen</color><year>2023</year></automobile><automobile><person_id>b1d5dceb-9637-4356-a794-b067d7262e2e</person_id><license_plate>8AQ3965</license_plate><vin>KD8E7KLR2K6PA1LS9</vin><color>LightSalmon</color><year>1974</year></automobile><automobile><person_id>2148074f-ceb7-4a8a-8230-a3b496d96e75</person_id><license_plate>L23 7RA</license_plate><vin>GVWGCBZA7DZ6P5GAJ</vin><color>Sienna</color><year>2011</year></automobile><automobile><person_id>b742c351-555d-4f3a-92e5-caaf2885c819</person_id><license_plate>330 CCT</license_plate><vin>G1YUD3LV1EG56EM1J</vin><color>Black</color><year>1981</year></automobile><automobile><person_id>3751ef59-21e9-419e-bbc6-a45a946c7fe4</person_id><license_plate>198CT</license_plate><vin>LGEU3S715MA5RFFS5</vin><color>Aquamarine</color><year>1979</year></automobile><automobile><person_id>2fcc610b-03d1-4ae2-93b0-1f117a9fa613</person_id><license_plate>I73 4ND</license_plate><vin>2JFG2ST02HF8SRA0X</vin><color>PeachPuff</color><year>2013</year></automobile><automobile><person_id>2fcc610b-03d1-4ae2-93b0-1f117a9fa613</person_id><license_plate>45J R12</license_plate><vin>VHPKNVAG9E5H0JG30</vin><color>Snow</color><year>1974</year></automobile><automobile><person_id>2ad3472e-42ea-4806-9ffc-1a230db94843</person_id><license_plate>XEO 182</license_plate><vin>7K9R1JTV6F7M9R8ER</vin><color>Gray</color><year>1973</year></automobile><automobile><person_id>2eba3153-760f-4035-bb57-c7e725bfc4ba</person_id><license_plate>6KFE494</license_plate><vin>F80Z5UG84585BA2N9</vin><color>MediumSlateBlue</color><year>1978</year></automobile><automobile><person_id>872ea273-8b2f-484c-88d1-01a6100d0537</person_id><license_plate>JJ 7411</license_plate><vin>Y3AVW8KB1L0GYDMDB</vin><color>DarkViolet</color><year>1989</year></automobile><automobile><person_id>872ea273-8b2f-484c-88d1-01a6100d0537</person_id><license_plate>0L 91984</license_plate><vin>BTNP4F92849ML3PC1</vin><color>FloralWhite</color><year>2001</year></automobile><automobile><person_id>872ea273-8b2f-484c-88d1-01a6100d0537</person_id><license_plate>232 QBS</license_plate><vin>G2HV8MY03YNAZXR7D</vin><color>Gray</color><year>2018</year></automobile><automobile><person_id>8d142d3d-43a7-400a-9138-efef7bfe08a6</person_id><license_plate>6IV7676</license_plate><vin>A1291VDT934BZ4S9L</vin><color>Fuchsia</color><year>2022</year></automobile><automobile><person_id>0a24a598-ffca-4239-a35e-2eb4f69bfc8f</person_id><license_plate>6J KX147</license_plate><vin>7J2RNZBB0SNNFA58Y</vin><color>Aquamarine</color><year>2013</year></automobile><automobile><person_id>eaa4df58-015c-4e45-ad2e-910d1297e2ee</person_id><license_plate>SO8 H2N</license_plate><vin>D1TJRAGA5DGWNG2WR</vin><color>Linen</color><year>2007</year></automobile><automobile><person_id>eaa4df58-015c-4e45-ad2e-910d1297e2ee</person_id><license_plate>RHW 267</license_plate><vin>674K29E68UNR7L49L</vin><color>Plum</color><year>1980</year></automobile><automobile><person_id>e73a7dd3-43be-435f-9d26-253bc3f30038</person_id><license_plate>MOO 284</license_plate><vin>SL5BRGMH7TPYVSJDD</vin><color>Snow</color><year>1985</year></automobile><automobile><person_id>b70e5349-1c1d-4b1a-8916-9c559fdc107d</person_id><license_plate>7TT O25</license_plate><vin>E6U03PHC2JDEJ51SU</vin><color>Indigo</color><year>2010</year></automobile><automobile><person_id>b70e5349-1c1d-4b1a-8916-9c559fdc107d</person_id><license_plate>PNS-596</license_plate><vin>BGMN06L12A12KS7T3</vin><color>MediumVioletRed</color><year>2022</year></automobile><automobile><person_id>b70e5349-1c1d-4b1a-8916-9c559fdc107d</person_id><license_plate>06YF989</license_plate><vin>WFHMZ6CY3C0CS2XYF</vin><color>LightSlateGray</color><year>2018</year></automobile><automobile><person_id>d3b9b6ea-1d84-448c-aac3-cbedb8d026a1</person_id><license_plate>ZGU 892</license_plate><vin>TXC0JLMZXN5D5M7ZU</vin><color>DodgerBlue</color><year>2010</year></automobile><automobile><person_id>d3b9b6ea-1d84-448c-aac3-cbedb8d026a1</person_id><license_plate>VZB-515</license_plate><vin>82HS6YES8WKRLC9KS</vin><color>LightGray</color><year>2005</year></automobile><automobile><person_id>c152715f-d843-4e93-9b0a-8a34c8605ca5</person_id><license_plate>ZLX-4928</license_plate><vin>6WG7GWKV9H20BXEDK</vin><color>Lime</color><year>1992</year></automobile><automobile><person_id>f54774f7-87f1-4349-bf87-12e96304e9cf</person_id><license_plate>00FM8</license_plate><vin>0DPP1V8Z3X70BURRE</vin><color>Teal</color><year>1984</year></automobile><automobile><person_id>98829cb5-6d27-4538-85d1-1c20d7450440</person_id><license_plate>9Z 8J1FQP</license_plate><vin>1JV1VL450EC55W39F</vin><color>DodgerBlue</color><year>2011</year></automobile><automobile><person_id>98829cb5-6d27-4538-85d1-1c20d7450440</person_id><license_plate>IMF 187</license_plate><vin>Z53RRU1R6ZUUEM322</vin><color>DarkCyan</color><year>1998</year></automobile><automobile><person_id>24b8085c-135b-43d9-81da-c8a5e2c0310f</person_id><license_plate>6BF S99</license_plate><vin>040R4P1U93A6AR0YA</vin><color>MediumSpringGreen</color><year>2005</year></automobile><automobile><person_id>29e26234-580d-4df7-88bd-1bc2b1ab4d10</person_id><license_plate>6ETM420</license_plate><vin>XHP0TW1M1DGHSAX5Z</vin><color>DarkGreen</color><year>2007</year></automobile><automobile><person_id>29e26234-580d-4df7-88bd-1bc2b1ab4d10</person_id><license_plate>F57 4KL</license_plate><vin>43FAFBXC5VWPEL28X</vin><color>SpringGreen</color><year>1996</year></automobile><automobile><person_id>c0729dab-990c-4f45-b25c-7cc4aa24bc4f</person_id><license_plate>361-ZHB</license_plate><vin>328TBDZ95ZCAV42XP</vin><color>MediumOrchid</color><year>1999</year></automobile><automobile><person_id>c0729dab-990c-4f45-b25c-7cc4aa24bc4f</person_id><license_plate>187-XHL</license_plate><vin>G7PFSAUV9AUY42R8F</vin><color>MediumVioletRed</color><year>2000</year></automobile><automobile><person_id>c0729dab-990c-4f45-b25c-7cc4aa24bc4f</person_id><license_plate>18M N48</license_plate><vin>1CPNUSAZ4S4ULEZWB</vin><color>Tomato</color><year>2020</year></automobile><automobile><person_id>2af573e2-192e-475c-86f4-eeb28ef6d3d2</person_id><license_plate>1KK A81</license_plate><vin>LKWC5M615V8AC4YWV</vin><color>FloralWhite</color><year>1972</year></automobile><automobile><person_id>15899b7f-f1f3-4a32-861a-0717bed6216c</person_id><license_plate>YXT 356</license_plate><vin>826CPSSB4PMY6XY5N</vin><color>Teal</color><year>2012</year></automobile><automobile><person_id>c12a6794-358f-495e-9537-bceca94dff9f</person_id><license_plate>MRD 539</license_plate><vin>8AR2JHVD04FYKPRMX</vin><color>DarkSeaGreen</color><year>1982</year></automobile><automobile><person_id>0b8ca326-e2cc-4f75-adba-61446b30d8c7</person_id><license_plate>NBL 492</license_plate><vin>9EYY647G1179HR2U3</vin><color>Ivory</color><year>2020</year></automobile><automobile><person_id>1b07c0f9-d580-405b-b6d0-d0ca787c8d6b</person_id><license_plate>6M132</license_plate><vin>WK0TLMET0ANBUNF75</vin><color>DarkViolet</color><year>1990</year></automobile><automobile><person_id>1b07c0f9-d580-405b-b6d0-d0ca787c8d6b</person_id><license_plate>265 DRW</license_plate><vin>38FU3DMB790YTAHE4</vin><color>LightSkyBlue</color><year>2009</year></automobile><automobile><person_id>ace44896-283b-49bd-97c2-c7538f81dca0</person_id><license_plate>6OV0661</license_plate><vin>8DKSHSAE4NJTML51H</vin><color>Salmon</color><year>2012</year></automobile><automobile><person_id>ace44896-283b-49bd-97c2-c7538f81dca0</person_id><license_plate>24K•789</license_plate><vin>D7CMWXTH06M4THSSK</vin><color>Blue</color><year>2022</year></automobile><automobile><person_id>f734662c-21a8-4375-a020-f124bb8052dd</person_id><license_plate>965 YVN</license_plate><vin>9DKPB8DH5D3UECUML</vin><color>DarkGoldenRod</color><year>2022</year></automobile><automobile><person_id>2bf590c0-e1cb-49c5-8ca0-a60a96987eab</person_id><license_plate>GJ 44087</license_plate><vin>ATVHLBX51YXYSDW2G</vin><color>PaleVioletRed</color><year>2001</year></automobile><automobile><person_id>2bf590c0-e1cb-49c5-8ca0-a60a96987eab</person_id><license_plate>LJL 783</license_plate><vin>J58D1S8692ECY0BPD</vin><color>GoldenRod</color><year>1978</year></automobile><automobile><person_id>13a5c6dd-d1e3-4242-b01d-9981e3c164af</person_id><license_plate>87A RS6</license_plate><vin>N9VA6V606VAU7ENBT</vin><color>LightSalmon</color><year>1998</year></automobile><automobile><person_id>13a5c6dd-d1e3-4242-b01d-9981e3c164af</person_id><license_plate>7YK U14</license_plate><vin>ZS36MN8C9GD3YU0L6</vin><color>Chartreuse</color><year>1995</year></automobile><automobile><person_id>13a5c6dd-d1e3-4242-b01d-9981e3c164af</person_id><license_plate>1096 QA</license_plate><vin>RS9T7NL69J8H6FP65</vin><color>PeachPuff</color><year>1972</year></automobile><automobile><person_id>65f823bf-f50d-4cb2-a971-2e451b65b306</person_id><license_plate>WLA 258</license_plate><vin>BUYNHM4T9H50D9BU8</vin><color>Moccasin</color><year>2006</year></automobile><automobile><person_id>c49ee412-0225-4d60-a897-12bb8dbfd575</person_id><license_plate>048 YCJ</license_plate><vin>SF35RRP34HLJTE1RB</vin><color>MediumBlue</color><year>1981</year></automobile><automobile><person_id>14577c65-b321-4daf-9fb8-46c3d8ea680a</person_id><license_plate>HJQ 393</license_plate><vin>587PCR7N256WBVVE7</vin><color>PapayaWhip</color><year>1996</year></automobile><automobile><person_id>60f1d1fa-02d8-4d3a-b130-fc6203fcd894</person_id><license_plate>350 KRB</license_plate><vin>WEFMKJ6J0NKX092JP</vin><color>Navy</color><year>1989</year></automobile><automobile><person_id>60f1d1fa-02d8-4d3a-b130-fc6203fcd894</person_id><license_plate>9WS 708</license_plate><vin>H9CMMTUP7SK2758BK</vin><color>LightBlue</color><year>1974</year></automobile><automobile><person_id>37453771-0f7d-4fa5-8272-a7e7a49044f9</person_id><license_plate>70XB085</license_plate><vin>0NNVFGT86N7FV9P71</vin><color>PeachPuff</color><year>2002</year></automobile><automobile><person_id>df0988d8-5785-45a7-914e-29607b0faa24</person_id><license_plate>79H H44</license_plate><vin>97LSH0F1XVR3K7HBJ</vin><color>BlueViolet</color><year>2002</year></automobile><automobile><person_id>a118708c-8b6f-4c3d-9b6a-54ba82af2d20</person_id><license_plate>0S329</license_plate><vin>TNMD5C5S8U5TAADAY</vin><color>Linen</color><year>1977</year></automobile><automobile><person_id>a118708c-8b6f-4c3d-9b6a-54ba82af2d20</person_id><license_plate>486 GOE</license_plate><vin>XL4B0AS16CZBAHKDR</vin><color>DarkViolet</color><year>2011</year></automobile><automobile><person_id>bd568a1f-f7ee-4a49-907e-691b9882217e</person_id><license_plate>7VS R34</license_plate><vin>B2BD1CCU7U4L9G50R</vin><color>LightBlue</color><year>1988</year></automobile><automobile><person_id>bd568a1f-f7ee-4a49-907e-691b9882217e</person_id><license_plate>BXJ 750</license_plate><vin>L4L4XGYS4FC0P5RRL</vin><color>DarkGoldenRod</color><year>2016</year></automobile><automobile><person_id>d5620614-87ff-4175-88f7-8fdcec8329f4</person_id><license_plate>YC 7439</license_plate><vin>5G587F8752F9DL61X</vin><color>AntiqueWhite</color><year>2023</year></automobile><automobile><person_id>d5620614-87ff-4175-88f7-8fdcec8329f4</person_id><license_plate>754 TRO</license_plate><vin>PKMY5HCH0S3FYJL0Y</vin><color>SeaGreen</color><year>1982</year></automobile><automobile><person_id>61a0df70-5692-468b-99fc-3a8bdc95fe4e</person_id><license_plate>9272</license_plate><vin>FJXN2EY56LS70HKPM</vin><color>MediumPurple</color><year>2022</year></automobile><automobile><person_id>61a0df70-5692-468b-99fc-3a8bdc95fe4e</person_id><license_plate>625 FGE</license_plate><vin>6EDMAGW99KHZ3LB75</vin><color>Sienna</color><year>2010</year></automobile><automobile><person_id>7f99188a-899f-4903-b2ba-7039efc9dc8b</person_id><license_plate>BXT 9264</license_plate><vin>MLKR37LJ7HU4Z69U1</vin><color>DarkGreen</color><year>1999</year></automobile><automobile><person_id>b4be6aee-4df6-450e-b99f-b41f41ca737d</person_id><license_plate>2116</license_plate><vin>XRTEPAPS9ZZPH2R69</vin><color>Olive</color><year>2001</year></automobile><automobile><person_id>b4be6aee-4df6-450e-b99f-b41f41ca737d</person_id><license_plate>3-29096</license_plate><vin>0UE2M3691S66VC4JM</vin><color>DodgerBlue</color><year>2015</year></automobile><automobile><person_id>5608c49a-26e3-4a7f-b2b8-5409c1dfaee0</person_id><license_plate>517 4OQ</license_plate><vin>ABSU01KW2MX0P4L40</vin><color>Indigo</color><year>2012</year></automobile><automobile><person_id>5608c49a-26e3-4a7f-b2b8-5409c1dfaee0</person_id><license_plate>904HYH</license_plate><vin>9FSS4HPZ5K54AM187</vin><color>BlanchedAlmond</color><year>1978</year></automobile><automobile><person_id>6c873a35-4bda-407f-af40-dc0a8ae62592</person_id><license_plate>306 NUP</license_plate><vin>PXMLVBLS6CJ7L63JB</vin><color>LightSalmon</color><year>2009</year></automobile><automobile><person_id>ea97c1cb-14e4-4053-8313-bf018b348178</person_id><license_plate>834 UXJ</license_plate><vin>HFC9NJDRX9KM649JC</vin><color>Olive</color><year>2020</year></automobile><automobile><person_id>ea97c1cb-14e4-4053-8313-bf018b348178</person_id><license_plate>LEQ 606</license_plate><vin>38KFHLUE6TW71EJP6</vin><color>Lime</color><year>1983</year></automobile><automobile><person_id>d368bafa-4bb3-477e-9879-1ff7fa2ecba5</person_id><license_plate>KLF 9080</license_plate><vin>DUE21U589M9F72CYH</vin><color>Violet</color><year>2012</year></automobile><automobile><person_id>d368bafa-4bb3-477e-9879-1ff7fa2ecba5</person_id><license_plate>211-FMK</license_plate><vin>B8JZLMWV6SSG4ETDK</vin><color>Maroon</color><year>1978</year></automobile><automobile><person_id>d368bafa-4bb3-477e-9879-1ff7fa2ecba5</person_id><license_plate>453-DJY</license_plate><vin>072PYUMFXHYMYBZVJ</vin><color>Coral</color><year>1987</year></automobile><automobile><person_id>16f6bb62-b05a-4327-b391-6ba0d0fc5525</person_id><license_plate>59P•686</license_plate><vin>LAK8SGGRX3GVCV86F</vin><color>Pink</color><year>1990</year></automobile><automobile><person_id>e15addd8-6f07-44f8-a1e7-40c0c8cb86f4</person_id><license_plate>X97-58E</license_plate><vin>ZPV4AXKY2M6UMWU4F</vin><color>SteelBlue</color><year>2001</year></automobile><automobile><person_id>e15addd8-6f07-44f8-a1e7-40c0c8cb86f4</person_id><license_plate>YPX-5637</license_plate><vin>Z7ZGR4E0249ZVD9R0</vin><color>Yellow</color><year>1987</year></automobile><automobile><person_id>9e3b06eb-ff86-4369-8523-b156374b3690</person_id><license_plate>555 ENP</license_plate><vin>K4PJ6BWLX2RZ3WRW5</vin><color>NavajoWhite</color><year>2001</year></automobile><automobile><person_id>80357ce8-7a38-4d89-82d7-ab06a91dcd05</person_id><license_plate>424 ZYR</license_plate><vin>FH5NGLSH3T700W230</vin><color>Ivory</color><year>1991</year></automobile><automobile><person_id>80357ce8-7a38-4d89-82d7-ab06a91dcd05</person_id><license_plate>6YP8660</license_plate><vin>1W8AL9390LJ2Z3VKP</vin><color>DeepPink</color><year>1986</year></automobile><automobile><person_id>80357ce8-7a38-4d89-82d7-ab06a91dcd05</person_id><license_plate>UNK 407</license_plate><vin>30F0JJT14KCVKAEDK</vin><color>Linen</color><year>1992</year></automobile><automobile><person_id>511d3833-441d-4df4-a88d-fedd0524fb7c</person_id><license_plate>38V LI8</license_plate><vin>2WX3G04P25TT4B7EV</vin><color>PapayaWhip</color><year>2003</year></automobile><automobile><person_id>511d3833-441d-4df4-a88d-fedd0524fb7c</person_id><license_plate>MIT 238</license_plate><vin>PBSS9BED1FXXGXJ17</vin><color>LavenderBlush</color><year>1988</year></automobile><automobile><person_id>2cefd716-5173-46a0-ad28-8f81d706d012</person_id><license_plate>HXN-373</license_plate><vin>01DDMBMPXDWZHMMXX</vin><color>Silver</color><year>1996</year></automobile><automobile><person_id>3fe481b0-5b0d-4beb-bee7-0ef5ae153bd8</person_id><license_plate>7DS F80</license_plate><vin>8605JNZ59V5MV2C4E</vin><color>LightGreen</color><year>1987</year></automobile></automobiles>