<?xml version="1.0" encoding="UTF-8" ?><automobiles><automobile><person_id>5c810599-ca5a-4917-82b7-085727374f12</person_id><license_plate>006 AYR</license_plate><vin>AXC4SYWV9BBW01FW8</vin><color>MintCream</color><year>1997</year></automobile><automobile><person_id>4d299a8f-08a2-4b68-b183-71c0acf1f196</person_id><license_plate>447-HIH</license_plate><vin>H5PPLDKB25MXU9RDU</vin><color>LightGray</color><year>2001</year></automobile><automobile><person_id>2c0b9731-fbd6-4577-88c2-48ad5a0c2484</person_id><license_plate>YR 30421</license_plate><vin>DEMYW7CM0LKY2YRHZ</vin><color>BlueViolet</color><year>1979</year></automobile><automobile><person_id>f60e55cc-7fb2-414a-887f-0754fb0998c8</person_id><license_plate>WKN-4379</license_plate><vin>9GMSKC0K92PX75FFG</vin><color>MediumSeaGreen</color><year>1979</year></automobile><automobile><person_id>b69fe0f4-c1be-40b0-940f-7b31eeb6ce1b</person_id><license_plate>JDP-3814</license_plate><vin>RB5YP8XG8VRDSVVJL</vin><color>SaddleBrown</color><year>1973</year></automobile><automobile><person_id>b69fe0f4-c1be-40b0-940f-7b31eeb6ce1b</person_id><license_plate>975 7TO</license_plate><vin>2MVPXA1R3C91964N6</vin><color>Maroon</color><year>1972</year></automobile><automobile><person_id>0ff1ba7a-b016-427c-9364-fef4ad4d30ab</person_id><license_plate>1Z LQ847</license_plate><vin>47XNXBHA36Y46U613</vin><color>PaleGoldenRod</color><year>1988</year></automobile><automobile><person_id>86294a10-5b0f-4c8c-bb8a-05e0ba62b5c7</person_id><license_plate>531-MEF</license_plate><vin>VVAT528J1LWRNJNU0</vin><color>Navy</color><year>1976</year></automobile><automobile><person_id>ee621466-8837-4ed0-8d29-6017e17428ac</person_id><license_plate>971 6AK</license_plate><vin>L0W8MPPV2J1MH78J6</vin><color>CadetBlue</color><year>2023</year></automobile><automobile><person_id>ee621466-8837-4ed0-8d29-6017e17428ac</person_id><license_plate>62OR494</license_plate><vin>YXEBNT757F422N69J</vin><color>MediumAquaMarine</color><year>1989</year></automobile><automobile><person_id>2fcca7f2-77a2-45b2-a525-267328bc61f8</person_id><license_plate>HQU 366</license_plate><vin>CSNMMNXP8XWLF46GF</vin><color>MidnightBlue</color><year>2003</year></automobile><automobile><person_id>2fcca7f2-77a2-45b2-a525-267328bc61f8</person_id><license_plate>96G 4818</license_plate><vin>3UGB6R3A1XFLHBZ31</vin><color>Bisque</color><year>2008</year></automobile><automobile><person_id>8e225b49-ffd9-4e49-bd60-5c2bd9c3b109</person_id><license_plate>NZW 238</license_plate><vin>R96DLX2P7FGTL6YLC</vin><color>SteelBlue</color><year>2014</year></automobile><automobile><person_id>8e225b49-ffd9-4e49-bd60-5c2bd9c3b109</person_id><license_plate>49-K788</license_plate><vin>6SBYFN4KXHFB16HB3</vin><color>SandyBrown</color><year>2001</year></automobile><automobile><person_id>e30255af-9752-4a28-9425-b38ebcd6835f</person_id><license_plate>816696</license_plate><vin>7G8MYVXU8BKKCYPAB</vin><color>MediumPurple</color><year>2006</year></automobile><automobile><person_id>16792a1a-75cc-4763-a0fb-5dabda60dfc2</person_id><license_plate>464 JMB</license_plate><vin>NMCCG9X1X7W9AG5S9</vin><color>SlateBlue</color><year>2010</year></automobile><automobile><person_id>16792a1a-75cc-4763-a0fb-5dabda60dfc2</person_id><license_plate>721 PXO</license_plate><vin>SBDP828590XK6K5BS</vin><color>DarkGreen</color><year>2001</year></automobile><automobile><person_id>3ee0a22c-2d79-49a4-8aa4-c99fc3de1332</person_id><license_plate>571-OASZ</license_plate><vin>PMDYKSNA1B9L1Z68H</vin><color>Salmon</color><year>1980</year></automobile><automobile><person_id>8fe74d2e-3f43-44b7-bfde-11516515c21a</person_id><license_plate>94-3106S</license_plate><vin>7TD83N3F4Z0LK1UAL</vin><color>GhostWhite</color><year>2020</year></automobile><automobile><person_id>8fe74d2e-3f43-44b7-bfde-11516515c21a</person_id><license_plate>SAV4283</license_plate><vin>FZWYGNFS3U2R1YT8T</vin><color>MistyRose</color><year>1974</year></automobile><automobile><person_id>8fe74d2e-3f43-44b7-bfde-11516515c21a</person_id><license_plate>262WQQ</license_plate><vin>TSXTE4788DAD5XDSJ</vin><color>GreenYellow</color><year>1970</year></automobile><automobile><person_id>7f743cd8-689c-412c-928e-b9ed9bb5911c</person_id><license_plate>934SY</license_plate><vin>75DFBMR19PCWNBAP9</vin><color>Pink</color><year>2023</year></automobile><automobile><person_id>67001c7e-6c7a-4b60-9a2d-837e1f8c9064</person_id><license_plate>RSX 392</license_plate><vin>G8YW1MFK13CTCD4SY</vin><color>Chartreuse</color><year>2012</year></automobile><automobile><person_id>67001c7e-6c7a-4b60-9a2d-837e1f8c9064</person_id><license_plate>HLP-5479</license_plate><vin>9L87YXDH5M04LYDP1</vin><color>MediumSlateBlue</color><year>2005</year></automobile><automobile><person_id>5d097214-15f6-4ead-a1eb-e2b913c458ae</person_id><license_plate>368 CNN</license_plate><vin>GN128MNS8CR0UE9J7</vin><color>NavajoWhite</color><year>1991</year></automobile><automobile><person_id>58456ae3-4e39-4b47-9331-a3adf2c5ddd0</person_id><license_plate>704 0MI</license_plate><vin>Y0BKG5JX312A1M3NG</vin><color>Blue</color><year>2021</year></automobile><automobile><person_id>58456ae3-4e39-4b47-9331-a3adf2c5ddd0</person_id><license_plate>1852 IW</license_plate><vin>F5E31H2P6UK2EZ920</vin><color>DarkSlateGray</color><year>2004</year></automobile><automobile><person_id>f8b640cf-77d8-4561-b9bc-5b5a7fad27ee</person_id><license_plate>KEM6218</license_plate><vin>XYPPZ1XX8D5A4DFNP</vin><color>Gainsboro</color><year>1977</year></automobile><automobile><person_id>c86bb653-0d1d-459d-825a-645d650f48b2</person_id><license_plate>254W</license_plate><vin>BGA5N7TJ2TTJUDWF1</vin><color>LawnGreen</color><year>2021</year></automobile><automobile><person_id>c86bb653-0d1d-459d-825a-645d650f48b2</person_id><license_plate>LJQ 019</license_plate><vin>A96LGMNW7B6C4N44Z</vin><color>DodgerBlue</color><year>2012</year></automobile><automobile><person_id>4f919239-96bf-447a-b10a-e676a6b286f0</person_id><license_plate>Y70 6WR</license_plate><vin>AM1LRFM96AD2MVW6X</vin><color>Red</color><year>2017</year></automobile><automobile><person_id>4f919239-96bf-447a-b10a-e676a6b286f0</person_id><license_plate>1CJ5791</license_plate><vin>0858AKVB9574AXLWC</vin><color>Wheat</color><year>1985</year></automobile><automobile><person_id>648f44b0-2205-4a22-b531-fb1a6a1677f5</person_id><license_plate>6AC30</license_plate><vin>A6ENH6R02GF9FDXMN</vin><color>DarkSeaGreen</color><year>1974</year></automobile><automobile><person_id>648f44b0-2205-4a22-b531-fb1a6a1677f5</person_id><license_plate>9284 EO</license_plate><vin>6J3KW2JH5DZECNGSD</vin><color>BlueViolet</color><year>1999</year></automobile><automobile><person_id>1bdb5d2b-74a4-46ea-a259-4adf683777b0</person_id><license_plate>1HD 411</license_plate><vin>CS933YK50JM09VB2N</vin><color>SaddleBrown</color><year>1971</year></automobile><automobile><person_id>1bdb5d2b-74a4-46ea-a259-4adf683777b0</person_id><license_plate>07S P32</license_plate><vin>PDRPVT0H80FRMYTY5</vin><color>MidnightBlue</color><year>1970</year></automobile><automobile><person_id>fc206f3a-986e-4df9-9683-03cc632d9c27</person_id><license_plate>2QXT248</license_plate><vin>R92CKVUA4CN79AFUM</vin><color>DarkOrchid</color><year>1994</year></automobile><automobile><person_id>a22f6735-1b10-4afb-a56d-b1877f219a3c</person_id><license_plate>HCX-551</license_plate><vin>LB09BTF71C8HL8P1W</vin><color>LightYellow</color><year>2017</year></automobile><automobile><person_id>27caac40-e455-4004-8a2b-1bdf602a1e7b</person_id><license_plate>79-0943X</license_plate><vin>J3WW7XR50WTBRXUJC</vin><color>LawnGreen</color><year>2002</year></automobile><automobile><person_id>c97efb1d-c846-4db9-b13a-a949bad49c3d</person_id><license_plate>3-78722V</license_plate><vin>VE8WXBHE1NCXS0GJY</vin><color>DarkGreen</color><year>1991</year></automobile><automobile><person_id>c97efb1d-c846-4db9-b13a-a949bad49c3d</person_id><license_plate>UIK-277</license_plate><vin>MM2XBSAU58J0G1M8H</vin><color>Orange</color><year>1978</year></automobile><automobile><person_id>3d1dafa5-be33-41bf-8780-d650bf7fb853</person_id><license_plate>7-1379S</license_plate><vin>B7548PLA9KUJ2LYZ6</vin><color>HoneyDew</color><year>1970</year></automobile><automobile><person_id>3d1dafa5-be33-41bf-8780-d650bf7fb853</person_id><license_plate>67-01090</license_plate><vin>TRZ2ZBGC7RN45SSP7</vin><color>Maroon</color><year>2006</year></automobile><automobile><person_id>3d1dafa5-be33-41bf-8780-d650bf7fb853</person_id><license_plate>8EQ F84</license_plate><vin>T3REZL7J8DYH5BLBU</vin><color>LavenderBlush</color><year>2013</year></automobile><automobile><person_id>2cc38a26-e315-4b5b-a4cf-17569661afdc</person_id><license_plate>RPL 313</license_plate><vin>5KDBF9TW01R3ST7RZ</vin><color>LightSkyBlue</color><year>1979</year></automobile><automobile><person_id>2cc38a26-e315-4b5b-a4cf-17569661afdc</person_id><license_plate>806 YRN</license_plate><vin>71JH46S69TE69KWWH</vin><color>HoneyDew</color><year>1984</year></automobile><automobile><person_id>a3b85a2f-505b-4147-b9e0-961b9a815869</person_id><license_plate>A17 9LF</license_plate><vin>G2YC0REM2PCD77V61</vin><color>Moccasin</color><year>1989</year></automobile><automobile><person_id>a3b85a2f-505b-4147-b9e0-961b9a815869</person_id><license_plate>3LL X70</license_plate><vin>6C16880ZXMJ6KXPJA</vin><color>SaddleBrown</color><year>1996</year></automobile><automobile><person_id>a45c26c7-8777-412f-a865-49f45b819ea2</person_id><license_plate>6-8477L</license_plate><vin>9U443LS361TTY64LA</vin><color>DarkCyan</color><year>2022</year></automobile><automobile><person_id>26de0302-dcec-42dc-92d7-e2db655043c9</person_id><license_plate>JHU 607</license_plate><vin>K9WYJ0875NECX6JZ1</vin><color>Indigo</color><year>1997</year></automobile><automobile><person_id>26de0302-dcec-42dc-92d7-e2db655043c9</person_id><license_plate>KQK 786</license_plate><vin>ST346HT60N7X209RB</vin><color>DarkOrange</color><year>1981</year></automobile><automobile><person_id>26de0302-dcec-42dc-92d7-e2db655043c9</person_id><license_plate>HMB 441</license_plate><vin>TGZ198GR9WAPX9HVR</vin><color>DarkOliveGreen</color><year>2021</year></automobile><automobile><person_id>555f52f2-3699-4fda-84dc-ca09a68e35d1</person_id><license_plate>51-CB82</license_plate><vin>Y3J383PR3TCBYND3Z</vin><color>DarkBlue</color><year>2009</year></automobile><automobile><person_id>aa390d25-a511-46c4-af55-5a42c060c9f7</person_id><license_plate>823 ZCK</license_plate><vin>RTXBY83C5HN3TBUKG</vin><color>LightCyan</color><year>2003</year></automobile><automobile><person_id>8fc4c5b2-3d8e-477d-8a43-72fadaba946e</person_id><license_plate>GFD 7348</license_plate><vin>JJBVDH4M2SJ3B3UXK</vin><color>Green</color><year>1999</year></automobile><automobile><person_id>98a7a2b7-9680-4457-bc70-6d6ffee5808e</person_id><license_plate>LVK 880</license_plate><vin>Y5LSPT9U2L5AWZ35H</vin><color>MediumSlateBlue</color><year>1976</year></automobile><automobile><person_id>dae7f2cc-fae4-47af-9148-293e0bc693df</person_id><license_plate>6TL 180</license_plate><vin>NGEEEVWZ8S600JWY2</vin><color>SlateBlue</color><year>1998</year></automobile><automobile><person_id>6b36b5e8-5f4f-4b06-9e23-459a888ca4c1</person_id><license_plate>ZEP 931</license_plate><vin>ZSWC1AN53003RZUHJ</vin><color>SeaGreen</color><year>1975</year></automobile><automobile><person_id>6b36b5e8-5f4f-4b06-9e23-459a888ca4c1</person_id><license_plate>2WYP 69</license_plate><vin>NFBMFXME8EH1CZC4C</vin><color>DarkOrange</color><year>1994</year></automobile><automobile><person_id>6b36b5e8-5f4f-4b06-9e23-459a888ca4c1</person_id><license_plate>LNU7534</license_plate><vin>WKXYNSM7X2GZDTCDJ</vin><color>MediumVioletRed</color><year>1971</year></automobile><automobile><person_id>d47f3fbe-7784-40c9-a705-380e651111d0</person_id><license_plate>W90-69T</license_plate><vin>D8ZL20D73LFJ5MKR0</vin><color>DarkOrchid</color><year>1991</year></automobile><automobile><person_id>becea6a9-7bbf-4617-8970-8b7203cca54e</person_id><license_plate>79-O410</license_plate><vin>Y4LKCFSA1SHT3NLHR</vin><color>Khaki</color><year>1983</year></automobile><automobile><person_id>becea6a9-7bbf-4617-8970-8b7203cca54e</person_id><license_plate>CQO 336</license_plate><vin>KH1KDHYH4EDTBULTP</vin><color>MediumVioletRed</color><year>2006</year></automobile><automobile><person_id>cc9e6d8b-9636-4855-9270-3b30281a11cd</person_id><license_plate>9YP1861</license_plate><vin>D6G77W5106AZ183RJ</vin><color>Blue</color><year>1995</year></automobile><automobile><person_id>cc9e6d8b-9636-4855-9270-3b30281a11cd</person_id><license_plate>782SY</license_plate><vin>D3TNKY5136MNALY4E</vin><color>DeepPink</color><year>1993</year></automobile><automobile><person_id>200c6ad9-84ff-45f4-819f-dac5649e1491</person_id><license_plate>5XO6843</license_plate><vin>M08NT24J1UT4C92MU</vin><color>LightSeaGreen</color><year>2020</year></automobile><automobile><person_id>1b8c12ea-6284-4583-a57f-11e780d846f2</person_id><license_plate>6A 0059H</license_plate><vin>3LLCZEXB23G6B4TLA</vin><color>Gainsboro</color><year>2017</year></automobile><automobile><person_id>98579ae0-1e4f-4651-ade2-225534a946cc</person_id><license_plate>776 LRV</license_plate><vin>7BTENVJL6XJFPY9G7</vin><color>SaddleBrown</color><year>1982</year></automobile><automobile><person_id>f1ebbe16-f8f5-4486-b5ef-283d39f918f3</person_id><license_plate>ADF 944</license_plate><vin>8HBKRDB27GBN03ZCK</vin><color>NavajoWhite</color><year>1981</year></automobile><automobile><person_id>bc7b976a-fb42-49d9-8bfd-1b7da37cfe96</person_id><license_plate>3VY Y84</license_plate><vin>4LS86AAM1BCXJE3TG</vin><color>LimeGreen</color><year>1989</year></automobile><automobile><person_id>bc7b976a-fb42-49d9-8bfd-1b7da37cfe96</person_id><license_plate>70M•290</license_plate><vin>FPLA31P69HS9X94TN</vin><color>NavajoWhite</color><year>1980</year></automobile><automobile><person_id>ac458e14-5119-4c9b-9eab-f3fea2ccf432</person_id><license_plate>178-NSM</license_plate><vin>HPGDX1TL6SUMFANT6</vin><color>PowderBlue</color><year>1997</year></automobile><automobile><person_id>ac458e14-5119-4c9b-9eab-f3fea2ccf432</person_id><license_plate>HQD-0365</license_plate><vin>E54V1EBY8MWP2UX79</vin><color>DarkOrange</color><year>1996</year></automobile><automobile><person_id>ac458e14-5119-4c9b-9eab-f3fea2ccf432</person_id><license_plate>XFX0584</license_plate><vin>J0BP20421ZCXEB7NP</vin><color>Moccasin</color><year>1995</year></automobile><automobile><person_id>d73886a7-1f84-42c8-a6eb-fe68d45ba5b9</person_id><license_plate>4UKF 70</license_plate><vin>1S1YA0V160HWJ1Z2U</vin><color>Teal</color><year>1976</year></automobile><automobile><person_id>d73886a7-1f84-42c8-a6eb-fe68d45ba5b9</person_id><license_plate>HYT 619</license_plate><vin>T74M9RPU4PNWNLWPU</vin><color>PaleVioletRed</color><year>1984</year></automobile><automobile><person_id>5d365cef-e105-4ffd-950f-372a350d498a</person_id><license_plate>516 IO5</license_plate><vin>AUM3AR0B1J77J70FN</vin><color>Maroon</color><year>1974</year></automobile><automobile><person_id>923bd704-4785-432d-a237-257bc812795d</person_id><license_plate>EWY-5525</license_plate><vin>8YN2RPYP17RCGFPTY</vin><color>LightGray</color><year>2020</year></automobile><automobile><person_id>923bd704-4785-432d-a237-257bc812795d</person_id><license_plate>ZSC N31</license_plate><vin>451C9TW17WPV5EKSW</vin><color>Cornsilk</color><year>1984</year></automobile><automobile><person_id>a9a84036-8ef1-41c7-88a9-5922fb748f67</person_id><license_plate>Z44-05E</license_plate><vin>TKPVY4UZXA1DD8RW9</vin><color>LightSteelBlue</color><year>2003</year></automobile><automobile><person_id>927919ef-eca9-46ab-a5e1-a30c3af027bf</person_id><license_plate>MZD 481</license_plate><vin>ZV6NTD181YNE80U4V</vin><color>Bisque</color><year>2007</year></automobile><automobile><person_id>927919ef-eca9-46ab-a5e1-a30c3af027bf</person_id><license_plate>ZXW-6879</license_plate><vin>AR7XMZ6V7VTCHTD3H</vin><color>BurlyWood</color><year>1983</year></automobile><automobile><person_id>745be76d-d3c5-42a3-803f-4b390c44c9ab</person_id><license_plate>UNQ-2984</license_plate><vin>3WURMAM72WHS6SPY1</vin><color>SpringGreen</color><year>1986</year></automobile><automobile><person_id>ddf39596-5979-48fd-84db-f3351a845829</person_id><license_plate>PVR 382</license_plate><vin>A4BG9MSA5DKJ19MWJ</vin><color>MediumSlateBlue</color><year>1980</year></automobile><automobile><person_id>ddf39596-5979-48fd-84db-f3351a845829</person_id><license_plate>176-WDU</license_plate><vin>E111EBC08PXM512PK</vin><color>LightGray</color><year>1998</year></automobile><automobile><person_id>717e558b-e80d-4de7-bce1-2ca2c3edfc7f</person_id><license_plate>592 BY9</license_plate><vin>JW9UHENE8DA1LAX0H</vin><color>Aquamarine</color><year>1974</year></automobile><automobile><person_id>159ef928-db5d-4ef4-a7b3-40faf6ed07da</person_id><license_plate>OPE 864</license_plate><vin>KYC8LJND8M2Y96DRR</vin><color>MediumOrchid</color><year>1984</year></automobile><automobile><person_id>5683fe0f-c9c2-469c-aaff-5726593e0e48</person_id><license_plate>907 UKC</license_plate><vin>6DZTXP5N5PW8XPDZG</vin><color>GhostWhite</color><year>2010</year></automobile><automobile><person_id>2da5ef00-c71d-4e20-9eac-e1c299405b4b</person_id><license_plate>MAO 185</license_plate><vin>BD9ASAHY48NK66Z79</vin><color>MintCream</color><year>1979</year></automobile><automobile><person_id>2da5ef00-c71d-4e20-9eac-e1c299405b4b</person_id><license_plate>77KE8</license_plate><vin>4ZR82F8W6AVLVJVFW</vin><color>Turquoise</color><year>1992</year></automobile><automobile><person_id>745ae96e-1476-46a4-b1fc-a050dba84d32</person_id><license_plate>562 PW7</license_plate><vin>69WNXC1E48G3DR092</vin><color>DarkViolet</color><year>1977</year></automobile><automobile><person_id>643f0bcc-3b53-4fb8-b997-7c8f280a0848</person_id><license_plate>SLN9541</license_plate><vin>UWSVVA340V5VB4PXB</vin><color>DimGray</color><year>2013</year></automobile><automobile><person_id>643f0bcc-3b53-4fb8-b997-7c8f280a0848</person_id><license_plate>KBH 467</license_plate><vin>X28W575902CNTA480</vin><color>Pink</color><year>2018</year></automobile><automobile><person_id>c3e08626-c033-42dc-9bf5-0df2d0b5a07e</person_id><license_plate>3Y 9141A</license_plate><vin>0D2R804F00EP9AFCU</vin><color>DarkMagenta</color><year>2011</year></automobile><automobile><person_id>14d8d778-8aa7-43b2-8a92-be45ffdfbf2d</person_id><license_plate>GQO 690</license_plate><vin>D3SLW29Y1VV1LS4WJ</vin><color>SteelBlue</color><year>1991</year></automobile><automobile><person_id>780abddc-c2d9-46f2-90bd-1140dc5948fd</person_id><license_plate>953 NCW</license_plate><vin>E0DPW4854RJWVC1J8</vin><color>LightSalmon</color><year>2016</year></automobile><automobile><person_id>8c33106f-f5c1-497e-8729-5c1ba484c652</person_id><license_plate>9D 6G3GTW</license_plate><vin>0T7TB4N52T2PZS43K</vin><color>MidnightBlue</color><year>2005</year></automobile><automobile><person_id>75cf54e9-4cb7-4e44-a2a4-b992dda23c6c</person_id><license_plate>182-429</license_plate><vin>ZL4PNURP5S1Y88E25</vin><color>BlueViolet</color><year>2013</year></automobile><automobile><person_id>42fc0299-c346-4161-8b6f-bdaedf888ab6</person_id><license_plate>QF 8301</license_plate><vin>4S0KWZ5WXUYYRF3HU</vin><color>DarkGreen</color><year>2004</year></automobile><automobile><person_id>42fc0299-c346-4161-8b6f-bdaedf888ab6</person_id><license_plate>272NVJ</license_plate><vin>51PYVMRD4KHMV6DNA</vin><color>OliveDrab</color><year>1975</year></automobile><automobile><person_id>42fc0299-c346-4161-8b6f-bdaedf888ab6</person_id><license_plate>RJS-7231</license_plate><vin>4NLVY3NJ1T37GSH58</vin><color>AntiqueWhite</color><year>2022</year></automobile><automobile><person_id>769e783d-114d-4915-90ab-e3dd41fe2b07</person_id><license_plate>ZGK9589</license_plate><vin>57EHE4B9XJFTE9YLB</vin><color>LightGoldenRodYellow</color><year>1998</year></automobile><automobile><person_id>c9658259-9b1d-4136-bcc4-1a6396b16750</person_id><license_plate>845 DJK</license_plate><vin>RZYZKR3W2YA9WLVMU</vin><color>GreenYellow</color><year>1973</year></automobile><automobile><person_id>55647259-a1ca-454d-be15-c1228d671965</person_id><license_plate>7I 6360K</license_plate><vin>DMPZKXJ011MU8KM1Z</vin><color>BurlyWood</color><year>2008</year></automobile><automobile><person_id>55647259-a1ca-454d-be15-c1228d671965</person_id><license_plate>935-XHP</license_plate><vin>PC0RYGGJ4WZ4G6E2S</vin><color>DarkViolet</color><year>1980</year></automobile><automobile><person_id>ff1bc5a3-310d-4245-a253-5bc1236f79fa</person_id><license_plate>0S 5397J</license_plate><vin>P3LD9B1L5VTUV314E</vin><color>LimeGreen</color><year>1989</year></automobile><automobile><person_id>ff1bc5a3-310d-4245-a253-5bc1236f79fa</person_id><license_plate>GL 2005</license_plate><vin>XUZ2EEHT6T7XY50E4</vin><color>Olive</color><year>1979</year></automobile><automobile><person_id>55525649-a477-4cc4-98e5-aa335f118cb3</person_id><license_plate>A02 1GJ</license_plate><vin>9S2X1EWD5637E0GY5</vin><color>NavajoWhite</color><year>2002</year></automobile><automobile><person_id>55525649-a477-4cc4-98e5-aa335f118cb3</person_id><license_plate>12M J93</license_plate><vin>MJVM29VT8UCSRZ3U5</vin><color>SlateGray</color><year>1993</year></automobile><automobile><person_id>23ab4040-3c1e-45e9-9272-20339a57b940</person_id><license_plate>1ZYI 83</license_plate><vin>7KYFH6UV45CACDVSS</vin><color>LightGoldenRodYellow</color><year>1981</year></automobile><automobile><person_id>23ab4040-3c1e-45e9-9272-20339a57b940</person_id><license_plate>1C EJ532</license_plate><vin>W3KS3078429K03NY9</vin><color>SeaGreen</color><year>2003</year></automobile><automobile><person_id>62b342ed-b991-42f6-9bfa-ddb10cda366d</person_id><license_plate>299 AYV</license_plate><vin>14SRM8ZJ8UEV8DLKJ</vin><color>HoneyDew</color><year>2022</year></automobile><automobile><person_id>46b8c685-0322-47de-856a-ff7c49d48c6a</person_id><license_plate>189-UALJ</license_plate><vin>8N5L02FP13PC44DK3</vin><color>DarkGoldenRod</color><year>2008</year></automobile><automobile><person_id>46b8c685-0322-47de-856a-ff7c49d48c6a</person_id><license_plate>4N 54218</license_plate><vin>1ZKAC79DXFJA31KXR</vin><color>DarkSalmon</color><year>2000</year></automobile><automobile><person_id>177fcf79-6afc-4b2b-9973-f4978e3e7fb3</person_id><license_plate>TGB 3609</license_plate><vin>BK8DD9WSX3KF0GGUZ</vin><color>Cyan</color><year>2000</year></automobile><automobile><person_id>177fcf79-6afc-4b2b-9973-f4978e3e7fb3</person_id><license_plate>320 LNY</license_plate><vin>Z6C1X5390VXH1LB5R</vin><color>DarkBlue</color><year>2010</year></automobile><automobile><person_id>b318d895-4025-4413-8177-2984c3ceff05</person_id><license_plate>HIH-023</license_plate><vin>K5PE0R5A2XH9UMG9N</vin><color>LawnGreen</color><year>1981</year></automobile><automobile><person_id>b318d895-4025-4413-8177-2984c3ceff05</person_id><license_plate>6-Y2409</license_plate><vin>2L7CT74C7KPHGDMNK</vin><color>BlueViolet</color><year>1970</year></automobile><automobile><person_id>d319955d-e423-4672-8911-dd41cfc90add</person_id><license_plate>241PO</license_plate><vin>87AZLJES6BJ7Y8HSX</vin><color>LemonChiffon</color><year>1995</year></automobile><automobile><person_id>d319955d-e423-4672-8911-dd41cfc90add</person_id><license_plate>736-965</license_plate><vin>FAU1JXKM2TEYU1ZTK</vin><color>SeaGreen</color><year>2014</year></automobile><automobile><person_id>c9a18cea-35af-4772-8f33-0005b8d66f12</person_id><license_plate>KWE 669</license_plate><vin>1W1ME8DT5UNLJ95SP</vin><color>Maroon</color><year>1994</year></automobile><automobile><person_id>c9a18cea-35af-4772-8f33-0005b8d66f12</person_id><license_plate>33M S91</license_plate><vin>WN22TY6013EUJM1MD</vin><color>MediumBlue</color><year>1995</year></automobile><automobile><person_id>371d1d07-e7cc-44d7-b56a-fed7b2f2ba6f</person_id><license_plate>447 WMS</license_plate><vin>4WVEXPXF4R3PY6JZ3</vin><color>DarkSeaGreen</color><year>2023</year></automobile><automobile><person_id>371d1d07-e7cc-44d7-b56a-fed7b2f2ba6f</person_id><license_plate>UES 377</license_plate><vin>DHVEUGUR5SS2LUCM1</vin><color>Sienna</color><year>2009</year></automobile><automobile><person_id>371d1d07-e7cc-44d7-b56a-fed7b2f2ba6f</person_id><license_plate>746 PMO</license_plate><vin>MYAWHS764ZU7ZVL6P</vin><color>LightBlue</color><year>2006</year></automobile></automobiles>