"id"|"first_name"|"last_name"|"sex"|"address"|"phone_number"|"profession"|"company"|"date_of_birth"
"ce566c17-5a1d-47d7-affb-585588ba30f9"|"Jason"|"Joseph"|"M"|"139 Nelson Estate"|"628-968-6386x6660"|"Electrical engineer"|"Walker, Delgado and Kelly"|"1935-03-03"
"2cbd4573-69d5-4ac7-a10b-f120a6f06283"|"Lisa"|"Shelton"|"F"|"447 Dakota Extensions"|"001-377-537-0555"|"Occupational hygienist"|"Jones-Guzman"|"1931-03-12"
"bda603cd-a69b-4efc-a0de-7ee0fd7a5a36"|"Stephanie"|"Holmes"|"F"|"400 Monica Burgs Suite 695"|"594-665-3506x7581"|"Orthoptist"|"Cardenas-Garcia"|"1989-05-03"
"979c1390-94c0-490f-a61a-0014fbec3ab6"|"Sandra"|"Curry"|"F"|"127 Ortiz Brooks"|"705.578.1062"|"Dancer"|"Brown and Sons"|"1970-12-30"
"ee2f443d-60bb-4db7-b1ef-3ea6e1fc5ded"|"Carla"|"Clark"|"F"|"872 Jeffery Isle"|"401-726-5645"|"Engineer, manufacturing systems"|"Warner, Wilkins and Villanueva"|"1969-01-19"
"1cb14be5-dcc9-45c4-ba19-4feb68fec927"|"Patterson"|"Espinoza"|"F"|"853 Nicole Via"|"573.859.1481x92938"|"Local government officer"|"Martinez-Dunlap"|"1940-04-03"
"0bc98c25-f387-48d2-9742-d3d3aca6c543"|"Jason"|"Aguilar"|"M"|"292 Davis Landing"|"001-861-824-5044x770"|"Glass blower/designer"|"Bullock-Hamilton"|"1951-11-05"
"d9fa7a76-68da-49a8-9698-785132718703"|"Lauren"|"Weaver"|"F"|"955 Thomas Ford"|"251-438-0294x933"|"Insurance claims handler"|"Moran-Baker"|"1996-04-16"
"1c9c6646-236d-4bab-8fff-e3e9454a3092"|"Nicole"|"Garcia"|"F"|"54 Luna Loop"|"(639)522-0925"|"Surveyor, planning and development"|"Molina and Sons"|"1953-05-26"
"ac1dd54d-d2c8-41bb-86b9-e0522feafaf8"|"Molly"|"Glover"|"F"|"116 Randall Burg"|"(265)336-5392"|"Designer, exhibition/display"|"Jackson and Sons"|"1946-05-27"
"5cb76d43-07ec-492b-b3e5-a63dafecda58"|"Gregory"|"Weaver"|"M"|"39 Charles Mall Apt. 745"|"(731)475-9076"|"Biomedical scientist"|"Baker and Sons"|"2021-11-21"
"3eafa24a-b3c0-4c99-9837-be8b80b46720"|"Donald"|"Jackson"|"M"|"205 Aimee Circles"|"302.442.1345x6230"|"Education officer, environmental"|"Martinez Ltd"|"1979-03-15"
"f817c5a1-a352-4cc5-aee1-77b074974b9b"|"Allison"|"Glover"|"F"|"509 Cox Turnpike Apt. 083"|"856.415.6596"|"Electrical engineer"|"Bradley-Oconnor"|"1918-02-06"
"db118cc1-17ec-4e29-9f1c-9da2a887b659"|"Sarah"|"Hale"|"F"|"6 Higgins Port Apt. 001"|"9809055420"|"Warehouse manager"|"Massey and Sons"|"1950-07-27"
"acf53edf-cd00-4232-be45-fd4605de5113"|"Jason"|"Patton"|"M"|"116 Alexis Run Suite 764"|"586-825-0013"|"Pensions consultant"|"Bryant, Jacobs and Davis"|"1961-05-28"
"8550b0e9-d3a2-4c0d-b58c-f06d2c0f22d3"|"Cassandra"|"Reyes"|"F"|"440 King Land"|"+1-777-528-4707x6193"|"Production assistant, radio"|"Perez LLC"|"1982-12-08"
"865b00fe-a269-4cb0-b1d8-a7974a25f3f8"|"Lucas"|"Smith"|"M"|"826 Angela Lights"|"337-355-3693"|"Archaeologist"|"Johnson Group"|"1972-10-15"
"d2f366b9-0974-4b10-a96b-c6e8eabde5f5"|"Tracy"|"Cochran"|"F"|"699 Vincent Mountain Apt. 316"|"479.428.1254x04719"|"Architectural technologist"|"Brown and Sons"|"1946-11-05"
"bf04d032-7bf5-44f0-b020-ec84f1aa2c57"|"Jodi"|"Hernandez"|"F"|"368 Christopher Ways"|"(847)411-0691x96792"|"Passenger transport manager"|"Ford, Turner and Marshall"|"1948-04-28"
"a0ca7577-5bc8-4cd7-a94d-5d3be1f8fe24"|"Wendy"|"Aguilar"|"F"|"385 Donald Village Apt. 289"|"001-677-787-1636x36749"|"Engineer, electrical"|"Beasley, Black and Clark"|"1936-12-05"
"2dbe28a3-7005-4e26-b93b-0be7389e7b6f"|"Elijah"|"Foster"|"M"|"533 Jeffrey Run"|"+1-644-517-9156"|"Records manager"|"Andrews, Hall and Garcia"|"1978-12-13"
"c8239180-20ac-468d-a19c-95ea7ee17c42"|"Dominguez"|"Burke"|"F"|"41 Troy Centers"|"001-628-440-3623x10331"|"Film/video editor"|"Phillips-Woods"|"1981-06-15"
"7a10cd48-c38a-435f-8a3d-04f1a679493f"|"Larry"|"Browning"|"M"|"318 Ross Camp Apt. 134"|"+1-388-407-0978"|"Clinical biochemist"|"Miller Group"|"1929-09-09"
"a179cfa5-e3c2-4581-88dd-0da895fd415a"|"Seth"|"Park"|"M"|"978 Shepard Bridge"|"9585508255"|"Higher education careers adviser"|"Stokes Inc"|"1994-04-05"
"2b4d01d2-bc51-4515-ab77-3a7ca4c823ef"|"Melanie"|"Davis"|"F"|"538 Colleen Mount"|"514-217-5201"|"Graphic designer"|"Jordan and Sons"|"1995-10-19"
"57f6a6de-97fa-46fe-b2cc-304206d952bb"|"Kimberly"|"Gray"|"F"|"293 Jeffery Spur Suite 411"|"(553)444-2390"|"Magazine features editor"|"Mullins-Nicholson"|"1989-02-08"
"93aa4717-1fab-4391-8f1b-453b07fd724a"|"Tina"|"Strickland"|"F"|"947 Charles Extension Apt. 046"|"856.247.8975"|"Systems analyst"|"Thompson-Scott"|"1936-12-22"
"6b01ff3d-3873-4d0c-8bbc-41d6c8d392e5"|"Victoria"|"Snyder"|"F"|"209 Davenport Fords"|"001-425-280-5116x71294"|"Sport and exercise psychologist"|"Carroll, Flores and Thomas"|"1927-04-12"
"714f8b49-13a1-450a-a109-9ffab8c8396b"|"Elizabeth"|"Boone"|"F"|"528 Chandler Tunnel Suite 681"|"+1-858-633-1071"|"Biochemist, clinical"|"Barry and Sons"|"1990-04-12"
"e60a3335-55d7-4c1a-a565-695494ae1007"|"Brandon"|"Riddle"|"M"|"247 Nicole Via"|"+1-737-222-5041x5369"|"Clinical molecular geneticist"|"Tucker-Brown"|"1951-12-24"
"6039f04b-95e1-494b-bb66-46a0b98ff9a3"|"James"|"King"|"M"|"506 Catherine Lock"|"(798)250-4305"|"Trading standards officer"|"Conley Ltd"|"1909-06-15"
"81c12523-2acd-4b05-a3ff-267190e41d81"|"Jessica"|"Harper"|"F"|"131 Nelson Estate"|"001-363-623-2732x9118"|"Engineer, maintenance"|"Nguyen PLC"|"1961-06-06"
"7849b2c5-6a87-4960-8f50-82eae6154aa4"|"Lisa"|"Dean"|"F"|"666 Thomas Wall Suite 035"|"471-456-2743x0234"|"IT sales professional"|"Bryant Inc"|"1922-05-20"
"fb5fde1d-e617-4560-afb9-125548f038f4"|"Todd"|"Gonzalez"|"M"|"97 Randolph Way Suite 427"|"920-772-6827x91470"|"Marine scientist"|"Walton, Bradshaw and Brooks"|"1987-11-28"
"407c06b1-1ff0-4a2d-b509-da694594e387"|"James"|"Buchanan"|"M"|"453 Nicole Via"|"(954)952-9349"|"Product manager"|"Blackwell, Anderson and Fisher"|"1928-02-04"
"309e214a-565f-46d7-9569-fe53173ec0e9"|"Karen"|"Suarez"|"F"|"122 Gabriel Hill Apt. 094"|"302.832.0850x64612"|"Firefighter"|"Harris, Kennedy and Higgins"|"2007-01-22"
"dc255874-1d03-4972-a547-b27a1a1a8736"|"Ashley"|"Weiss"|"F"|"256 Colleen Mount"|"755.655.2927"|"Civil engineer, consulting"|"Cochran Ltd"|"1931-06-24"
"7c52bd20-1655-4054-9f28-438b9d3113d9"|"Julie"|"Shields"|"F"|"627 Newton Wall"|"759.664.9285"|"Product designer"|"Lee, Hardy and Wilson"|"1985-08-26"
"39a4a756-132f-409b-ad66-bdd5e2092204"|"Edward"|"Spencer"|"M"|"263 Davenport Fords"|"532-295-6517x476"|"Multimedia programmer"|"Cox Ltd"|"1956-06-20"
"35bdf596-1ea0-4e1a-abeb-7ad3af44d162"|"Natalie"|"Peterson"|"F"|"670 Michelle Isle Apt. 431"|"488.571.3283x24633"|"Claims inspector/assessor"|"Williams-Cisneros"|"2001-03-07"
"8c147642-7265-4832-83da-642eb3445b96"|"Sherry"|"Benson"|"F"|"351 Thornton Land Suite 697"|"831-668-2001x7612"|"Chief of Staff"|"Nunez and Sons"|"1954-11-05"
"380ee467-4197-4094-b9fd-487c2cc40364"|"Gary"|"Mendoza"|"M"|"609 Tiffany Gateway"|"8208654861"|"Marine scientist"|"Green, Marsh and Zimmerman"|"1993-08-19"
"b5b08f28-68cd-401e-8cee-d59fd1f745b8"|"Savannah"|"Gardner"|"F"|"427 Simpson Mill Apt. 030"|"001-766-567-8347x56839"|"Housing manager/officer"|"Vincent PLC"|"1952-04-03"
"e4421e5c-3f55-42b4-b1c4-0c379ec0c0af"|"Donna"|"Rodriguez"|"F"|"333 Davis Landing"|"660.435.5769x429"|"Engineer, materials"|"Lawrence, Gonzalez and Carter"|"2009-08-15"
"659ba60c-edb3-4a8f-a3d9-4bc76369b561"|"Jacob"|"Lee"|"M"|"304 Monica Burgs Suite 695"|"(410)619-3018x38401"|"Orthoptist"|"Carroll-Sanders"|"1913-12-23"
"1c34de2f-93d8-4ba8-91e4-75f2eefc69c5"|"William"|"Tyler"|"M"|"767 Lewis Trace"|"841.346.5924"|"Social research officer, government"|"Patrick, Wright and Neal"|"1997-08-10"
"1b360d7b-d965-4946-bf33-ae1d9354388a"|"Brian"|"Smith"|"M"|"587 Tara Inlet"|"(831)344-5670x0443"|"Firefighter"|"Davis PLC"|"2001-10-28"
"dfa9aed5-7172-4e91-84a0-1b0a77e12b86"|"Timothy"|"Gillespie"|"M"|"990 Shepard Bridge"|"001-317-661-0432x505"|"Science writer"|"Proctor Group"|"1973-03-12"
"ba743372-658b-48cd-a8b4-ae125a151b31"|"Mariah"|"Welch"|"F"|"477 Jordan Vista Apt. 756"|"+1-943-444-6023x60594"|"Product designer"|"Jordan LLC"|"2012-06-25"
"829a6ec5-6bc2-4ee4-bb6a-b3b36152ec25"|"Charles"|"Mitchell"|"M"|"870 Weaver Haven"|"+1-380-522-7233"|"Systems analyst"|"Evans-Villegas"|"2009-09-18"
"56b147ea-8c68-494a-916a-b57b741fe4c0"|"Erica"|"Riley"|"F"|"658 John Fall Apt. 476"|"001-425-620-3024x0348"|"Police officer"|"Frazier-Fisher"|"1984-03-13"
"1ca5bb75-e0fa-469e-ae12-097d6047c1a4"|"Kimberly"|"Sanders"|"F"|"44 Nelson Estate"|"001-595-781-0909x808"|"Dancer"|"Smith, Pacheco and Ortega"|"1925-07-08"
"145eede5-4557-499d-9f8f-6d0881968e1b"|"Larry"|"Harding"|"M"|"838 Smith Ranch Suite 211"|"221.673.2955"|"Engineer, production"|"Grant, Green and Wilson"|"1937-03-24"
"fe96414e-7884-4e03-b1da-2d0b2f711949"|"Martin"|"Hubbard"|"M"|"75 Troy Centers"|"+1-601-826-4454x416"|"Event organiser"|"Banks, Morales and Le"|"1913-11-16"
"df453340-70e0-472b-bf87-35f443faffd5"|"Michael"|"Ramirez"|"M"|"812 Thomas Coves Suite 736"|"001-864-243-6225"|"Curator"|"Cruz, Ross and Wood"|"1945-12-03"
"531c4ad7-4ac0-4470-ab01-3e39661ffa99"|"Carl"|"Henderson"|"M"|"170 Tim Avenue Apt. 437"|"001-243-464-9089x8351"|"Tax inspector"|"Gardner-Smith"|"1960-03-05"
"99857665-6f79-4a01-8969-d35dcab824af"|"Michael"|"Roberts"|"M"|"732 Thomas Wall Suite 035"|"(244)514-9780x908"|"Commercial/residential surveyor"|"Gutierrez PLC"|"1910-10-14"
"4e58753b-6ef8-4224-83c5-648e76d77390"|"Nunez"|"Murray"|"M"|"396 Jonathan Place"|"573.966.3883x150"|"Gaffer"|"Mcdonald Group"|"1958-09-24"
"a746fe5c-cb92-4648-88b9-12b3732bb110"|"Sara"|"Saunders"|"F"|"242 Alexis Freeway Apt. 358"|"813.798.3042"|"Engineer, communications"|"Rivera Ltd"|"1974-09-23"
"4078fa77-ba42-4e88-8bde-062757994b15"|"Brianna"|"Ramirez"|"F"|"392 Weeks Meadow Suite 683"|"001-392-272-0214x7616"|"Barrister's clerk"|"Smith, Berry and Hughes"|"1947-03-23"
"0ddb0efc-550d-4bfa-a5bc-01cace4df80a"|"William"|"Allen"|"M"|"132 Haney Prairie Suite 518"|"389.291.6589"|"Broadcast presenter"|"Hall, Morse and Medina"|"1942-01-10"
"41b834f4-2892-4dfe-b4bb-522c5a2d082c"|"Kevin"|"King"|"M"|"418 Wilson Locks Apt. 694"|"(382)209-0595x70643"|"Engineer, control and instrumentation"|"Castillo, Bradshaw and Wells"|"1940-05-21"
"d772002d-c0d5-4d14-98c1-21755fdc447b"|"Kathy"|"Fisher"|"F"|"596 Parks Trace Suite 497"|"269-211-0835x06877"|"Journalist, newspaper"|"Contreras LLC"|"1926-06-05"
"90c328f1-07fd-45ef-9190-6febc04e2bf5"|"Susan"|"Garner"|"F"|"492 Douglas Springs"|"354-989-7119x19616"|"Homeopath"|"Torres Ltd"|"1938-04-26"
"8869d4aa-c018-4005-9ddc-f62774235942"|"Lauren"|"Burton"|"F"|"222 Alexis Freeway Apt. 358"|"001-607-549-5812x075"|"Pension scheme manager"|"Lopez-Kaiser"|"1921-05-22"
"d981be32-85d5-4432-9dac-30c27a634869"|"Robert"|"Clark"|"M"|"319 Haney Prairie Suite 518"|"(266)862-1228x95866"|"Health visitor"|"Ramos-Sims"|"1929-05-12"
"7f91adbb-73ff-4f89-903d-8ed7c8bcdec5"|"Tammy"|"Gomez"|"F"|"498 Davenport Fords"|"949.860.9220x05303"|"Investment banker, operational"|"Hobbs-Jones"|"1909-07-31"
"69873c0c-37c1-411e-b617-cd114c489e5b"|"Sharon"|"Fisher"|"F"|"149 Jessica Mountains Suite 248"|"6063576250"|"Medical laboratory scientific officer"|"Martin Inc"|"1943-10-30"
"f28b3f4b-f5bb-4f3c-906a-e97383eb6855"|"Megan"|"Riley"|"F"|"523 Monica Burgs Suite 695"|"(927)547-2087x00473"|"Amenity horticulturist"|"Lopez-Park"|"1966-03-16"
"316381d2-95ad-43ea-8263-dd37abec3959"|"Megan"|"Little"|"F"|"871 Banks Curve Apt. 123"|"(751)240-3067x377"|"Learning mentor"|"Young-Smith"|"2024-03-10"
"cc0170c4-7a4b-41c3-afb1-71489f22813f"|"Eric"|"Morris"|"M"|"326 Smith Ranch Suite 211"|"001-724-439-4770x9717"|"Engineer, site"|"Bradshaw Inc"|"1996-01-25"
"403b7f8c-1b96-41b6-9a7e-0bffa7e71c6a"|"Donna"|"Johnson"|"F"|"224 Shepard Bridge"|"853-286-6340x0387"|"Information officer"|"Nguyen LLC"|"1931-04-16"
"12e6bcca-e2f0-4703-94da-2cab4ab42252"|"Melinda"|"Johnson"|"F"|"376 Stacey Via Suite 001"|"5617335797"|"Production engineer"|"Cuevas Ltd"|"1984-08-27"
"bea505d4-f54e-4d63-8a40-32169487d1b0"|"Phillip"|"Gill"|"M"|"844 Yvette Loop"|"+1-231-608-9180x476"|"Intelligence analyst"|"Davis Inc"|"1976-07-18"
"c51c9452-1b71-47d0-9efa-5ee94535e08b"|"Cindy"|"Johnson"|"F"|"654 Charles Mall Apt. 745"|"(414)932-6196x344"|"Fast food restaurant manager"|"Avila-Schmidt"|"1974-02-25"
"5a8c70ec-0fea-4c8c-a49a-df503e7f15db"|"Andrea"|"Snyder"|"F"|"172 Jessica Mountains Suite 248"|"(931)706-0098x877"|"Production assistant, radio"|"King, Schmidt and Brown"|"2020-09-16"
"b77f2402-3131-435d-a63f-1db9c452db82"|"Brandon"|"Howard"|"M"|"607 Kari Alley Suite 131"|"9568469868"|"Curator"|"Sutton-Watkins"|"1980-07-18"
"646749ee-808f-45ca-974a-8c02da00405b"|"Jessica"|"Riley"|"F"|"467 Jeffery Spur Suite 411"|"370-982-5345"|"Consulting civil engineer"|"Taylor-Calhoun"|"1934-01-28"
"5cfe485a-abc9-4db3-a833-1348e041b315"|"Nicholas"|"Good"|"M"|"549 Yvette Loop"|"+1-519-487-4742x54790"|"Claims inspector/assessor"|"Cox, Fernandez and Davis"|"2018-02-09"
"606c44b9-1311-4f03-9ed8-6070999001a5"|"Kenneth"|"Richardson"|"M"|"918 Ross Camp Apt. 134"|"466.645.5399x55501"|"Designer, jewellery"|"Briggs-Leach"|"1928-03-26"
"ef5a6123-07af-4e56-a3cb-7ef26fe78f0b"|"Bryan"|"Ward"|"M"|"277 Smith Ranch Suite 211"|"+1-248-646-3269x07337"|"Site engineer"|"Weber-Thomas"|"1958-06-23"
"e13d0818-9578-4e1d-b0e8-d6454827a573"|"Frank"|"Holmes"|"M"|"760 Barry Shoal Suite 612"|"262-539-8072x510"|"Mechanical engineer"|"Chase, Pugh and Porter"|"1934-04-21"
"31a36345-bd35-4b35-a049-fdc56523cce4"|"Mary"|"Matthews"|"F"|"739 Bruce View Suite 976"|"001-684-740-6425x93771"|"Osteopath"|"Henson, Gonzalez and Davenport"|"2004-01-02"
"408ef05a-8b1d-45aa-9708-feea219cc2c5"|"Cathy"|"Mcdowell"|"F"|"642 Julia Station"|"001-312-313-9076x76521"|"Pensions consultant"|"Jones-Mitchell"|"1924-11-23"
"f00448c4-7d8f-4707-b42b-9d7b23f0c8e3"|"Beth"|"Smith"|"F"|"994 Alexandra Bridge Suite 474"|"266.571.7572x7227"|"Technical author"|"Simmons, Wyatt and Hines"|"1928-05-25"
"2832b118-8268-4abf-b3ab-0045dcd84fd1"|"Gordon"|"Long"|"M"|"877 Jones Courts Apt. 083"|"850-338-8672"|"Claims inspector/assessor"|"Fuentes Ltd"|"2022-07-04"
"acdd0840-e9f4-47dd-b181-000457358ea4"|"Kimberly"|"Herrera"|"F"|"621 Moore Crossroad Apt. 549"|"841.567.9838x6514"|"Acupuncturist"|"Shea Ltd"|"1911-03-04"
"3b58d9c5-8464-4f89-9f6e-f0067f7312e7"|"Rebecca"|"Mitchell"|"F"|"330 Colleen Mount"|"480-488-0977x6053"|"Multimedia specialist"|"Odonnell-Vincent"|"1996-07-16"
"87351a1d-19c5-451f-9a17-4f4f976cd0c2"|"Edward"|"Zimmerman"|"M"|"594 Thomas Coves Suite 736"|"288-892-0619x885"|"Tree surgeon"|"Koch Ltd"|"1965-07-14"
"eef21625-5fb1-4a31-99f8-eea3a28e3b29"|"Jeffrey"|"Wallace"|"M"|"291 Matthew Keys"|"643-521-1886"|"Research officer, trade union"|"Goodwin LLC"|"1973-05-18"
"e18622c1-011c-4904-8c5e-ee246861d591"|"Lynn"|"Lee"|"F"|"765 Anderson Port"|"(556)243-1819x0729"|"Therapist, music"|"Guerrero, Becker and Garcia"|"1920-09-26"
"d3292e8e-5a38-4c02-ace3-059ff01d275f"|"Linda"|"Smith"|"F"|"542 Porter Overpass"|"+1-371-320-7459x878"|"Astronomer"|"Herman Group"|"1932-06-30"
"4826984b-5309-4b59-878e-0019ca604f90"|"Kimberly"|"Stone"|"F"|"798 Jeffery Spur Suite 411"|"881-245-8634"|"Health promotion specialist"|"Turner Ltd"|"1924-03-27"
"a30fae0c-c764-4c7e-b79b-7d43e3a2b549"|"Justin"|"Fuller"|"M"|"922 Jeffery Isle"|"+1-588-904-5959x9084"|"Engineer, agricultural"|"Hardin, Martin and Armstrong"|"1953-06-09"
"11cd2dfd-577f-4c75-8055-7fcf910f710c"|"Francisco"|"Jones"|"M"|"693 Murphy Creek Suite 712"|"580.424.3899"|"Pension scheme manager"|"Nunez PLC"|"1999-04-16"
"5e68bde2-b02e-4972-b5b0-978a6d0cac47"|"Martin"|"Ruiz"|"M"|"935 Rosario Loop"|"001-976-416-6884x23147"|"Insurance claims handler"|"Blackwell, Robinson and Smith"|"1967-06-25"
"79f7b883-1803-4adb-98e3-faf3298baf8d"|"Melissa"|"Jackson"|"F"|"654 Wyatt Pike Suite 863"|"619.256.3112x241"|"Manufacturing systems engineer"|"Simmons Ltd"|"1937-08-18"
"87b4756a-bd15-4150-aba8-a1e4727a8114"|"Douglas"|"Lopez"|"M"|"641 Douglas Springs"|"577.337.2037"|"Nurse, mental health"|"Boyd, Young and Simpson"|"1980-03-29"
"67a9c1aa-09b1-4fc3-a478-879a89b2308f"|"Charles"|"Shelton"|"M"|"644 Weeks Meadow Suite 683"|"795.441.5287x700"|"Film/video editor"|"Allen-Evans"|"2013-06-05"
"fce49a0d-cf01-496f-9c89-7031edf57b9d"|"Keith"|"Morris"|"M"|"810 Randall Burg"|"918-568-0308x97661"|"Jewellery designer"|"Stephens Group"|"1934-01-23"
"75f40a87-6806-4eab-a40e-f3b78a789045"|"Savannah"|"Marquez"|"F"|"417 Phillip Spring"|"+1-647-201-7171"|"Insurance risk surveyor"|"Martin, Fields and Mendoza"|"1973-07-16"
"f046bd76-d82d-474b-9c31-fa6287ac4e3a"|"Stephen"|"Smith"|"M"|"52 Jonathan Place"|"(616)867-3998"|"Actor"|"Walker, Young and Hall"|"1916-06-20"
"f6dfa447-3260-4019-aa36-b79d3dbebf18"|"John"|"Jordan"|"M"|"435 May Rest Suite 582"|"867-715-3318"|"Field trials officer"|"Curry LLC"|"1962-07-14"
"2c207cb9-421f-4c98-8eb3-90d18d0d597c"|"Alexander"|"Reyes"|"M"|"64 Jackson Harbors Suite 257"|"001-321-617-0366x17951"|"Pilot, airline"|"Sims-Jackson"|"1960-01-25"
"4b7338ac-82b9-49ab-8b93-142a63a2b626"|"Laura"|"Williams"|"F"|"148 Weaver Haven"|"001-493-573-5309x917"|"TEFL teacher"|"Parks LLC"|"1945-09-13"
"2cea5096-8b96-44ae-8335-4e7e2af9fb3f"|"Perry"|"Dunn"|"M"|"425 Anderson Port"|"531.488.4332x7651"|"Museum/gallery conservator"|"Hebert and Sons"|"2001-06-08"
"e94a3470-66a8-4e81-86ac-67bcf817c7b6"|"Christopher"|"Bennett"|"M"|"682 Angela Lights"|"743.430.3103"|"Psychotherapist, dance movement"|"Holloway, Nguyen and Shields"|"1945-01-13"
"59537c30-d829-407d-9dd3-93e8b787c41a"|"George"|"Cervantes"|"M"|"129 Bailey Trail"|"(642)351-6063"|"IT technical support officer"|"Smith-Roman"|"1925-10-22"
"cd753d37-c01a-4c36-8e60-4a737a6672c8"|"Jennifer"|"Shields"|"F"|"528 Johnson Plains Suite 376"|"(954)881-3088x297"|"Production assistant, radio"|"Jones-Thomas"|"1943-03-06"
"2f5703ad-5b12-4764-85b5-d8f26a3745cf"|"Charles"|"Drake"|"M"|"563 Porter Overpass"|"933-245-0786"|"Information officer"|"Campbell, Jensen and Wade"|"1937-01-06"
"e8222898-291e-40a5-a78d-5d42d87bd427"|"Kenneth"|"Brown"|"M"|"899 Pham Ports"|"+1-351-822-1825x68206"|"Community arts worker"|"Gilbert-Fowler"|"1950-05-15"
"a6618ec2-6b4c-4db0-96b0-23bf5821ed66"|"Thomas"|"Weaver"|"M"|"196 Jackson Harbors Suite 257"|"989-390-6592"|"Surveyor, quantity"|"Hanna-Richards"|"1933-09-15"
"04445d55-b496-47f4-8f4b-3e22a76e8b7f"|"Anna"|"Roberts"|"F"|"673 Danielle Estates"|"(396)235-1834x5843"|"Veterinary surgeon"|"Fernandez-Mann"|"2019-05-12"
"edf2b612-fd57-4449-be68-157c69ee3c2e"|"Jorge"|"Welch"|"M"|"847 Moore Crossroad Apt. 549"|"+1-617-895-7233x6243"|"Agricultural engineer"|"Roman LLC"|"1936-04-18"
"b5952891-25a0-4c98-9563-a85e96cf2582"|"Heather"|"Terry"|"F"|"671 Castillo Underpass Apt. 535"|"548-439-0843"|"Public relations account executive"|"Bailey-Valencia"|"1946-08-29"
"2b04eb63-c677-4a1a-b4e4-6412f483f8dc"|"Gerald"|"Weiss"|"M"|"761 Gabriel Hill Apt. 094"|"781-786-0970"|"Ship broker"|"Garcia-Sutton"|"1958-09-04"
"8357be9a-6391-4453-b8c9-68d914378d88"|"Hannah"|"Welch"|"F"|"767 Mills Springs"|"596-390-5252x0926"|"Manufacturing systems engineer"|"Warren LLC"|"1989-08-29"
"cd26d52b-2f55-4cbf-99cb-ad022382677c"|"Leonard"|"Velez"|"M"|"948 Tara Inlet"|"(743)533-9466x254"|"Air broker"|"Thornton, Barr and Ramirez"|"1973-03-08"
"f17d63c6-a6f4-47dc-942b-fdbe80098558"|"Matthew"|"Davis"|"M"|"301 Christine Gateway"|"001-372-482-0649x141"|"Risk manager"|"Rich LLC"|"1992-02-03"
"db399a2e-ba44-47e3-b599-052b4e399c2a"|"Glen"|"Fernandez"|"M"|"112 Smith Ranch Suite 211"|"001-453-341-1544x66958"|"Herbalist"|"Oconnell-Fischer"|"1935-06-19"
"05f12ab0-6793-4419-ae2a-15b6a5e6fa24"|"Marcia"|"Howell"|"F"|"355 Bailey Trail"|"453-867-9612x23218"|"Personnel officer"|"Barber, Frederick and Harris"|"1925-01-15"
"5bfdcc4a-f5fd-4a25-9ccb-c2d211f4aa80"|"Melanie"|"Ray"|"F"|"218 Oneal Underpass"|"001-578-558-0706x3335"|"Furniture conservator/restorer"|"Andrews, Leach and Lamb"|"1943-04-17"
"f5766e80-22b8-4c16-bbd8-656b9c915c05"|"Monica"|"Moore"|"F"|"389 King Land"|"799.926.7559"|"Publishing rights manager"|"Mitchell-Brown"|"1952-10-21"
"c01d347d-953e-46ee-80b4-1533610ccb21"|"Christopher"|"Fernandez"|"M"|"797 Hanson Port"|"619.877.5442x93924"|"Charity fundraiser"|"Campbell-Schultz"|"1979-01-20"
"1f39d763-be1c-4910-a801-29adcb9883b6"|"Deanna"|"James"|"F"|"233 Patricia Row"|"001-346-636-7295x17061"|"Editor, magazine features"|"Meadows, Moon and Allen"|"2008-11-22"
"c55ee76b-7c41-455f-977d-d6d343e6a04a"|"Nicole"|"Shields"|"F"|"188 Randolph Way Suite 427"|"572.972.6759"|"Operations geologist"|"Davis LLC"|"2021-12-10"
"812f3b0e-b6cd-4464-9425-c765a271df75"|"Lamb"|"Mckee"|"M"|"73 Jackson Harbors Suite 257"|"899-960-5025"|"Surveyor, planning and development"|"Cain-Wiley"|"1923-03-09"
"9cdfcddc-d532-4f02-91d6-4c701f4d08ce"|"Johnson"|"Wilson"|"M"|"945 Stacey Via Suite 001"|"(319)815-4878"|"Psychiatrist"|"Holloway, Wolfe and Travis"|"1922-01-23"
"902649e0-d87f-4dde-b4ba-289b14571986"|"Joseph"|"Smith"|"M"|"516 Jonathan Place"|"001-960-615-1855"|"Scientist, forensic"|"Wright-Carlson"|"1910-12-18"
"fa6b0af1-2eae-4bfa-98d5-b7977ee5c81d"|"Jonathan"|"Gardner"|"M"|"471 Patricia Row"|"784-619-7014x3503"|"Biomedical engineer"|"Long-Bird"|"2023-07-11"
"cd0dfbc1-403b-419c-b913-ca95361a0881"|"Kathryn"|"Bond"|"F"|"977 Lee Burgs"|"247.610.2260x41310"|"Proofreader"|"Jones, Hart and Gonzalez"|"2006-01-03"
"d8fac890-5897-4156-8f92-19df5d4c9b12"|"Armstrong"|"Cervantes"|"F"|"520 Phillip Spring"|"001-333-322-7706x188"|"Museum education officer"|"Campbell-Knight"|"1918-02-28"
"3fcb37b7-77a3-42f5-a25c-751dc0ce9585"|"Bass"|"Robbins"|"F"|"276 Hensley Park Suite 873"|"3242632375"|"IT sales professional"|"Thomas, Cannon and Moore"|"1928-10-20"
"b2d6bd6f-cfb3-4a8c-8ea4-eea2d3bdec78"|"Stacy"|"Faulkner"|"F"|"283 Heather Garden Suite 383"|"893-792-0411"|"Volunteer coordinator"|"Sampson-Beck"|"2020-09-27"
"c34ccbe2-78a5-46e6-a2ab-7beef094e43f"|"Richard"|"Holmes"|"M"|"838 Haney Prairie Suite 518"|"+1-257-464-0468x3875"|"Oncologist"|"Jenkins and Sons"|"1958-12-10"
"33cc286a-0e1d-45db-b25c-750de5eb5a45"|"Carla"|"Berry"|"F"|"844 Higgins Port Apt. 001"|"(351)467-2505x59701"|"Engineer, water"|"Martinez LLC"|"1940-06-27"
"02ab33bf-b017-4972-b0b3-4f3a2b0520ec"|"Phillip"|"Ryan"|"M"|"620 Colleen Mount"|"001-550-471-9216x736"|"Clinical scientist, histocompatibility and immunogenetics"|"Schneider PLC"|"1943-02-04"