<?xml version="1.0" encoding="UTF-8" ?><automobiles><automobile><person_id>2e3f7871-8b01-40c2-9e53-9db8e5888bca</person_id><license_plate>94E•645</license_plate><vin>PX0ZV4VX6NLR44MM1</vin><color>NavajoWhite</color><year>2009</year></automobile><automobile><person_id>2e3f7871-8b01-40c2-9e53-9db8e5888bca</person_id><license_plate>NMC 021</license_plate><vin>YK2UCK3P6VVEFK2PP</vin><color>OldLace</color><year>1974</year></automobile><automobile><person_id>79b01d2b-a08c-4808-a710-42a72da3eedf</person_id><license_plate>EKR 956</license_plate><vin>05AB2SZM2A94WD9EB</vin><color>DarkOrange</color><year>2017</year></automobile><automobile><person_id>79b01d2b-a08c-4808-a710-42a72da3eedf</person_id><license_plate>M22-QQL</license_plate><vin>U8N8EDWJ7Z1VX1F7M</vin><color>GoldenRod</color><year>2009</year></automobile><automobile><person_id>88f32d25-1c01-4c9d-a776-fe7c6a0e9a60</person_id><license_plate>VO 73892</license_plate><vin>M5W2B377XSR842670</vin><color>Gray</color><year>2000</year></automobile><automobile><person_id>88f32d25-1c01-4c9d-a776-fe7c6a0e9a60</person_id><license_plate>TPK-457</license_plate><vin>AZFVUYLT5FWS6TAKY</vin><color>Maroon</color><year>1986</year></automobile><automobile><person_id>88f32d25-1c01-4c9d-a776-fe7c6a0e9a60</person_id><license_plate>535NY</license_plate><vin>FCAMBN461A8N9SM7A</vin><color>Gainsboro</color><year>2010</year></automobile><automobile><person_id>fbe2916c-b771-4684-9a04-048de338da15</person_id><license_plate>3K G7916</license_plate><vin>CDB0GU9G7X36LL9M6</vin><color>MediumSpringGreen</color><year>1976</year></automobile><automobile><person_id>3e93ed2c-283e-43f8-bc40-fa25e1098d82</person_id><license_plate>ZNB 528</license_plate><vin>YR5M33DK89Y71K3FS</vin><color>DarkSlateGray</color><year>2007</year></automobile><automobile><person_id>3e93ed2c-283e-43f8-bc40-fa25e1098d82</person_id><license_plate>HGB 277</license_plate><vin>D2CCKG2S51EPS2EZP</vin><color>PowderBlue</color><year>1996</year></automobile><automobile><person_id>912900e5-095e-4bff-98b8-349339a07f61</person_id><license_plate>9-15342O</license_plate><vin>R9SPPN848DA3NJUF0</vin><color>DarkSlateBlue</color><year>1987</year></automobile><automobile><person_id>912900e5-095e-4bff-98b8-349339a07f61</person_id><license_plate>ZS-1239</license_plate><vin>KCYYK13Z06S5KDHW5</vin><color>AntiqueWhite</color><year>2018</year></automobile><automobile><person_id>912900e5-095e-4bff-98b8-349339a07f61</person_id><license_plate>AY5 0633</license_plate><vin>8PPUKCD1421KC32KK</vin><color>PaleVioletRed</color><year>1982</year></automobile><automobile><person_id>961e2a55-608d-456d-9acf-0db750a9a69f</person_id><license_plate>9-9854X</license_plate><vin>Y7ZC8RRCXGXT5B346</vin><color>Lavender</color><year>1997</year></automobile><automobile><person_id>e65110e6-ceca-46f2-a1ba-124dd90d1abf</person_id><license_plate>ENW 533</license_plate><vin>F02X2YLV01HNRXU4V</vin><color>LavenderBlush</color><year>1974</year></automobile><automobile><person_id>aa8cc7be-050a-4021-a0e8-6d062f15031e</person_id><license_plate>004 UCL</license_plate><vin>SN3JD2ZS8RU2Y9WG8</vin><color>IndianRed</color><year>2004</year></automobile><automobile><person_id>847bc735-cff1-4df2-a8b5-2a03709213a4</person_id><license_plate>EMO6233</license_plate><vin>YBV1JYU97A84188YH</vin><color>LightBlue</color><year>1977</year></automobile><automobile><person_id>847bc735-cff1-4df2-a8b5-2a03709213a4</person_id><license_plate>9T 4F7HXA</license_plate><vin>VXFPHU48170BU8H61</vin><color>OldLace</color><year>2020</year></automobile><automobile><person_id>bc9ce7c5-6517-4129-a2c8-6842dfeda27c</person_id><license_plate>323 DD7</license_plate><vin>DNCAEJ0P72HNW9X2V</vin><color>Green</color><year>2010</year></automobile><automobile><person_id>bc9ce7c5-6517-4129-a2c8-6842dfeda27c</person_id><license_plate>TVJ6588</license_plate><vin>ZF4EV9XS900MHA21P</vin><color>Cyan</color><year>1972</year></automobile><automobile><person_id>3d1a3f32-5df5-4997-b1c3-85faed10cac3</person_id><license_plate>U 639950</license_plate><vin>70R0C4GA0WGDJR9LS</vin><color>Olive</color><year>2011</year></automobile><automobile><person_id>3d1a3f32-5df5-4997-b1c3-85faed10cac3</person_id><license_plate>982-BDPS</license_plate><vin>EN4JWDK63NNCH0BVR</vin><color>PeachPuff</color><year>1998</year></automobile><automobile><person_id>d9ef8191-d03e-448c-a454-689445f09e0b</person_id><license_plate>UPK-4820</license_plate><vin>UFT0PMKE0H52FS8HS</vin><color>LightGoldenRodYellow</color><year>2015</year></automobile><automobile><person_id>d9ef8191-d03e-448c-a454-689445f09e0b</person_id><license_plate>361DBH</license_plate><vin>19CS7EJX0KG2EPLJG</vin><color>Tomato</color><year>1991</year></automobile><automobile><person_id>2420c697-499f-4c04-a1fc-f461fbf42b3e</person_id><license_plate>UFT3508</license_plate><vin>7ZU9356P07SH2373N</vin><color>MediumVioletRed</color><year>1991</year></automobile><automobile><person_id>3216c277-c803-4d08-873d-b9380909cad4</person_id><license_plate>805RU</license_plate><vin>J7T0ZWGT9S9029MU1</vin><color>Navy</color><year>2002</year></automobile><automobile><person_id>3216c277-c803-4d08-873d-b9380909cad4</person_id><license_plate>8U 7P4WGB</license_plate><vin>HEUPXJVZ9SNY1015N</vin><color>Crimson</color><year>2009</year></automobile><automobile><person_id>2c648f8c-43d5-403f-95de-f280225a63c8</person_id><license_plate>JI9 2627</license_plate><vin>7LSTBXS73PP1L4GSH</vin><color>Chocolate</color><year>1991</year></automobile><automobile><person_id>9dd1b83c-44e9-4e0d-b0d5-3a36f2032410</person_id><license_plate>8MG 888</license_plate><vin>EFYP8PFR4YSWATC0Y</vin><color>DarkRed</color><year>1976</year></automobile><automobile><person_id>63ce978d-463a-4975-84c6-1a7598ebc70b</person_id><license_plate>467-WBND</license_plate><vin>SZESAHTE52EC7KZXE</vin><color>CadetBlue</color><year>2014</year></automobile><automobile><person_id>63ce978d-463a-4975-84c6-1a7598ebc70b</person_id><license_plate>LRT 777</license_plate><vin>XT914GR559H1ZN9DA</vin><color>Gainsboro</color><year>2006</year></automobile><automobile><person_id>ea6b6b3e-3277-4d04-a9f6-4cd9168ccab8</person_id><license_plate>UH6 W3D</license_plate><vin>XR0PFH173SF7DD3KP</vin><color>HoneyDew</color><year>1993</year></automobile><automobile><person_id>ea6b6b3e-3277-4d04-a9f6-4cd9168ccab8</person_id><license_plate>4AT2000</license_plate><vin>GNTU9CG738989J7E2</vin><color>Blue</color><year>1983</year></automobile><automobile><person_id>ac75a65f-16bb-4d02-9295-df297ef3787d</person_id><license_plate>T26-02G</license_plate><vin>EG0GG6R913T57AMDJ</vin><color>Azure</color><year>2019</year></automobile><automobile><person_id>ac75a65f-16bb-4d02-9295-df297ef3787d</person_id><license_plate>070-LIS</license_plate><vin>0B6E215X9JFSDBYPB</vin><color>Tan</color><year>2022</year></automobile><automobile><person_id>63f895b0-1a8c-4a28-a9a6-401c3336daea</person_id><license_plate>3INK 31</license_plate><vin>841V7MSP8LLVK47G0</vin><color>DimGray</color><year>1995</year></automobile><automobile><person_id>63f895b0-1a8c-4a28-a9a6-401c3336daea</person_id><license_plate>R67 9AH</license_plate><vin>AGEWR8L199DHD5MDE</vin><color>HotPink</color><year>1984</year></automobile><automobile><person_id>e2a0e187-6c56-412c-944d-d263e76a6c31</person_id><license_plate>ZAP 677</license_plate><vin>6MC20XJN9VBP6B0RW</vin><color>MediumSlateBlue</color><year>2016</year></automobile><automobile><person_id>e2a0e187-6c56-412c-944d-d263e76a6c31</person_id><license_plate>864 ZOL</license_plate><vin>C99P6R1G3DPM24DX5</vin><color>LimeGreen</color><year>1972</year></automobile><automobile><person_id>e2a0e187-6c56-412c-944d-d263e76a6c31</person_id><license_plate>32-13946</license_plate><vin>KKAEAL622Y3S4PUEB</vin><color>Magenta</color><year>2000</year></automobile><automobile><person_id>04e28e2d-e9a6-495b-a246-2b2dea911673</person_id><license_plate>17E G45</license_plate><vin>6SFGWH258ZRTP756F</vin><color>Tomato</color><year>2006</year></automobile><automobile><person_id>d76973a0-c8df-41a6-b6c5-100c2b35cb2d</person_id><license_plate>975 4LZ</license_plate><vin>E4V71PJH8EDPPMJ1J</vin><color>LimeGreen</color><year>2016</year></automobile><automobile><person_id>d76973a0-c8df-41a6-b6c5-100c2b35cb2d</person_id><license_plate>WQZ3575</license_plate><vin>CU3MWG3K1F23FE13H</vin><color>Aquamarine</color><year>2009</year></automobile><automobile><person_id>eaecb069-333d-45a7-ba72-7700b2ded035</person_id><license_plate>2Z 57617</license_plate><vin>1LZLB5SMXF21PCUB4</vin><color>AntiqueWhite</color><year>1981</year></automobile><automobile><person_id>eaecb069-333d-45a7-ba72-7700b2ded035</person_id><license_plate>ZW 15296</license_plate><vin>RV8J7B673WZH1AEDU</vin><color>RoyalBlue</color><year>1985</year></automobile><automobile><person_id>eaecb069-333d-45a7-ba72-7700b2ded035</person_id><license_plate>1KN 391</license_plate><vin>JL931KYR7ZADVGKJ9</vin><color>NavajoWhite</color><year>1986</year></automobile><automobile><person_id>4ae234fc-8c87-4349-9aa7-88044477f60e</person_id><license_plate>3-43736</license_plate><vin>0B0E40LJ93274VBUU</vin><color>DarkSlateGray</color><year>2022</year></automobile><automobile><person_id>4ae234fc-8c87-4349-9aa7-88044477f60e</person_id><license_plate>431-KKR</license_plate><vin>KH3BR5B834S7GV0P4</vin><color>Orchid</color><year>2004</year></automobile><automobile><person_id>b80baede-a503-4461-8a16-afb90ffe05b9</person_id><license_plate>XZH-1072</license_plate><vin>HV1GLFK53NAYMMMPZ</vin><color>LightCoral</color><year>1981</year></automobile><automobile><person_id>b80baede-a503-4461-8a16-afb90ffe05b9</person_id><license_plate>OLG S06</license_plate><vin>MND6PEE3181KP13YY</vin><color>SlateBlue</color><year>1997</year></automobile><automobile><person_id>b80baede-a503-4461-8a16-afb90ffe05b9</person_id><license_plate>501-WAD</license_plate><vin>75V0UH9M4L0WG68TV</vin><color>MidnightBlue</color><year>2022</year></automobile><automobile><person_id>23317480-2a8e-4320-b042-7c175cdbe95f</person_id><license_plate>BU8 Q9E</license_plate><vin>T6UTPLME3Z3HS1T9S</vin><color>OliveDrab</color><year>1974</year></automobile><automobile><person_id>185a9fb8-3e1f-4bc8-8fb4-5ec9c64d953b</person_id><license_plate>427 KYJ</license_plate><vin>2KJ0WH988R9JECXVR</vin><color>MediumSlateBlue</color><year>1979</year></automobile><automobile><person_id>995013a0-208d-437d-9d96-6dbf471d209e</person_id><license_plate>F63-HBB</license_plate><vin>VW0WT6XJ9Z29ESKJC</vin><color>Snow</color><year>1994</year></automobile><automobile><person_id>350d1724-2a4d-491b-849c-afcf65393aba</person_id><license_plate>357 RET</license_plate><vin>Z8M38WUR55DALA78B</vin><color>LightGreen</color><year>2021</year></automobile><automobile><person_id>7b680855-56e7-4f8f-babb-dd0d267aa5b6</person_id><license_plate>08G 805</license_plate><vin>9SHL5290XNZVGDAGZ</vin><color>White</color><year>2007</year></automobile><automobile><person_id>7b680855-56e7-4f8f-babb-dd0d267aa5b6</person_id><license_plate>11ZD6</license_plate><vin>JNLA1ZRG4HUC2WKNX</vin><color>Wheat</color><year>1982</year></automobile><automobile><person_id>68eb9a81-dad2-4f8f-a1a1-370bbb0c42c7</person_id><license_plate>BKF-4763</license_plate><vin>DYZDJFES9PMKJYCFT</vin><color>LightSteelBlue</color><year>1981</year></automobile><automobile><person_id>68eb9a81-dad2-4f8f-a1a1-370bbb0c42c7</person_id><license_plate>02D O07</license_plate><vin>RP3WW1TZ5AFDS855X</vin><color>MediumSeaGreen</color><year>2001</year></automobile><automobile><person_id>8512f405-849c-460a-82e3-275eb88341c7</person_id><license_plate>4804</license_plate><vin>Y4FHTLM80BXXEREK8</vin><color>LightSlateGray</color><year>1972</year></automobile><automobile><person_id>8512f405-849c-460a-82e3-275eb88341c7</person_id><license_plate>681 UTN</license_plate><vin>HPWESLVP1RCY1JV4V</vin><color>Indigo</color><year>1991</year></automobile><automobile><person_id>8512f405-849c-460a-82e3-275eb88341c7</person_id><license_plate>682-PTH</license_plate><vin>L0D60J01583TSY3RX</vin><color>Orchid</color><year>2010</year></automobile><automobile><person_id>e9888bb2-d6f4-4653-bcee-2c635152ecb2</person_id><license_plate>753-OKX</license_plate><vin>R1RD0E7W40GK06CTS</vin><color>LightGoldenRodYellow</color><year>1993</year></automobile><automobile><person_id>24aacb86-c183-418a-af25-665edf818556</person_id><license_plate>58-II93</license_plate><vin>PAJNDV150B5784PGC</vin><color>BurlyWood</color><year>1991</year></automobile><automobile><person_id>24aacb86-c183-418a-af25-665edf818556</person_id><license_plate>16-K084</license_plate><vin>D1BSWWJR3W3UMM1WE</vin><color>LavenderBlush</color><year>2007</year></automobile><automobile><person_id>24aacb86-c183-418a-af25-665edf818556</person_id><license_plate>274 DES</license_plate><vin>J15Y0HGP8E2L3NFS6</vin><color>PaleVioletRed</color><year>2018</year></automobile><automobile><person_id>98cd6a65-8f96-4158-8d1c-b1293138e549</person_id><license_plate>TT6 F0H</license_plate><vin>7A2L4SLK5UAH8GW99</vin><color>Sienna</color><year>1983</year></automobile><automobile><person_id>acb31512-becc-4581-990f-52d9a61f531f</person_id><license_plate>0-73203F</license_plate><vin>AC4RB3RP50ZEB7N0J</vin><color>Pink</color><year>1970</year></automobile><automobile><person_id>b49ed720-69b9-4093-8cac-e06dd3950fbf</person_id><license_plate>5RNL128</license_plate><vin>U3RRDF8Z2D2CAV07G</vin><color>DarkOrchid</color><year>2008</year></automobile><automobile><person_id>b49ed720-69b9-4093-8cac-e06dd3950fbf</person_id><license_plate>06NE095</license_plate><vin>KLRS1MCD53AJNX2GX</vin><color>DarkRed</color><year>2005</year></automobile><automobile><person_id>d8df11cd-f117-4c76-a44d-a139d71baf05</person_id><license_plate>T97-QYW</license_plate><vin>F5X8LBYD0L25M72YE</vin><color>DarkOrange</color><year>2003</year></automobile><automobile><person_id>d8df11cd-f117-4c76-a44d-a139d71baf05</person_id><license_plate>105-FDM</license_plate><vin>0L8TPUSN7SH4G8YRR</vin><color>MediumAquaMarine</color><year>2004</year></automobile><automobile><person_id>cd44ee98-3321-452d-ab7b-1f2996d18471</person_id><license_plate>252 8JB</license_plate><vin>R45FKK952AEU6K5MW</vin><color>LightGoldenRodYellow</color><year>2002</year></automobile><automobile><person_id>557bdf58-5e88-4131-a620-4fd72450974a</person_id><license_plate>24-2388E</license_plate><vin>AG6V03YC3NWMH2KRF</vin><color>HoneyDew</color><year>1985</year></automobile><automobile><person_id>557bdf58-5e88-4131-a620-4fd72450974a</person_id><license_plate>30I A34</license_plate><vin>YEJ7UGGU19NV8UGLB</vin><color>DarkViolet</color><year>2000</year></automobile><automobile><person_id>3bcdbadf-6924-4682-a6f2-f0d7ccc5adf1</person_id><license_plate>L23-ZWV</license_plate><vin>A57SSNUJ7PHEPHT14</vin><color>MintCream</color><year>1980</year></automobile><automobile><person_id>3bcdbadf-6924-4682-a6f2-f0d7ccc5adf1</person_id><license_plate>0-H4631</license_plate><vin>YDECGUSWX3XCP2KSC</vin><color>Aquamarine</color><year>2013</year></automobile><automobile><person_id>95d41c69-41fa-4e67-bc33-074c6dd26b0c</person_id><license_plate>1-O9889</license_plate><vin>15650UUWXPKELLV1M</vin><color>GreenYellow</color><year>2006</year></automobile><automobile><person_id>95d41c69-41fa-4e67-bc33-074c6dd26b0c</person_id><license_plate>6-82616</license_plate><vin>VUX9RNUS8MDF0YUCC</vin><color>Wheat</color><year>1991</year></automobile><automobile><person_id>76dcb686-cac9-41ff-8a5f-5406ec6c3280</person_id><license_plate>HYA 380</license_plate><vin>7W552LG9XNJN20E2C</vin><color>SaddleBrown</color><year>1987</year></automobile><automobile><person_id>bb97cccb-6884-470f-8541-b3b37d16fa0f</person_id><license_plate>HLN 474</license_plate><vin>G71UJFWUXZRABMHF7</vin><color>DimGray</color><year>2001</year></automobile><automobile><person_id>bb97cccb-6884-470f-8541-b3b37d16fa0f</person_id><license_plate>EE-1429</license_plate><vin>NT1G3R5J0X3U7V1XL</vin><color>White</color><year>1994</year></automobile><automobile><person_id>bb97cccb-6884-470f-8541-b3b37d16fa0f</person_id><license_plate>A76 6RL</license_plate><vin>TBMWL3KP8SWZ8S5AZ</vin><color>MediumSlateBlue</color><year>1981</year></automobile><automobile><person_id>fdfd6593-88fc-4184-83ed-51e57ca15a1b</person_id><license_plate>3US Y10</license_plate><vin>J8X2A4CX2AHTXN2ET</vin><color>Orchid</color><year>2014</year></automobile><automobile><person_id>fdfd6593-88fc-4184-83ed-51e57ca15a1b</person_id><license_plate>609-XVKJ</license_plate><vin>U72PGYZV1PJMDCYVD</vin><color>Bisque</color><year>2007</year></automobile><automobile><person_id>3cb0bf07-71c2-4fbd-80d6-d5b29e4de558</person_id><license_plate>505I1</license_plate><vin>C9ZN31B99UT8TM2PA</vin><color>Coral</color><year>1985</year></automobile><automobile><person_id>44a5fac4-a916-421b-8092-fa63c88d0b9d</person_id><license_plate>HAX 706</license_plate><vin>1KJ71TGN504Y1RSM7</vin><color>RoyalBlue</color><year>2010</year></automobile><automobile><person_id>44a5fac4-a916-421b-8092-fa63c88d0b9d</person_id><license_plate>52-50194</license_plate><vin>H4U33U9J38AM2AJ6P</vin><color>BlueViolet</color><year>2003</year></automobile><automobile><person_id>44a5fac4-a916-421b-8092-fa63c88d0b9d</person_id><license_plate>491 JCQ</license_plate><vin>1X877WEVXZYE8L4MV</vin><color>MediumVioletRed</color><year>2007</year></automobile><automobile><person_id>de64e572-072a-49d0-88e7-a9b70aa29851</person_id><license_plate>QVK 672</license_plate><vin>3TUS0G310UMU79EJD</vin><color>Gainsboro</color><year>1975</year></automobile><automobile><person_id>de64e572-072a-49d0-88e7-a9b70aa29851</person_id><license_plate>JKY 503</license_plate><vin>XYH02Z2E354APFBLV</vin><color>YellowGreen</color><year>2003</year></automobile><automobile><person_id>86609eef-5140-4d00-88e2-76ca41f6ac3c</person_id><license_plate>TA1 F4Y</license_plate><vin>6U902DPV8FJDVXAN8</vin><color>CadetBlue</color><year>1991</year></automobile><automobile><person_id>86609eef-5140-4d00-88e2-76ca41f6ac3c</person_id><license_plate>ZBY2901</license_plate><vin>K63ZTL8M28FPDPVVP</vin><color>BlanchedAlmond</color><year>1974</year></automobile><automobile><person_id>00bcce7b-bb09-4595-80e2-a796b5397b1e</person_id><license_plate>NW 65798</license_plate><vin>J3LYG3TM9A19TG2W5</vin><color>DarkSalmon</color><year>1991</year></automobile><automobile><person_id>00bcce7b-bb09-4595-80e2-a796b5397b1e</person_id><license_plate>WYF 991</license_plate><vin>J7A6F3FVX20CTH8E4</vin><color>OliveDrab</color><year>1973</year></automobile><automobile><person_id>00bcce7b-bb09-4595-80e2-a796b5397b1e</person_id><license_plate>SP-2767</license_plate><vin>YH6AAT2Y4GNCH3TNY</vin><color>Gold</color><year>1985</year></automobile><automobile><person_id>cd97dd62-1008-446c-b8b7-bf1291e4fa37</person_id><license_plate>529-LZT</license_plate><vin>BTWEL9YNXF1WGGWV8</vin><color>Ivory</color><year>2023</year></automobile><automobile><person_id>cd97dd62-1008-446c-b8b7-bf1291e4fa37</person_id><license_plate>8-28962</license_plate><vin>M6JBY2DW4287W897L</vin><color>FireBrick</color><year>1995</year></automobile><automobile><person_id>a9cd7091-67ac-4503-a13f-841c60871c74</person_id><license_plate>073-QVK</license_plate><vin>BTEJBPVK8VS572X92</vin><color>DodgerBlue</color><year>2023</year></automobile><automobile><person_id>a9cd7091-67ac-4503-a13f-841c60871c74</person_id><license_plate>0TN T78</license_plate><vin>P0Z5Z5ZD5ZRS7AJMS</vin><color>NavajoWhite</color><year>1970</year></automobile><automobile><person_id>a9cd7091-67ac-4503-a13f-841c60871c74</person_id><license_plate>998-HXN</license_plate><vin>JPRA8FV79J0X706R4</vin><color>LightSalmon</color><year>1986</year></automobile><automobile><person_id>ad3df607-78bd-464e-a3b2-36816c27b2b3</person_id><license_plate>55A 890</license_plate><vin>XWT75M7Y1RMA5MZPP</vin><color>LightBlue</color><year>1999</year></automobile><automobile><person_id>ad3df607-78bd-464e-a3b2-36816c27b2b3</person_id><license_plate>1-86751</license_plate><vin>EM0DLAVF62TLBYKK6</vin><color>DodgerBlue</color><year>2019</year></automobile><automobile><person_id>a0cb9a20-afef-4419-a5c1-b97bee87a1ac</person_id><license_plate>102 JVH</license_plate><vin>18A10MJE8Z4MDHS18</vin><color>Turquoise</color><year>1991</year></automobile><automobile><person_id>a0cb9a20-afef-4419-a5c1-b97bee87a1ac</person_id><license_plate>AUP 081</license_plate><vin>EA4XD50S9B4GVP4ZD</vin><color>DeepPink</color><year>1987</year></automobile><automobile><person_id>d9309626-a743-4b80-a1a5-fdc438f94b0e</person_id><license_plate>IU 4961</license_plate><vin>HD7168KT8G0CVPC2H</vin><color>MediumSpringGreen</color><year>1985</year></automobile><automobile><person_id>d9309626-a743-4b80-a1a5-fdc438f94b0e</person_id><license_plate>85CM2</license_plate><vin>KDYK2G903ZAPZS5TU</vin><color>AliceBlue</color><year>2013</year></automobile><automobile><person_id>263f1b96-f41e-4e01-92bf-1812d45815b1</person_id><license_plate>505 GVY</license_plate><vin>0XVT1XVZ2RFNKB6BZ</vin><color>DarkKhaki</color><year>2018</year></automobile><automobile><person_id>199b73f0-10e2-466f-bf57-0bfd11a16b47</person_id><license_plate>HKC 7761</license_plate><vin>65TDFJH77A14A33XK</vin><color>DarkOrange</color><year>2005</year></automobile><automobile><person_id>199b73f0-10e2-466f-bf57-0bfd11a16b47</person_id><license_plate>DCI-094</license_plate><vin>G768K6GV3KLKRDK2C</vin><color>Moccasin</color><year>1992</year></automobile><automobile><person_id>199b73f0-10e2-466f-bf57-0bfd11a16b47</person_id><license_plate>121I7</license_plate><vin>KU7F19XU7S0581570</vin><color>AntiqueWhite</color><year>2002</year></automobile><automobile><person_id>418f59d5-dd57-4a68-b0bf-86e58f6eb129</person_id><license_plate>BRT-8888</license_plate><vin>GTRX3ASCX4BCAL4WD</vin><color>SeaShell</color><year>1978</year></automobile><automobile><person_id>418f59d5-dd57-4a68-b0bf-86e58f6eb129</person_id><license_plate>9GY67</license_plate><vin>3KHYCH1E0UAXTPS51</vin><color>DarkTurquoise</color><year>1991</year></automobile><automobile><person_id>d0b95965-4730-4cc0-8e3e-30ab6247793c</person_id><license_plate>LE-8588</license_plate><vin>6ZY3UA4W9BB67N4XM</vin><color>Aqua</color><year>2019</year></automobile><automobile><person_id>d0b95965-4730-4cc0-8e3e-30ab6247793c</person_id><license_plate>9QU 554</license_plate><vin>PFAK352H82HPN82XK</vin><color>DarkKhaki</color><year>1975</year></automobile><automobile><person_id>e22caa11-f0fa-4141-8440-bf437e76093f</person_id><license_plate>32CZ3</license_plate><vin>8ST06B066L9TKC363</vin><color>AntiqueWhite</color><year>1990</year></automobile><automobile><person_id>8bb88822-0c8a-45ab-9008-b4f03a743e7f</person_id><license_plate>IGU-594</license_plate><vin>C5PP5ARL7X7EC7MGZ</vin><color>DarkCyan</color><year>2012</year></automobile><automobile><person_id>8bb88822-0c8a-45ab-9008-b4f03a743e7f</person_id><license_plate>7I 2512I</license_plate><vin>5660TAA81RKF5UUF7</vin><color>Cornsilk</color><year>2023</year></automobile><automobile><person_id>8bb88822-0c8a-45ab-9008-b4f03a743e7f</person_id><license_plate>P66-UUS</license_plate><vin>92SGJPRV2M83RYSZN</vin><color>SlateBlue</color><year>1973</year></automobile><automobile><person_id>c51f9e27-6dd0-426a-9180-6deccf3f0765</person_id><license_plate>71B 550</license_plate><vin>MWF5A3EA1FX6EUYWV</vin><color>Crimson</color><year>1999</year></automobile><automobile><person_id>c51f9e27-6dd0-426a-9180-6deccf3f0765</person_id><license_plate>7282</license_plate><vin>RBW6NXFH9K18CKHCJ</vin><color>FloralWhite</color><year>1971</year></automobile><automobile><person_id>3fd7e083-2972-4e17-8dcb-f72ddbf93fe2</person_id><license_plate>0J 5N4JXX</license_plate><vin>K98GL5Z67L7DN639G</vin><color>Aqua</color><year>1978</year></automobile><automobile><person_id>c75b2d90-9cbc-4419-8ee1-2074ffb07afd</person_id><license_plate>919 BMS</license_plate><vin>7CPHSKVC0GXZ34A0G</vin><color>Lavender</color><year>1982</year></automobile><automobile><person_id>c75b2d90-9cbc-4419-8ee1-2074ffb07afd</person_id><license_plate>127CZ</license_plate><vin>ECBDCZ1K1T9A9NZSY</vin><color>MediumTurquoise</color><year>1976</year></automobile><automobile><person_id>36ebc295-d385-4166-9253-62c3e901d2e8</person_id><license_plate>RCD1301</license_plate><vin>MLFBDMJ64AXH27TT0</vin><color>RoyalBlue</color><year>1975</year></automobile></automobiles>