<?xml version="1.0" encoding="UTF-8" ?><automobiles><automobile><person_id>6e55ada5-265a-4db1-b79a-c9246ecff0f7</person_id><license_plate>KIF 014</license_plate><vin>KPXMT0Z300SSUTGSZ</vin><color>Magenta</color><year>2016</year></automobile><automobile><person_id>d8e7baf7-e35d-4fb7-83f3-faeb5b9fa99b</person_id><license_plate>384-DHP</license_plate><vin>48NXSXG55W14E1H4D</vin><color>DarkCyan</color><year>1980</year></automobile><automobile><person_id>7b4096d5-f7c6-470d-92bd-9438354582b5</person_id><license_plate>XNX-843</license_plate><vin>N7NH6WBV8S0DK50JD</vin><color>SkyBlue</color><year>2008</year></automobile><automobile><person_id>7b4096d5-f7c6-470d-92bd-9438354582b5</person_id><license_plate>OJO 342</license_plate><vin>PS0Z77R40XXNYG4JL</vin><color>NavajoWhite</color><year>2002</year></automobile><automobile><person_id>69ce17b0-3225-46ea-9afd-e339eac92ee0</person_id><license_plate>1-23079</license_plate><vin>F2X0PD6M7DXNKW86N</vin><color>Wheat</color><year>1984</year></automobile><automobile><person_id>69ce17b0-3225-46ea-9afd-e339eac92ee0</person_id><license_plate>7811 PD</license_plate><vin>XHDKS0CH02VW0YAYE</vin><color>Chartreuse</color><year>1991</year></automobile><automobile><person_id>69ce17b0-3225-46ea-9afd-e339eac92ee0</person_id><license_plate>JT 88553</license_plate><vin>4V8ZXZJX3TKP8YHKK</vin><color>Green</color><year>1994</year></automobile><automobile><person_id>e69da667-ef68-4f40-9802-aee0100143d5</person_id><license_plate>HHO 077</license_plate><vin>KZJMME2W04RXCE0HY</vin><color>MistyRose</color><year>1987</year></automobile><automobile><person_id>e69da667-ef68-4f40-9802-aee0100143d5</person_id><license_plate>2V 0R6DSY</license_plate><vin>Y99VETYP01CS3T58T</vin><color>AliceBlue</color><year>2022</year></automobile><automobile><person_id>f5c9c8d6-17d6-480a-87e9-f19e4c446b2d</person_id><license_plate>613-AYH</license_plate><vin>KTZXZ2LMXYX5HJHTF</vin><color>DarkKhaki</color><year>2024</year></automobile><automobile><person_id>12dd28c1-4763-412b-a444-6eb31834b1af</person_id><license_plate>YZB-746</license_plate><vin>K5GYEY1JXR3T4EXSD</vin><color>LightSteelBlue</color><year>1993</year></automobile><automobile><person_id>7ec86011-2855-456b-9804-c6d5351fcdb9</person_id><license_plate>832 EBJ</license_plate><vin>A8M6WS1F75CU6YZ3M</vin><color>Orange</color><year>1993</year></automobile><automobile><person_id>7ec86011-2855-456b-9804-c6d5351fcdb9</person_id><license_plate>OQO 108</license_plate><vin>TV3M5MJD3JTDKUCFT</vin><color>AntiqueWhite</color><year>1970</year></automobile><automobile><person_id>7ec86011-2855-456b-9804-c6d5351fcdb9</person_id><license_plate>JYN1694</license_plate><vin>Z5X8TT4JXY6R13LXR</vin><color>BlueViolet</color><year>1993</year></automobile><automobile><person_id>6aa3ac30-d4c0-42cb-9bdc-b9fac0e07479</person_id><license_plate>28-T061</license_plate><vin>7K17WKTA3XJ7RZA83</vin><color>MediumSeaGreen</color><year>1995</year></automobile><automobile><person_id>e17d8337-2aa2-4966-ab49-3015c86afdf9</person_id><license_plate>736 EJL</license_plate><vin>S2UPMBVX1PNMM11XN</vin><color>PaleGreen</color><year>1993</year></automobile><automobile><person_id>e17d8337-2aa2-4966-ab49-3015c86afdf9</person_id><license_plate>XJ6 6221</license_plate><vin>MBDPPS940NC9VWKAZ</vin><color>MediumBlue</color><year>1970</year></automobile><automobile><person_id>e17d8337-2aa2-4966-ab49-3015c86afdf9</person_id><license_plate>371 AMV</license_plate><vin>ZJZWNEDC5UBG9E6PC</vin><color>Plum</color><year>1982</year></automobile><automobile><person_id>45a950ba-676a-4d49-8a54-3546aa6e2b7c</person_id><license_plate>7E CU196</license_plate><vin>8KHM31UM651MDZUZ0</vin><color>LightSteelBlue</color><year>1987</year></automobile><automobile><person_id>997ae1d4-e6ef-4f16-9565-24ad2404e520</person_id><license_plate>35-OF76</license_plate><vin>C89ZAXBF60XT383JT</vin><color>LightYellow</color><year>1972</year></automobile><automobile><person_id>9762f077-9875-4d1e-8d65-25ceb6c44aac</person_id><license_plate>MNL 662</license_plate><vin>Y2WTFX104BX5ZFAKV</vin><color>LightSkyBlue</color><year>2011</year></automobile><automobile><person_id>56415f00-90b9-4944-a17c-6d12d8347f5a</person_id><license_plate>6R 5P3UWE</license_plate><vin>4R736R7430MERFKLZ</vin><color>PeachPuff</color><year>1994</year></automobile><automobile><person_id>96add427-c6ac-41ad-af82-8e85aab5d380</person_id><license_plate>4X 7758L</license_plate><vin>XDWY4KAB07S02ZVT8</vin><color>CadetBlue</color><year>1972</year></automobile><automobile><person_id>96add427-c6ac-41ad-af82-8e85aab5d380</person_id><license_plate>ZUK 133</license_plate><vin>JEBD4FKJ987HZ8UV3</vin><color>Azure</color><year>1996</year></automobile><automobile><person_id>d358ed08-6d19-43bd-b1c0-2eb7270e546d</person_id><license_plate>227-IZJ</license_plate><vin>KST06E5G6BFBVZY3L</vin><color>SandyBrown</color><year>1983</year></automobile><automobile><person_id>1b679075-74ed-4132-b2a2-c09fa8823ea0</person_id><license_plate>53HX225</license_plate><vin>3P0T7VZA97DMUURA9</vin><color>LightSteelBlue</color><year>2018</year></automobile><automobile><person_id>1b679075-74ed-4132-b2a2-c09fa8823ea0</person_id><license_plate>0-63189</license_plate><vin>NWK2WHFW1KVGX0W1M</vin><color>DarkMagenta</color><year>2017</year></automobile><automobile><person_id>1b679075-74ed-4132-b2a2-c09fa8823ea0</person_id><license_plate>T39 6YE</license_plate><vin>TEW8CLV91GR7R7N7P</vin><color>DarkBlue</color><year>2019</year></automobile><automobile><person_id>8e948d19-956f-4a87-9539-4a9b76b3785a</person_id><license_plate>0X AK368</license_plate><vin>H35VXXNH4R6AUR7ZS</vin><color>DarkTurquoise</color><year>1997</year></automobile><automobile><person_id>8e948d19-956f-4a87-9539-4a9b76b3785a</person_id><license_plate>CGO-6256</license_plate><vin>K8D1ZY9C94UR9KBF4</vin><color>LightYellow</color><year>2015</year></automobile><automobile><person_id>40ae8f72-59eb-46cb-a23d-899ef2b05291</person_id><license_plate>XFY 397</license_plate><vin>502RRKTC88THGYF81</vin><color>SlateGray</color><year>2019</year></automobile><automobile><person_id>40ae8f72-59eb-46cb-a23d-899ef2b05291</person_id><license_plate>512 9HE</license_plate><vin>7RY14GY388BAK71WZ</vin><color>Silver</color><year>2005</year></automobile><automobile><person_id>5fcfecd6-2a78-4fe7-9ef9-905580e30b6a</person_id><license_plate>3TEU 05</license_plate><vin>Z0R05NES1HGMWXHCK</vin><color>PaleTurquoise</color><year>1992</year></automobile><automobile><person_id>262804b8-a739-4a1c-9ce6-c7b3371396d6</person_id><license_plate>YXR1910</license_plate><vin>4M50DZLU4CN6SZ89Z</vin><color>DarkCyan</color><year>2013</year></automobile><automobile><person_id>262804b8-a739-4a1c-9ce6-c7b3371396d6</person_id><license_plate>AKL-228</license_plate><vin>5S2Y9X1D6UVFSKBMS</vin><color>AntiqueWhite</color><year>1981</year></automobile><automobile><person_id>17ea9601-6b28-4ad1-9370-01f49523b9be</person_id><license_plate>M50-66S</license_plate><vin>UB3UJDHZ0SMAU4ZS7</vin><color>Navy</color><year>2015</year></automobile><automobile><person_id>8019f66f-46cd-43d6-b5f8-982e1eab4dcc</person_id><license_plate>352 EMF</license_plate><vin>89CGA9J4811Y4AUP6</vin><color>Gainsboro</color><year>2004</year></automobile><automobile><person_id>0f3c1c1f-4765-4165-8fa0-2c2f580cbb89</person_id><license_plate>6OPD 86</license_plate><vin>V4EKL3TA043NHM9ZX</vin><color>Thistle</color><year>2023</year></automobile><automobile><person_id>cdbba47f-c2ef-47a1-a979-19b6e2b78642</person_id><license_plate>NPV-0047</license_plate><vin>V55Z6JFWXKCXDYNDP</vin><color>Coral</color><year>2006</year></automobile><automobile><person_id>cdbba47f-c2ef-47a1-a979-19b6e2b78642</person_id><license_plate>9ZK 741</license_plate><vin>HNBGNFZT5SRZ7W8UE</vin><color>LightSeaGreen</color><year>1992</year></automobile><automobile><person_id>aabbb011-6a83-4134-ae7e-43edacd0bf1a</person_id><license_plate>23-Q390</license_plate><vin>3FHT6N2J1FK0P4728</vin><color>Gray</color><year>2006</year></automobile><automobile><person_id>aabbb011-6a83-4134-ae7e-43edacd0bf1a</person_id><license_plate>ZZA 722</license_plate><vin>TSX6BMS96XDULZBMH</vin><color>LightCoral</color><year>2014</year></automobile><automobile><person_id>aabbb011-6a83-4134-ae7e-43edacd0bf1a</person_id><license_plate>5XLN172</license_plate><vin>YDNCBB9B5T11Y4WEU</vin><color>Snow</color><year>1990</year></automobile><automobile><person_id>3fc44259-f977-4440-94ac-3733e1feca79</person_id><license_plate>575 MHV</license_plate><vin>CZJWG3SZ7FGMC8LXU</vin><color>YellowGreen</color><year>1991</year></automobile><automobile><person_id>1ae07673-469f-4a02-a0c7-c9089aa762a6</person_id><license_plate>9PK 503</license_plate><vin>Z8H2KJ2V51YGAKR6A</vin><color>AntiqueWhite</color><year>2024</year></automobile><automobile><person_id>1ae07673-469f-4a02-a0c7-c9089aa762a6</person_id><license_plate>5BC5729</license_plate><vin>ESUJ2K3V90VFHPDT9</vin><color>HotPink</color><year>2004</year></automobile><automobile><person_id>1ac80a0c-6a43-4eb9-8726-de9590a3a7fd</person_id><license_plate>355-RNC</license_plate><vin>UN1Z2J5F0GF9LZ38F</vin><color>Fuchsia</color><year>1979</year></automobile><automobile><person_id>8301bf59-efc0-4105-bc35-9743e2b02113</person_id><license_plate>2AKT582</license_plate><vin>ZFERFFEN77VY0NS0U</vin><color>AntiqueWhite</color><year>1975</year></automobile><automobile><person_id>8301bf59-efc0-4105-bc35-9743e2b02113</person_id><license_plate>XCA-5873</license_plate><vin>H55XCF095H1K30UDV</vin><color>GreenYellow</color><year>2002</year></automobile><automobile><person_id>2dbc6179-f8be-4f7a-bc42-a5554e3fb5e2</person_id><license_plate>SGH-0028</license_plate><vin>V3DL3MY5XCE6M1P6V</vin><color>SaddleBrown</color><year>2007</year></automobile><automobile><person_id>18ac997a-6879-402a-a84f-29b335f8f467</person_id><license_plate>2G 69824</license_plate><vin>RBEHXGVG69SXZTVXB</vin><color>LavenderBlush</color><year>2023</year></automobile><automobile><person_id>cbfc7b3b-c1d6-4556-aef1-1a3351288f33</person_id><license_plate>4W 9H3SBK</license_plate><vin>XCCJNVSW78Z1KTJJM</vin><color>SteelBlue</color><year>1972</year></automobile><automobile><person_id>9180bb29-be84-4992-b872-ef8068b63a6b</person_id><license_plate>HWK 514</license_plate><vin>N9X7R5AYXH5VK9FAY</vin><color>AliceBlue</color><year>1972</year></automobile><automobile><person_id>9180bb29-be84-4992-b872-ef8068b63a6b</person_id><license_plate>211-NXTM</license_plate><vin>PDT74ZB92ZHS7XF5P</vin><color>ForestGreen</color><year>1983</year></automobile><automobile><person_id>9180bb29-be84-4992-b872-ef8068b63a6b</person_id><license_plate>280 ET7</license_plate><vin>F7FMTV4KXNWZRAN2W</vin><color>LemonChiffon</color><year>2014</year></automobile><automobile><person_id>76829da2-2c07-46c6-908f-1165e8d0ed51</person_id><license_plate>9GO O99</license_plate><vin>49GPX2X570ATE7TN6</vin><color>Salmon</color><year>1995</year></automobile><automobile><person_id>76829da2-2c07-46c6-908f-1165e8d0ed51</person_id><license_plate>740 LTN</license_plate><vin>1V50XK7E36F449NKX</vin><color>LawnGreen</color><year>2018</year></automobile><automobile><person_id>86fa849f-45e7-4520-977f-641fdae167e0</person_id><license_plate>4AK5989</license_plate><vin>G1ZH6T9RXVWG8E1SS</vin><color>DarkSalmon</color><year>2022</year></automobile><automobile><person_id>86fa849f-45e7-4520-977f-641fdae167e0</person_id><license_plate>000 FKI</license_plate><vin>WR3LNEK5895TN75WP</vin><color>DeepSkyBlue</color><year>2016</year></automobile><automobile><person_id>86fa849f-45e7-4520-977f-641fdae167e0</person_id><license_plate>7AJ 578</license_plate><vin>SGDRXZCV9VS13FARA</vin><color>DeepPink</color><year>1970</year></automobile><automobile><person_id>b6d4879f-1dfc-4b51-a7cd-b06323412b5e</person_id><license_plate>2EC I83</license_plate><vin>CAEEJGG861GZX1PK5</vin><color>PaleGoldenRod</color><year>2017</year></automobile><automobile><person_id>b6d4879f-1dfc-4b51-a7cd-b06323412b5e</person_id><license_plate>LZX 709</license_plate><vin>LXTYFNJF0NWST61J1</vin><color>FireBrick</color><year>1993</year></automobile><automobile><person_id>b9247b35-7b56-458a-a2f6-fb20606797e4</person_id><license_plate>KXW 921</license_plate><vin>C1FUMPHKXNT2TKTPG</vin><color>GhostWhite</color><year>2011</year></automobile><automobile><person_id>b9247b35-7b56-458a-a2f6-fb20606797e4</person_id><license_plate>7J 1208N</license_plate><vin>TVDETT1G1VWTGSFLD</vin><color>PaleTurquoise</color><year>1994</year></automobile><automobile><person_id>1e37a2b8-be7d-43d9-891d-3e54e872b365</person_id><license_plate>TPT-3624</license_plate><vin>J99TB04N72U0RU9W4</vin><color>SlateBlue</color><year>1978</year></automobile><automobile><person_id>9fc48445-dc64-45d3-9f99-8900911e66ca</person_id><license_plate>KDO 817</license_plate><vin>SBU8XP0E1W6NA19NY</vin><color>DimGray</color><year>2017</year></automobile><automobile><person_id>cc2ea84b-c615-47bc-a7ab-9fb1a012bc53</person_id><license_plate>576-SXI</license_plate><vin>2HJD8FD39W7A2GZFF</vin><color>SeaShell</color><year>2021</year></automobile><automobile><person_id>cc2ea84b-c615-47bc-a7ab-9fb1a012bc53</person_id><license_plate>9341</license_plate><vin>38E9RL8H9BXMYJHG0</vin><color>Pink</color><year>1988</year></automobile><automobile><person_id>cc2ea84b-c615-47bc-a7ab-9fb1a012bc53</person_id><license_plate>AWI U56</license_plate><vin>8NAX36L99HUNPME8K</vin><color>SandyBrown</color><year>1990</year></automobile><automobile><person_id>a432858b-6bd9-4ee7-bf53-f70a3c0e8091</person_id><license_plate>9325 HE</license_plate><vin>KF9YSM8C8XMTH0F27</vin><color>LavenderBlush</color><year>1992</year></automobile><automobile><person_id>a432858b-6bd9-4ee7-bf53-f70a3c0e8091</person_id><license_plate>MZP N34</license_plate><vin>TCJ01SYW3SB0Z9259</vin><color>MediumVioletRed</color><year>2023</year></automobile><automobile><person_id>a432858b-6bd9-4ee7-bf53-f70a3c0e8091</person_id><license_plate>4566</license_plate><vin>SGJXREV72LJMFD0AC</vin><color>Brown</color><year>1976</year></automobile><automobile><person_id>54812f2b-c8bf-4909-97df-54482186567a</person_id><license_plate>6FL9545</license_plate><vin>W8PNDJSX2D34MT6S5</vin><color>Beige</color><year>2011</year></automobile><automobile><person_id>54812f2b-c8bf-4909-97df-54482186567a</person_id><license_plate>2P 51516</license_plate><vin>3ZV20SM91CVGCGBDV</vin><color>DarkSlateBlue</color><year>2021</year></automobile><automobile><person_id>758e76d1-bc7d-4eca-8f37-d6eaef619122</person_id><license_plate>SHP 413</license_plate><vin>SSH2U4EW2LKGDXXJU</vin><color>Aqua</color><year>2019</year></automobile><automobile><person_id>e155996b-d042-490e-b4c6-5a9c9848481f</person_id><license_plate>UJA M74</license_plate><vin>E6TNYWHA8HSM6AGX4</vin><color>Sienna</color><year>2007</year></automobile><automobile><person_id>52885089-0d87-4875-8c03-4f5181ffcd45</person_id><license_plate>807-833</license_plate><vin>33UM5MK205LG3M1S4</vin><color>LemonChiffon</color><year>2006</year></automobile><automobile><person_id>52885089-0d87-4875-8c03-4f5181ffcd45</person_id><license_plate>LNZ 024</license_plate><vin>LJSWW1LG0JGVUHVBM</vin><color>MediumVioletRed</color><year>2022</year></automobile><automobile><person_id>956365f8-b162-40c5-a045-ff190201f094</person_id><license_plate>30-C053</license_plate><vin>YLJNY7H80CVM1T88X</vin><color>SandyBrown</color><year>2009</year></automobile><automobile><person_id>2137ad2c-e8e7-4580-92c9-664c9526bbe2</person_id><license_plate>583 0ZN</license_plate><vin>4L6AZ6SJ965CX9FY2</vin><color>NavajoWhite</color><year>2005</year></automobile><automobile><person_id>55a01e08-a847-40f3-b052-aa0ed296a471</person_id><license_plate>LJN 678</license_plate><vin>0MG9UJ315NESLTL4Z</vin><color>OliveDrab</color><year>2019</year></automobile><automobile><person_id>fbc8b786-9d78-4722-84de-f756b266a2ba</person_id><license_plate>X 493830</license_plate><vin>U4A7FGKY6MG9S2LLZ</vin><color>LightSalmon</color><year>2007</year></automobile><automobile><person_id>95851e39-953e-496b-b39d-8a09fc85cf16</person_id><license_plate>316 FJX</license_plate><vin>52N4BP2349XZ27NHD</vin><color>SkyBlue</color><year>2011</year></automobile><automobile><person_id>bee78898-4752-4650-b572-4543f38547a5</person_id><license_plate>CWF 0975</license_plate><vin>11S9MU3F9E310W86C</vin><color>CornflowerBlue</color><year>1980</year></automobile><automobile><person_id>bee78898-4752-4650-b572-4543f38547a5</person_id><license_plate>29V 836</license_plate><vin>LABPUNNGXV3NWPN1U</vin><color>FireBrick</color><year>2019</year></automobile><automobile><person_id>bee78898-4752-4650-b572-4543f38547a5</person_id><license_plate>23-33693</license_plate><vin>4VBSAT1NXZF80PMHP</vin><color>LawnGreen</color><year>1991</year></automobile><automobile><person_id>1fd944ed-0842-4556-b1c6-dc6cad8f608f</person_id><license_plate>QU7 9703</license_plate><vin>H14ZLTDP35HMY6CA9</vin><color>DarkKhaki</color><year>1979</year></automobile><automobile><person_id>af4ca1e3-21a2-431d-ae9b-67d6d6c8b9e9</person_id><license_plate>B19 0CG</license_plate><vin>J8HHMM7R02CV7T95B</vin><color>Green</color><year>1972</year></automobile><automobile><person_id>e047eba8-5d7c-45bc-9240-b1ec40d3dfad</person_id><license_plate>370K2</license_plate><vin>5S0TFK888K37783PX</vin><color>Ivory</color><year>1996</year></automobile><automobile><person_id>e047eba8-5d7c-45bc-9240-b1ec40d3dfad</person_id><license_plate>HHU 990</license_plate><vin>Z3ZSKBVZ1JRMGRGPJ</vin><color>DarkSalmon</color><year>1999</year></automobile><automobile><person_id>6f7b9a60-b9d5-4dc4-aefa-bb639a8b6645</person_id><license_plate>718 RHX</license_plate><vin>FKHMC9CXXCWG30KUE</vin><color>SeaShell</color><year>1979</year></automobile><automobile><person_id>6f7b9a60-b9d5-4dc4-aefa-bb639a8b6645</person_id><license_plate>705N</license_plate><vin>F654JD9T4ENJTMVXG</vin><color>DimGray</color><year>1996</year></automobile><automobile><person_id>27d48d3d-02a1-475d-85ce-a8bc9203bf03</person_id><license_plate>8GA 936</license_plate><vin>CGML9C8H0LNJUBPA2</vin><color>SkyBlue</color><year>1976</year></automobile><automobile><person_id>ae8dad60-3578-4cb9-807f-3f74f86743b0</person_id><license_plate>334 2YN</license_plate><vin>X15C6UVD122Z6VWSK</vin><color>PaleGreen</color><year>2004</year></automobile><automobile><person_id>ae8dad60-3578-4cb9-807f-3f74f86743b0</person_id><license_plate>ZUP-974</license_plate><vin>ATSNDLBEXSKS8DD4R</vin><color>GoldenRod</color><year>2009</year></automobile><automobile><person_id>4fcd5423-c49f-431a-be18-67eddf0519f1</person_id><license_plate>81-82177</license_plate><vin>EV6ZMWDC9MX2BZBNJ</vin><color>LawnGreen</color><year>1983</year></automobile><automobile><person_id>4fcd5423-c49f-431a-be18-67eddf0519f1</person_id><license_plate>PJN4305</license_plate><vin>MMUD6W8M22EFDD14X</vin><color>MediumVioletRed</color><year>2009</year></automobile><automobile><person_id>8f46d25e-125f-490d-82c6-12a9a2810bef</person_id><license_plate>5W 1C7DAZ</license_plate><vin>Z69X2KNN7LMNTXLAM</vin><color>Purple</color><year>2018</year></automobile><automobile><person_id>8f46d25e-125f-490d-82c6-12a9a2810bef</person_id><license_plate>325-EVR</license_plate><vin>F5Z2T9FR7KM3J74AC</vin><color>SkyBlue</color><year>2012</year></automobile><automobile><person_id>48b06476-42f7-4dff-a8b8-00b6a801eec3</person_id><license_plate>AYR 783</license_plate><vin>MUCR9K578P1DYPTXV</vin><color>Cyan</color><year>1974</year></automobile><automobile><person_id>48b06476-42f7-4dff-a8b8-00b6a801eec3</person_id><license_plate>162VGF</license_plate><vin>8VZCRS1U3G43SJSTD</vin><color>DarkSeaGreen</color><year>1970</year></automobile><automobile><person_id>b4f59bd5-4ef6-4dbd-adce-305e7a3dc569</person_id><license_plate>770 FMD</license_plate><vin>NU2JH24N0U6ZXWP8N</vin><color>BlanchedAlmond</color><year>2023</year></automobile><automobile><person_id>b4f59bd5-4ef6-4dbd-adce-305e7a3dc569</person_id><license_plate>15M•078</license_plate><vin>SP8LPX591WUYD4FDD</vin><color>Tomato</color><year>2020</year></automobile><automobile><person_id>b4f59bd5-4ef6-4dbd-adce-305e7a3dc569</person_id><license_plate>9LXW 58</license_plate><vin>K745X3PCX5NVSAYNY</vin><color>Azure</color><year>2019</year></automobile><automobile><person_id>d96352f0-a7b2-4501-8fce-a3ac909bceb1</person_id><license_plate>YRD 225</license_plate><vin>LG4REW6B1JJGN2TFY</vin><color>Chartreuse</color><year>2019</year></automobile><automobile><person_id>d96352f0-a7b2-4501-8fce-a3ac909bceb1</person_id><license_plate>1VO V42</license_plate><vin>80BD79NP5M6XGJJM9</vin><color>MediumVioletRed</color><year>2019</year></automobile><automobile><person_id>a2edeec6-4d3c-4312-83a1-19410b447c18</person_id><license_plate>199ZXB</license_plate><vin>2UWLH6PN0D4L4FC5L</vin><color>Snow</color><year>2002</year></automobile><automobile><person_id>2aec4723-2318-4cb7-a69e-ba81e2c10efa</person_id><license_plate>2RSM 95</license_plate><vin>62EBTVNV8RMLW70LW</vin><color>Purple</color><year>1994</year></automobile><automobile><person_id>2aec4723-2318-4cb7-a69e-ba81e2c10efa</person_id><license_plate>0VF N41</license_plate><vin>PVXMU46UX1CMTB7F8</vin><color>SandyBrown</color><year>1985</year></automobile><automobile><person_id>3cbaa53d-67aa-4d3e-82e3-999969b61404</person_id><license_plate>8WO 884</license_plate><vin>EYCP0A7T1NEHGWN37</vin><color>DarkRed</color><year>1996</year></automobile><automobile><person_id>3cbaa53d-67aa-4d3e-82e3-999969b61404</person_id><license_plate>TED 915</license_plate><vin>BG0HS4LJ66WK2M1KK</vin><color>Ivory</color><year>1985</year></automobile><automobile><person_id>1338ee50-b8bf-42fc-ae74-468815d7589b</person_id><license_plate>4C038</license_plate><vin>DFDXML8Y642K0NNU7</vin><color>Plum</color><year>1992</year></automobile><automobile><person_id>e01a48a5-6629-4f3b-86f3-2f0d6c756fe6</person_id><license_plate>DV 67666</license_plate><vin>LL6UXZP68L9NB3LLX</vin><color>DarkKhaki</color><year>1990</year></automobile><automobile><person_id>5aca3088-8cc1-43f2-a79f-cbba3a34768a</person_id><license_plate>810H</license_plate><vin>DKR2K16T8Z75WHV8B</vin><color>PaleGoldenRod</color><year>1979</year></automobile><automobile><person_id>5aca3088-8cc1-43f2-a79f-cbba3a34768a</person_id><license_plate>140-WWG</license_plate><vin>24UALM7N7KVUW7EW7</vin><color>LightGray</color><year>1995</year></automobile><automobile><person_id>923fed21-dd5d-48ba-abc5-58f41749a113</person_id><license_plate>017-YZVP</license_plate><vin>AGRL5DH27P9YL0224</vin><color>Olive</color><year>1983</year></automobile><automobile><person_id>923fed21-dd5d-48ba-abc5-58f41749a113</person_id><license_plate>3EL U26</license_plate><vin>5GTU01DL7G279064C</vin><color>HotPink</color><year>1976</year></automobile><automobile><person_id>a713e585-bd5b-4c01-a52f-a6fdf7c6aa9d</person_id><license_plate>6WN8552</license_plate><vin>B8VPCCJY6JSP93NHD</vin><color>Crimson</color><year>2024</year></automobile><automobile><person_id>a713e585-bd5b-4c01-a52f-a6fdf7c6aa9d</person_id><license_plate>ZXO 896</license_plate><vin>V1FA61T12ELKLN46U</vin><color>DeepPink</color><year>1971</year></automobile><automobile><person_id>5a976c8c-475e-4017-8cf0-ffee47d15a02</person_id><license_plate>JEZ-414</license_plate><vin>E62DS82X807RGE3TN</vin><color>LightSlateGray</color><year>2016</year></automobile><automobile><person_id>9b264d1f-5a86-4c04-9193-74501133427f</person_id><license_plate>HBE 590</license_plate><vin>BT0UDDRD7F5K62T03</vin><color>Ivory</color><year>1998</year></automobile><automobile><person_id>9b264d1f-5a86-4c04-9193-74501133427f</person_id><license_plate>414-YUA</license_plate><vin>7EF2TBN330CUVRWT0</vin><color>DarkSlateGray</color><year>1971</year></automobile><automobile><person_id>1ab30c62-10f6-40cd-a130-6011e5dfab6d</person_id><license_plate>TYU-3562</license_plate><vin>1UKFL9SU7A2J2CV4D</vin><color>PapayaWhip</color><year>1999</year></automobile><automobile><person_id>68ecfc97-68ab-4418-ae3a-f1012681d896</person_id><license_plate>1I 3431T</license_plate><vin>6SZAU4NY3G65V6GWR</vin><color>OrangeRed</color><year>1986</year></automobile><automobile><person_id>75c5db82-359e-43ed-a5f9-ca0b1e3429b1</person_id><license_plate>CXN8539</license_plate><vin>RBSGPC3N9PEEXZPEE</vin><color>DarkGreen</color><year>2013</year></automobile></automobiles>