<?xml version="1.0" encoding="UTF-8" ?><automobiles><automobile><person_id>5acaf153-04b1-4881-bc3e-0c63ca51eb6e</person_id><license_plate>371-IJM</license_plate><vin>ERNH54JAXJW1BTK2R</vin><color>Fuchsia</color><year>1978</year></automobile><automobile><person_id>5acaf153-04b1-4881-bc3e-0c63ca51eb6e</person_id><license_plate>RMP 160</license_plate><vin>BFA4KFD05EAWHM9XD</vin><color>SkyBlue</color><year>1985</year></automobile><automobile><person_id>a8daf954-e378-43a0-a789-712c82078d72</person_id><license_plate>CKH-5091</license_plate><vin>PPUBFJ1A96B460LJF</vin><color>Snow</color><year>1981</year></automobile><automobile><person_id>a8daf954-e378-43a0-a789-712c82078d72</person_id><license_plate>Q99 9VN</license_plate><vin>2UPRDZ9E5KJ9LMSDF</vin><color>SteelBlue</color><year>1983</year></automobile><automobile><person_id>a8daf954-e378-43a0-a789-712c82078d72</person_id><license_plate>VVC 663</license_plate><vin>LBB83W3H076S7FMC6</vin><color>BlanchedAlmond</color><year>1997</year></automobile><automobile><person_id>4274709b-4aa1-43a4-bb51-4644bd917ef9</person_id><license_plate>PJF Y95</license_plate><vin>7DHUDAY26CT4T7C57</vin><color>Orchid</color><year>2008</year></automobile><automobile><person_id>ceda0f2c-5de0-401d-92a5-5bb325bf1abf</person_id><license_plate>0FP2453</license_plate><vin>3448S6A143YKYS566</vin><color>MediumBlue</color><year>1995</year></automobile><automobile><person_id>5b7236ec-ff85-481a-bc7f-542a83487b91</person_id><license_plate>I10 3YT</license_plate><vin>9FF08CAJ5XL6D557W</vin><color>DarkGoldenRod</color><year>2013</year></automobile><automobile><person_id>5b7236ec-ff85-481a-bc7f-542a83487b91</person_id><license_plate>247 UPA</license_plate><vin>VVHD1ET98LTD7J0N8</vin><color>FloralWhite</color><year>2020</year></automobile><automobile><person_id>c6363d11-83be-4975-84bc-c2e5ef009c07</person_id><license_plate>883 3468</license_plate><vin>8Y2KPFPF5VEWU0666</vin><color>SteelBlue</color><year>2016</year></automobile><automobile><person_id>0c88e7af-f1e8-4f73-80ce-e4cc845eb86d</person_id><license_plate>TPE-102</license_plate><vin>ALECDZ2W10SGHW5G5</vin><color>Brown</color><year>1981</year></automobile><automobile><person_id>85eab022-6572-48a1-8dd2-04ba104a165a</person_id><license_plate>536 JTM</license_plate><vin>JHFCGL8210SFXWT40</vin><color>PowderBlue</color><year>2000</year></automobile><automobile><person_id>85eab022-6572-48a1-8dd2-04ba104a165a</person_id><license_plate>MAM 146</license_plate><vin>BDS647EN0MV6V3MZ9</vin><color>Olive</color><year>1999</year></automobile><automobile><person_id>ae6d38a3-ce04-438d-b485-9dd4595b1b22</person_id><license_plate>103A0</license_plate><vin>KBYM3T926JWF4YR15</vin><color>RosyBrown</color><year>2020</year></automobile><automobile><person_id>ae6d38a3-ce04-438d-b485-9dd4595b1b22</person_id><license_plate>2UY5509</license_plate><vin>3EMXZYHS4BSFZB8DA</vin><color>Cornsilk</color><year>1988</year></automobile><automobile><person_id>ff1b9751-2b8e-4561-8688-7997aaf083cf</person_id><license_plate>HRF 769</license_plate><vin>Y7FP2A81XMLG6WDH7</vin><color>Gainsboro</color><year>2017</year></automobile><automobile><person_id>ff1b9751-2b8e-4561-8688-7997aaf083cf</person_id><license_plate>VYP-230</license_plate><vin>VNV7ZT3Z8R1DS4BBK</vin><color>Azure</color><year>2021</year></automobile><automobile><person_id>51660a75-9961-4a35-aa9f-a4188139e017</person_id><license_plate>57J 0828</license_plate><vin>6LEANFDK9KMDDX8D5</vin><color>DarkOrchid</color><year>2007</year></automobile><automobile><person_id>51660a75-9961-4a35-aa9f-a4188139e017</person_id><license_plate>4-62010</license_plate><vin>3Z2WBTV17J93LMU16</vin><color>GreenYellow</color><year>1981</year></automobile><automobile><person_id>0f00a607-0b32-42f8-9d69-ffbca1380fde</person_id><license_plate>912 VYZ</license_plate><vin>REWZ5CVG5K5MN5RY1</vin><color>LightSteelBlue</color><year>1975</year></automobile><automobile><person_id>0f00a607-0b32-42f8-9d69-ffbca1380fde</person_id><license_plate>479 5098</license_plate><vin>KRHZKG7WXSDMJ0YV0</vin><color>PaleVioletRed</color><year>1999</year></automobile><automobile><person_id>0f00a607-0b32-42f8-9d69-ffbca1380fde</person_id><license_plate>CG 19135</license_plate><vin>3GFSJCCW1WS1WNLP3</vin><color>RoyalBlue</color><year>1989</year></automobile><automobile><person_id>ef23f1d2-9d98-4ae3-8b98-638dfa7edd42</person_id><license_plate>3MNH212</license_plate><vin>UYR1ESVL5J29MRYYM</vin><color>GhostWhite</color><year>1973</year></automobile><automobile><person_id>ef23f1d2-9d98-4ae3-8b98-638dfa7edd42</person_id><license_plate>1I 6531H</license_plate><vin>RD4P4EUM7C0PELPSN</vin><color>SkyBlue</color><year>1999</year></automobile><automobile><person_id>0f2c757c-f2fd-4a1a-ae91-2bcd13e07587</person_id><license_plate>270J</license_plate><vin>4GA9VELJX1UJXEH0E</vin><color>Black</color><year>2001</year></automobile><automobile><person_id>0f2c757c-f2fd-4a1a-ae91-2bcd13e07587</person_id><license_plate>VWO 929</license_plate><vin>X46SL40S08YYJXAYH</vin><color>PaleGoldenRod</color><year>1975</year></automobile><automobile><person_id>4ca6f13a-c1cd-459b-8e33-ddabf0368d6e</person_id><license_plate>159 DFA</license_plate><vin>3LD0HMJA33FN8BC4Y</vin><color>PaleTurquoise</color><year>2001</year></automobile><automobile><person_id>7dc22f6d-e3c0-4be3-8846-e536a71fa6d3</person_id><license_plate>P38 4XQ</license_plate><vin>5K10C8BS5AYM47SVV</vin><color>MediumBlue</color><year>2014</year></automobile><automobile><person_id>7dc22f6d-e3c0-4be3-8846-e536a71fa6d3</person_id><license_plate>71R WK6</license_plate><vin>1BWCH1BU37HSY7CZ3</vin><color>OldLace</color><year>2020</year></automobile><automobile><person_id>7dc22f6d-e3c0-4be3-8846-e536a71fa6d3</person_id><license_plate>3J696</license_plate><vin>5JW1AHMT1NTXL8Z7N</vin><color>White</color><year>1978</year></automobile><automobile><person_id>395b5669-4704-459b-80e1-ea9ee9e49f8a</person_id><license_plate>45C•052</license_plate><vin>HP08G95R59T3YDL83</vin><color>Beige</color><year>2016</year></automobile><automobile><person_id>395b5669-4704-459b-80e1-ea9ee9e49f8a</person_id><license_plate>HUZ-642</license_plate><vin>YETCRFTM4NN6V167H</vin><color>OldLace</color><year>2014</year></automobile><automobile><person_id>b123bbf7-24dd-4552-b736-e121b95823d6</person_id><license_plate>90JM3</license_plate><vin>AYRVJ4TEXN3GJKGPD</vin><color>Aquamarine</color><year>2000</year></automobile><automobile><person_id>a68c3307-7bcd-4245-b379-1eb2a06c5d02</person_id><license_plate>7CM 530</license_plate><vin>4XXWKVA566AW7L032</vin><color>Fuchsia</color><year>1989</year></automobile><automobile><person_id>a68c3307-7bcd-4245-b379-1eb2a06c5d02</person_id><license_plate>S62-TBL</license_plate><vin>7D3FHGFZXZ29CKKRT</vin><color>BlueViolet</color><year>2009</year></automobile><automobile><person_id>8d640a60-775d-497b-bffd-9d9c433fb961</person_id><license_plate>364-LWB</license_plate><vin>2NMNZ20M0PB9YS8FD</vin><color>LightGoldenRodYellow</color><year>2002</year></automobile><automobile><person_id>8d640a60-775d-497b-bffd-9d9c433fb961</person_id><license_plate>564-JVG</license_plate><vin>9W290EZ84BBV2N3RS</vin><color>MediumOrchid</color><year>2014</year></automobile><automobile><person_id>3ed4bf7d-8d23-465d-bf3b-0b4ae08a2214</person_id><license_plate>2WH2702</license_plate><vin>D55J7SK16DW2R9UHK</vin><color>Snow</color><year>2013</year></automobile><automobile><person_id>3ed4bf7d-8d23-465d-bf3b-0b4ae08a2214</person_id><license_plate>D00 5PE</license_plate><vin>98G9436J9PFFT81NF</vin><color>SkyBlue</color><year>1990</year></automobile><automobile><person_id>a5139478-a4d2-48ef-bee7-3d9c6d63abf1</person_id><license_plate>ZEA 271</license_plate><vin>9RKJZNSX05HGA3L5W</vin><color>DarkTurquoise</color><year>1995</year></automobile><automobile><person_id>06a14eb5-6263-47fc-a22b-e09efe96f350</person_id><license_plate>ZRS 893</license_plate><vin>1C4XKX402A4BEM9MN</vin><color>Peru</color><year>2015</year></automobile><automobile><person_id>63558bcd-74ec-48a0-b581-50f13216a8ba</person_id><license_plate>IQG-344</license_plate><vin>273D4G2Z7P4366DTT</vin><color>MediumBlue</color><year>1985</year></automobile><automobile><person_id>63558bcd-74ec-48a0-b581-50f13216a8ba</person_id><license_plate>45O LC1</license_plate><vin>N6762E67XTH27H0UP</vin><color>DarkCyan</color><year>1992</year></automobile><automobile><person_id>63558bcd-74ec-48a0-b581-50f13216a8ba</person_id><license_plate>KPN-229</license_plate><vin>4EY316M42MM7KEUE1</vin><color>LightGoldenRodYellow</color><year>1989</year></automobile><automobile><person_id>1af57fb5-50ca-4f4e-9484-7dc0e1d94777</person_id><license_plate>8KX45</license_plate><vin>E6GRH1BA1ZCZ69KZ8</vin><color>LightYellow</color><year>2013</year></automobile><automobile><person_id>1af57fb5-50ca-4f4e-9484-7dc0e1d94777</person_id><license_plate>FSR-4632</license_plate><vin>EK12F87K1RM00S703</vin><color>Tomato</color><year>2001</year></automobile><automobile><person_id>f085b39e-3309-4642-b06d-eeb696aeb29e</person_id><license_plate>PFG 551</license_plate><vin>CDUGPLZ66AGUXSTLV</vin><color>MediumBlue</color><year>2012</year></automobile><automobile><person_id>f085b39e-3309-4642-b06d-eeb696aeb29e</person_id><license_plate>A00 2KX</license_plate><vin>6MTJV6T368BE46BW2</vin><color>DarkSalmon</color><year>2006</year></automobile><automobile><person_id>dbde38d2-7463-4260-8d49-6f33f36bc15e</person_id><license_plate>77O T96</license_plate><vin>VHNYNVCX78GJK3YSG</vin><color>Cornsilk</color><year>1971</year></automobile><automobile><person_id>be13b9ee-80c3-44bc-aefc-210573aaba0c</person_id><license_plate>607 DKV</license_plate><vin>E1S64AFJ4VNHDH2ZU</vin><color>Linen</color><year>2009</year></automobile><automobile><person_id>be13b9ee-80c3-44bc-aefc-210573aaba0c</person_id><license_plate>CB8 U6R</license_plate><vin>T8Y8G0KR9MM3ENPYR</vin><color>DarkGoldenRod</color><year>2023</year></automobile><automobile><person_id>d9a0f8ea-66b0-4181-8ec0-6354fb96e7a0</person_id><license_plate>469 VOE</license_plate><vin>4BPWB1LK3J90R1M1U</vin><color>Chocolate</color><year>1997</year></automobile><automobile><person_id>d9a0f8ea-66b0-4181-8ec0-6354fb96e7a0</person_id><license_plate>9GX4886</license_plate><vin>4HTUYNH71MFEZGNBX</vin><color>SlateBlue</color><year>1988</year></automobile><automobile><person_id>3b80f784-66e6-4e0e-8362-80bff540e417</person_id><license_plate>300 MUF</license_plate><vin>Z9YXU50R349J1F8SG</vin><color>LightYellow</color><year>1999</year></automobile><automobile><person_id>3b80f784-66e6-4e0e-8362-80bff540e417</person_id><license_plate>X55 3UQ</license_plate><vin>0DC6C11D1VDTHLFSZ</vin><color>LightYellow</color><year>1990</year></automobile><automobile><person_id>3b80f784-66e6-4e0e-8362-80bff540e417</person_id><license_plate>945 UUE</license_plate><vin>0RJ9BF8G20GGVYC74</vin><color>LawnGreen</color><year>1982</year></automobile><automobile><person_id>94715c4f-bd85-4396-9d32-c109978f1ffb</person_id><license_plate>8-0099U</license_plate><vin>78EYV48S5MF97J0G1</vin><color>Chocolate</color><year>1977</year></automobile><automobile><person_id>48588f6c-9990-4368-93ab-0604ee246e64</person_id><license_plate>XNV5640</license_plate><vin>0DYJAECL08TW8FBSU</vin><color>Pink</color><year>1979</year></automobile><automobile><person_id>1b1c9424-50f1-4c3f-90b4-32a998fa21ed</person_id><license_plate>HTR 019</license_plate><vin>YBX8XN9826YGJF1JU</vin><color>Chartreuse</color><year>2014</year></automobile><automobile><person_id>f58726e9-e1b3-46a5-9d45-0870808a4bd6</person_id><license_plate>YZL3558</license_plate><vin>98DLKBEW427X2SDC6</vin><color>White</color><year>1990</year></automobile><automobile><person_id>f58726e9-e1b3-46a5-9d45-0870808a4bd6</person_id><license_plate>9-6250F</license_plate><vin>K4AMSXPY8JK8J4F3Y</vin><color>Lavender</color><year>1987</year></automobile><automobile><person_id>ad950e44-5a68-47af-8237-2ac2e007fe76</person_id><license_plate>732J</license_plate><vin>P9YVPSBP5229B3G4P</vin><color>MediumBlue</color><year>2007</year></automobile><automobile><person_id>8ddede9e-9cf0-49d7-bec2-2cab785a4764</person_id><license_plate>886 ILP</license_plate><vin>PVEKZ41W8LD0MKXAL</vin><color>DarkGoldenRod</color><year>2006</year></automobile><automobile><person_id>8ddede9e-9cf0-49d7-bec2-2cab785a4764</person_id><license_plate>555-QRX</license_plate><vin>KTH6EAXG842KWN8T7</vin><color>AliceBlue</color><year>2018</year></automobile><automobile><person_id>e610ae2e-527a-436a-b523-c86ceed5261d</person_id><license_plate>261 UKF</license_plate><vin>7TY6JNRC8U58PDA1G</vin><color>LightGreen</color><year>2019</year></automobile><automobile><person_id>e610ae2e-527a-436a-b523-c86ceed5261d</person_id><license_plate>967-PBF</license_plate><vin>XKU0TSL0XTHSMTPVA</vin><color>RosyBrown</color><year>2000</year></automobile><automobile><person_id>8f0089c1-1bc3-4081-8986-adfc1a0913b8</person_id><license_plate>407 SHL</license_plate><vin>2R8JCPHW0H9AJVAGX</vin><color>OldLace</color><year>1975</year></automobile><automobile><person_id>ce20e180-c5dd-4bc7-b392-9ddf7d02b2cf</person_id><license_plate>31XQ333</license_plate><vin>17G5CS6JX1ERNZ997</vin><color>LightPink</color><year>1986</year></automobile><automobile><person_id>ce20e180-c5dd-4bc7-b392-9ddf7d02b2cf</person_id><license_plate>0W 42587</license_plate><vin>9VZ7RR8P88AKDA1P5</vin><color>SlateGray</color><year>2009</year></automobile><automobile><person_id>ce20e180-c5dd-4bc7-b392-9ddf7d02b2cf</person_id><license_plate>016 BHH</license_plate><vin>YS4XPT7U9L4E21R8L</vin><color>OliveDrab</color><year>1979</year></automobile><automobile><person_id>201bd0e5-e879-4b83-9a31-d4c51df71f63</person_id><license_plate>22-IE29</license_plate><vin>2MLB7TRB0WKHHBFYT</vin><color>PeachPuff</color><year>1988</year></automobile><automobile><person_id>1f9f89a9-d949-4c32-a23a-6df806820eef</person_id><license_plate>404 WGW</license_plate><vin>8525AULD8EBHLUCEA</vin><color>MediumPurple</color><year>2020</year></automobile><automobile><person_id>1f9f89a9-d949-4c32-a23a-6df806820eef</person_id><license_plate>372 YV5</license_plate><vin>BMMEKY7X06MMKXTTY</vin><color>Beige</color><year>1993</year></automobile><automobile><person_id>1f9f89a9-d949-4c32-a23a-6df806820eef</person_id><license_plate>8PQS578</license_plate><vin>5NZYG10726JCUM1BA</vin><color>Peru</color><year>1973</year></automobile><automobile><person_id>7adc0b85-443b-487e-8f43-07f195b2df26</person_id><license_plate>DXS 240</license_plate><vin>F7LEYULP693DSUGM7</vin><color>Maroon</color><year>2018</year></automobile><automobile><person_id>7adc0b85-443b-487e-8f43-07f195b2df26</person_id><license_plate>IIV 538</license_plate><vin>7XDX0F813MRJYJ8G7</vin><color>LightSlateGray</color><year>1994</year></automobile><automobile><person_id>a675ad87-a026-44d4-b5e5-2c247608cec8</person_id><license_plate>044-130</license_plate><vin>G7S8E5PV6T9LNUNNZ</vin><color>Lavender</color><year>1985</year></automobile><automobile><person_id>5d494051-3887-4de8-9b05-2349519ff1f8</person_id><license_plate>3G335</license_plate><vin>JM4Y41JG6STPHSW2E</vin><color>PaleVioletRed</color><year>1970</year></automobile><automobile><person_id>6b007625-b6cc-4091-866e-f1d28624b2e6</person_id><license_plate>WAA-7963</license_plate><vin>1EJAS49WXA5A4D5PG</vin><color>FloralWhite</color><year>1995</year></automobile><automobile><person_id>ef0cf1c1-e095-4680-9ce5-a3962662d49a</person_id><license_plate>MKZ 235</license_plate><vin>PCFET5Y37EFKA15HU</vin><color>SkyBlue</color><year>1986</year></automobile><automobile><person_id>ee67212c-d5a2-4e54-901b-66de46e21c47</person_id><license_plate>R33 9TS</license_plate><vin>4W2CJUZA7VKXAWELL</vin><color>OliveDrab</color><year>1989</year></automobile><automobile><person_id>ee67212c-d5a2-4e54-901b-66de46e21c47</person_id><license_plate>81-92224</license_plate><vin>00UVU1143NGW7LYF3</vin><color>Chocolate</color><year>2007</year></automobile><automobile><person_id>7026823a-2bd6-47bb-a74e-f5b4e84e65c0</person_id><license_plate>0BA3817</license_plate><vin>0Z6M71MPXVRGYUW04</vin><color>Gainsboro</color><year>2018</year></automobile><automobile><person_id>5a339330-0987-450f-8494-c057c8fa25f8</person_id><license_plate>38E 7010</license_plate><vin>Y21EVGHBX2ZDVMLZ1</vin><color>Purple</color><year>2005</year></automobile><automobile><person_id>008d21ca-d737-4c02-896c-8e2c837079f0</person_id><license_plate>2680</license_plate><vin>GCL45VC91W2N9T89C</vin><color>MidnightBlue</color><year>1980</year></automobile><automobile><person_id>35246063-f840-4e55-be3a-2eb5b68f3f73</person_id><license_plate>5C 53955</license_plate><vin>2SNR7N115Y6V9JPYD</vin><color>Aqua</color><year>2011</year></automobile><automobile><person_id>68143326-f706-4d39-a17d-f66b500807e9</person_id><license_plate>096-MSB</license_plate><vin>RJ4CUABPXYMM33XJN</vin><color>DarkCyan</color><year>1975</year></automobile><automobile><person_id>68143326-f706-4d39-a17d-f66b500807e9</person_id><license_plate>TTV-859</license_plate><vin>Y08JGCYG9YGKUYYG8</vin><color>LightBlue</color><year>1988</year></automobile><automobile><person_id>7a3e27b5-85c1-4c1d-afbc-329ab2156a28</person_id><license_plate>79H 891</license_plate><vin>WZA6MH4V5Z7NTZAE6</vin><color>GhostWhite</color><year>1982</year></automobile><automobile><person_id>7a3e27b5-85c1-4c1d-afbc-329ab2156a28</person_id><license_plate>DT-2641</license_plate><vin>NNZ40MJ996YFV6AKV</vin><color>Chocolate</color><year>2004</year></automobile><automobile><person_id>a0bff6fe-9a59-4a9e-bd4a-65b5598a2759</person_id><license_plate>653-435</license_plate><vin>E2K6ZX6V3RLT92APJ</vin><color>LightGray</color><year>2024</year></automobile><automobile><person_id>23824a65-5f91-4576-b5a0-461297c2b033</person_id><license_plate>EJF-5405</license_plate><vin>94M3B95C0KM1KTCL0</vin><color>LimeGreen</color><year>2008</year></automobile><automobile><person_id>24799b4a-2ab2-4357-a912-ecc24ece53c9</person_id><license_plate>Y 102895</license_plate><vin>A1ECUVWC3NNBJWU56</vin><color>Chocolate</color><year>2020</year></automobile><automobile><person_id>24799b4a-2ab2-4357-a912-ecc24ece53c9</person_id><license_plate>059-LQJ</license_plate><vin>U8ZKYD3E8LXPJCJ6V</vin><color>LawnGreen</color><year>1980</year></automobile><automobile><person_id>b8ebff95-55c8-43e4-ae7f-fd5a9d9edc75</person_id><license_plate>INX 880</license_plate><vin>R57ME7DH3J1H3869Z</vin><color>OldLace</color><year>1993</year></automobile><automobile><person_id>b8ebff95-55c8-43e4-ae7f-fd5a9d9edc75</person_id><license_plate>94NA2</license_plate><vin>YX6PURYJ0CA4K3KV4</vin><color>IndianRed</color><year>2020</year></automobile><automobile><person_id>b8ebff95-55c8-43e4-ae7f-fd5a9d9edc75</person_id><license_plate>23-6842Z</license_plate><vin>SGLUHM9W54XA0ATN6</vin><color>LightCoral</color><year>1973</year></automobile><automobile><person_id>e518fd66-963e-4efb-ae2e-a324f3ca329f</person_id><license_plate>0AE W95</license_plate><vin>SCXXTK8N0L5F0C5CF</vin><color>DarkOliveGreen</color><year>2013</year></automobile><automobile><person_id>e518fd66-963e-4efb-ae2e-a324f3ca329f</person_id><license_plate>4Y935</license_plate><vin>2BCF4S3W67P5WT8L6</vin><color>DarkKhaki</color><year>2005</year></automobile><automobile><person_id>8e30395a-cb9f-4ca8-84da-9613284e9e67</person_id><license_plate>4GG G59</license_plate><vin>5Z8B5V6S41UEYANLG</vin><color>DarkSeaGreen</color><year>2007</year></automobile><automobile><person_id>35c892aa-8c16-4f6e-a313-90dd320ad819</person_id><license_plate>5NJ 566</license_plate><vin>BBYTG7HD9KGJNAWR9</vin><color>Orchid</color><year>2004</year></automobile><automobile><person_id>35c892aa-8c16-4f6e-a313-90dd320ad819</person_id><license_plate>97-71539</license_plate><vin>GFM1PHPK9K5RFADSU</vin><color>LawnGreen</color><year>1981</year></automobile><automobile><person_id>35c892aa-8c16-4f6e-a313-90dd320ad819</person_id><license_plate>096-LIF</license_plate><vin>E9CVXL412RSWPDGYN</vin><color>LightBlue</color><year>1973</year></automobile><automobile><person_id>a6c73ea7-2d74-48ba-bdf1-f0171cd98521</person_id><license_plate>VWF 519</license_plate><vin>LCRLCMA8XLY3JU82V</vin><color>LightYellow</color><year>2014</year></automobile><automobile><person_id>a6c73ea7-2d74-48ba-bdf1-f0171cd98521</person_id><license_plate>60-5849Y</license_plate><vin>3HA3W2NV9XJ5J62H9</vin><color>PeachPuff</color><year>1999</year></automobile><automobile><person_id>a6c73ea7-2d74-48ba-bdf1-f0171cd98521</person_id><license_plate>948-ZSL</license_plate><vin>ZE543N6M6XND4WE1A</vin><color>Orchid</color><year>2014</year></automobile><automobile><person_id>1670a0f8-579d-4525-b6b4-60207425acbc</person_id><license_plate>325-TRC</license_plate><vin>KHC7EY8B0Y82318MR</vin><color>MediumSpringGreen</color><year>1998</year></automobile><automobile><person_id>13bd94e6-4e3d-41a4-9950-2c15af6b7ef8</person_id><license_plate>2-82269</license_plate><vin>NL3AA8KL2T2F70ZVM</vin><color>Orange</color><year>1982</year></automobile><automobile><person_id>8b16c520-138f-43d1-bf3c-f0ed87fb8564</person_id><license_plate>919-XHN</license_plate><vin>7MWX3YM36V4AVA2UF</vin><color>BlueViolet</color><year>1980</year></automobile><automobile><person_id>c2f40fdc-96db-4ffb-ad88-78a5ad0ddd43</person_id><license_plate>WME-326</license_plate><vin>AUYFUR2L2X90HTFJB</vin><color>Wheat</color><year>2007</year></automobile><automobile><person_id>c2f40fdc-96db-4ffb-ad88-78a5ad0ddd43</person_id><license_plate>SFP-072</license_plate><vin>VXLF90FP837LNPZ67</vin><color>DimGray</color><year>2006</year></automobile><automobile><person_id>61a193ec-b74d-4d9b-b5cc-6a0a0ed16406</person_id><license_plate>QTZ7527</license_plate><vin>PVZKXMMA2WW075HE1</vin><color>Gold</color><year>1995</year></automobile><automobile><person_id>966cd0d1-73f7-4a12-b387-5041aaeb99fd</person_id><license_plate>9-Y4926</license_plate><vin>2L8H2XPD07855AMSA</vin><color>Magenta</color><year>1971</year></automobile><automobile><person_id>966cd0d1-73f7-4a12-b387-5041aaeb99fd</person_id><license_plate>9NES231</license_plate><vin>A6V6WF7V7V9EDGDPY</vin><color>OrangeRed</color><year>1984</year></automobile><automobile><person_id>359bbde1-0227-4373-a294-ea7f91e107cd</person_id><license_plate>TSO-9768</license_plate><vin>6PGDZ00P5PRPXK313</vin><color>LightPink</color><year>2021</year></automobile><automobile><person_id>359bbde1-0227-4373-a294-ea7f91e107cd</person_id><license_plate>WDZ 079</license_plate><vin>JC0XWEGT948YXX70D</vin><color>Gold</color><year>1999</year></automobile><automobile><person_id>359bbde1-0227-4373-a294-ea7f91e107cd</person_id><license_plate>4FD25</license_plate><vin>KUMWP32T42CXHBTRV</vin><color>DarkRed</color><year>1973</year></automobile><automobile><person_id>7933f2eb-2ae1-48d6-9277-a9ef3f3573ec</person_id><license_plate>72SK4</license_plate><vin>RSTEY17J6HR74T69M</vin><color>HotPink</color><year>1997</year></automobile><automobile><person_id>7933f2eb-2ae1-48d6-9277-a9ef3f3573ec</person_id><license_plate>LEE 179</license_plate><vin>CDBHJCYE0M91CB1NZ</vin><color>Yellow</color><year>1983</year></automobile><automobile><person_id>7933f2eb-2ae1-48d6-9277-a9ef3f3573ec</person_id><license_plate>277 4IO</license_plate><vin>SUWZFCHM2N1WB04S0</vin><color>GreenYellow</color><year>2005</year></automobile><automobile><person_id>466c502b-a1f0-4e0e-9765-8c9e6f0ebb46</person_id><license_plate>XKG 652</license_plate><vin>HS55NJ401PFM8ESX7</vin><color>RoyalBlue</color><year>1973</year></automobile><automobile><person_id>383550b3-4101-480a-b765-525d14906b42</person_id><license_plate>6OZ2545</license_plate><vin>X7Y5MAE841NB3JHAG</vin><color>LightSkyBlue</color><year>1992</year></automobile><automobile><person_id>206239e4-bd3d-40bc-9ac9-240f1c4c17c1</person_id><license_plate>3-2613U</license_plate><vin>9YM4ZU9HX0KVCB9UY</vin><color>Cornsilk</color><year>2009</year></automobile><automobile><person_id>4ae2a7be-6e24-4b6f-b417-ecceb2a2f14d</person_id><license_plate>KWA 969</license_plate><vin>E6ULX5HP3VAXY98LW</vin><color>Crimson</color><year>2011</year></automobile><automobile><person_id>bf6c5db4-c6ed-4254-a406-3c0a04498ae4</person_id><license_plate>355 ZWY</license_plate><vin>NVKRAN3F9SBWGERVH</vin><color>DarkTurquoise</color><year>1995</year></automobile></automobiles>