<?xml version="1.0" encoding="UTF-8" ?><automobiles><automobile><person_id>02108580-130e-467d-8a5d-fc07b5217108</person_id><license_plate>49B Y19</license_plate><vin>AUJY976U692STDRRE</vin><color>Moccasin</color><year>1973</year></automobile><automobile><person_id>02108580-130e-467d-8a5d-fc07b5217108</person_id><license_plate>MRG 527</license_plate><vin>M7NNL5876P0RY8LRV</vin><color>Navy</color><year>1978</year></automobile><automobile><person_id>067614a0-ac51-4620-acd8-fe95055c5b13</person_id><license_plate>RPE 819</license_plate><vin>Y8FTY1UP4L0NFUUYA</vin><color>MediumVioletRed</color><year>2015</year></automobile><automobile><person_id>067614a0-ac51-4620-acd8-fe95055c5b13</person_id><license_plate>6YA N48</license_plate><vin>8NLH35WH111XUX0RA</vin><color>MidnightBlue</color><year>1975</year></automobile><automobile><person_id>5a097ced-b3e5-4c3f-b3c1-7efe1c046c78</person_id><license_plate>72-0183A</license_plate><vin>YJMJG3YX77MF9DAC0</vin><color>DarkOrange</color><year>1998</year></automobile><automobile><person_id>5a097ced-b3e5-4c3f-b3c1-7efe1c046c78</person_id><license_plate>OSL1215</license_plate><vin>713BA50R8NKN1Y8R7</vin><color>Aqua</color><year>1997</year></automobile><automobile><person_id>cdcfb857-e0ba-4458-8f07-89267559733b</person_id><license_plate>VGW-253</license_plate><vin>HKPJ475D3Y8J989GX</vin><color>SkyBlue</color><year>1994</year></automobile><automobile><person_id>b3efd889-2e10-491b-913f-92ac23257907</person_id><license_plate>30IN470</license_plate><vin>7B4EUAXRXVKR2LUDZ</vin><color>Black</color><year>1975</year></automobile><automobile><person_id>b3efd889-2e10-491b-913f-92ac23257907</person_id><license_plate>GVG3756</license_plate><vin>02ZGBJN22AMRYNLHD</vin><color>PaleGreen</color><year>2013</year></automobile><automobile><person_id>b3efd889-2e10-491b-913f-92ac23257907</person_id><license_plate>990 AEO</license_plate><vin>WG7GHC0X9VGP7MCVA</vin><color>CadetBlue</color><year>1990</year></automobile><automobile><person_id>ec96ae05-a07e-453a-aaf7-a79f52166dda</person_id><license_plate>443423</license_plate><vin>1HWJ4D6A7UV74KAAY</vin><color>DarkGray</color><year>2006</year></automobile><automobile><person_id>ec96ae05-a07e-453a-aaf7-a79f52166dda</person_id><license_plate>C97 4JA</license_plate><vin>GREDVRLT3UYLA6J0M</vin><color>Teal</color><year>2014</year></automobile><automobile><person_id>23c66e2b-fb32-49fe-b6f5-fb9a1274845e</person_id><license_plate>9-1508D</license_plate><vin>ZSBE1H306DDK538UD</vin><color>Aquamarine</color><year>1985</year></automobile><automobile><person_id>23c66e2b-fb32-49fe-b6f5-fb9a1274845e</person_id><license_plate>624-GLW</license_plate><vin>5J6BYNRW7LVFPDK1X</vin><color>PaleGoldenRod</color><year>2007</year></automobile><automobile><person_id>8fbc6204-9b9f-4898-ad6a-67db9400274d</person_id><license_plate>PDG 6430</license_plate><vin>SNNZ2KPA1SF74T3BT</vin><color>LightSteelBlue</color><year>1982</year></automobile><automobile><person_id>7c6a1a48-c078-4026-ae28-062e89635677</person_id><license_plate>7315 CB</license_plate><vin>9Z78SJUS5K5M1EGVZ</vin><color>Cyan</color><year>2017</year></automobile><automobile><person_id>57da24b1-42bc-4941-bcd2-233017f043d6</person_id><license_plate>4S P5493</license_plate><vin>7NX3CGGG902844XAK</vin><color>Maroon</color><year>1995</year></automobile><automobile><person_id>57da24b1-42bc-4941-bcd2-233017f043d6</person_id><license_plate>581-YUW</license_plate><vin>P02TVTFE8AJFBNSGT</vin><color>DarkOliveGreen</color><year>1970</year></automobile><automobile><person_id>c1924f5e-2af8-4ed5-98ac-5ecf610b17a0</person_id><license_plate>SZK-5687</license_plate><vin>69AWP06N3K20ZCDZ8</vin><color>LightBlue</color><year>2003</year></automobile><automobile><person_id>c1924f5e-2af8-4ed5-98ac-5ecf610b17a0</person_id><license_plate>ZAS7947</license_plate><vin>CGWD5WF224KCUUNSF</vin><color>Moccasin</color><year>2022</year></automobile><automobile><person_id>dc2be2ea-5d6a-4929-9b76-5df25fff4c77</person_id><license_plate>TLU4402</license_plate><vin>D8XBNLF881MA1XSCK</vin><color>OldLace</color><year>1997</year></automobile><automobile><person_id>dc2be2ea-5d6a-4929-9b76-5df25fff4c77</person_id><license_plate>LW8 J2K</license_plate><vin>CXLYNK4V84G5RFW9B</vin><color>Aqua</color><year>1979</year></automobile><automobile><person_id>8c10c6e5-eac4-49fd-87bf-3d2e87115c39</person_id><license_plate>QZI 9785</license_plate><vin>DFPJJCYH0LN9KELD4</vin><color>MediumBlue</color><year>2016</year></automobile><automobile><person_id>8c10c6e5-eac4-49fd-87bf-3d2e87115c39</person_id><license_plate>687 FTT</license_plate><vin>7J398GJN9G4LTCWSL</vin><color>MidnightBlue</color><year>2015</year></automobile><automobile><person_id>8c10c6e5-eac4-49fd-87bf-3d2e87115c39</person_id><license_plate>53-2150R</license_plate><vin>Z60CFVZX6XBLG9DSP</vin><color>YellowGreen</color><year>1970</year></automobile><automobile><person_id>277e24e0-9d99-4f4f-aea5-72daf7073f9a</person_id><license_plate>8N995</license_plate><vin>NNASXN0X91ZTGLPL8</vin><color>Gold</color><year>2016</year></automobile><automobile><person_id>1fb8b304-2d3b-4ea4-ab63-f648cacf7aa7</person_id><license_plate>5G H4486</license_plate><vin>NCCKY9Y401MB4KBUL</vin><color>FireBrick</color><year>1993</year></automobile><automobile><person_id>1fb8b304-2d3b-4ea4-ab63-f648cacf7aa7</person_id><license_plate>DVF J92</license_plate><vin>6PCFUZBB3CZR2WP84</vin><color>Khaki</color><year>2011</year></automobile><automobile><person_id>96138bf3-435a-4b4a-9497-6b30e3b0eb4c</person_id><license_plate>RWJ 917</license_plate><vin>Y44MZ7D57A6GRDU3A</vin><color>DarkGoldenRod</color><year>2011</year></automobile><automobile><person_id>4a8cf9c0-1016-4403-a21e-79e517eff50f</person_id><license_plate>PXM 293</license_plate><vin>CVTBXTVU00H4CHATK</vin><color>Tan</color><year>1985</year></automobile><automobile><person_id>4a8cf9c0-1016-4403-a21e-79e517eff50f</person_id><license_plate>604 7272</license_plate><vin>5P8M7ZF547YDYNVE3</vin><color>MediumTurquoise</color><year>1980</year></automobile><automobile><person_id>95530629-11da-486b-a226-2f368d026bda</person_id><license_plate>NJR 578</license_plate><vin>F7102JE4XWFXTYTZ8</vin><color>RosyBrown</color><year>2009</year></automobile><automobile><person_id>47f85824-06bc-4c16-b628-6dac73d12ba9</person_id><license_plate>TZO-9014</license_plate><vin>R5MR5CR13DPB3RJXH</vin><color>PeachPuff</color><year>2011</year></automobile><automobile><person_id>5d2b8afd-92bb-4006-82f1-705fde65c03a</person_id><license_plate>337XAL</license_plate><vin>SMSDD32X2UT9FCKVB</vin><color>HotPink</color><year>1982</year></automobile><automobile><person_id>5d2b8afd-92bb-4006-82f1-705fde65c03a</person_id><license_plate>VFW-191</license_plate><vin>5RHTKWM51WU4JWCK6</vin><color>GoldenRod</color><year>1985</year></automobile><automobile><person_id>d2483cb8-befb-401d-a5bc-11ea196b66b7</person_id><license_plate>823 EMZ</license_plate><vin>U8Z6CH835N4CM1MTT</vin><color>DarkBlue</color><year>2007</year></automobile><automobile><person_id>155b3ea0-5f1a-45fa-ba50-3adf89c3dfe8</person_id><license_plate>ZDC1625</license_plate><vin>DSNYL6GR44G2P4GYZ</vin><color>Sienna</color><year>1982</year></automobile><automobile><person_id>155b3ea0-5f1a-45fa-ba50-3adf89c3dfe8</person_id><license_plate>124-LLML</license_plate><vin>8VLC9LF85F5JK2PA0</vin><color>LightGreen</color><year>2016</year></automobile><automobile><person_id>46c9878f-c2c4-4e6b-9eb0-6938cdfc66eb</person_id><license_plate>COL 961</license_plate><vin>494ST99R0XKU8ZZHP</vin><color>PaleGreen</color><year>1988</year></automobile><automobile><person_id>46c9878f-c2c4-4e6b-9eb0-6938cdfc66eb</person_id><license_plate>S 844179</license_plate><vin>WS6UNR9K4V07T4CB7</vin><color>Azure</color><year>1985</year></automobile><automobile><person_id>61a8d986-9cd5-4616-bdff-e917df581a36</person_id><license_plate>882 LLU</license_plate><vin>BY0T9END6TJP8RE1P</vin><color>DarkGray</color><year>2000</year></automobile><automobile><person_id>61a8d986-9cd5-4616-bdff-e917df581a36</person_id><license_plate>SPA5145</license_plate><vin>AF1PBYGD2AC31W3XE</vin><color>Violet</color><year>2001</year></automobile><automobile><person_id>61a8d986-9cd5-4616-bdff-e917df581a36</person_id><license_plate>8QU5600</license_plate><vin>PVY5Z4462EC7W2YZ8</vin><color>Aquamarine</color><year>1977</year></automobile><automobile><person_id>63af5890-b42f-4e9a-9f64-4c5d6e6c9d3f</person_id><license_plate>KCY 181</license_plate><vin>H2KEK7PHX1J1WBMXL</vin><color>OrangeRed</color><year>2003</year></automobile><automobile><person_id>63af5890-b42f-4e9a-9f64-4c5d6e6c9d3f</person_id><license_plate>9IH I21</license_plate><vin>M0ZZZMVC5L4UH2Y4B</vin><color>HoneyDew</color><year>1976</year></automobile><automobile><person_id>b14b488c-2f73-4e63-bedc-20dd2ef3fc4b</person_id><license_plate>806 JQW</license_plate><vin>BFHU11KUXJNHHBG4K</vin><color>PaleGoldenRod</color><year>1993</year></automobile><automobile><person_id>b14b488c-2f73-4e63-bedc-20dd2ef3fc4b</person_id><license_plate>2GZ85</license_plate><vin>WY833YUB7HPNSXXA4</vin><color>BurlyWood</color><year>1982</year></automobile><automobile><person_id>5473927b-2282-4229-b67a-117bda8856db</person_id><license_plate>FH-2317</license_plate><vin>Y5G9LRSM8G2SH5TBC</vin><color>AliceBlue</color><year>1989</year></automobile><automobile><person_id>22a754c2-fcf1-4e56-8bae-bfe4863422ce</person_id><license_plate>998-GOU</license_plate><vin>1W5T65AR192NWXX03</vin><color>Azure</color><year>1997</year></automobile><automobile><person_id>22a754c2-fcf1-4e56-8bae-bfe4863422ce</person_id><license_plate>8J 7248A</license_plate><vin>GSKF6PEB5NR4VLF3A</vin><color>DarkSlateGray</color><year>2015</year></automobile><automobile><person_id>58e159a3-e42c-4f61-a451-30857672a9de</person_id><license_plate>KA-0559</license_plate><vin>4CLHBJP70CAMVY71B</vin><color>Cornsilk</color><year>2017</year></automobile><automobile><person_id>58e159a3-e42c-4f61-a451-30857672a9de</person_id><license_plate>SQ3 8203</license_plate><vin>ZZPBEC3K07WLB975E</vin><color>Salmon</color><year>1989</year></automobile><automobile><person_id>6746f780-c9c6-49fa-af99-d731cf8f8713</person_id><license_plate>5153</license_plate><vin>17234L1R3WCBBB5DD</vin><color>GreenYellow</color><year>2012</year></automobile><automobile><person_id>4e859f98-b6d8-4545-b2c9-cb9b79a3e646</person_id><license_plate>992 3247</license_plate><vin>G4S4Z2DM7JK9R7XTY</vin><color>SteelBlue</color><year>1970</year></automobile><automobile><person_id>5dd4b560-d854-4cb7-af11-1db03b83295c</person_id><license_plate>R00 1WC</license_plate><vin>CDAJV4RF8CM0G02HE</vin><color>HotPink</color><year>1997</year></automobile><automobile><person_id>128af9c7-b0f2-45e7-bcbe-d3a41f4cf1ec</person_id><license_plate>4LLO 94</license_plate><vin>RJXCMYDG908WXP9AC</vin><color>Sienna</color><year>2009</year></automobile><automobile><person_id>d13391a1-c396-4e4b-bb54-a4e165cabb86</person_id><license_plate>VOK 008</license_plate><vin>A46L8PL7XJMR234KK</vin><color>DimGray</color><year>2005</year></automobile><automobile><person_id>3bf856dc-5935-41c7-b637-15db549e0b53</person_id><license_plate>580-FOG</license_plate><vin>SJSK4D2F862VM0WX8</vin><color>Olive</color><year>1999</year></automobile><automobile><person_id>8c2e21be-1e73-4f58-ac05-a15bba22506d</person_id><license_plate>560KS</license_plate><vin>TVE4YKSA0VZ1P9EMP</vin><color>OrangeRed</color><year>1989</year></automobile><automobile><person_id>1f06c053-8eec-45b9-87aa-5485b79204f3</person_id><license_plate>VH 72182</license_plate><vin>FSN60VJUX4PWPKK6B</vin><color>Cornsilk</color><year>1973</year></automobile><automobile><person_id>b0490613-a923-43f6-8b85-eacd26f49738</person_id><license_plate>0Z B9962</license_plate><vin>01YB29CS8E9JCXNYA</vin><color>DarkTurquoise</color><year>2000</year></automobile><automobile><person_id>b2f56006-cb8a-4ac5-91aa-0be6229544fb</person_id><license_plate>BEA 179</license_plate><vin>NJGMEJD03HHPZWGNJ</vin><color>MidnightBlue</color><year>1971</year></automobile><automobile><person_id>06b2ff92-4fe8-4e16-bbf6-b42ea6f856c6</person_id><license_plate>9BV 575</license_plate><vin>FZZZYFAT1H77UFY57</vin><color>SlateGray</color><year>1996</year></automobile><automobile><person_id>06b2ff92-4fe8-4e16-bbf6-b42ea6f856c6</person_id><license_plate>482-GEW</license_plate><vin>1J4R4HP88GF4S4L0P</vin><color>PaleGoldenRod</color><year>2015</year></automobile><automobile><person_id>b17447a6-e3c5-4a51-9510-937b82aaa299</person_id><license_plate>HCM 140</license_plate><vin>HD4SNTDM6B78S8WE0</vin><color>Khaki</color><year>1984</year></automobile><automobile><person_id>b17447a6-e3c5-4a51-9510-937b82aaa299</person_id><license_plate>DQQ-717</license_plate><vin>PNDE6SAN147UBXN53</vin><color>Crimson</color><year>1982</year></automobile><automobile><person_id>804fae15-fd56-425d-9d92-9c8ae9f13a58</person_id><license_plate>1LV X99</license_plate><vin>2UH2YTLR5PSPYAEPC</vin><color>Plum</color><year>1990</year></automobile><automobile><person_id>9a816222-a7f2-4f66-a065-15a9fa01c3ca</person_id><license_plate>590VVK</license_plate><vin>HZRYWAP02LN8TF02P</vin><color>DeepSkyBlue</color><year>1975</year></automobile><automobile><person_id>9a816222-a7f2-4f66-a065-15a9fa01c3ca</person_id><license_plate>NA 66549</license_plate><vin>5UK3NGFD0FU1EUYUE</vin><color>DarkTurquoise</color><year>2015</year></automobile><automobile><person_id>9a816222-a7f2-4f66-a065-15a9fa01c3ca</person_id><license_plate>GDU-570</license_plate><vin>A7BD1RNE5VFEMBZG1</vin><color>DarkOliveGreen</color><year>1990</year></automobile><automobile><person_id>e223d123-30f4-4757-b3c3-fafa8c62856d</person_id><license_plate>760 YXG</license_plate><vin>7A6K30X22N0LA6MA6</vin><color>LimeGreen</color><year>1995</year></automobile><automobile><person_id>e223d123-30f4-4757-b3c3-fafa8c62856d</person_id><license_plate>9LFS 00</license_plate><vin>3DKHMGJN4UFZ5NBYC</vin><color>LemonChiffon</color><year>1970</year></automobile><automobile><person_id>08539cdd-60df-4f8e-9ec2-597ef15f493f</person_id><license_plate>24-5140F</license_plate><vin>EDTBBBG75RZXGPS3E</vin><color>Purple</color><year>1986</year></automobile><automobile><person_id>08539cdd-60df-4f8e-9ec2-597ef15f493f</person_id><license_plate>FAM6646</license_plate><vin>CSPLK43VX70Y7388G</vin><color>Aquamarine</color><year>1985</year></automobile><automobile><person_id>8a899304-c827-456f-9bd0-d41154de77ca</person_id><license_plate>984-JCE</license_plate><vin>M9YU9F2BXPZNKUHAH</vin><color>Bisque</color><year>2008</year></automobile><automobile><person_id>16c53bcf-26ad-4a34-9f78-69837ad92bca</person_id><license_plate>NH8 2472</license_plate><vin>SZ8DLZM79YMBJCEZE</vin><color>Magenta</color><year>2006</year></automobile><automobile><person_id>9f4add2d-5f6d-4dfd-9931-08c8b3291b42</person_id><license_plate>157 NOA</license_plate><vin>100M7HYEXZY9M0WRN</vin><color>SpringGreen</color><year>1987</year></automobile><automobile><person_id>9f4add2d-5f6d-4dfd-9931-08c8b3291b42</person_id><license_plate>ESO-8078</license_plate><vin>MLC0YE7E4BKD18RDZ</vin><color>LightGreen</color><year>2020</year></automobile><automobile><person_id>9f4add2d-5f6d-4dfd-9931-08c8b3291b42</person_id><license_plate>857 7994</license_plate><vin>8KFHEURS3XZJV00S4</vin><color>LightSkyBlue</color><year>2010</year></automobile><automobile><person_id>6b2bcf94-40df-4d43-ba65-5455d419dfad</person_id><license_plate>LES 052</license_plate><vin>RZ1FKULP8P34TWNVY</vin><color>LawnGreen</color><year>2012</year></automobile><automobile><person_id>8c70c0b5-e5a1-41f9-bc19-348ce3a5881c</person_id><license_plate>943 CQB</license_plate><vin>E81E9GMK3HF6CLGLV</vin><color>MediumVioletRed</color><year>1975</year></automobile><automobile><person_id>0b2bfa17-7b42-4add-b276-a091084a6084</person_id><license_plate>LJU 082</license_plate><vin>0DJ71DUW4UMZ1S0N4</vin><color>Yellow</color><year>2002</year></automobile><automobile><person_id>0b2bfa17-7b42-4add-b276-a091084a6084</person_id><license_plate>7YC 736</license_plate><vin>V59WXT2Z36CWABYDL</vin><color>LightSteelBlue</color><year>2012</year></automobile><automobile><person_id>b97f5997-8f79-405c-86f7-6c0a82fe3569</person_id><license_plate>84HJ245</license_plate><vin>FCAD11XFX34011HAK</vin><color>Pink</color><year>2018</year></automobile><automobile><person_id>b97f5997-8f79-405c-86f7-6c0a82fe3569</person_id><license_plate>4M 51984</license_plate><vin>LPU5CPHU1609T6YNR</vin><color>MediumSeaGreen</color><year>1976</year></automobile><automobile><person_id>1eee0392-7ab1-497f-8d9d-a411380e52e3</person_id><license_plate>041-DCQ</license_plate><vin>W820FEK54MGCME49M</vin><color>HotPink</color><year>2009</year></automobile><automobile><person_id>1eee0392-7ab1-497f-8d9d-a411380e52e3</person_id><license_plate>5V R1536</license_plate><vin>ZSGZL7PH0GC335R2A</vin><color>MediumSpringGreen</color><year>2018</year></automobile><automobile><person_id>c3a19697-eba4-456a-a56c-edd8028f7678</person_id><license_plate>FY5 K9S</license_plate><vin>D5EEDZA17G1110FW6</vin><color>White</color><year>1991</year></automobile><automobile><person_id>cb3026d9-64de-43e5-8793-7ac24366b48c</person_id><license_plate>GCM5515</license_plate><vin>Y8AHDCCP2D98KLZGB</vin><color>MintCream</color><year>2004</year></automobile><automobile><person_id>cb3026d9-64de-43e5-8793-7ac24366b48c</person_id><license_plate>QCV 8519</license_plate><vin>03TWM27G82R8PKK0F</vin><color>SlateBlue</color><year>1970</year></automobile><automobile><person_id>2324f14d-0d7f-42cf-9d3a-4c1ff294bfa8</person_id><license_plate>727LKH</license_plate><vin>3M13D3UU2GMMH2LWM</vin><color>Green</color><year>2018</year></automobile><automobile><person_id>318f6b98-9864-42a2-a8ce-bd14f70c1570</person_id><license_plate>6C506</license_plate><vin>9NF1GHJ91KMCEDJWL</vin><color>DarkMagenta</color><year>1994</year></automobile><automobile><person_id>318f6b98-9864-42a2-a8ce-bd14f70c1570</person_id><license_plate>594-804</license_plate><vin>KG6R5HRV2V992Y8MZ</vin><color>DarkOrange</color><year>1981</year></automobile><automobile><person_id>aeff37ca-2a1f-47a7-8f2b-dc23b46d8509</person_id><license_plate>566 QPH</license_plate><vin>LG75CDE78JZP7JLZN</vin><color>DarkMagenta</color><year>2011</year></automobile><automobile><person_id>aeff37ca-2a1f-47a7-8f2b-dc23b46d8509</person_id><license_plate>664 XY8</license_plate><vin>LX0X8J839TZA24L93</vin><color>Linen</color><year>2003</year></automobile><automobile><person_id>2e7901df-3f24-4fa4-b2a1-5956641a3451</person_id><license_plate>XPS-8551</license_plate><vin>MG8PSN3U6MLY6BUDW</vin><color>WhiteSmoke</color><year>2011</year></automobile><automobile><person_id>b4fbc263-3b51-44fd-8183-88ebc8b2585f</person_id><license_plate>925D4</license_plate><vin>GBMFJZGP2722PGYW8</vin><color>DarkViolet</color><year>1979</year></automobile><automobile><person_id>949cb313-4406-4c5b-8692-ae0f22806b2b</person_id><license_plate>NM8 3724</license_plate><vin>88KWJVXB2KJE60B2T</vin><color>Purple</color><year>2021</year></automobile><automobile><person_id>e9e09768-c2c5-41c9-88b3-e088231648b4</person_id><license_plate>58P 751</license_plate><vin>R9M3PCCK74SM5K8LY</vin><color>Green</color><year>1978</year></automobile><automobile><person_id>e9e09768-c2c5-41c9-88b3-e088231648b4</person_id><license_plate>XOX 266</license_plate><vin>ZKMD6B6L01FX05V70</vin><color>DarkGoldenRod</color><year>1979</year></automobile><automobile><person_id>536eaac9-abf8-445b-ade3-6f9b7eb3b088</person_id><license_plate>KHY 794</license_plate><vin>4E6CTTD949ZC2X5JZ</vin><color>Aquamarine</color><year>1972</year></automobile><automobile><person_id>3eaa6092-b29f-475b-a4a1-b498cf51439a</person_id><license_plate>2PF60</license_plate><vin>MWPXZJ27XSF01LTHM</vin><color>GreenYellow</color><year>2009</year></automobile><automobile><person_id>f1b00c89-191d-4258-8911-46986a2a821c</person_id><license_plate>6EL54</license_plate><vin>4FX5BTKM2V281X7AZ</vin><color>DarkMagenta</color><year>2010</year></automobile><automobile><person_id>a8b7197f-cbe3-4775-95e9-a6a6a19f9ca0</person_id><license_plate>3AQ 750</license_plate><vin>NLMBT81A3UXS3GAUB</vin><color>Olive</color><year>2012</year></automobile><automobile><person_id>df64ac87-84cb-4161-b680-aa7407947b79</person_id><license_plate>IPQ-0334</license_plate><vin>R8PX7N085W02W5TJ3</vin><color>BlueViolet</color><year>1983</year></automobile><automobile><person_id>6a58c422-1987-4678-b2a0-04f367ed5af5</person_id><license_plate>LWQ 160</license_plate><vin>T0X075UU26HZ4T2R4</vin><color>DarkOrchid</color><year>2022</year></automobile><automobile><person_id>6a58c422-1987-4678-b2a0-04f367ed5af5</person_id><license_plate>943 XRI</license_plate><vin>PRE01VL75D82S5WA6</vin><color>Orange</color><year>2012</year></automobile><automobile><person_id>e736f3dd-361e-4493-9289-4c5aaa05482c</person_id><license_plate>1LN K79</license_plate><vin>71CPS41A7RF2K3D5V</vin><color>DarkOrange</color><year>2003</year></automobile><automobile><person_id>e736f3dd-361e-4493-9289-4c5aaa05482c</person_id><license_plate>5KA68</license_plate><vin>R6H3AHF49XTUSY18D</vin><color>CadetBlue</color><year>2008</year></automobile><automobile><person_id>6c81f1a6-e074-4fff-ae0b-12cd8a8faf87</person_id><license_plate>1EC65</license_plate><vin>K3WFJ43W30T5D87BJ</vin><color>Gold</color><year>1979</year></automobile><automobile><person_id>6c81f1a6-e074-4fff-ae0b-12cd8a8faf87</person_id><license_plate>0G 3656Q</license_plate><vin>A2B7Y2DR3WXE400J0</vin><color>DarkGray</color><year>2000</year></automobile><automobile><person_id>66709e83-8b12-4c80-b0ac-67215a7d5836</person_id><license_plate>PSF5786</license_plate><vin>VTUTT3MY8Y10XD1KN</vin><color>DarkSalmon</color><year>2003</year></automobile><automobile><person_id>66709e83-8b12-4c80-b0ac-67215a7d5836</person_id><license_plate>WKL1952</license_plate><vin>CTK10XWL0KU7B6VL1</vin><color>Lime</color><year>1987</year></automobile><automobile><person_id>34ba9fff-cd63-4ca5-a335-9303ee4a077f</person_id><license_plate>GJE 523</license_plate><vin>WXBWD7C83C3C6M76R</vin><color>DarkSlateBlue</color><year>2016</year></automobile><automobile><person_id>34ba9fff-cd63-4ca5-a335-9303ee4a077f</person_id><license_plate>9-35889J</license_plate><vin>VWHLS27G8HA461MU3</vin><color>DeepSkyBlue</color><year>2005</year></automobile><automobile><person_id>b85f47d4-03c5-418c-b6ec-56887d85fc87</person_id><license_plate>XMN 041</license_plate><vin>61JXXYNZ47JSSBFCF</vin><color>LightSalmon</color><year>1979</year></automobile><automobile><person_id>56cdc78c-1a14-4c9a-a785-a8fc50c02120</person_id><license_plate>UBL 802</license_plate><vin>AYDJTCH503RDW938Y</vin><color>Navy</color><year>2020</year></automobile><automobile><person_id>56cdc78c-1a14-4c9a-a785-a8fc50c02120</person_id><license_plate>JLV 997</license_plate><vin>5675PPE501D1MKXH2</vin><color>CadetBlue</color><year>2003</year></automobile><automobile><person_id>8d700650-e4f6-4577-aa87-6989a8e634e9</person_id><license_plate>9FE5666</license_plate><vin>2T7A5D3C3G6LWHNAY</vin><color>Chartreuse</color><year>2013</year></automobile><automobile><person_id>76c465ec-e0ae-4a08-8bb0-17d8c2875fa3</person_id><license_plate>3RC X07</license_plate><vin>Y2KFGMEM0AP1UP9NS</vin><color>Olive</color><year>2003</year></automobile><automobile><person_id>76c465ec-e0ae-4a08-8bb0-17d8c2875fa3</person_id><license_plate>KAG 155</license_plate><vin>3PWUEYMN8UEJ1XFPK</vin><color>DarkMagenta</color><year>2000</year></automobile><automobile><person_id>f8e2873b-1583-4ee9-b6ae-29f1b9d1b9a8</person_id><license_plate>HVF-4263</license_plate><vin>M9YEFMK553CN7EH4F</vin><color>Brown</color><year>2000</year></automobile><automobile><person_id>31408bfa-8185-42da-8797-64d6314d365d</person_id><license_plate>WDF-3114</license_plate><vin>8EJYMDZL5UAZLSHAE</vin><color>LimeGreen</color><year>1984</year></automobile><automobile><person_id>31408bfa-8185-42da-8797-64d6314d365d</person_id><license_plate>551 7KP</license_plate><vin>92EALD6M9KHEBV7WU</vin><color>MediumTurquoise</color><year>1979</year></automobile><automobile><person_id>0e836ccc-4ae0-4d2b-aa86-cc7f5c704127</person_id><license_plate>MPG 319</license_plate><vin>9B93TXTR4DTLVN9Y4</vin><color>SteelBlue</color><year>2012</year></automobile></automobiles>