<?xml version="1.0" encoding="UTF-8" ?><automobiles><automobile><person_id>83fb8ff8-dc6d-4f99-881d-d82da94dafc1</person_id><license_plate>EA 2198</license_plate><vin>SB73K4UM3VRC65M4T</vin><color>Teal</color><year>2019</year></automobile><automobile><person_id>65c8be1a-f381-44d9-9fb1-6c9c30ee6e42</person_id><license_plate>3-S5937</license_plate><vin>VGCZCJKK3ZDX42XVA</vin><color>MediumSlateBlue</color><year>1998</year></automobile><automobile><person_id>65c8be1a-f381-44d9-9fb1-6c9c30ee6e42</person_id><license_plate>AY 63919</license_plate><vin>HJ67Y2W668R298E6P</vin><color>FloralWhite</color><year>1980</year></automobile><automobile><person_id>75bd2bfc-e6d6-4c45-a04b-8e13a548bf2a</person_id><license_plate>7K 33541</license_plate><vin>Z53TY7W31TCYV03WL</vin><color>Azure</color><year>1984</year></automobile><automobile><person_id>a0bdc0aa-e748-4035-af22-ff82f0cc2cb5</person_id><license_plate>984-CVP</license_plate><vin>M0TL1PDV14HNC2ZVJ</vin><color>SlateBlue</color><year>2022</year></automobile><automobile><person_id>183efdc0-f8c7-49ac-b9af-21b01ce5a03a</person_id><license_plate>YOU0387</license_plate><vin>CHTDK0N64BCMTHZ7M</vin><color>DarkViolet</color><year>1984</year></automobile><automobile><person_id>183efdc0-f8c7-49ac-b9af-21b01ce5a03a</person_id><license_plate>307 KOD</license_plate><vin>CAU4R3KZ1Y27CCC5M</vin><color>SlateBlue</color><year>2008</year></automobile><automobile><person_id>183efdc0-f8c7-49ac-b9af-21b01ce5a03a</person_id><license_plate>9GT L23</license_plate><vin>VE1JD6DK6SV20TNN0</vin><color>LemonChiffon</color><year>2004</year></automobile><automobile><person_id>bcc5f9bd-e424-4e7e-8f8d-ff28f7da73ad</person_id><license_plate>284YMO</license_plate><vin>UC6WSUDD6BW3EDKFD</vin><color>DarkSlateGray</color><year>2018</year></automobile><automobile><person_id>bcc5f9bd-e424-4e7e-8f8d-ff28f7da73ad</person_id><license_plate>43-GP11</license_plate><vin>JK1ZNTTR18R8M7PM5</vin><color>Cornsilk</color><year>1970</year></automobile><automobile><person_id>92f2d895-68a1-4156-9e09-1dd84cef720f</person_id><license_plate>766-927</license_plate><vin>BCZRHYRMXBED9SPXW</vin><color>Lavender</color><year>1981</year></automobile><automobile><person_id>92f2d895-68a1-4156-9e09-1dd84cef720f</person_id><license_plate>GGK-4191</license_plate><vin>19GDHXC35R1HW6930</vin><color>Red</color><year>2000</year></automobile><automobile><person_id>7f0c05a4-c66f-4c13-b728-02ec911981bc</person_id><license_plate>U89-PXW</license_plate><vin>CBS5G4TX3XJHCBMWU</vin><color>DarkMagenta</color><year>1993</year></automobile><automobile><person_id>7f0c05a4-c66f-4c13-b728-02ec911981bc</person_id><license_plate>88-4158F</license_plate><vin>LRBY6TXW660NA7GL0</vin><color>Lavender</color><year>2009</year></automobile><automobile><person_id>6b560804-ec1f-42bb-9c77-b1a91814940e</person_id><license_plate>ZPV-5549</license_plate><vin>RYWM98ZX0SP7AUX2A</vin><color>OliveDrab</color><year>1983</year></automobile><automobile><person_id>4a402f74-6f0a-42e7-a45f-592a7aa18b66</person_id><license_plate>F25 7JB</license_plate><vin>HU0VZYZ7656837B95</vin><color>Blue</color><year>1994</year></automobile><automobile><person_id>4a402f74-6f0a-42e7-a45f-592a7aa18b66</person_id><license_plate>Z 834995</license_plate><vin>EYPZPWBV42MY3C9YL</vin><color>Salmon</color><year>2006</year></automobile><automobile><person_id>161d562a-cb2f-45f3-bf81-3650ccd032a3</person_id><license_plate>970 FLJ</license_plate><vin>VSM5G5PC1JGPK07F1</vin><color>Lavender</color><year>2015</year></automobile><automobile><person_id>0d4c72d8-3928-4730-975f-8678c558bc02</person_id><license_plate>3-68168</license_plate><vin>LAXZV3MT2AZ0U714A</vin><color>YellowGreen</color><year>2018</year></automobile><automobile><person_id>0d4c72d8-3928-4730-975f-8678c558bc02</person_id><license_plate>IQ3 Q7Q</license_plate><vin>ABS24ZG28TE31RM7D</vin><color>PeachPuff</color><year>1993</year></automobile><automobile><person_id>a892a8e8-0a2c-444e-be0b-9101eb14eeb5</person_id><license_plate>E65 9RI</license_plate><vin>1ENMYMCL2L3VN0FTE</vin><color>Salmon</color><year>1990</year></automobile><automobile><person_id>5ac03413-1fc9-49d6-9b8f-88d52ba12a27</person_id><license_plate>MRX 971</license_plate><vin>MPFMHG4T04DUJK7DY</vin><color>Green</color><year>2019</year></automobile><automobile><person_id>5ac03413-1fc9-49d6-9b8f-88d52ba12a27</person_id><license_plate>045T</license_plate><vin>XV2LWDCJ51MWWWZ2R</vin><color>YellowGreen</color><year>1988</year></automobile><automobile><person_id>052480c3-e574-43ba-ac04-7d86777cc8da</person_id><license_plate>SJF P68</license_plate><vin>HVTBVFW92G8VH00N8</vin><color>Tan</color><year>1987</year></automobile><automobile><person_id>052480c3-e574-43ba-ac04-7d86777cc8da</person_id><license_plate>ZVK S35</license_plate><vin>KY27F06W1MLUMTD1P</vin><color>DodgerBlue</color><year>2024</year></automobile><automobile><person_id>fee082de-ee99-4eed-86b8-5aa553e09307</person_id><license_plate>CJQ 272</license_plate><vin>7GGKXHYW24L3745PT</vin><color>DarkGreen</color><year>2021</year></automobile><automobile><person_id>fee082de-ee99-4eed-86b8-5aa553e09307</person_id><license_plate>DGW-9055</license_plate><vin>E5Z15EJT9NJWMGXSY</vin><color>Cyan</color><year>1976</year></automobile><automobile><person_id>fee082de-ee99-4eed-86b8-5aa553e09307</person_id><license_plate>403 4DK</license_plate><vin>FXF92EAT2HX51S6H2</vin><color>MediumAquaMarine</color><year>1976</year></automobile><automobile><person_id>f1427653-2c8f-4dd3-813e-465425221342</person_id><license_plate>H29-30W</license_plate><vin>R666Y3FM7D68HNZAN</vin><color>DarkGoldenRod</color><year>2011</year></automobile><automobile><person_id>423cea80-53a3-4385-811e-cc8aca38f330</person_id><license_plate>6PSF185</license_plate><vin>RZ51K85S6WHZPLDP8</vin><color>Tomato</color><year>1983</year></automobile><automobile><person_id>423cea80-53a3-4385-811e-cc8aca38f330</person_id><license_plate>8823</license_plate><vin>2ERJZXBU2JR063DB0</vin><color>MediumSeaGreen</color><year>2005</year></automobile><automobile><person_id>7bf4a77a-164d-463d-ab08-38f487055061</person_id><license_plate>KLL 688</license_plate><vin>TZ29NEYZ1NH2ZH70E</vin><color>PeachPuff</color><year>1998</year></automobile><automobile><person_id>7bf4a77a-164d-463d-ab08-38f487055061</person_id><license_plate>SQG-7109</license_plate><vin>DV1GNT024Z3VHX74A</vin><color>Azure</color><year>1986</year></automobile><automobile><person_id>5c58ef30-1a1e-4691-b7fe-27a783a8ec0b</person_id><license_plate>8GV79</license_plate><vin>HYZ944VG3HF0A7NXA</vin><color>PaleGoldenRod</color><year>2011</year></automobile><automobile><person_id>da7f1f3c-472b-4403-be57-00f0c5a5fd4e</person_id><license_plate>CSP-248</license_plate><vin>WW7VNXP6896UP9JUB</vin><color>AntiqueWhite</color><year>1993</year></automobile><automobile><person_id>b31ec08c-5981-4340-a966-fc6d75eab03a</person_id><license_plate>1NPX 21</license_plate><vin>V5CBBA855325EPZG5</vin><color>DarkGray</color><year>2014</year></automobile><automobile><person_id>b31ec08c-5981-4340-a966-fc6d75eab03a</person_id><license_plate>405 ENV</license_plate><vin>YWFZ9DTC006PRZPER</vin><color>Salmon</color><year>2013</year></automobile><automobile><person_id>f0a86c26-0c5b-4fb6-a1df-886a2bcce768</person_id><license_plate>874 1954</license_plate><vin>LAG34VPT6620MRNKM</vin><color>PaleTurquoise</color><year>1984</year></automobile><automobile><person_id>0a4ff604-535b-4f2f-8323-0167bd1b9eda</person_id><license_plate>68P•444</license_plate><vin>8R6LDY4R20FRMWZKZ</vin><color>White</color><year>1974</year></automobile><automobile><person_id>d0b6063a-5a8f-4462-a94a-81ca6a5b6066</person_id><license_plate>75-74527</license_plate><vin>A1AMKPGC8CY8VH4X7</vin><color>PaleGoldenRod</color><year>1990</year></automobile><automobile><person_id>6702634d-9887-4bee-ae1c-b6ce7bc1f159</person_id><license_plate>540 UZ5</license_plate><vin>G7FZWV68X029ZAEVK</vin><color>MediumOrchid</color><year>2011</year></automobile><automobile><person_id>88fc7749-db3e-467f-ba02-d21075c9728d</person_id><license_plate>PF 6335</license_plate><vin>6GUDJEPC870CMJCF1</vin><color>Olive</color><year>2023</year></automobile><automobile><person_id>c4c9c012-fceb-4356-827a-ee760cd7844c</person_id><license_plate>D19 2NV</license_plate><vin>DWHJZSPW76ZAE6N0A</vin><color>DarkOliveGreen</color><year>1978</year></automobile><automobile><person_id>3e17fd5a-e44f-4a77-9d6f-98cb7e4cd811</person_id><license_plate>37R OE0</license_plate><vin>M12HPHF34ZMW5MK4W</vin><color>LightBlue</color><year>2021</year></automobile><automobile><person_id>3e17fd5a-e44f-4a77-9d6f-98cb7e4cd811</person_id><license_plate>488-604</license_plate><vin>ZHF4EJJP9SND2RHXZ</vin><color>LightGray</color><year>1976</year></automobile><automobile><person_id>ba56dcab-1797-4052-b51f-7e1349ee2c81</person_id><license_plate>UNT7469</license_plate><vin>HGXE49RF52AJ8TNY2</vin><color>LightGray</color><year>1999</year></automobile><automobile><person_id>e6f171f7-681e-49ca-ac89-39a73f85e8b7</person_id><license_plate>RKT-4706</license_plate><vin>MX4UGKUX749NDZ4UX</vin><color>Gray</color><year>1992</year></automobile><automobile><person_id>371031f7-5e4d-4603-8ad8-7381dc3dcef3</person_id><license_plate>KIB-012</license_plate><vin>2ZE2PTH38RX8NAXGA</vin><color>LightSalmon</color><year>2010</year></automobile><automobile><person_id>371031f7-5e4d-4603-8ad8-7381dc3dcef3</person_id><license_plate>102 GJR</license_plate><vin>W9DTWWDZ4G6TJYSBC</vin><color>ForestGreen</color><year>1992</year></automobile><automobile><person_id>371031f7-5e4d-4603-8ad8-7381dc3dcef3</person_id><license_plate>7OT2922</license_plate><vin>JN5W0JCS78WDSVL1Y</vin><color>DarkSlateBlue</color><year>1991</year></automobile><automobile><person_id>365e4ad1-3f53-443e-9e0c-86abe131e321</person_id><license_plate>712 WCU</license_plate><vin>1Y66V4NU5PVR0W548</vin><color>MistyRose</color><year>1986</year></automobile><automobile><person_id>f272ed0e-800d-44fa-9d6e-d0a313a4f920</person_id><license_plate>9WGZ530</license_plate><vin>3P4T3XN1XRBK325VW</vin><color>MediumSeaGreen</color><year>1985</year></automobile><automobile><person_id>5270d214-3f7a-4dbd-9e97-8960160dbc55</person_id><license_plate>LLQ 010</license_plate><vin>KKC03SAAXVNXPW3C1</vin><color>DeepPink</color><year>2023</year></automobile><automobile><person_id>5270d214-3f7a-4dbd-9e97-8960160dbc55</person_id><license_plate>OIW 628</license_plate><vin>3ZKRDFEA5M1J2VGVC</vin><color>Cornsilk</color><year>2002</year></automobile><automobile><person_id>b620f06f-bcfa-427b-999f-7f798031d4b3</person_id><license_plate>MYA 148</license_plate><vin>RJTDT70W00S94LVPH</vin><color>SlateBlue</color><year>1972</year></automobile><automobile><person_id>b620f06f-bcfa-427b-999f-7f798031d4b3</person_id><license_plate>MSL-4542</license_plate><vin>2BSAHEV356HFE15V2</vin><color>LightCoral</color><year>1999</year></automobile><automobile><person_id>e07bf2c3-fb24-4929-9215-20c755673f04</person_id><license_plate>0-46958</license_plate><vin>B4KZ708L3P6NLRZ2C</vin><color>MintCream</color><year>2022</year></automobile><automobile><person_id>0f4afd74-51e2-459d-92bc-f60520594eb7</person_id><license_plate>HTE Q17</license_plate><vin>02W7T32H8PREWCK4L</vin><color>Navy</color><year>2007</year></automobile><automobile><person_id>3cc54eb4-7589-457f-9f3a-0885c79009d8</person_id><license_plate>513 BEH</license_plate><vin>SYHP8520XDAXL6X8R</vin><color>Bisque</color><year>1993</year></automobile><automobile><person_id>2446eeb4-5b89-441e-8b8f-79bbd5ebc364</person_id><license_plate>184-LNF</license_plate><vin>9AEYKFYU2SF7PUSYA</vin><color>Purple</color><year>1996</year></automobile><automobile><person_id>2446eeb4-5b89-441e-8b8f-79bbd5ebc364</person_id><license_plate>FHN-932</license_plate><vin>3N0UNZPH66FDKELN5</vin><color>Beige</color><year>2002</year></automobile><automobile><person_id>2446eeb4-5b89-441e-8b8f-79bbd5ebc364</person_id><license_plate>FGU 243</license_plate><vin>GL173LZG9VAGW5XPN</vin><color>Thistle</color><year>1972</year></automobile><automobile><person_id>eeda9ca1-7593-4e29-b8bb-d4e5eb303e93</person_id><license_plate>25OR4</license_plate><vin>CAHA3JY0X4H9FFVX5</vin><color>BurlyWood</color><year>2000</year></automobile><automobile><person_id>eeda9ca1-7593-4e29-b8bb-d4e5eb303e93</person_id><license_plate>OVP9299</license_plate><vin>D895T5PU6JMWDY2A9</vin><color>SlateBlue</color><year>2017</year></automobile><automobile><person_id>338495cd-daee-4f63-aa8d-322cf9eee1f8</person_id><license_plate>75-K357</license_plate><vin>8SMHXSWS79UT22WTC</vin><color>Peru</color><year>1993</year></automobile><automobile><person_id>011db149-9018-4ab7-bca4-3570fc9b7b14</person_id><license_plate>894-HPA</license_plate><vin>ZNZ9T60D8P5931MGF</vin><color>DeepSkyBlue</color><year>1981</year></automobile><automobile><person_id>011db149-9018-4ab7-bca4-3570fc9b7b14</person_id><license_plate>FRI-1617</license_plate><vin>1GVP6RACXFGJ6K6BD</vin><color>AliceBlue</color><year>1990</year></automobile><automobile><person_id>a31fd148-883a-4ff4-8a8f-bdcfe6732192</person_id><license_plate>032 4563</license_plate><vin>N7ZCL23B1TRV2P12K</vin><color>DarkOrchid</color><year>2016</year></automobile><automobile><person_id>9c7f69d1-5d9b-4f62-85da-93b5f21bc359</person_id><license_plate>SHS-7238</license_plate><vin>7ZML8D1HXCTU21H8X</vin><color>DarkSlateGray</color><year>2024</year></automobile><automobile><person_id>9c7f69d1-5d9b-4f62-85da-93b5f21bc359</person_id><license_plate>VAV6346</license_plate><vin>18MWATT67553ED048</vin><color>Ivory</color><year>2004</year></automobile><automobile><person_id>9c7f69d1-5d9b-4f62-85da-93b5f21bc359</person_id><license_plate>533 UYV</license_plate><vin>9KV4MRLR171E4VKE5</vin><color>IndianRed</color><year>2020</year></automobile><automobile><person_id>626f7227-8a5f-45cf-84d1-69cb98f8a2c9</person_id><license_plate>KWC-653</license_plate><vin>6T40ZVR81TWJB5699</vin><color>LightSeaGreen</color><year>1993</year></automobile><automobile><person_id>319e6171-d04e-4056-9567-14be25edd132</person_id><license_plate>05-00691</license_plate><vin>7FA2CJY42BSNYXVL5</vin><color>Aqua</color><year>2012</year></automobile><automobile><person_id>319e6171-d04e-4056-9567-14be25edd132</person_id><license_plate>CWD 662</license_plate><vin>GFKZFMDS5CWD59XGE</vin><color>DarkMagenta</color><year>1975</year></automobile><automobile><person_id>eb99b805-0974-4157-8936-edef3b7a047d</person_id><license_plate>693 NAJ</license_plate><vin>L7NEBSW37VAP5ECP9</vin><color>Khaki</color><year>2020</year></automobile><automobile><person_id>eb99b805-0974-4157-8936-edef3b7a047d</person_id><license_plate>8Z 5904G</license_plate><vin>VL58VWYM6F29ED5SW</vin><color>PaleVioletRed</color><year>1981</year></automobile><automobile><person_id>efc2412e-1bd3-4dd3-9775-2715d61d4197</person_id><license_plate>9O 2238J</license_plate><vin>FPBKT7CW87WUXRF1N</vin><color>Purple</color><year>1973</year></automobile><automobile><person_id>e02d9ca3-ae69-4a96-8631-514b3505ac41</person_id><license_plate>1B PV485</license_plate><vin>KL0PDXMP4UZA5XP4B</vin><color>RoyalBlue</color><year>1977</year></automobile><automobile><person_id>ecdbc1c9-5740-47dd-8a5f-d60498f5860d</person_id><license_plate>43Y 731</license_plate><vin>S28W1TZP0WZXWT5YH</vin><color>DarkSeaGreen</color><year>2007</year></automobile><automobile><person_id>aa65245f-0769-407f-a0e1-4747278ab900</person_id><license_plate>53-1150A</license_plate><vin>ZXPDMF5E0CNAMXEN3</vin><color>SlateGray</color><year>1995</year></automobile><automobile><person_id>82ea527a-3e7c-4fbf-b403-003132f1d63d</person_id><license_plate>IC 2304</license_plate><vin>L67YU7CMX4RPSA8W3</vin><color>PaleGoldenRod</color><year>1991</year></automobile><automobile><person_id>82ea527a-3e7c-4fbf-b403-003132f1d63d</person_id><license_plate>844 XC5</license_plate><vin>3L2LFNW43LSTK9NVX</vin><color>SlateBlue</color><year>1972</year></automobile><automobile><person_id>82ea527a-3e7c-4fbf-b403-003132f1d63d</person_id><license_plate>31D 3617</license_plate><vin>KVF6YN32XUUPVMZ4F</vin><color>MediumTurquoise</color><year>1998</year></automobile><automobile><person_id>7159238b-db5e-4fb9-8aff-8b255bd90cf4</person_id><license_plate>192 YDW</license_plate><vin>KRAK4K7BX4UK8EEUJ</vin><color>SteelBlue</color><year>1998</year></automobile><automobile><person_id>7159238b-db5e-4fb9-8aff-8b255bd90cf4</person_id><license_plate>05S 4143</license_plate><vin>TMLNEUHZ88M9YZ9B6</vin><color>PaleGoldenRod</color><year>1981</year></automobile><automobile><person_id>784cf009-7aaf-476e-a43a-e5c97f5ca55e</person_id><license_plate>NZO-277</license_plate><vin>4LEG2GWA4GJWDP1R3</vin><color>Azure</color><year>2000</year></automobile><automobile><person_id>769e01aa-661d-41e4-b670-4640ecd2ac67</person_id><license_plate>WFZ-621</license_plate><vin>BJYWCYUX91ZRG5WFP</vin><color>PaleVioletRed</color><year>2001</year></automobile><automobile><person_id>a87bbd9e-a363-431d-aa76-180ddb611c42</person_id><license_plate>Z25-JXZ</license_plate><vin>E1FEA3228WAK6FJWZ</vin><color>DeepSkyBlue</color><year>1972</year></automobile><automobile><person_id>c887bb2e-8b55-42f3-9b3e-1a439999c77d</person_id><license_plate>QI9 G2B</license_plate><vin>X6YF2R5H9MBRRWTB4</vin><color>DarkBlue</color><year>2001</year></automobile><automobile><person_id>95ab5eb6-cfb8-46ce-b255-e44de73ff6eb</person_id><license_plate>WUJ A09</license_plate><vin>C4K8V0XY7JTTVP22U</vin><color>RoyalBlue</color><year>1993</year></automobile><automobile><person_id>95ab5eb6-cfb8-46ce-b255-e44de73ff6eb</person_id><license_plate>04-64529</license_plate><vin>P81T11AD51SD6H3BT</vin><color>MistyRose</color><year>2005</year></automobile><automobile><person_id>0306a0d8-173c-4801-8314-085d6ac38bb3</person_id><license_plate>CXG-078</license_plate><vin>XNPSL3CV8WHDRW72D</vin><color>OrangeRed</color><year>2018</year></automobile><automobile><person_id>0306a0d8-173c-4801-8314-085d6ac38bb3</person_id><license_plate>639-OYU</license_plate><vin>VJZSDW608NX18BVLU</vin><color>WhiteSmoke</color><year>2011</year></automobile><automobile><person_id>2fb7bed3-545a-4952-bb35-4fae854da551</person_id><license_plate>OFA-5247</license_plate><vin>8B35AS6Z85T4HJ0YM</vin><color>ForestGreen</color><year>1980</year></automobile><automobile><person_id>2fb7bed3-545a-4952-bb35-4fae854da551</person_id><license_plate>7JGF 61</license_plate><vin>X52D074H49P62VSWX</vin><color>DeepSkyBlue</color><year>1973</year></automobile><automobile><person_id>2fb7bed3-545a-4952-bb35-4fae854da551</person_id><license_plate>P 551389</license_plate><vin>3YGYWSBR52YFV1ZBJ</vin><color>Black</color><year>1978</year></automobile><automobile><person_id>996ffe3a-2517-4b0e-9217-2dca282564c3</person_id><license_plate>868 YRZ</license_plate><vin>2BYBNH1Z7ZMDZCYH6</vin><color>Snow</color><year>2007</year></automobile><automobile><person_id>2b04cb7d-a942-4570-9723-add855fcd9e7</person_id><license_plate>2DC 098</license_plate><vin>ZV5P54NU5CCE8TLF6</vin><color>Crimson</color><year>1995</year></automobile><automobile><person_id>2b04cb7d-a942-4570-9723-add855fcd9e7</person_id><license_plate>267 WPC</license_plate><vin>SCA3MWA7XKVPXYPCH</vin><color>HotPink</color><year>2018</year></automobile><automobile><person_id>5b03c16c-f17a-4b8e-a4a8-16ed1ca9c2df</person_id><license_plate>10-PO71</license_plate><vin>0ABXPH2S7P8FSL4LD</vin><color>Orange</color><year>2009</year></automobile><automobile><person_id>5b03c16c-f17a-4b8e-a4a8-16ed1ca9c2df</person_id><license_plate>KRL4543</license_plate><vin>D4RYZF4N312N0YU6V</vin><color>GoldenRod</color><year>1986</year></automobile><automobile><person_id>5b03c16c-f17a-4b8e-a4a8-16ed1ca9c2df</person_id><license_plate>PSF 844</license_plate><vin>UTUFSZSE2HDZLYX0K</vin><color>OrangeRed</color><year>1988</year></automobile><automobile><person_id>d3f18250-0e61-4e65-98bf-b42578958f11</person_id><license_plate>4N 34547</license_plate><vin>C35JWWK99LA9C9CV6</vin><color>Chartreuse</color><year>1984</year></automobile><automobile><person_id>770d093d-e27c-4087-8eed-c0abb718bb85</person_id><license_plate>33E P93</license_plate><vin>PURZA3C111JNG0P5B</vin><color>LightSeaGreen</color><year>1993</year></automobile><automobile><person_id>2d3f763e-7e75-46b4-943d-5d2fde94a963</person_id><license_plate>1XS E96</license_plate><vin>GU4CTCGR81YR93YK6</vin><color>DarkGreen</color><year>2017</year></automobile><automobile><person_id>cdae9d50-357f-496f-b815-15aa1b7f2c55</person_id><license_plate>11-6263T</license_plate><vin>XUL1MPZR7KPK3VF60</vin><color>DarkMagenta</color><year>1997</year></automobile><automobile><person_id>d6bcf862-0ff9-4870-b5f1-03d108b8294b</person_id><license_plate>33T C07</license_plate><vin>RDGPZNZZX7567HVVL</vin><color>FireBrick</color><year>1977</year></automobile><automobile><person_id>fc688f6c-1aa8-4b8b-aeb8-fa071d5f7590</person_id><license_plate>285-WDV</license_plate><vin>6HR03UFA25346NTMW</vin><color>Bisque</color><year>1989</year></automobile><automobile><person_id>fc688f6c-1aa8-4b8b-aeb8-fa071d5f7590</person_id><license_plate>70-R136</license_plate><vin>JAAFCAA62WYUCWFRP</vin><color>DarkGray</color><year>1993</year></automobile><automobile><person_id>b7d3bc7b-0b90-4b49-acc4-78fcc90ae5c2</person_id><license_plate>7ZF 732</license_plate><vin>2KCUEBPJ81KKV7CTR</vin><color>LightSlateGray</color><year>1984</year></automobile><automobile><person_id>f788f334-e282-4774-93e6-3c33f1c880a6</person_id><license_plate>ESX 644</license_plate><vin>NDGEWC1H1SY9BBV6M</vin><color>DarkRed</color><year>1997</year></automobile><automobile><person_id>46c2d55c-abae-4d71-9586-2762f9bfd5c2</person_id><license_plate>341 LTD</license_plate><vin>GAKG784208P5EUYBN</vin><color>Pink</color><year>1981</year></automobile><automobile><person_id>6d2cd3a4-8fcb-442d-ad67-26ae890266c6</person_id><license_plate>976 AWZ</license_plate><vin>6WYJWJ6414FF6XXTZ</vin><color>Olive</color><year>2020</year></automobile><automobile><person_id>6d2cd3a4-8fcb-442d-ad67-26ae890266c6</person_id><license_plate>QDZ-4432</license_plate><vin>NMMRFJ5E86NJ7FMR4</vin><color>LightSalmon</color><year>1996</year></automobile><automobile><person_id>22327ab2-db7c-4daa-8de4-a95a8c3d839f</person_id><license_plate>127 LGI</license_plate><vin>B4FL574B7Z80SE7V7</vin><color>Linen</color><year>1975</year></automobile><automobile><person_id>fc7396ce-2fdb-4c89-b340-f7f625071017</person_id><license_plate>0I 39169</license_plate><vin>JLHEXAXN27FBRT9C3</vin><color>Olive</color><year>2001</year></automobile><automobile><person_id>fc7396ce-2fdb-4c89-b340-f7f625071017</person_id><license_plate>SFL-8391</license_plate><vin>3D2232ZX5W5408FA5</vin><color>OliveDrab</color><year>1988</year></automobile><automobile><person_id>fc7396ce-2fdb-4c89-b340-f7f625071017</person_id><license_plate>PK 88874</license_plate><vin>HJMN8WM72RE5F2X3N</vin><color>DarkRed</color><year>2022</year></automobile><automobile><person_id>7f5e6f9f-b11b-437c-aa4e-b4b5e95cc034</person_id><license_plate>Y94 7XQ</license_plate><vin>H8Y6MB3W8D8DU700U</vin><color>Cornsilk</color><year>1997</year></automobile><automobile><person_id>7f5e6f9f-b11b-437c-aa4e-b4b5e95cc034</person_id><license_plate>3KI T30</license_plate><vin>KPNKVP4498DFDKDE0</vin><color>LightGreen</color><year>1990</year></automobile><automobile><person_id>b6638573-3a43-422d-81b6-995ed2434df4</person_id><license_plate>JGY 863</license_plate><vin>RFK8CD5J21T32B5FD</vin><color>Cyan</color><year>1981</year></automobile><automobile><person_id>eec5dbce-a427-424e-b2f8-82c21c59101b</person_id><license_plate>Y68 2IE</license_plate><vin>5Z2V70446E8YLEXTZ</vin><color>Azure</color><year>2017</year></automobile><automobile><person_id>c4e4c059-65d6-4f78-8401-d0f3b2262fc4</person_id><license_plate>5YWR 41</license_plate><vin>XDNUHFZS0J3TLL6L5</vin><color>Lavender</color><year>1984</year></automobile><automobile><person_id>ceba70a6-90f3-4cdc-997c-2547d4afe25b</person_id><license_plate>GT2 6608</license_plate><vin>8TT15H5856UHXNMP6</vin><color>MidnightBlue</color><year>1990</year></automobile><automobile><person_id>7fac3338-5a95-4531-ba56-7d262e5f69d5</person_id><license_plate>5EP 564</license_plate><vin>1VM54H8F51YU5R7JM</vin><color>Coral</color><year>1999</year></automobile></automobiles>