<?xml version="1.0" encoding="UTF-8" ?><automobiles><automobile><person_id>d10fe535-cc6e-4c0f-82e3-cdefcee79963</person_id><license_plate>YKF4033</license_plate><vin>RD8JX307XZ14FHXRM</vin><color>LemonChiffon</color><year>1997</year></automobile><automobile><person_id>b65890d7-f276-4830-a22f-bd21e3853c18</person_id><license_plate>3P FB017</license_plate><vin>P17NCFEN32PHJ2YNM</vin><color>DarkRed</color><year>1998</year></automobile><automobile><person_id>b65890d7-f276-4830-a22f-bd21e3853c18</person_id><license_plate>206-478</license_plate><vin>MVJR6N368FHZDYEYA</vin><color>SlateBlue</color><year>2008</year></automobile><automobile><person_id>16cbb151-5592-4cfc-9161-23a545f7a707</person_id><license_plate>F38-03U</license_plate><vin>WNP0G0HZ03J2P55CP</vin><color>MediumBlue</color><year>1976</year></automobile><automobile><person_id>4e5a97e8-dbb3-409b-9005-55f6d487817a</person_id><license_plate>41Q D21</license_plate><vin>G5FAX6R03Y06JNT3K</vin><color>Navy</color><year>1970</year></automobile><automobile><person_id>ccc3d44b-6924-42cc-8f80-24b896bbf969</person_id><license_plate>370FX</license_plate><vin>K1D4US5G7PB93NZ2R</vin><color>SteelBlue</color><year>1979</year></automobile><automobile><person_id>ccc3d44b-6924-42cc-8f80-24b896bbf969</person_id><license_plate>ARX 640</license_plate><vin>CBT6LYGL2B1PES7KT</vin><color>ForestGreen</color><year>1989</year></automobile><automobile><person_id>609e1a27-72b8-4880-9339-68d8c1b1d153</person_id><license_plate>203-316</license_plate><vin>418YHCW95L7FAHTX2</vin><color>White</color><year>2013</year></automobile><automobile><person_id>2c0a7134-a963-4a03-ba8c-815a1e141da5</person_id><license_plate>631-VZN</license_plate><vin>EEDMG8126DF627DC0</vin><color>Lime</color><year>2002</year></automobile><automobile><person_id>4905d71f-02f2-4b82-8c94-73bc46aad3a0</person_id><license_plate>5C 68131</license_plate><vin>46A9CF7R79R121GEW</vin><color>MediumPurple</color><year>1977</year></automobile><automobile><person_id>4905d71f-02f2-4b82-8c94-73bc46aad3a0</person_id><license_plate>4L183</license_plate><vin>GNDWH4H15U69GDMGC</vin><color>Orange</color><year>2011</year></automobile><automobile><person_id>86e940ca-7b6f-40ef-88f6-9198f2d19bed</person_id><license_plate>0619 MQ</license_plate><vin>EHW42RBG4GA225VCV</vin><color>MintCream</color><year>2006</year></automobile><automobile><person_id>b3528b9a-7729-4290-b9e5-5cbace85b01c</person_id><license_plate>T32 8CH</license_plate><vin>PLG347KS0BTEZ57A7</vin><color>Violet</color><year>2022</year></automobile><automobile><person_id>f1976629-c7fc-44b2-a320-f0b3c601727c</person_id><license_plate>9NT 723</license_plate><vin>ULZT2GNG94MA9XJ7R</vin><color>DarkGoldenRod</color><year>2021</year></automobile><automobile><person_id>6d7133b4-de94-4bef-98bf-291dd88a8e96</person_id><license_plate>DSM-5743</license_plate><vin>CNT1V1ST4A2SL44E5</vin><color>DarkMagenta</color><year>1994</year></automobile><automobile><person_id>6d7133b4-de94-4bef-98bf-291dd88a8e96</person_id><license_plate>17WV766</license_plate><vin>YGV0DVBD6PYXS0W8X</vin><color>LightSeaGreen</color><year>1973</year></automobile><automobile><person_id>9c60b05f-3153-4a13-ba7f-984be0608532</person_id><license_plate>VBK-0003</license_plate><vin>YKGSD3W53KDYNUKJ2</vin><color>DarkRed</color><year>2005</year></automobile><automobile><person_id>9c60b05f-3153-4a13-ba7f-984be0608532</person_id><license_plate>6AGT691</license_plate><vin>8SZ2S0BP5FAAYBD8V</vin><color>DodgerBlue</color><year>1981</year></automobile><automobile><person_id>32d0d840-df7c-4819-8488-1aef30e658db</person_id><license_plate>MRZ 691</license_plate><vin>BFTBUJM67W90N88FT</vin><color>LightGreen</color><year>2019</year></automobile><automobile><person_id>32d0d840-df7c-4819-8488-1aef30e658db</person_id><license_plate>4KZ 723</license_plate><vin>N5AER14A7H3RF4Z31</vin><color>MediumPurple</color><year>1971</year></automobile><automobile><person_id>fd70867a-c438-48d4-a7ff-fbc709a12331</person_id><license_plate>25O•499</license_plate><vin>JLBY6CDC3XFFTNFR0</vin><color>Maroon</color><year>1985</year></automobile><automobile><person_id>41522405-6640-4910-aca7-1c4f091ea844</person_id><license_plate>020-002</license_plate><vin>BGL6R0CY2LERBR3NB</vin><color>PaleGreen</color><year>2017</year></automobile><automobile><person_id>41522405-6640-4910-aca7-1c4f091ea844</person_id><license_plate>BXH Z00</license_plate><vin>N5LTKB1G65XMKGN3G</vin><color>CornflowerBlue</color><year>1992</year></automobile><automobile><person_id>a812b581-3e0b-4803-bce3-c7c91661bb58</person_id><license_plate>SFJ-1269</license_plate><vin>RT7SXKZR41D6WZMA9</vin><color>Orange</color><year>2016</year></automobile><automobile><person_id>59c5288a-6acd-40b5-8aae-0facf672faeb</person_id><license_plate>757 QGQ</license_plate><vin>71DZ4K7B19931EWA5</vin><color>DarkSeaGreen</color><year>2005</year></automobile><automobile><person_id>f23f9031-2294-454e-8530-55e1ed654251</person_id><license_plate>170 EJK</license_plate><vin>YPHUKP721UT5WV73K</vin><color>MediumAquaMarine</color><year>1971</year></automobile><automobile><person_id>f23f9031-2294-454e-8530-55e1ed654251</person_id><license_plate>8P 74722</license_plate><vin>Z92URJKY2MMM1W5PF</vin><color>Tan</color><year>1992</year></automobile><automobile><person_id>904debec-f8b9-4e67-936b-bf52043869a9</person_id><license_plate>6O305</license_plate><vin>MZDU0P9N02WM2KG6L</vin><color>Red</color><year>1992</year></automobile><automobile><person_id>6327f0bf-e4a3-4bd7-bfe3-a35fe6a7a0b5</person_id><license_plate>601 FDC</license_plate><vin>E2CRYMW67N44P0FY4</vin><color>DarkKhaki</color><year>2005</year></automobile><automobile><person_id>011b6705-e0ab-4394-a597-86d55287050b</person_id><license_plate>MDP 129</license_plate><vin>UL657J8U4G2R8DMWV</vin><color>GoldenRod</color><year>1984</year></automobile><automobile><person_id>c91c3dd3-55d5-4014-8cdb-8d578cd0332c</person_id><license_plate>ENV 1398</license_plate><vin>FG94HYTY2N76R93NX</vin><color>DarkGreen</color><year>1997</year></automobile><automobile><person_id>ca33ae23-72e3-4be3-8411-70ae124f7682</person_id><license_plate>252 4231</license_plate><vin>G2YW09LT2RME87XDK</vin><color>LightGoldenRodYellow</color><year>2016</year></automobile><automobile><person_id>4172950c-4720-4b62-afd2-de63c9b24ed5</person_id><license_plate>9H 1396U</license_plate><vin>U6TENMT41TZE06FK4</vin><color>Orange</color><year>2001</year></automobile><automobile><person_id>a4549058-2d7c-4871-b28d-4c836bd9e57e</person_id><license_plate>56D S96</license_plate><vin>ZKB5NB3J84Z9E7LKZ</vin><color>LightSteelBlue</color><year>1971</year></automobile><automobile><person_id>82051d6e-dbaf-4095-a9d0-1e41e1d76331</person_id><license_plate>154042</license_plate><vin>55DBV2AB0TB78JYVG</vin><color>LightGreen</color><year>1996</year></automobile><automobile><person_id>efc00940-4cbc-40d8-94a1-3174082cecb1</person_id><license_plate>915 KE4</license_plate><vin>P1G6JTST2METPCCUY</vin><color>OrangeRed</color><year>2010</year></automobile><automobile><person_id>8ecac815-dd5b-4aea-bc4f-1db01f527038</person_id><license_plate>92-6941R</license_plate><vin>R80W7RXF6FMW3BXAH</vin><color>GhostWhite</color><year>1990</year></automobile><automobile><person_id>5fe1fe09-0f27-4717-b223-6cc18e18848d</person_id><license_plate>642-ITL</license_plate><vin>D02RB6PY93FZC57BX</vin><color>Lavender</color><year>2019</year></automobile><automobile><person_id>5fe1fe09-0f27-4717-b223-6cc18e18848d</person_id><license_plate>JYJ-9763</license_plate><vin>UKYRZPMHXV2W75PPJ</vin><color>SpringGreen</color><year>1977</year></automobile><automobile><person_id>3f0de45c-e5a8-4b76-91c3-e4ca3f769e3c</person_id><license_plate>195-RSO</license_plate><vin>V5ME3AFK3FP6UC582</vin><color>Navy</color><year>1971</year></automobile><automobile><person_id>261d8172-a231-421d-a6e4-5676a841bf3f</person_id><license_plate>IMT 926</license_plate><vin>VWSXTCET06XBV94XG</vin><color>OldLace</color><year>1985</year></automobile><automobile><person_id>e46bf4c6-1953-4c7f-90d1-dfdd81bede70</person_id><license_plate>LXG 866</license_plate><vin>MAK2AJ4H4ZD932JFZ</vin><color>GoldenRod</color><year>1970</year></automobile><automobile><person_id>e46bf4c6-1953-4c7f-90d1-dfdd81bede70</person_id><license_plate>66UW6</license_plate><vin>D66434UZ88PET6J0X</vin><color>DarkOliveGreen</color><year>2015</year></automobile><automobile><person_id>2fb9d93b-a1bc-404a-af7c-fff7070a28a7</person_id><license_plate>1P LR815</license_plate><vin>3TTJHGHT8N38GCGA1</vin><color>CadetBlue</color><year>1989</year></automobile><automobile><person_id>6b2925f9-296c-479c-92b1-30525f352887</person_id><license_plate>064 SQF</license_plate><vin>G9YWCSC9563LE0UMV</vin><color>DeepSkyBlue</color><year>2004</year></automobile><automobile><person_id>04d7bed6-df75-49a7-9b3d-dbec9fb7f408</person_id><license_plate>0U X5253</license_plate><vin>2DAC5DRPXMW29RYJ0</vin><color>Brown</color><year>1993</year></automobile><automobile><person_id>04d7bed6-df75-49a7-9b3d-dbec9fb7f408</person_id><license_plate>492 RFO</license_plate><vin>KRTD4KBD48MXTGYYE</vin><color>Cornsilk</color><year>1980</year></automobile><automobile><person_id>04d7bed6-df75-49a7-9b3d-dbec9fb7f408</person_id><license_plate>69X 149</license_plate><vin>GC66J64H92GX0PNY8</vin><color>PowderBlue</color><year>1991</year></automobile><automobile><person_id>08eab89c-9ace-42f0-bf0f-6f4f7635cb06</person_id><license_plate>8Q 1452R</license_plate><vin>7TP481KR2L4N0AF26</vin><color>LightGoldenRodYellow</color><year>1973</year></automobile><automobile><person_id>08eab89c-9ace-42f0-bf0f-6f4f7635cb06</person_id><license_plate>786 8146</license_plate><vin>WS1LXHZ8XD1VXCZE4</vin><color>Red</color><year>1974</year></automobile><automobile><person_id>c738412a-8f54-4a71-8383-2a6af7f39464</person_id><license_plate>N76 8PT</license_plate><vin>5JMLWL8Z6PR92C0M3</vin><color>LightCoral</color><year>1984</year></automobile><automobile><person_id>0a8132ad-5fc0-4523-8a58-1fbce42bcb84</person_id><license_plate>959-BFM</license_plate><vin>R4Z74U032XBURC58M</vin><color>Maroon</color><year>1981</year></automobile><automobile><person_id>0a8132ad-5fc0-4523-8a58-1fbce42bcb84</person_id><license_plate>S19-JEI</license_plate><vin>868UDE9E7C0JVUUUR</vin><color>BlueViolet</color><year>1996</year></automobile><automobile><person_id>a72daafb-fa7c-4e12-82a5-db96831387e3</person_id><license_plate>60-6095B</license_plate><vin>NL0ZVTSG2ZYX08YMV</vin><color>AntiqueWhite</color><year>1978</year></automobile><automobile><person_id>468a07a2-068c-486c-9d64-2acde044718f</person_id><license_plate>AK0 A8A</license_plate><vin>EAG5X8779VXF775BU</vin><color>MediumSlateBlue</color><year>1989</year></automobile><automobile><person_id>05992f0f-8123-4d07-a2d1-3c0645b18d11</person_id><license_plate>T97-82J</license_plate><vin>287DGVJ14ZK2TEKMS</vin><color>Gainsboro</color><year>2013</year></automobile><automobile><person_id>05992f0f-8123-4d07-a2d1-3c0645b18d11</person_id><license_plate>49-Y600</license_plate><vin>F9FWUYC41EZ8LWT31</vin><color>MediumTurquoise</color><year>1990</year></automobile><automobile><person_id>aa171865-bd88-43dc-a8fe-4e88c132f890</person_id><license_plate>014 5TN</license_plate><vin>JZZMKDDN7M3NWN7MC</vin><color>RoyalBlue</color><year>2020</year></automobile><automobile><person_id>aa171865-bd88-43dc-a8fe-4e88c132f890</person_id><license_plate>L05-CQZ</license_plate><vin>0PWNYCNG0NKFN313S</vin><color>DarkOrchid</color><year>1987</year></automobile><automobile><person_id>1327614c-9f71-4bc4-96eb-e4de9277b1f2</person_id><license_plate>269UE</license_plate><vin>B3U4V1BT1T6H7MYVM</vin><color>SeaShell</color><year>1983</year></automobile><automobile><person_id>1327614c-9f71-4bc4-96eb-e4de9277b1f2</person_id><license_plate>JZ5 5666</license_plate><vin>VN56G9611AZBTBX5D</vin><color>MediumSeaGreen</color><year>2005</year></automobile><automobile><person_id>25ef5116-6f8c-483c-8c6b-e962fa4e04d0</person_id><license_plate>LAM 068</license_plate><vin>3LBP4W1LXWHBNNYPU</vin><color>Brown</color><year>1999</year></automobile><automobile><person_id>682436a7-311c-433a-8848-65031391ae57</person_id><license_plate>LTZ 803</license_plate><vin>40WX6J5L2YBMJVYB5</vin><color>DarkSlateGray</color><year>1982</year></automobile><automobile><person_id>fc5fe147-4450-490f-ab9e-da90e5fc4e8b</person_id><license_plate>LOK 694</license_plate><vin>Z8JFSDW0XC63DA5C6</vin><color>Green</color><year>2003</year></automobile><automobile><person_id>00aae65c-0aaf-4223-8877-9bd69b6b0a1c</person_id><license_plate>29O 7306</license_plate><vin>1C572RS459730ZFTX</vin><color>Fuchsia</color><year>2022</year></automobile><automobile><person_id>00aae65c-0aaf-4223-8877-9bd69b6b0a1c</person_id><license_plate>6K327</license_plate><vin>57DFJA7W56HGCT64R</vin><color>Red</color><year>2001</year></automobile><automobile><person_id>4dd594a5-d4f6-46ea-909a-e19d82c56498</person_id><license_plate>6RW R88</license_plate><vin>0393BJJ591V3XMH45</vin><color>Blue</color><year>1972</year></automobile><automobile><person_id>06034798-89a6-46a4-9a7c-f809baa2ca48</person_id><license_plate>204GU</license_plate><vin>LSEFPY2J1V16BLJSA</vin><color>Chocolate</color><year>2017</year></automobile><automobile><person_id>06034798-89a6-46a4-9a7c-f809baa2ca48</person_id><license_plate>9128 AL</license_plate><vin>50P1JFP01K62X9M55</vin><color>Black</color><year>2021</year></automobile><automobile><person_id>06034798-89a6-46a4-9a7c-f809baa2ca48</person_id><license_plate>EN2 0540</license_plate><vin>0H8P4Y9E624ZML6C7</vin><color>MediumOrchid</color><year>1999</year></automobile><automobile><person_id>8b7e016b-b6fd-482d-a515-8b9b87f3885d</person_id><license_plate>1CM O26</license_plate><vin>26ERSWZ46Z3RLH0NE</vin><color>MintCream</color><year>1984</year></automobile><automobile><person_id>a5f2e1c7-453d-4360-b810-94b79f5ec626</person_id><license_plate>O16 0YY</license_plate><vin>3S9Z236K3B1CZKL29</vin><color>Aquamarine</color><year>2005</year></automobile><automobile><person_id>e43685c6-9681-4b85-8d9d-73cfcacc882e</person_id><license_plate>26-CS86</license_plate><vin>X1H3FK38398UVG9P8</vin><color>Wheat</color><year>2009</year></automobile><automobile><person_id>275b4732-d757-4e1b-9ce1-c185c05edb53</person_id><license_plate>OG-6784</license_plate><vin>JRVE7RM0125X0B72J</vin><color>SandyBrown</color><year>1985</year></automobile><automobile><person_id>275b4732-d757-4e1b-9ce1-c185c05edb53</person_id><license_plate>QMY2089</license_plate><vin>75HZV9GMXWN11DU2Y</vin><color>Snow</color><year>1977</year></automobile><automobile><person_id>70b76d7e-b9fb-4f11-9c86-92499669c56d</person_id><license_plate>2NR 322</license_plate><vin>LPCAC4L223MPK6S8K</vin><color>IndianRed</color><year>1977</year></automobile><automobile><person_id>a746e92b-4361-4083-92f8-7268ebd874dc</person_id><license_plate>528 WXI</license_plate><vin>HMT9CLFR46W0L6F55</vin><color>Green</color><year>1976</year></automobile><automobile><person_id>a746e92b-4361-4083-92f8-7268ebd874dc</person_id><license_plate>564 IBR</license_plate><vin>AX9K32R79358T1VKC</vin><color>PaleGoldenRod</color><year>1980</year></automobile><automobile><person_id>a24b7ed4-2920-4166-85af-13a5ca567f69</person_id><license_plate>W59 6SD</license_plate><vin>4W3ABF8G8RKS9LX7E</vin><color>RoyalBlue</color><year>1971</year></automobile><automobile><person_id>d89fe1e7-31fa-4a79-8165-d5889e3e14fb</person_id><license_plate>308 CMH</license_plate><vin>ELNF0HW8983EJRWD8</vin><color>Linen</color><year>1979</year></automobile><automobile><person_id>f0e64fb9-3255-45e4-a331-a46191731f26</person_id><license_plate>E23-ROP</license_plate><vin>M05R86PE2ZNBYR4C6</vin><color>GoldenRod</color><year>1971</year></automobile><automobile><person_id>f0e64fb9-3255-45e4-a331-a46191731f26</person_id><license_plate>4-45400K</license_plate><vin>KZAD37E8215M9EC6T</vin><color>Crimson</color><year>1986</year></automobile><automobile><person_id>cb4dbccc-a935-418f-8aa3-f33a4b08828e</person_id><license_plate>94Y 5755</license_plate><vin>9HYVRXYE7W27ELPE2</vin><color>Aquamarine</color><year>1980</year></automobile><automobile><person_id>cb4dbccc-a935-418f-8aa3-f33a4b08828e</person_id><license_plate>MYM 750</license_plate><vin>6NPLFS486JHUXBPP4</vin><color>Khaki</color><year>1980</year></automobile><automobile><person_id>cb4dbccc-a935-418f-8aa3-f33a4b08828e</person_id><license_plate>4-75553</license_plate><vin>401HR60N2SFBRX6E4</vin><color>Plum</color><year>1979</year></automobile><automobile><person_id>06767ac5-5a7a-4f68-ad2f-b504a62c1a49</person_id><license_plate>197-LXHZ</license_plate><vin>X48VYL5C62Y5YPLUC</vin><color>PaleGreen</color><year>1988</year></automobile><automobile><person_id>ed03a6b1-3167-4e15-8a85-e958011fb146</person_id><license_plate>Q23-WIT</license_plate><vin>HNSWF7E73RVYJBAK9</vin><color>PeachPuff</color><year>1998</year></automobile><automobile><person_id>14d60e22-47cc-4cbc-bb58-8d019754d98c</person_id><license_plate>TGQ 257</license_plate><vin>WH8LSS2Y771WZG0U6</vin><color>DarkGoldenRod</color><year>2021</year></automobile><automobile><person_id>14d60e22-47cc-4cbc-bb58-8d019754d98c</person_id><license_plate>UF2 K1M</license_plate><vin>75TC3G3609MWG1NCU</vin><color>LemonChiffon</color><year>2020</year></automobile><automobile><person_id>93c1d4b3-3021-4f6e-9d13-d4f0a60fd256</person_id><license_plate>6-1777U</license_plate><vin>1Z0T4N8K1R1A50RYX</vin><color>DarkOrange</color><year>1989</year></automobile><automobile><person_id>10b980e7-da54-45d8-97ad-3c90b2278a16</person_id><license_plate>3V059</license_plate><vin>01E91CVPXMUU0AUT3</vin><color>MistyRose</color><year>1994</year></automobile><automobile><person_id>033cdc45-e9ba-427e-a357-69e658464cdd</person_id><license_plate>5ZS Z54</license_plate><vin>YEFRJJPL994RU87SV</vin><color>HoneyDew</color><year>1999</year></automobile><automobile><person_id>033cdc45-e9ba-427e-a357-69e658464cdd</person_id><license_plate>789 UYZ</license_plate><vin>7NWX1CPM15NHHRW75</vin><color>Lavender</color><year>1989</year></automobile><automobile><person_id>b05085f5-92e0-43f9-89fc-f76ba82ef479</person_id><license_plate>X42 2DD</license_plate><vin>R12D1EXG7ZPC53U5E</vin><color>SlateGray</color><year>1996</year></automobile><automobile><person_id>2cb65432-f26d-4537-aa78-c1df7e51adf7</person_id><license_plate>IWV 861</license_plate><vin>AKN95UVM8X9L7XENW</vin><color>CadetBlue</color><year>1987</year></automobile><automobile><person_id>2cb65432-f26d-4537-aa78-c1df7e51adf7</person_id><license_plate>959 1GF</license_plate><vin>WG7H5S8136DLMDTYG</vin><color>Black</color><year>1999</year></automobile><automobile><person_id>2cb65432-f26d-4537-aa78-c1df7e51adf7</person_id><license_plate>27-ZD71</license_plate><vin>U40ZUEPC5B07AGZ45</vin><color>DarkViolet</color><year>1985</year></automobile><automobile><person_id>a5d72ee1-5f89-4e74-a5af-49b75bc9bb5a</person_id><license_plate>SJO 122</license_plate><vin>MZ3F146B5K0B4T0J2</vin><color>LightSkyBlue</color><year>1996</year></automobile><automobile><person_id>241bde14-532e-4c9a-a860-15ca36e96c85</person_id><license_plate>457 CI5</license_plate><vin>MC2XUVN29M53VVKJB</vin><color>Green</color><year>1972</year></automobile><automobile><person_id>241bde14-532e-4c9a-a860-15ca36e96c85</person_id><license_plate>B17 3OG</license_plate><vin>R12STJ357EVAYNH54</vin><color>DodgerBlue</color><year>1998</year></automobile><automobile><person_id>1234a04a-541a-4c88-90b7-d020ae467919</person_id><license_plate>YD3 W9B</license_plate><vin>TZFKWAXK6M5DCT1YE</vin><color>LightSalmon</color><year>1970</year></automobile><automobile><person_id>d9934de8-f079-449a-a3ad-cade72488abf</person_id><license_plate>YCZ 555</license_plate><vin>ENFKV61EXU5AJ1CC7</vin><color>DarkCyan</color><year>2010</year></automobile><automobile><person_id>d9934de8-f079-449a-a3ad-cade72488abf</person_id><license_plate>17M•584</license_plate><vin>6T8GN77X3F3PD55HW</vin><color>DarkGoldenRod</color><year>1996</year></automobile><automobile><person_id>d871f9fa-8b2f-415e-b59c-e7800cc7ef35</person_id><license_plate>QST-5539</license_plate><vin>BFRF2HXD4G0ZCA7WV</vin><color>LightGray</color><year>1994</year></automobile><automobile><person_id>838f1b5f-92e6-4586-8b2a-43433fd4d000</person_id><license_plate>MBM 625</license_plate><vin>93P3A6VG0SJRD4XNW</vin><color>Brown</color><year>1991</year></automobile><automobile><person_id>fc0a3148-091f-40c9-b5b2-19e004b1b60f</person_id><license_plate>825 ZMK</license_plate><vin>FFBD0BV83VV7E5ZK8</vin><color>SaddleBrown</color><year>1989</year></automobile><automobile><person_id>fc0a3148-091f-40c9-b5b2-19e004b1b60f</person_id><license_plate>260 AMD</license_plate><vin>GW049ZM7XP0FYZKY8</vin><color>MediumSlateBlue</color><year>2012</year></automobile><automobile><person_id>d8e158a6-2cca-4167-aa14-1523de517f9e</person_id><license_plate>VAD 521</license_plate><vin>B4WE2PKHXK7CL3980</vin><color>Yellow</color><year>2004</year></automobile><automobile><person_id>d8e158a6-2cca-4167-aa14-1523de517f9e</person_id><license_plate>65-L726</license_plate><vin>WU96HF2T158VZS7YP</vin><color>MistyRose</color><year>2017</year></automobile><automobile><person_id>761fc171-06b2-4083-93ed-22f1052300e4</person_id><license_plate>0-I7922</license_plate><vin>9PR499DZ2F79TPTLS</vin><color>Black</color><year>2022</year></automobile><automobile><person_id>761fc171-06b2-4083-93ed-22f1052300e4</person_id><license_plate>4BO8311</license_plate><vin>EV9CMF4W2G1NEUK6X</vin><color>Orange</color><year>2014</year></automobile><automobile><person_id>8d66c657-a8ac-4d08-a683-b11e1207ba88</person_id><license_plate>021FLL</license_plate><vin>F3AP7HJT5LWRUJB6P</vin><color>LightBlue</color><year>2008</year></automobile><automobile><person_id>5f65b6fa-8aff-4095-82d9-7fe05464ebb9</person_id><license_plate>210 WIX</license_plate><vin>SF6KRR7V7F0AE2G5T</vin><color>Red</color><year>2018</year></automobile><automobile><person_id>5f65b6fa-8aff-4095-82d9-7fe05464ebb9</person_id><license_plate>505565</license_plate><vin>SW79MJW5XEAC22RRE</vin><color>MediumVioletRed</color><year>2002</year></automobile><automobile><person_id>fd08d1cb-dcf4-4f9a-8dc2-05ed8eba6e3f</person_id><license_plate>OUP 897</license_plate><vin>DN1HP6WV7WWKKS9TV</vin><color>MediumOrchid</color><year>1977</year></automobile><automobile><person_id>fd08d1cb-dcf4-4f9a-8dc2-05ed8eba6e3f</person_id><license_plate>923 7535</license_plate><vin>UVWXM5EW58TCT2K1L</vin><color>PaleVioletRed</color><year>2015</year></automobile><automobile><person_id>fd08d1cb-dcf4-4f9a-8dc2-05ed8eba6e3f</person_id><license_plate>XEN 403</license_plate><vin>L12C30BM9WTV9U6EN</vin><color>LightSalmon</color><year>2006</year></automobile><automobile><person_id>86fed697-4ef0-487c-95ff-246fa4f8960e</person_id><license_plate>737 LTH</license_plate><vin>XFRGZEM8253FS9RN9</vin><color>SteelBlue</color><year>1998</year></automobile><automobile><person_id>86fed697-4ef0-487c-95ff-246fa4f8960e</person_id><license_plate>ISO-329</license_plate><vin>KEKJPTE841H99ZPUZ</vin><color>MintCream</color><year>1974</year></automobile><automobile><person_id>dc88a955-6d79-4769-9410-308f301f59c9</person_id><license_plate>897H</license_plate><vin>P2WP2BDT0VG90W12V</vin><color>DarkKhaki</color><year>2023</year></automobile><automobile><person_id>dc88a955-6d79-4769-9410-308f301f59c9</person_id><license_plate>02-HC11</license_plate><vin>AWHG5RWD2WZS6EYHM</vin><color>DarkSlateGray</color><year>1971</year></automobile><automobile><person_id>6dd27c56-958c-4807-bc54-a52c4ae17af4</person_id><license_plate>17X D69</license_plate><vin>NX3LYNJF4KACFV6CT</vin><color>Indigo</color><year>2021</year></automobile><automobile><person_id>b9648cdd-2d78-43ae-9eeb-4d3f461bd0e9</person_id><license_plate>8-00972Q</license_plate><vin>NFFZL3F83M2FAGWC5</vin><color>Khaki</color><year>2015</year></automobile><automobile><person_id>be4927c1-663e-4dad-8adb-7ef016e531d2</person_id><license_plate>MRM 411</license_plate><vin>MSV3BGY27Y0GYSUDR</vin><color>Navy</color><year>1996</year></automobile><automobile><person_id>be4927c1-663e-4dad-8adb-7ef016e531d2</person_id><license_plate>MAV 233</license_plate><vin>Z0B46AK0XNC4CAUUJ</vin><color>DarkSalmon</color><year>1977</year></automobile></automobiles>