<?xml version="1.0" encoding="UTF-8" ?><automobiles><automobile><person_id>107453da-2134-4d33-b595-cc52141e4647</person_id><license_plate>926MGN</license_plate><vin>EKG6LKU21DE8W0LBL</vin><color>SandyBrown</color><year>2006</year></automobile><automobile><person_id>107453da-2134-4d33-b595-cc52141e4647</person_id><license_plate>880R9</license_plate><vin>VE4EHFMY1G0Z7M9SS</vin><color>DodgerBlue</color><year>1987</year></automobile><automobile><person_id>4e45a983-7f7a-4acb-8524-d0b9a4af49d2</person_id><license_plate>179L</license_plate><vin>4T3ZNPW47HJ3GC7K1</vin><color>SlateBlue</color><year>1974</year></automobile><automobile><person_id>aed561fe-9bba-4a45-aa60-4e0e068260b3</person_id><license_plate>BMH-9554</license_plate><vin>1GPDUJ9G13D020MGD</vin><color>Ivory</color><year>2022</year></automobile><automobile><person_id>9522394d-8213-47ba-a1b7-ae2973db8168</person_id><license_plate>SXT-3766</license_plate><vin>JJS0ZHVX57K39P023</vin><color>DarkOrange</color><year>2005</year></automobile><automobile><person_id>9522394d-8213-47ba-a1b7-ae2973db8168</person_id><license_plate>9-47574C</license_plate><vin>7JR6N76Y43L6UVJUT</vin><color>CornflowerBlue</color><year>2002</year></automobile><automobile><person_id>4ef2ad6c-09da-445a-a06d-383fed13907a</person_id><license_plate>XYP-299</license_plate><vin>0PNRM9R6XK5NY9PSR</vin><color>BlueViolet</color><year>1991</year></automobile><automobile><person_id>1da263e6-f25a-40e7-b1f3-0dea8a27c682</person_id><license_plate>LVY 010</license_plate><vin>Y953CF885G77M9V6S</vin><color>RosyBrown</color><year>1990</year></automobile><automobile><person_id>3cc4fdde-ef7b-4d04-998b-f7294916b841</person_id><license_plate>67Q•906</license_plate><vin>VVLEHRVC5UBV0ZRE6</vin><color>Crimson</color><year>1989</year></automobile><automobile><person_id>3cc4fdde-ef7b-4d04-998b-f7294916b841</person_id><license_plate>422-IMU</license_plate><vin>B0S041FK43TKJTHM2</vin><color>MistyRose</color><year>2002</year></automobile><automobile><person_id>33811538-2a3f-4a1a-a55b-6e1dee7b4336</person_id><license_plate>3I J9302</license_plate><vin>BD31ZPYA2DGLZZF40</vin><color>BlanchedAlmond</color><year>2016</year></automobile><automobile><person_id>1e542c08-7404-45b7-939c-a0a089962ce3</person_id><license_plate>JSU 229</license_plate><vin>DLMABF0835KLGWPKW</vin><color>DodgerBlue</color><year>1984</year></automobile><automobile><person_id>1e542c08-7404-45b7-939c-a0a089962ce3</person_id><license_plate>5U 06994</license_plate><vin>PFKS4SF9XPXS2N0NE</vin><color>Blue</color><year>2003</year></automobile><automobile><person_id>29a632e9-e4e0-482d-8483-f4b23a8d3fd5</person_id><license_plate>9XD53</license_plate><vin>7FLYBSMA69RXCMEEY</vin><color>Linen</color><year>2021</year></automobile><automobile><person_id>29a632e9-e4e0-482d-8483-f4b23a8d3fd5</person_id><license_plate>686 1UW</license_plate><vin>SPDJ9TKY8V6PH0XHY</vin><color>MediumSpringGreen</color><year>1979</year></automobile><automobile><person_id>32c9e7a6-2b49-4c31-aac7-9759ca5679df</person_id><license_plate>5-80144P</license_plate><vin>202P1YGD3F0K9YJME</vin><color>Peru</color><year>1983</year></automobile><automobile><person_id>cd4ab345-b57e-4952-a5e1-03656fdd8de5</person_id><license_plate>72V 4803</license_plate><vin>EBRBVH2R9Y34FPM0S</vin><color>SpringGreen</color><year>1987</year></automobile><automobile><person_id>cd4ab345-b57e-4952-a5e1-03656fdd8de5</person_id><license_plate>HBB 611</license_plate><vin>99PFSLP94KSL5WH80</vin><color>DarkOrange</color><year>2017</year></automobile><automobile><person_id>55d2a921-f59b-4618-898c-4da0b87cf1a0</person_id><license_plate>ZXK 882</license_plate><vin>EUC1J3DB2N0D780ST</vin><color>LightSlateGray</color><year>1975</year></automobile><automobile><person_id>55d2a921-f59b-4618-898c-4da0b87cf1a0</person_id><license_plate>Q27-43I</license_plate><vin>7M4N8FL1XHVX9F46H</vin><color>PaleGoldenRod</color><year>2007</year></automobile><automobile><person_id>55d2a921-f59b-4618-898c-4da0b87cf1a0</person_id><license_plate>MPN 508</license_plate><vin>V19Z8D7G27KFA4TB7</vin><color>SeaGreen</color><year>1978</year></automobile><automobile><person_id>ba61a315-66e8-4021-83f3-a30cf2c0e5e8</person_id><license_plate>WL5 4747</license_plate><vin>7B4VXSNR59DHCSGJM</vin><color>Cornsilk</color><year>2012</year></automobile><automobile><person_id>95b0589c-5737-4a88-b9cf-4857aab90436</person_id><license_plate>881-CMG</license_plate><vin>0JE8BCU03GZ9K6YP2</vin><color>ForestGreen</color><year>1984</year></automobile><automobile><person_id>95b0589c-5737-4a88-b9cf-4857aab90436</person_id><license_plate>36R SK7</license_plate><vin>F2WTTU581R8XRYR9T</vin><color>Aquamarine</color><year>1977</year></automobile><automobile><person_id>ee61b6a1-9284-44af-90d6-fd220817976a</person_id><license_plate>311-RPT</license_plate><vin>LT6W9GN9XJP74YU8M</vin><color>Crimson</color><year>2009</year></automobile><automobile><person_id>84d68079-833b-4a12-b223-d8e72c4e7de7</person_id><license_plate>YDC 049</license_plate><vin>D6DH09PE9M033TYHM</vin><color>Magenta</color><year>2000</year></automobile><automobile><person_id>5c8bea2f-82f4-434b-b170-9994036a2100</person_id><license_plate>6738 ZW</license_plate><vin>4ZRE4D942HCZZ25SN</vin><color>NavajoWhite</color><year>1983</year></automobile><automobile><person_id>5c8bea2f-82f4-434b-b170-9994036a2100</person_id><license_plate>FUP 030</license_plate><vin>M1H0ZXML9RVAU6XKR</vin><color>DarkRed</color><year>1970</year></automobile><automobile><person_id>e56b9fe9-0274-43fa-bc7b-b81174a5b7eb</person_id><license_plate>GD1 O9K</license_plate><vin>R489RVM6XR4K3WFBE</vin><color>Coral</color><year>1977</year></automobile><automobile><person_id>e56b9fe9-0274-43fa-bc7b-b81174a5b7eb</person_id><license_plate>462429</license_plate><vin>MCYT56328VCR32KKC</vin><color>NavajoWhite</color><year>1985</year></automobile><automobile><person_id>a86401d7-1a85-4b4d-8dcc-bbc0ae0d7441</person_id><license_plate>231NXM</license_plate><vin>3JE4DY7K9F327LJA3</vin><color>Snow</color><year>2019</year></automobile><automobile><person_id>c43143d2-02b8-4766-aeef-eaa372af935a</person_id><license_plate>ZIR 674</license_plate><vin>G48YJ8146KZLVCXEH</vin><color>NavajoWhite</color><year>1988</year></automobile><automobile><person_id>c43143d2-02b8-4766-aeef-eaa372af935a</person_id><license_plate>83-RX86</license_plate><vin>X38R7S8P1ZPCPEMBP</vin><color>SeaGreen</color><year>2010</year></automobile><automobile><person_id>9d4ab415-99f2-42aa-947c-42cb84b41181</person_id><license_plate>9564 KB</license_plate><vin>RRXTK33B22R8F2792</vin><color>Orchid</color><year>2004</year></automobile><automobile><person_id>9d4ab415-99f2-42aa-947c-42cb84b41181</person_id><license_plate>034 IAE</license_plate><vin>EZC1Y2PX1GMMWDTGP</vin><color>Moccasin</color><year>1983</year></automobile><automobile><person_id>6edfb27b-8878-43d1-92bc-c8576a2a2649</person_id><license_plate>34B 608</license_plate><vin>0ZJRG8U94LFECXUVM</vin><color>Wheat</color><year>2023</year></automobile><automobile><person_id>6edfb27b-8878-43d1-92bc-c8576a2a2649</person_id><license_plate>6LP 765</license_plate><vin>R9HG96KJXU3CW4BCE</vin><color>DarkMagenta</color><year>2008</year></automobile><automobile><person_id>9bdd92d7-c68d-4d45-8f2b-253ab3ecca61</person_id><license_plate>0BF9442</license_plate><vin>CHB33WAP9C4Y8P4LT</vin><color>MediumAquaMarine</color><year>1982</year></automobile><automobile><person_id>9bdd92d7-c68d-4d45-8f2b-253ab3ecca61</person_id><license_plate>A12 8BS</license_plate><vin>U18JUN5S04A52DWZK</vin><color>LawnGreen</color><year>1974</year></automobile><automobile><person_id>4ae00670-3208-4d95-97fe-a578a0b11688</person_id><license_plate>94-6023E</license_plate><vin>BSN8NNX81UN3SAJ82</vin><color>LightSteelBlue</color><year>1979</year></automobile><automobile><person_id>4ae00670-3208-4d95-97fe-a578a0b11688</person_id><license_plate>252W3</license_plate><vin>45EFZE1P16EVL5WV1</vin><color>Green</color><year>1973</year></automobile><automobile><person_id>4ae00670-3208-4d95-97fe-a578a0b11688</person_id><license_plate>265 0DP</license_plate><vin>8DFNMYY5X6FT0KJ2S</vin><color>DarkGoldenRod</color><year>2012</year></automobile><automobile><person_id>bd09d565-db45-4c69-b6e4-3bd1054e9268</person_id><license_plate>4RF 610</license_plate><vin>H4C4K6YF0UL16J829</vin><color>DarkTurquoise</color><year>1974</year></automobile><automobile><person_id>e1256e22-469c-4f5a-9a71-bd4c45898af9</person_id><license_plate>5VO 321</license_plate><vin>SKLTL9ER57CM2D58M</vin><color>Navy</color><year>1983</year></automobile><automobile><person_id>e1256e22-469c-4f5a-9a71-bd4c45898af9</person_id><license_plate>ISZ 365</license_plate><vin>ZUWT36H917DFWZ872</vin><color>FloralWhite</color><year>1985</year></automobile><automobile><person_id>d427beae-ebd8-4ca1-8f02-869f8385a916</person_id><license_plate>131UYQ</license_plate><vin>U7F63CL0944VBLY2U</vin><color>Moccasin</color><year>2008</year></automobile><automobile><person_id>d427beae-ebd8-4ca1-8f02-869f8385a916</person_id><license_plate>XK 0695</license_plate><vin>WDZ82HZ511A9MDPZ7</vin><color>NavajoWhite</color><year>2019</year></automobile><automobile><person_id>408c9b79-9cfa-4f23-ab44-87969f922860</person_id><license_plate>7-91273T</license_plate><vin>LP4P5SZM34T13PPBR</vin><color>Green</color><year>2007</year></automobile><automobile><person_id>1c8232ae-9c2a-4671-b3c3-4bdc4ad7403e</person_id><license_plate>135-FVG</license_plate><vin>HML7BBAP8G9PR6HKE</vin><color>SaddleBrown</color><year>1972</year></automobile><automobile><person_id>a517f5f4-eaab-49b2-b89f-3f17c97acb47</person_id><license_plate>728 3XG</license_plate><vin>YZBYRWMDXLW7DAJS3</vin><color>HotPink</color><year>1995</year></automobile><automobile><person_id>a517f5f4-eaab-49b2-b89f-3f17c97acb47</person_id><license_plate>467 OSU</license_plate><vin>EH197HX291NZFJPPP</vin><color>RoyalBlue</color><year>1993</year></automobile><automobile><person_id>a517f5f4-eaab-49b2-b89f-3f17c97acb47</person_id><license_plate>ZES 368</license_plate><vin>F11LFXPD217X59WJ9</vin><color>Maroon</color><year>1980</year></automobile><automobile><person_id>089ad62e-f45f-47eb-aac2-20df508b6853</person_id><license_plate>9FB2074</license_plate><vin>S22NS1DN0BB98C3RT</vin><color>DarkCyan</color><year>2013</year></automobile><automobile><person_id>089ad62e-f45f-47eb-aac2-20df508b6853</person_id><license_plate>MLI 133</license_plate><vin>KZYFU0YN10CZF5FN2</vin><color>CornflowerBlue</color><year>1979</year></automobile><automobile><person_id>089ad62e-f45f-47eb-aac2-20df508b6853</person_id><license_plate>NGG-1881</license_plate><vin>01Y0W5YHX9126L8C5</vin><color>Khaki</color><year>2008</year></automobile><automobile><person_id>58ed3d40-bc0c-4813-851b-af4cdc9a8994</person_id><license_plate>JFX-210</license_plate><vin>WRWBVJW02PC1VAARJ</vin><color>MediumBlue</color><year>1986</year></automobile><automobile><person_id>b4c95f6a-4f59-4289-b42f-aad075700ea3</person_id><license_plate>057-ZCM</license_plate><vin>N6MP2DNY7AP00V852</vin><color>Gold</color><year>1982</year></automobile><automobile><person_id>b4c95f6a-4f59-4289-b42f-aad075700ea3</person_id><license_plate>6-F8456</license_plate><vin>2ADY29D721D4VAUFH</vin><color>Salmon</color><year>2008</year></automobile><automobile><person_id>80481253-96d8-44a9-ad40-dec15315af57</person_id><license_plate>546M5</license_plate><vin>LN8MYWJX7RA4FK14M</vin><color>Peru</color><year>1984</year></automobile><automobile><person_id>d0e3ace4-4a1e-44ec-92a1-f0931b8409fa</person_id><license_plate>406 KNB</license_plate><vin>ESXYCG4J273T6DJSK</vin><color>LimeGreen</color><year>2016</year></automobile><automobile><person_id>d0e3ace4-4a1e-44ec-92a1-f0931b8409fa</person_id><license_plate>LQE 329</license_plate><vin>REKXT64B9V6R6PUS5</vin><color>Yellow</color><year>2006</year></automobile><automobile><person_id>9ab99988-a7bf-4f37-94bf-e97cec891d69</person_id><license_plate>42WM442</license_plate><vin>HY8AMU481SMCELGRG</vin><color>LimeGreen</color><year>2014</year></automobile><automobile><person_id>1f83dbb7-9117-4955-8d44-a7a6cf6e4c66</person_id><license_plate>MLN 006</license_plate><vin>45PPB3KZXD7K3EHDJ</vin><color>FloralWhite</color><year>2000</year></automobile><automobile><person_id>1f83dbb7-9117-4955-8d44-a7a6cf6e4c66</person_id><license_plate>B04-19Q</license_plate><vin>DY76YLE15EJA649GZ</vin><color>SlateBlue</color><year>1973</year></automobile><automobile><person_id>0f7f1fe2-84b8-4c4a-bb97-1fa223d2732a</person_id><license_plate>197 YRI</license_plate><vin>4599SMAL3Z03SMHDX</vin><color>Gold</color><year>2001</year></automobile><automobile><person_id>0f7f1fe2-84b8-4c4a-bb97-1fa223d2732a</person_id><license_plate>QPE 829</license_plate><vin>NE6CP15T38X3R6G09</vin><color>DarkOrange</color><year>1981</year></automobile><automobile><person_id>3e2fe4f8-d1f5-45a1-a889-575252f50c60</person_id><license_plate>9EUU746</license_plate><vin>J8070NJC4XC2Z1D5D</vin><color>DarkOliveGreen</color><year>1991</year></automobile><automobile><person_id>3e2fe4f8-d1f5-45a1-a889-575252f50c60</person_id><license_plate>DJ 2270</license_plate><vin>88X2UHZ70UFBUMED5</vin><color>DarkSalmon</color><year>1975</year></automobile><automobile><person_id>56590333-abe3-4a22-aa1e-a7d90d5512e0</person_id><license_plate>1PH 713</license_plate><vin>MZAHTS1A99DAKRT3P</vin><color>DarkGoldenRod</color><year>2016</year></automobile><automobile><person_id>56590333-abe3-4a22-aa1e-a7d90d5512e0</person_id><license_plate>3GV P49</license_plate><vin>XF2GJPJ68Z1ZY3GMY</vin><color>LightBlue</color><year>2013</year></automobile><automobile><person_id>28a03d1b-6a70-47e8-bfc0-03ecdbb4166a</person_id><license_plate>722-VKP</license_plate><vin>VT0C2JEV4RJUYXD8J</vin><color>OrangeRed</color><year>1974</year></automobile><automobile><person_id>c72a1a81-523a-4f07-a6b1-61290b4afd3f</person_id><license_plate>KVC 552</license_plate><vin>CS3NA9Z08CPNL3LZR</vin><color>Snow</color><year>1987</year></automobile><automobile><person_id>50208ff6-9680-4b52-88ea-73548c42d7c6</person_id><license_plate>183WN</license_plate><vin>S8MAFJ8N7LJW2J0CZ</vin><color>LightYellow</color><year>1996</year></automobile><automobile><person_id>50208ff6-9680-4b52-88ea-73548c42d7c6</person_id><license_plate>50ME759</license_plate><vin>XNFL5KD30U3TXAZLL</vin><color>Aquamarine</color><year>1979</year></automobile><automobile><person_id>8f6da57f-dd7d-42c7-a41c-e4af69e6a60c</person_id><license_plate>0PS 910</license_plate><vin>Z5UJS8WH90C03CHED</vin><color>Lime</color><year>1980</year></automobile><automobile><person_id>4ae1f76f-625a-4d56-9a9b-bcead5babb41</person_id><license_plate>339 HIG</license_plate><vin>H2K1G6UX85THC97F3</vin><color>Khaki</color><year>1994</year></automobile><automobile><person_id>25bea0d9-3b39-4c43-8d31-78cd57e3c551</person_id><license_plate>43N•008</license_plate><vin>PL5NDSH79ECA41SRG</vin><color>DarkOrchid</color><year>2007</year></automobile><automobile><person_id>25bea0d9-3b39-4c43-8d31-78cd57e3c551</person_id><license_plate>NJI 213</license_plate><vin>1UCFW8WW748XGADUU</vin><color>DarkRed</color><year>1997</year></automobile><automobile><person_id>25bea0d9-3b39-4c43-8d31-78cd57e3c551</person_id><license_plate>CIA 738</license_plate><vin>4AU2WZDM427WAECUA</vin><color>Orchid</color><year>1983</year></automobile><automobile><person_id>95c31433-7b5b-4e3c-8c3b-8adaaa46b916</person_id><license_plate>1P 3K0XPF</license_plate><vin>WL4B3J1N831N2XXST</vin><color>Navy</color><year>2005</year></automobile><automobile><person_id>08775cba-3d0d-4ca3-bca0-2d355fc125dc</person_id><license_plate>7N Q3474</license_plate><vin>H5USYZ045J0H2G8SD</vin><color>MediumSlateBlue</color><year>1982</year></automobile><automobile><person_id>08775cba-3d0d-4ca3-bca0-2d355fc125dc</person_id><license_plate>52E 8710</license_plate><vin>F5YCGP5A5MSRLVDD0</vin><color>MediumSpringGreen</color><year>1982</year></automobile><automobile><person_id>08775cba-3d0d-4ca3-bca0-2d355fc125dc</person_id><license_plate>9HWS 51</license_plate><vin>PE8D1W2L503CD80DN</vin><color>PaleTurquoise</color><year>1992</year></automobile><automobile><person_id>f072e9b9-af48-4d9e-9952-62ab1624cfa6</person_id><license_plate>05-00588</license_plate><vin>J8W72EZP1UNUE56G1</vin><color>SkyBlue</color><year>2020</year></automobile><automobile><person_id>37e89cb2-6569-41eb-8be2-a26d0a23ec03</person_id><license_plate>3IY S63</license_plate><vin>E7XBHW7Z70ZPGX57W</vin><color>Orchid</color><year>2022</year></automobile><automobile><person_id>e378107e-79ab-4c98-a330-1e0e89dd0536</person_id><license_plate>KZU-1842</license_plate><vin>H7NSEACL988FA5ETE</vin><color>Magenta</color><year>1975</year></automobile><automobile><person_id>73374349-1c22-4d53-a1dc-6522c6d356de</person_id><license_plate>213 5EP</license_plate><vin>5AX3HKAF785D4EA65</vin><color>SandyBrown</color><year>1980</year></automobile><automobile><person_id>73374349-1c22-4d53-a1dc-6522c6d356de</person_id><license_plate>5N 9A8LUS</license_plate><vin>8XMDN20X6EPYXUAUJ</vin><color>LavenderBlush</color><year>1994</year></automobile><automobile><person_id>7263dc8b-5c57-46cc-bdef-8104d59fe1c6</person_id><license_plate>EQK 5858</license_plate><vin>1NZVV1U07SP7FZ8N5</vin><color>Magenta</color><year>2020</year></automobile><automobile><person_id>7263dc8b-5c57-46cc-bdef-8104d59fe1c6</person_id><license_plate>0KB5772</license_plate><vin>EJCVSX8C299UUGAZC</vin><color>Bisque</color><year>1985</year></automobile><automobile><person_id>7263dc8b-5c57-46cc-bdef-8104d59fe1c6</person_id><license_plate>MTA 747</license_plate><vin>F6MUSVU023U93FYAT</vin><color>MediumBlue</color><year>1973</year></automobile><automobile><person_id>4c4e86cb-8969-4087-982a-e6e9c94360e8</person_id><license_plate>6E 3351W</license_plate><vin>MJH9DU4V8EK4EE562</vin><color>MediumOrchid</color><year>1980</year></automobile><automobile><person_id>4c4e86cb-8969-4087-982a-e6e9c94360e8</person_id><license_plate>00X 5592</license_plate><vin>3U5UXDP82MT5N51YT</vin><color>PaleTurquoise</color><year>1982</year></automobile><automobile><person_id>4c4e86cb-8969-4087-982a-e6e9c94360e8</person_id><license_plate>YS7 6332</license_plate><vin>37X7FBTV7V439T708</vin><color>SteelBlue</color><year>1975</year></automobile><automobile><person_id>cc6e75fe-a5fc-4254-ada2-c912386d508a</person_id><license_plate>TAW 294</license_plate><vin>YVENKRAX58TXMHBMV</vin><color>Bisque</color><year>2007</year></automobile><automobile><person_id>6e8afa10-910c-4728-a626-34bfe889b4e8</person_id><license_plate>17-ZF64</license_plate><vin>KGXVV70157PMKCS86</vin><color>LemonChiffon</color><year>1994</year></automobile><automobile><person_id>6e8afa10-910c-4728-a626-34bfe889b4e8</person_id><license_plate>0831 DE</license_plate><vin>SAAJ9BC00WYJ2P8MN</vin><color>SteelBlue</color><year>1972</year></automobile><automobile><person_id>d0d3f2fb-f27f-449a-8f19-f4585ed62a97</person_id><license_plate>7ODF 36</license_plate><vin>JJF2J0T13N4VTFXKX</vin><color>Gold</color><year>2011</year></automobile><automobile><person_id>d0d3f2fb-f27f-449a-8f19-f4585ed62a97</person_id><license_plate>759 JEB</license_plate><vin>7U868W0M66VC42SZ5</vin><color>MediumSlateBlue</color><year>2008</year></automobile><automobile><person_id>d12e7a9e-b6bf-4e6b-bfd4-29b655bd7f9b</person_id><license_plate>Z78-53D</license_plate><vin>X34DPLUM2CJSZ4G5K</vin><color>Lavender</color><year>2022</year></automobile><automobile><person_id>d12e7a9e-b6bf-4e6b-bfd4-29b655bd7f9b</person_id><license_plate>220 ENR</license_plate><vin>UXL7TTXD5WLNJ4R4H</vin><color>GreenYellow</color><year>1970</year></automobile><automobile><person_id>44d52797-2ace-4801-a5f4-e1beddde3f59</person_id><license_plate>682 4KU</license_plate><vin>LK2KTPH1387GK5RUZ</vin><color>Silver</color><year>2019</year></automobile><automobile><person_id>44d52797-2ace-4801-a5f4-e1beddde3f59</person_id><license_plate>DPJ 963</license_plate><vin>D8SD043P6LLXSNGYH</vin><color>Green</color><year>2014</year></automobile><automobile><person_id>618e211d-0e13-4065-9437-fef07dda6035</person_id><license_plate>1603</license_plate><vin>YWDW8VJZ28USGCNPB</vin><color>MediumSlateBlue</color><year>1971</year></automobile><automobile><person_id>f4689ba2-5810-4fe2-8354-fde8c7eab18c</person_id><license_plate>5-7894N</license_plate><vin>G5UKLCGH40XEC96CT</vin><color>LightYellow</color><year>2022</year></automobile><automobile><person_id>f4689ba2-5810-4fe2-8354-fde8c7eab18c</person_id><license_plate>FM 3501</license_plate><vin>JUEGFV677P94RAYMG</vin><color>Sienna</color><year>1994</year></automobile><automobile><person_id>ba61be00-2f79-4e07-b4e4-2ee92b490009</person_id><license_plate>XKA 041</license_plate><vin>UCDEXD067ENVTJE2V</vin><color>DarkSalmon</color><year>2014</year></automobile><automobile><person_id>ba61be00-2f79-4e07-b4e4-2ee92b490009</person_id><license_plate>GHZ-527</license_plate><vin>BLCNLD9N8WHAU1AYC</vin><color>AntiqueWhite</color><year>2014</year></automobile><automobile><person_id>01446fc1-2c53-48c4-947f-4205dc93b401</person_id><license_plate>LWL-2282</license_plate><vin>LRS8C5KVXE0DWG4JW</vin><color>MidnightBlue</color><year>2008</year></automobile><automobile><person_id>faf0ec81-e2c8-4676-b46b-9e3d2f72f2da</person_id><license_plate>JLK 256</license_plate><vin>E1V8UHYB13D3WVS4E</vin><color>PapayaWhip</color><year>1978</year></automobile><automobile><person_id>faf0ec81-e2c8-4676-b46b-9e3d2f72f2da</person_id><license_plate>4I 3Q0LKU</license_plate><vin>TNEKPVWU3M55MPGAK</vin><color>Cyan</color><year>2009</year></automobile><automobile><person_id>faf0ec81-e2c8-4676-b46b-9e3d2f72f2da</person_id><license_plate>6BY M29</license_plate><vin>NT1K6YRV0JRZZBE8T</vin><color>Linen</color><year>1983</year></automobile><automobile><person_id>87617334-5bda-4d0a-8fd1-0be775be5d59</person_id><license_plate>469FJI</license_plate><vin>ULEDZX325L6221NSC</vin><color>Wheat</color><year>1970</year></automobile><automobile><person_id>87617334-5bda-4d0a-8fd1-0be775be5d59</person_id><license_plate>F60-93A</license_plate><vin>0GD5C30J01CZZ1GG4</vin><color>OliveDrab</color><year>2017</year></automobile><automobile><person_id>87617334-5bda-4d0a-8fd1-0be775be5d59</person_id><license_plate>680 GSP</license_plate><vin>XDPGBUVF2LBEJRG0W</vin><color>LightGreen</color><year>1997</year></automobile><automobile><person_id>a5d03586-80ff-4050-9ecc-44b832fbdd6d</person_id><license_plate>X74-LLJ</license_plate><vin>TB46P2P8X6KL4M90K</vin><color>MistyRose</color><year>2022</year></automobile><automobile><person_id>5968bed6-be95-44b7-80b3-80367be8f14a</person_id><license_plate>4H Y6917</license_plate><vin>1UZZAJ6Z7H4Y9LV6A</vin><color>Orchid</color><year>1983</year></automobile><automobile><person_id>5c0594ab-c594-42ac-91fd-36f7da882581</person_id><license_plate>IIK-2742</license_plate><vin>4F611PV06C0TFAJKV</vin><color>BlueViolet</color><year>1974</year></automobile><automobile><person_id>f1bf7299-7ae5-42e1-8b68-b9571dad4b3f</person_id><license_plate>4NR 657</license_plate><vin>MF5VJRG06JMEFE6ST</vin><color>OldLace</color><year>2021</year></automobile><automobile><person_id>f1bf7299-7ae5-42e1-8b68-b9571dad4b3f</person_id><license_plate>80Z 8196</license_plate><vin>56S3E2Y8134HF0MRY</vin><color>DarkGoldenRod</color><year>2001</year></automobile><automobile><person_id>0f958480-7e9e-4066-b880-36397a4bcccc</person_id><license_plate>639 YWO</license_plate><vin>A0ZXAEYY8BXMB07GR</vin><color>DarkTurquoise</color><year>1998</year></automobile><automobile><person_id>0f958480-7e9e-4066-b880-36397a4bcccc</person_id><license_plate>60T•329</license_plate><vin>MLD4SEE12EU2WDA9P</vin><color>MistyRose</color><year>1970</year></automobile><automobile><person_id>0f958480-7e9e-4066-b880-36397a4bcccc</person_id><license_plate>MMF 705</license_plate><vin>NNBE0B6K9FVJ7LZJX</vin><color>Aqua</color><year>2017</year></automobile><automobile><person_id>9c558c93-4e53-48f7-bd37-05fa8849feec</person_id><license_plate>HMT W72</license_plate><vin>94P6X2ZF8HKRR6T5F</vin><color>LightBlue</color><year>1979</year></automobile><automobile><person_id>9c558c93-4e53-48f7-bd37-05fa8849feec</person_id><license_plate>360 JTY</license_plate><vin>9FCLSX9K6XHAFM0SG</vin><color>DarkBlue</color><year>1971</year></automobile></automobiles>