<?xml version="1.0" encoding="UTF-8" ?><automobiles><automobile><person_id>047bce9c-eb4c-4816-91a8-1c134047bbc7</person_id><license_plate>670-COI</license_plate><vin>KX666W337FVSFGBDT</vin><color>GoldenRod</color><year>1978</year></automobile><automobile><person_id>047bce9c-eb4c-4816-91a8-1c134047bbc7</person_id><license_plate>837-ONX</license_plate><vin>G9BXAVXR9CNDMTV65</vin><color>NavajoWhite</color><year>1991</year></automobile><automobile><person_id>047bce9c-eb4c-4816-91a8-1c134047bbc7</person_id><license_plate>LNE 137</license_plate><vin>K97EBAR911FPUZ2HJ</vin><color>MediumAquaMarine</color><year>2015</year></automobile><automobile><person_id>f2df3e98-86f0-4993-a2e6-1353dd60830a</person_id><license_plate>85U•914</license_plate><vin>144FSB2496DYZUNAZ</vin><color>GoldenRod</color><year>1971</year></automobile><automobile><person_id>586683b8-9769-4c51-a581-319e38e35693</person_id><license_plate>1OL0146</license_plate><vin>PJ50CG0P2LRYSWV09</vin><color>White</color><year>2000</year></automobile><automobile><person_id>a4856141-ff0d-4fd4-bb70-7e11891bbf66</person_id><license_plate>01-CT85</license_plate><vin>APVRJCGX6WV62YB6P</vin><color>MistyRose</color><year>1984</year></automobile><automobile><person_id>a4856141-ff0d-4fd4-bb70-7e11891bbf66</person_id><license_plate>S63 6OC</license_plate><vin>5B3EXVPXXSDB4KRMP</vin><color>PaleGreen</color><year>1978</year></automobile><automobile><person_id>d2b26ad8-8586-4b8a-af75-5ea27769999a</person_id><license_plate>KJD1293</license_plate><vin>SGBMNSVS2T2XYRZBR</vin><color>SpringGreen</color><year>1990</year></automobile><automobile><person_id>d2b26ad8-8586-4b8a-af75-5ea27769999a</person_id><license_plate>PCP8701</license_plate><vin>F96HTMR24NR90V7N1</vin><color>PaleTurquoise</color><year>1990</year></automobile><automobile><person_id>d2b26ad8-8586-4b8a-af75-5ea27769999a</person_id><license_plate>906 KQK</license_plate><vin>8BAGLCPJ60TMMUAXZ</vin><color>SandyBrown</color><year>1989</year></automobile><automobile><person_id>d1cec215-ce1b-45e5-9b43-8ddb0cd32c64</person_id><license_plate>8C518</license_plate><vin>V38Z8UX3336KYZ276</vin><color>DarkMagenta</color><year>1996</year></automobile><automobile><person_id>6db98d22-8642-4d7a-810f-b8f214994237</person_id><license_plate>QDU-128</license_plate><vin>DDTHVAYA1Z6J5L59A</vin><color>CornflowerBlue</color><year>1998</year></automobile><automobile><person_id>6db98d22-8642-4d7a-810f-b8f214994237</person_id><license_plate>517 TYT</license_plate><vin>E4A4PVVW1MKCJLEAR</vin><color>MediumPurple</color><year>2008</year></automobile><automobile><person_id>3f9ebb00-18e3-4f2d-b112-7af010bd7c5f</person_id><license_plate>4BN 481</license_plate><vin>R611CS82XUM3GTAL1</vin><color>LightPink</color><year>1982</year></automobile><automobile><person_id>3f9ebb00-18e3-4f2d-b112-7af010bd7c5f</person_id><license_plate>39-XB86</license_plate><vin>RNZNNZ5L3CRBX6N7V</vin><color>DarkRed</color><year>1997</year></automobile><automobile><person_id>45a9e65d-13e1-4e65-a720-4ef2ea5aec51</person_id><license_plate>DQQ2659</license_plate><vin>RCEEVC8F15M21YTAP</vin><color>GhostWhite</color><year>2005</year></automobile><automobile><person_id>b3ead786-fd23-4c39-9160-b5c2d87f20dd</person_id><license_plate>6-95776</license_plate><vin>KH81HC698T6FU930S</vin><color>HotPink</color><year>2004</year></automobile><automobile><person_id>8c7a5856-2ef5-4eeb-b85e-1cf5cb198ab9</person_id><license_plate>824935</license_plate><vin>TX04A90V4VYX1Z7WK</vin><color>LightSeaGreen</color><year>2012</year></automobile><automobile><person_id>8c7a5856-2ef5-4eeb-b85e-1cf5cb198ab9</person_id><license_plate>C94-68Z</license_plate><vin>539MLE625P2YUPN6D</vin><color>DarkKhaki</color><year>1988</year></automobile><automobile><person_id>97bb8ad2-bb50-4925-bc7b-da356112681c</person_id><license_plate>1G 6183M</license_plate><vin>WASHDXNU8USWKXRJM</vin><color>DarkViolet</color><year>2001</year></automobile><automobile><person_id>e8410067-2253-43b9-ba80-d1cd7d84dfbd</person_id><license_plate>2178</license_plate><vin>MJSHMLMK3JW3SVDMJ</vin><color>DarkSlateGray</color><year>1981</year></automobile><automobile><person_id>3d146bf5-82fe-4ae8-b660-3906e79ff12d</person_id><license_plate>089872</license_plate><vin>VY98NGRR038CPN2WL</vin><color>MediumPurple</color><year>2006</year></automobile><automobile><person_id>3d146bf5-82fe-4ae8-b660-3906e79ff12d</person_id><license_plate>VE 9071</license_plate><vin>9B5HLKW75X83EV86J</vin><color>CornflowerBlue</color><year>1975</year></automobile><automobile><person_id>5d9ed76f-ac68-4036-a603-72b811fe6fc2</person_id><license_plate>3420 DL</license_plate><vin>EDX08HB7X3FU7FXJ2</vin><color>BurlyWood</color><year>2011</year></automobile><automobile><person_id>ae38cf50-1a9f-42b0-bf6f-bf6a18a97c4b</person_id><license_plate>MYX 055</license_plate><vin>L8U6CC783CGSLA8MD</vin><color>MistyRose</color><year>1981</year></automobile><automobile><person_id>98fd6230-7c18-4a87-aae4-35a0634b82c8</person_id><license_plate>HJC 263</license_plate><vin>7DE9NPGX6UFT8NZPK</vin><color>Khaki</color><year>2023</year></automobile><automobile><person_id>09f176d9-235c-463e-919b-582a29868ae5</person_id><license_plate>78-7986X</license_plate><vin>VGZCYSD38Y476UMC1</vin><color>DarkGray</color><year>2014</year></automobile><automobile><person_id>7ddfcdfa-57e5-469b-a02c-7b077c154da3</person_id><license_plate>40V W86</license_plate><vin>6KP8R4AFX4ABV0H05</vin><color>LightYellow</color><year>2006</year></automobile><automobile><person_id>d26db689-9083-46c1-a16b-ab0072879596</person_id><license_plate>962X</license_plate><vin>8SKL12ED6A5F01ZYS</vin><color>RosyBrown</color><year>1991</year></automobile><automobile><person_id>38068507-c4cc-42b5-b7e4-2a99ef4dc510</person_id><license_plate>QCL-2840</license_plate><vin>DLYJXV6U5BJTK8N8A</vin><color>DarkRed</color><year>1991</year></automobile><automobile><person_id>e909a42c-f3c4-406a-b151-6b6888b5477d</person_id><license_plate>IIQ 510</license_plate><vin>981PG7EG2K8PLBTZW</vin><color>PowderBlue</color><year>1998</year></automobile><automobile><person_id>50398062-3153-4e2e-8424-151d87ef9002</person_id><license_plate>400-070</license_plate><vin>PTYVKHX17J3EDMUUJ</vin><color>Black</color><year>2000</year></automobile><automobile><person_id>50398062-3153-4e2e-8424-151d87ef9002</person_id><license_plate>BAJ 048</license_plate><vin>VSL9VH55X13L5RPG9</vin><color>PowderBlue</color><year>1982</year></automobile><automobile><person_id>f825cb5c-aa09-4300-b154-2c7b62da48a3</person_id><license_plate>2-3506H</license_plate><vin>2XZYTY9N9S5R1MY2W</vin><color>Brown</color><year>1995</year></automobile><automobile><person_id>02226231-babc-4176-ac5b-98d7f7af265c</person_id><license_plate>CEN 592</license_plate><vin>8WLKV4ZA41RNCNXNS</vin><color>LightPink</color><year>2010</year></automobile><automobile><person_id>02226231-babc-4176-ac5b-98d7f7af265c</person_id><license_plate>214-HEWR</license_plate><vin>VHVAJ2E9495PBP083</vin><color>Lime</color><year>1975</year></automobile><automobile><person_id>da80cda4-fb0f-4125-9023-35e242a6bedb</person_id><license_plate>VAT 9853</license_plate><vin>THB6RPR16M2HJHSFB</vin><color>Plum</color><year>1972</year></automobile><automobile><person_id>da80cda4-fb0f-4125-9023-35e242a6bedb</person_id><license_plate>826FYT</license_plate><vin>GZYCKDUW8ZVFWRA26</vin><color>Beige</color><year>1997</year></automobile><automobile><person_id>c8a6f6d3-1c55-4367-a9f3-e7f1ade040d7</person_id><license_plate>6-84182</license_plate><vin>SCZ60YWP31ZAHTKTK</vin><color>Fuchsia</color><year>2014</year></automobile><automobile><person_id>fe3faa06-fe1f-47fd-ab22-a85a4e6b58df</person_id><license_plate>PZC-5180</license_plate><vin>CDX302355LHXX4RVE</vin><color>SlateBlue</color><year>1991</year></automobile><automobile><person_id>a13279b4-774a-4e86-81ff-f922a9142a8d</person_id><license_plate>9W E2410</license_plate><vin>2SW1103A1HN6SDACU</vin><color>FireBrick</color><year>1986</year></automobile><automobile><person_id>77fc2b1f-f22b-4a8f-b2ec-cd155a2c6b2d</person_id><license_plate>EXI8783</license_plate><vin>7S115PLY64H99W7VG</vin><color>PaleTurquoise</color><year>1998</year></automobile><automobile><person_id>8735159b-4b26-4f25-95c4-5cd6b1f7f9bb</person_id><license_plate>8J 10583</license_plate><vin>ULFJ341D0F592HJ7A</vin><color>PapayaWhip</color><year>2022</year></automobile><automobile><person_id>c40face6-902d-41a4-807f-a9cf65aa10d4</person_id><license_plate>266TM</license_plate><vin>5GY28X4D5CSGNFSRE</vin><color>OrangeRed</color><year>1975</year></automobile><automobile><person_id>773ce126-004c-496f-be23-0a0b17ef9d60</person_id><license_plate>7T 7Z2MKX</license_plate><vin>086T2PBX8ZHRXVJ8F</vin><color>Turquoise</color><year>2018</year></automobile><automobile><person_id>40336b60-efa8-4ce9-adb0-324dc1fd8a99</person_id><license_plate>765 HLO</license_plate><vin>HXKAPZ2J7DEK7YFVS</vin><color>Gold</color><year>2015</year></automobile><automobile><person_id>df3068b7-79a9-4414-8e1e-e228f4a1cb90</person_id><license_plate>969 JPJ</license_plate><vin>PJ6KMU1KX7C3EEL1X</vin><color>Chartreuse</color><year>1988</year></automobile><automobile><person_id>df3068b7-79a9-4414-8e1e-e228f4a1cb90</person_id><license_plate>371 1462</license_plate><vin>GE6M3WFD24UFF99WF</vin><color>LightSeaGreen</color><year>2009</year></automobile><automobile><person_id>369b913c-3f7c-415f-a07a-b619b68f653a</person_id><license_plate>878 FAZ</license_plate><vin>F1AFDTGD7JZUGWVX0</vin><color>DarkSlateGray</color><year>2023</year></automobile><automobile><person_id>0a5526bc-0025-4ffa-81ef-37fc320d3905</person_id><license_plate>939-ICO</license_plate><vin>T6GPE1BT5K86SLFUX</vin><color>OrangeRed</color><year>2016</year></automobile><automobile><person_id>4e47e590-9538-437a-9e10-c8c3eede05eb</person_id><license_plate>049AEG</license_plate><vin>XDEPVTBW5LUBZL87D</vin><color>LightSkyBlue</color><year>2007</year></automobile><automobile><person_id>4ee58f85-31d4-4416-af27-0bb534e9b30e</person_id><license_plate>ENE 714</license_plate><vin>73V2J2B33EFKXAYSJ</vin><color>Gold</color><year>2011</year></automobile><automobile><person_id>4ee58f85-31d4-4416-af27-0bb534e9b30e</person_id><license_plate>3403 VW</license_plate><vin>5DA41ASK5SJ8FEM88</vin><color>PaleGreen</color><year>2021</year></automobile><automobile><person_id>4ee58f85-31d4-4416-af27-0bb534e9b30e</person_id><license_plate>J75 3BR</license_plate><vin>DTKHJGPC2GCWTAPLJ</vin><color>Peru</color><year>1974</year></automobile><automobile><person_id>8f60bd51-6d22-43ef-8a3e-d5b18e38c1df</person_id><license_plate>WW-4662</license_plate><vin>BCPAWGKL7VZB8AMVG</vin><color>DarkViolet</color><year>2007</year></automobile><automobile><person_id>8f60bd51-6d22-43ef-8a3e-d5b18e38c1df</person_id><license_plate>XAL6422</license_plate><vin>U0M9DKM28RGXUVZFU</vin><color>MidnightBlue</color><year>2006</year></automobile><automobile><person_id>76418fa3-c7d8-4693-8697-3536ade8bed1</person_id><license_plate>LYJ 836</license_plate><vin>LUP154PTXYYNS863M</vin><color>SlateBlue</color><year>1986</year></automobile><automobile><person_id>76418fa3-c7d8-4693-8697-3536ade8bed1</person_id><license_plate>124 HUK</license_plate><vin>4PUUDF8Y7SVSUH2HJ</vin><color>AliceBlue</color><year>2023</year></automobile><automobile><person_id>d328bb27-c35e-4a67-8507-eb8666d2f9ce</person_id><license_plate>HW0 6196</license_plate><vin>0TP15LD83VMAMR5NK</vin><color>Cornsilk</color><year>1993</year></automobile><automobile><person_id>d328bb27-c35e-4a67-8507-eb8666d2f9ce</person_id><license_plate>ZPG 001</license_plate><vin>ZRNDJNJP5WKBSW2H0</vin><color>SandyBrown</color><year>2017</year></automobile><automobile><person_id>d328bb27-c35e-4a67-8507-eb8666d2f9ce</person_id><license_plate>80F WE1</license_plate><vin>1ZXAXTKZ8NSFDLT06</vin><color>DarkGray</color><year>1976</year></automobile><automobile><person_id>63f0fe7c-777b-4afb-b900-e44dd967d325</person_id><license_plate>1R 9B0VNC</license_plate><vin>MNMC0LE938HU7SRP5</vin><color>LightGray</color><year>2006</year></automobile><automobile><person_id>53031cac-c457-44f0-8121-0c38c8eedd46</person_id><license_plate>SVW-1313</license_plate><vin>LPPRZ78Z2C295WB9C</vin><color>Moccasin</color><year>2008</year></automobile><automobile><person_id>53031cac-c457-44f0-8121-0c38c8eedd46</person_id><license_plate>DDO-7645</license_plate><vin>5WSN0ATE4YRGT44J8</vin><color>SeaGreen</color><year>2013</year></automobile><automobile><person_id>4c44b1e0-640e-4b78-b89d-048f033782ae</person_id><license_plate>ZNR-8874</license_plate><vin>LS76CLTY4PYH09G3T</vin><color>IndianRed</color><year>1970</year></automobile><automobile><person_id>431d381b-d151-4164-b040-c0b48b7cb734</person_id><license_plate>RZF 7825</license_plate><vin>D1G5WJDXX61BXYGR2</vin><color>Brown</color><year>2009</year></automobile><automobile><person_id>a7553379-4b63-4caa-a426-94286c87204e</person_id><license_plate>6CL G09</license_plate><vin>78PE1JL9063EJK8TV</vin><color>SkyBlue</color><year>1982</year></automobile><automobile><person_id>a7553379-4b63-4caa-a426-94286c87204e</person_id><license_plate>3ZZ 874</license_plate><vin>WWP8WXHK1E0BC7XFM</vin><color>PeachPuff</color><year>2016</year></automobile><automobile><person_id>daf167b7-a733-4ca5-b147-1f9b1a5984a5</person_id><license_plate>ROE-028</license_plate><vin>6AR1644S7NGASXV3U</vin><color>CadetBlue</color><year>1996</year></automobile><automobile><person_id>daf167b7-a733-4ca5-b147-1f9b1a5984a5</person_id><license_plate>GC7 W3H</license_plate><vin>5ALYSLD6X6PFAMT4G</vin><color>Khaki</color><year>2001</year></automobile><automobile><person_id>daf167b7-a733-4ca5-b147-1f9b1a5984a5</person_id><license_plate>PVF 862</license_plate><vin>CFW8KPCX494UX6U6Y</vin><color>CadetBlue</color><year>1977</year></automobile><automobile><person_id>c405a562-ab3e-4225-b454-c94af96e9784</person_id><license_plate>286-QLW</license_plate><vin>MHAK4XRP89L3FMGEY</vin><color>HoneyDew</color><year>1979</year></automobile><automobile><person_id>4c9458e0-e247-48e9-8669-e7a13861de9b</person_id><license_plate>FBG-5886</license_plate><vin>9BW992GM9WXJMVLCN</vin><color>WhiteSmoke</color><year>1993</year></automobile><automobile><person_id>aedd8bdd-2aee-472f-b9b3-d7b50d864d60</person_id><license_plate>EN 09706</license_plate><vin>MTT0603V095FVC00K</vin><color>LightCoral</color><year>2005</year></automobile><automobile><person_id>23a6ae91-ee85-4f85-bfb7-b4fc34a4bf59</person_id><license_plate>53X K60</license_plate><vin>WNWNBXT88XZC97VR9</vin><color>Sienna</color><year>2005</year></automobile><automobile><person_id>23a6ae91-ee85-4f85-bfb7-b4fc34a4bf59</person_id><license_plate>034 CLE</license_plate><vin>PWW26XAWXG5MMXN4N</vin><color>PapayaWhip</color><year>1979</year></automobile><automobile><person_id>34dc404f-1c35-4517-8a41-334fa10acc85</person_id><license_plate>568N</license_plate><vin>D6KVL38W5HVL949YG</vin><color>SteelBlue</color><year>2023</year></automobile><automobile><person_id>34dc404f-1c35-4517-8a41-334fa10acc85</person_id><license_plate>6996 YB</license_plate><vin>X9A1S8EY5SVDVDFXW</vin><color>DarkMagenta</color><year>1996</year></automobile><automobile><person_id>4ea2ef29-ae15-4092-bbcd-107fe53b7fa3</person_id><license_plate>DSE-0043</license_plate><vin>BDMBZWUR2WDLDCCH4</vin><color>OldLace</color><year>2002</year></automobile><automobile><person_id>4ea2ef29-ae15-4092-bbcd-107fe53b7fa3</person_id><license_plate>779FY</license_plate><vin>0P84D7F08GLG5PFZU</vin><color>DarkTurquoise</color><year>2008</year></automobile><automobile><person_id>d09478aa-ac22-4200-ada6-e954d6a0202d</person_id><license_plate>990T</license_plate><vin>DCC8NASR8W134VTAZ</vin><color>OliveDrab</color><year>2001</year></automobile><automobile><person_id>d09478aa-ac22-4200-ada6-e954d6a0202d</person_id><license_plate>YMK8275</license_plate><vin>W3DSEWE24AZSMG1HP</vin><color>DeepSkyBlue</color><year>2019</year></automobile><automobile><person_id>d09478aa-ac22-4200-ada6-e954d6a0202d</person_id><license_plate>6MXW763</license_plate><vin>CEBL4MLJ2F3EJUX1N</vin><color>PapayaWhip</color><year>2023</year></automobile><automobile><person_id>60ad211c-68e7-48ae-aae5-3946cd85d9d5</person_id><license_plate>219V</license_plate><vin>FUG21FCL176CBYFMA</vin><color>DeepPink</color><year>2005</year></automobile><automobile><person_id>60ad211c-68e7-48ae-aae5-3946cd85d9d5</person_id><license_plate>127-TQMI</license_plate><vin>17WCLE3M0JUJTHVND</vin><color>FireBrick</color><year>1983</year></automobile><automobile><person_id>60ad211c-68e7-48ae-aae5-3946cd85d9d5</person_id><license_plate>39F GL8</license_plate><vin>V1SATS7N9P16CE8R0</vin><color>WhiteSmoke</color><year>1982</year></automobile><automobile><person_id>3f781a51-e796-4e64-a41b-106af90a36cd</person_id><license_plate>VXJ 520</license_plate><vin>PK61HAT16ZGCALR24</vin><color>DarkSlateGray</color><year>2006</year></automobile><automobile><person_id>c2f441d4-0ebe-4613-99c2-ea1e753c6607</person_id><license_plate>VJS6083</license_plate><vin>59P6ZLLY79JLPWJZ8</vin><color>Tomato</color><year>2022</year></automobile><automobile><person_id>c2f441d4-0ebe-4613-99c2-ea1e753c6607</person_id><license_plate>QCE-7489</license_plate><vin>GDJBBLW4773GVMDTW</vin><color>Orchid</color><year>2022</year></automobile><automobile><person_id>a89bb5bc-4567-4b75-b293-60a213fe770d</person_id><license_plate>36Y U89</license_plate><vin>YH00J9W030LU7YZFB</vin><color>DarkGray</color><year>2014</year></automobile><automobile><person_id>fd53f89e-32b6-4fab-8cbb-0a3fcfa416bc</person_id><license_plate>BWG-8121</license_plate><vin>X0NULL4AXSKKX0P5R</vin><color>Khaki</color><year>1973</year></automobile><automobile><person_id>fd53f89e-32b6-4fab-8cbb-0a3fcfa416bc</person_id><license_plate>5RX3978</license_plate><vin>N8PJR20V2ELEAD20G</vin><color>DarkKhaki</color><year>2012</year></automobile><automobile><person_id>7f5cf5e2-8329-48f2-8e8d-a58483673c80</person_id><license_plate>405 7YU</license_plate><vin>C9NV1KY31MS7Y0PKY</vin><color>RoyalBlue</color><year>1991</year></automobile><automobile><person_id>e9d4b61c-7004-4d0a-a883-e95cafc5e7d7</person_id><license_plate>VVV 3925</license_plate><vin>5Z3JFZXHXDEYF7V3J</vin><color>LimeGreen</color><year>2024</year></automobile><automobile><person_id>e9d4b61c-7004-4d0a-a883-e95cafc5e7d7</person_id><license_plate>2P U0618</license_plate><vin>G9CFM2NPX59MDTA4P</vin><color>DarkSalmon</color><year>2018</year></automobile><automobile><person_id>2ad66a8c-b79f-4494-bf72-f500a17368bd</person_id><license_plate>636 GBF</license_plate><vin>31M10C5M97GFBAUJF</vin><color>LightPink</color><year>2020</year></automobile><automobile><person_id>2ad66a8c-b79f-4494-bf72-f500a17368bd</person_id><license_plate>6FO Z15</license_plate><vin>AGHF8S691G1HV6B02</vin><color>SlateGray</color><year>2013</year></automobile><automobile><person_id>be4a42cc-32c9-4526-958c-6ec64b1e029d</person_id><license_plate>22-70111</license_plate><vin>38GVGFBTX19AZ4HJ2</vin><color>PaleVioletRed</color><year>2005</year></automobile><automobile><person_id>be4a42cc-32c9-4526-958c-6ec64b1e029d</person_id><license_plate>0-N5328</license_plate><vin>FGBJCBC87S9V3SAHS</vin><color>MediumVioletRed</color><year>1971</year></automobile><automobile><person_id>f2f95830-a6b8-4b23-8915-2915a86a86c8</person_id><license_plate>039 EPA</license_plate><vin>0CUDLHKX4Z15R6HXD</vin><color>LightBlue</color><year>2022</year></automobile><automobile><person_id>f2f95830-a6b8-4b23-8915-2915a86a86c8</person_id><license_plate>279SAW</license_plate><vin>4S97SJDY9EYP5ZVJX</vin><color>YellowGreen</color><year>2017</year></automobile><automobile><person_id>8cb0d54f-11cb-4cb2-8d95-1ba6d130f4f0</person_id><license_plate>496Q2</license_plate><vin>1WKLJCPH1XBDMJVFC</vin><color>PaleGreen</color><year>1977</year></automobile><automobile><person_id>68d3488a-4ed7-45fe-b9d7-5f923a6577bd</person_id><license_plate>69E XE6</license_plate><vin>V2AJ4Y5964AB94H5Z</vin><color>SeaShell</color><year>1983</year></automobile><automobile><person_id>fdfab124-a8a6-408f-be93-3b9f1c2dd719</person_id><license_plate>GDL 278</license_plate><vin>4SDG8ZPT69746RD58</vin><color>RosyBrown</color><year>1984</year></automobile><automobile><person_id>fdfab124-a8a6-408f-be93-3b9f1c2dd719</person_id><license_plate>HNF 184</license_plate><vin>J0PG9SKK2P06H5D2P</vin><color>MediumPurple</color><year>2016</year></automobile><automobile><person_id>fdfab124-a8a6-408f-be93-3b9f1c2dd719</person_id><license_plate>96ME6</license_plate><vin>50YZ57YG66U2Z7HXN</vin><color>Tomato</color><year>2002</year></automobile><automobile><person_id>d2026182-4b62-4172-8785-868760122b41</person_id><license_plate>PBV-9220</license_plate><vin>TV0F5SV91P4X4XC6K</vin><color>ForestGreen</color><year>2018</year></automobile><automobile><person_id>b5d9e6ae-c471-4c09-8637-361672afd0e6</person_id><license_plate>QA2 7271</license_plate><vin>3D2JEPM57HLCPJUPW</vin><color>YellowGreen</color><year>1992</year></automobile><automobile><person_id>19440b03-6e31-447f-8f45-2400c21eed09</person_id><license_plate>429-AUM</license_plate><vin>HCGNXNE43ZZHGCHW7</vin><color>DarkBlue</color><year>1975</year></automobile><automobile><person_id>62d59cc2-27fc-49fa-a739-a8d4cecaf5b5</person_id><license_plate>ZYW 586</license_plate><vin>ZS12WGPY1KK1D6MRR</vin><color>CadetBlue</color><year>1973</year></automobile><automobile><person_id>62d59cc2-27fc-49fa-a739-a8d4cecaf5b5</person_id><license_plate>GNP-1619</license_plate><vin>G7X9SXDD892ND5YB2</vin><color>LightSteelBlue</color><year>1996</year></automobile><automobile><person_id>c21589f6-2c48-4290-8b73-3ef3e401df14</person_id><license_plate>73-6041X</license_plate><vin>31KF75KR8SWKMLNNR</vin><color>MediumPurple</color><year>2020</year></automobile><automobile><person_id>eb463212-b669-4d6c-a87b-8881a7ce7de9</person_id><license_plate>1G616</license_plate><vin>3RNWT3M86KMTW12YA</vin><color>Green</color><year>1998</year></automobile><automobile><person_id>eb463212-b669-4d6c-a87b-8881a7ce7de9</person_id><license_plate>XLW 083</license_plate><vin>NDSGR8YW9Y2F1DCFF</vin><color>Salmon</color><year>1985</year></automobile><automobile><person_id>eb463212-b669-4d6c-a87b-8881a7ce7de9</person_id><license_plate>5O OH630</license_plate><vin>3FNDBHBR7BRP8J7RJ</vin><color>LawnGreen</color><year>2017</year></automobile><automobile><person_id>bf601a49-a933-49d8-a787-175c4706df2f</person_id><license_plate>JDN 336</license_plate><vin>YA655BX09A0ABZH57</vin><color>LightGray</color><year>2010</year></automobile><automobile><person_id>bf601a49-a933-49d8-a787-175c4706df2f</person_id><license_plate>9-H4121</license_plate><vin>4A424UPK4L5JYZ0YM</vin><color>DarkTurquoise</color><year>1973</year></automobile><automobile><person_id>4234725d-b9f8-4e09-88a0-cf7314506b82</person_id><license_plate>OHQ-8249</license_plate><vin>2FD7E1U4717HXTLNE</vin><color>DarkBlue</color><year>1973</year></automobile><automobile><person_id>4234725d-b9f8-4e09-88a0-cf7314506b82</person_id><license_plate>ZFQ X51</license_plate><vin>5HJM8YS2893M0AAPT</vin><color>MediumPurple</color><year>2020</year></automobile><automobile><person_id>4234725d-b9f8-4e09-88a0-cf7314506b82</person_id><license_plate>JSW-7783</license_plate><vin>08SFX70J2X5853453</vin><color>DarkGoldenRod</color><year>1988</year></automobile><automobile><person_id>a5f5c568-6bd3-4568-ab51-382f43f08c2f</person_id><license_plate>64ZM2</license_plate><vin>7JKPSCJYXBLTRYWMS</vin><color>IndianRed</color><year>2020</year></automobile><automobile><person_id>a5f5c568-6bd3-4568-ab51-382f43f08c2f</person_id><license_plate>918-JEFZ</license_plate><vin>SNWWXSYY2UT2J2ZE5</vin><color>PapayaWhip</color><year>2006</year></automobile><automobile><person_id>ffad507d-09d3-415e-9dc4-d72a23747d1d</person_id><license_plate>EDP-3915</license_plate><vin>YT2MYP683J8VXFN4A</vin><color>Tan</color><year>1996</year></automobile><automobile><person_id>ffad507d-09d3-415e-9dc4-d72a23747d1d</person_id><license_plate>196T8</license_plate><vin>SB883NHV8S4XXBW0R</vin><color>WhiteSmoke</color><year>2007</year></automobile><automobile><person_id>7d49e4ab-db7b-4702-aa17-8229a0f6b9b9</person_id><license_plate>133 IVM</license_plate><vin>HFRGTJ8P96TR5EAVK</vin><color>DarkOrchid</color><year>1971</year></automobile></automobiles>