"id"|"first_name"|"last_name"|"sex"|"address"|"phone_number"|"profession"|"company"|"date_of_birth"
"5f1b333e-2f45-441a-9541-f8a23c97c1ec"|"Williams"|"Miller"|"F"|"53 Haney Prairie Suite 518"|"001-576-930-9468x41322"|"Phytotherapist"|"Smith PLC"|"2018-12-26"
"1e2c0dda-8df4-4797-aaba-fd6b23af1566"|"Stuart"|"Mitchell"|"M"|"46 Jordan Vista Apt. 756"|"+1-834-472-4031x51820"|"Risk analyst"|"Morris-Guzman"|"1935-09-02"
"8fb17b3e-8910-44da-9ac0-b5ed95dc16e9"|"Chad"|"Gonzales"|"M"|"104 Andrew Street Apt. 107"|"(502)726-5392"|"Teaching laboratory technician"|"Cruz-Wilson"|"1929-03-15"
"7d01ef10-6213-4535-84b8-77b22f6a0683"|"Kevin"|"Perez"|"M"|"195 Monica Burgs Suite 695"|"(697)424-7015x565"|"Police Officer"|"TTPD"|"1953-12-01"
"7eed732b-03fe-40c5-baff-91cb0cb44c11"|"Sandra"|"Perez"|"F"|"339 Tyler Knoll Apt. 752"|"317.868.1059"|"Conference centre manager"|"Zavala-Holland"|"2023-10-28"
"71430be0-b6e3-4f3e-b87f-a0a41044dfa2"|"Teresa"|"Burke"|"F"|"421 Nelson Estate"|"+1-597-777-5185x36418"|"Teacher, primary school"|"Martin, Richardson and Fitzpatrick"|"1958-10-23"
"c19787d4-0e9f-4053-96f7-b71839105537"|"Sandra"|"Buchanan"|"F"|"215 Davis Landing"|"8258532050"|"Scientist, clinical (histocompatibility and immunogenetics)"|"Welch-Huang"|"1925-09-12"
"6b3399d8-fcdc-49ff-a382-3b8b53699e65"|"David"|"Hernandez"|"M"|"307 Jackson Harbors Suite 257"|"929.929.7311x899"|"Database administrator"|"Anderson LLC"|"2007-11-23"
"8b54d173-dae0-49ad-bc86-7ef01c51ba17"|"Brandon"|"Cochran"|"M"|"314 Matthew Valleys Suite 832"|"589-657-4102"|"Academic librarian"|"Scott LLC"|"2004-05-29"
"c5fada1f-acb0-4f3d-bf45-a0aefa39233f"|"Washington"|"Vargas"|"F"|"181 Brian Course"|"340-233-1168x1430"|"Scientist, physiological"|"Thomas PLC"|"1987-11-16"
"786a2240-6395-44af-9ea0-f3d1173816a0"|"Joseph"|"Hall"|"M"|"769 Jennifer Track"|"679.534.5177x22737"|"Actor"|"Hall, Klein and Grant"|"1929-08-11"
"ddd16a54-2882-4aa6-aab8-39ab9c005d9e"|"Joshua"|"Mills"|"M"|"740 Morales Gardens Suite 197"|"+1-533-904-7423x274"|"Paramedic"|"Dickerson and Sons"|"1912-04-09"
"a6fe273b-bf69-484b-b710-d3f85fbb36eb"|"Timothy"|"Garcia"|"M"|"129 Gray Walks Apt. 075"|"949.628.2924x65513"|"Industrial buyer"|"Case-Martinez"|"1955-05-22"
"7045d33d-caad-436a-a198-d984dff11ff2"|"Darrell"|"Simon"|"M"|"289 John Fall Apt. 476"|"+1-787-509-9013x510"|"General practice doctor"|"Townsend-Armstrong"|"1919-08-01"
"450ec30c-fe1b-4697-be93-c4f96b5a12b4"|"Katie"|"Drake"|"F"|"312 Julia Station"|"647-876-8880x112"|"Geologist, engineering"|"Sutton-Anderson"|"1924-06-07"
"c1cfad3f-5926-4d4f-94bb-fd05afcfe726"|"Tamara"|"Marquez"|"F"|"281 Martinez Grove Apt. 125"|"212-539-0828x9802"|"Gaffer"|"Clements-Lee"|"1941-11-01"
"6d778fbd-1792-488e-ab5b-fc1e146226b4"|"Charles"|"Gray"|"M"|"607 Simpson Mill Apt. 030"|"355-480-7225x311"|"Librarian, academic"|"Ruiz, Horn and Gonzalez"|"1941-05-05"
"a07615b7-2a79-42bf-bb6e-c68ebb25e913"|"Steve"|"Long"|"M"|"152 Alexandra Bridge Suite 474"|"(329)806-1880x7022"|"Marine scientist"|"Smith Ltd"|"1924-08-19"
"57b355b9-808f-47b2-9a97-69f58349c9ca"|"Molly"|"Daniels"|"F"|"694 Simpson Mill Apt. 030"|"226-819-9492x11089"|"Engineer, civil (contracting)"|"Washington-Jackson"|"2000-05-10"
"37ca1a9b-d832-4f3e-9e04-088f4d28122e"|"Elizabeth"|"Jackson"|"F"|"913 Amber Wells"|"753-824-5261x8641"|"Engineer, maintenance"|"Wood-Green"|"1930-02-08"
"6f230d4b-0991-4d5b-bdeb-3c50b0e983b5"|"Lisa"|"Bond"|"F"|"601 Shelton Run"|"764-812-9353"|"Company secretary"|"Norman-Brown"|"1938-03-10"
"83a44822-fb47-4f11-97f1-881420728efd"|"Richard"|"Cunningham"|"M"|"39 Randall Burg"|"001-648-851-8079x36402"|"International aid/development worker"|"Hunt, Rodriguez and Williams"|"1949-03-25"
"29b8fb4b-acc7-491e-8fcf-7a8ffe8aa2be"|"Elizabeth"|"Zimmerman"|"F"|"172 Brian Course"|"+1-328-936-2818x798"|"Solicitor, Scotland"|"Adams Group"|"1915-05-22"
"f9629b0d-9807-4b56-8ec4-4193c59e89a9"|"Teresa"|"Nichols"|"F"|"677 Brown Canyon Apt. 503"|"001-426-784-8687x26877"|"Learning mentor"|"Bennett Ltd"|"1932-10-09"
"5005d819-4174-4c68-b501-e819677c5c8d"|"Elizabeth"|"Zhang"|"F"|"973 Barry Shoal Suite 612"|"(739)967-7441x7420"|"Orthoptist"|"Miller Group"|"1958-05-02"
"693c30c8-6bef-4c27-bfbf-0331ed1bf174"|"Tyler"|"Gomez"|"M"|"755 Hart Estates Suite 718"|"001-795-668-1834"|"Copy"|"Thomas, Huber and Chavez"|"1997-12-10"
"9ae7f715-941b-44f4-ae3f-7aa788ac504c"|"John"|"Welch"|"M"|"607 Thomas Wall Suite 035"|"313-624-0062"|"Teacher, primary school"|"Pierce, Martinez and Michael"|"1919-11-11"
"4d2c2fbb-7c2f-4f46-a4f4-75c91a367fa9"|"Alicia"|"Harding"|"F"|"466 Jackson Harbors Suite 257"|"(871)257-4500"|"Exhibitions officer, museum/gallery"|"Young-Wilkinson"|"1957-04-17"
"dad777b2-d296-4e1d-95d1-085aa19e063e"|"Joel"|"Ruiz"|"M"|"139 Marquez Lane"|"628.862.1323x177"|"Clinical embryologist"|"Nunez PLC"|"1977-09-30"
"6f1cbe33-d016-44d4-be1e-5c976b826b45"|"Daisy"|"Riddle"|"F"|"152 Lee Burgs"|"(848)227-5865"|"Designer, jewellery"|"David-Brown"|"1986-04-01"
"dc432173-689a-4494-baf2-2c429367da76"|"Paul"|"Young"|"M"|"586 Padilla Estate Suite 556"|"001-671-337-0193x320"|"Retail banker"|"Bell, Costa and Bennett"|"2008-01-26"
"6282e68f-3eb5-4419-89cd-b5b8b29fbf53"|"Ann"|"Morris"|"F"|"290 Christopher Ways"|"7292172675"|"Cytogeneticist"|"Pratt and Sons"|"1929-07-12"
"768aa798-5dce-489c-88ac-1acf5fd073f6"|"Austin"|"Craig"|"M"|"915 Jeffery Isle"|"243.809.2241x424"|"Occupational therapist"|"Mcclure and Sons"|"2008-07-20"
"4d0133ec-8f25-4a69-934d-210ce18403bb"|"Andrea"|"Christian"|"F"|"132 Alexis Freeway Apt. 358"|"454-341-7760x0028"|"Acupuncturist"|"Campbell Group"|"1943-05-15"
"2b4059a8-ae99-42df-a9c3-dc6c8bb760e6"|"Matthew"|"Barnett"|"M"|"309 Hood Loop Apt. 276"|"798-683-5917x568"|"Electronics engineer"|"Sutton Inc"|"1981-11-04"
"7511c806-c986-4af4-9d51-52c6403efacd"|"Julia"|"Harding"|"F"|"996 Wilson Locks Apt. 694"|"900.738.3413x51492"|"Trading standards officer"|"Jones Group"|"1922-05-07"
"00f3a702-3478-45ec-b506-0bea336897b3"|"Brian"|"Barnett"|"M"|"687 Pham Ports"|"563.390.1597"|"Education officer, environmental"|"Gallagher, Hayes and Armstrong"|"1971-10-05"
"e77d6831-dc13-4985-bba6-e6ced4c60334"|"Teresa"|"Robbins"|"F"|"88 Moore Crossroad Apt. 549"|"574.992.8506x582"|"Passenger transport manager"|"Mckenzie, Poole and Ryan"|"1971-05-14"
"bee46038-a7a2-4575-affe-a1f6a63598aa"|"Rebecca"|"Wallace"|"F"|"330 Barry Shoal Suite 612"|"692-592-8240"|"Designer, exhibition/display"|"Harper PLC"|"1973-02-24"
"d695444f-7b02-4154-bb24-432bb3ebafb7"|"Dorothy"|"Jackson"|"F"|"289 Tyler Knoll Apt. 752"|"(922)692-4453"|"Financial risk analyst"|"Estes Ltd"|"1980-11-02"
"96d5dbdb-d239-4f16-a5e8-fcaeeac5436d"|"Scott"|"Hernandez"|"M"|"473 Thomas Wall Suite 035"|"001-339-456-5429"|"Cartographer"|"Alexander Ltd"|"1935-12-10"
"02cf7c33-518d-4d69-841b-7cc4d405854f"|"Wendy"|"Smith"|"F"|"838 Danielle Estates"|"001-284-611-6585x6398"|"Dancer"|"Patrick Inc"|"1916-12-16"
"b66d007d-b890-4010-909d-27e3eda0f9cb"|"Michael"|"Weaver"|"M"|"120 Colleen Mount"|"918.373.9566x260"|"Systems analyst"|"Duke-Anderson"|"1988-08-12"
"c7a5334a-7792-4106-98f0-17c8edc2fd53"|"Kenneth"|"Davis"|"M"|"617 Hart Estates Suite 718"|"475-452-2372x0404"|"Scientist, water quality"|"Cooper, Acosta and Gonzalez"|"1962-07-28"
"0d13c1bc-30e1-49a1-84ee-022a62175c2d"|"Douglas"|"Hooper"|"M"|"651 Garcia Road Suite 143"|"(723)994-6845"|"Operational investment banker"|"Brown LLC"|"1963-10-08"
"5426f39d-14e1-4081-90cb-3fa689412e0d"|"James"|"Long"|"M"|"27 Davenport Fords"|"(625)683-8765x9885"|"Trade mark attorney"|"Harrison, Moore and Taylor"|"1980-06-09"
"9b9b02b0-3de8-4cd5-b25c-a3c6350f1278"|"Brian"|"Barnett"|"M"|"218 Robin Junctions Apt. 618"|"001-707-511-5082"|"Corporate investment banker"|"Cook-Finley"|"1924-12-15"
"6610fbf6-3470-4e83-8909-49eec1d78ccf"|"Samantha"|"Gillespie"|"F"|"300 Stacey Via Suite 001"|"323.948.7595x834"|"Theme park manager"|"Stokes Ltd"|"2000-11-25"
"e6586db4-d54c-4859-a6ee-69d8daa9e802"|"Brad"|"Allen"|"M"|"95 Shelton Run"|"4016967217"|"Politician's assistant"|"Garcia LLC"|"1937-06-06"
"90ed38ef-133e-4f4a-baf4-0c6b422ba8e8"|"Rachel"|"Mckee"|"F"|"161 Newton Wall"|"(862)584-5278"|"Immigration officer"|"Austin Group"|"1995-01-23"
"aa4fa9f5-d605-4e86-b5e1-170f35b393bf"|"Elizabeth"|"Dean"|"F"|"808 Garcia Road Suite 143"|"498.266.4629x341"|"Customer service manager"|"Burgess Inc"|"1981-08-26"
"c9cc8722-4109-46cc-b2af-42ac36ef6dfc"|"Sarah"|"Terry"|"F"|"810 Smith Ranch Suite 211"|"+1-218-598-3949x089"|"Chief Marketing Officer"|"Barnes, Davis and Randall"|"1983-11-13"
"7eb2ed88-7601-4ead-bb3a-1b3118690a1c"|"Micheal"|"Ray"|"M"|"226 Collins Skyway"|"+1-804-706-2943"|"Community development worker"|"Hoffman, Lynch and Schneider"|"1925-01-16"
"cc44ecba-a76e-414e-8a48-a5d4a3d09af6"|"Caitlin"|"Allen"|"F"|"153 Garcia Road Suite 143"|"(800)652-5028x0349"|"Accountant, chartered public finance"|"Acosta-Ross"|"2015-12-27"
"fec2c343-0fc8-4b87-b9ce-b4814fa77ddf"|"Ronald"|"Crane"|"M"|"38 Quinn Divide"|"+1-663-789-2862x3197"|"Clinical cytogeneticist"|"Davis, Jenkins and Turner"|"1974-10-22"
"0bfc3cbe-69e9-41b4-bb06-00dcfdecef08"|"Rebecca"|"Gomez"|"F"|"44 Tyler Knoll Apt. 752"|"001-719-835-6923"|"Lobbyist"|"Jones, Moreno and Douglas"|"1919-12-09"
"93c8ee7e-3e16-42ba-8661-06aca06570d8"|"Kenneth"|"Wallace"|"M"|"534 Haney Prairie Suite 518"|"001-597-600-2310x457"|"Psychologist, occupational"|"Collins, Patterson and Williams"|"1937-04-17"
"7367cd96-5d7a-4aca-915b-f0858296f55b"|"Rachel"|"Conway"|"F"|"556 Randolph Way Suite 427"|"+1-852-453-8837x0711"|"Editorial assistant"|"Hanson, Smith and Smith"|"1920-01-25"
"c23b28c7-7a87-47bb-86dd-4095d0951c24"|"Tyler"|"Green"|"M"|"804 Heather Garden Suite 383"|"(624)528-4809x998"|"Physiological scientist"|"Mckay, Davidson and Stevenson"|"2008-01-06"
"11b2b3b5-27b0-49aa-96e9-55a68c483d86"|"Bobby"|"Fox"|"M"|"84 Aimee Circles"|"(860)480-2459x001"|"Restaurant manager, fast food"|"Mullen, Parker and Patterson"|"2022-10-27"
"58daf282-51db-4bf3-b3e0-27832410af8d"|"Denise"|"Daniels"|"F"|"253 Douglas Springs"|"225.822.1996x3711"|"Engineer, site"|"Huerta LLC"|"1972-08-02"
"7299dea1-7e8c-48d4-bde2-cb8f77f26926"|"Amanda"|"Gallagher"|"F"|"330 Yvette Loop"|"(778)278-8968"|"Geologist, wellsite"|"Grimes-Estrada"|"1926-07-27"
"ce9d79ae-fe9d-41e6-8feb-377fd0b10e89"|"Todd"|"Flynn"|"M"|"586 Simpson Mill Apt. 030"|"368.341.2425x74879"|"Chief Financial Officer"|"Hayden-Bradford"|"1942-11-24"
"0bddc1f2-2481-4d23-a493-8b747704c175"|"Angie"|"Gonzales"|"F"|"756 Moore Crossroad Apt. 549"|"001-882-800-4670x36384"|"Human resources officer"|"Mills LLC"|"1929-09-17"
"6725dde1-6a8a-4f29-92a7-6238e3a0744d"|"Kelly"|"Hale"|"F"|"914 Oneal Underpass"|"717.828.5403"|"Animal nutritionist"|"Sanchez Group"|"2010-04-06"
"65cc5164-715a-442c-83a9-bf6ae5c38918"|"Linda"|"Willis"|"F"|"902 Jones Courts Apt. 083"|"(790)904-1186x3953"|"Glass blower/designer"|"Patterson LLC"|"2001-05-03"
"8e217fb9-72c6-4201-87b8-2f1c23df563d"|"Justin"|"Fernandez"|"M"|"702 Wyatt Pike Suite 863"|"380-696-9085"|"Engineer, manufacturing systems"|"Rivera-Elliott"|"1967-02-18"
"96cd2e00-62ed-410b-ba16-45968f10d23f"|"William"|"Morgan"|"M"|"171 Dakota Extensions"|"(990)545-1378"|"Air broker"|"Flowers-York"|"1991-11-08"
"879f5acf-90ea-4856-992d-b4e1f7ebe219"|"John"|"Buchanan"|"M"|"686 Jordan Vista Apt. 756"|"(635)440-0856x68837"|"Holiday representative"|"Delgado and Sons"|"1978-04-13"
"34833b7a-79c3-4d91-9416-19f8f6969397"|"Clark"|"Foster"|"M"|"783 Dakota Extensions"|"527.630.0495"|"Doctor, hospital"|"Munoz-Love"|"1923-12-17"
"a4418def-fa53-484a-847f-d4ef4c2d09e8"|"Christopher"|"Lopez"|"M"|"512 Tyler Knoll Apt. 752"|"575.248.8134x0492"|"Warden/ranger"|"Prince, Serrano and Hernandez"|"1991-08-22"
"ec8591b9-dfd0-4af3-b714-944b07dddd94"|"Timothy"|"Orozco"|"M"|"823 Randall Burg"|"433-535-2078x177"|"Clinical biochemist"|"Juarez, Fuentes and Jackson"|"2020-07-12"
"ee9d0aed-858e-46f5-9085-c25181bb2998"|"Kathy"|"Haas"|"F"|"315 Amber Wells"|"3928545684"|"Mudlogger"|"Carr, Wood and Marsh"|"1965-08-13"
"fe898aa5-6acf-45d1-9f4f-ef940defbb40"|"Troy"|"Sparks"|"M"|"802 Jackson Harbors Suite 257"|"+1-422-485-7424x2253"|"Event organiser"|"Vega, Bowman and Jefferson"|"1933-10-06"
"1e1d3910-7b09-4291-a3a5-26b75e63dc68"|"Karen"|"Smith"|"F"|"179 Thornton Land Suite 697"|"647-695-7342x94413"|"Conference centre manager"|"Martin-Shaffer"|"1993-05-18"
"a2029421-3760-49b0-87bb-2b428647f1f2"|"Michele"|"Rice"|"F"|"451 King Land"|"829-256-8223x730"|"Housing manager/officer"|"Torres, Hammond and Russell"|"1913-08-06"
"2bab7af1-4b38-469c-81ac-60cfce3b0a97"|"Marissa"|"Sparks"|"F"|"566 Smith Ranch Suite 211"|"(297)479-3717"|"Firefighter"|"Acosta, Baker and Hooper"|"1936-03-13"
"5921f804-1bd1-4b38-82b2-1ca5ecc30245"|"Brent"|"Herrera"|"M"|"427 Jeffrey Run"|"390-756-8647x4091"|"Surveyor, commercial/residential"|"Carter, Ramos and Mcdonald"|"1936-11-15"
"c11914a9-9654-42e8-a16f-d4f652b9173f"|"Casey"|"Hanson"|"F"|"46 Hart Estates Suite 718"|"001-876-332-2637"|"Risk manager"|"Cole, Hicks and Winters"|"2013-04-16"
"f5d0828e-406f-44e6-9b0b-dc66f6cd43fd"|"Shaun"|"Harper"|"M"|"927 Johnson Lake"|"229.637.3913x63103"|"Hydrographic surveyor"|"Ware, Price and Peters"|"1998-03-26"
"93bd4361-748b-498a-ae57-411d5ce9c5d5"|"Crystal"|"Smith"|"F"|"115 Wilson Locks Apt. 694"|"001-264-219-9342x724"|"Systems analyst"|"Escobar-Cunningham"|"1976-02-27"
"e0782186-73a9-4c28-8bb7-c08f21956855"|"Hannah"|"Moore"|"F"|"221 Jonathan Place"|"+1-392-561-4266"|"Hospital pharmacist"|"Mccoy-Johnson"|"1938-02-15"
"7163378d-9e67-46f9-b252-30b9b5c23e67"|"Debbie"|"Hall"|"F"|"5 Patricia Row"|"391-583-7731"|"Animal nutritionist"|"Kennedy-Sullivan"|"1981-04-07"
"41e5a239-e95a-4a5e-8837-b6cc8e91ee7c"|"Lynn"|"Smith"|"F"|"318 Colleen Mount"|"+1-946-898-3150x6403"|"Medical laboratory scientific officer"|"Case, Clark and Gonzalez"|"1951-09-20"
"542baf50-6ef9-4f51-860d-3f07a827ea8d"|"Ryan"|"Stewart"|"M"|"307 Monica Burgs Suite 695"|"7649472825"|"Operational researcher"|"Monroe LLC"|"1960-05-09"
"44b73cd0-abe1-459b-9a43-6c62baa3483e"|"Karla"|"Lee"|"F"|"254 Anderson Parkways"|"847-685-6686"|"Editor, magazine features"|"Mitchell, Shaffer and Owens"|"1948-06-03"
"4c8060d5-1f43-4651-9321-714b711abd16"|"Matthew"|"Foster"|"M"|"862 Amanda Curve"|"422.386.9146"|"Passenger transport manager"|"Stokes-Montgomery"|"2011-09-03"
"fef58660-da4f-4c00-9b51-534f67037686"|"Lori"|"Barnett"|"F"|"289 Catherine Lock"|"(276)973-2374"|"Radiographer, therapeutic"|"Lee, Porter and Gibson"|"2019-10-22"
"4cfe3f02-825b-4e8d-a778-1d9a89a74064"|"Daniel"|"Lynch"|"M"|"877 Jessica Mountains Suite 248"|"+1-929-628-3909x99766"|"Building services engineer"|"Liu, Bush and Willis"|"1956-04-14"
"9f09d206-8a50-44b6-87b7-271f189c2c81"|"Amanda"|"Allen"|"F"|"974 Cooley Dam Apt. 601"|"(764)501-1309"|"Paediatric nurse"|"Cervantes Inc"|"1992-11-13"
"08ebcce4-5534-484d-aec3-8c262fd4f85b"|"Emily"|"Willis"|"F"|"354 Arnold Cliffs"|"+1-952-858-0312x993"|"IT technical support officer"|"Miller, Bernard and Roberts"|"2004-07-02"
"820f0c46-b56c-4fc6-9ccd-de68cd77bfbb"|"Jeremy"|"Espinoza"|"M"|"863 Christopher Tunnel"|"4338986134"|"Surveyor, building control"|"Hunter, Whitehead and Wilson"|"1970-07-21"
"423a7bdc-35af-4be2-b2df-f2ba9329e93d"|"Victoria"|"Nguyen"|"F"|"12 Smith Avenue Apt. 759"|"309.970.9308x122"|"Psychotherapist, dance movement"|"Richard-Smith"|"1939-05-11"
"92ab7967-40f6-4390-8b54-c27acfc9eff7"|"Darrell"|"Garrison"|"M"|"188 Johnson Plains Suite 376"|"5629904362"|"Industrial buyer"|"Wall, Martin and Fisher"|"1929-06-11"
"b0cf74f6-9ae1-455e-a5e6-6d517ae24393"|"Curtis"|"Baker"|"M"|"150 Vincent Mountain Apt. 316"|"853.743.0068"|"Further education lecturer"|"Torres-Garcia"|"1929-03-29"
"fef431f5-55da-4f4f-a006-98181902abcc"|"Chad"|"Romero"|"M"|"297 Pham Ports"|"361-689-1581"|"Architectural technologist"|"Johnson, Wise and Johnson"|"2013-07-31"
"1c3810d3-2a32-436a-842c-50cfb74adec3"|"Karen"|"Rivera"|"F"|"929 Porter Overpass"|"768-508-7737x6403"|"Company secretary"|"Merritt Group"|"1928-01-03"
"e7242535-3b89-453a-bbeb-ec2475257740"|"Elizabeth"|"Watkins"|"F"|"488 Jeffery Spur Suite 411"|"543.759.0330x613"|"Computer games developer"|"Wiggins-Marquez"|"2006-01-13"
"50dc5e94-7ea4-4af5-b906-8c16b333ccb4"|"Jodi"|"Fisher"|"F"|"54 Wilson Locks Apt. 694"|"(571)572-5765x1278"|"Private music teacher"|"Wall, Silva and Walker"|"1992-04-03"
"22401c57-57f5-4e58-b937-55b5e8fae286"|"Billy"|"Bailey"|"M"|"5 Welch Walk"|"627.573.4836x28012"|"Operations geologist"|"Lowery Group"|"2018-07-15"
"fb01f212-8cb0-4f73-89ec-70e7b51cf476"|"Jackie"|"Bryant"|"F"|"969 Jones Courts Apt. 083"|"835.228.0010x5554"|"Learning disability nurse"|"Gonzales Group"|"2003-08-08"
"3b4c1197-a470-4913-a73f-191dc51cdf7b"|"James"|"Howell"|"M"|"393 Jones Courts Apt. 083"|"+1-477-904-4081x79557"|"Scientist, research (life sciences)"|"Grant-Parsons"|"1987-11-05"
"622627f2-d384-4f24-9b66-2e9cde3c058d"|"David"|"Booth"|"M"|"931 Parks Trace Suite 497"|"962.519.7981x1528"|"Pharmacist, hospital"|"West-Thompson"|"1909-04-22"
"25bb624d-5c15-4c1c-9491-67c48f75d63e"|"Lisa"|"Robbins"|"F"|"85 Michael Manor"|"+1-272-395-8628"|"Surveyor, minerals"|"Gomez LLC"|"1923-12-09"
"dc0e085a-aba4-4f86-862d-2578d405b416"|"Monica"|"Robbins"|"F"|"739 Evans Ports Suite 383"|"001-581-769-5456"|"Chartered management accountant"|"Jennings-Hudson"|"1913-03-19"
"59f92044-73bf-4b32-b174-d2aae1ebc10d"|"Claire"|"Blair"|"F"|"187 Montoya Walk Apt. 578"|"205-732-4928"|"Environmental consultant"|"Phillips, Owens and Wilson"|"1954-09-08"
"c43de4c1-5711-43f3-81cf-6725bf9aae01"|"Dalton"|"Fisher"|"M"|"936 Gray Walks Apt. 075"|"920-324-2377"|"Soil scientist"|"Brown, Hall and Roberts"|"2001-03-17"
"445150bf-bb2d-4141-aad4-5a1a2d15511f"|"Lee"|"Young"|"M"|"222 Shepard Bridge"|"+1-603-253-7310x75889"|"Outdoor activities/education manager"|"Lee, Trevino and Henderson"|"1990-07-02"
"9b29fd00-502b-443d-9ba8-b9061913f7d7"|"Mark"|"Craig"|"M"|"576 Kari Alley Suite 131"|"281-451-6871x7727"|"Multimedia programmer"|"Beasley, Nelson and Anderson"|"1923-01-23"
"cdef97cf-4931-48fc-a20e-9f1b31017b72"|"Elizabeth"|"Johnston"|"F"|"422 Jennifer Track"|"729.474.6321x40903"|"Therapist, drama"|"Scott-Stevens"|"1924-06-04"
"a3397aa6-19a8-41db-8ba6-59b6f6e9cb7d"|"John"|"Ruiz"|"M"|"25 Warner Circle"|"730.995.8575"|"Operational investment banker"|"Johnson and Sons"|"1985-08-30"
"e3486d27-fc06-4436-b2e2-224b6bd3ba93"|"Robert"|"Welch"|"M"|"831 Davenport Fords"|"001-343-772-1513x75208"|"Loss adjuster, chartered"|"Moore-Lozano"|"1947-05-01"
"9426a335-2c8f-4f2e-bf7e-521c6730537a"|"Christopher"|"Herrera"|"M"|"326 Martin Field"|"+1-223-662-7438"|"Health visitor"|"Morgan-Ryan"|"1911-03-31"
"5688fad8-56bd-4658-8979-8e3097a0c6c5"|"Margaret"|"Moore"|"F"|"98 Weeks Meadow Suite 683"|"468.763.8100x230"|"Veterinary surgeon"|"Lee-Williams"|"1985-05-09"
"132816c7-461a-4b6b-9ece-3de3e6fcf9a1"|"Cindy"|"Ray"|"F"|"50 Amanda Curve"|"001-416-632-1328x97928"|"Engineer, maintenance"|"Schwartz, Garcia and Garcia"|"1958-04-22"
"bd07e4be-e541-416a-be26-a2dbc741fe4e"|"Guy"|"Lynn"|"M"|"386 Porter Overpass"|"429.938.2128x98787"|"Trade union research officer"|"Hoffman LLC"|"1970-03-25"
"2b7fc913-b832-4bbe-856a-bc00a2a06c9a"|"Jessica"|"Smith"|"F"|"7 Christopher Ways"|"(470)777-8701x652"|"Systems developer"|"Watson, Russell and Miller"|"1968-09-28"
"49881918-6c4f-449d-b89a-772458306dc9"|"Aaron"|"Zhang"|"M"|"776 Pham Ports"|"659.904.9265x87927"|"Administrator, Civil Service"|"Ayers, Brewer and Wright"|"1949-09-02"
"cf91e6ab-bd3f-4d3c-841f-1c48ef4b62b6"|"Jean"|"Roberts"|"F"|"744 Arnold Cliffs"|"(463)423-0341x9229"|"Clinical research associate"|"Leonard LLC"|"2016-01-12"
"6b2d01fd-8826-4ef3-ac34-db4cf0ca1733"|"John"|"Franklin"|"M"|"119 Jonathan Stravenue"|"903-890-3718x24072"|"Professor Emeritus"|"Bradshaw-Smith"|"2008-08-23"
"d86833d6-4073-496c-897e-ec80951394eb"|"Katherine"|"Hernandez"|"F"|"596 Hart Estates Suite 718"|"(398)775-5640"|"Engineer, drilling"|"Price Ltd"|"1967-04-28"
"643dc45c-990b-48c0-960b-6c481c1d4e2c"|"Anthony"|"Hernandez"|"M"|"161 Martin Field"|"201.613.9415x3454"|"Solicitor"|"Martinez, Rodriguez and Nelson"|"1931-08-30"
"827c7e2e-99f6-4095-9ad7-a04afca77886"|"Rebecca"|"Christian"|"F"|"941 Jessica Mountains Suite 248"|"+1-846-857-9687x319"|"Sports coach"|"Green-Lara"|"1910-01-12"
"415d1f87-58e7-463e-9075-231430b9a254"|"Christine"|"Cole"|"F"|"70 Quinn Divide"|"836.645.7185x37935"|"Archaeologist"|"Wang Group"|"1944-10-20"
"0ce9103c-718a-4340-93bf-de1255503c50"|"Eric"|"Hall"|"M"|"531 Danielle Estates"|"001-409-402-3076"|"Musician"|"Orr PLC"|"1917-02-12"
"3ab1fd1c-e894-4200-8019-285f048a8570"|"Joshua"|"Smith"|"M"|"47 Garcia Road Suite 143"|"001-565-662-8175"|"Surveyor, building control"|"Adams-Salinas"|"1979-06-14"
"bf0b68f7-a44e-41c3-a366-9d3200bcb2ea"|"Paige"|"Ryan"|"F"|"928 Jeffery Isle"|"5386547953"|"Research scientist (maths)"|"Watson, Brown and Jones"|"1981-06-27"
"82dea93b-b32c-4d21-b0c6-a56584187561"|"Mary"|"Terry"|"F"|"529 Robinson Highway"|"+1-983-654-1539x14622"|"General practice doctor"|"Arias-Walker"|"1909-06-08"
"e0a1f35f-0929-4358-9e38-ddd0cc1ea38a"|"Tina"|"Ray"|"F"|"767 Anderson Port"|"254.995.7722"|"Television production assistant"|"Simpson, Cunningham and Black"|"1992-09-05"
"82e29d33-a7bc-4549-93b2-95a1dd1e67fe"|"Cheryl"|"Haas"|"F"|"946 Phillip Spring"|"+1-840-439-8378x929"|"Banker"|"Zavala-Villa"|"1916-06-06"
"85b1a3bd-1879-4c7d-8db7-0a05241a549b"|"Curtis"|"Adams"|"M"|"236 Randall Burg"|"(818)534-8628x3547"|"Data scientist"|"Cunningham-Thomas"|"1958-10-03"
"4d13727b-d566-4822-9430-2d44d30d5c10"|"Phillip"|"Hayden"|"M"|"406 Luna Loop"|"+1-789-693-4161x078"|"Administrator"|"Wall-Williams"|"1965-08-07"
"163da8ca-775b-483c-9b94-24e5ace72f09"|"William"|"Williams"|"M"|"860 Johnson Throughway"|"+1-234-536-9663x80094"|"Theatre manager"|"Francis Inc"|"1986-10-18"
"ffe91b4d-7bcf-447d-979b-595876255e64"|"Michelle"|"Young"|"F"|"845 Jeffrey Run"|"212.294.0442x947"|"Commissioning editor"|"Thomas Group"|"2002-12-26"
"24477ff1-fbb6-4293-a6f7-8dff03bea56a"|"Thomas"|"Cervantes"|"M"|"485 Porter Overpass"|"428.497.6669x40255"|"Metallurgist"|"Martinez-Anderson"|"1925-09-18"
"0df94dfe-ac6f-4903-af61-fa10f11eab8c"|"Michelle"|"Mitchell"|"F"|"365 Michael Manor"|"316-867-3941"|"Arts development officer"|"Gentry-Sanders"|"2004-02-22"
"2a6b94ce-1604-49f1-961b-de57fd01d64b"|"Elizabeth"|"Ramirez"|"F"|"670 Julia Station"|"391-364-6456x9834"|"Surveyor, land/geomatics"|"Miller LLC"|"1981-01-12"