<?xml version="1.0" encoding="UTF-8" ?><automobiles><automobile><person_id>c3c04a4e-d411-4475-851c-5cd19011062f</person_id><license_plate>994 FCD</license_plate><vin>914YSBR35SLJ9VWL1</vin><color>LightSeaGreen</color><year>2018</year></automobile><automobile><person_id>c3c04a4e-d411-4475-851c-5cd19011062f</person_id><license_plate>664 3BC</license_plate><vin>BFYHSXNG0KDNCK3SV</vin><color>Wheat</color><year>1976</year></automobile><automobile><person_id>ea7eeb89-0532-44fb-856f-d774d59ec387</person_id><license_plate>4YZ L15</license_plate><vin>CEU3AMPN5PC0KF4W8</vin><color>Snow</color><year>2009</year></automobile><automobile><person_id>15403d17-31f6-47d9-84e4-aa34e5ae5058</person_id><license_plate>3RU 370</license_plate><vin>ZVBX1UGK0KA04KU6V</vin><color>Cornsilk</color><year>1995</year></automobile><automobile><person_id>2e30ae19-b5cc-4dfb-b4ca-6aff6725dfba</person_id><license_plate>Q93 9PM</license_plate><vin>WJ8NPWGF7YUCXD4S6</vin><color>Sienna</color><year>1976</year></automobile><automobile><person_id>389fdbec-427d-41f0-aaba-523f2a38c379</person_id><license_plate>784 UTP</license_plate><vin>W108H3NT448Y3CD1Y</vin><color>Teal</color><year>2004</year></automobile><automobile><person_id>389fdbec-427d-41f0-aaba-523f2a38c379</person_id><license_plate>VXV2330</license_plate><vin>Y9RV0WEX87NS7JCED</vin><color>Cornsilk</color><year>2015</year></automobile><automobile><person_id>389fdbec-427d-41f0-aaba-523f2a38c379</person_id><license_plate>D01 7AR</license_plate><vin>ULHRYW4D2BB73RSBH</vin><color>Tan</color><year>1991</year></automobile><automobile><person_id>319dc8b6-f71b-4beb-8195-3435eb10b078</person_id><license_plate>693 OBK</license_plate><vin>WZC8WYL89EU90JDNG</vin><color>Azure</color><year>2015</year></automobile><automobile><person_id>319dc8b6-f71b-4beb-8195-3435eb10b078</person_id><license_plate>VMR2640</license_plate><vin>CCU7K1NC7SZUTGW6A</vin><color>Red</color><year>1992</year></automobile><automobile><person_id>319dc8b6-f71b-4beb-8195-3435eb10b078</person_id><license_plate>I 342624</license_plate><vin>BMCL73BS90AH4KV1G</vin><color>GhostWhite</color><year>1998</year></automobile><automobile><person_id>80a6a5ef-95ce-4604-acf8-e6b0296c1257</person_id><license_plate>D60 4MZ</license_plate><vin>KVR38VNJ783HM4ZJP</vin><color>NavajoWhite</color><year>1972</year></automobile><automobile><person_id>80a6a5ef-95ce-4604-acf8-e6b0296c1257</person_id><license_plate>2-4663S</license_plate><vin>1ZMP8VSK1SENFKV7Y</vin><color>Orange</color><year>1981</year></automobile><automobile><person_id>34b7d046-d2eb-4e9f-b157-ac4da95339c5</person_id><license_plate>7FE L17</license_plate><vin>05V5JGJR8NGBXV9SC</vin><color>YellowGreen</color><year>1991</year></automobile><automobile><person_id>32474b70-3d65-445f-94c9-baae89fac34a</person_id><license_plate>621189</license_plate><vin>L7X69Z9F6PC6X5NVC</vin><color>LightBlue</color><year>2000</year></automobile><automobile><person_id>32474b70-3d65-445f-94c9-baae89fac34a</person_id><license_plate>384-DUL</license_plate><vin>RD98PWTM1F75CJU6D</vin><color>SaddleBrown</color><year>1997</year></automobile><automobile><person_id>20eb43ff-4ce2-4f24-8368-02af291a2d43</person_id><license_plate>41HU5</license_plate><vin>N337MWZ03TS1D5AWJ</vin><color>PeachPuff</color><year>2015</year></automobile><automobile><person_id>20eb43ff-4ce2-4f24-8368-02af291a2d43</person_id><license_plate>9V TO483</license_plate><vin>KBVBXNP634MLVSJCS</vin><color>GhostWhite</color><year>2008</year></automobile><automobile><person_id>db188dbb-6f9e-4147-90a4-c811d420b1b4</person_id><license_plate>ULZ-855</license_plate><vin>XKN8MBL95494HGMBW</vin><color>OldLace</color><year>2006</year></automobile><automobile><person_id>3a9c219d-c532-4f22-bfb4-91f5f48df54a</person_id><license_plate>05H P26</license_plate><vin>KXP1GT3F93JKGDUZG</vin><color>SpringGreen</color><year>1986</year></automobile><automobile><person_id>3a9c219d-c532-4f22-bfb4-91f5f48df54a</person_id><license_plate>WTX 759</license_plate><vin>R8TU7TGV1X8L22PGN</vin><color>Red</color><year>2005</year></automobile><automobile><person_id>3a9c219d-c532-4f22-bfb4-91f5f48df54a</person_id><license_plate>76II162</license_plate><vin>C59U5ZZD604KE9R0R</vin><color>Cyan</color><year>2016</year></automobile><automobile><person_id>1cebfd1f-9111-4f13-8e99-c22e6fd12cbd</person_id><license_plate>MJL 509</license_plate><vin>S524EL5U6T8EV4G7B</vin><color>Coral</color><year>2009</year></automobile><automobile><person_id>2ae772ba-6c7a-4e0d-9a6b-769bf93839f2</person_id><license_plate>192-KMR</license_plate><vin>K9T34GJX5U3M20VK5</vin><color>SpringGreen</color><year>2004</year></automobile><automobile><person_id>95eceae0-0919-465c-b6bd-b1154d1c50cc</person_id><license_plate>375-KWR</license_plate><vin>SPAHSGT152SV9FYGT</vin><color>LemonChiffon</color><year>1977</year></automobile><automobile><person_id>1eb2b598-73ed-44ce-8327-f955c4878713</person_id><license_plate>IRK-651</license_plate><vin>LE0X4CB77YZ3WCHAP</vin><color>DarkKhaki</color><year>1972</year></automobile><automobile><person_id>336ee7dd-0913-4d44-9a18-d5b1aed97c95</person_id><license_plate>439443</license_plate><vin>ZZGZNC1G8CBRECXKC</vin><color>SteelBlue</color><year>1991</year></automobile><automobile><person_id>336ee7dd-0913-4d44-9a18-d5b1aed97c95</person_id><license_plate>493-FUP</license_plate><vin>B32578GM1A60XX552</vin><color>MediumSpringGreen</color><year>2009</year></automobile><automobile><person_id>336ee7dd-0913-4d44-9a18-d5b1aed97c95</person_id><license_plate>637 YJZ</license_plate><vin>XJ50DHUW053KV8NGF</vin><color>Gray</color><year>1971</year></automobile><automobile><person_id>06c6f913-95d1-4ef5-97fb-2b6c72f1d830</person_id><license_plate>43N 4220</license_plate><vin>YK63P83H1UV1JLU2S</vin><color>Orange</color><year>1984</year></automobile><automobile><person_id>5bc20393-0d51-4858-a579-7cb363043fbe</person_id><license_plate>44U 8239</license_plate><vin>YBUH6M8Y3REHB8PJM</vin><color>Gold</color><year>1971</year></automobile><automobile><person_id>5bc20393-0d51-4858-a579-7cb363043fbe</person_id><license_plate>LFF 963</license_plate><vin>TZ7HC85N29TWUE07B</vin><color>Snow</color><year>1998</year></automobile><automobile><person_id>d3accbb1-8e73-4c2c-bc31-fbaaf369d13c</person_id><license_plate>VXB 614</license_plate><vin>ZAWXVAHEX8WBFALUW</vin><color>RoyalBlue</color><year>2011</year></automobile><automobile><person_id>730635a3-837e-4112-948e-5e04a83c88c4</person_id><license_plate>HNZ 662</license_plate><vin>ZHX58FMT1MXZZB9FT</vin><color>Bisque</color><year>2023</year></automobile><automobile><person_id>84368aaa-4549-480e-b779-d19772ba5fd7</person_id><license_plate>P 552582</license_plate><vin>ZHKAS18M4CMHHAFD3</vin><color>MediumSlateBlue</color><year>2015</year></automobile><automobile><person_id>84368aaa-4549-480e-b779-d19772ba5fd7</person_id><license_plate>5-14965X</license_plate><vin>K2L37F6F2P4F4C25Z</vin><color>LightBlue</color><year>2002</year></automobile><automobile><person_id>71210ee9-2a0f-455b-9f59-7d7a7a806e95</person_id><license_plate>31CJ298</license_plate><vin>54942S0E7R7N0UR6L</vin><color>Chartreuse</color><year>2011</year></automobile><automobile><person_id>18cae407-537a-448d-acf7-7ad42cd19c87</person_id><license_plate>AW3 O5P</license_plate><vin>860MY9YU0YYV79LZF</vin><color>MediumVioletRed</color><year>1999</year></automobile><automobile><person_id>52659ab7-fe12-497f-aafb-f2f206ec6b46</person_id><license_plate>4849</license_plate><vin>LAV4WB416EGBM9GJ7</vin><color>Plum</color><year>1992</year></automobile><automobile><person_id>c86fd505-ffce-4319-b6e8-ffb3b0e5143a</person_id><license_plate>J37 1MX</license_plate><vin>9C0W9JTG4UUREJGRZ</vin><color>DeepSkyBlue</color><year>2005</year></automobile><automobile><person_id>1cc41a71-4936-46c4-b637-cad77461238a</person_id><license_plate>227C6</license_plate><vin>H8UYZ21N6MDCD1LGL</vin><color>SlateBlue</color><year>2005</year></automobile><automobile><person_id>1cc41a71-4936-46c4-b637-cad77461238a</person_id><license_plate>988 ABO</license_plate><vin>T88PDSXZ9TFHG0Y3F</vin><color>DarkMagenta</color><year>1989</year></automobile><automobile><person_id>1cc41a71-4936-46c4-b637-cad77461238a</person_id><license_plate>LQ9 I9R</license_plate><vin>Y1UBLDTA3GVP6GPX2</vin><color>DarkGoldenRod</color><year>2001</year></automobile><automobile><person_id>426a1890-84e6-4b0a-b8e7-65b93c293106</person_id><license_plate>609-WWX</license_plate><vin>CJ809E5F8JMKNPWT9</vin><color>DarkSlateBlue</color><year>1997</year></automobile><automobile><person_id>426a1890-84e6-4b0a-b8e7-65b93c293106</person_id><license_plate>HTT-0426</license_plate><vin>HFUTDD5NXLD2Z84EM</vin><color>LavenderBlush</color><year>2020</year></automobile><automobile><person_id>afe31bf8-afea-415b-b3f8-87994bf5e04f</person_id><license_plate>46L T70</license_plate><vin>P9850BJGX4XY54FK9</vin><color>LightPink</color><year>2004</year></automobile><automobile><person_id>afe31bf8-afea-415b-b3f8-87994bf5e04f</person_id><license_plate>CAD 537</license_plate><vin>7FK0P4GX87XM7GG1X</vin><color>Teal</color><year>1982</year></automobile><automobile><person_id>92e5968d-5008-4d04-b2b8-eeaf5404feeb</person_id><license_plate>454R</license_plate><vin>35J8EGKS9X2U9AN8X</vin><color>PeachPuff</color><year>1999</year></automobile><automobile><person_id>962fba7a-7474-4964-9be8-e2e358862e0d</person_id><license_plate>225JCL</license_plate><vin>K53N2D8L62XGD4TVB</vin><color>Gray</color><year>1999</year></automobile><automobile><person_id>962fba7a-7474-4964-9be8-e2e358862e0d</person_id><license_plate>2OY 908</license_plate><vin>1J3EKFWS69XC98PEA</vin><color>MediumBlue</color><year>1985</year></automobile><automobile><person_id>a08bdf2b-9a51-41b7-bc4f-c527e91c7ec0</person_id><license_plate>147 GJN</license_plate><vin>4F22PRZ86MK0PGLL7</vin><color>ForestGreen</color><year>1998</year></automobile><automobile><person_id>074f3e59-237e-4f9b-bbc4-392ff7fdb95c</person_id><license_plate>92-V982</license_plate><vin>LETGLPVN7NN2KMDJK</vin><color>RoyalBlue</color><year>1986</year></automobile><automobile><person_id>2ab9f3a3-126d-45fe-85f8-7ba7a9d047ce</person_id><license_plate>037-VUJ</license_plate><vin>LML71ETA602D755HU</vin><color>Purple</color><year>1994</year></automobile><automobile><person_id>0f2540dc-c99e-4c34-84e4-7c975ec973a9</person_id><license_plate>TCX 077</license_plate><vin>T38NG8VS2V4JTZY5K</vin><color>Cyan</color><year>1975</year></automobile><automobile><person_id>0f2540dc-c99e-4c34-84e4-7c975ec973a9</person_id><license_plate>435 TK8</license_plate><vin>15HE7T1697AUATSSF</vin><color>Lavender</color><year>2014</year></automobile><automobile><person_id>2359ab14-a567-46fd-9b52-d1778a6c1cd5</person_id><license_plate>6ZA 412</license_plate><vin>JPLFD8VM6B50UDK7N</vin><color>AntiqueWhite</color><year>1989</year></automobile><automobile><person_id>2359ab14-a567-46fd-9b52-d1778a6c1cd5</person_id><license_plate>KDG 025</license_plate><vin>NBSRKASE4TYD8ND1A</vin><color>Olive</color><year>1981</year></automobile><automobile><person_id>fa014d32-cc68-4084-8891-22cc1e6b39e7</person_id><license_plate>01H 6762</license_plate><vin>MD97WMVM5LYY3TA47</vin><color>DeepPink</color><year>1981</year></automobile><automobile><person_id>fa014d32-cc68-4084-8891-22cc1e6b39e7</person_id><license_plate>CWI-553</license_plate><vin>ENKBYS6C2MBJDBWKN</vin><color>OliveDrab</color><year>1996</year></automobile><automobile><person_id>cccb2f68-d754-42eb-b717-0c9a44ffc65f</person_id><license_plate>61C G79</license_plate><vin>VT8B30LL7KXJYZKA9</vin><color>CornflowerBlue</color><year>2018</year></automobile><automobile><person_id>d1493108-2911-4a65-bda4-c7e339a93b9e</person_id><license_plate>7CQ 013</license_plate><vin>BFTZ4EL7620JNDFDU</vin><color>Turquoise</color><year>2022</year></automobile><automobile><person_id>db4095d6-9ed9-4dc7-9001-ad01a7f7a24d</person_id><license_plate>019-LVA</license_plate><vin>8VYK48JR4WW1RV7LZ</vin><color>DarkOrchid</color><year>1995</year></automobile><automobile><person_id>df6cb458-2e1a-47d3-ae84-012a8dfb54ab</person_id><license_plate>MSQ 436</license_plate><vin>TBFJES4X0G6DMBEY9</vin><color>LightSeaGreen</color><year>1994</year></automobile><automobile><person_id>df6cb458-2e1a-47d3-ae84-012a8dfb54ab</person_id><license_plate>HAK 444</license_plate><vin>VZC8CE2N36G0XJJKW</vin><color>PaleTurquoise</color><year>2000</year></automobile><automobile><person_id>c3327263-697e-4b7c-8666-ab5c444f5e8f</person_id><license_plate>VNO-8898</license_plate><vin>RBDBS0FP5NC1BKRWT</vin><color>MediumAquaMarine</color><year>1974</year></automobile><automobile><person_id>c3327263-697e-4b7c-8666-ab5c444f5e8f</person_id><license_plate>4X653</license_plate><vin>UERRGTJL1LDM5UE8X</vin><color>Peru</color><year>2001</year></automobile><automobile><person_id>c3327263-697e-4b7c-8666-ab5c444f5e8f</person_id><license_plate>655 LIG</license_plate><vin>FS4WL1AH12PAM6YL4</vin><color>SeaShell</color><year>2022</year></automobile><automobile><person_id>d662d440-94f4-4752-9e2d-ae76cff83ce0</person_id><license_plate>9ZWY 91</license_plate><vin>3C8M4L6T8WTN3YKCG</vin><color>LightSteelBlue</color><year>1973</year></automobile><automobile><person_id>d662d440-94f4-4752-9e2d-ae76cff83ce0</person_id><license_plate>327-ZHQH</license_plate><vin>U95B5M2EXB2ZYB46Z</vin><color>SteelBlue</color><year>2000</year></automobile><automobile><person_id>73b8b476-7600-411a-b746-c3dcc850bc4b</person_id><license_plate>5LJ56</license_plate><vin>FEBCWN8Y3MTNBZUMZ</vin><color>LightGreen</color><year>2021</year></automobile><automobile><person_id>73b8b476-7600-411a-b746-c3dcc850bc4b</person_id><license_plate>7-0250C</license_plate><vin>TVX4RDWL9LBF32MKS</vin><color>Black</color><year>1982</year></automobile><automobile><person_id>10c28ac9-40ca-49a2-b7a0-e8000c902387</person_id><license_plate>04N KD3</license_plate><vin>VECYV03T16F9V27WW</vin><color>Moccasin</color><year>1970</year></automobile><automobile><person_id>d70cffe9-1d11-4ba0-b288-818ed4bc5747</person_id><license_plate>65-UP25</license_plate><vin>S1N64WK735AMAMMW6</vin><color>Cornsilk</color><year>1984</year></automobile><automobile><person_id>7ec48700-63a5-434a-87ec-ac35917fbbf8</person_id><license_plate>114TR</license_plate><vin>9KC0HCM19W3EHXS4B</vin><color>Turquoise</color><year>2014</year></automobile><automobile><person_id>7ec48700-63a5-434a-87ec-ac35917fbbf8</person_id><license_plate>ZYQ 343</license_plate><vin>2MLACLV55H6R9058Y</vin><color>DeepSkyBlue</color><year>1993</year></automobile><automobile><person_id>a0fb7f39-c4bf-4f0d-b97d-9f785dfcae02</person_id><license_plate>074LO</license_plate><vin>TEJ6DUH359K28N8GC</vin><color>MediumOrchid</color><year>2009</year></automobile><automobile><person_id>a0fb7f39-c4bf-4f0d-b97d-9f785dfcae02</person_id><license_plate>ABC 332</license_plate><vin>BYZL72UC785D00B1L</vin><color>Cyan</color><year>1987</year></automobile><automobile><person_id>97be2397-816a-4e27-9836-c5aae9ae755c</person_id><license_plate>78GV9</license_plate><vin>MVKRJBGY3S9K3527L</vin><color>PaleGoldenRod</color><year>2005</year></automobile><automobile><person_id>c5274942-46c5-4575-9f5f-2cea17b726ef</person_id><license_plate>ELX K82</license_plate><vin>73305X6J2LKXHACRW</vin><color>DarkTurquoise</color><year>2015</year></automobile><automobile><person_id>c5274942-46c5-4575-9f5f-2cea17b726ef</person_id><license_plate>FMV-1588</license_plate><vin>CBSDE89VXC1P2MVEZ</vin><color>WhiteSmoke</color><year>2003</year></automobile><automobile><person_id>e56c1602-b41f-4eac-8797-b34fdf9640be</person_id><license_plate>578DM</license_plate><vin>P8F6LMRY04KTCD0MC</vin><color>DarkCyan</color><year>2004</year></automobile><automobile><person_id>e56c1602-b41f-4eac-8797-b34fdf9640be</person_id><license_plate>CEC8304</license_plate><vin>XUUHJDCCXGVBB80M7</vin><color>Sienna</color><year>2017</year></automobile><automobile><person_id>e56c1602-b41f-4eac-8797-b34fdf9640be</person_id><license_plate>F26-FWV</license_plate><vin>GAA0T4KR7CWA69P3H</vin><color>LavenderBlush</color><year>1992</year></automobile><automobile><person_id>8dfb4090-12f4-43cf-abde-750e08e28735</person_id><license_plate>546 ONN</license_plate><vin>71386LHU1MLX43S13</vin><color>MediumSeaGreen</color><year>1999</year></automobile><automobile><person_id>8dfb4090-12f4-43cf-abde-750e08e28735</person_id><license_plate>1J 6683D</license_plate><vin>YEC5FJK0XAW2UBPTP</vin><color>DeepPink</color><year>2010</year></automobile><automobile><person_id>1335034f-cce0-49d2-93f5-f9f8b01201c3</person_id><license_plate>065-PYU</license_plate><vin>9Z318PJL8ZVT70LP5</vin><color>DarkSlateGray</color><year>2008</year></automobile><automobile><person_id>a73758ba-6d5b-4a03-b66f-8699d41596b6</person_id><license_plate>23M CS5</license_plate><vin>CFL4T0BU79URS6KL4</vin><color>LightSeaGreen</color><year>1978</year></automobile><automobile><person_id>ad8c555a-8ff5-4561-8461-5aca80c4636f</person_id><license_plate>ZKW-179</license_plate><vin>KEV6KFMC1LJCHG53V</vin><color>GreenYellow</color><year>2020</year></automobile><automobile><person_id>ad8c555a-8ff5-4561-8461-5aca80c4636f</person_id><license_plate>MML 545</license_plate><vin>C8BDSL7D02WB1WJBN</vin><color>PowderBlue</color><year>2003</year></automobile><automobile><person_id>0d886712-63ff-4ac9-9e4d-c1b310e00157</person_id><license_plate>27I U46</license_plate><vin>LBPKS9C25ENAPYJFV</vin><color>RoyalBlue</color><year>2007</year></automobile><automobile><person_id>32503188-30bd-4565-8929-890fc94e1bf4</person_id><license_plate>SRG7926</license_plate><vin>RWP1NLTZ89C29C68P</vin><color>Gainsboro</color><year>1992</year></automobile><automobile><person_id>32503188-30bd-4565-8929-890fc94e1bf4</person_id><license_plate>4DC 645</license_plate><vin>A89AW3HU7SS9FXWTF</vin><color>LavenderBlush</color><year>1976</year></automobile><automobile><person_id>32503188-30bd-4565-8929-890fc94e1bf4</person_id><license_plate>HRA 934</license_plate><vin>141JXLE66PXHE11BC</vin><color>SpringGreen</color><year>2009</year></automobile><automobile><person_id>51e26430-878d-46d1-a9c0-820c57820fc6</person_id><license_plate>293ITD</license_plate><vin>FHB21SWU54UG1WPKB</vin><color>Bisque</color><year>2016</year></automobile><automobile><person_id>b3e93403-8533-4e80-838c-c0209a2b1a70</person_id><license_plate>LUK 520</license_plate><vin>U0W0LRN998YM8VP3F</vin><color>White</color><year>2023</year></automobile><automobile><person_id>fb118991-5fea-4937-bf26-869038691436</person_id><license_plate>308 LDV</license_plate><vin>U8R2L37N39WFL37DL</vin><color>YellowGreen</color><year>1991</year></automobile><automobile><person_id>80af7f98-728b-4dfb-b236-28cbd9a4cda9</person_id><license_plate>PPN-2868</license_plate><vin>ND7RJWGH2CEHM1Y5Y</vin><color>Gray</color><year>1990</year></automobile><automobile><person_id>72186a2f-7416-486f-8c3e-db08c76d4a13</person_id><license_plate>3R 5798N</license_plate><vin>972X5VJ675YXTTXPU</vin><color>White</color><year>2019</year></automobile><automobile><person_id>72186a2f-7416-486f-8c3e-db08c76d4a13</person_id><license_plate>1-71003X</license_plate><vin>07KLVXUZ425M4X1B4</vin><color>PaleGreen</color><year>2001</year></automobile><automobile><person_id>8aaaab36-19b7-458f-bfe1-21e2b226f606</person_id><license_plate>50T•737</license_plate><vin>R3W0K8RR1PZDTVHPF</vin><color>BlanchedAlmond</color><year>1972</year></automobile><automobile><person_id>bfa5546c-132d-4db6-9b0a-908f543acdb6</person_id><license_plate>25-87506</license_plate><vin>5M1NZ690X7WHWU8B9</vin><color>SeaShell</color><year>2002</year></automobile><automobile><person_id>bfa5546c-132d-4db6-9b0a-908f543acdb6</person_id><license_plate>ZGN 372</license_plate><vin>VEETXPDDXXZD3NZ4W</vin><color>Bisque</color><year>2009</year></automobile><automobile><person_id>bfa5546c-132d-4db6-9b0a-908f543acdb6</person_id><license_plate>723 5KK</license_plate><vin>F8PKAJBFXTDRX0AUN</vin><color>Gainsboro</color><year>2020</year></automobile><automobile><person_id>1def859e-423a-44d3-9414-5d66187d413d</person_id><license_plate>363-220</license_plate><vin>PA9C21K46SZTHYL0K</vin><color>GhostWhite</color><year>1980</year></automobile><automobile><person_id>0ff9a4c7-b830-4631-9a73-c700e57c7e22</person_id><license_plate>780-GWC</license_plate><vin>5NGL2UEX0075H6TXL</vin><color>BlanchedAlmond</color><year>1981</year></automobile><automobile><person_id>4421c81c-de38-4fc6-8db5-1274094edd74</person_id><license_plate>GZ 2216</license_plate><vin>G2APYGEU193CB7ZXM</vin><color>DarkTurquoise</color><year>2017</year></automobile><automobile><person_id>4421c81c-de38-4fc6-8db5-1274094edd74</person_id><license_plate>770-TBR</license_plate><vin>3YXNCWYT7U0DPXH7M</vin><color>Peru</color><year>1975</year></automobile><automobile><person_id>a001e071-64fd-411a-a9ab-354a46e39a84</person_id><license_plate>MTP 879</license_plate><vin>PCU6XPBY3NEUMFGFN</vin><color>SkyBlue</color><year>2010</year></automobile><automobile><person_id>f9aa03df-4cd8-4fbe-86b7-5e3e57ab1965</person_id><license_plate>RAD-2633</license_plate><vin>HWPNTZCC0FNCRU81F</vin><color>AntiqueWhite</color><year>1981</year></automobile><automobile><person_id>f9aa03df-4cd8-4fbe-86b7-5e3e57ab1965</person_id><license_plate>883 LZ2</license_plate><vin>RGRV5G8P7PJY9K29B</vin><color>Peru</color><year>1974</year></automobile><automobile><person_id>f9aa03df-4cd8-4fbe-86b7-5e3e57ab1965</person_id><license_plate>AUX-8538</license_plate><vin>KB4CYFP42BET088TE</vin><color>Orchid</color><year>2003</year></automobile><automobile><person_id>75abefa9-0af7-446b-b96e-3cbe2a1bb69f</person_id><license_plate>PTR-3940</license_plate><vin>E4K7MDL31HN7GG3CX</vin><color>MediumBlue</color><year>2010</year></automobile><automobile><person_id>9766af80-9494-4f36-b082-4b8ecb185dea</person_id><license_plate>081 NWN</license_plate><vin>K4LS9GFZ039CVN5CY</vin><color>PaleVioletRed</color><year>2010</year></automobile><automobile><person_id>f90f3eb5-0e91-4331-b6f0-4ca95977222d</person_id><license_plate>F35-00Y</license_plate><vin>1D59341CX4WHRZASF</vin><color>Gainsboro</color><year>2010</year></automobile><automobile><person_id>0ce9197b-0662-4ec9-a45c-ed495151fb8a</person_id><license_plate>ZDH 374</license_plate><vin>ZZV0NXJP0UJAMEN6J</vin><color>SkyBlue</color><year>2013</year></automobile><automobile><person_id>fab8c83b-d10c-49f2-93be-c491cc0c6582</person_id><license_plate>L65 8ZF</license_plate><vin>7XRHWC3MXK7WKGY3W</vin><color>BlueViolet</color><year>1983</year></automobile><automobile><person_id>fab8c83b-d10c-49f2-93be-c491cc0c6582</person_id><license_plate>TNZ 839</license_plate><vin>GW2ZG10Y794DE3CSN</vin><color>LightSlateGray</color><year>2023</year></automobile><automobile><person_id>cc897e3a-5706-40f0-842d-166f03bb0761</person_id><license_plate>70-81448</license_plate><vin>FZRA9T1B7CU55EGVZ</vin><color>SlateBlue</color><year>2001</year></automobile><automobile><person_id>060d04e4-611f-497e-bbab-5237eb32043b</person_id><license_plate>DOA-349</license_plate><vin>YFUY9CSK7MU24X4GD</vin><color>Gainsboro</color><year>2002</year></automobile><automobile><person_id>060d04e4-611f-497e-bbab-5237eb32043b</person_id><license_plate>TWC 8547</license_plate><vin>0DNS9GN932P8RCNTW</vin><color>DarkGray</color><year>2001</year></automobile><automobile><person_id>fa9e0695-8699-4ccf-98b5-87ee8074fc7c</person_id><license_plate>381-JOBN</license_plate><vin>J3LFBLY54AY8VRL7P</vin><color>WhiteSmoke</color><year>1997</year></automobile><automobile><person_id>fa9e0695-8699-4ccf-98b5-87ee8074fc7c</person_id><license_plate>DTG-3776</license_plate><vin>MVK1XRNK6X1U47R5J</vin><color>DarkSlateGray</color><year>1991</year></automobile><automobile><person_id>b1381b5b-1341-4e31-ba62-ac4089d776c9</person_id><license_plate>8938</license_plate><vin>6Y6LHFMM6Z7JK1JAG</vin><color>DarkGreen</color><year>2018</year></automobile><automobile><person_id>56e0b53c-dbf1-4655-9420-04446c728987</person_id><license_plate>38U 021</license_plate><vin>ZDNULR1V17RTSJ6CH</vin><color>Moccasin</color><year>1983</year></automobile><automobile><person_id>b71e93d0-0727-46e7-abba-1ab9b2f09861</person_id><license_plate>ZPH-3671</license_plate><vin>AW8FRBNL9K80T64SE</vin><color>RoyalBlue</color><year>2004</year></automobile></automobiles>