<?xml version="1.0" encoding="UTF-8" ?><automobiles><automobile><person_id>194abdb6-bd3e-4d3a-96e4-9463c789943a</person_id><license_plate>V77 5NM</license_plate><vin>C6Z154Y662UC705X2</vin><color>LightCoral</color><year>1984</year></automobile><automobile><person_id>6901ea9a-7d36-4826-aa78-f6ca20d0592c</person_id><license_plate>SWL-9648</license_plate><vin>7T7JFSAP0DVG8F6ZS</vin><color>Navy</color><year>1990</year></automobile><automobile><person_id>6901ea9a-7d36-4826-aa78-f6ca20d0592c</person_id><license_plate>3P S2847</license_plate><vin>BGUMYN5M7TMESE1VP</vin><color>Green</color><year>2022</year></automobile><automobile><person_id>6901ea9a-7d36-4826-aa78-f6ca20d0592c</person_id><license_plate>LMS 817</license_plate><vin>EW9EHNN04LE4TVK24</vin><color>Yellow</color><year>2007</year></automobile><automobile><person_id>9bd5cb11-3e71-4795-aa45-cf9e6ef787db</person_id><license_plate>908 HHB</license_plate><vin>BSY7JCLE3KECRCYDP</vin><color>LightGoldenRodYellow</color><year>2014</year></automobile><automobile><person_id>9b9d1463-3da2-41ee-981e-2317a45d0608</person_id><license_plate>HJH 588</license_plate><vin>0ZTVE1TE5EE4EUN3A</vin><color>Silver</color><year>1972</year></automobile><automobile><person_id>9b9d1463-3da2-41ee-981e-2317a45d0608</person_id><license_plate>8E157</license_plate><vin>7K1FRD0M4VMYY7U4L</vin><color>BlueViolet</color><year>2017</year></automobile><automobile><person_id>27a5a7be-6ce0-4e5a-b2b5-1cac931cc445</person_id><license_plate>5AY A51</license_plate><vin>NJFMLZT29M1BRBWXK</vin><color>PaleVioletRed</color><year>2018</year></automobile><automobile><person_id>509a0275-6016-40ce-b7b3-9737cfaccc1f</person_id><license_plate>2565</license_plate><vin>0K8JJ21J0FGG73D9K</vin><color>SeaShell</color><year>1972</year></automobile><automobile><person_id>e4815fcd-2da6-4bdb-aacb-a49fc5ccca35</person_id><license_plate>7N 75939</license_plate><vin>ASFWNDJ77EDF8MX5X</vin><color>DodgerBlue</color><year>1979</year></automobile><automobile><person_id>e5a3c4b7-1a2b-4866-97c7-dc786fcc1dd5</person_id><license_plate>CRG 502</license_plate><vin>SRF58R9U01VWVNSVP</vin><color>Orange</color><year>2003</year></automobile><automobile><person_id>e5a3c4b7-1a2b-4866-97c7-dc786fcc1dd5</person_id><license_plate>9-8813Q</license_plate><vin>GWKZZG327GF77780T</vin><color>Indigo</color><year>1978</year></automobile><automobile><person_id>e5a3c4b7-1a2b-4866-97c7-dc786fcc1dd5</person_id><license_plate>MJF 726</license_plate><vin>R328SLSAX33SXRSDG</vin><color>LightSeaGreen</color><year>1992</year></automobile><automobile><person_id>560095cc-2e3d-4f3e-bb90-d8dbece5dc8e</person_id><license_plate>71B H61</license_plate><vin>E5KYSN2871NUKDN91</vin><color>Peru</color><year>1979</year></automobile><automobile><person_id>560095cc-2e3d-4f3e-bb90-d8dbece5dc8e</person_id><license_plate>NU3 T5G</license_plate><vin>A8FXNJD899G674CBE</vin><color>DarkGoldenRod</color><year>2001</year></automobile><automobile><person_id>3a41dd8c-5df4-4ef7-b357-47da68b102f6</person_id><license_plate>0M 52214</license_plate><vin>D61T77AN9JSD8E26J</vin><color>LightSlateGray</color><year>2005</year></automobile><automobile><person_id>44192aeb-ae8c-41bf-8661-49727c1cc766</person_id><license_plate>326 CPB</license_plate><vin>ASPU9YCM8AX7RHNAY</vin><color>RoyalBlue</color><year>1996</year></automobile><automobile><person_id>44192aeb-ae8c-41bf-8661-49727c1cc766</person_id><license_plate>2G 2G1CNP</license_plate><vin>442HD14H6K9W47UXE</vin><color>DarkOrange</color><year>1987</year></automobile><automobile><person_id>44192aeb-ae8c-41bf-8661-49727c1cc766</person_id><license_plate>KPU-4676</license_plate><vin>7RAD84C186LVUUSV4</vin><color>Lavender</color><year>1993</year></automobile><automobile><person_id>bc04750d-fce7-4b6b-beb1-56fcdf4060df</person_id><license_plate>370-NJU</license_plate><vin>ST5GK2U85MCMHL4NB</vin><color>DarkGray</color><year>2002</year></automobile><automobile><person_id>57d85f64-6a1f-4369-ad7b-bd0722d304c4</person_id><license_plate>68J 4245</license_plate><vin>MJCRWWXL3K1GJV2FJ</vin><color>CornflowerBlue</color><year>1990</year></automobile><automobile><person_id>57d85f64-6a1f-4369-ad7b-bd0722d304c4</person_id><license_plate>0NI I40</license_plate><vin>063NT6XC5V3CXHRPJ</vin><color>LightCoral</color><year>2021</year></automobile><automobile><person_id>08f9c729-9fe1-4a9a-b170-1359a2e234ea</person_id><license_plate>8WVB 41</license_plate><vin>J10XGH285U5G88U6F</vin><color>BlanchedAlmond</color><year>1979</year></automobile><automobile><person_id>08f9c729-9fe1-4a9a-b170-1359a2e234ea</person_id><license_plate>0L 3503S</license_plate><vin>1CDCL4XN31TMP6WV8</vin><color>LavenderBlush</color><year>1977</year></automobile><automobile><person_id>249f933f-c53f-4e45-989c-4cbb44bf3a18</person_id><license_plate>5889 LS</license_plate><vin>J3TS0U719YLVF223U</vin><color>DarkGray</color><year>1991</year></automobile><automobile><person_id>6cc159e1-cc4d-40ff-ab81-7aaddcb09db1</person_id><license_plate>937KJQ</license_plate><vin>94PWJBWC2HERA6N9B</vin><color>SeaGreen</color><year>1973</year></automobile><automobile><person_id>6cc159e1-cc4d-40ff-ab81-7aaddcb09db1</person_id><license_plate>315IOP</license_plate><vin>KVKP3PYWX9RMU4UA5</vin><color>OrangeRed</color><year>2003</year></automobile><automobile><person_id>2aedc7c2-ea5a-4b96-8b19-5687cbaff9ba</person_id><license_plate>H 376011</license_plate><vin>8SBLPH99XDW0YN9C8</vin><color>Tomato</color><year>2001</year></automobile><automobile><person_id>29d68f94-8612-409b-86b5-b770cfc32a9f</person_id><license_plate>701TYH</license_plate><vin>W48HKP831FXFCEK70</vin><color>Olive</color><year>1999</year></automobile><automobile><person_id>0178d4b6-525d-4914-819e-b2af15d13dcf</person_id><license_plate>978 MEV</license_plate><vin>XYJTNRV17L1JHKWZM</vin><color>IndianRed</color><year>1996</year></automobile><automobile><person_id>9fe54404-a83d-44ed-ba09-4bcb49dc6e70</person_id><license_plate>5659</license_plate><vin>44SKL7F61YBAPX1FH</vin><color>SeaShell</color><year>2023</year></automobile><automobile><person_id>9fe54404-a83d-44ed-ba09-4bcb49dc6e70</person_id><license_plate>2-81818E</license_plate><vin>4Y4SWLUM7411BRZ8N</vin><color>LightSlateGray</color><year>1990</year></automobile><automobile><person_id>f7495c49-9fa4-4665-a321-1add2801234c</person_id><license_plate>252-LWT</license_plate><vin>SN48CNBU7NHSL6F6K</vin><color>RosyBrown</color><year>1990</year></automobile><automobile><person_id>a34d6560-31f4-4655-88b5-d342466c5170</person_id><license_plate>D37-SGO</license_plate><vin>PGFJK8784H2KMNWNB</vin><color>LightGreen</color><year>2004</year></automobile><automobile><person_id>11cd90ac-b14c-4c01-9450-8e98a8cf95fe</person_id><license_plate>YN 51318</license_plate><vin>CXZRJ2E42BAZE1559</vin><color>Beige</color><year>1971</year></automobile><automobile><person_id>2919eeaa-7650-4547-8306-78e9e8bd8815</person_id><license_plate>0FSI796</license_plate><vin>KK6A3NHZ8UMTFD49F</vin><color>PaleVioletRed</color><year>2009</year></automobile><automobile><person_id>2919eeaa-7650-4547-8306-78e9e8bd8815</person_id><license_plate>8XL C94</license_plate><vin>FDUZD1SC66LJ5M5XC</vin><color>DarkMagenta</color><year>2000</year></automobile><automobile><person_id>202a39a4-b7c1-4435-ac24-199da65725da</person_id><license_plate>IKQ-9307</license_plate><vin>P2BPUFNY9B5Y9A242</vin><color>Red</color><year>1994</year></automobile><automobile><person_id>26a909df-4603-45b6-bd3c-3a86b0d83ff8</person_id><license_plate>2787 FR</license_plate><vin>RW2CWZP70LRG8FLG2</vin><color>Salmon</color><year>1992</year></automobile><automobile><person_id>26a909df-4603-45b6-bd3c-3a86b0d83ff8</person_id><license_plate>C65-63T</license_plate><vin>EV6XJST947KD645XN</vin><color>Azure</color><year>2022</year></automobile><automobile><person_id>bffebab3-5cc8-49f3-ad66-6366b5554252</person_id><license_plate>KXG T29</license_plate><vin>4C0A3S872GU05B06C</vin><color>Red</color><year>2010</year></automobile><automobile><person_id>65aea242-2515-4723-ac1b-67ff78b398b0</person_id><license_plate>G60 7WL</license_plate><vin>WEK4F4K86D0PW4PZS</vin><color>MintCream</color><year>2022</year></automobile><automobile><person_id>bfd4f448-2249-412a-b4bd-39402870c387</person_id><license_plate>6PI 479</license_plate><vin>X5W94BAH9WZZPKFZJ</vin><color>DarkSalmon</color><year>2015</year></automobile><automobile><person_id>bfd4f448-2249-412a-b4bd-39402870c387</person_id><license_plate>EK3 R5A</license_plate><vin>A2PNFGRN63NEBUVJV</vin><color>OrangeRed</color><year>2018</year></automobile><automobile><person_id>ab37b6a1-15e5-480b-87fe-68b0ec7c80c3</person_id><license_plate>VMJ-246</license_plate><vin>D2DJ8UN6XL824YR8E</vin><color>PowderBlue</color><year>1971</year></automobile><automobile><person_id>8df5e46c-5861-47fd-8b57-129ddd4ea3c2</person_id><license_plate>3-26310C</license_plate><vin>YKHTNCUD6974Y85BK</vin><color>Beige</color><year>1974</year></automobile><automobile><person_id>bc543024-1abd-49e0-a510-bd620a0309cf</person_id><license_plate>SJU 0624</license_plate><vin>YMKVSKE6422UV03UH</vin><color>SandyBrown</color><year>2000</year></automobile><automobile><person_id>abc37c9d-58ea-4faf-8847-a9d6d5522e85</person_id><license_plate>KXD 535</license_plate><vin>G9KEB0DY87LSUG1P0</vin><color>Thistle</color><year>2012</year></automobile><automobile><person_id>f2cca6e7-248f-4d51-8325-d29b9bad8af4</person_id><license_plate>HKJ 816</license_plate><vin>CPZ0404V4UW8Y6PBJ</vin><color>Magenta</color><year>2009</year></automobile><automobile><person_id>f2cca6e7-248f-4d51-8325-d29b9bad8af4</person_id><license_plate>411R</license_plate><vin>DPJV912T0L1KWYV45</vin><color>Gray</color><year>2019</year></automobile><automobile><person_id>9d795610-6f61-43f1-8e1e-eb117f221d70</person_id><license_plate>YDN 603</license_plate><vin>7Z25BXTPX92Y699JS</vin><color>DarkBlue</color><year>1999</year></automobile><automobile><person_id>9d795610-6f61-43f1-8e1e-eb117f221d70</person_id><license_plate>085-RQQ</license_plate><vin>JWPVUHRC9NCR598DS</vin><color>Green</color><year>2019</year></automobile><automobile><person_id>9aead71e-8214-4aef-b97c-1d93d3f91588</person_id><license_plate>4T 9D5JHU</license_plate><vin>6Y5K0B7H3SC4DZ5KF</vin><color>SaddleBrown</color><year>1995</year></automobile><automobile><person_id>9aead71e-8214-4aef-b97c-1d93d3f91588</person_id><license_plate>GSK-2458</license_plate><vin>N0MML6496DW7FJSRX</vin><color>LightGray</color><year>1974</year></automobile><automobile><person_id>c9158613-1c3c-43a5-bf21-ca408b9676fa</person_id><license_plate>213 BV8</license_plate><vin>NLE8ZH1V1XB93CG8B</vin><color>LemonChiffon</color><year>2017</year></automobile><automobile><person_id>c9158613-1c3c-43a5-bf21-ca408b9676fa</person_id><license_plate>SCH-9610</license_plate><vin>LXPK7PWL78ASMUT1F</vin><color>White</color><year>2008</year></automobile><automobile><person_id>7ce79109-7e6c-4169-9d75-df58b1139d98</person_id><license_plate>77-6117Z</license_plate><vin>3YYA6EGC4VAJLZS8R</vin><color>Ivory</color><year>2017</year></automobile><automobile><person_id>7ce79109-7e6c-4169-9d75-df58b1139d98</person_id><license_plate>NIK7163</license_plate><vin>DLEHN4WK43V75N85T</vin><color>Tan</color><year>1999</year></automobile><automobile><person_id>f8834059-de3a-4a85-a6d0-c8999b1093a0</person_id><license_plate>VU 86317</license_plate><vin>5FTLFVAAX5F2ADX3B</vin><color>OrangeRed</color><year>2011</year></automobile><automobile><person_id>bc880fd9-0b31-45aa-a42c-942f3f8c76ad</person_id><license_plate>347OHP</license_plate><vin>ST9EPR8E87F8C1P4G</vin><color>Crimson</color><year>2014</year></automobile><automobile><person_id>bc880fd9-0b31-45aa-a42c-942f3f8c76ad</person_id><license_plate>993-DWW</license_plate><vin>K2JRPLN9XVW31D971</vin><color>DarkKhaki</color><year>1970</year></automobile><automobile><person_id>978c46d0-f61c-4f9e-be51-7ad01036f332</person_id><license_plate>YXO-9080</license_plate><vin>KUKX5RF90BD5MR8PK</vin><color>Pink</color><year>1998</year></automobile><automobile><person_id>978c46d0-f61c-4f9e-be51-7ad01036f332</person_id><license_plate>8UZ 152</license_plate><vin>SSK4MVL48CBWMXB3H</vin><color>BurlyWood</color><year>2007</year></automobile><automobile><person_id>a10d18b6-4241-418f-8b76-6b9cb7adb69e</person_id><license_plate>022 TF3</license_plate><vin>VUJ192RP0C4V90EM9</vin><color>PowderBlue</color><year>2020</year></automobile><automobile><person_id>a10d18b6-4241-418f-8b76-6b9cb7adb69e</person_id><license_plate>J27 2PI</license_plate><vin>HP8MERDD3HWGHMYKJ</vin><color>FireBrick</color><year>1992</year></automobile><automobile><person_id>ab40b133-c1c5-4d00-bc52-66bd459692d6</person_id><license_plate>ZPN 436</license_plate><vin>FG29DWN82K2WN0B03</vin><color>BlueViolet</color><year>1996</year></automobile><automobile><person_id>a585d9ab-0fcf-4998-a2aa-67d93ac897e1</person_id><license_plate>0Z 8G9ELC</license_plate><vin>XE6RNFYG2VVKPLWVT</vin><color>DarkSeaGreen</color><year>1998</year></automobile><automobile><person_id>a585d9ab-0fcf-4998-a2aa-67d93ac897e1</person_id><license_plate>159014</license_plate><vin>JTCZBDC97ZKEPLBDU</vin><color>OldLace</color><year>2007</year></automobile><automobile><person_id>add106fd-45e0-4a37-8d30-acd5520bbb1b</person_id><license_plate>KYJ 943</license_plate><vin>X7610VP47S708V892</vin><color>Aquamarine</color><year>1997</year></automobile><automobile><person_id>b1555b7b-c56b-4ecf-955c-e9e88c5ffe89</person_id><license_plate>8QPR 78</license_plate><vin>HKA0P9YP9GN0T6DDF</vin><color>Bisque</color><year>1985</year></automobile><automobile><person_id>16951e7b-cc0c-4ff8-9320-7e033b1e31a2</person_id><license_plate>QVY 152</license_plate><vin>CD84YXSZXV4HH0J1C</vin><color>DarkCyan</color><year>2004</year></automobile><automobile><person_id>1db04e4e-e5f5-4fa6-9e0b-f09e776251b3</person_id><license_plate>524-CYA</license_plate><vin>E7BDFJ9B50177Z2NK</vin><color>Orange</color><year>1986</year></automobile><automobile><person_id>5644d045-0491-497f-a88c-48bce02d66e5</person_id><license_plate>ZVL 808</license_plate><vin>9EHWNU1F48ZDNRGN9</vin><color>LightBlue</color><year>1999</year></automobile><automobile><person_id>cd9dd78b-5eb8-4780-a96f-96868e9d5822</person_id><license_plate>294-HPRY</license_plate><vin>B5M8WV8MXB81WT6WG</vin><color>LawnGreen</color><year>1982</year></automobile><automobile><person_id>cd9dd78b-5eb8-4780-a96f-96868e9d5822</person_id><license_plate>0-83320</license_plate><vin>390CU02W9L73Y61AF</vin><color>RosyBrown</color><year>2006</year></automobile><automobile><person_id>25db1e88-da38-4ec7-ac77-5db60b326d74</person_id><license_plate>557-WRU</license_plate><vin>KFP6M6W97A38M74NA</vin><color>Violet</color><year>2015</year></automobile><automobile><person_id>25db1e88-da38-4ec7-ac77-5db60b326d74</person_id><license_plate>941-LQDB</license_plate><vin>K1S8YPK74TYT9GGB9</vin><color>DarkKhaki</color><year>1988</year></automobile><automobile><person_id>4ad797d6-198f-4e42-94ad-a34aa4f43739</person_id><license_plate>644E</license_plate><vin>2D9EGHE80RXJGTVEH</vin><color>Salmon</color><year>1976</year></automobile><automobile><person_id>4ad797d6-198f-4e42-94ad-a34aa4f43739</person_id><license_plate>30G K88</license_plate><vin>U2XJMSK15EZMLPKXW</vin><color>DarkSlateGray</color><year>2022</year></automobile><automobile><person_id>83b4a79d-0cf0-4510-82ea-dfba5ac2d810</person_id><license_plate>KSW 302</license_plate><vin>YEE5WJ57XDR0EJ8PK</vin><color>PaleGoldenRod</color><year>1977</year></automobile><automobile><person_id>83b4a79d-0cf0-4510-82ea-dfba5ac2d810</person_id><license_plate>H48 8WS</license_plate><vin>V943GYSU0MZCBGD8U</vin><color>LightCyan</color><year>2008</year></automobile><automobile><person_id>757d00fc-ac05-42ae-ac3b-103ad4463314</person_id><license_plate>IP 06092</license_plate><vin>J0S5CNBK1PYX5T8Z5</vin><color>Yellow</color><year>1979</year></automobile><automobile><person_id>163ac690-c6cd-444b-817e-6f3dbbe2f9d3</person_id><license_plate>VXB-2074</license_plate><vin>0ZX97FMM6JGFLRYAM</vin><color>DarkCyan</color><year>2004</year></automobile><automobile><person_id>e2210dc6-3d6d-4189-8b78-a718c3d67717</person_id><license_plate>547 DFN</license_plate><vin>X92MAAWD9CTTWVYTN</vin><color>SaddleBrown</color><year>1977</year></automobile><automobile><person_id>72ce8a06-4102-4a2a-98d1-5a92a750bfa7</person_id><license_plate>T 466196</license_plate><vin>M0C2VX6L5DYYCM9S0</vin><color>DimGray</color><year>2003</year></automobile><automobile><person_id>72ce8a06-4102-4a2a-98d1-5a92a750bfa7</person_id><license_plate>207-YUCS</license_plate><vin>HF3M0DDP1YPW66Z9R</vin><color>DarkTurquoise</color><year>1986</year></automobile><automobile><person_id>66d1aea0-5dd3-4be6-8a14-8bbb444f309e</person_id><license_plate>APH-4634</license_plate><vin>91DLLZ0YX64211BXZ</vin><color>DarkSeaGreen</color><year>1989</year></automobile><automobile><person_id>2b3e1e67-8058-467c-adb7-e57505bb547c</person_id><license_plate>U49 9WM</license_plate><vin>ZTRJJKFM9KN10G86M</vin><color>FloralWhite</color><year>1994</year></automobile><automobile><person_id>3720f19d-fea4-4774-9352-5e4af8193205</person_id><license_plate>QXE 9840</license_plate><vin>MD2STMCM2KNW67CBJ</vin><color>Teal</color><year>1973</year></automobile><automobile><person_id>c5701636-558f-400a-91c5-275b865f79cc</person_id><license_plate>4-85310</license_plate><vin>8UUT87T98ST6TLDLB</vin><color>Thistle</color><year>1985</year></automobile><automobile><person_id>c5701636-558f-400a-91c5-275b865f79cc</person_id><license_plate>175JMN</license_plate><vin>FZJ2M5Z49B0KNE2W5</vin><color>DarkMagenta</color><year>2004</year></automobile><automobile><person_id>bbd6b7b4-2ff5-4335-ae8c-bebec48e377b</person_id><license_plate>WOI-7012</license_plate><vin>JMMNTND60Y1KKVZ1J</vin><color>Orange</color><year>1983</year></automobile><automobile><person_id>bbd6b7b4-2ff5-4335-ae8c-bebec48e377b</person_id><license_plate>54F 2569</license_plate><vin>JFG5GC0P4R6XBPME4</vin><color>SeaGreen</color><year>1988</year></automobile><automobile><person_id>cd7653c7-547a-409e-b7c5-3beb9defdcb8</person_id><license_plate>D76-GYP</license_plate><vin>3J4V5XW71S6B18DLE</vin><color>DarkSlateBlue</color><year>2001</year></automobile><automobile><person_id>68bb4e5e-a810-4436-b00a-ae971ea911fe</person_id><license_plate>YUA-465</license_plate><vin>M7ZPUAPU16NMFJHS4</vin><color>PowderBlue</color><year>1974</year></automobile><automobile><person_id>68bb4e5e-a810-4436-b00a-ae971ea911fe</person_id><license_plate>353-YUMF</license_plate><vin>1KXY6JFF5XF4LTHXL</vin><color>Red</color><year>2015</year></automobile><automobile><person_id>68bb4e5e-a810-4436-b00a-ae971ea911fe</person_id><license_plate>9-0558Q</license_plate><vin>34DU92JF00B5UTCHS</vin><color>Peru</color><year>1990</year></automobile><automobile><person_id>356cebf0-01cc-495d-a800-87ab4dbc5268</person_id><license_plate>132-530</license_plate><vin>65C0XTWP6CWZ064AT</vin><color>Red</color><year>2023</year></automobile><automobile><person_id>356cebf0-01cc-495d-a800-87ab4dbc5268</person_id><license_plate>84U•536</license_plate><vin>EXN95VVR12EW046MM</vin><color>DeepSkyBlue</color><year>1979</year></automobile><automobile><person_id>906fb389-4df7-4016-99ab-2a086ade3a47</person_id><license_plate>ZPP-4592</license_plate><vin>RKCVEBYP5BTHV68GB</vin><color>DarkSlateBlue</color><year>2019</year></automobile><automobile><person_id>76598441-2ed3-4718-b1fe-eb21afb5f243</person_id><license_plate>5P883</license_plate><vin>H3JMZ829064L8Y8DJ</vin><color>Indigo</color><year>2015</year></automobile><automobile><person_id>76598441-2ed3-4718-b1fe-eb21afb5f243</person_id><license_plate>333DTQ</license_plate><vin>GTX13CJ892KT723LL</vin><color>Gray</color><year>2010</year></automobile><automobile><person_id>76598441-2ed3-4718-b1fe-eb21afb5f243</person_id><license_plate>75Y EO2</license_plate><vin>T6WHDYD26XTSE2642</vin><color>DodgerBlue</color><year>1992</year></automobile><automobile><person_id>77edeca8-1899-4c73-af17-5a4245044f13</person_id><license_plate>ADM 073</license_plate><vin>ZX19GC1U2ER0LF2H8</vin><color>LemonChiffon</color><year>2022</year></automobile><automobile><person_id>80c252e9-dfbd-4546-9561-ef422d1122a8</person_id><license_plate>774529</license_plate><vin>0DA35B8L044NT2LNZ</vin><color>Snow</color><year>2021</year></automobile><automobile><person_id>b97c0744-72e3-442b-99e0-a9f948c043aa</person_id><license_plate>MUT-722</license_plate><vin>WLC9TA827ZFEAZF5V</vin><color>MediumSeaGreen</color><year>1973</year></automobile><automobile><person_id>2d9d5155-9e76-4659-bc74-48ee6a4c9d42</person_id><license_plate>722PHS</license_plate><vin>EPKM4EV18ED7WFWAJ</vin><color>White</color><year>1979</year></automobile><automobile><person_id>2d9d5155-9e76-4659-bc74-48ee6a4c9d42</person_id><license_plate>974-451</license_plate><vin>FPRYEAMA5N63TE6T6</vin><color>DarkOliveGreen</color><year>1988</year></automobile><automobile><person_id>f2ea964b-9ded-40b3-b9d9-4a87fd52d62b</person_id><license_plate>KWD 984</license_plate><vin>CL8PEHUR0WN3AEVPY</vin><color>LightYellow</color><year>1990</year></automobile><automobile><person_id>dbedafcd-fa3d-4182-bc94-ff4d27463b22</person_id><license_plate>6Y L1183</license_plate><vin>7WESCTCJ11T3VHCGN</vin><color>Teal</color><year>1979</year></automobile><automobile><person_id>dbedafcd-fa3d-4182-bc94-ff4d27463b22</person_id><license_plate>GTZ 449</license_plate><vin>56WRSPJ354NN7ERPD</vin><color>DeepPink</color><year>2020</year></automobile><automobile><person_id>f6c6c1fd-5f92-46ff-9f16-cf9906d81f25</person_id><license_plate>503-LZQ</license_plate><vin>VE7W2JN48EFUX04R6</vin><color>Coral</color><year>2010</year></automobile><automobile><person_id>3770512c-2054-4153-a391-7087cdaf18af</person_id><license_plate>0W P6781</license_plate><vin>44EW2KTE28RVF5X3U</vin><color>Yellow</color><year>1991</year></automobile><automobile><person_id>de16e543-9aed-4516-99a4-96a855c69273</person_id><license_plate>VQI-9818</license_plate><vin>X5VZR94H1JELES4ZK</vin><color>SandyBrown</color><year>2002</year></automobile><automobile><person_id>51bf3513-e077-4bb2-be1b-d8b27478408d</person_id><license_plate>8-L1125</license_plate><vin>Z1GL4VGB3YKVAK0P8</vin><color>ForestGreen</color><year>1970</year></automobile><automobile><person_id>51bf3513-e077-4bb2-be1b-d8b27478408d</person_id><license_plate>ZWU 647</license_plate><vin>JNKZWEFX5JLTAFS11</vin><color>Turquoise</color><year>1973</year></automobile><automobile><person_id>92282221-5927-4d42-85db-869fe2642635</person_id><license_plate>3JR O40</license_plate><vin>BK0GFXVS97R7SW6DG</vin><color>MediumSpringGreen</color><year>2006</year></automobile><automobile><person_id>b302d3eb-9d7d-4923-9bcc-96c3d12f7798</person_id><license_plate>CI6 5726</license_plate><vin>TXBKHE4D20YF2E31L</vin><color>SaddleBrown</color><year>2015</year></automobile><automobile><person_id>b302d3eb-9d7d-4923-9bcc-96c3d12f7798</person_id><license_plate>563 BBX</license_plate><vin>ES5BKELA0ATZBF5NA</vin><color>Salmon</color><year>1980</year></automobile><automobile><person_id>e275b10b-867e-42ab-87f1-95d0494f6549</person_id><license_plate>8UXS 74</license_plate><vin>DFB0N5UU9U80XGB5P</vin><color>DarkBlue</color><year>2023</year></automobile><automobile><person_id>f1f22fb4-f57e-4362-a282-1f3aaffd07d4</person_id><license_plate>09-Z900</license_plate><vin>YHWMB9TR6P3PF9MN6</vin><color>PeachPuff</color><year>1998</year></automobile><automobile><person_id>f1f22fb4-f57e-4362-a282-1f3aaffd07d4</person_id><license_plate>618-JOR</license_plate><vin>FK8XHGEA5LH4Y8VRL</vin><color>Pink</color><year>1984</year></automobile><automobile><person_id>1f87bee8-3984-4fa9-ab19-8a94e513d97e</person_id><license_plate>32-Z385</license_plate><vin>ZLW1MDE64SY097H89</vin><color>Fuchsia</color><year>1985</year></automobile><automobile><person_id>a81162da-ba13-47c8-b36c-d359124520ad</person_id><license_plate>457-KQM</license_plate><vin>2TE056BD0P4X0S9PX</vin><color>OrangeRed</color><year>2022</year></automobile><automobile><person_id>a0830387-6296-45f2-bd91-92b1e0292f4e</person_id><license_plate>PJN 674</license_plate><vin>9B3F5R1W8N7M2N94A</vin><color>Plum</color><year>2021</year></automobile></automobiles>