<?xml version="1.0" encoding="UTF-8" ?><automobiles><automobile><person_id>eeff3342-eb7f-44f1-8443-6d473037968b</person_id><license_plate>005-YDT</license_plate><vin>37G68UT30RMSGDR40</vin><color>Tan</color><year>1973</year></automobile><automobile><person_id>1eb80386-9d2b-4ea9-8deb-e2ed876ea04c</person_id><license_plate>435-FEUP</license_plate><vin>H19KN7HB6DBJJE9K7</vin><color>LightGray</color><year>1986</year></automobile><automobile><person_id>4fdaaa55-a176-4127-bcfc-0b02d4f15eed</person_id><license_plate>1354 SK</license_plate><vin>XS1ALLBH5N4E7A1ES</vin><color>DarkBlue</color><year>2020</year></automobile><automobile><person_id>a44f62ab-11e4-4657-b386-d35a64a15232</person_id><license_plate>7IZ 029</license_plate><vin>W1U9TZES9XDERHWYL</vin><color>DarkMagenta</color><year>2012</year></automobile><automobile><person_id>a44f62ab-11e4-4657-b386-d35a64a15232</person_id><license_plate>ZIO 101</license_plate><vin>HMZ94DMLXHZMKCG67</vin><color>DarkRed</color><year>2017</year></automobile><automobile><person_id>a44f62ab-11e4-4657-b386-d35a64a15232</person_id><license_plate>378 0562</license_plate><vin>72UB9DUG9KY1HAS7B</vin><color>ForestGreen</color><year>1983</year></automobile><automobile><person_id>86c42466-6404-499e-ac1e-dc0916e3d030</person_id><license_plate>8C539</license_plate><vin>1HYX0JBW11YPV6E55</vin><color>DarkKhaki</color><year>1996</year></automobile><automobile><person_id>234cb750-c913-4f3f-91ec-da0e5b8a2a8d</person_id><license_plate>4-J0497</license_plate><vin>BCKFH78AX50386H82</vin><color>Green</color><year>2021</year></automobile><automobile><person_id>1d076d7e-41bb-4e9b-9af9-ea62c5c1e8df</person_id><license_plate>647-ISLX</license_plate><vin>JK92V3RE83F56NU0W</vin><color>Navy</color><year>2023</year></automobile><automobile><person_id>1d076d7e-41bb-4e9b-9af9-ea62c5c1e8df</person_id><license_plate>866-FAS</license_plate><vin>4DNGABJF6GE8H516T</vin><color>DarkSalmon</color><year>1989</year></automobile><automobile><person_id>28b9b2e1-533d-45c4-9ccd-d6bba74026cf</person_id><license_plate>ZKU-0923</license_plate><vin>D4VWTSYC1H5W0F169</vin><color>DarkGoldenRod</color><year>1996</year></automobile><automobile><person_id>28b9b2e1-533d-45c4-9ccd-d6bba74026cf</person_id><license_plate>2-0888Z</license_plate><vin>KR66FLF55YGY24PB5</vin><color>MistyRose</color><year>1999</year></automobile><automobile><person_id>925040bc-7cce-443a-917b-2e379ee1d6dc</person_id><license_plate>178-JPR</license_plate><vin>ZGCKKH049NRK04BY6</vin><color>Linen</color><year>2017</year></automobile><automobile><person_id>fb099af3-b7e8-4b64-a67e-d40e3a074e78</person_id><license_plate>OOM-093</license_plate><vin>RCHE0N7T8FSD9H8HD</vin><color>AliceBlue</color><year>1981</year></automobile><automobile><person_id>fb099af3-b7e8-4b64-a67e-d40e3a074e78</person_id><license_plate>838-788</license_plate><vin>0XZZLNAL1VD15CUC7</vin><color>DarkMagenta</color><year>1972</year></automobile><automobile><person_id>63a6c2b9-0c88-4a0e-8973-b5237870e31d</person_id><license_plate>899 CK4</license_plate><vin>8A89JB1K84B7D5U4M</vin><color>Orchid</color><year>1975</year></automobile><automobile><person_id>63a6c2b9-0c88-4a0e-8973-b5237870e31d</person_id><license_plate>3AG0725</license_plate><vin>M6KGYHSS6HU1TJD5X</vin><color>DarkMagenta</color><year>1989</year></automobile><automobile><person_id>4a45acbe-d514-489b-8635-3dd6c776f6b7</person_id><license_plate>V64 5CL</license_plate><vin>26URYWM48EKU50CMX</vin><color>LightCoral</color><year>1991</year></automobile><automobile><person_id>4103b422-1eef-4435-939e-b601df99d9a1</person_id><license_plate>32H R96</license_plate><vin>8SRNEVKF4HXC424ZT</vin><color>Chocolate</color><year>1986</year></automobile><automobile><person_id>1fb927ae-8581-427c-a4b4-0ee580399888</person_id><license_plate>XNV 363</license_plate><vin>58RK8ZU25BXJX7HC5</vin><color>DarkGreen</color><year>1989</year></automobile><automobile><person_id>4944077b-3cac-4c38-99a8-8f2cc5ac9eb9</person_id><license_plate>7B S3617</license_plate><vin>YECNZG3H9GYXMC29J</vin><color>Beige</color><year>2006</year></automobile><automobile><person_id>4944077b-3cac-4c38-99a8-8f2cc5ac9eb9</person_id><license_plate>616-PGU</license_plate><vin>461BF2B2076H4GENA</vin><color>PaleTurquoise</color><year>2024</year></automobile><automobile><person_id>4944077b-3cac-4c38-99a8-8f2cc5ac9eb9</person_id><license_plate>9VL 616</license_plate><vin>5VEX7J8A16JVMNDR0</vin><color>DarkGreen</color><year>2002</year></automobile><automobile><person_id>4dd6e187-e847-41b4-9654-85eb38634bb2</person_id><license_plate>SIC-4451</license_plate><vin>01PDMJ3638DLVEKGP</vin><color>Violet</color><year>2014</year></automobile><automobile><person_id>4dd6e187-e847-41b4-9654-85eb38634bb2</person_id><license_plate>5-1062G</license_plate><vin>EVADWRF918G7C0PMR</vin><color>MidnightBlue</color><year>1975</year></automobile><automobile><person_id>f57bb636-535a-4701-8e77-3ca0f4a2340e</person_id><license_plate>LPK 094</license_plate><vin>MXS5HDKP9RGG0E56M</vin><color>GoldenRod</color><year>1992</year></automobile><automobile><person_id>1a00056c-0a8e-4b28-9ab1-fa4ba424c7aa</person_id><license_plate>366-HQX</license_plate><vin>H79GP6T838C385TLU</vin><color>LightPink</color><year>1991</year></automobile><automobile><person_id>1a00056c-0a8e-4b28-9ab1-fa4ba424c7aa</person_id><license_plate>6NB2518</license_plate><vin>JZ05WYMD9KJNNEP5V</vin><color>DarkGreen</color><year>2009</year></automobile><automobile><person_id>d5348b1c-229a-4915-a9ca-f371ddeb86b7</person_id><license_plate>X55 0ZF</license_plate><vin>9GLFNG1J8WMGZEZB7</vin><color>RoyalBlue</color><year>2018</year></automobile><automobile><person_id>31ec1a67-dc16-43b7-8c86-a693e02f5788</person_id><license_plate>722NKN</license_plate><vin>4KSS6TAX2NYFRE3KV</vin><color>Purple</color><year>1996</year></automobile><automobile><person_id>4529ed09-67f3-4ada-b307-25e26124f390</person_id><license_plate>6-8230W</license_plate><vin>ECXRBR83925A0M8UG</vin><color>Orange</color><year>2011</year></automobile><automobile><person_id>4529ed09-67f3-4ada-b307-25e26124f390</person_id><license_plate>267 BTR</license_plate><vin>ZHRC864D1K3D9B8X7</vin><color>DarkMagenta</color><year>1980</year></automobile><automobile><person_id>42faf629-6806-43ed-a6ce-bc7e641e8fed</person_id><license_plate>7U 28803</license_plate><vin>FEN50WAX67BEPM3ZX</vin><color>Wheat</color><year>2013</year></automobile><automobile><person_id>42faf629-6806-43ed-a6ce-bc7e641e8fed</person_id><license_plate>331 ZCH</license_plate><vin>S3YMADAK3E53NCXM5</vin><color>Khaki</color><year>1996</year></automobile><automobile><person_id>20c77a2b-14bd-4d74-b16b-6b024cf3266b</person_id><license_plate>R97-49X</license_plate><vin>FCNUFJZG88GC3Z8XK</vin><color>DarkGoldenRod</color><year>1978</year></automobile><automobile><person_id>20c77a2b-14bd-4d74-b16b-6b024cf3266b</person_id><license_plate>E81 4BR</license_plate><vin>55T2K4FN7HDU2NDV9</vin><color>Aqua</color><year>2019</year></automobile><automobile><person_id>63cd4235-a8f1-45e6-a285-d2887328f520</person_id><license_plate>MCV2417</license_plate><vin>DY9FPZB93RAC82HET</vin><color>Snow</color><year>1974</year></automobile><automobile><person_id>37087ac9-7b06-4db0-b756-d37650fed13e</person_id><license_plate>VAY 4564</license_plate><vin>2XHCKDVP7JDA6CYUN</vin><color>PaleGreen</color><year>2019</year></automobile><automobile><person_id>37087ac9-7b06-4db0-b756-d37650fed13e</person_id><license_plate>06T 359</license_plate><vin>WHAYWARP70VZWF1JC</vin><color>SlateBlue</color><year>1996</year></automobile><automobile><person_id>37087ac9-7b06-4db0-b756-d37650fed13e</person_id><license_plate>757-ISA</license_plate><vin>8LETG4TL5J3F93WHX</vin><color>LightBlue</color><year>1972</year></automobile><automobile><person_id>58f115c9-f2bd-44d0-af3f-41cd534710c3</person_id><license_plate>1-6571U</license_plate><vin>MVC3X0K02D985VR00</vin><color>Peru</color><year>2001</year></automobile><automobile><person_id>36a0d9bc-faef-45e6-b9d4-70ae73332ebd</person_id><license_plate>PFE-9717</license_plate><vin>90KDRP1T4C5SXP6VE</vin><color>DarkSalmon</color><year>1989</year></automobile><automobile><person_id>c7fda9ac-4658-484f-8315-5d813fcf2203</person_id><license_plate>4814 ZI</license_plate><vin>DYNVNEFJ1JMY43G6S</vin><color>NavajoWhite</color><year>1991</year></automobile><automobile><person_id>c7fda9ac-4658-484f-8315-5d813fcf2203</person_id><license_plate>181-QNH</license_plate><vin>2LTC15DPX644H0WPV</vin><color>Bisque</color><year>2014</year></automobile><automobile><person_id>f31101e5-ad32-40be-929e-51674db54041</person_id><license_plate>PUS O23</license_plate><vin>T73XLY8B2DYJU2DBB</vin><color>DarkTurquoise</color><year>2018</year></automobile><automobile><person_id>f31101e5-ad32-40be-929e-51674db54041</person_id><license_plate>MOZ 842</license_plate><vin>L8LFPWHD8Y4UV8VXD</vin><color>OrangeRed</color><year>1971</year></automobile><automobile><person_id>d42fbdf7-4096-405b-92ef-aaa6bab85526</person_id><license_plate>37J US9</license_plate><vin>LV9EUEEGXS3MZ8744</vin><color>Moccasin</color><year>1980</year></automobile><automobile><person_id>063f3354-2a73-444a-925a-88ab3c050022</person_id><license_plate>00F 0591</license_plate><vin>V6MS0YD62XDZFG4FS</vin><color>HotPink</color><year>1976</year></automobile><automobile><person_id>063f3354-2a73-444a-925a-88ab3c050022</person_id><license_plate>0-U2019</license_plate><vin>AAEXAWTJ733B3J60U</vin><color>DarkOliveGreen</color><year>2008</year></automobile><automobile><person_id>6b2c308c-4f02-44cf-86cd-3a5db8774f86</person_id><license_plate>8QMT710</license_plate><vin>FTZVW9GC6U74GDY62</vin><color>NavajoWhite</color><year>1976</year></automobile><automobile><person_id>6b2c308c-4f02-44cf-86cd-3a5db8774f86</person_id><license_plate>VJP-3195</license_plate><vin>NTZ8JC6NXP4B9BWHV</vin><color>RosyBrown</color><year>1988</year></automobile><automobile><person_id>99347b1d-2143-4a60-bb0f-f4982ee1c8a8</person_id><license_plate>Y19-78B</license_plate><vin>RMXH51VG2EUHLY9PD</vin><color>Crimson</color><year>1988</year></automobile><automobile><person_id>99347b1d-2143-4a60-bb0f-f4982ee1c8a8</person_id><license_plate>VJH-492</license_plate><vin>2TT7KPVV034XF6BXG</vin><color>LavenderBlush</color><year>2001</year></automobile><automobile><person_id>99347b1d-2143-4a60-bb0f-f4982ee1c8a8</person_id><license_plate>44-8469Z</license_plate><vin>20TM6GA34XDN1WFGP</vin><color>SeaShell</color><year>1996</year></automobile><automobile><person_id>241471df-c0e4-4e90-857a-b853ff5b0eb5</person_id><license_plate>03BN016</license_plate><vin>DPP7DXBE05M62WS31</vin><color>RosyBrown</color><year>2005</year></automobile><automobile><person_id>e2a076d4-920b-44f0-bca4-950b1da39026</person_id><license_plate>222 7328</license_plate><vin>WJ17DA4D6JL5XZC8S</vin><color>DodgerBlue</color><year>2015</year></automobile><automobile><person_id>cf9d24b4-5f77-45ed-9f70-3fd089ab0abb</person_id><license_plate>4UU Z39</license_plate><vin>JV91BDES9J5TGE129</vin><color>PaleVioletRed</color><year>2000</year></automobile><automobile><person_id>f71c5b15-a7c5-4116-8a83-73857e8b228a</person_id><license_plate>DG9 3120</license_plate><vin>WCWHU1W79KZ7H9MNL</vin><color>Tan</color><year>1983</year></automobile><automobile><person_id>4c31f6d0-83bc-4e8a-8ec8-fa8eef30626d</person_id><license_plate>YX 4511</license_plate><vin>STXYNTFW3DSNEM0ZS</vin><color>Tomato</color><year>1986</year></automobile><automobile><person_id>4c31f6d0-83bc-4e8a-8ec8-fa8eef30626d</person_id><license_plate>TV 9481</license_plate><vin>1K2GMJMN52WVS3P3J</vin><color>Pink</color><year>1971</year></automobile><automobile><person_id>7dfe6902-5a18-4a2c-b1a7-5fc8a22fbaae</person_id><license_plate>69-5986U</license_plate><vin>3WJ8N1FJXTA04KTSU</vin><color>Yellow</color><year>1998</year></automobile><automobile><person_id>9e9ef92f-2593-45d2-8628-6b1d1a61873d</person_id><license_plate>E16-DKL</license_plate><vin>ETF8XZX33H186VYLA</vin><color>Coral</color><year>1986</year></automobile><automobile><person_id>fec4b8e4-eb02-4c9d-842f-723bf176013c</person_id><license_plate>024-DSE</license_plate><vin>6RS0LRHT0A7S8TAD4</vin><color>BurlyWood</color><year>2015</year></automobile><automobile><person_id>fec4b8e4-eb02-4c9d-842f-723bf176013c</person_id><license_plate>2LPN 21</license_plate><vin>9ND1EH8U96247L122</vin><color>PaleGoldenRod</color><year>1998</year></automobile><automobile><person_id>ecee1f7f-d64c-4317-bdb1-cf815fcb6e30</person_id><license_plate>KZY 308</license_plate><vin>HPNU0DX80XDJ88KPR</vin><color>DarkGreen</color><year>1971</year></automobile><automobile><person_id>0d5c7ea6-1d33-4657-9374-de3c8fef684e</person_id><license_plate>524-VPV</license_plate><vin>9KYUYV6F4ZKEU1MKN</vin><color>DarkOliveGreen</color><year>2015</year></automobile><automobile><person_id>0d5c7ea6-1d33-4657-9374-de3c8fef684e</person_id><license_plate>QOF Q24</license_plate><vin>4C3RM7BD2FKTUMU51</vin><color>GhostWhite</color><year>1973</year></automobile><automobile><person_id>b594e6c0-6243-468d-8fca-4104f2c5bcc4</person_id><license_plate>HID 739</license_plate><vin>2PDXB5VW3T2JC8Y4D</vin><color>DarkViolet</color><year>1995</year></automobile><automobile><person_id>b594e6c0-6243-468d-8fca-4104f2c5bcc4</person_id><license_plate>894-MRI</license_plate><vin>T5T3EN2V8SR9AJW46</vin><color>DeepPink</color><year>2013</year></automobile><automobile><person_id>fc9133cd-aabe-4ff5-8b85-2e27f556ba1b</person_id><license_plate>414 LAL</license_plate><vin>CKVYX8MM681UC3GC8</vin><color>Ivory</color><year>1972</year></automobile><automobile><person_id>f96ed9f7-fcd6-4948-8188-0a2811496551</person_id><license_plate>92L 934</license_plate><vin>BXDKT3DH3A3BMHHCL</vin><color>Silver</color><year>2002</year></automobile><automobile><person_id>f96ed9f7-fcd6-4948-8188-0a2811496551</person_id><license_plate>A51-KTJ</license_plate><vin>HN2AW2V18Y15W1B9P</vin><color>DarkGoldenRod</color><year>1977</year></automobile><automobile><person_id>7266dd59-fb1a-48be-9125-aa92f5434a0c</person_id><license_plate>MHU 828</license_plate><vin>BVLH4XMU6HHJB2S0J</vin><color>Lavender</color><year>1989</year></automobile><automobile><person_id>7266dd59-fb1a-48be-9125-aa92f5434a0c</person_id><license_plate>918 XVK</license_plate><vin>0GC96YEC4U4CZ3MRN</vin><color>LightSlateGray</color><year>2002</year></automobile><automobile><person_id>586f415a-f9d7-444b-b26a-7e7610564be4</person_id><license_plate>GOV-756</license_plate><vin>4A33Z1YJ5Y633G11D</vin><color>DarkMagenta</color><year>1990</year></automobile><automobile><person_id>12c0170c-647a-4306-908a-522fa876ef84</person_id><license_plate>E51-GGI</license_plate><vin>JAV983V556G4G5J2T</vin><color>Peru</color><year>2016</year></automobile><automobile><person_id>da455cc1-e8fa-4b9d-b6cf-46c8263718f6</person_id><license_plate>28S Y33</license_plate><vin>PY2VAFU31H4R9EYVY</vin><color>DarkGray</color><year>1980</year></automobile><automobile><person_id>da455cc1-e8fa-4b9d-b6cf-46c8263718f6</person_id><license_plate>4LG 144</license_plate><vin>TSHLJJW810CRV41HV</vin><color>HoneyDew</color><year>2023</year></automobile><automobile><person_id>1e975ccd-5a13-4e3a-a1e3-bfb8e76d4f70</person_id><license_plate>SC3 1501</license_plate><vin>163KZRJJ4BDCR9RVB</vin><color>Tomato</color><year>1995</year></automobile><automobile><person_id>1e975ccd-5a13-4e3a-a1e3-bfb8e76d4f70</person_id><license_plate>9758 MB</license_plate><vin>6T8GJG2M14J3SW3D6</vin><color>DarkTurquoise</color><year>1971</year></automobile><automobile><person_id>8bc15198-e17d-4d84-affa-91483d6ff96b</person_id><license_plate>HUO 013</license_plate><vin>37DMV6KT7AHKBPVDB</vin><color>PeachPuff</color><year>1975</year></automobile><automobile><person_id>8bc15198-e17d-4d84-affa-91483d6ff96b</person_id><license_plate>ZBJ 206</license_plate><vin>BNZPMGKE57WHJDJ20</vin><color>LightSalmon</color><year>2002</year></automobile><automobile><person_id>90ea5a7a-c482-4a0c-85b4-a371c50814ad</person_id><license_plate>7844</license_plate><vin>NT7J8JL42F8NP1U8J</vin><color>SkyBlue</color><year>1984</year></automobile><automobile><person_id>90ea5a7a-c482-4a0c-85b4-a371c50814ad</person_id><license_plate>E55-77Z</license_plate><vin>P96436EW90ZYFBKD1</vin><color>LightCoral</color><year>2014</year></automobile><automobile><person_id>90ea5a7a-c482-4a0c-85b4-a371c50814ad</person_id><license_plate>YJR 4711</license_plate><vin>B3TJHVPGX73N0G33B</vin><color>Aquamarine</color><year>1995</year></automobile><automobile><person_id>22a63639-5c3d-4c4a-a9bc-4e08d1c9875e</person_id><license_plate>XTF 495</license_plate><vin>2AXZP7XU45UP2GZJD</vin><color>MistyRose</color><year>1989</year></automobile><automobile><person_id>22a63639-5c3d-4c4a-a9bc-4e08d1c9875e</person_id><license_plate>HDX 941</license_plate><vin>VXVB0E9R1VTSN99DY</vin><color>YellowGreen</color><year>1988</year></automobile><automobile><person_id>6a9b6c02-b901-4337-a7dd-08e262514e4e</person_id><license_plate>4KMR869</license_plate><vin>D7WD2UMD4SRN4UE6N</vin><color>SlateBlue</color><year>2017</year></automobile><automobile><person_id>6a9b6c02-b901-4337-a7dd-08e262514e4e</person_id><license_plate>04-WX15</license_plate><vin>LABE6ZT55KW74E2SK</vin><color>MistyRose</color><year>1977</year></automobile><automobile><person_id>e44cb461-a272-48c0-921f-b5d9810807b8</person_id><license_plate>514PLX</license_plate><vin>7AZEAXHC8M4W64HJ6</vin><color>DarkGray</color><year>2017</year></automobile><automobile><person_id>c16d764c-de06-4280-bf6c-e4d228cb1700</person_id><license_plate>ZU6 Q6E</license_plate><vin>WXC3GXSC82X2LN5KW</vin><color>DimGray</color><year>1991</year></automobile><automobile><person_id>12d6a1a6-4051-4cf9-8a98-64406a3aaa9e</person_id><license_plate>KV8 F7E</license_plate><vin>7CMDCVCEXTXALDV9Y</vin><color>MediumSpringGreen</color><year>2001</year></automobile><automobile><person_id>0ccb9bb3-b905-482f-85c3-5d2fb30d2afd</person_id><license_plate>XLO-121</license_plate><vin>ZDU72YLS6F785WCMW</vin><color>LightGreen</color><year>1986</year></automobile><automobile><person_id>f4f699b0-68f9-4aaf-bdcb-4d489a216676</person_id><license_plate>U96-FCN</license_plate><vin>3FA38CJ24TZRHG8AX</vin><color>CadetBlue</color><year>2021</year></automobile><automobile><person_id>f4f699b0-68f9-4aaf-bdcb-4d489a216676</person_id><license_plate>ZZX 263</license_plate><vin>T8C7SWCAXVPF3EAV2</vin><color>AliceBlue</color><year>2000</year></automobile><automobile><person_id>f4f699b0-68f9-4aaf-bdcb-4d489a216676</person_id><license_plate>40-7948M</license_plate><vin>WD60MZDM6D70UX9R9</vin><color>Orchid</color><year>1976</year></automobile><automobile><person_id>22b7286f-cc01-4477-bded-fe6a5863bf5b</person_id><license_plate>2H094</license_plate><vin>8DKXL1FT4DEEU9R0V</vin><color>MediumSeaGreen</color><year>2015</year></automobile><automobile><person_id>f72d1649-9235-4301-a46d-49e2918ae0c2</person_id><license_plate>WEQ 0221</license_plate><vin>R471B6D0823FJBFGF</vin><color>White</color><year>1999</year></automobile><automobile><person_id>309b9af5-eb32-4db7-bdef-874291e126e6</person_id><license_plate>4-00030F</license_plate><vin>VZACHMBU29G6ZCWAV</vin><color>PaleVioletRed</color><year>1995</year></automobile><automobile><person_id>309b9af5-eb32-4db7-bdef-874291e126e6</person_id><license_plate>001 QTY</license_plate><vin>DZ6K00GK54WXC7KNT</vin><color>MediumSpringGreen</color><year>1996</year></automobile><automobile><person_id>84ad7e76-7b1b-4ca9-9111-a5d797c37f21</person_id><license_plate>SXI-9953</license_plate><vin>35BF584M76TJMR2UP</vin><color>LightCyan</color><year>1997</year></automobile><automobile><person_id>84ad7e76-7b1b-4ca9-9111-a5d797c37f21</person_id><license_plate>85XS5</license_plate><vin>GT3HCE0M78J3B30PU</vin><color>PeachPuff</color><year>2007</year></automobile><automobile><person_id>84ad7e76-7b1b-4ca9-9111-a5d797c37f21</person_id><license_plate>403 CAJ</license_plate><vin>YVCAS8VZ4YKV733DU</vin><color>PaleGreen</color><year>2000</year></automobile><automobile><person_id>82acf1cb-986c-4c1f-a975-d5cb110c2101</person_id><license_plate>0-7232O</license_plate><vin>45MRPW0K33R3T2NEP</vin><color>SeaShell</color><year>1981</year></automobile><automobile><person_id>82acf1cb-986c-4c1f-a975-d5cb110c2101</person_id><license_plate>6S 4088Z</license_plate><vin>9LAL3RXU39YS46JL5</vin><color>PaleTurquoise</color><year>1987</year></automobile><automobile><person_id>3187570f-453a-4e7b-b39c-e489083e11c7</person_id><license_plate>589 ELZ</license_plate><vin>XP5LFZ4XXJ2PSX3YG</vin><color>DarkSalmon</color><year>1976</year></automobile><automobile><person_id>ac5390a6-7da1-4ddf-92fb-0e30f4c3a10e</person_id><license_plate>085Y9</license_plate><vin>57EJG26X3LC58J3YC</vin><color>Fuchsia</color><year>1987</year></automobile><automobile><person_id>ba1b9314-b96f-4eaa-95e3-0e28851c2f2d</person_id><license_plate>LZB 694</license_plate><vin>779B8MRZ4KUB0CVC2</vin><color>Yellow</color><year>1975</year></automobile><automobile><person_id>ba1b9314-b96f-4eaa-95e3-0e28851c2f2d</person_id><license_plate>ZHC 215</license_plate><vin>EERPXM732V88M7N4K</vin><color>MistyRose</color><year>1992</year></automobile><automobile><person_id>3c254c98-a224-49d5-961f-5fde3c6c1864</person_id><license_plate>014 ZEH</license_plate><vin>84HJFR0A6FKZD24DF</vin><color>WhiteSmoke</color><year>1988</year></automobile><automobile><person_id>eeaa4e18-aeb7-4761-ac7b-f571ebb40c5c</person_id><license_plate>77JX3</license_plate><vin>BS4NDRCB32E3079GX</vin><color>SteelBlue</color><year>1980</year></automobile><automobile><person_id>83ae9cc0-7b49-4493-b45b-8486c047a3b0</person_id><license_plate>25-OD42</license_plate><vin>K0RJ6MVU0S6KJEK0C</vin><color>PeachPuff</color><year>1996</year></automobile><automobile><person_id>83ae9cc0-7b49-4493-b45b-8486c047a3b0</person_id><license_plate>FAK 535</license_plate><vin>X024FWXE9NXSW7623</vin><color>Orange</color><year>1971</year></automobile><automobile><person_id>40fd31fa-e08a-4556-9842-f1fbd3eeba87</person_id><license_plate>T61-31Y</license_plate><vin>5AM1C8881XBS8BFB4</vin><color>Gainsboro</color><year>1970</year></automobile><automobile><person_id>c311ea13-2c86-4593-8b18-087f7cd5257b</person_id><license_plate>HRG 539</license_plate><vin>HGKRFJ625D00RCXAP</vin><color>Orchid</color><year>2000</year></automobile><automobile><person_id>c311ea13-2c86-4593-8b18-087f7cd5257b</person_id><license_plate>7NX92</license_plate><vin>GM142XUA7MV7PEWDR</vin><color>MediumSeaGreen</color><year>1981</year></automobile><automobile><person_id>b304a890-64cf-44d3-b0b1-351ca677089c</person_id><license_plate>6Y M5449</license_plate><vin>4JT9BZUR95BJE7UEC</vin><color>Blue</color><year>1993</year></automobile><automobile><person_id>ccb2f2e5-5a52-4cf3-9b2a-361a2d23dbad</person_id><license_plate>2131 QT</license_plate><vin>UDYFHPSC12FY8TN5Z</vin><color>DeepPink</color><year>2002</year></automobile><automobile><person_id>ccb2f2e5-5a52-4cf3-9b2a-361a2d23dbad</person_id><license_plate>943 5088</license_plate><vin>1FNX2C8L1937ELSED</vin><color>DarkGoldenRod</color><year>2020</year></automobile><automobile><person_id>dbb008bb-72de-4c82-8832-39569ed82501</person_id><license_plate>69X 1580</license_plate><vin>9UU4AL7L76JJ378LT</vin><color>PaleVioletRed</color><year>1971</year></automobile><automobile><person_id>dbb008bb-72de-4c82-8832-39569ed82501</person_id><license_plate>0-98151</license_plate><vin>HASKU95N4T2JJXPJY</vin><color>Sienna</color><year>1985</year></automobile><automobile><person_id>09e6b685-f81b-4909-ae33-7ad87182f38a</person_id><license_plate>5-78575P</license_plate><vin>WXJPR3E43FN8NZ4CS</vin><color>MediumVioletRed</color><year>2015</year></automobile><automobile><person_id>6c46695d-70a8-47a0-8a98-6c324d3b07c8</person_id><license_plate>4Y 10097</license_plate><vin>AGP65PKX162JE85TV</vin><color>PaleVioletRed</color><year>1981</year></automobile><automobile><person_id>2371ce0a-deb5-42e4-940e-6dc471c79919</person_id><license_plate>S17-21G</license_plate><vin>VG6EU2SV2DZGKAUPY</vin><color>Silver</color><year>1999</year></automobile><automobile><person_id>cac35ee9-611f-4f18-97a1-fc7472889285</person_id><license_plate>SI 0721</license_plate><vin>DYY56B1L3SC62RBE6</vin><color>Silver</color><year>1972</year></automobile></automobiles>