"id"|"first_name"|"last_name"|"sex"|"address"|"phone_number"|"profession"|"company"|"date_of_birth"
"18539971-4e7b-4cc1-b1c7-43640ebc0cac"|"Nicole"|"Fox"|"F"|"156 Brian Course"|"(798)790-9431x718"|"Paramedic"|"Moore-Garcia"|"1978-12-25"
"09e502e7-859c-416f-92a7-f52362e81998"|"William"|"Crawford"|"M"|"554 Catherine Cove"|"389.791.8870"|"Politician's assistant"|"Alvarado-Mcdonald"|"2007-02-11"
"b076d3c0-345e-4573-8291-c2521dcbb135"|"Patricia"|"Tyler"|"F"|"507 May Rest Suite 582"|"(917)388-6461x42815"|"Programmer, multimedia"|"Kerr-Robinson"|"1995-12-31"
"85ee3785-e645-4c2e-9559-45ac5953ecd1"|"Allison"|"Williams"|"F"|"853 Jeffrey Run"|"+1-568-991-1940x528"|"Curator"|"Cruz-Simon"|"2004-11-08"
"e1e491b6-5a05-40e5-837b-3b9baffa1ad7"|"Danny"|"Schwartz"|"M"|"404 Jonathan Stravenue"|"(657)252-4281"|"Health physicist"|"Tyler and Sons"|"1994-12-30"
"a32bdf68-2581-459a-aaed-6aea68e87bfc"|"Crystal"|"Andrews"|"F"|"864 Thomas Wall Suite 035"|"815-421-3453x6138"|"English as a foreign language teacher"|"Hull LLC"|"1945-11-12"
"fe7ac05c-7047-4edb-8ceb-8533a03ec695"|"Shannon"|"Fernandez"|"F"|"559 Douglas Springs"|"001-458-271-1890"|"Designer, textile"|"Hernandez-Hansen"|"1939-08-19"
"8e287243-5d84-4da1-abfd-96c4397b38e8"|"Nicholas"|"Parker"|"M"|"725 Alexis Run Suite 764"|"001-893-586-9240"|"Best boy"|"Ross-Jones"|"2016-10-17"
"2daa8b0a-c1aa-4e64-861d-0d07934bc64d"|"Brittany"|"Zuniga"|"F"|"394 Wyatt Pike Suite 863"|"+1-911-576-6695x6914"|"Engineer, petroleum"|"Hall Group"|"2000-04-12"
"ec089b24-f4a0-48b3-b8f4-0605ffa0dc44"|"Michael"|"Anderson"|"M"|"685 Gray Walks Apt. 075"|"001-214-213-9361x2492"|"Agricultural consultant"|"Castaneda-Cameron"|"2017-11-06"
"3f4e638c-7e7d-48f9-b5b3-d98a720eaf75"|"Amy"|"King"|"F"|"650 Jones Courts Apt. 083"|"+1-409-329-5573x2249"|"Embryologist, clinical"|"Lewis, Valenzuela and Moyer"|"1971-06-24"
"b02fe4ff-e0af-48a8-8237-dac0b91afaa4"|"Angela"|"Nichols"|"F"|"924 Jeffery Village"|"+1-972-390-5123x97517"|"Purchasing manager"|"Davis Inc"|"1982-09-02"
"e7ecb7d8-1acb-4f4c-997a-cfc52ac1a16e"|"Michele"|"Jackson"|"F"|"22 Rosario Loop"|"+1-595-917-2629x838"|"Engineer, maintenance"|"Conrad, Thompson and Lloyd"|"1919-10-01"
"2c5f1013-2129-48a5-a727-577967c3f8e9"|"Cole"|"Howard"|"M"|"242 Simpson Mill Apt. 030"|"210-967-3061x648"|"Facilities manager"|"Ellis Group"|"2015-03-26"
"4ec04031-34c3-4804-b74b-715d23dd4097"|"David"|"Cunningham"|"M"|"83 Diana Point"|"+1-994-836-6831x644"|"Risk manager"|"Brown, Rivera and Cortez"|"1949-11-20"
"d3a7b674-81d1-4bd6-bf91-eedabb5293b1"|"Amber"|"Cochran"|"F"|"392 Ortiz Brooks"|"799.788.2235"|"Forest/woodland manager"|"Barrera Group"|"1985-04-23"
"ccd03d57-a254-4806-9aa0-2aa57ec1d293"|"Mary"|"Young"|"F"|"295 Jones Courts Apt. 083"|"7335994582"|"Hydrogeologist"|"Graham Ltd"|"1956-08-29"
"544d7f7e-7ff4-4616-a90e-6328520ff942"|"John"|"Goodwin"|"M"|"813 Oneal Underpass"|"001-958-651-0071x75718"|"Surveyor, land/geomatics"|"Morgan, Schmidt and Ayala"|"1984-10-26"
"961492a6-756a-45f9-8359-c17620376fce"|"Michael"|"Flynn"|"M"|"418 Brian Course"|"7686102188"|"Solicitor, Scotland"|"Thomas-Weaver"|"1918-01-15"
"a5602170-0e7d-4ba8-8bb7-b4187a5ffaae"|"Amanda"|"Saunders"|"F"|"216 Morales Gardens Suite 197"|"+1-652-789-2087x3730"|"Database administrator"|"Barker, Ortega and Vaughn"|"2003-10-15"
"f524f841-cb57-47d2-8bdd-ea97c75001f2"|"Angela"|"Little"|"F"|"986 Marquez Lane"|"+1-243-854-3068"|"Chief Operating Officer"|"Welch-Williams"|"1953-09-16"
"18c1eb81-9a28-4f1f-9189-f6126b1588c9"|"Bradley"|"Gardner"|"M"|"26 Jeffrey Run"|"(443)950-2552x1834"|"Surveyor, minerals"|"Tucker Group"|"1938-08-28"
"580446f2-7ebd-4743-8404-43a01473bbdc"|"Robert"|"Curry"|"M"|"466 Alexis Run Suite 764"|"001-278-891-4687"|"Risk manager"|"Dixon-Robertson"|"1975-04-04"
"c83ea799-a039-4c7c-947f-d574879c830d"|"David"|"Hayden"|"M"|"84 Lee Burgs"|"(525)534-8614"|"Engineer, maintenance"|"Garrett, Turner and Juarez"|"1921-09-19"
"866f806e-b57e-4221-beb3-23ca8d5c5324"|"Aaron"|"Hicks"|"M"|"345 Troy Centers"|"6894752666"|"Retail buyer"|"Chapman, Figueroa and Murphy"|"1933-10-15"
"06625cd8-d196-4110-ae9f-4f0d6d898818"|"Jessica"|"Gates"|"F"|"499 Thomas Coves Suite 736"|"3083045134"|"Armed forces operational officer"|"Baker-Cline"|"1918-08-16"
"73b88a16-e686-42e9-8bef-6d070e187f5e"|"Dustin"|"Anderson"|"M"|"214 Pham Ports"|"(846)514-5671"|"Visual merchandiser"|"Schroeder and Sons"|"1979-01-19"
"66adb716-12c7-441c-914a-e7559412e23d"|"Connor"|"Mitchell"|"M"|"692 Amanda Curve"|"(943)633-8793x60711"|"Counselling psychologist"|"Bass-Moran"|"1935-12-26"
"0a237b80-d383-4819-8420-81686fd3d90e"|"Craig"|"Ryan"|"M"|"515 Day Inlet"|"482.861.9008"|"Research scientist (physical sciences)"|"Green and Sons"|"1989-08-25"
"6e4762e1-9ece-4d5f-8dd2-657149a156d2"|"Samantha"|"Hall"|"F"|"374 Wilson Locks Apt. 694"|"001-429-719-3238x98791"|"Scientist, research (physical sciences)"|"Dougherty and Sons"|"1976-09-16"
"f2c798c2-15de-4081-ba86-c248d45ca055"|"Dawn"|"Garner"|"F"|"288 Jeffery Spur Suite 411"|"536.274.0970"|"Pensions consultant"|"Jones-Baker"|"1981-11-12"
"7d90627a-66fe-4fe5-aa5e-e5bb6e756639"|"James"|"Pena"|"M"|"998 Garcia Road Suite 143"|"853.470.0154x6209"|"Holiday representative"|"Strickland, Rivera and Barber"|"1951-06-04"
"43ff9c14-b7d9-4c86-80b3-eeafc62a18f5"|"Alyssa"|"Skinner"|"F"|"578 Jonathan Stravenue"|"452-481-9468x36711"|"Accommodation manager"|"Stanley Group"|"1968-07-30"
"ac173bcf-8d9c-4324-9f11-a424430e4e3d"|"Phillip"|"White"|"M"|"394 Welch Walk"|"632-261-2005x400"|"Toxicologist"|"Garcia Group"|"1956-03-15"
"ddfe1479-b4e7-46c3-b8e3-a54651b2b508"|"Jody"|"Casey"|"F"|"119 Andrew Street Apt. 107"|"(493)484-7201"|"Environmental manager"|"Ward-Caldwell"|"1918-11-29"
"abf6deb9-2171-491c-a9bf-7982eb58f8e0"|"Joel"|"Martinez"|"M"|"475 Douglas Springs"|"+1-286-234-1831x19237"|"Industrial/product designer"|"Bell-Miller"|"2011-04-29"
"7654f1cb-dff3-4653-a3b7-017d29f7f67f"|"Dalton"|"Fernandez"|"M"|"847 Thornton Land Suite 697"|"001-573-574-5009x00623"|"Aeronautical engineer"|"Lowe-Jones"|"1954-06-04"
"6afc6f8e-b5c8-4e57-a381-467396ec8b5f"|"Jennifer"|"Freeman"|"F"|"300 Ashley Landing"|"(860)501-7451x35815"|"Hydrologist"|"Green-Price"|"1915-05-25"
"9eb24ec3-2ccf-444e-9a75-fa54c61d842a"|"Alyssa"|"Mcdaniel"|"F"|"375 Tiffany Gateway"|"638.274.8954x58041"|"Dance movement psychotherapist"|"Moore, Howard and Rogers"|"1922-07-13"
"0d2570bb-be1e-4afb-9b31-f8f971b81d64"|"William"|"Spencer"|"M"|"871 Robin Junctions Apt. 618"|"891.281.5913"|"Dance movement psychotherapist"|"Massey, Peck and Potts"|"2021-11-16"
"c3614abc-2d17-444d-82ff-58b5d72b21ab"|"Charles"|"Moore"|"M"|"666 Higgins Port Apt. 001"|"+1-220-847-9091x9137"|"Psychotherapist, dance movement"|"Gonzalez and Sons"|"1951-05-24"
"3ca77215-6e75-4f4b-81aa-932fb317ac83"|"Heather"|"Patton"|"F"|"846 Robert Way"|"+1-928-497-7648x640"|"Social worker"|"Jones-Braun"|"1975-05-07"
"77e5f12a-358a-4843-8efc-9f3aea19ad4e"|"Marcus"|"Mcdowell"|"M"|"599 Oneal Underpass"|"470.602.5021x2992"|"Travel agency manager"|"Brown-Anderson"|"1962-12-07"
"f7117408-7711-481b-8296-47e4547b2ab1"|"Kathy"|"Gates"|"F"|"549 Kari Alley Suite 131"|"5422146906"|"Pension scheme manager"|"Sullivan-Moore"|"1993-05-10"
"2a4392d0-0c31-4b85-b9fc-835571e24469"|"Manuel"|"Sparks"|"M"|"535 Christopher Ways"|"(301)997-2497"|"Facilities manager"|"Cooper, Anderson and Mclean"|"1990-02-18"
"2eec1ff7-c958-40c6-b550-aee1d71e1ecb"|"Aaron"|"Miller"|"M"|"383 Patricia Row"|"001-765-441-8225x7018"|"Community education officer"|"Barnes-Morris"|"2005-10-26"
"1394c8fb-1f61-4993-9f17-eb08c245d589"|"Holly"|"Hicks"|"F"|"583 Julia Station"|"505-717-3360x7853"|"Environmental manager"|"Graham Inc"|"1915-05-05"
"06c1c88d-37a5-4ac5-82a5-f238637dae35"|"Erik"|"Vargas"|"M"|"480 Mills Springs"|"+1-828-647-8258x7698"|"Engineer, electrical"|"Jimenez PLC"|"1935-01-26"
"54a8925b-f375-448a-92b3-5d50accadc0c"|"Francisco"|"Anderson"|"M"|"933 Brian Course"|"(569)618-1963x415"|"Food technologist"|"Sandoval, Mata and Hamilton"|"1922-11-15"
"98f123a7-e124-4fe1-9c49-9f4f226aae15"|"Kevin"|"Roberts"|"M"|"275 Jacobs Ports Suite 715"|"001-573-887-8297x2872"|"Airline pilot"|"Joseph LLC"|"1966-04-13"
"1aa2cac9-7775-440a-a465-a7623960c92e"|"Destiny"|"Curry"|"F"|"951 Parks Trace Suite 497"|"(719)346-9113x317"|"Dramatherapist"|"Morton, Perez and Wilkins"|"1989-02-12"
"1ce3126c-3d71-4436-80e5-4ddc22d6648f"|"Allen"|"Ruiz"|"M"|"899 Jeffery Village"|"001-452-515-0443x3490"|"Location manager"|"Lee, Jones and Mcdonald"|"1976-05-02"
"18bb686c-62d6-4c86-bf02-f41381222f19"|"Tiffany"|"Bryant"|"F"|"667 Collins Skyway"|"7169456841"|"Corporate investment banker"|"Webster-Pennington"|"1950-07-11"
"520feb38-242e-4f0b-9a67-4c677a8bd3da"|"Brian"|"Willis"|"M"|"679 Rivers Squares"|"(631)466-3002"|"Public relations officer"|"Spencer PLC"|"1921-05-13"
"87faf700-2283-45bd-abe7-cc7bdca7c89b"|"Jeremy"|"Gonzales"|"M"|"928 Welch Walk"|"550-218-7247x1648"|"Chemical engineer"|"Adams-Franco"|"1997-03-14"
"e9aa9faa-dc5c-44fa-9b7a-4ab5a3733f5d"|"Christopher"|"Rodriguez"|"M"|"235 Welch Walk"|"(392)523-4723"|"Sports therapist"|"Miller LLC"|"1963-03-10"
"8a0faa64-86ae-4668-97cc-d89501d75e60"|"Rebecca"|"Shelton"|"F"|"541 Hensley Park Suite 873"|"744-555-0603x03974"|"Research officer, political party"|"Moore, Roberts and Stanley"|"1943-07-24"
"aa2a27f1-b15e-4e22-a80e-8c6ebc571d6d"|"Raymond"|"Williams"|"M"|"88 Danielle Estates"|"(689)559-3171"|"Insurance claims handler"|"Hampton LLC"|"2021-09-30"
"ae5a3ccc-045c-4c6f-a8b2-c4dc69720e9a"|"Corey"|"Simon"|"M"|"723 Catherine Cove"|"+1-260-402-5862x5266"|"Ergonomist"|"Roberts LLC"|"1964-01-16"
"86942543-5c55-4bd9-ba32-03d000e7b4b4"|"Nancy"|"Green"|"F"|"136 Randall Burg"|"+1-335-548-4676x47472"|"Office manager"|"Wheeler-Morgan"|"1930-03-28"
"4a3fbbcf-59ff-4265-814a-7328a418e581"|"Sarah"|"Jackson"|"F"|"683 Randolph Way Suite 427"|"404.685.7256x8817"|"Producer, television/film/video"|"Gregory LLC"|"1932-05-14"
"646c2154-1cb7-4b99-8580-e6d56b240933"|"John"|"Villanueva"|"M"|"569 Yvette Loop"|"926-387-6710x73172"|"Teacher, primary school"|"Alexander, Phillips and Mcgrath"|"1950-08-18"
"3c43bfce-0473-497a-ba6e-68e32208f952"|"Kyle"|"Morris"|"M"|"168 Christopher Ways"|"922.247.2434"|"Environmental education officer"|"Smith LLC"|"1968-05-10"
"3cc3e18a-2db4-431e-be59-43f3cc307e50"|"Carolyn"|"Torres"|"F"|"531 Catherine Cove"|"001-204-708-3601x020"|"Systems developer"|"Mathews PLC"|"2004-04-05"
"5ed29439-800a-4485-81ca-260002235926"|"Stephen"|"Powers"|"M"|"255 Yvette Loop"|"342.768.5724x22448"|"English as a second language teacher"|"Weaver, Calderon and Oliver"|"1956-01-04"
"63bc841d-0e22-47e8-aeac-1c1925ff57a8"|"Joseph"|"Shaffer"|"M"|"362 Johnson Plains Suite 376"|"(296)343-1872"|"Proofreader"|"Hatfield-Roberts"|"2003-01-07"
"23c93997-f68d-4933-8cf6-aab963dba127"|"Joseph"|"Jones"|"M"|"199 Gray Walks Apt. 075"|"001-718-629-2608x4080"|"Network engineer"|"Stanley, Sanders and Smith"|"1932-10-01"
"e5134552-a566-4080-95b9-0ccf7f6450c3"|"Anita"|"Floyd"|"F"|"219 Smith Avenue Apt. 759"|"(549)237-4416"|"Ergonomist"|"Price, Rivera and Cannon"|"1978-03-30"
"3d7841e4-b1d4-4176-9898-bea03e8e939e"|"James"|"Richardson"|"M"|"337 Amanda Curve"|"306.270.8859"|"English as a second language teacher"|"Brooks, Grant and Frank"|"1935-05-18"
"15da5e97-5d90-4738-910f-d27b15ccda7d"|"James"|"Harrison"|"M"|"701 Matthew Valleys Suite 832"|"001-768-788-6010x351"|"Dancer"|"Moore, Lewis and Wells"|"1960-01-24"
"6baecf28-cdb3-4374-b69d-15445441557b"|"Melissa"|"Wood"|"F"|"211 Diana Point"|"533-953-7371"|"Broadcast presenter"|"Martin-Smith"|"2004-04-22"
"242fa3ff-7bf8-47ab-a975-24688b42dd1d"|"Angelica"|"Gill"|"F"|"895 Michael Manor"|"716.757.0077"|"Minerals surveyor"|"Clark LLC"|"1929-07-26"
"2606ea33-9d6e-4ec7-a94f-18b7508877cd"|"Stephanie"|"Jones"|"F"|"706 Wyatt Pike Suite 863"|"001-935-578-3393x65697"|"Chartered certified accountant"|"Brock Inc"|"1973-01-03"
"75330f22-23e5-4860-ba3a-c500eff0e6d9"|"Shane"|"Mcdaniel"|"M"|"89 Barry Shoal Suite 612"|"+1-605-377-9878x560"|"Consulting civil engineer"|"Roman-Hanson"|"2013-10-17"
"05e771cc-634a-439c-947a-498e926719ab"|"Sarah"|"Harper"|"F"|"578 Marquez Lane"|"(341)588-3961x5147"|"Engineer, materials"|"Howard, Munoz and King"|"1958-06-21"
"ec145476-1815-4acf-89f9-fbe95b9ec91b"|"Meghan"|"Ray"|"F"|"243 Jackson Harbors Suite 257"|"+1-203-625-2422"|"Contractor"|"Brown, Stevens and Hansen"|"1983-09-30"
"7b396406-eb5f-4b81-bd9a-88eb60e113dc"|"Haley"|"Jackson"|"F"|"32 Nicole Via"|"976-600-4452"|"Librarian, public"|"Sims Inc"|"1968-02-19"
"2c43a1a4-dba4-4404-a71b-a570aed1ff0a"|"James"|"Barnett"|"M"|"321 Jacobs Ports Suite 715"|"(798)960-5157"|"Pathologist"|"Meyers, Green and Santos"|"1982-04-14"
"00ac97ac-e672-4208-b032-af58eb898168"|"Billy"|"Spencer"|"M"|"599 Tyler Knoll Apt. 752"|"+1-591-673-6241x9570"|"Administrator, arts"|"Hendricks and Sons"|"1945-03-16"
"9ccf1e8b-676f-4d60-9f02-72e15fce5fa1"|"Katherine"|"Buchanan"|"F"|"95 Douglas Springs"|"860.913.0864x48682"|"Engineer, site"|"Howell PLC"|"2000-04-30"
"c6c3d8fd-e45d-445a-bd8a-e4495582ffd6"|"Alexander"|"Lee"|"M"|"536 Jeffery Isle"|"710-406-2801"|"Field trials officer"|"Graham, Spencer and Jacobson"|"1937-05-29"
"eb2b2c63-d839-4ab1-b1c2-ac0b80a5d581"|"Smith"|"Hall"|"F"|"890 Hanson Port"|"(589)287-1915"|"Journalist, magazine"|"Butler, Jones and Pierce"|"2001-04-12"
"43fce553-e287-4144-9b36-4a5e215f04bc"|"Sara"|"Gonzalez"|"F"|"876 Ross Camp Apt. 134"|"(942)368-5260"|"Radiographer, therapeutic"|"Benjamin Ltd"|"1977-04-03"
"c2233eea-f056-4b3c-999d-354c05429cb5"|"Colton"|"Mitchell"|"M"|"644 Amber Wells"|"+1-706-690-4641"|"Air broker"|"Nelson, Crosby and Jensen"|"1944-10-15"
"dd1aa0e5-76ec-43fb-a572-4af8b2b34b06"|"Amy"|"Harrison"|"F"|"522 Monica Burgs Suite 695"|"812.601.6052"|"Haematologist"|"Madden, Mitchell and Johnson"|"1971-01-17"
"72123075-8e83-4a1e-9453-022d12a7a887"|"Rickey"|"Riley"|"M"|"883 Rachel Pine"|"350-243-7720x304"|"Occupational therapist"|"Johnson-Stewart"|"1975-02-21"
"455f6a24-e8a4-472a-a837-598aa7b0542e"|"Theresa"|"Mccullough"|"F"|"841 Michael Manor"|"747.442.2560"|"Surveyor, commercial/residential"|"Sanders, Zuniga and Ortiz"|"2002-07-05"
"09ff0f50-7ad1-4cfa-9b77-a28e9689c4b7"|"David"|"Romero"|"M"|"809 William Avenue"|"001-961-867-3754x0854"|"Government social research officer"|"Anderson PLC"|"1993-08-26"
"b68ada74-b268-4558-bfc5-936837a5faa9"|"Timothy"|"Bailey"|"M"|"65 Dakota Extensions"|"001-321-259-9227x06272"|"Air cabin crew"|"York-Richardson"|"2016-07-05"
"12ca44cc-0adf-462e-8909-633f44ecbe78"|"Clinton"|"Romero"|"M"|"829 Donald Village Apt. 289"|"001-575-734-6943x7373"|"Intelligence analyst"|"Robinson, Watson and Robertson"|"1961-08-26"
"d50baa06-92a3-4f95-9434-a5df6440b63f"|"Lori"|"Gray"|"F"|"364 Brown Canyon Apt. 503"|"+1-655-987-6744x828"|"Psychologist, sport and exercise"|"Ramos PLC"|"1920-07-12"
"360e31ad-cf3b-4dbd-ba44-20518eaee543"|"Bethany"|"Velez"|"F"|"47 Ashley Landing"|"(411)806-1043x38748"|"Operational investment banker"|"Lee, Morris and Miller"|"1956-10-08"
"8e4acda8-6783-48fb-988b-bfde21caeeb9"|"Mariah"|"Garcia"|"F"|"654 Jordan Vista Apt. 756"|"+1-201-218-0261x55338"|"Librarian, public"|"Pope Inc"|"2003-03-28"
"15bfe797-5436-4ef4-a994-d4e273e691ee"|"Daryl"|"Hall"|"M"|"276 Pham Ports"|"001-455-398-3588x504"|"Architectural technologist"|"Lee-Rogers"|"1912-11-30"
"61aa1317-7b8b-4805-9687-e44196f5e612"|"David"|"Brown"|"M"|"214 Amber Wells"|"001-873-670-0203"|"Applications developer"|"Morales, Hutchinson and Bryant"|"1963-07-09"
"5c6a8630-d2bc-4514-b2b5-6466e190908a"|"Caitlin"|"Boone"|"F"|"400 Troy Centers"|"8675650463"|"Community arts worker"|"Malone, Lopez and Palmer"|"1962-10-29"
"2bf42225-6b2e-42c0-9c4f-b2ff0182bbdb"|"Albert"|"Park"|"M"|"391 Jeffery Isle"|"747.836.1339"|"Illustrator"|"Baker, Thompson and Black"|"1926-04-04"
"f844be4c-2a40-4c38-84c4-517251e8f884"|"Vickie"|"Riley"|"F"|"641 Johnson Plains Suite 376"|"496.899.3194"|"Architect"|"Russo, Phillips and Peterson"|"1953-03-08"
"791d2e3d-50ce-492e-9062-275a11877eda"|"Jennifer"|"Roberts"|"F"|"593 Thomas Ford"|"332-593-0998"|"Waste management officer"|"Ortiz, Grant and Collins"|"1980-03-16"
"a7050c1e-b5d1-4cd5-891a-90831ed5c7d9"|"Austin"|"Smith"|"M"|"440 Jennifer Track"|"001-637-331-0966"|"Designer, exhibition/display"|"Sheppard-Brown"|"1960-01-22"
"d1a35901-b201-4e4d-b438-934df8fc60aa"|"Jennifer"|"Jackson"|"F"|"213 May Rest Suite 582"|"+1-624-462-1346"|"Interpreter"|"Johnson, Barber and Fisher"|"1936-01-19"
"3cafa6e6-825d-45fa-a54e-bd8733220b45"|"Donna"|"Gillespie"|"F"|"889 Robert Way"|"001-320-677-5742x25418"|"TEFL teacher"|"Harvey, Caldwell and Alexander"|"1959-11-19"
"c86311a5-2e72-4475-9f02-ec705a900b72"|"Julie"|"Harris"|"F"|"138 Porter Overpass"|"001-464-550-0675x5741"|"Housing manager/officer"|"Allen, Zimmerman and Mccoy"|"1987-01-17"
"daabc4d4-49ac-4d6e-9664-a25f49925a07"|"Lori"|"Romero"|"F"|"225 Thornton Land Suite 697"|"(922)673-6723x3183"|"Operational researcher"|"Rodriguez, Montoya and Villarreal"|"1912-09-14"
"5fa8caaf-8eba-400f-906e-423d328b8a0d"|"John"|"Barajas"|"M"|"273 Heather Garden Suite 383"|"001-494-613-6978x432"|"Counsellor"|"Richard Ltd"|"1924-06-11"
"6b33c8df-99f7-4275-8c61-6a6fe85fb60e"|"Timothy"|"Howard"|"M"|"972 Lynn Lake Suite 253"|"8022430848"|"Human resources officer"|"Everett-Robertson"|"1976-12-31"
"19f43311-2fdc-4e2e-9974-49a284e8a24a"|"Stephanie"|"Barnes"|"F"|"315 Randall Burg"|"257.671.2506x538"|"Press sub"|"Alexander-Howell"|"2011-03-27"
"f30dc9b7-dca9-4bd9-9d62-77233a60979f"|"Mary"|"Watson"|"F"|"724 Newton Wall"|"(429)440-4644x053"|"Engineer, electrical"|"Henderson, Krueger and Jackson"|"2002-06-08"
"beb2e97c-6c90-4025-9c2b-f916bc7a0099"|"Fields"|"Arnold"|"F"|"796 Quinn Divide"|"689.544.5569"|"Technical sales engineer"|"Jones Group"|"2015-04-10"
"a38e1162-d1cb-46a3-9a07-9420e9fb40db"|"Michael"|"Howard"|"M"|"216 Nathan Views"|"001-622-360-1730x339"|"Chiropractor"|"Johnson-Stewart"|"1964-12-29"
"07428dc7-00cf-48f9-94c6-25803724fa5f"|"Michelle"|"Gillespie"|"F"|"938 Donald Village Apt. 289"|"304.798.6692x634"|"Politician's assistant"|"Chen-Jackson"|"1937-03-14"
"f95344b7-d478-47a9-a8f9-2364ea5c8475"|"Brian"|"Powers"|"M"|"723 Jordan Vista Apt. 756"|"656.518.9248x90403"|"Legal executive"|"Ewing-Jones"|"1973-04-02"
"5364600b-a9c0-45b4-9546-7d6fc1a91942"|"Frank"|"Rojas"|"M"|"549 Matthew Keys"|"001-234-283-5057x5855"|"Designer, fashion/clothing"|"Davis Ltd"|"1998-04-20"
"85828d3a-57cb-4736-97ff-45cb3cc410e5"|"Mariah"|"Williams"|"F"|"872 Yvette Loop"|"+1-289-241-0965x9871"|"Medical physicist"|"Clayton Ltd"|"1970-03-21"
"a64c6069-9b1d-4c6b-bd6c-cc42059b76b6"|"Sabrina"|"Drake"|"F"|"43 Jordan Vista Apt. 756"|"674.782.8461"|"Administrator, sports"|"Underwood, Fitzgerald and Martinez"|"1983-01-30"
"40720629-05ee-47bb-9543-ae05e0c9c164"|"Thomas"|"Glover"|"M"|"808 Michael Circles Suite 720"|"(472)552-0971x14673"|"Personnel officer"|"Lopez-Smith"|"1983-03-30"
"d4fb8a85-03f3-41a0-b1fa-c2abc0c2ffa7"|"Robert"|"Holmes"|"M"|"765 Higgins Port Apt. 001"|"001-809-353-2075x4193"|"Equities trader"|"Martinez Ltd"|"2020-02-16"
"213e1194-7a70-4b55-93a5-4b83a64b8a91"|"Nicole"|"Mendoza"|"F"|"346 Pham Ports"|"578.467.5925x82619"|"Company secretary"|"Young, Bryant and Nash"|"2012-08-18"
"327def23-cc31-4b3d-a95b-44ce37a68fe9"|"John"|"Espinoza"|"M"|"400 Amanda Curve"|"852-355-2720x4454"|"Psychologist, forensic"|"Garrett, Yates and Robinson"|"1942-04-19"
"c0820ed1-9aa7-4b27-907c-9774020aa761"|"Robert"|"Wallace"|"M"|"408 Randall Burg"|"(867)238-2296x89729"|"Fashion designer"|"Valdez-Ortiz"|"1925-06-28"
"3e99107e-ed1c-4895-b78a-85d270e0559a"|"Diane"|"Fisher"|"F"|"502 Bailey Trail"|"722.257.4397"|"Police Officer"|"TTPD"|"1958-10-05"
"873a4fcc-e12a-463c-bfae-0d35e30476f0"|"Cheryl"|"Harrison"|"F"|"395 Michelle Isle Apt. 431"|"(954)930-0357x375"|"Geologist, wellsite"|"White-Good"|"1918-03-05"
"f225b0cb-db31-4de4-a206-c8f1187dc25c"|"Randy"|"Roberts"|"M"|"509 Wyatt Pike Suite 863"|"(499)326-0252"|"Administrator, Civil Service"|"Turner Ltd"|"1930-03-10"
"58f774c0-4b34-4737-a031-a7de0445c01a"|"Angela"|"Mccullough"|"F"|"766 Johnson Plains Suite 376"|"+1-314-240-9608x66648"|"Theme park manager"|"Conrad, Wyatt and Webb"|"1966-08-12"
"0ef426b3-b43a-4bcb-a7f7-4894534577c9"|"Angela"|"Ward"|"F"|"955 Douglas Springs"|"756.559.2506x2387"|"Chemist, analytical"|"Hernandez Ltd"|"1977-12-30"
"1a7224e6-1f3c-485f-a913-ce8ad3253d90"|"Christina"|"White"|"F"|"722 Jacobs Ports Suite 715"|"+1-544-882-1791"|"Education officer, museum"|"Wallace, Carter and Novak"|"1994-03-03"
"ce72dbb1-88ca-4425-b0c8-bce64bd44fea"|"Ruben"|"Baxter"|"M"|"803 Martin Field"|"541-369-7074x893"|"Chief Financial Officer"|"Fisher, Jackson and Smith"|"2011-10-26"
"5db81874-707e-42da-a62b-ac27dfa1f0fd"|"Jeremy"|"Velez"|"M"|"702 Robinson Highway"|"540-784-7615"|"Illustrator"|"Webster Group"|"2008-11-08"
"1aedd9ff-9182-4d44-9219-5879b4040951"|"Christopher"|"Suarez"|"M"|"925 Christine Gateway"|"001-274-947-3381x636"|"Theatre stage manager"|"Skinner-Davis"|"1940-10-26"
"5a88af8d-cf1c-433b-8277-fc47311d1fb3"|"Steven"|"Lopez"|"M"|"116 Michael Manor"|"871-455-5163"|"Games developer"|"Jackson, Farmer and Griffin"|"2018-01-08"
"89f9f2b1-9298-4463-90a8-6408fee80a52"|"Allison"|"Flynn"|"F"|"531 Matthew Valleys Suite 832"|"788.209.7081x91671"|"Engineering geologist"|"White-Robinson"|"2023-12-31"
"292f8578-77e4-4b31-8f71-2aca57adea91"|"Susan"|"Saunders"|"F"|"796 Jeffrey Run"|"364-602-8587x762"|"Broadcast journalist"|"Jackson and Sons"|"1945-07-15"
"2d8ea6d2-64b7-490f-a6b3-ee70163ead34"|"Leonard"|"Fisher"|"M"|"960 Alexis Run Suite 764"|"(299)285-8732"|"Animator"|"Ellis-Carr"|"1964-10-20"
"d806a1f7-2a9d-46b3-b116-730888a9eb5b"|"Victoria"|"Rodriguez"|"F"|"308 Brown Canyon Apt. 503"|"001-495-915-2616"|"Pension scheme manager"|"Mayo-Warren"|"1936-12-01"
"dbd107a4-6756-486a-9b8f-ccc6af189fe3"|"Patrick"|"Hanson"|"M"|"61 Kari Alley Suite 131"|"635-846-7770x64776"|"Teacher, special educational needs"|"Conway, Mcgrath and Davis"|"2020-12-27"
"23a33bfe-3e34-414b-8b00-d7ac56f60fdc"|"Debra"|"Ryan"|"F"|"758 Michael Circles Suite 720"|"(394)620-1215"|"Dentist"|"Pierce Group"|"2001-11-18"
"d04ed00f-42ee-472b-ac9d-d19030fe1ef3"|"Stefanie"|"Richardson"|"F"|"936 Jeffery Isle"|"(632)371-8738"|"Osteopath"|"Hayes, Sanchez and Moore"|"1976-12-28"