<?xml version="1.0" encoding="UTF-8" ?><automobiles><automobile><person_id>2af601ba-7675-4ed3-a9f5-82646f2ef458</person_id><license_plate>AV2 E1Y</license_plate><vin>UCCLTBK356YX23U5H</vin><color>LightGoldenRodYellow</color><year>1984</year></automobile><automobile><person_id>93d09d03-ff92-4fea-ab14-cea40f82b256</person_id><license_plate>271 8781</license_plate><vin>ZR3NFB70920SW7YWU</vin><color>FloralWhite</color><year>2018</year></automobile><automobile><person_id>93d09d03-ff92-4fea-ab14-cea40f82b256</person_id><license_plate>09GO2</license_plate><vin>P6MSLCWP1Z9UURLY4</vin><color>DarkRed</color><year>1995</year></automobile><automobile><person_id>93d09d03-ff92-4fea-ab14-cea40f82b256</person_id><license_plate>050481</license_plate><vin>N6193MT48TCHGW8F8</vin><color>SandyBrown</color><year>2009</year></automobile><automobile><person_id>410e4ea4-3b39-4630-9c20-b098c916d97c</person_id><license_plate>9-8500S</license_plate><vin>S7U5A56Y7TT1P2G57</vin><color>LightGray</color><year>2013</year></automobile><automobile><person_id>d5f27418-59dd-46d7-9e1d-842522281bda</person_id><license_plate>K50 9KQ</license_plate><vin>4FER00JT17WENEM2S</vin><color>Silver</color><year>1977</year></automobile><automobile><person_id>d5f27418-59dd-46d7-9e1d-842522281bda</person_id><license_plate>9ZE T87</license_plate><vin>TPZEA8S92ERMXYM3K</vin><color>LightGreen</color><year>1975</year></automobile><automobile><person_id>d5f27418-59dd-46d7-9e1d-842522281bda</person_id><license_plate>794 UGA</license_plate><vin>MD7MP3G244TLSCHBC</vin><color>Gold</color><year>1974</year></automobile><automobile><person_id>3508b17b-2c16-42a8-91fb-9a9051c9ae5c</person_id><license_plate>74-5956T</license_plate><vin>3A72H6184WUCZWZ1E</vin><color>LavenderBlush</color><year>1990</year></automobile><automobile><person_id>6c56d779-0ddb-49d0-8f32-fe8f26a5238e</person_id><license_plate>064Z</license_plate><vin>6BGJT7W97K1K57988</vin><color>LightSkyBlue</color><year>1974</year></automobile><automobile><person_id>6c56d779-0ddb-49d0-8f32-fe8f26a5238e</person_id><license_plate>DML-8987</license_plate><vin>9Z1L144A3BB2WXBMS</vin><color>Wheat</color><year>1996</year></automobile><automobile><person_id>6c56d779-0ddb-49d0-8f32-fe8f26a5238e</person_id><license_plate>6XY 134</license_plate><vin>DLETYWJD8G3XBJG4V</vin><color>Maroon</color><year>1990</year></automobile><automobile><person_id>a31f2c7e-63db-4796-a618-005f9a8d9eb8</person_id><license_plate>3PF 655</license_plate><vin>PWBMN2ZX6B126FCE7</vin><color>DarkKhaki</color><year>2016</year></automobile><automobile><person_id>a9d2b32a-fcae-43d5-b889-5567692d434e</person_id><license_plate>5P 5539F</license_plate><vin>UMSX17P30Z238CPN9</vin><color>LavenderBlush</color><year>2013</year></automobile><automobile><person_id>92158585-3109-4d2b-b1d5-26b91be85e21</person_id><license_plate>232-GRBX</license_plate><vin>TTB4A1E25WE03UW19</vin><color>Maroon</color><year>2016</year></automobile><automobile><person_id>33733e02-ef41-4877-a17e-5bc4e4e254d8</person_id><license_plate>HDU5294</license_plate><vin>550FN58K4W34YNJFW</vin><color>LightGoldenRodYellow</color><year>1970</year></automobile><automobile><person_id>33733e02-ef41-4877-a17e-5bc4e4e254d8</person_id><license_plate>D40 6BG</license_plate><vin>VPFYEX2S91MDGEL73</vin><color>Violet</color><year>2000</year></automobile><automobile><person_id>02da7c93-d193-417c-babc-03a368553f30</person_id><license_plate>766 JAS</license_plate><vin>WG8VP31EX9ZCS6D2U</vin><color>OliveDrab</color><year>1999</year></automobile><automobile><person_id>02da7c93-d193-417c-babc-03a368553f30</person_id><license_plate>HSB 194</license_plate><vin>RPTTKDBB5T5GTC1P9</vin><color>PaleVioletRed</color><year>1998</year></automobile><automobile><person_id>e5aa1f7e-b5da-43db-9632-f2307bc8a4c1</person_id><license_plate>DLO-0377</license_plate><vin>CXP4DXXJ95EBZ1CWV</vin><color>Blue</color><year>1981</year></automobile><automobile><person_id>e5aa1f7e-b5da-43db-9632-f2307bc8a4c1</person_id><license_plate>3ENJ 78</license_plate><vin>P21NHGU25PT3TZ61N</vin><color>SandyBrown</color><year>1997</year></automobile><automobile><person_id>e5aa1f7e-b5da-43db-9632-f2307bc8a4c1</person_id><license_plate>659 FWT</license_plate><vin>LHUCWAPD73WFS5RDF</vin><color>Salmon</color><year>2018</year></automobile><automobile><person_id>b1e9ecc8-83df-4ab2-890a-8198f5ba5724</person_id><license_plate>VIJ 330</license_plate><vin>VPU4AKL0489R6MRMT</vin><color>MediumTurquoise</color><year>1988</year></automobile><automobile><person_id>f84559ae-1e40-453a-9c50-98908ad255e2</person_id><license_plate>609PJ</license_plate><vin>7APHAD416Y48E7VAU</vin><color>CornflowerBlue</color><year>2014</year></automobile><automobile><person_id>f84559ae-1e40-453a-9c50-98908ad255e2</person_id><license_plate>297UPL</license_plate><vin>ZY8BSDM28DH6US185</vin><color>Bisque</color><year>2010</year></automobile><automobile><person_id>f84559ae-1e40-453a-9c50-98908ad255e2</person_id><license_plate>W58-ZPZ</license_plate><vin>P39L5EJA43A1HMMPH</vin><color>Peru</color><year>1978</year></automobile><automobile><person_id>1aaf761d-f520-46b2-a6db-380a9fd0b861</person_id><license_plate>E 413943</license_plate><vin>V35263HG0MVBT2PHL</vin><color>DarkOliveGreen</color><year>2004</year></automobile><automobile><person_id>688193cf-805d-4594-a451-e3d6e0e3922a</person_id><license_plate>MN 56082</license_plate><vin>6CW77DV885N5K5ESL</vin><color>MediumSeaGreen</color><year>1995</year></automobile><automobile><person_id>688193cf-805d-4594-a451-e3d6e0e3922a</person_id><license_plate>5W AO715</license_plate><vin>ACJ8UTS99KFP20EN8</vin><color>AntiqueWhite</color><year>2023</year></automobile><automobile><person_id>c3ffdb96-1012-46e7-a8e5-39d72f69489c</person_id><license_plate>AEF-596</license_plate><vin>0YKRJJBT9FRM7FRFK</vin><color>AliceBlue</color><year>1973</year></automobile><automobile><person_id>c3ffdb96-1012-46e7-a8e5-39d72f69489c</person_id><license_plate>5WF 380</license_plate><vin>WWN55RUG91A673H1L</vin><color>LightSkyBlue</color><year>1985</year></automobile><automobile><person_id>e882a129-3e2a-4e84-81af-fff7681e3bf3</person_id><license_plate>4FN1745</license_plate><vin>8B2YLH1C35X5W8ZNS</vin><color>CadetBlue</color><year>2009</year></automobile><automobile><person_id>e882a129-3e2a-4e84-81af-fff7681e3bf3</person_id><license_plate>S92 5SE</license_plate><vin>6UM559F39UUML0PJ1</vin><color>DarkCyan</color><year>1990</year></automobile><automobile><person_id>e882a129-3e2a-4e84-81af-fff7681e3bf3</person_id><license_plate>0R 9704R</license_plate><vin>SKPNX8XS1655ESXE1</vin><color>Beige</color><year>1979</year></automobile><automobile><person_id>3119c265-9d0f-4d4e-81a7-b66c0a60b541</person_id><license_plate>704-454</license_plate><vin>Y79Y3HGV7VAR0DFKR</vin><color>Tan</color><year>1991</year></automobile><automobile><person_id>31e4bf88-2796-4fa7-97bf-679bf11815a2</person_id><license_plate>V 367063</license_plate><vin>VBEPPTYV0E5D8V9YY</vin><color>Pink</color><year>2010</year></automobile><automobile><person_id>31e4bf88-2796-4fa7-97bf-679bf11815a2</person_id><license_plate>KCE 582</license_plate><vin>38UKR1FUXC32ZFKA4</vin><color>Chartreuse</color><year>1998</year></automobile><automobile><person_id>31e4bf88-2796-4fa7-97bf-679bf11815a2</person_id><license_plate>302 IBG</license_plate><vin>ZFNS2RH55BNTA7KMT</vin><color>DarkBlue</color><year>2019</year></automobile><automobile><person_id>b54cbd6b-90da-45fa-bb43-d0b18b278ac9</person_id><license_plate>AKR-0018</license_plate><vin>KNCMGH0575GKJKVZF</vin><color>Violet</color><year>1976</year></automobile><automobile><person_id>b54cbd6b-90da-45fa-bb43-d0b18b278ac9</person_id><license_plate>0WPB 17</license_plate><vin>22X3Z69P1W7JLWR2H</vin><color>LimeGreen</color><year>1978</year></automobile><automobile><person_id>c9708c0f-2b0b-480b-8e0e-348230cc534e</person_id><license_plate>TMF-3778</license_plate><vin>L8URNKG0XSSW82RWR</vin><color>Orange</color><year>1977</year></automobile><automobile><person_id>aadcb715-53ab-4b53-ac4c-d5fa9b79844c</person_id><license_plate>7-93306O</license_plate><vin>6TGC9CRN5YJXJJ840</vin><color>MediumAquaMarine</color><year>2000</year></automobile><automobile><person_id>2bc4a0c0-6f74-4705-8366-e1fece2081b3</person_id><license_plate>976-ZAQ</license_plate><vin>0K2NMURL9EXMV2CYR</vin><color>ForestGreen</color><year>1996</year></automobile><automobile><person_id>2bc4a0c0-6f74-4705-8366-e1fece2081b3</person_id><license_plate>070 VHX</license_plate><vin>EAN94D1N9TX7PSJLT</vin><color>DarkOrchid</color><year>1987</year></automobile><automobile><person_id>882b8248-15c2-4635-a9e3-b3c5356e2c3a</person_id><license_plate>9GB 113</license_plate><vin>E20VNXSB1JMY03GY6</vin><color>RoyalBlue</color><year>1988</year></automobile><automobile><person_id>882b8248-15c2-4635-a9e3-b3c5356e2c3a</person_id><license_plate>809-CIKN</license_plate><vin>GMYMDGU83GKTSWU3V</vin><color>DarkSlateBlue</color><year>2017</year></automobile><automobile><person_id>2c24b08a-f4b4-4c9c-b3d1-dabc698269f8</person_id><license_plate>510-VJE</license_plate><vin>N6277W043B7CXAC35</vin><color>MediumBlue</color><year>1970</year></automobile><automobile><person_id>a25d5542-2938-4497-b9e8-bdff5ab5ea45</person_id><license_plate>J08 0YV</license_plate><vin>H2JKPC6D48MN5BUJM</vin><color>Black</color><year>1971</year></automobile><automobile><person_id>c771778d-eeea-44cb-9588-e2cede29ecd3</person_id><license_plate>51Z BI8</license_plate><vin>5ESUTHZV50JRBNLN0</vin><color>CornflowerBlue</color><year>2011</year></automobile><automobile><person_id>8e759a7f-bee1-455a-97b9-f7bc84354850</person_id><license_plate>F29 3FY</license_plate><vin>YNVVUU5M84NTKEX36</vin><color>PeachPuff</color><year>1992</year></automobile><automobile><person_id>701c6d4f-ad8c-4156-8e9e-8a7a1115f372</person_id><license_plate>QMV-489</license_plate><vin>BPB0S7M14SUM09M87</vin><color>FireBrick</color><year>2013</year></automobile><automobile><person_id>701c6d4f-ad8c-4156-8e9e-8a7a1115f372</person_id><license_plate>MEI 647</license_plate><vin>DAX8NUDS98GXF9YF2</vin><color>Green</color><year>1991</year></automobile><automobile><person_id>8d4604ea-7f88-429f-a2ee-bdcbca1e72b6</person_id><license_plate>183 LBG</license_plate><vin>U9NTJWCM2PK7F3NTB</vin><color>Black</color><year>1976</year></automobile><automobile><person_id>8d4604ea-7f88-429f-a2ee-bdcbca1e72b6</person_id><license_plate>659-DTZ</license_plate><vin>ECLB49217V9M2X6VB</vin><color>SpringGreen</color><year>1990</year></automobile><automobile><person_id>34c427f1-c7a1-489b-917d-900aaaffd61b</person_id><license_plate>TVQ-5592</license_plate><vin>1DCXVP9847W71A40R</vin><color>DarkGoldenRod</color><year>2001</year></automobile><automobile><person_id>4f8eb7d6-82eb-495e-8270-fa4190de3f17</person_id><license_plate>87EQ796</license_plate><vin>K3D0TDF68RYVG360M</vin><color>Pink</color><year>2013</year></automobile><automobile><person_id>4f8eb7d6-82eb-495e-8270-fa4190de3f17</person_id><license_plate>815-QWS</license_plate><vin>046W436S88KTJZA85</vin><color>Orange</color><year>2004</year></automobile><automobile><person_id>d8e6fcc5-81f8-4493-9b75-cdfe2f920dd9</person_id><license_plate>030 HQW</license_plate><vin>GKBN05FY9SXNJSZK1</vin><color>MediumVioletRed</color><year>1990</year></automobile><automobile><person_id>2d5e00c0-b0a3-4904-a364-d644c9f8a837</person_id><license_plate>4CH J69</license_plate><vin>LJZYXCN041AZWC8CW</vin><color>MediumSlateBlue</color><year>2013</year></automobile><automobile><person_id>2d5e00c0-b0a3-4904-a364-d644c9f8a837</person_id><license_plate>OOY 670</license_plate><vin>Z76F0HY64ZYV920XA</vin><color>Cyan</color><year>2018</year></automobile><automobile><person_id>d95a1d43-555c-40b3-9a9d-38e09547207e</person_id><license_plate>013 1DP</license_plate><vin>097U67R069WFH9817</vin><color>LightCyan</color><year>2001</year></automobile><automobile><person_id>d95a1d43-555c-40b3-9a9d-38e09547207e</person_id><license_plate>FLW I60</license_plate><vin>V3SV11Y64PN3Y1VWK</vin><color>LightSeaGreen</color><year>2008</year></automobile><automobile><person_id>fa98377d-22f8-484c-a399-3f82f9b423c6</person_id><license_plate>159 CME</license_plate><vin>FFMD3N7Z39F6SYVLP</vin><color>SlateGray</color><year>1977</year></automobile><automobile><person_id>62913936-6b46-4cfb-984b-b23211683002</person_id><license_plate>QAG 137</license_plate><vin>EHRCN8DG903B64LHN</vin><color>MediumOrchid</color><year>1983</year></automobile><automobile><person_id>afb7c66e-525e-467b-8238-c856548fca8c</person_id><license_plate>892 QVE</license_plate><vin>474PLBFCXGM2HECVU</vin><color>BlueViolet</color><year>2016</year></automobile><automobile><person_id>12d26e95-4b32-4b1c-907c-6183bd2288b5</person_id><license_plate>E32-GZY</license_plate><vin>ERZV4FU360VN1DUDU</vin><color>LimeGreen</color><year>2009</year></automobile><automobile><person_id>12d26e95-4b32-4b1c-907c-6183bd2288b5</person_id><license_plate>956 6QI</license_plate><vin>8ANX2A3T3BS09W3JT</vin><color>MediumSlateBlue</color><year>2006</year></automobile><automobile><person_id>5943a7eb-5714-419f-8bbc-fd765e7e4b8a</person_id><license_plate>94F TV1</license_plate><vin>SGPDKVDM0U008FR81</vin><color>DarkTurquoise</color><year>1973</year></automobile><automobile><person_id>d9306d5f-96a0-405e-9902-76dd7d3de8a0</person_id><license_plate>043JZ</license_plate><vin>WZNC5TNC5H9F1ME0E</vin><color>Linen</color><year>1974</year></automobile><automobile><person_id>d9306d5f-96a0-405e-9902-76dd7d3de8a0</person_id><license_plate>806 CAQ</license_plate><vin>P76ZGR4Z974X8EG0M</vin><color>DarkSlateBlue</color><year>1973</year></automobile><automobile><person_id>671d4ea0-18fe-4cc4-82cd-97fe7291349a</person_id><license_plate>3LL 708</license_plate><vin>52KTZ34M5B2ZHNMYC</vin><color>LightGoldenRodYellow</color><year>1978</year></automobile><automobile><person_id>2f57c902-383e-4153-b4c1-f7fa6d46853f</person_id><license_plate>81HC2</license_plate><vin>V06VE9AN4FCK371K6</vin><color>RosyBrown</color><year>1982</year></automobile><automobile><person_id>2f57c902-383e-4153-b4c1-f7fa6d46853f</person_id><license_plate>CUU I72</license_plate><vin>1MK2UELM7HC0284HP</vin><color>MediumBlue</color><year>2016</year></automobile><automobile><person_id>e853da20-ac52-4512-a4a3-41b8789d6693</person_id><license_plate>R85-FOJ</license_plate><vin>CBLP7ZJZ8L89Y15GT</vin><color>ForestGreen</color><year>2003</year></automobile><automobile><person_id>e853da20-ac52-4512-a4a3-41b8789d6693</person_id><license_plate>9R 6W7AKR</license_plate><vin>FR6XMXGH8HP8EA42B</vin><color>Indigo</color><year>1976</year></automobile><automobile><person_id>a10fb9c6-0a1f-4911-96c6-a9b3606c60d5</person_id><license_plate>JRU-086</license_plate><vin>KM5CU74Y17BH6DYDX</vin><color>GoldenRod</color><year>2007</year></automobile><automobile><person_id>a10fb9c6-0a1f-4911-96c6-a9b3606c60d5</person_id><license_plate>GE2 6679</license_plate><vin>UA1YL8DM0J37362M0</vin><color>Peru</color><year>1981</year></automobile><automobile><person_id>f859e188-06e1-42d7-88ec-ca175a8030e1</person_id><license_plate>001NNS</license_plate><vin>MGT0LJGC1ATFXEBB3</vin><color>MidnightBlue</color><year>2023</year></automobile><automobile><person_id>f859e188-06e1-42d7-88ec-ca175a8030e1</person_id><license_plate>769 ZVW</license_plate><vin>9TH4EJX70B7B4720C</vin><color>SlateBlue</color><year>1988</year></automobile><automobile><person_id>2cfa5b90-fa50-48b6-b6e1-224ca68156fb</person_id><license_plate>0F013</license_plate><vin>X9DZAVKP5EXF923Z3</vin><color>GhostWhite</color><year>1980</year></automobile><automobile><person_id>2cfa5b90-fa50-48b6-b6e1-224ca68156fb</person_id><license_plate>U18-95H</license_plate><vin>W26GL0KHXA58AR876</vin><color>Cyan</color><year>1972</year></automobile><automobile><person_id>2cfa5b90-fa50-48b6-b6e1-224ca68156fb</person_id><license_plate>5U M6238</license_plate><vin>5ZPCMWBEX9MXB29UG</vin><color>SpringGreen</color><year>2020</year></automobile><automobile><person_id>cf156fca-ba3d-4b97-adb6-54ff0a31b18b</person_id><license_plate>QEX3123</license_plate><vin>EBGTD3FN7H9G3GZM5</vin><color>Wheat</color><year>1996</year></automobile><automobile><person_id>cf156fca-ba3d-4b97-adb6-54ff0a31b18b</person_id><license_plate>ZNV 151</license_plate><vin>TERWD4W12DFJMFA68</vin><color>Thistle</color><year>2018</year></automobile><automobile><person_id>cf156fca-ba3d-4b97-adb6-54ff0a31b18b</person_id><license_plate>253LW</license_plate><vin>WSCCT2DA67VHZUG3F</vin><color>CornflowerBlue</color><year>1970</year></automobile><automobile><person_id>4f595522-467d-4fbc-a009-c7f70ead14de</person_id><license_plate>HWT 409</license_plate><vin>VU6H5J1E21VD200S9</vin><color>DimGray</color><year>2010</year></automobile><automobile><person_id>4f595522-467d-4fbc-a009-c7f70ead14de</person_id><license_plate>53-40074</license_plate><vin>9AGJYDMT23ALNE22E</vin><color>PapayaWhip</color><year>2008</year></automobile><automobile><person_id>2bd7a01c-8209-47e9-830d-2cba5baeacf3</person_id><license_plate>806 FMV</license_plate><vin>DKW0GR457R8W6JZYU</vin><color>PapayaWhip</color><year>1976</year></automobile><automobile><person_id>edb3fb84-89e4-4f10-834d-1aaca259aa04</person_id><license_plate>OWE 563</license_plate><vin>LKELTZ246Y4S1MBJK</vin><color>LightSlateGray</color><year>2010</year></automobile><automobile><person_id>5917102d-6683-4b0c-a705-d69ad3037a4a</person_id><license_plate>96XH105</license_plate><vin>CPS2UKTAXRZ6GVGLZ</vin><color>Chartreuse</color><year>2013</year></automobile><automobile><person_id>f14a5e66-daa1-4c6f-a772-49a3cfb52d18</person_id><license_plate>X57 0QY</license_plate><vin>DALBFR535WP0JD16D</vin><color>Sienna</color><year>2007</year></automobile><automobile><person_id>f14a5e66-daa1-4c6f-a772-49a3cfb52d18</person_id><license_plate>DCU 918</license_plate><vin>HEC5MJ1C1N5HRNUTP</vin><color>LightSalmon</color><year>1999</year></automobile><automobile><person_id>f14a5e66-daa1-4c6f-a772-49a3cfb52d18</person_id><license_plate>7-N0172</license_plate><vin>2RK74KZR3SFK7F75P</vin><color>DeepSkyBlue</color><year>1970</year></automobile><automobile><person_id>09577cab-a328-4ac6-b55d-4d1f9a06ec8b</person_id><license_plate>30-N493</license_plate><vin>D07DC5KJ679RUXXL3</vin><color>Blue</color><year>1970</year></automobile><automobile><person_id>3f2df6c0-d352-4359-924d-9b050e3c094f</person_id><license_plate>740-IUR</license_plate><vin>58636KJ8XZLMRX3NM</vin><color>Snow</color><year>2021</year></automobile><automobile><person_id>3a7d3d69-90c5-489d-87a9-34e28faa1d20</person_id><license_plate>932-XLQ</license_plate><vin>SM3MCM3A0TD62VS7D</vin><color>Aqua</color><year>1989</year></automobile><automobile><person_id>22e7d7bb-092e-4d80-a7e6-77d004811529</person_id><license_plate>SV 91075</license_plate><vin>9ES68RBB4YGH1LNWJ</vin><color>PaleGreen</color><year>2021</year></automobile><automobile><person_id>abcdd629-2fdc-4e80-9b9d-0bec13fa6e80</person_id><license_plate>LHM 713</license_plate><vin>BSGHRDD41Y18D3X5S</vin><color>LightSlateGray</color><year>1973</year></automobile><automobile><person_id>972b013d-5119-4aeb-8573-a36a299b9e74</person_id><license_plate>GUT Q27</license_plate><vin>5YGF0EVW2DJHZZXPR</vin><color>Gray</color><year>1994</year></automobile><automobile><person_id>972b013d-5119-4aeb-8573-a36a299b9e74</person_id><license_plate>0EGW174</license_plate><vin>CNVJRHYY0NDBF3VT4</vin><color>Thistle</color><year>2019</year></automobile><automobile><person_id>833120a8-0522-45c6-838f-ae0b2d89e29b</person_id><license_plate>096 UCY</license_plate><vin>A7VYFVKT8URR4ES9S</vin><color>Tan</color><year>1975</year></automobile><automobile><person_id>fbd0aeb2-8377-4aa3-9b3e-368b7c857f2a</person_id><license_plate>EDI 756</license_plate><vin>B1BX4M3B92WW07RMJ</vin><color>DarkBlue</color><year>1979</year></automobile><automobile><person_id>fc1b0bfd-f05b-4302-bbd0-1df4aaac5e09</person_id><license_plate>KXY 674</license_plate><vin>BT89Z7JE2RSD4NA8W</vin><color>DarkTurquoise</color><year>1992</year></automobile><automobile><person_id>fc1b0bfd-f05b-4302-bbd0-1df4aaac5e09</person_id><license_plate>VUN 160</license_plate><vin>2LM7ZCHD7SHE893YB</vin><color>FloralWhite</color><year>2013</year></automobile><automobile><person_id>d7bb7af2-3aec-4d5c-86f1-e7527556eb87</person_id><license_plate>C65 8QE</license_plate><vin>66EGNRDJ64XP4S0NP</vin><color>RosyBrown</color><year>2006</year></automobile><automobile><person_id>0db1f4af-43d4-4043-ada7-72ee3ceadc96</person_id><license_plate>YCB-1687</license_plate><vin>WSLRFXHY8RH0GG74M</vin><color>Indigo</color><year>2021</year></automobile><automobile><person_id>0db1f4af-43d4-4043-ada7-72ee3ceadc96</person_id><license_plate>HZG 582</license_plate><vin>W18MGTLD4N8ERAXDL</vin><color>LightGoldenRodYellow</color><year>1992</year></automobile><automobile><person_id>43ea54f5-e2ef-447d-b75b-8264e75cfc3b</person_id><license_plate>190-EBWB</license_plate><vin>HU035P0362ZVALW3W</vin><color>Aqua</color><year>1981</year></automobile><automobile><person_id>43ea54f5-e2ef-447d-b75b-8264e75cfc3b</person_id><license_plate>64YU749</license_plate><vin>XG5PKAU06NU3E2HET</vin><color>Violet</color><year>2019</year></automobile><automobile><person_id>b28c4599-8df8-4068-a881-c43bf7c387b5</person_id><license_plate>E88 3EG</license_plate><vin>79L377MW0TMJ6A4V0</vin><color>LightCyan</color><year>1997</year></automobile><automobile><person_id>b28c4599-8df8-4068-a881-c43bf7c387b5</person_id><license_plate>Z52 5GT</license_plate><vin>WECSGAP89ATHH536N</vin><color>BurlyWood</color><year>2008</year></automobile><automobile><person_id>17087d50-5b94-4673-bc86-408b17f0cc2e</person_id><license_plate>565 1RX</license_plate><vin>V4YC44EK68RVTHLR7</vin><color>LightYellow</color><year>1982</year></automobile><automobile><person_id>17087d50-5b94-4673-bc86-408b17f0cc2e</person_id><license_plate>4088</license_plate><vin>DFG2XFNS1TV5RACVR</vin><color>Yellow</color><year>1991</year></automobile><automobile><person_id>b2c7b17e-e6fe-4afb-8125-aabf2c5372b0</person_id><license_plate>1FX 371</license_plate><vin>LPXA2EK595URA03DH</vin><color>CadetBlue</color><year>1987</year></automobile><automobile><person_id>323f48a9-f6e6-4d56-b0e4-d8bdcc7853e3</person_id><license_plate>HCL 3508</license_plate><vin>R25576G61UG62BG88</vin><color>Orchid</color><year>2004</year></automobile><automobile><person_id>72addd05-3319-4346-b962-c85a57bd577c</person_id><license_plate>62-L402</license_plate><vin>LN2SY2PD9DKVD4UVK</vin><color>PowderBlue</color><year>1978</year></automobile><automobile><person_id>1268a72f-c42c-4ac6-b538-78bf51447a72</person_id><license_plate>IT3 Z1X</license_plate><vin>93EG69E51X5WYMYG8</vin><color>Brown</color><year>1996</year></automobile><automobile><person_id>cd8b3491-0e1e-4f3b-b139-48e37eb2b5ba</person_id><license_plate>959CJD</license_plate><vin>EA0GHC8LXETZ61AXC</vin><color>PaleVioletRed</color><year>2014</year></automobile><automobile><person_id>64d87982-9bf4-4a34-aa8a-c23d0dc332e9</person_id><license_plate>2QV5188</license_plate><vin>68Y5XWHL1W1LJU8JL</vin><color>MediumOrchid</color><year>1978</year></automobile><automobile><person_id>64d87982-9bf4-4a34-aa8a-c23d0dc332e9</person_id><license_plate>26-W500</license_plate><vin>YD5EN3SY3EC35DJLM</vin><color>PowderBlue</color><year>2018</year></automobile><automobile><person_id>64d87982-9bf4-4a34-aa8a-c23d0dc332e9</person_id><license_plate>297 7SO</license_plate><vin>UJCHW7ZL2V4W9SVK5</vin><color>FloralWhite</color><year>1996</year></automobile><automobile><person_id>e43a705d-17f6-4375-af2a-80e18ebd8b6f</person_id><license_plate>024 WFG</license_plate><vin>PG902P719NHC2XE9J</vin><color>Yellow</color><year>1979</year></automobile><automobile><person_id>984f8548-1821-445c-834b-7754e233e8e6</person_id><license_plate>JER-8200</license_plate><vin>EFC96U146MWBZ33RL</vin><color>Magenta</color><year>1981</year></automobile><automobile><person_id>984f8548-1821-445c-834b-7754e233e8e6</person_id><license_plate>118 EGS</license_plate><vin>GW4HB11Y1CY7MYX1C</vin><color>LavenderBlush</color><year>2007</year></automobile><automobile><person_id>984f8548-1821-445c-834b-7754e233e8e6</person_id><license_plate>166 UAT</license_plate><vin>NS1DAD5TXUD7WME3A</vin><color>Beige</color><year>1992</year></automobile></automobiles>