"id"|"first_name"|"last_name"|"sex"|"address"|"phone_number"|"profession"|"company"|"date_of_birth"
"25ca4e87-deaa-4750-b52d-b3348b6b91e1"|"Jessica"|"Matthews"|"F"|"561 Jeffery Village"|"+1-500-598-9521"|"Network engineer"|"Salazar and Sons"|"1925-04-22"
"dd2ef8cb-36a9-4de2-b002-0bafbbcd4bfc"|"Angel"|"Villanueva"|"F"|"206 Jessica Mountains Suite 248"|"+1-255-676-5088x2085"|"Insurance risk surveyor"|"Sanchez Inc"|"1947-01-26"
"c29bcf7d-c2c6-419c-aee6-d4d06b56171c"|"Jamie"|"Smith"|"F"|"448 Barron Hollow"|"942.376.9954x7561"|"Industrial/product designer"|"Gill, Miller and Jimenez"|"1955-03-28"
"243fbda2-503d-48ea-8ea4-5871e76d75fc"|"Angie"|"Ray"|"F"|"148 Wilson Locks Apt. 694"|"(268)951-6840"|"Multimedia programmer"|"Martinez PLC"|"1912-05-03"
"4421be3f-94f6-4e66-a62d-4cf6aeb22dae"|"Eric"|"Watson"|"M"|"378 Troy Centers"|"(961)529-4526"|"Programme researcher, broadcasting/film/video"|"Robinson Group"|"1915-03-01"
"4631f717-8b1a-4e5a-a8ab-b29b7c2548c4"|"Taylor"|"Holmes"|"F"|"117 Heather Garden Suite 383"|"(592)841-1129"|"Government social research officer"|"Walker, Singleton and Stanton"|"1961-09-18"
"f5c19ae3-aca4-48eb-b9e3-f73540f9c4ec"|"Kyle"|"Gonzalez"|"M"|"144 Dakota Extensions"|"306-563-9304x3404"|"Designer, jewellery"|"Graves Ltd"|"1982-12-07"
"fcd18297-fa83-4509-b70b-26cf9bbb9801"|"Anthony"|"Espinoza"|"M"|"697 Phillip Spring"|"899-610-5833x933"|"Occupational psychologist"|"Sanchez, Alvarado and Harris"|"2001-10-09"
"a17df1ed-79dc-4487-bb6c-80e8831f4d94"|"Howard"|"Fernandez"|"M"|"369 Johnson Lake"|"(422)728-3641"|"Therapist, horticultural"|"Gomez-Baker"|"2022-01-05"
"cbd86b38-8194-45e6-842b-615840c03be9"|"Michelle"|"Allen"|"F"|"838 Yates Harbor Suite 905"|"001-536-938-5878x0556"|"Meteorologist"|"Yang, Nunez and Murray"|"1942-12-28"
"da316b30-4819-449b-b846-829b8165562d"|"Tammy"|"Rice"|"F"|"937 Nelson Estate"|"(624)494-0981x07120"|"Secondary school teacher"|"Johnson-Fisher"|"1982-05-08"
"2b4c7fff-d1d5-4ef2-b5b4-9063a331df8c"|"Fred"|"Downs"|"M"|"883 Bailey Trail"|"(925)402-2551x777"|"Television camera operator"|"Novak, Rose and Day"|"2024-04-21"
"74630c50-41cf-483e-a1db-1ec19f76788d"|"David"|"Flynn"|"M"|"904 Lee Burgs"|"(705)492-5595x9834"|"Orthoptist"|"Osborne, Ramos and Barber"|"2018-08-05"
"6a5c2c32-c93d-4bf5-ac75-634d997e4f06"|"Ashley"|"Robbins"|"F"|"90 Quinn Divide"|"(334)798-5663x774"|"Therapist, music"|"Rowland, Peters and Wilcox"|"1965-01-14"
"b538f1c6-074e-4825-9d49-e007a158fddf"|"Heidi"|"Booth"|"F"|"155 King Land"|"7837318907"|"Surveyor, hydrographic"|"Johnson, Browning and Ruiz"|"1952-08-08"
"4ff645cb-1232-4f32-a8c4-7949a2e2a5ae"|"Caitlin"|"Rodriguez"|"F"|"944 Robinson Highway"|"(889)992-3276x767"|"Merchant navy officer"|"Gates PLC"|"2012-01-26"
"179e677c-6fb5-4a6e-b9f3-0b64b94dae2f"|"Linda"|"Orozco"|"F"|"225 Ross Camp Apt. 134"|"8557907509"|"Chartered accountant"|"Kaufman Ltd"|"1959-04-18"
"27c0de8a-7200-46d2-92d4-96258ba1363b"|"Victor"|"Smith"|"M"|"531 Tyler Knoll Apt. 752"|"001-736-821-1294x9621"|"Tax adviser"|"Miller-Wright"|"1920-06-20"
"aff178a3-1eb3-42d0-830d-d1b0bba5c33b"|"Brett"|"Spence"|"M"|"475 Jeffery Isle"|"001-903-770-2944"|"Museum/gallery conservator"|"Mcgee PLC"|"1990-09-05"
"6189848c-179f-4f29-a226-8b611e86675c"|"Michael"|"Wilson"|"M"|"542 Welch Walk"|"+1-293-922-2402x9826"|"Intelligence analyst"|"Brewer, Green and Gordon"|"1971-12-26"
"72dc952b-74ea-48fc-9d33-b8a43d6e8273"|"Erin"|"Richardson"|"F"|"407 Brown Canyon Apt. 503"|"001-997-781-8944"|"Engineer, materials"|"Campbell-Manning"|"1964-08-21"
"bf52c378-afbe-412c-b181-4a705704d154"|"Robert"|"Gallagher"|"M"|"654 Johnson Throughway"|"+1-424-290-3061x1814"|"Agricultural engineer"|"Martin and Sons"|"1912-11-28"
"3aafbc8a-37a3-479f-90ec-57fd8cc2dc2e"|"Cody"|"Hubbard"|"M"|"423 Hernandez Parkways Suite 200"|"(601)539-9755x88185"|"Armed forces training and education officer"|"Barnes PLC"|"1939-06-12"
"c2e99d55-3607-4a06-9d0a-b4cb8fa39477"|"David"|"Skinner"|"M"|"954 Jordan Vista Apt. 756"|"247.760.9014x4586"|"Technical sales engineer"|"Velazquez, Hunter and Townsend"|"2007-04-23"
"6989fe87-f58a-4564-9ec7-35157994a520"|"Kimberly"|"Garner"|"F"|"905 Tara Inlet"|"902-250-5623x64860"|"Medical laboratory scientific officer"|"Miller-Hopkins"|"1974-10-18"
"7e6df1b1-6c0d-4b2c-a3e5-6d0446335a20"|"Justin"|"Glover"|"M"|"707 Ashley Landing"|"277-277-0972x5224"|"Scientist, product/process development"|"Atkinson-Smith"|"1915-05-05"
"af97fdea-97f0-45c5-be10-67294bdebcf2"|"Richard"|"Hanson"|"M"|"566 Amanda Curve"|"+1-486-373-5027x06525"|"Engineering geologist"|"Peterson-Smith"|"1957-05-27"
"65c86252-b1b4-4b98-87e0-6dfa6519570f"|"Monique"|"Simon"|"F"|"953 Moore Crossroad Apt. 549"|"566.524.6367x158"|"Heritage manager"|"Campos-Griffin"|"1930-09-09"
"5ecf9d70-f0b3-40d7-b88c-4e971d57962b"|"Joseph"|"Flynn"|"M"|"171 Julia Station"|"3149276455"|"Conservator, furniture"|"Scott-Park"|"1990-07-05"
"e2fa87d1-01ab-44c7-8d0c-993fffaeed9a"|"Marie"|"Gonzalez"|"F"|"621 Dakota Extensions"|"001-410-317-5424x53225"|"Conservation officer, nature"|"Williams-Flores"|"1977-06-05"
"c4ecc8ef-9d27-410d-bc22-9d4714d9b67c"|"Travis"|"Haney"|"M"|"92 Ross Camp Apt. 134"|"(838)909-2894x01624"|"Consulting civil engineer"|"Johnson Inc"|"2007-07-16"
"f8bdbaa7-4a15-49cb-b468-b77885821409"|"William"|"Espinoza"|"M"|"815 Anderson Parkways"|"(555)382-3412x03384"|"Hospital pharmacist"|"Smith-Flynn"|"1996-04-06"
"29d8d3f3-7393-4d72-b84a-7ba445b959d5"|"Alyssa"|"Jackson"|"F"|"793 Michael Circles Suite 720"|"833.567.0439"|"Banker"|"Williams-Becker"|"1922-06-01"
"81f4cb33-2a15-4e32-8dae-6d8264a30090"|"Melissa"|"Barnett"|"F"|"888 Luna Loop"|"701.708.5072"|"Planning and development surveyor"|"Miller-King"|"2005-01-02"
"1cff9b5f-d96a-463f-8501-0fd1cf13220e"|"Timothy"|"Ramirez"|"M"|"583 Christine Gateway"|"295-631-7647x9620"|"Surveyor, building control"|"Perkins-Mitchell"|"1975-04-15"
"30198009-6611-46d0-a41d-5a38f91c4ca3"|"Trevor"|"Morris"|"M"|"386 Kari Alley Suite 131"|"(896)428-2710x0678"|"Tax adviser"|"Edwards, Choi and Guzman"|"1982-11-12"
"8217f107-ba55-488a-9782-8d2b949d6a2b"|"Vincent"|"Morrison"|"M"|"295 Davis Landing"|"001-231-524-5439x018"|"Comptroller"|"Allen Ltd"|"1930-04-02"
"56c0de8e-80a5-4d19-b83d-683c08ec805b"|"Eric"|"Brown"|"M"|"801 Banks Curve Apt. 123"|"(466)608-8241x2848"|"Financial manager"|"Morgan PLC"|"1994-05-06"
"ce26b44a-2e0d-4243-80bc-e0fcb47bb7f0"|"Alexander"|"Phillips"|"M"|"661 Davenport Fords"|"001-295-761-9855x687"|"Historic buildings inspector/conservation officer"|"Morse-Schultz"|"1964-07-26"
"524b97bd-7109-4b0e-9945-9bce1173483b"|"Richard"|"Lee"|"M"|"237 Thomas Coves Suite 736"|"305-606-3075x3906"|"Information systems manager"|"Jordan, Taylor and Howard"|"1952-01-13"
"d662f431-7604-46d2-ae32-070d7d278419"|"Michael"|"Rojas"|"M"|"189 Shelton Run"|"638-382-8354x9497"|"Community development worker"|"Mitchell-Bartlett"|"1949-03-23"
"c8928634-fe8a-45fc-9420-1367fb74fad5"|"Thomas"|"Smith"|"M"|"943 Bailey Trail"|"(827)752-7981x3921"|"Analytical chemist"|"Foster and Sons"|"1973-07-27"
"4c988c41-4196-4635-a436-d114564e6782"|"Kimberly"|"Skinner"|"F"|"369 Rachel Pine"|"(886)219-1228"|"Sports development officer"|"Gonzalez-Patterson"|"2007-08-02"
"fec80483-cf23-4efe-a3f2-dc5642c92b07"|"Eugene"|"Skinner"|"M"|"847 Randall Burg"|"608.885.3032"|"Teacher, secondary school"|"Johnson, Elliott and Hudson"|"1946-10-01"
"dd53a37c-c7e5-43e3-a064-b6a46f73f672"|"Vickie"|"Howard"|"F"|"297 Rivers Squares"|"(726)664-8932"|"Herbalist"|"Bryant, Murphy and Anthony"|"1945-01-02"
"ccbd5b85-390f-4511-944f-e3af97a00705"|"Gregory"|"Hernandez"|"M"|"569 Scott Valleys Suite 598"|"+1-718-375-9972x0440"|"Radio broadcast assistant"|"Nelson-Glass"|"1993-11-25"
"f1a60f76-ada3-4337-afc6-c1ce3615c30a"|"Christine"|"Wood"|"F"|"267 King Land"|"675-776-8205x0225"|"Air cabin crew"|"Carney, Barker and Hall"|"2022-03-04"
"bea77bd8-8339-4edc-aab2-53253dfd7021"|"Ivan"|"Pham"|"M"|"132 Martinez Grove Apt. 125"|"(778)987-1378x35071"|"Electrical engineer"|"Glenn-Reid"|"1983-07-19"
"c38cd5bd-3cd7-4d85-bbf6-618e19ccfc09"|"Jay"|"Ruiz"|"M"|"951 Jeffrey Run"|"936-766-5508x84002"|"Surveyor, minerals"|"Nicholson, Edwards and Cox"|"2009-05-31"
"5a356c6d-6ea4-465c-a6f5-8d7be3b17f8f"|"Jerome"|"Reyes"|"M"|"187 Jones Courts Apt. 083"|"676.966.8733x5089"|"Occupational hygienist"|"Lopez and Sons"|"1996-10-27"
"d6716782-7071-49ce-8800-c1f1198d12b3"|"Matthew"|"Gonzales"|"M"|"124 Ward Parkway Apt. 076"|"001-602-420-0277x73303"|"Designer, ceramics/pottery"|"Edwards, Cain and Mccoy"|"1991-02-08"
"8cc34281-f798-4b6e-8da6-f76b268368e4"|"Elijah"|"Robbins"|"M"|"932 Hart Estates Suite 718"|"+1-285-278-0684x918"|"Animal nutritionist"|"Lara-Armstrong"|"1995-06-24"
"5584021c-a257-4838-a441-1401e999a6ce"|"Laura"|"Villanueva"|"F"|"89 Christine Gateway"|"770-890-9291x912"|"Insurance risk surveyor"|"Norman LLC"|"1994-11-18"
"893c4ba5-6dff-448f-b749-ee82bb01468a"|"Ashley"|"Fleming"|"F"|"750 Davis Landing"|"+1-415-958-1202x901"|"Scientist, physiological"|"Meyers-Torres"|"1921-08-14"
"8a7e0284-b3ce-4274-9972-b7be00052697"|"Jessica"|"Harrison"|"F"|"769 Smith Avenue Apt. 759"|"623.222.2168x49046"|"Video editor"|"Turner Inc"|"2013-01-07"
"35b91193-7743-4a4e-b26d-51d11dbd5df8"|"Donald"|"Howard"|"M"|"527 Jennifer Track"|"(221)983-9809x6990"|"Production assistant, television"|"Wells, Miller and Pham"|"1911-01-01"
"ad133332-b4e4-429e-934d-a2af2a332c69"|"Megan"|"Haney"|"F"|"515 David Course Apt. 455"|"(586)298-7547"|"Merchandiser, retail"|"Vega-Davis"|"1950-11-25"
"a82e04af-a2ef-4606-9ab2-6ec03ddd1889"|"Rebecca"|"Snyder"|"F"|"946 Kari Alley Suite 131"|"001-727-322-6875x5301"|"Musician"|"Richardson-Wolfe"|"1982-09-04"
"154be2db-9fcf-457b-bc7c-831de8cbcefb"|"Kyle"|"Harper"|"M"|"175 Robert Way"|"+1-451-650-3657x81201"|"Set designer"|"Payne-Brown"|"1944-06-30"
"ac1082f7-b081-4298-8e46-b26fd1af1ed6"|"Kevin"|"Anderson"|"M"|"164 Jessica Mountains Suite 248"|"3012740374"|"Doctor, hospital"|"Moss-Li"|"2004-11-05"
"3eec174a-53e3-4f11-bfc8-4706f8495a79"|"Ruth"|"Barnett"|"F"|"377 Scott Valleys Suite 598"|"9982348611"|"Audiological scientist"|"Wilson Group"|"1970-07-18"
"7bef54f0-6076-40b7-b18b-733fc660665a"|"Lisa"|"Smith"|"F"|"80 Higgins Port Apt. 001"|"267-322-3228"|"Ranger/warden"|"Pruitt-Cook"|"1914-11-03"
"84624254-93fd-495f-afd4-0a7f62acdf92"|"Maria"|"Cannon"|"F"|"434 William Avenue"|"666.662.4653x18319"|"Data processing manager"|"Blake-Shannon"|"1993-05-18"
"55f61b89-e7c5-405d-abd6-e757d8a4b056"|"Alex"|"Green"|"M"|"817 Lynn Lake Suite 253"|"(363)945-0928"|"Rural practice surveyor"|"Johnson, Bailey and Torres"|"1923-04-11"
"39a2c03e-1fe7-430a-9577-f7f8e961f0f1"|"Michael"|"Cole"|"M"|"824 Michelle Isle Apt. 431"|"514-293-0622x386"|"Chemical engineer"|"Hughes, Thomas and Sutton"|"1928-12-09"
"c3c04a4e-d411-4475-851c-5cd19011062f"|"Elizabeth"|"Simon"|"F"|"746 Jackson Harbors Suite 257"|"+1-384-780-4940"|"Quality manager"|"Crawford PLC"|"1930-11-26"
"ea7eeb89-0532-44fb-856f-d774d59ec387"|"Gregory"|"Patrick"|"M"|"542 Catherine Cove"|"001-265-516-2589"|"Quality manager"|"Mitchell-Huynh"|"1924-03-10"
"15403d17-31f6-47d9-84e4-aa34e5ae5058"|"Stacie"|"Williams"|"F"|"514 Phillip Spring"|"(947)759-7238x717"|"Corporate treasurer"|"Schultz Ltd"|"1916-03-28"
"2e30ae19-b5cc-4dfb-b4ca-6aff6725dfba"|"Christopher"|"Velez"|"M"|"769 Catherine Lock"|"206.271.1625x97605"|"Accommodation manager"|"Rhodes Inc"|"2015-08-27"
"389fdbec-427d-41f0-aaba-523f2a38c379"|"Natalie"|"Foster"|"F"|"112 Arnold Cliffs"|"507.448.2756x17797"|"Geographical information systems officer"|"Hernandez, Ball and Holland"|"2018-05-18"
"319dc8b6-f71b-4beb-8195-3435eb10b078"|"Jonathan"|"Park"|"M"|"204 Luna Loop"|"+1-413-783-3220x43160"|"Publishing rights manager"|"Baker LLC"|"1970-01-14"
"80a6a5ef-95ce-4604-acf8-e6b0296c1257"|"Jamie"|"Holmes"|"F"|"423 Gray Walks Apt. 075"|"7565355581"|"Hotel manager"|"Brown, Smith and Taylor"|"1917-10-30"
"34b7d046-d2eb-4e9f-b157-ac4da95339c5"|"Alexander"|"Holmes"|"M"|"979 Morales Gardens Suite 197"|"519-616-3164x16482"|"Scientist, research (life sciences)"|"Smith Group"|"1949-06-22"
"32474b70-3d65-445f-94c9-baae89fac34a"|"Jennifer"|"Moore"|"F"|"16 Gray Walks Apt. 075"|"(668)729-2089x5092"|"Risk manager"|"George-Williams"|"2000-06-09"
"20eb43ff-4ce2-4f24-8368-02af291a2d43"|"April"|"Solomon"|"F"|"201 Angela Lights"|"257-725-8962"|"Doctor, general practice"|"Mcneil, Yang and Fields"|"1933-09-12"
"db188dbb-6f9e-4147-90a4-c811d420b1b4"|"Matthew"|"Weiss"|"M"|"431 Brian Course"|"+1-744-252-8467x73068"|"Television camera operator"|"Anderson PLC"|"1981-01-21"
"86a57c3b-aa5f-43e0-84ef-301f7fe4b92c"|"Ethan"|"Green"|"M"|"418 Welch Walk"|"(870)293-1357"|"Toxicologist"|"Reed, Collins and Garcia"|"1962-01-01"
"3a9c219d-c532-4f22-bfb4-91f5f48df54a"|"Brianna"|"Pham"|"F"|"318 Montoya Walk Apt. 578"|"+1-537-280-0534x61379"|"Lecturer, further education"|"Richardson, Sharp and Rush"|"1944-07-02"
"1cebfd1f-9111-4f13-8e99-c22e6fd12cbd"|"Sherry"|"Velez"|"F"|"105 Luna Loop"|"+1-230-634-0525"|"Camera operator"|"Bradley-Castillo"|"2016-07-27"
"2ae772ba-6c7a-4e0d-9a6b-769bf93839f2"|"Shelly"|"Freeman"|"F"|"407 Oneal Underpass"|"+1-765-546-9282x665"|"Radio producer"|"Williams Inc"|"1954-02-05"
"95eceae0-0919-465c-b6bd-b1154d1c50cc"|"Jason"|"Wood"|"M"|"736 Garcia Road Suite 143"|"801-531-0433x8798"|"Geochemist"|"Wilson, Lee and Sims"|"1928-07-02"
"1eb2b598-73ed-44ce-8327-f955c4878713"|"Jacob"|"Mcdowell"|"M"|"877 Weaver Haven"|"718-628-4198x115"|"Secondary school teacher"|"Mills-Baker"|"1931-11-29"
"336ee7dd-0913-4d44-9a18-d5b1aed97c95"|"Mark"|"Roberts"|"M"|"660 Michael Circles Suite 720"|"7608371823"|"Accommodation manager"|"Lee Ltd"|"1937-04-19"
"06c6f913-95d1-4ef5-97fb-2b6c72f1d830"|"Aaron"|"Wilson"|"M"|"837 Randall Burg"|"+1-444-955-6631x093"|"Nutritional therapist"|"Huang Group"|"1933-09-01"
"5bc20393-0d51-4858-a579-7cb363043fbe"|"Michael"|"Crawford"|"M"|"962 Douglas Springs"|"571-223-1384x254"|"Commercial art gallery manager"|"Perez, Bennett and Foster"|"1927-05-25"
"d3accbb1-8e73-4c2c-bc31-fbaaf369d13c"|"Candace"|"Allen"|"F"|"406 Morales Gardens Suite 197"|"001-879-897-5000"|"Engineer, technical sales"|"Rivera, Freeman and Edwards"|"1941-01-05"
"730635a3-837e-4112-948e-5e04a83c88c4"|"Jerry"|"Young"|"M"|"426 Morales Gardens Suite 197"|"411.277.6103x369"|"Lexicographer"|"Mercado-Williams"|"2020-09-15"
"84368aaa-4549-480e-b779-d19772ba5fd7"|"Todd"|"Evans"|"M"|"618 Christopher Tunnel"|"(504)431-3999x9413"|"Tour manager"|"Johnson Inc"|"1983-11-27"
"54c3a8e1-b3ae-4101-88d3-2bd0724ff4ba"|"Lauren"|"Davis"|"F"|"426 Jeffrey Run"|"271-426-1299"|"Cytogeneticist"|"Young PLC"|"1949-07-30"
"71210ee9-2a0f-455b-9f59-7d7a7a806e95"|"Alyssa"|"Aguirre"|"F"|"590 Newton Wall"|"+1-332-738-0747x7966"|"Development worker, international aid"|"Cook, White and Miranda"|"1976-04-20"
"18cae407-537a-448d-acf7-7ad42cd19c87"|"Mary"|"Hooper"|"F"|"900 Randolph Way Suite 427"|"562-434-0518"|"Engineer, technical sales"|"Kaiser, Murphy and Perez"|"1927-02-06"
"52659ab7-fe12-497f-aafb-f2f206ec6b46"|"Tina"|"Velez"|"F"|"803 Shepard Bridge"|"4014300191"|"Designer, ceramics/pottery"|"Vasquez LLC"|"1935-08-29"
"c86fd505-ffce-4319-b6e8-ffb3b0e5143a"|"Jessica"|"Moore"|"F"|"814 Wilson Locks Apt. 694"|"+1-736-936-3020x564"|"Nurse, children's"|"Clark-Howard"|"1972-03-18"
"1cc41a71-4936-46c4-b637-cad77461238a"|"Daniel"|"Hernandez"|"M"|"465 Christopher Ways"|"264.289.6070x057"|"Quality manager"|"Thornton-Perez"|"1979-09-26"
"426a1890-84e6-4b0a-b8e7-65b93c293106"|"Terry"|"Riley"|"M"|"380 Angela Lights"|"+1-716-216-5200x777"|"Probation officer"|"Casey, Ashley and Spence"|"2020-06-07"
"afe31bf8-afea-415b-b3f8-87994bf5e04f"|"Henderson"|"Anderson"|"M"|"501 Smith Avenue Apt. 759"|"7815216755"|"Marketing executive"|"Potter-Graham"|"1970-08-20"
"92e5968d-5008-4d04-b2b8-eeaf5404feeb"|"Ashley"|"Buchanan"|"F"|"716 Oneal Underpass"|"+1-422-991-1979x95939"|"Scientist, physiological"|"Clark Group"|"1916-05-20"
"962fba7a-7474-4964-9be8-e2e358862e0d"|"Stephen"|"Christian"|"M"|"925 Thomas Wall Suite 035"|"249-746-6377x8300"|"Actor"|"Grimes, Curry and Ryan"|"1944-10-27"
"a08bdf2b-9a51-41b7-bc4f-c527e91c7ec0"|"Andrea"|"Moore"|"F"|"498 Christopher Ways"|"001-889-202-0718x0785"|"Production assistant, television"|"Mcgee-Mcgrath"|"1963-06-01"
"074f3e59-237e-4f9b-bbc4-392ff7fdb95c"|"Michael"|"Riley"|"M"|"969 Ashley Landing"|"001-698-553-0866"|"Corporate investment banker"|"Small-Campos"|"1995-03-03"
"2ab9f3a3-126d-45fe-85f8-7ba7a9d047ce"|"Brandon"|"Vargas"|"M"|"46 Scott Valleys Suite 598"|"551.725.0852x2868"|"Psychologist, counselling"|"Copeland Ltd"|"2023-07-29"
"203a8f77-b916-42d7-ac93-7b132e1a46d8"|"Amanda"|"Rice"|"F"|"897 Ward Parkway Apt. 076"|"841-210-9299x42372"|"Systems analyst"|"Mosley, Roman and Ross"|"1995-12-16"
"0f2540dc-c99e-4c34-84e4-7c975ec973a9"|"Caroline"|"Patrick"|"F"|"552 Jones Cliffs Suite 657"|"001-759-833-4519x14959"|"Clinical molecular geneticist"|"Levy, Griffin and Myers"|"1940-01-20"
"2359ab14-a567-46fd-9b52-d1778a6c1cd5"|"Kevin"|"Pham"|"M"|"984 Jeffery Spur Suite 411"|"001-607-903-6389"|"Quarry manager"|"Lane-Harper"|"1948-01-30"
"fa014d32-cc68-4084-8891-22cc1e6b39e7"|"Michelle"|"Williams"|"F"|"52 Higgins Port Apt. 001"|"7662140718"|"Horticulturist, commercial"|"Webb, Chapman and Macdonald"|"1974-05-23"
"cccb2f68-d754-42eb-b717-0c9a44ffc65f"|"Dale"|"Reyes"|"M"|"127 Cox Turnpike Apt. 083"|"(955)714-0133x70455"|"Hotel manager"|"Nelson-Armstrong"|"1915-08-23"
"d1493108-2911-4a65-bda4-c7e339a93b9e"|"Kristi"|"Franklin"|"F"|"623 Cooley Dam Apt. 601"|"927.237.2575"|"Control and instrumentation engineer"|"Rios, Howard and Crawford"|"1972-12-12"
"db4095d6-9ed9-4dc7-9001-ad01a7f7a24d"|"Angela"|"Franklin"|"F"|"3 Weaver Haven"|"901-590-2741"|"Translator"|"Payne, Pearson and Snyder"|"2012-06-30"
"df6cb458-2e1a-47d3-ae84-012a8dfb54ab"|"Thomas"|"Booth"|"M"|"792 Heather Garden Suite 383"|"958-695-0112"|"Administrator, local government"|"Thompson, Chambers and Diaz"|"1914-10-08"
"c3327263-697e-4b7c-8666-ab5c444f5e8f"|"Thomas"|"Fleming"|"M"|"329 Douglas Springs"|"+1-270-332-9160"|"Journalist, newspaper"|"Good Ltd"|"2013-06-24"
"d662d440-94f4-4752-9e2d-ae76cff83ce0"|"Beth"|"Moore"|"F"|"639 Gray Walks Apt. 075"|"+1-409-484-4340"|"Accountant, chartered"|"Moore, Orozco and Heath"|"1910-02-03"
"73b8b476-7600-411a-b746-c3dcc850bc4b"|"James"|"Cooke"|"M"|"618 Gabriel Hill Apt. 094"|"357-774-1676x83085"|"Jewellery designer"|"Warren-Wright"|"1911-02-16"
"10c28ac9-40ca-49a2-b7a0-e8000c902387"|"James"|"Young"|"M"|"538 Nicole Via"|"001-685-486-0891x0617"|"Accountant, chartered public finance"|"Wiggins, Henderson and Li"|"1940-04-25"
"d70cffe9-1d11-4ba0-b288-818ed4bc5747"|"Ashley"|"Rivera"|"F"|"997 Porter Overpass"|"+1-815-533-9675x5910"|"Commercial/residential surveyor"|"Smith-Lucas"|"1987-09-29"
"7ec48700-63a5-434a-87ec-ac35917fbbf8"|"Jamie"|"Howard"|"F"|"360 King Land"|"344.645.9682x77887"|"Astronomer"|"Watson and Sons"|"2008-10-25"
"a0fb7f39-c4bf-4f0d-b97d-9f785dfcae02"|"Edwin"|"Buchanan"|"M"|"590 Amber Wells"|"+1-340-305-3875x5471"|"Conservation officer, historic buildings"|"Melton, Johnson and Price"|"2007-12-18"
"97be2397-816a-4e27-9836-c5aae9ae755c"|"Carol"|"Cannon"|"F"|"746 Alexis Freeway Apt. 358"|"(625)438-9417"|"Housing manager/officer"|"Cisneros-Brady"|"1977-08-04"
"c5274942-46c5-4575-9f5f-2cea17b726ef"|"Arthur"|"Buchanan"|"M"|"536 Randall Burg"|"773.575.2842x177"|"Operational investment banker"|"Oconnell Ltd"|"1980-07-03"
"e56c1602-b41f-4eac-8797-b34fdf9640be"|"Lisa"|"Wilson"|"F"|"924 Thomas Coves Suite 736"|"244-508-0447"|"English as a second language teacher"|"Delgado and Sons"|"1921-12-01"
"8dfb4090-12f4-43cf-abde-750e08e28735"|"Lisa"|"Torres"|"F"|"923 Christine Gateway"|"3159369158"|"Dispensing optician"|"Anderson and Sons"|"2017-10-29"
"1335034f-cce0-49d2-93f5-f9f8b01201c3"|"Betty"|"Terry"|"F"|"125 Nicole Via"|"001-529-202-1474"|"Site engineer"|"Watson, Martinez and Owens"|"1918-02-05"
"a73758ba-6d5b-4a03-b66f-8699d41596b6"|"Crystal"|"Baxter"|"F"|"86 Chandler Tunnel Suite 681"|"4614413747"|"Marketing executive"|"Moss, Barnes and Roman"|"2016-02-18"
"ad8c555a-8ff5-4561-8461-5aca80c4636f"|"Jillian"|"Lynn"|"F"|"151 Anderson Port"|"886-373-4097"|"Engineer, production"|"Kline-Davis"|"2003-12-20"
"0d886712-63ff-4ac9-9e4d-c1b310e00157"|"Mark"|"Matthews"|"M"|"684 Daniel Plaza"|"(416)665-2692x89986"|"Engineer, energy"|"White-Ayala"|"2014-09-28"
"32503188-30bd-4565-8929-890fc94e1bf4"|"Allen"|"Lynch"|"M"|"39 Charles Extension Apt. 046"|"(948)420-1350"|"Insurance claims handler"|"Cross PLC"|"1910-08-21"
"51e26430-878d-46d1-a9c0-820c57820fc6"|"Courtney"|"Baker"|"F"|"391 Jordan Vista Apt. 756"|"+1-763-908-2138x276"|"Neurosurgeon"|"Morris-Phillips"|"1931-04-13"
"b3e93403-8533-4e80-838c-c0209a2b1a70"|"Steven"|"Allen"|"M"|"138 Arnold Cliffs"|"784-350-0530x26763"|"Surveyor, insurance"|"White Group"|"2005-02-09"
"fb118991-5fea-4937-bf26-869038691436"|"Kevin"|"Parker"|"M"|"320 Tim Avenue Apt. 437"|"679-554-6010x1289"|"Hotel manager"|"Lucas, Barry and Larsen"|"1909-06-24"
"80af7f98-728b-4dfb-b236-28cbd9a4cda9"|"Tina"|"Cole"|"F"|"4 Davenport Fords"|"2646049909"|"Lecturer, further education"|"Johnson Group"|"2023-06-17"
"72186a2f-7416-486f-8c3e-db08c76d4a13"|"Lisa"|"Rodriguez"|"F"|"908 Tim Avenue Apt. 437"|"(286)322-3654"|"Financial controller"|"Hernandez, Shaw and Andrade"|"1915-03-08"
"8aaaab36-19b7-458f-bfe1-21e2b226f606"|"James"|"Gardner"|"M"|"801 Amanda Curve"|"+1-791-681-0625x95992"|"Garment/textile technologist"|"Johnson, Clark and Palmer"|"1990-07-07"
"bfa5546c-132d-4db6-9b0a-908f543acdb6"|"Amanda"|"Anderson"|"F"|"268 Andrew Street Apt. 107"|"001-652-682-4145"|"Music tutor"|"Spence, Mcintosh and Edwards"|"2009-07-05"
"26536218-5e35-4b6a-8601-aabc0f120930"|"Travis"|"Bennett"|"M"|"817 Rivers Squares"|"(735)571-2268"|"Manufacturing systems engineer"|"Harris Inc"|"2005-01-08"
"b48289c1-c229-4cb4-87be-e6a532ce7473"|"Hannah"|"Bailey"|"F"|"289 Morales Gardens Suite 197"|"706.982.0429x35120"|"Hotel manager"|"Macias, Thompson and Roth"|"2012-02-25"
"948a8840-5920-416b-8848-8d693c1db14d"|"Matthew"|"Jones"|"M"|"335 Charles Extension Apt. 046"|"235-369-4354x398"|"Travel agency manager"|"Grant, King and Ortiz"|"2010-06-13"
"1def859e-423a-44d3-9414-5d66187d413d"|"Michael"|"Nichols"|"M"|"54 Johnson Plains Suite 376"|"991-738-8002x4701"|"Horticultural therapist"|"Molina Group"|"1910-02-27"
"0ff9a4c7-b830-4631-9a73-c700e57c7e22"|"Julie"|"Harding"|"F"|"85 Christopher Tunnel"|"787.590.6553x5895"|"Journalist, broadcasting"|"Sullivan-Jones"|"1956-04-02"