<?xml version="1.0" encoding="UTF-8" ?><automobiles><automobile><person_id>da47f558-ea0c-43b3-8db2-2a4b213400a6</person_id><license_plate>751-NFY</license_plate><vin>SY5E4TZR7XJ36ABXP</vin><color>WhiteSmoke</color><year>2002</year></automobile><automobile><person_id>da47f558-ea0c-43b3-8db2-2a4b213400a6</person_id><license_plate>157770</license_plate><vin>5C381LD8X368H8FGN</vin><color>SeaGreen</color><year>2020</year></automobile><automobile><person_id>3ce8bb9a-83b0-4393-926e-7195ca2e3107</person_id><license_plate>57Y EY6</license_plate><vin>T6A4MAUNXNPGXE1BE</vin><color>HotPink</color><year>2003</year></automobile><automobile><person_id>35886d28-7fb6-4a2f-8092-989ede6d21ea</person_id><license_plate>2-D0921</license_plate><vin>RB71K8C89VCR861ZW</vin><color>LightSteelBlue</color><year>1970</year></automobile><automobile><person_id>27fc00e7-236a-475a-a607-53eecc8ebb65</person_id><license_plate>O20 9XE</license_plate><vin>ZFYZYC9F95KNH356X</vin><color>DarkCyan</color><year>2014</year></automobile><automobile><person_id>27fc00e7-236a-475a-a607-53eecc8ebb65</person_id><license_plate>181 DR2</license_plate><vin>6EAF7JLA5KAG5M658</vin><color>MediumVioletRed</color><year>2016</year></automobile><automobile><person_id>8e7801d2-2507-41b0-bda5-644bb79e2c8f</person_id><license_plate>433-WDL</license_plate><vin>NJ32PYET3PK3UNS7E</vin><color>Salmon</color><year>1982</year></automobile><automobile><person_id>3b3b0a64-fcbf-4dd0-ac3e-8f70d6c2a9f1</person_id><license_plate>NPR 150</license_plate><vin>1L9GFACE0C76RB1Z4</vin><color>Chocolate</color><year>2014</year></automobile><automobile><person_id>3b3b0a64-fcbf-4dd0-ac3e-8f70d6c2a9f1</person_id><license_plate>8GI23</license_plate><vin>U8PK92YK3DN4ENN3K</vin><color>LightGray</color><year>2018</year></automobile><automobile><person_id>d197f929-9043-4cfa-8736-09aa31fbc7f6</person_id><license_plate>14H ZX5</license_plate><vin>G9T5DB581R6RWEHNN</vin><color>MediumBlue</color><year>2005</year></automobile><automobile><person_id>d197f929-9043-4cfa-8736-09aa31fbc7f6</person_id><license_plate>874-SGD</license_plate><vin>XU1MB87C94WVRDD0V</vin><color>Linen</color><year>2006</year></automobile><automobile><person_id>792498c0-fe7f-4095-96c3-9081da79fa69</person_id><license_plate>VD 6122</license_plate><vin>4U4D8JYG1BV4P2B4P</vin><color>RoyalBlue</color><year>1974</year></automobile><automobile><person_id>792498c0-fe7f-4095-96c3-9081da79fa69</person_id><license_plate>53G UI4</license_plate><vin>4A1AKVNH8S3EK1SB6</vin><color>Chocolate</color><year>1976</year></automobile><automobile><person_id>e097bdfd-fd81-4f01-b4f1-c43139c8f6f4</person_id><license_plate>083 HZF</license_plate><vin>DSRLTJMS5D5XX9U81</vin><color>DarkGoldenRod</color><year>2023</year></automobile><automobile><person_id>e097bdfd-fd81-4f01-b4f1-c43139c8f6f4</person_id><license_plate>73K•939</license_plate><vin>SZLVNU026R49C7YL1</vin><color>DarkGoldenRod</color><year>2014</year></automobile><automobile><person_id>8d725de7-72a3-49fb-a8e0-79aa91162d71</person_id><license_plate>J20-12I</license_plate><vin>CZH7AZ8H83NUDXLGD</vin><color>Silver</color><year>1981</year></automobile><automobile><person_id>8d725de7-72a3-49fb-a8e0-79aa91162d71</person_id><license_plate>931-319</license_plate><vin>YXY00NC44PWBJ0B9F</vin><color>Chartreuse</color><year>1994</year></automobile><automobile><person_id>9e4235f3-7b34-431b-b0a9-d24c9dd9410b</person_id><license_plate>810 DE3</license_plate><vin>6NPJ7W4K9THT8HS78</vin><color>Black</color><year>1986</year></automobile><automobile><person_id>9e4235f3-7b34-431b-b0a9-d24c9dd9410b</person_id><license_plate>4MW 958</license_plate><vin>KP94LLWF77JJ1HX5K</vin><color>LightSalmon</color><year>1992</year></automobile><automobile><person_id>44283bd0-cbdc-43d4-bcd7-87897b3e1050</person_id><license_plate>UH 7087</license_plate><vin>F5AR95S0XTBGFLHZK</vin><color>PowderBlue</color><year>2007</year></automobile><automobile><person_id>44283bd0-cbdc-43d4-bcd7-87897b3e1050</person_id><license_plate>7NA 734</license_plate><vin>B2NY4TGF5S2UFZUFP</vin><color>MediumTurquoise</color><year>1996</year></automobile><automobile><person_id>b49e287e-4d39-441e-8477-6724ccc895a9</person_id><license_plate>11I LM4</license_plate><vin>ALJZ0SNX83UESS8MW</vin><color>Silver</color><year>1973</year></automobile><automobile><person_id>b49e287e-4d39-441e-8477-6724ccc895a9</person_id><license_plate>UFF-494</license_plate><vin>GR5FNVL95LXL5R3A9</vin><color>AliceBlue</color><year>1977</year></automobile><automobile><person_id>b49e287e-4d39-441e-8477-6724ccc895a9</person_id><license_plate>FAN 508</license_plate><vin>AV9CVAEDXF67PZZ1N</vin><color>DarkGoldenRod</color><year>1999</year></automobile><automobile><person_id>f5b1ee00-1a5f-4a4d-a92d-05c314371877</person_id><license_plate>BDY-646</license_plate><vin>B3K3A61Y5TNUK8TL5</vin><color>PaleTurquoise</color><year>1994</year></automobile><automobile><person_id>f5b1ee00-1a5f-4a4d-a92d-05c314371877</person_id><license_plate>15-42343</license_plate><vin>M4KK162X3K39GED1M</vin><color>LavenderBlush</color><year>2023</year></automobile><automobile><person_id>7e45ad3a-6b14-4ce7-88fa-dfd4c3e324ff</person_id><license_plate>3503</license_plate><vin>9VTBXPND2FJH8H43N</vin><color>MidnightBlue</color><year>2014</year></automobile><automobile><person_id>c57e29a6-6df3-401f-ba76-cda52414f71b</person_id><license_plate>9325</license_plate><vin>RSWF4U3A85TPPZXHT</vin><color>GreenYellow</color><year>1976</year></automobile><automobile><person_id>c57e29a6-6df3-401f-ba76-cda52414f71b</person_id><license_plate>599-TYX</license_plate><vin>5B62Y27P9JRWZLT8V</vin><color>Wheat</color><year>1982</year></automobile><automobile><person_id>18b728bd-a3fe-47d0-b742-373eecdce982</person_id><license_plate>16-NF77</license_plate><vin>10G1G2PV6AWUTLCMD</vin><color>Fuchsia</color><year>2002</year></automobile><automobile><person_id>18b728bd-a3fe-47d0-b742-373eecdce982</person_id><license_plate>770-KGI</license_plate><vin>FJEAZJGE59A1VACYD</vin><color>MintCream</color><year>1990</year></automobile><automobile><person_id>38a9999e-6b19-49c7-ad5b-a600d94cd970</person_id><license_plate>49TU1</license_plate><vin>DX4J3WJC0X1704L3U</vin><color>Cyan</color><year>2023</year></automobile><automobile><person_id>98f3601d-8bc4-4c1c-ac84-00bce1ff63a8</person_id><license_plate>7-22377</license_plate><vin>131PM2E11JPB75V27</vin><color>Green</color><year>1971</year></automobile><automobile><person_id>98f3601d-8bc4-4c1c-ac84-00bce1ff63a8</person_id><license_plate>HVP 222</license_plate><vin>CZUW72WE2WM85PCU9</vin><color>Green</color><year>2011</year></automobile><automobile><person_id>7680340a-a9e4-4c94-9444-0f9abb43a7d4</person_id><license_plate>TBZ-632</license_plate><vin>08KV35PD4W6VHM8EZ</vin><color>MediumPurple</color><year>1994</year></automobile><automobile><person_id>91b853dc-48be-4c09-a5f7-4759616858d8</person_id><license_plate>85K L24</license_plate><vin>VKUZBF8R7178JTCBN</vin><color>RoyalBlue</color><year>1998</year></automobile><automobile><person_id>ae978e5d-e1a8-47a6-8e80-3db7c0a942f6</person_id><license_plate>4EY5339</license_plate><vin>SJEDJKSW0X8G52YZ9</vin><color>Aqua</color><year>1981</year></automobile><automobile><person_id>f11eeb3d-d2cd-452c-b26d-c106809245cd</person_id><license_plate>229YSH</license_plate><vin>U5996UGU6JUVRX4K7</vin><color>Sienna</color><year>1984</year></automobile><automobile><person_id>f11eeb3d-d2cd-452c-b26d-c106809245cd</person_id><license_plate>25-P799</license_plate><vin>ZW9K03Y00DW4ZNWPF</vin><color>NavajoWhite</color><year>1977</year></automobile><automobile><person_id>f11eeb3d-d2cd-452c-b26d-c106809245cd</person_id><license_plate>RJ-2713</license_plate><vin>537H102E14LJA1WR6</vin><color>RosyBrown</color><year>1981</year></automobile><automobile><person_id>69c304ea-0138-4916-8119-b0a4dfdc3b6d</person_id><license_plate>55-EV94</license_plate><vin>T82VUG1L12J54X5YG</vin><color>DarkSlateBlue</color><year>2012</year></automobile><automobile><person_id>2c5551ae-cb07-4d3d-baf5-1c9404216f6e</person_id><license_plate>545 4CM</license_plate><vin>GSG3ZK8W4KFZ936Z8</vin><color>LimeGreen</color><year>1987</year></automobile><automobile><person_id>879746f1-d238-48f5-a248-507aeff23c8d</person_id><license_plate>077 XYB</license_plate><vin>WUVWKENU9A3XN817U</vin><color>DarkOrange</color><year>1994</year></automobile><automobile><person_id>766f20cb-3fd1-44cb-be68-cdd1b7fab8c1</person_id><license_plate>XBQ 038</license_plate><vin>T3XLHS584TFDNXP09</vin><color>LightSeaGreen</color><year>1975</year></automobile><automobile><person_id>c6f7f0ee-f9c4-4bee-a326-475fc12ccc8b</person_id><license_plate>3C 7O6YRD</license_plate><vin>AF24AA5G2C7WYEE9L</vin><color>Peru</color><year>2006</year></automobile><automobile><person_id>c6f7f0ee-f9c4-4bee-a326-475fc12ccc8b</person_id><license_plate>HOO-6962</license_plate><vin>0VF7AH0S9M84B2VLT</vin><color>SaddleBrown</color><year>2012</year></automobile><automobile><person_id>5a4d0bfc-78ab-4699-9c04-eb34e51d6c4d</person_id><license_plate>GPI-460</license_plate><vin>WLRHPJ4411X7MT5E0</vin><color>Cyan</color><year>1984</year></automobile><automobile><person_id>79928273-3ca6-44ea-9ed6-874a6167a508</person_id><license_plate>DOW-3910</license_plate><vin>2X316WE39MSZMVE12</vin><color>SeaGreen</color><year>1988</year></automobile><automobile><person_id>79928273-3ca6-44ea-9ed6-874a6167a508</person_id><license_plate>766-JDR</license_plate><vin>TJDCU9BPXW7W8314E</vin><color>Orchid</color><year>1982</year></automobile></automobiles>