"id"|"first_name"|"last_name"|"sex"|"address"|"phone_number"|"profession"|"company"|"date_of_birth"
"c5e2dbbc-97f2-4f1d-afac-2543d0d35e1a"|"Daniel"|"Hicks"|"M"|"154 Jennifer Track"|"(217)315-2164x80287"|"Plant breeder/geneticist"|"Perez-Dyer"|"1932-06-09"
"8795b475-20f0-419a-83c8-a74bdba1001f"|"Steven"|"Padilla"|"M"|"19 Nathan Views"|"5687051263"|"Civil Service administrator"|"Boyle Ltd"|"2017-09-11"
"f1d74d7e-2905-4932-99c9-5e2ce63d3ed7"|"Stephen"|"Skinner"|"M"|"123 Tiffany Gateway"|"6492829588"|"Programmer, multimedia"|"Banks, Higgins and Oneal"|"1917-03-08"
"ee5894d8-cbf4-4eda-9c65-5ca96044e059"|"Christina"|"Roberts"|"F"|"521 Donald Village Apt. 289"|"323-634-2157x91993"|"Restaurant manager, fast food"|"Williams, Ritter and Chandler"|"1980-03-21"
"82c33af1-e44c-4021-9300-20314d42cc74"|"Donna"|"Cordova"|"F"|"580 Alexis Run Suite 764"|"+1-468-805-9788x642"|"Maintenance engineer"|"Lamb and Sons"|"1927-11-27"
"cd97055e-c43e-4aae-bd8b-810aab892c74"|"Eric"|"Aguilar"|"M"|"667 Ward Parkway Apt. 076"|"001-802-550-0982x280"|"Editor, film/video"|"Morales, Thompson and Young"|"1927-11-08"
"cf023ffa-fc7d-4315-88fb-78a955bc9f58"|"Michael"|"Nichols"|"M"|"764 Gabriel Hill Apt. 094"|"8422335194"|"Product/process development scientist"|"Brown, Brandt and Taylor"|"1979-08-03"
"871a20d5-d973-4ad1-8773-3954caf4bda1"|"James"|"Hall"|"M"|"518 Luna Loop"|"517.770.4084x34220"|"Designer, jewellery"|"Martin-Mejia"|"1990-08-14"
"d1ee0c16-93fc-4e5a-800a-a29a1e6882ed"|"Michael"|"Jones"|"M"|"986 Alexis Run Suite 764"|"308.373.3370"|"Clinical cytogeneticist"|"Rice Ltd"|"1931-12-04"
"d611d6a4-e222-450d-acc5-064112393ef0"|"Kimberly"|"Jordan"|"F"|"57 Oneal Underpass"|"001-588-289-9540x7425"|"Textile designer"|"Anderson and Sons"|"1923-10-05"
"7205c775-15aa-4a07-96d8-60a8eb33cfb2"|"Steven"|"Cochran"|"M"|"837 Robin Junctions Apt. 618"|"001-583-347-0287x2527"|"Geophysical data processor"|"Lewis Inc"|"1923-01-12"
"adadf11a-64d3-4ba6-bdc3-054fbfed249d"|"Valerie"|"Williams"|"F"|"25 Colleen Mount"|"832-486-5316"|"Operational researcher"|"Hendrix-Swanson"|"1993-03-09"
"2cb94bfa-4df2-4def-a6b7-085c90212c95"|"Melinda"|"Jackson"|"F"|"562 Christopher Tunnel"|"001-238-640-2369x373"|"Programmer, multimedia"|"Brewer, Williams and Fitzgerald"|"1947-04-02"
"bb1ef4a9-1322-4759-a460-71adac0f39b3"|"Audrey"|"Watson"|"F"|"385 John Fall Apt. 476"|"+1-260-992-2623x607"|"Air broker"|"Taylor Ltd"|"2000-03-09"
"6ebb4af6-056b-49f0-a77e-41cf40b81560"|"Kevin"|"Ramirez"|"M"|"652 Wilson Locks Apt. 694"|"001-237-674-5012x16516"|"Multimedia specialist"|"Cooper Ltd"|"1992-02-28"
"cfaf62fe-b5ad-486b-90ad-697c7c918d0c"|"Katherine"|"Pittman"|"F"|"940 Andrew Street Apt. 107"|"565.958.4476x8546"|"Chartered management accountant"|"Mccullough-Rodriguez"|"1932-01-31"
"eecb956e-c2b8-4c3d-89f8-87c1f506c397"|"Jill"|"Rojas"|"F"|"724 Christopher Ways"|"001-828-946-7900x70636"|"Sales professional, IT"|"Oneill, Frost and Smith"|"1909-03-05"
"af7865b3-30e8-4681-b5d3-9eea2b46707a"|"Norma"|"Mckee"|"F"|"623 David Course Apt. 455"|"259.636.5471x979"|"Homeopath"|"Anderson-Ayers"|"1970-12-02"
"61c7d3f4-8439-4f18-88ef-1647ecdde56d"|"Dana"|"Solomon"|"F"|"660 Hart Estates Suite 718"|"390-290-3825x46846"|"Equities trader"|"Scott-White"|"1986-10-09"
"3f6bc07b-3bb6-4599-8c68-bb1254ea2b4e"|"Donald"|"Smith"|"M"|"798 Lynn Lake Suite 253"|"242-928-9024"|"Farm manager"|"Cox-Caldwell"|"1991-08-04"
"e3e2903a-04fe-4570-a043-fa81cd28c445"|"Tamara"|"Schwartz"|"F"|"490 Rivers Squares"|"679-729-4265x2139"|"Therapist, speech and language"|"Greer, Thompson and Farrell"|"1945-09-17"
"5fe0dc68-417e-4854-8af9-a1d6b1887ee3"|"Alexandra"|"Colon"|"F"|"532 King Land"|"708-354-7128"|"Engineer, drilling"|"Elliott Group"|"2012-11-11"
"a57146a5-99b8-4872-a168-8a9cb7306ed5"|"Mathew"|"Powers"|"M"|"689 Mills Springs"|"001-440-628-2347"|"Runner, broadcasting/film/video"|"Olsen PLC"|"1973-11-18"
"37665f80-79a0-4042-af7f-07e51bfd1dc1"|"Cynthia"|"Moore"|"F"|"54 Stacey Via Suite 001"|"+1-590-545-1147x671"|"Psychologist, counselling"|"Wilson, Gray and Alvarez"|"2012-02-25"
"ceb7a111-f5ed-4425-a8ad-b2bce181ece9"|"Elizabeth"|"Zuniga"|"F"|"209 Kari Alley Suite 131"|"(347)894-8786"|"Automotive engineer"|"Gonzalez, Coffey and Wu"|"1973-09-25"
"e61be0b1-1dbf-4e8d-96bc-7ebbb1e6eb0d"|"Holt"|"Daniels"|"M"|"306 Yvette Loop"|"641.591.4417x10250"|"Manufacturing engineer"|"Santiago-Villa"|"1931-05-01"
"d6023b52-b80a-4b80-8c12-9a714fd0c1f9"|"Fernando"|"Sanders"|"M"|"125 Phillip Spring"|"001-881-990-5429x64549"|"Insurance account manager"|"Ibarra-Mitchell"|"1981-07-21"
"4401c277-1c39-4fae-8dc1-d42e60942d6b"|"Peter"|"Pena"|"M"|"491 Gabriel Hill Apt. 094"|"001-728-410-9537x8510"|"Recruitment consultant"|"Carter-Galvan"|"1963-06-15"
"56f6a1f6-c05d-4679-b86e-0b35bc9823ae"|"Nathan"|"Fisher"|"M"|"834 Patricia Trafficway Apt. 188"|"001-779-873-8182"|"Ranger/warden"|"Frank-Dyer"|"2016-10-25"
"3bfc9db0-0231-43ad-bfc2-e7f122b44b87"|"Matthew"|"Smith"|"M"|"607 Alexis Freeway Apt. 358"|"858-461-5246x581"|"Accountant, chartered management"|"Bernard-Young"|"1941-04-11"
"70a82787-164b-4110-aa1e-bfe925a5efad"|"Henry"|"Matthews"|"M"|"347 Nelson Estate"|"605.861.0516x556"|"Sports coach"|"Gibson-Haas"|"1968-04-11"
"e65d9449-2b8c-4615-84d8-170c8f8f156f"|"Donna"|"Allen"|"F"|"806 Yvette Loop"|"512-503-7052x37656"|"Marine scientist"|"York-Cook"|"2003-10-07"
"c421a580-b708-4737-b3e9-30ed837fbe22"|"Kaitlin"|"Barnett"|"F"|"488 Smith Avenue Apt. 759"|"(809)647-8434x6251"|"Exhibitions officer, museum/gallery"|"Bridges-Wong"|"1914-10-14"
"5508c74c-91d7-43bd-8356-cbd8995b7566"|"Brandon"|"Fernandez"|"M"|"23 Matthew Keys"|"(622)865-5212x555"|"Biomedical engineer"|"Estrada and Sons"|"2016-09-01"
"32ea2c34-a8ec-45de-a22b-f721de3a5d74"|"Marc"|"Harrison"|"M"|"828 Dakota Extensions"|"(655)780-6887x6108"|"Hospital pharmacist"|"Cook LLC"|"1936-09-06"
"b8652326-c3d9-4f3e-8f15-d69186be85e9"|"Steve"|"Freeman"|"M"|"191 William Avenue"|"001-525-366-8286x53175"|"Administrator, charities/voluntary organisations"|"Porter-Ochoa"|"1930-12-21"
"7a618acc-50f4-4343-a4bd-6b64c6b27d33"|"Edward"|"Perez"|"M"|"616 Daniel Plaza"|"(651)996-4653"|"Immigration officer"|"Jones, Howard and Howard"|"2009-01-28"
"8b07b8fe-8912-4745-b173-59e0b85ae55f"|"Ruiz"|"Robinson"|"M"|"496 Rachel Pine"|"967.645.2510"|"Radiographer, therapeutic"|"Strickland, Cannon and Coleman"|"1973-02-17"
"f3042714-50cb-48ba-9fd8-b50a691d0ae1"|"Joshua"|"Welch"|"M"|"777 Daniel Plaza"|"(733)340-3293x00717"|"Paramedic"|"Lee, Garcia and Levy"|"1957-08-18"
"9d60c884-e27c-49d0-8553-b6214575fc8e"|"Taylor"|"Cordova"|"F"|"987 Randolph Way Suite 427"|"366-467-6202x099"|"Production manager"|"Blake, Brown and Willis"|"1984-08-20"
"26d7bf4d-f8d9-4dff-955f-1f461c94c555"|"Douglas"|"Welch"|"M"|"89 Stacey Via Suite 001"|"5905166343"|"Catering manager"|"Brown Ltd"|"2005-11-05"
"4ba3c5e7-709d-4fbb-af1d-07fb85b687ea"|"Sarah"|"Watkins"|"F"|"213 Weaver Haven"|"+1-857-838-6372x0913"|"Automotive engineer"|"Hudson, Howe and Park"|"2018-06-04"
"63c39ed3-3d29-4048-baa1-a62a47bf9e3f"|"Brian"|"Tran"|"M"|"159 Andrew Street Apt. 107"|"646-720-7972x557"|"Financial risk analyst"|"George-Ballard"|"1964-05-07"
"a3cf5d26-ad51-4edd-9fed-09cd9b139b36"|"Angela"|"Jones"|"F"|"813 Scott Valleys Suite 598"|"376-584-7187"|"Administrator, local government"|"Trevino, Ortiz and Price"|"1967-05-04"
"f1e85add-e2e4-4b09-90eb-64e261a83a05"|"Brittany"|"Fisher"|"F"|"375 Andrew Street Apt. 107"|"+1-624-535-2821x67569"|"Translator"|"Murray, Mosley and Walsh"|"2023-03-26"
"ebf894a4-1c24-4695-aa03-b992e3d6ccfb"|"Allison"|"Buchanan"|"F"|"986 Simpson Mill Apt. 030"|"271.257.8767x4260"|"Ceramics designer"|"Daniel-Castillo"|"1976-07-17"
"ca26da58-248d-4ba7-aeab-673fd8db7ab9"|"Anthony"|"Curry"|"M"|"569 Angela Lights"|"829-853-0740x577"|"Oceanographer"|"Salazar, Campbell and Gray"|"2015-11-01"
"df118c47-0490-4ce2-93fd-d8d20f4ec656"|"Austin"|"Craig"|"M"|"408 Collins Skyway"|"660.585.1795"|"Bookseller"|"Mendoza LLC"|"2017-01-01"
"d8f73dba-9878-4404-92e8-21feb3854297"|"Shelly"|"Stewart"|"F"|"963 Alexis Run Suite 764"|"605.670.6257"|"Music therapist"|"Nixon LLC"|"2010-11-07"
"34b6d755-0717-491e-91dd-e828e1021824"|"Frank"|"Ruiz"|"M"|"861 Amanda Curve"|"8037412013"|"Television production assistant"|"Adams PLC"|"2015-10-24"
"a3dc9c78-bc6c-4ad4-9902-86f1981e661d"|"April"|"Mccullough"|"F"|"684 Matthew Keys"|"+1-711-435-7084x813"|"Audiological scientist"|"Meyer-Bradshaw"|"1924-10-09"
"89eca213-d8f3-467a-aedd-d4bd237d6749"|"Michelle"|"Torres"|"F"|"667 Diana Point"|"589-514-3170x502"|"Psychologist, educational"|"Vazquez, Owens and Barnett"|"1990-12-11"
"6d1fa297-7c27-4e87-867d-b517e3409721"|"Dennis"|"Osborne"|"M"|"353 Rosario Loop"|"001-983-836-4027x7479"|"Furniture conservator/restorer"|"Clark-Johnson"|"2018-10-16"
"770802bf-e5a5-4794-b3a2-5b15368c909b"|"Mary"|"Ramirez"|"F"|"205 Barry Shoal Suite 612"|"589-253-0073x8783"|"Surveyor, mining"|"Brown-Wright"|"1963-12-16"
"b8ae339b-4fb1-4331-833a-bbaa231221a3"|"Natalie"|"Patrick"|"F"|"434 Daniel Plaza"|"472.598.8889"|"Scientist, research (medical)"|"Cole-Williams"|"1909-04-07"
"e61628b8-a35d-48ed-a568-372479ab071f"|"Michelle"|"Foster"|"F"|"508 Rosario Loop"|"769-557-9292x3212"|"Psychologist, clinical"|"Clay Group"|"1938-03-27"
"6ae9eb49-f3eb-4a05-8914-ffd1bea72f16"|"Lisa"|"Shelton"|"F"|"117 Amber Wells"|"441.519.7509x4147"|"Pathologist"|"Richardson-Hill"|"1991-09-10"
"76062b9e-8071-4ba7-821a-1809fe6b5bf0"|"Kevin"|"Garner"|"M"|"219 Douglas Springs"|"(804)245-3683"|"Town planner"|"Bishop, Hubbard and Nelson"|"1944-04-10"
"6667ebeb-9a54-415b-9cf5-0755ef14b39e"|"Brian"|"Hubbard"|"M"|"925 Amanda Curve"|"(372)326-0909"|"Scientist, biomedical"|"Rubio Group"|"1955-06-30"
"fda63716-d53d-4fba-971c-d988b78c76cf"|"Salas"|"Gates"|"M"|"253 Martin Field"|"001-669-979-6693x49010"|"Tax inspector"|"Davis and Sons"|"1931-05-26"
"a013a49b-f70d-4b3d-a6f4-710bc4e8f7f9"|"Gary"|"Moore"|"M"|"734 Jonathan Place"|"8537485682"|"Make"|"Hernandez, Perez and Pena"|"1973-01-24"
"d2a45bd3-0d21-4d11-92df-e24be223f2a2"|"Amber"|"Espinoza"|"F"|"922 Rachel Pine"|"001-739-584-6452x2208"|"Sub"|"Smith, Aguilar and Frank"|"1939-05-12"
"cfc524dd-7244-42a4-9f0b-8082437d99f8"|"Michelle"|"Mitchell"|"F"|"579 Ward Parkway Apt. 076"|"976.563.8334"|"Therapist, horticultural"|"Simpson-Ponce"|"1945-04-19"
"b8c0b78a-cf5f-49bf-9cbe-78edbb758db6"|"Jesus"|"Zuniga"|"M"|"873 Anderson Parkways"|"001-357-841-5652x0083"|"Artist"|"Villa Group"|"2018-06-07"
"9776045a-d51e-4f5d-8e50-71a08b29b762"|"Lisa"|"Stone"|"F"|"501 Porter Overpass"|"932.514.4165"|"Therapist, horticultural"|"Brewer PLC"|"2006-05-28"
"4e0b0f93-8710-44ab-ac71-1975120355ad"|"Emily"|"Miller"|"F"|"74 Diana Point"|"982.915.3586x3940"|"Quantity surveyor"|"Fernandez, Brown and Torres"|"1936-07-15"
"587eaec1-5091-41ce-b912-f9b75bd89b7e"|"Brenda"|"Osborne"|"F"|"632 Cox Turnpike Apt. 083"|"+1-992-762-9418x960"|"Armed forces logistics/support/administrative officer"|"Black, Hayes and Paul"|"2015-04-05"
"6153cbba-a812-4515-83ee-44cae397b40a"|"Kayla"|"Floyd"|"F"|"917 Alexis Run Suite 764"|"001-326-822-1852x382"|"Insurance risk surveyor"|"Ramirez-Mueller"|"1970-12-31"
"11b1b15a-b6b7-4399-b29e-aebdcd52fb60"|"Lisa"|"Rivera"|"F"|"320 Hart Estates Suite 718"|"(456)730-2353"|"Advertising account planner"|"Taylor Inc"|"1958-01-17"
"e4a140e4-ada3-4d9a-9ad0-666e277381a3"|"Andrew"|"Cole"|"M"|"858 Morales Gardens Suite 197"|"(472)933-4768"|"Building services engineer"|"Valdez-Brown"|"1935-11-07"
"214f1008-7000-475d-9559-2e5621696f07"|"Nicole"|"Cooke"|"F"|"974 Johnson Lake"|"649-971-2718x5687"|"Scientist, marine"|"Torres-Gonzalez"|"1966-05-23"
"4ddfec2a-2082-400d-84bb-f2d605397e15"|"David"|"Mcdaniel"|"M"|"275 Shelton Run"|"+1-781-739-9629x20305"|"Paramedic"|"Clark-Cochran"|"2006-10-25"
"1f4f0004-f3dc-4aa7-90b2-7d7e5c778a41"|"Mackenzie"|"Simon"|"F"|"241 Catherine Cove"|"001-333-381-2558"|"Pensions consultant"|"Oliver, Cordova and Shaffer"|"1985-10-29"
"cb73e684-f570-46a2-9bac-f92b50b81650"|"Michael"|"Jones"|"M"|"757 David Passage Suite 979"|"001-280-710-5476x8800"|"Engineer, land"|"Gomez Group"|"1988-09-24"
"c409607d-a0c8-468e-b965-965db92b36e8"|"Lisa"|"Terry"|"F"|"318 Davis Landing"|"2108120005"|"Runner, broadcasting/film/video"|"Benton, Williams and Arellano"|"1919-12-30"
"a53cab2e-d0ea-4cc9-a983-e52ba4e9622b"|"Lorraine"|"Drake"|"F"|"223 Montoya Walk Apt. 578"|"804.898.3317x2017"|"Surveyor, mining"|"Wilkins and Sons"|"1981-12-16"
"55a22e7d-d211-467f-bc12-7c3db4fe32dd"|"Audrey"|"Jackson"|"F"|"913 Stacey Via Suite 001"|"001-892-984-1237"|"Estate agent"|"Gray-Moore"|"1965-02-01"
"723043cf-a44a-48b0-9281-c3e93646b071"|"Keith"|"Foster"|"M"|"774 Martin Field"|"9649842869"|"Fisheries officer"|"Moore PLC"|"1943-10-13"
"7bf83e41-ac0c-4725-ba65-c774e7e3f07b"|"Sarah"|"Boone"|"F"|"305 Heather Garden Suite 383"|"870-291-0434x264"|"Investment banker, operational"|"Reyes, Martinez and Saunders"|"1916-05-16"
"623e7b48-dab9-4d73-9be3-4f8c207793b2"|"Bryan"|"Freeman"|"M"|"896 Pham Ports"|"563-281-1272x6987"|"Customer service manager"|"Cannon Ltd"|"1972-03-09"
"54a47649-7abc-4b23-a6d6-83fef23a9817"|"Robert"|"Green"|"M"|"175 Rivers Squares"|"809.971.6712x0731"|"Film/video editor"|"Landry LLC"|"2005-09-01"
"5412b250-afbd-4632-91cf-9b59a383eafc"|"Desiree"|"Torres"|"F"|"870 Davenport Fords"|"001-913-303-8955x719"|"Purchasing manager"|"Lee-Fuller"|"1917-01-11"
"8f31e538-7b8b-4636-90a9-93f2806404b2"|"Brandy"|"Gonzales"|"F"|"525 Tyler Knoll Apt. 752"|"4633759051"|"Engineer, land"|"Hess LLC"|"1924-04-14"
"999f71a7-114d-4325-91dd-cbc8ce5d1091"|"Jessica"|"Stewart"|"F"|"568 Alexandra Bridge Suite 474"|"536.653.4255"|"Engineer, technical sales"|"Scott, Hunter and Choi"|"1967-05-31"
"46fafcdf-bc86-4d8d-80bf-65b53e9eff06"|"Jeffrey"|"Weiss"|"M"|"92 Montoya Walk Apt. 578"|"320.642.9179x01766"|"Clinical biochemist"|"Williams LLC"|"1976-05-08"
"46b73938-265a-4db8-96b6-84fa5150850e"|"Daniel"|"Hernandez"|"M"|"34 Thomas Wall Suite 035"|"294.874.5855"|"Retail merchandiser"|"Miller-Garcia"|"2006-11-28"
"af379785-fedb-4c94-b3e5-bb5ae3b842ad"|"Lawrence"|"Mcdowell"|"M"|"46 Elizabeth Creek Apt. 423"|"001-611-273-0656x57538"|"Civil engineer, contracting"|"Torres-Bates"|"1968-09-18"
"f005f6b6-2d1b-4ec9-a108-b1eb44d69e9c"|"Andrea"|"Gardner"|"F"|"98 Jeffery Isle"|"986.808.0356"|"IT trainer"|"Campbell, Burns and Warren"|"2009-05-10"
"94bd244d-d4c8-4f29-b2f7-32d51076949a"|"Amanda"|"Buchanan"|"F"|"947 Smith Avenue Apt. 759"|"001-949-900-9648x42123"|"Engineer, site"|"Barnett Inc"|"1984-12-23"
"c4f61b49-bcff-4688-9f9d-045ae3d516ee"|"Martin"|"Romero"|"M"|"788 Jacobs Ports Suite 715"|"7739000017"|"Soil scientist"|"Grimes, Baird and Simmons"|"2005-10-14"
"e01a1cb8-2137-4c74-b0a0-04f1d34c4e06"|"Laura"|"Hubbard"|"F"|"443 Jackson Harbors Suite 257"|"922-860-7659"|"Public house manager"|"Murray, Best and Bryant"|"1956-03-05"
"aaffa46f-30cd-46be-a751-d479cdc02460"|"Kyle"|"Flynn"|"M"|"622 David Course Apt. 455"|"(622)626-8276x6265"|"Tourist information centre manager"|"Williamson, Williams and Henry"|"2004-02-01"
"2d4e0b42-6e61-4195-b0b8-d5394e249171"|"Steven"|"Floyd"|"M"|"478 Daniel Plaza"|"(623)970-6044x654"|"Chiropractor"|"Stanton-Kaiser"|"1914-05-13"
"13c4e296-cdc4-4d36-8639-b052812ca308"|"Andrew"|"Parker"|"M"|"160 Hart Estates Suite 718"|"633-798-2919x4619"|"Medical secretary"|"Zhang, Farley and Price"|"1947-10-07"
"e1b3543f-d242-49c2-9ec1-b5a16dbd0c62"|"John"|"Orozco"|"M"|"612 Douglas Springs"|"+1-727-287-4578x000"|"Hospital doctor"|"Myers, Watson and Jensen"|"1970-12-22"
"f3a65662-7587-4f6c-82f2-1bc4644c817f"|"Victoria"|"Jones"|"F"|"636 Lewis Trace"|"001-200-649-6448"|"Exhibition designer"|"Price Inc"|"2019-07-17"
"57e7ea44-cc80-4193-b240-999d76781679"|"Thomas"|"Williams"|"M"|"657 Thomas Wall Suite 035"|"475-907-7068"|"Physiotherapist"|"Gonzalez Group"|"1991-04-30"
"bec3d3d8-00c1-4791-b09a-fc2bf24cb1fd"|"Theresa"|"White"|"F"|"810 Randall Burg"|"001-384-346-3662x48670"|"Intelligence analyst"|"Perry and Sons"|"1938-08-17"
"75c799f4-c536-4ddf-aaf1-0f5970ac7689"|"Douglas"|"Jones"|"M"|"354 Montoya Walk Apt. 578"|"5382028586"|"Production engineer"|"Allen-Kelly"|"1975-09-26"
"58fd6af8-8cca-4a76-9773-40ad6d60afd3"|"Amanda"|"Shelton"|"F"|"825 Rachel Pine"|"648-717-6918x626"|"Banker"|"Hess-Hall"|"1957-01-25"
"329f0bf3-8005-428e-a13b-a6a25b83c42e"|"Amy"|"Henderson"|"F"|"3 Vincent Mountain Apt. 316"|"766.475.7965x166"|"Primary school teacher"|"Barajas, Stephens and Nguyen"|"1947-08-08"
"12d4aab6-d07f-4fa7-b81c-fa9c9ed679d5"|"Christopher"|"Long"|"M"|"436 Ward Parkway Apt. 076"|"(311)785-8444"|"Firefighter"|"Davis-Riddle"|"1917-12-22"
"d0e9359a-8da3-4937-90c0-6079ead58855"|"Yolanda"|"Roy"|"F"|"228 Aimee Circles"|"001-829-363-0993x222"|"Editor, commissioning"|"Thornton, Nelson and Gray"|"1989-02-16"
"6db470e0-b56b-4e37-a3db-ad7422c612e4"|"Andrew"|"Phillips"|"M"|"91 Andrew Street Apt. 107"|"(512)952-4924x569"|"Recycling officer"|"Bush, Mcmillan and Giles"|"1925-01-17"
"16c656d9-0a32-44d7-a3f3-bf755e080c4f"|"Justin"|"Bennett"|"M"|"615 Heather Garden Suite 383"|"+1-445-253-0650x417"|"Research scientist (life sciences)"|"Werner, Hall and Ortega"|"1936-05-21"
"98123084-9f25-450d-ba5b-3e839dde3fed"|"Kelly"|"Zimmerman"|"F"|"276 Jacobs Ports Suite 715"|"3066866204"|"Recycling officer"|"Foster-Martinez"|"1976-11-26"
"152b64a7-efbe-493c-a6f7-6b93ee5c3da4"|"William"|"Ryan"|"M"|"342 Chandler Tunnel Suite 681"|"001-717-592-5442x662"|"IT technical support officer"|"Gonzalez-Martinez"|"1913-05-12"
"c8c213c0-3199-4206-b3f2-15a882ea1c17"|"Samantha"|"Holmes"|"F"|"446 Parks Trace Suite 497"|"368.799.5805x2514"|"Agricultural engineer"|"Ford, Stewart and Mcmillan"|"1916-04-01"
"30c86115-acc5-43e9-874b-4bdca05ebc46"|"Angela"|"Freeman"|"F"|"760 Murphy Creek Suite 712"|"707-874-5138"|"Production manager"|"Kirk, Ellis and Patton"|"1916-12-18"
"2fec34f6-4c27-4f1b-bbe0-155e3e2efe4c"|"Joseph"|"Rodriguez"|"M"|"175 Thomas Ford"|"(675)636-3011"|"Programmer, applications"|"Goodman LLC"|"1929-09-04"
"a5f771b2-4058-4fce-8e96-b19147f2a97e"|"Jonathan"|"Allen"|"M"|"922 Ross Camp Apt. 134"|"+1-803-339-7195x318"|"Surveyor, quantity"|"Hill, Hicks and Bates"|"1956-08-23"
"4e7db98f-46a6-42f3-a3a9-b7c6a5b8678e"|"Larry"|"Lynn"|"M"|"920 Weeks Meadow Suite 683"|"435-982-8663x599"|"Museum/gallery exhibitions officer"|"Peterson-Taylor"|"1981-09-20"
"c4147f78-656c-45f1-9efc-d2653d7401d2"|"Gina"|"Wood"|"F"|"792 Mills Springs"|"429.662.7548"|"Medical physicist"|"Perez-Bennett"|"1932-03-20"
"ed5c589b-e977-486b-a820-d916e34f88d2"|"Jennifer"|"Pena"|"F"|"407 Smith Avenue Apt. 759"|"3355647652"|"Mining engineer"|"Smith, Mcdonald and Castro"|"1995-05-11"
"67414f29-41bc-43e9-98d3-708dd9f44c41"|"Rhonda"|"Buchanan"|"F"|"270 Alexandra Bridge Suite 474"|"9993873359"|"Armed forces training and education officer"|"Roberson-Ramsey"|"1909-03-10"
"357c3d4b-daf2-4401-9582-d6382b4e9260"|"Aaron"|"Green"|"M"|"461 Johnson Throughway"|"296.738.0106x76073"|"Scientist, water quality"|"Houston Inc"|"1991-12-20"
"f73e48d3-af0b-4e3f-aca3-90672b5d24b1"|"Kelly"|"Smith"|"F"|"227 Weeks Meadow Suite 683"|"(986)442-6492x24767"|"Psychotherapist, dance movement"|"Zamora and Sons"|"2011-03-06"
"db06840c-ee8d-496e-8186-9f2a4cafa296"|"Stephanie"|"Phillips"|"F"|"983 Charles Extension Apt. 046"|"001-288-372-8746x926"|"Health service manager"|"Johnson Inc"|"1995-01-21"
"aff56416-010c-415f-a3a1-50528c28cf68"|"Julie"|"Suarez"|"F"|"261 Shepard Bridge"|"+1-835-436-9189x98239"|"Theatre director"|"Williams, Mckinney and Walker"|"1930-07-25"
"a13d10b3-ff7e-45ac-96b1-c634488d5449"|"Leslie"|"Hall"|"F"|"251 Smith Avenue Apt. 759"|"(334)809-6398"|"Surveyor, mining"|"Matthews-Cantu"|"1947-11-11"
"303b2440-a411-41e3-a074-e818e4d758f9"|"Teresa"|"Perez"|"F"|"229 Tara Inlet"|"001-617-284-8361x679"|"Accommodation manager"|"Ramirez-Mcgee"|"1956-07-09"
"6a0c8b49-73d2-4855-8f96-bd059d490299"|"John"|"Mcdowell"|"M"|"729 Cox Turnpike Apt. 083"|"728-501-0228x1753"|"Trading standards officer"|"Myers-Rasmussen"|"2000-11-17"
"a9390ae9-ea14-4706-a60c-a6f190c62f87"|"David"|"Stone"|"M"|"80 Welch Walk"|"600.833.7247x6819"|"Armed forces training and education officer"|"Bernard-Pearson"|"1986-10-29"
"165324ab-78e3-4ca8-bab1-dd16ab6b7965"|"Nicole"|"Mills"|"F"|"855 Jackson Harbors Suite 257"|"478.809.8487x2642"|"Engineer, land"|"Long, Baird and Rodriguez"|"1910-06-20"
"e726abb2-1cb2-4000-a8b9-2bcb744b92b9"|"Donald"|"Morris"|"M"|"508 Jeffery Village"|"321.577.7443"|"Press photographer"|"Martinez, Guzman and Hoffman"|"2024-04-01"
"75bdba84-b0bd-48eb-89e5-7abddb928ccf"|"Thomas"|"Mills"|"M"|"847 Tiffany Gateway"|"+1-429-972-1891x3522"|"Colour technologist"|"Clark LLC"|"1994-06-13"
"6c868317-55a7-423d-83f6-580c874461e9"|"Joseph"|"Strickland"|"M"|"95 Quinn Divide"|"(487)896-6474x457"|"Clinical scientist, histocompatibility and immunogenetics"|"Preston-Snyder"|"2015-12-30"
"8b5aa679-0446-4e3a-89c1-b01012152c91"|"Kristin"|"Hernandez"|"F"|"514 Randall Burg"|"+1-574-872-9858x94393"|"Educational psychologist"|"Schmidt, Wilson and Trevino"|"1930-03-10"
"dbd0a310-812e-4f15-af53-adf3f1590029"|"Jason"|"Cooke"|"M"|"889 Donald Village Apt. 289"|"001-823-780-1810"|"Production manager"|"Lowe Inc"|"1925-10-22"
"6879be8a-250d-4f3a-b74e-1f131f5b4b19"|"Crystal"|"Haney"|"F"|"899 Morales Gardens Suite 197"|"+1-487-843-3330x960"|"Child psychotherapist"|"Allen LLC"|"1979-11-13"
"c0d6f435-46bc-4c4d-a128-51d87f5c3f94"|"Daniel"|"Ray"|"M"|"155 Randolph Way Suite 427"|"+1-397-615-0501x17985"|"Banker"|"Mack, Brown and Price"|"1999-04-20"
"17e1e518-d0a3-4875-81db-6fa4a227c20a"|"Justin"|"Smith"|"M"|"836 Gray Walks Apt. 075"|"252.220.2590x43827"|"Scientist, product/process development"|"Griffin, Moore and Schneider"|"2015-03-20"
"fc3a3f23-6956-41b8-a10c-5cb3e9a873c1"|"Jason"|"Bailey"|"M"|"604 Montoya Walk Apt. 578"|"907-865-3575x729"|"Public house manager"|"Calhoun-Fox"|"1957-07-07"
"6e58b729-6c74-4f3d-927d-f195639f4788"|"Nicole"|"Barber"|"F"|"320 Randall Burg"|"6826307178"|"Phytotherapist"|"Thomas and Sons"|"1998-10-24"
"53e57353-1c76-4319-a1f4-08856ff2e079"|"Rose"|"Crawford"|"F"|"110 Ross Camp Apt. 134"|"258-666-8452"|"Designer, furniture"|"Sparks-Chang"|"1994-08-26"
"64fe44ae-8202-4bb7-8dfb-48ad79578352"|"Antonio"|"Johnson"|"M"|"50 King Land"|"213.470.6882x6986"|"Mudlogger"|"Edwards-Fisher"|"1915-05-10"
"2b3fa3d0-6cfd-4358-89e8-2fcf35e4483f"|"Jasmin"|"Wilson"|"F"|"291 Jacobs Ports Suite 715"|"8274456701"|"Environmental manager"|"Coleman-Foster"|"1983-09-28"