<?xml version="1.0" encoding="UTF-8" ?><automobiles><automobile><person_id>08ea5f89-fb6a-48f8-bcfa-ef32bb0a3beb</person_id><license_plate>4-56183</license_plate><vin>JUCVU89SXJPHZZW39</vin><color>Chocolate</color><year>2004</year></automobile><automobile><person_id>ee03dab6-b085-405a-bbd5-d5d11291afb1</person_id><license_plate>GNA 073</license_plate><vin>VU7441KR274CYDEUH</vin><color>Chocolate</color><year>1981</year></automobile><automobile><person_id>ee03dab6-b085-405a-bbd5-d5d11291afb1</person_id><license_plate>EZ2 9658</license_plate><vin>79UDY67A3YFDDCHK7</vin><color>Yellow</color><year>1993</year></automobile><automobile><person_id>097d00d2-7cb9-40d0-8382-e6d75a438082</person_id><license_plate>AV 8562</license_plate><vin>8FVNKBYP8K02VD1GP</vin><color>Gray</color><year>1990</year></automobile><automobile><person_id>097d00d2-7cb9-40d0-8382-e6d75a438082</person_id><license_plate>SFG 953</license_plate><vin>CWFT14H918N2J0VHB</vin><color>Silver</color><year>2014</year></automobile><automobile><person_id>c33ffbf4-3237-42b7-80e9-38ffeceb95d7</person_id><license_plate>7JB75</license_plate><vin>7C3J8K7U1VEBXMZAY</vin><color>Plum</color><year>2012</year></automobile><automobile><person_id>c33ffbf4-3237-42b7-80e9-38ffeceb95d7</person_id><license_plate>33D VI3</license_plate><vin>1LNM3TX61ZZEBF2VP</vin><color>Gold</color><year>1977</year></automobile><automobile><person_id>c33ffbf4-3237-42b7-80e9-38ffeceb95d7</person_id><license_plate>1WU Y84</license_plate><vin>TRHPP6ST603B3WGGC</vin><color>FloralWhite</color><year>1990</year></automobile><automobile><person_id>a0c782a8-987f-4b54-b823-b7c232969e69</person_id><license_plate>NBQ 3270</license_plate><vin>T90UK8M32CD3DFALU</vin><color>Plum</color><year>2009</year></automobile><automobile><person_id>a0c782a8-987f-4b54-b823-b7c232969e69</person_id><license_plate>433-PKE</license_plate><vin>GBMU6W7V7JAX6VEXK</vin><color>DarkOrange</color><year>2020</year></automobile><automobile><person_id>a36e84cc-a181-44de-9f6c-9c1a8e9cf194</person_id><license_plate>ITP-7880</license_plate><vin>P2MZRG8820UU72UB8</vin><color>SeaShell</color><year>2003</year></automobile><automobile><person_id>80207535-ed75-453e-a0f8-8102507fbd62</person_id><license_plate>6-Q2831</license_plate><vin>VF8Z3NP49GXCDVKP4</vin><color>MintCream</color><year>1996</year></automobile><automobile><person_id>80207535-ed75-453e-a0f8-8102507fbd62</person_id><license_plate>9EK B92</license_plate><vin>BE5NS8YE8JHVG1SLL</vin><color>LightCoral</color><year>2007</year></automobile><automobile><person_id>03a6e280-ae3e-4332-99fc-b18cf3c3b164</person_id><license_plate>XGG 103</license_plate><vin>R96KWJ5H7UYMMU66W</vin><color>LightSeaGreen</color><year>1970</year></automobile><automobile><person_id>1c40c42e-db8c-4950-8ebd-ea605411412a</person_id><license_plate>150-FPHM</license_plate><vin>WPJ6UZCW11DM24R57</vin><color>LightSalmon</color><year>1979</year></automobile><automobile><person_id>1c40c42e-db8c-4950-8ebd-ea605411412a</person_id><license_plate>16C 305</license_plate><vin>R5UXM8676LNCS6WW4</vin><color>Moccasin</color><year>1976</year></automobile><automobile><person_id>b63f30d7-c9c0-40f7-aa5f-cf3c6bb80768</person_id><license_plate>VJD 422</license_plate><vin>U89D49TA1Y5616U0X</vin><color>MediumAquaMarine</color><year>1994</year></automobile><automobile><person_id>44f2fc17-2774-4455-b289-e91806249e92</person_id><license_plate>SOT-094</license_plate><vin>8KE6D8DC0AA7VG80L</vin><color>Ivory</color><year>2001</year></automobile><automobile><person_id>d4865b45-9328-464f-8659-63dd977c2cfd</person_id><license_plate>053-OOL</license_plate><vin>JM6MU7UK90Y18MJRW</vin><color>Bisque</color><year>1974</year></automobile><automobile><person_id>d4865b45-9328-464f-8659-63dd977c2cfd</person_id><license_plate>688-189</license_plate><vin>135DTX8H4FVZ5ZTDA</vin><color>Beige</color><year>1973</year></automobile><automobile><person_id>d4865b45-9328-464f-8659-63dd977c2cfd</person_id><license_plate>064-954</license_plate><vin>686FY5KD8VJEY9BYR</vin><color>Azure</color><year>2022</year></automobile><automobile><person_id>8f45c06c-374f-4aa7-a709-56e396250022</person_id><license_plate>5ABR846</license_plate><vin>V2FYG4152YZM7DUBU</vin><color>Gray</color><year>1986</year></automobile><automobile><person_id>8f45c06c-374f-4aa7-a709-56e396250022</person_id><license_plate>URF-9097</license_plate><vin>T8C76EVZXDLCHGEH7</vin><color>DarkOrange</color><year>2022</year></automobile><automobile><person_id>8f45c06c-374f-4aa7-a709-56e396250022</person_id><license_plate>9H 7662P</license_plate><vin>56DD9TBF0K6STJVG3</vin><color>DeepPink</color><year>1989</year></automobile><automobile><person_id>c42fa384-2673-4d2e-9420-3182367d19b9</person_id><license_plate>QCC 396</license_plate><vin>57MLZX8R2DYJYP428</vin><color>MediumVioletRed</color><year>2018</year></automobile><automobile><person_id>8058c600-e4d0-4c40-958f-ff6f727f5082</person_id><license_plate>912 QQJ</license_plate><vin>DUMS4KCG9T3HNG4TY</vin><color>PapayaWhip</color><year>2019</year></automobile><automobile><person_id>f8905111-14c4-4257-861c-6397824f954b</person_id><license_plate>858 5YF</license_plate><vin>92TDL94W1278HYB17</vin><color>GoldenRod</color><year>2021</year></automobile><automobile><person_id>ac990c4a-9c68-4437-98c3-68a831384058</person_id><license_plate>10P KI2</license_plate><vin>RRTRCX0B0PAZ9JLLM</vin><color>DarkGoldenRod</color><year>2014</year></automobile><automobile><person_id>7f970ae6-ea0a-470a-b986-4f18d8fbd75e</person_id><license_plate>5IUN 69</license_plate><vin>TGWSJZ8R9HCN169M0</vin><color>Crimson</color><year>2020</year></automobile><automobile><person_id>7f970ae6-ea0a-470a-b986-4f18d8fbd75e</person_id><license_plate>259-TIF</license_plate><vin>U4ELK0SX1BJ096X0T</vin><color>LightSeaGreen</color><year>2014</year></automobile><automobile><person_id>440ff30b-417a-4319-8a47-99bd4b582b3c</person_id><license_plate>E49 5LD</license_plate><vin>YZ1CTB9L6UMTPV4XT</vin><color>OliveDrab</color><year>1995</year></automobile><automobile><person_id>440ff30b-417a-4319-8a47-99bd4b582b3c</person_id><license_plate>KPI-8437</license_plate><vin>B44BJLHZ87XF5Z2MC</vin><color>MistyRose</color><year>2017</year></automobile><automobile><person_id>440ff30b-417a-4319-8a47-99bd4b582b3c</person_id><license_plate>5M 46298</license_plate><vin>G4XD5RC11TLC8T12E</vin><color>Turquoise</color><year>1976</year></automobile><automobile><person_id>16a7a70d-3b9c-4d57-9f18-cfce4fabb3b4</person_id><license_plate>1G842</license_plate><vin>VB511XHB5FF7NG53T</vin><color>SlateBlue</color><year>2004</year></automobile><automobile><person_id>179b8e1e-2ceb-4c4b-976a-a54db5470c90</person_id><license_plate>5WX1298</license_plate><vin>FYXWC09W4ZT1RGAS0</vin><color>DeepSkyBlue</color><year>2013</year></automobile><automobile><person_id>1c34a056-3cef-4b21-a851-73f3e50bd320</person_id><license_plate>7T 24533</license_plate><vin>U9UFF0AR3PKC7FWZ5</vin><color>Linen</color><year>2010</year></automobile><automobile><person_id>0f9f01c8-f398-4e54-80c4-423d8c2333b1</person_id><license_plate>971 XOL</license_plate><vin>93WTJLCF0XV0EG24Z</vin><color>MediumSeaGreen</color><year>1974</year></automobile><automobile><person_id>0f9f01c8-f398-4e54-80c4-423d8c2333b1</person_id><license_plate>5QX 819</license_plate><vin>35EGPHAA598KL9ULE</vin><color>MediumSeaGreen</color><year>2013</year></automobile><automobile><person_id>ffb28d1d-918a-4e1b-a553-4c0c31ba550d</person_id><license_plate>56J DY4</license_plate><vin>48KN6WKP0DWJZVAKD</vin><color>IndianRed</color><year>1984</year></automobile><automobile><person_id>926f99d9-f829-43f2-b9d1-03c11066275c</person_id><license_plate>535 HHB</license_plate><vin>9FM3EBGGXX1THEP56</vin><color>DarkSalmon</color><year>2000</year></automobile><automobile><person_id>957bc7cb-4da6-40c1-a08c-e842b9fc2ac8</person_id><license_plate>LAG 307</license_plate><vin>8H0NDUXW1HWKBVXGR</vin><color>DarkOrange</color><year>1984</year></automobile><automobile><person_id>957bc7cb-4da6-40c1-a08c-e842b9fc2ac8</person_id><license_plate>E39 7JP</license_plate><vin>2TXFMNWPX4SF554VS</vin><color>GhostWhite</color><year>2023</year></automobile><automobile><person_id>957bc7cb-4da6-40c1-a08c-e842b9fc2ac8</person_id><license_plate>20-34503</license_plate><vin>B89TXP6R79R09FVJY</vin><color>Gold</color><year>1988</year></automobile><automobile><person_id>1d274613-8d3d-46e3-8c3b-57bd9fd9ba2c</person_id><license_plate>167-LGH</license_plate><vin>8FR22D8504X4Z5DA5</vin><color>SeaShell</color><year>2009</year></automobile><automobile><person_id>1d274613-8d3d-46e3-8c3b-57bd9fd9ba2c</person_id><license_plate>7HH5415</license_plate><vin>ZSRB28F52Y9979SV1</vin><color>SlateGray</color><year>2005</year></automobile><automobile><person_id>5c5a6fc8-44df-425c-ac9a-a3b2086b644d</person_id><license_plate>8ZY 528</license_plate><vin>20BZ0E6B2WF4R70E0</vin><color>Turquoise</color><year>1980</year></automobile><automobile><person_id>5c5a6fc8-44df-425c-ac9a-a3b2086b644d</person_id><license_plate>6-3749F</license_plate><vin>1AZ7UXYB6M7ZM2MF1</vin><color>SpringGreen</color><year>1985</year></automobile><automobile><person_id>5c5a6fc8-44df-425c-ac9a-a3b2086b644d</person_id><license_plate>767QEO</license_plate><vin>B3DFJXSZ4R6RNK5RE</vin><color>DarkSeaGreen</color><year>1986</year></automobile><automobile><person_id>c82ee3c3-bb47-4546-967f-1b1c24bff5e5</person_id><license_plate>966 0JE</license_plate><vin>VV3P0P8N3ZV79EC14</vin><color>DarkGray</color><year>1984</year></automobile><automobile><person_id>446f1e48-ec7e-408f-abe6-2ef1715868ca</person_id><license_plate>IPG 449</license_plate><vin>30BDB1R29AFUSC20B</vin><color>DarkKhaki</color><year>1980</year></automobile><automobile><person_id>446f1e48-ec7e-408f-abe6-2ef1715868ca</person_id><license_plate>1TO 415</license_plate><vin>R83L6ATBXJMTYSZVV</vin><color>DarkGoldenRod</color><year>1992</year></automobile><automobile><person_id>00afc2ab-a846-4a60-808a-39157d9287cf</person_id><license_plate>8O 2H5JRV</license_plate><vin>681YUY8Z17PLFN60D</vin><color>DarkKhaki</color><year>1986</year></automobile><automobile><person_id>00afc2ab-a846-4a60-808a-39157d9287cf</person_id><license_plate>QTW-294</license_plate><vin>4ASC7E2G1H61GHFNV</vin><color>Bisque</color><year>1986</year></automobile><automobile><person_id>2217680a-0e39-4ec9-9d0c-a55220a1b576</person_id><license_plate>8455</license_plate><vin>C6DKP6ZB09EYY7L65</vin><color>Chocolate</color><year>2021</year></automobile><automobile><person_id>77d6f681-5137-4207-9a71-8edc37e1a6b8</person_id><license_plate>75YK058</license_plate><vin>YXCJ5TFZ2RG9D7J1U</vin><color>Green</color><year>1995</year></automobile><automobile><person_id>97036369-66d9-471a-b4f6-e4c223a0eaca</person_id><license_plate>9E 76318</license_plate><vin>FAG0S7KT6UCHAG19V</vin><color>LightYellow</color><year>2007</year></automobile><automobile><person_id>97036369-66d9-471a-b4f6-e4c223a0eaca</person_id><license_plate>C27-69U</license_plate><vin>KSM0NKCC24KFM637A</vin><color>SeaShell</color><year>1998</year></automobile><automobile><person_id>ab988bab-b40a-4087-ac4f-a55db746a57f</person_id><license_plate>ZNC 350</license_plate><vin>ZR7P4229XR1P0SKVC</vin><color>Gainsboro</color><year>1982</year></automobile><automobile><person_id>4a159eb3-e5b5-43c0-99c0-7e94a4be2043</person_id><license_plate>2VXO532</license_plate><vin>70SX5CP675NHE50TG</vin><color>Chartreuse</color><year>1992</year></automobile><automobile><person_id>4a159eb3-e5b5-43c0-99c0-7e94a4be2043</person_id><license_plate>699-272</license_plate><vin>J7TTBTLG5WZ4VX95G</vin><color>SeaGreen</color><year>2015</year></automobile><automobile><person_id>a4f86dd6-5830-4cfb-ba9a-5f6d8f990220</person_id><license_plate>XPM 319</license_plate><vin>CU3X6GC84R76SAN2D</vin><color>LightGray</color><year>2005</year></automobile><automobile><person_id>92e49340-3154-4265-b0bc-45ff96561e36</person_id><license_plate>VAE-2482</license_plate><vin>S91Z0BC68L4VR3XA4</vin><color>DarkTurquoise</color><year>2015</year></automobile><automobile><person_id>fb990bbd-d019-4ab0-8032-843e3b104ac5</person_id><license_plate>FQQ 882</license_plate><vin>6MTFUHCDX2S3MSMGS</vin><color>Khaki</color><year>2017</year></automobile><automobile><person_id>fb990bbd-d019-4ab0-8032-843e3b104ac5</person_id><license_plate>514 AUI</license_plate><vin>1D60B7TV9TVUMBFY8</vin><color>SandyBrown</color><year>1998</year></automobile><automobile><person_id>9d31a61d-d89a-4ae4-a0b2-37fe4906481b</person_id><license_plate>200848</license_plate><vin>E13FJWJ82HUZXGT27</vin><color>Turquoise</color><year>2010</year></automobile><automobile><person_id>a86e27ba-4bb0-4a4c-b3a8-80968ddb532e</person_id><license_plate>LYD 503</license_plate><vin>0M5DU42NXNL30V8VZ</vin><color>LavenderBlush</color><year>1986</year></automobile><automobile><person_id>a86e27ba-4bb0-4a4c-b3a8-80968ddb532e</person_id><license_plate>144-726</license_plate><vin>H19YT80F5KTX4EGXT</vin><color>Snow</color><year>2008</year></automobile><automobile><person_id>b4e84aab-2ed9-460e-b295-3b6603477f26</person_id><license_plate>PXG H04</license_plate><vin>R1EN7577640XJ9WX2</vin><color>Aquamarine</color><year>2015</year></automobile><automobile><person_id>f8696d07-f6b0-4c40-a3ae-0ae5280aa51d</person_id><license_plate>113 2BR</license_plate><vin>S874LGU29RU5WV989</vin><color>AntiqueWhite</color><year>1984</year></automobile><automobile><person_id>f8696d07-f6b0-4c40-a3ae-0ae5280aa51d</person_id><license_plate>743 HM9</license_plate><vin>MWSDTV078WPZRY44Y</vin><color>Linen</color><year>1983</year></automobile><automobile><person_id>b4dd3922-e234-4b1e-88c0-5b5b8c259fae</person_id><license_plate>HMJ-305</license_plate><vin>7LEH5EU4X7GUPACPS</vin><color>MidnightBlue</color><year>1971</year></automobile><automobile><person_id>675edbf5-fe83-4fdb-8abd-b5fb6be6487f</person_id><license_plate>KKP 630</license_plate><vin>KE12FRKW8EC5W1J4C</vin><color>Orchid</color><year>1996</year></automobile><automobile><person_id>33bf4cc2-0f37-4685-9ec1-8f6975241941</person_id><license_plate>250BV</license_plate><vin>09MNR5787WNFW9ENK</vin><color>Coral</color><year>2019</year></automobile><automobile><person_id>99e9c00c-9fee-44a7-9a45-920ec2fa9824</person_id><license_plate>NP-3710</license_plate><vin>U6E4ZZNA4SD5W8CMM</vin><color>PaleVioletRed</color><year>1993</year></automobile><automobile><person_id>bc45ca5d-1566-4763-84b7-a212b23bf3dc</person_id><license_plate>006 CDN</license_plate><vin>H0AW3SLZ0TM3A1J1R</vin><color>WhiteSmoke</color><year>2018</year></automobile><automobile><person_id>1b72917d-513e-4e88-8cc6-d8a49758ac26</person_id><license_plate>437O4</license_plate><vin>85CH8EBA683EF4KM5</vin><color>SeaShell</color><year>1977</year></automobile><automobile><person_id>f20a93ff-d248-432b-8c0a-9c814b0b1000</person_id><license_plate>HJU-6431</license_plate><vin>KHY4762N732KE1WYW</vin><color>BurlyWood</color><year>1983</year></automobile><automobile><person_id>2b631c3c-8414-4753-beaa-2cfea183b1a6</person_id><license_plate>RQE5604</license_plate><vin>XAH6UKZC6DX16M72J</vin><color>OliveDrab</color><year>2023</year></automobile><automobile><person_id>2b631c3c-8414-4753-beaa-2cfea183b1a6</person_id><license_plate>3TPE 44</license_plate><vin>ESBC2D5N92XEXMCCD</vin><color>LightPink</color><year>1987</year></automobile><automobile><person_id>4988a40b-469d-41e4-a0b0-9c4f23a91436</person_id><license_plate>HYO 579</license_plate><vin>JRTJ4PD23EWEVFFZW</vin><color>MediumTurquoise</color><year>2004</year></automobile><automobile><person_id>2cd8fc26-c03b-428c-ab87-bdecb40e9507</person_id><license_plate>2-58721C</license_plate><vin>4RTCVRV47YW56DG2N</vin><color>DarkSlateGray</color><year>1999</year></automobile><automobile><person_id>ec2d6658-a148-4929-bcf9-4091f175a702</person_id><license_plate>Z46 7DY</license_plate><vin>HHZTR83K1WNN203J5</vin><color>Fuchsia</color><year>1976</year></automobile><automobile><person_id>ec2d6658-a148-4929-bcf9-4091f175a702</person_id><license_plate>7B 2501W</license_plate><vin>FD573UFD9BFWM5L1Y</vin><color>Teal</color><year>2007</year></automobile><automobile><person_id>4f6e3e02-f839-4e17-a374-6e4f08c55657</person_id><license_plate>27Y J89</license_plate><vin>LBM3WFPW528FBVG5S</vin><color>DarkOrange</color><year>2021</year></automobile><automobile><person_id>4f6e3e02-f839-4e17-a374-6e4f08c55657</person_id><license_plate>3M 9G0TRO</license_plate><vin>VLXVS1N91D6UASJJ6</vin><color>Yellow</color><year>1975</year></automobile><automobile><person_id>33cb6786-82b5-48a9-88e0-4ce2c1d01739</person_id><license_plate>8-34875N</license_plate><vin>X2P9EMLK3AL2324YX</vin><color>PowderBlue</color><year>2019</year></automobile><automobile><person_id>bae7fd33-eeac-4168-9933-441d93d4b13e</person_id><license_plate>227 BXC</license_plate><vin>SGXCT7GV9JL7MU0T9</vin><color>Cornsilk</color><year>1982</year></automobile><automobile><person_id>bae7fd33-eeac-4168-9933-441d93d4b13e</person_id><license_plate>C79 5PC</license_plate><vin>2Y0JHSL85FCVJZDVH</vin><color>MediumVioletRed</color><year>2013</year></automobile><automobile><person_id>31964101-6f76-425c-9420-30a9bd7ce4e9</person_id><license_plate>QPK-8112</license_plate><vin>Z5BE2JBS2H7LJX7U0</vin><color>LightBlue</color><year>1972</year></automobile><automobile><person_id>008bf4f9-1613-4765-94f3-81cad6b04150</person_id><license_plate>180 WFH</license_plate><vin>YESE5W56X39BXFXZN</vin><color>FloralWhite</color><year>1992</year></automobile><automobile><person_id>008bf4f9-1613-4765-94f3-81cad6b04150</person_id><license_plate>486-CLR</license_plate><vin>91R42CEW29T6DPENH</vin><color>Tomato</color><year>1970</year></automobile><automobile><person_id>3af5d16c-94e3-4494-939e-d79930b0ac36</person_id><license_plate>3WL59</license_plate><vin>PJ6BVWM880P5VR75B</vin><color>MediumAquaMarine</color><year>2018</year></automobile><automobile><person_id>75fbac92-a09a-45fa-8ff7-7851758ae18d</person_id><license_plate>814-ONVG</license_plate><vin>X6E3WW3J4GBJFTEX5</vin><color>Linen</color><year>1974</year></automobile><automobile><person_id>3f21c6e7-b4f0-455e-9161-d1d185b382c0</person_id><license_plate>725-RSM</license_plate><vin>V6DS989U3K3M4319G</vin><color>MediumSpringGreen</color><year>1997</year></automobile><automobile><person_id>3f21c6e7-b4f0-455e-9161-d1d185b382c0</person_id><license_plate>461UIA</license_plate><vin>LCH1EW0Y73AJL178B</vin><color>SlateGray</color><year>1995</year></automobile><automobile><person_id>1fe98c42-00e5-4a91-a96b-dfebb1ee2896</person_id><license_plate>BHJ-1521</license_plate><vin>5NBKCRFH139E3DW0T</vin><color>LightPink</color><year>2004</year></automobile><automobile><person_id>53fe6120-9b34-4392-b8fb-6039c211948f</person_id><license_plate>204 OKF</license_plate><vin>W0GWPVFB9SHRUE0YP</vin><color>LightSeaGreen</color><year>2013</year></automobile><automobile><person_id>53fe6120-9b34-4392-b8fb-6039c211948f</person_id><license_plate>SNL 542</license_plate><vin>WUP9MKVG8WWMB6ESR</vin><color>DarkSlateBlue</color><year>2010</year></automobile><automobile><person_id>881f542d-334f-4da9-b196-22e7356eba7f</person_id><license_plate>778JBC</license_plate><vin>3HVESZCZ1R30PHJWV</vin><color>Moccasin</color><year>1975</year></automobile><automobile><person_id>881f542d-334f-4da9-b196-22e7356eba7f</person_id><license_plate>TXS-129</license_plate><vin>WUUERNTC3CS2ZB8SC</vin><color>Purple</color><year>1994</year></automobile><automobile><person_id>60ed8052-4500-4774-a484-d4eeeaada2a1</person_id><license_plate>CGQ 477</license_plate><vin>5HLLLN1W477DMGYB2</vin><color>PowderBlue</color><year>1993</year></automobile><automobile><person_id>60ed8052-4500-4774-a484-d4eeeaada2a1</person_id><license_plate>276-SQD</license_plate><vin>8MZ9EY8J428E577MY</vin><color>IndianRed</color><year>2000</year></automobile><automobile><person_id>8467bd46-b10f-4e7a-b9c7-13938f33b423</person_id><license_plate>7C 5770P</license_plate><vin>JX6263ZJ7WEEJ6KEZ</vin><color>Purple</color><year>2018</year></automobile><automobile><person_id>8467bd46-b10f-4e7a-b9c7-13938f33b423</person_id><license_plate>7059</license_plate><vin>5P1K5KCP3V1KNVXAT</vin><color>Purple</color><year>1998</year></automobile><automobile><person_id>2465db8d-72fe-4f9a-bcc9-5699a33865fa</person_id><license_plate>751 NXA</license_plate><vin>B9UGWUAM12E17XTBE</vin><color>DarkSalmon</color><year>2021</year></automobile><automobile><person_id>26f8d4d2-eec8-4d14-90c7-fdbe0ead48c6</person_id><license_plate>NLJ-8437</license_plate><vin>WF6A60596PFBSCZ8F</vin><color>Thistle</color><year>2004</year></automobile><automobile><person_id>26f8d4d2-eec8-4d14-90c7-fdbe0ead48c6</person_id><license_plate>921 DEX</license_plate><vin>T5G59MAS4CTDFSN47</vin><color>OrangeRed</color><year>2021</year></automobile><automobile><person_id>6f12005a-dad4-4710-9d44-adea653c8aec</person_id><license_plate>730 LFW</license_plate><vin>XHF8Y7SE44R62KEW8</vin><color>Cornsilk</color><year>1980</year></automobile><automobile><person_id>1471c924-26ea-4b78-811d-17a924ec8fef</person_id><license_plate>NBC 029</license_plate><vin>7F18NTC49Y0KKHA3J</vin><color>DarkSalmon</color><year>2003</year></automobile><automobile><person_id>1471c924-26ea-4b78-811d-17a924ec8fef</person_id><license_plate>566 JPA</license_plate><vin>FKM1YW4S1U8Y7CLA0</vin><color>LightSteelBlue</color><year>1980</year></automobile><automobile><person_id>8110c111-46a6-4755-b103-c87f3ee2c615</person_id><license_plate>ADI-4692</license_plate><vin>KYX1G6YM1TBU8FRZU</vin><color>AliceBlue</color><year>2008</year></automobile><automobile><person_id>ca02ea35-2007-4052-8081-0b1b636d13d4</person_id><license_plate>662 VOM</license_plate><vin>BHWKXWCK48MJJBKY9</vin><color>YellowGreen</color><year>2000</year></automobile><automobile><person_id>2105cbd2-7373-4f8f-9b51-6314dac7f8d4</person_id><license_plate>04VA6</license_plate><vin>ST2YKL810UXS6HMV9</vin><color>Purple</color><year>1971</year></automobile><automobile><person_id>add6d4aa-33fe-471b-bd7b-f185257dade6</person_id><license_plate>8G Z7028</license_plate><vin>P9CKLS33XPF054JEP</vin><color>GhostWhite</color><year>2001</year></automobile><automobile><person_id>0932f96b-20df-48ae-b1ed-e3dea1fac676</person_id><license_plate>158-YGK</license_plate><vin>P34TSSC784S0DFWRM</vin><color>SteelBlue</color><year>2017</year></automobile><automobile><person_id>0932f96b-20df-48ae-b1ed-e3dea1fac676</person_id><license_plate>03S E93</license_plate><vin>NK6V6BML2EVGNPB35</vin><color>DarkBlue</color><year>1993</year></automobile><automobile><person_id>a15593e2-00ec-4f2d-9956-e8950020fd9e</person_id><license_plate>482U</license_plate><vin>1E4LG25B1KR54XMZJ</vin><color>HotPink</color><year>2016</year></automobile><automobile><person_id>a15593e2-00ec-4f2d-9956-e8950020fd9e</person_id><license_plate>7115</license_plate><vin>15KF5DFA17SMSAMVK</vin><color>SeaShell</color><year>1993</year></automobile><automobile><person_id>1e083fa3-31a5-4503-be41-0c67b6288f1f</person_id><license_plate>ZAN 960</license_plate><vin>D4BTTXDF5L0UM66SM</vin><color>Snow</color><year>1979</year></automobile><automobile><person_id>1e083fa3-31a5-4503-be41-0c67b6288f1f</person_id><license_plate>TRP-6798</license_plate><vin>5EKR6XGF2U7VG9RRA</vin><color>MistyRose</color><year>1986</year></automobile><automobile><person_id>cfe36ce7-ff50-47b0-93ab-bb8b072cbe3d</person_id><license_plate>632 ST1</license_plate><vin>W2V3V6A85LEWKLLCL</vin><color>LightSalmon</color><year>1972</year></automobile><automobile><person_id>47ef491f-1f45-48b7-8ede-605f9e3ee9bb</person_id><license_plate>2GO3363</license_plate><vin>7UBXFWZFX0KMS7UHJ</vin><color>Olive</color><year>1995</year></automobile><automobile><person_id>51e85868-75a4-468d-bb05-bc839b24be38</person_id><license_plate>478 VWW</license_plate><vin>RDWTKC4U5HT419XH1</vin><color>SeaGreen</color><year>1988</year></automobile><automobile><person_id>b1d3d39d-da00-4810-8a74-31f6e94b705e</person_id><license_plate>1MU8479</license_plate><vin>56CC7MEZ3RJSMU3HH</vin><color>HoneyDew</color><year>1987</year></automobile><automobile><person_id>b1d3d39d-da00-4810-8a74-31f6e94b705e</person_id><license_plate>1FF 239</license_plate><vin>DHKV7FBM9SYV2RRX7</vin><color>MintCream</color><year>2017</year></automobile></automobiles>