<?xml version="1.0" encoding="UTF-8" ?><automobiles><automobile><person_id>f5766e80-22b8-4c16-bbd8-656b9c915c05</person_id><license_plate>EEA 687</license_plate><vin>EYWS4DYK809P9TTBF</vin><color>LightSlateGray</color><year>1984</year></automobile><automobile><person_id>c01d347d-953e-46ee-80b4-1533610ccb21</person_id><license_plate>P30-VGA</license_plate><vin>HX3XW5KB9LKU9KCSW</vin><color>DimGray</color><year>2008</year></automobile><automobile><person_id>1f39d763-be1c-4910-a801-29adcb9883b6</person_id><license_plate>860C9</license_plate><vin>MK1XG9S15XN0TH608</vin><color>Fuchsia</color><year>1976</year></automobile><automobile><person_id>1f39d763-be1c-4910-a801-29adcb9883b6</person_id><license_plate>DL9 X6L</license_plate><vin>SXV7PHRA39T6WYAE1</vin><color>Moccasin</color><year>2005</year></automobile><automobile><person_id>c55ee76b-7c41-455f-977d-d6d343e6a04a</person_id><license_plate>QGT 125</license_plate><vin>6M7ZECJ8XSZYAM6SZ</vin><color>Maroon</color><year>2023</year></automobile><automobile><person_id>c55ee76b-7c41-455f-977d-d6d343e6a04a</person_id><license_plate>061-HUZ</license_plate><vin>ZKGYK5WX5FKRWW1P7</vin><color>DeepPink</color><year>1972</year></automobile><automobile><person_id>c55ee76b-7c41-455f-977d-d6d343e6a04a</person_id><license_plate>UZG-052</license_plate><vin>SR4LEC3W7AEXCN5GD</vin><color>MediumTurquoise</color><year>1989</year></automobile><automobile><person_id>812f3b0e-b6cd-4464-9425-c765a271df75</person_id><license_plate>7FH X79</license_plate><vin>ZP9FNNXT5CGVSDF13</vin><color>LightYellow</color><year>1994</year></automobile><automobile><person_id>812f3b0e-b6cd-4464-9425-c765a271df75</person_id><license_plate>2K I5295</license_plate><vin>EX7XH82U93JLG62BM</vin><color>LightSlateGray</color><year>2004</year></automobile><automobile><person_id>9cdfcddc-d532-4f02-91d6-4c701f4d08ce</person_id><license_plate>83-W676</license_plate><vin>6C0S29408JLWW6CE2</vin><color>Maroon</color><year>2005</year></automobile><automobile><person_id>902649e0-d87f-4dde-b4ba-289b14571986</person_id><license_plate>TOV-7268</license_plate><vin>674XF14J4A1GSE7Y0</vin><color>RosyBrown</color><year>2018</year></automobile><automobile><person_id>fa6b0af1-2eae-4bfa-98d5-b7977ee5c81d</person_id><license_plate>11-K149</license_plate><vin>EB1ASE518YUYN7W07</vin><color>IndianRed</color><year>1995</year></automobile><automobile><person_id>cd0dfbc1-403b-419c-b913-ca95361a0881</person_id><license_plate>AXU-5127</license_plate><vin>0VSMS6ER9RS955NYU</vin><color>LavenderBlush</color><year>1999</year></automobile><automobile><person_id>cd0dfbc1-403b-419c-b913-ca95361a0881</person_id><license_plate>QTP 3315</license_plate><vin>CZTWC9NP9JRN6JLG8</vin><color>MediumVioletRed</color><year>1991</year></automobile><automobile><person_id>3fcb37b7-77a3-42f5-a25c-751dc0ce9585</person_id><license_plate>869 II1</license_plate><vin>Z2M1V2H19AB63EVXV</vin><color>BlueViolet</color><year>2006</year></automobile><automobile><person_id>b2d6bd6f-cfb3-4a8c-8ea4-eea2d3bdec78</person_id><license_plate>23T•596</license_plate><vin>Z17GAHVC2MN7B1SX7</vin><color>White</color><year>2015</year></automobile><automobile><person_id>b2d6bd6f-cfb3-4a8c-8ea4-eea2d3bdec78</person_id><license_plate>BNX 273</license_plate><vin>DHZP6XH13X8871T21</vin><color>Cornsilk</color><year>2006</year></automobile><automobile><person_id>c34ccbe2-78a5-46e6-a2ab-7beef094e43f</person_id><license_plate>651 4511</license_plate><vin>9LTA6DEA2F69DNEEN</vin><color>PaleTurquoise</color><year>1974</year></automobile><automobile><person_id>c34ccbe2-78a5-46e6-a2ab-7beef094e43f</person_id><license_plate>GZ 2013</license_plate><vin>7C9LDL31585YLS59B</vin><color>Green</color><year>2023</year></automobile><automobile><person_id>c34ccbe2-78a5-46e6-a2ab-7beef094e43f</person_id><license_plate>OIT-950</license_plate><vin>D0CYXXNL5THGRRNYY</vin><color>Orange</color><year>1977</year></automobile><automobile><person_id>33cc286a-0e1d-45db-b25c-750de5eb5a45</person_id><license_plate>9VE 167</license_plate><vin>KUZFPWP09CWT2XT60</vin><color>SteelBlue</color><year>1980</year></automobile><automobile><person_id>02ab33bf-b017-4972-b0b3-4f3a2b0520ec</person_id><license_plate>Z 549627</license_plate><vin>58LF1BSWXC6G99RJX</vin><color>HoneyDew</color><year>1972</year></automobile><automobile><person_id>fa72a95a-735d-4a64-ab90-1f8366da6d84</person_id><license_plate>LKS 189</license_plate><vin>2SD8BL6884VT8VYWP</vin><color>BurlyWood</color><year>2023</year></automobile><automobile><person_id>6e446283-1e12-4522-a54e-80aa335d4dc1</person_id><license_plate>M63-KUU</license_plate><vin>5BBHMCZ14F9BRFWHJ</vin><color>Aquamarine</color><year>2017</year></automobile><automobile><person_id>5981c4d2-0f48-47fa-85c0-a49cbc05d90f</person_id><license_plate>7-04836H</license_plate><vin>HXV42ENZ6FCNVLPBW</vin><color>MediumVioletRed</color><year>1988</year></automobile><automobile><person_id>5ec40c24-6a8a-476e-bdb6-1001da2f2747</person_id><license_plate>3DR3623</license_plate><vin>TXVWME5N8NHSKG8VZ</vin><color>WhiteSmoke</color><year>1980</year></automobile><automobile><person_id>1417cb13-c268-40a6-b350-cac06953c00f</person_id><license_plate>431 TXH</license_plate><vin>GS2UVKVM92Z3XYJMZ</vin><color>Plum</color><year>1991</year></automobile><automobile><person_id>08767e97-b132-4c95-a022-9686e21a4908</person_id><license_plate>ZOO 079</license_plate><vin>A46K80AG1WWBCP0GV</vin><color>Chartreuse</color><year>2007</year></automobile><automobile><person_id>ccdf9e7f-7ebd-41da-901a-86a0a70b4bea</person_id><license_plate>GWD 503</license_plate><vin>ZPBJ65RE565MCEG0R</vin><color>Orange</color><year>1980</year></automobile><automobile><person_id>2c53de30-43ec-4138-8ca2-9f429e6ee617</person_id><license_plate>416-896</license_plate><vin>073HKL83260G65J3R</vin><color>Silver</color><year>1972</year></automobile><automobile><person_id>1b272445-c3f1-412c-8300-f99e484bbd9e</person_id><license_plate>229-TOFI</license_plate><vin>CZN7HMWP75Z8ZGWCL</vin><color>WhiteSmoke</color><year>2006</year></automobile><automobile><person_id>4a29d703-a715-4351-b483-00e1e109642e</person_id><license_plate>7-1774F</license_plate><vin>6XKNZDMJ0Y2K2ACP0</vin><color>Tan</color><year>2002</year></automobile><automobile><person_id>0166856f-1720-4533-a089-8d605a29ff35</person_id><license_plate>464 DSX</license_plate><vin>WVTFK8RUXJBKLJBXL</vin><color>Gold</color><year>1989</year></automobile><automobile><person_id>2223b5f3-7a83-4c92-8801-711e7100d09e</person_id><license_plate>KZ6 H2L</license_plate><vin>J9U7WWKM1XKKZYENP</vin><color>Indigo</color><year>1973</year></automobile><automobile><person_id>77ff2f8b-945e-4459-8542-e1caee955c6a</person_id><license_plate>95-PK00</license_plate><vin>JFKYRMMA7P2K8SYTV</vin><color>SteelBlue</color><year>1970</year></automobile><automobile><person_id>77ff2f8b-945e-4459-8542-e1caee955c6a</person_id><license_plate>256-CQV</license_plate><vin>N5EMVASA73XE0U6TK</vin><color>LightGray</color><year>1994</year></automobile><automobile><person_id>592adf88-6b9c-4d44-b30b-712554e861e4</person_id><license_plate>YYC-730</license_plate><vin>4DMH5HYP5WDXZSZR3</vin><color>DodgerBlue</color><year>2010</year></automobile><automobile><person_id>592adf88-6b9c-4d44-b30b-712554e861e4</person_id><license_plate>478-ABB</license_plate><vin>HGJWZ1EA986299HAT</vin><color>ForestGreen</color><year>1974</year></automobile><automobile><person_id>592adf88-6b9c-4d44-b30b-712554e861e4</person_id><license_plate>OQA D43</license_plate><vin>EU6CNLWJXK879K4Y6</vin><color>NavajoWhite</color><year>1973</year></automobile><automobile><person_id>ab954db4-d691-460f-9585-8504c9cc1739</person_id><license_plate>058 EKQ</license_plate><vin>WMHTXL4K0PYCW6LBS</vin><color>RoyalBlue</color><year>1998</year></automobile><automobile><person_id>ab954db4-d691-460f-9585-8504c9cc1739</person_id><license_plate>ECO F97</license_plate><vin>BA7189EY2C639L735</vin><color>Bisque</color><year>2014</year></automobile><automobile><person_id>6df99a23-0c31-4aed-80c8-b185292e4f7f</person_id><license_plate>LPK 508</license_plate><vin>763VXW717F8ZK10R0</vin><color>AliceBlue</color><year>1997</year></automobile><automobile><person_id>6df99a23-0c31-4aed-80c8-b185292e4f7f</person_id><license_plate>24KU851</license_plate><vin>9DRH1EPN6P7AUWV1V</vin><color>DeepPink</color><year>2020</year></automobile><automobile><person_id>e774d0b5-c9fe-4cc2-8aa9-70b2f605d87e</person_id><license_plate>F 657089</license_plate><vin>RXNH6VLL0C28VBYWR</vin><color>BurlyWood</color><year>1994</year></automobile><automobile><person_id>e774d0b5-c9fe-4cc2-8aa9-70b2f605d87e</person_id><license_plate>128-AKV</license_plate><vin>TBBW3V5TX539NB97U</vin><color>LightGray</color><year>1981</year></automobile><automobile><person_id>744f2d00-3afb-45c0-b43c-c0b2fd599700</person_id><license_plate>2922</license_plate><vin>1VZD6EBN8PWJKPRL3</vin><color>PowderBlue</color><year>2019</year></automobile><automobile><person_id>744f2d00-3afb-45c0-b43c-c0b2fd599700</person_id><license_plate>09R 397</license_plate><vin>D2RACJXT9PFTE3J39</vin><color>LavenderBlush</color><year>1990</year></automobile><automobile><person_id>5d5eb991-4fb7-414d-bc7e-214cd81897a3</person_id><license_plate>969-PTE</license_plate><vin>E928LESUXTEFB796X</vin><color>LightSalmon</color><year>2011</year></automobile><automobile><person_id>60c9da3f-f1d3-4566-8264-8084c233e65c</person_id><license_plate>NG7 A3W</license_plate><vin>PG8HT4VH38VP62BPV</vin><color>SaddleBrown</color><year>1986</year></automobile><automobile><person_id>60c9da3f-f1d3-4566-8264-8084c233e65c</person_id><license_plate>PSS-1503</license_plate><vin>L7PXZH8U4U9KWMX8P</vin><color>Aqua</color><year>1988</year></automobile><automobile><person_id>ee3787fd-c0cc-4e0a-9457-05867132ebc5</person_id><license_plate>LZV 089</license_plate><vin>AFBPR84H420S0MW3S</vin><color>Orchid</color><year>2006</year></automobile><automobile><person_id>ee3787fd-c0cc-4e0a-9457-05867132ebc5</person_id><license_plate>HEA-490</license_plate><vin>B735NY0X5EDNBSKV0</vin><color>Tan</color><year>1974</year></automobile><automobile><person_id>6b07baa2-bc16-43a2-b6f2-eb7deb451c0a</person_id><license_plate>IPE2568</license_plate><vin>0L3HX9US7LZ9RC0HM</vin><color>NavajoWhite</color><year>1981</year></automobile><automobile><person_id>b76b6688-222c-403c-b554-5579247301c6</person_id><license_plate>838 XQT</license_plate><vin>ZDWRW84K567RZ1BN5</vin><color>RoyalBlue</color><year>2023</year></automobile><automobile><person_id>b015594d-e473-471e-b103-34442854f3de</person_id><license_plate>46Z L88</license_plate><vin>C5C5KXP653GX54KRF</vin><color>DimGray</color><year>2003</year></automobile><automobile><person_id>b015594d-e473-471e-b103-34442854f3de</person_id><license_plate>541 HPU</license_plate><vin>LH0SM91BXLWBHG1Y9</vin><color>Chartreuse</color><year>2022</year></automobile><automobile><person_id>851e44f0-49e5-427d-916c-447c9b318e4d</person_id><license_plate>WKO 094</license_plate><vin>X8CEYAW76LX93KEAN</vin><color>Ivory</color><year>1970</year></automobile><automobile><person_id>851e44f0-49e5-427d-916c-447c9b318e4d</person_id><license_plate>650 PAN</license_plate><vin>4HPK6VH84SVRUE9KF</vin><color>PapayaWhip</color><year>2015</year></automobile><automobile><person_id>6c584646-df34-4e0f-bcf9-0949309128a0</person_id><license_plate>WIB 976</license_plate><vin>EJ3HCSVD9MPKME40C</vin><color>BurlyWood</color><year>2005</year></automobile><automobile><person_id>6c584646-df34-4e0f-bcf9-0949309128a0</person_id><license_plate>A92 7YF</license_plate><vin>1GSE4XPCX0UYXX8D0</vin><color>PaleVioletRed</color><year>1979</year></automobile><automobile><person_id>f2808c01-5eba-460c-b0dd-be38beb493ec</person_id><license_plate>993HWK</license_plate><vin>L9CDSJNMXEJWS46HF</vin><color>Azure</color><year>2018</year></automobile><automobile><person_id>f2808c01-5eba-460c-b0dd-be38beb493ec</person_id><license_plate>WYX 891</license_plate><vin>F2AUHJ5H9JV4RA82R</vin><color>DarkCyan</color><year>2013</year></automobile><automobile><person_id>f2808c01-5eba-460c-b0dd-be38beb493ec</person_id><license_plate>MAA 629</license_plate><vin>5YZ2UD2V4HE5ZKZET</vin><color>Navy</color><year>1971</year></automobile><automobile><person_id>af372a47-56c9-4836-b9ab-e823ec5a60ad</person_id><license_plate>291W</license_plate><vin>S72TMWP630JGH0Y88</vin><color>Brown</color><year>1988</year></automobile><automobile><person_id>af372a47-56c9-4836-b9ab-e823ec5a60ad</person_id><license_plate>746-MRT</license_plate><vin>NDMBUGBK5Y5FF7J6A</vin><color>DarkGray</color><year>1989</year></automobile><automobile><person_id>af372a47-56c9-4836-b9ab-e823ec5a60ad</person_id><license_plate>455-PHS</license_plate><vin>A5B9GDRD0MYBRM358</vin><color>Beige</color><year>2002</year></automobile><automobile><person_id>c0c320f8-645b-43b5-a7aa-6f5bc7bb010f</person_id><license_plate>8EN 100</license_plate><vin>ECAG20795JLWXCL70</vin><color>SpringGreen</color><year>1976</year></automobile><automobile><person_id>246f632a-a4ed-4880-892d-f4312d2890b2</person_id><license_plate>ZAU 762</license_plate><vin>TD1CY9KA30URFG0EL</vin><color>Aqua</color><year>2008</year></automobile><automobile><person_id>246f632a-a4ed-4880-892d-f4312d2890b2</person_id><license_plate>634-471</license_plate><vin>Z8NW9PJE8LSE3YTSM</vin><color>DodgerBlue</color><year>1987</year></automobile><automobile><person_id>246f632a-a4ed-4880-892d-f4312d2890b2</person_id><license_plate>145-WGC</license_plate><vin>NHPX5E4F61Z9RMTH2</vin><color>DarkGray</color><year>1978</year></automobile><automobile><person_id>abeddd5e-b3e3-4179-b1fc-8adae74bb0da</person_id><license_plate>735 BCP</license_plate><vin>1DFZ64SK56HAAKFN0</vin><color>PeachPuff</color><year>2018</year></automobile><automobile><person_id>abeddd5e-b3e3-4179-b1fc-8adae74bb0da</person_id><license_plate>25AB2</license_plate><vin>AP6C8K544KRJ4PH73</vin><color>SeaGreen</color><year>2004</year></automobile><automobile><person_id>abeddd5e-b3e3-4179-b1fc-8adae74bb0da</person_id><license_plate>PN5 4538</license_plate><vin>09Z7BX407BXVPGRGK</vin><color>PeachPuff</color><year>2023</year></automobile><automobile><person_id>9c32c2fe-cd60-4aad-9f2d-a4f5cf23dbcf</person_id><license_plate>ML 6729</license_plate><vin>40RJ33F57D8SP8PPC</vin><color>Ivory</color><year>1999</year></automobile><automobile><person_id>9c32c2fe-cd60-4aad-9f2d-a4f5cf23dbcf</person_id><license_plate>SRH 823</license_plate><vin>CYFTKKB78RYJ4P6EF</vin><color>DeepPink</color><year>1978</year></automobile><automobile><person_id>a71e8989-2624-4571-a389-30a005fb9e7a</person_id><license_plate>377 QLP</license_plate><vin>L69AEWG10BLR31VCU</vin><color>OrangeRed</color><year>1972</year></automobile><automobile><person_id>d0b98a09-f1f5-47ba-8ad6-4490868bbfec</person_id><license_plate>8W635</license_plate><vin>VSENUY6ZX43BPS8SJ</vin><color>MediumTurquoise</color><year>1999</year></automobile><automobile><person_id>f26261af-1e4d-4ebc-bbec-11892218aeef</person_id><license_plate>8-I4853</license_plate><vin>F9T5J7VJ7CNGLZAAZ</vin><color>MistyRose</color><year>2010</year></automobile><automobile><person_id>2643144b-f759-4df8-a579-92d0aa4fe4b2</person_id><license_plate>935-MYQ</license_plate><vin>PFGJ9VBDX2MMUFGFE</vin><color>BlanchedAlmond</color><year>1986</year></automobile><automobile><person_id>2643144b-f759-4df8-a579-92d0aa4fe4b2</person_id><license_plate>LHL 456</license_plate><vin>2WFKH1NB9JFFW45VJ</vin><color>PeachPuff</color><year>1973</year></automobile><automobile><person_id>f709bb08-df2d-4b93-829c-2c97cca69bb5</person_id><license_plate>231-FQM</license_plate><vin>88ZJ52NE366C1TN7K</vin><color>Silver</color><year>2002</year></automobile><automobile><person_id>87f48177-4713-446a-8c83-b6d01c02061b</person_id><license_plate>XMM 661</license_plate><vin>HL9HE0X11DY6BRVSS</vin><color>GreenYellow</color><year>2018</year></automobile><automobile><person_id>b5e73d44-3c58-4703-9bde-69f3d33beb9b</person_id><license_plate>62QB491</license_plate><vin>GTXHY10739R4ZM3B8</vin><color>Orchid</color><year>1995</year></automobile><automobile><person_id>a881bfde-edfa-443a-ab66-6e65afce428e</person_id><license_plate>IJU-0413</license_plate><vin>YRUR2C0B9339R2L0K</vin><color>SlateBlue</color><year>1991</year></automobile><automobile><person_id>a881bfde-edfa-443a-ab66-6e65afce428e</person_id><license_plate>197 2NL</license_plate><vin>MGW1TTXH4HEN26RAW</vin><color>Magenta</color><year>2005</year></automobile><automobile><person_id>0ba7ce31-7ed7-4e98-9081-b570cea37cc3</person_id><license_plate>779-LSOE</license_plate><vin>A5HZ3D2X8FMFTEK63</vin><color>Cornsilk</color><year>2000</year></automobile><automobile><person_id>0ba7ce31-7ed7-4e98-9081-b570cea37cc3</person_id><license_plate>6WC47</license_plate><vin>NPYM9GGE2TMH678SC</vin><color>AliceBlue</color><year>1998</year></automobile><automobile><person_id>b051053d-a689-498d-8fde-60ff67364814</person_id><license_plate>57-U814</license_plate><vin>SM0ENZ6U3C1CZHWGG</vin><color>Lavender</color><year>1971</year></automobile><automobile><person_id>b051053d-a689-498d-8fde-60ff67364814</person_id><license_plate>79-O763</license_plate><vin>CGV8W14112G8F5STF</vin><color>LightGoldenRodYellow</color><year>2014</year></automobile><automobile><person_id>b051053d-a689-498d-8fde-60ff67364814</person_id><license_plate>DVZ F46</license_plate><vin>KA65J96T9KYGDVEMX</vin><color>Violet</color><year>1971</year></automobile><automobile><person_id>4300b23c-2015-4a97-9b41-874d5da27958</person_id><license_plate>7K 9P2IWX</license_plate><vin>GGS3UF2X4UE0DWUPS</vin><color>DarkKhaki</color><year>2024</year></automobile><automobile><person_id>988f29e1-4786-4460-af93-87108740d59b</person_id><license_plate>FVO 027</license_plate><vin>RTGES0KM1THCK2LLD</vin><color>DarkMagenta</color><year>2015</year></automobile><automobile><person_id>988f29e1-4786-4460-af93-87108740d59b</person_id><license_plate>5XZ6588</license_plate><vin>DE0H8DBE26WVPL94T</vin><color>SteelBlue</color><year>2012</year></automobile><automobile><person_id>adbee664-2144-4d75-bcb8-37bd31150f4b</person_id><license_plate>MTY 582</license_plate><vin>4KG3JD7R3VGZBJ3NW</vin><color>DarkSalmon</color><year>2006</year></automobile><automobile><person_id>de3e814f-8401-4009-b111-fb89f2b0ab2b</person_id><license_plate>357 VFS</license_plate><vin>FBX0L5SJX7PGVAUZS</vin><color>LavenderBlush</color><year>1978</year></automobile><automobile><person_id>6f36a856-75ee-40ba-be9f-5deb923fc720</person_id><license_plate>082MLH</license_plate><vin>W3PYXA4D69AWUAB3C</vin><color>Thistle</color><year>1992</year></automobile><automobile><person_id>6f36a856-75ee-40ba-be9f-5deb923fc720</person_id><license_plate>971-GOF</license_plate><vin>4MFXBY5E3XDJDUSR3</vin><color>LightGoldenRodYellow</color><year>1991</year></automobile><automobile><person_id>bba0e8c9-e874-428b-bcc9-dfaaea916d9f</person_id><license_plate>854978</license_plate><vin>7RCXMKJ52C6N4JT3P</vin><color>LavenderBlush</color><year>2023</year></automobile><automobile><person_id>2caee007-89e3-4355-9c37-fde6da6d79a1</person_id><license_plate>0M 75758</license_plate><vin>KKXXG6N2188W4KZFP</vin><color>Pink</color><year>1983</year></automobile><automobile><person_id>3c4c555a-f745-4e21-b96a-8157878173b8</person_id><license_plate>COU J54</license_plate><vin>GLF96SZK8WEFRZHNC</vin><color>MidnightBlue</color><year>2022</year></automobile><automobile><person_id>ccf1d75c-a7b8-4064-91da-30c5073e21ae</person_id><license_plate>AKA 8258</license_plate><vin>TB8RS7UV4TWAD9268</vin><color>MintCream</color><year>2012</year></automobile><automobile><person_id>1ab975c6-6682-452b-9cd9-e921bed1013a</person_id><license_plate>CB 7610</license_plate><vin>UKAALX6AXZ2F76J46</vin><color>Indigo</color><year>2017</year></automobile><automobile><person_id>d6297fa0-9e55-47b0-94f5-fe53c2b5fa7f</person_id><license_plate>5Y 26615</license_plate><vin>P6L57KZF39S7DAJPW</vin><color>Lavender</color><year>2010</year></automobile><automobile><person_id>d6297fa0-9e55-47b0-94f5-fe53c2b5fa7f</person_id><license_plate>253-AZD</license_plate><vin>UCJECRYJ7DASZ7D7K</vin><color>ForestGreen</color><year>1994</year></automobile><automobile><person_id>6c64d0b7-def9-4075-ab89-edd91e266dc1</person_id><license_plate>20-P053</license_plate><vin>NCYP1RRC319SGFGFR</vin><color>LightSkyBlue</color><year>1973</year></automobile><automobile><person_id>10404982-9d31-4530-8639-7314cc8fae4f</person_id><license_plate>8VJB 66</license_plate><vin>DZ073K77XRNCUZCYS</vin><color>Crimson</color><year>1981</year></automobile><automobile><person_id>10404982-9d31-4530-8639-7314cc8fae4f</person_id><license_plate>165595</license_plate><vin>LXWYT2MC9GMDMC1VD</vin><color>LightGray</color><year>1992</year></automobile><automobile><person_id>10404982-9d31-4530-8639-7314cc8fae4f</person_id><license_plate>2KX05</license_plate><vin>5H6K0J3S4HNEVCUVC</vin><color>GreenYellow</color><year>2018</year></automobile><automobile><person_id>4cb1065c-82e9-41ca-bfd5-6a57324c8ea0</person_id><license_plate>88-7994W</license_plate><vin>7RW98A4T44D9SCCRZ</vin><color>Gainsboro</color><year>2007</year></automobile><automobile><person_id>4cb1065c-82e9-41ca-bfd5-6a57324c8ea0</person_id><license_plate>00X Y13</license_plate><vin>0738XMBM1D5KUL30N</vin><color>Pink</color><year>2011</year></automobile><automobile><person_id>ab0a3842-e34b-47f1-8650-ee598e180885</person_id><license_plate>D19-TLU</license_plate><vin>MDWRKSCK6H5J13P6A</vin><color>LightGoldenRodYellow</color><year>1982</year></automobile><automobile><person_id>b269f30c-dbf3-43c9-93ec-0ebbe54acad9</person_id><license_plate>EEN 604</license_plate><vin>G1SN0R5L9KE6HS3WL</vin><color>Lime</color><year>2020</year></automobile><automobile><person_id>14d1244a-3194-4d3b-85c0-077416b0b4e8</person_id><license_plate>7P V0187</license_plate><vin>SSZDN4X84D688K0PL</vin><color>DarkViolet</color><year>2004</year></automobile><automobile><person_id>abd8c754-2f5f-4c26-bb49-a530e7d30e2a</person_id><license_plate>2VM 337</license_plate><vin>FPMS0T7G0TEJYNT77</vin><color>DarkTurquoise</color><year>1970</year></automobile><automobile><person_id>abd8c754-2f5f-4c26-bb49-a530e7d30e2a</person_id><license_plate>ZLY-664</license_plate><vin>S8J374U71RGZM0AY0</vin><color>MediumSlateBlue</color><year>1980</year></automobile><automobile><person_id>8681a4e7-25ff-478c-bd19-a21f05091c0b</person_id><license_plate>117-SRIF</license_plate><vin>41B9DZ6110DRW3VX8</vin><color>Orchid</color><year>2020</year></automobile><automobile><person_id>c4fe76d7-e916-4971-b38c-0b459896e8d9</person_id><license_plate>C09-11Q</license_plate><vin>9MRS99LC7MV3GVVNZ</vin><color>HoneyDew</color><year>2002</year></automobile><automobile><person_id>c4fe76d7-e916-4971-b38c-0b459896e8d9</person_id><license_plate>699 8RE</license_plate><vin>54WM5R812X0C64B8Z</vin><color>PaleVioletRed</color><year>2001</year></automobile><automobile><person_id>2ec03a93-b603-4525-83a0-14880720fd80</person_id><license_plate>7-5952H</license_plate><vin>6DZRHW7VX7DUUXU9J</vin><color>DarkOrchid</color><year>2003</year></automobile><automobile><person_id>2ec03a93-b603-4525-83a0-14880720fd80</person_id><license_plate>VU 9564</license_plate><vin>R6N3E46257A03MCGX</vin><color>MidnightBlue</color><year>2020</year></automobile><automobile><person_id>cdf1e39f-5973-4a4e-89af-c31ada6bd098</person_id><license_plate>261TQ</license_plate><vin>805K2M1X48JXHVRRY</vin><color>PaleVioletRed</color><year>2016</year></automobile><automobile><person_id>cdf1e39f-5973-4a4e-89af-c31ada6bd098</person_id><license_plate>1-D6432</license_plate><vin>WVMV1TC76HBJ4Y563</vin><color>LightSlateGray</color><year>1991</year></automobile><automobile><person_id>cdf1e39f-5973-4a4e-89af-c31ada6bd098</person_id><license_plate>501 9MH</license_plate><vin>6GKAU9RG69G4VEY1F</vin><color>Lavender</color><year>1976</year></automobile><automobile><person_id>fac06990-2635-4027-8067-22e994300726</person_id><license_plate>826 8DP</license_plate><vin>TDHMA0DJ172RYKX8P</vin><color>PaleGreen</color><year>1986</year></automobile><automobile><person_id>7af79db6-06d9-4f30-804e-2ebbd4f0d3a2</person_id><license_plate>959YHK</license_plate><vin>SRBG7UC69RHLP1TDA</vin><color>DarkKhaki</color><year>1978</year></automobile></automobiles>