<?xml version="1.0" encoding="UTF-8" ?><automobiles><automobile><person_id>80d09491-aac2-4394-a657-17a99660f23c</person_id><license_plate>V 238887</license_plate><vin>FBUGFG3H4S678KHL0</vin><color>DarkSalmon</color><year>1981</year></automobile><automobile><person_id>0b167440-2726-40b8-98cd-3d6fded9b818</person_id><license_plate>8-2329X</license_plate><vin>CYY9XL6BXXHL8NHA9</vin><color>OliveDrab</color><year>2022</year></automobile><automobile><person_id>a4846576-9513-42ab-999e-4c3f396305c2</person_id><license_plate>PBU 707</license_plate><vin>YJ30JG2B3ZRD43TPD</vin><color>DarkSlateBlue</color><year>2017</year></automobile><automobile><person_id>a4846576-9513-42ab-999e-4c3f396305c2</person_id><license_plate>9OE Z07</license_plate><vin>GRWVZU5E84E60DYHV</vin><color>Silver</color><year>1986</year></automobile><automobile><person_id>aa242e40-ff1f-46f2-84e4-69a6182e9e6a</person_id><license_plate>46B•187</license_plate><vin>KNDG0DA1793F99R5Y</vin><color>PaleTurquoise</color><year>1978</year></automobile><automobile><person_id>7765724e-9a48-44d3-b71c-392e87783f7b</person_id><license_plate>UEI-6722</license_plate><vin>13051YJG417DG9AXD</vin><color>DarkGreen</color><year>1992</year></automobile><automobile><person_id>7765724e-9a48-44d3-b71c-392e87783f7b</person_id><license_plate>XB7 7017</license_plate><vin>MG08CL9F77Z81RDRM</vin><color>MediumSlateBlue</color><year>1976</year></automobile><automobile><person_id>7765724e-9a48-44d3-b71c-392e87783f7b</person_id><license_plate>71-6778P</license_plate><vin>LDPCVKXD15CRSBVYE</vin><color>LemonChiffon</color><year>1999</year></automobile><automobile><person_id>077df3c8-0c89-410c-8be5-e0b54991011f</person_id><license_plate>079 ZZI</license_plate><vin>EWLGJJS548ZPKGYJC</vin><color>MediumBlue</color><year>1989</year></automobile><automobile><person_id>7c46f2a9-2aa2-462f-9ef6-b1ccf913bd56</person_id><license_plate>474 RG4</license_plate><vin>FUR80AHN9CPB0XSHA</vin><color>Azure</color><year>2017</year></automobile><automobile><person_id>7c46f2a9-2aa2-462f-9ef6-b1ccf913bd56</person_id><license_plate>491 2175</license_plate><vin>70E9A3D10TJHNUNPM</vin><color>Orchid</color><year>1973</year></automobile><automobile><person_id>7c46f2a9-2aa2-462f-9ef6-b1ccf913bd56</person_id><license_plate>ZJT 675</license_plate><vin>L6D9U6033AV2XGMW2</vin><color>Violet</color><year>2018</year></automobile><automobile><person_id>0490c685-98d9-401d-bce5-ac98c9635635</person_id><license_plate>67-3287L</license_plate><vin>5YYT2K8T04F01MPF5</vin><color>DarkBlue</color><year>1990</year></automobile><automobile><person_id>0490c685-98d9-401d-bce5-ac98c9635635</person_id><license_plate>84-80429</license_plate><vin>926H337R2FW4NPRVM</vin><color>LightGoldenRodYellow</color><year>1994</year></automobile><automobile><person_id>59d39291-3156-467d-90ec-416ba4b47173</person_id><license_plate>10-T283</license_plate><vin>JJ6M5Z9M8XKWK6P47</vin><color>HoneyDew</color><year>2005</year></automobile><automobile><person_id>59d39291-3156-467d-90ec-416ba4b47173</person_id><license_plate>RD 17599</license_plate><vin>5HLA5WM99RMZVZX8F</vin><color>LavenderBlush</color><year>2013</year></automobile><automobile><person_id>f7951764-a8f5-4769-be5e-5ee1cec4c0de</person_id><license_plate>OSC-887</license_plate><vin>C73KPJJN12XPSC102</vin><color>Red</color><year>2005</year></automobile><automobile><person_id>f7951764-a8f5-4769-be5e-5ee1cec4c0de</person_id><license_plate>8767 CP</license_plate><vin>1TKL0JFU06B5BUYAG</vin><color>Gold</color><year>1988</year></automobile><automobile><person_id>b3b37b78-1522-4d96-ba7d-4f5a17b7ce7e</person_id><license_plate>669 6PS</license_plate><vin>8HYX1AH13R0WVB72N</vin><color>MediumSpringGreen</color><year>2009</year></automobile><automobile><person_id>4108e960-91b0-4719-972b-0e24b375a27d</person_id><license_plate>PIB 283</license_plate><vin>G24JF0370Y8DYK59Y</vin><color>MediumAquaMarine</color><year>1998</year></automobile><automobile><person_id>4108e960-91b0-4719-972b-0e24b375a27d</person_id><license_plate>705 8450</license_plate><vin>KE7P77EMXLHRZFJ5N</vin><color>Crimson</color><year>1980</year></automobile><automobile><person_id>4108e960-91b0-4719-972b-0e24b375a27d</person_id><license_plate>1MK 163</license_plate><vin>CA3FE9LS71SKLPUCA</vin><color>DarkKhaki</color><year>2003</year></automobile><automobile><person_id>0291ef01-c0f4-4b61-a3e0-e96d943bfde8</person_id><license_plate>151 UC1</license_plate><vin>F1SW8K7FXVJT4M1NY</vin><color>DarkCyan</color><year>1988</year></automobile><automobile><person_id>0291ef01-c0f4-4b61-a3e0-e96d943bfde8</person_id><license_plate>OYS 171</license_plate><vin>WZ0FFTEY7BPFHA9J4</vin><color>Pink</color><year>1975</year></automobile><automobile><person_id>0291ef01-c0f4-4b61-a3e0-e96d943bfde8</person_id><license_plate>484 5YL</license_plate><vin>TRAWD47C6U26H4HXP</vin><color>LightSlateGray</color><year>1986</year></automobile><automobile><person_id>97e4df72-f070-4473-8b95-a91500cac864</person_id><license_plate>615457</license_plate><vin>X2GNU07R4KMMSWP6E</vin><color>LightGray</color><year>2014</year></automobile><automobile><person_id>97e4df72-f070-4473-8b95-a91500cac864</person_id><license_plate>6-26072</license_plate><vin>0EEJ484A3VJ9UUPAG</vin><color>DarkRed</color><year>1977</year></automobile><automobile><person_id>97e4df72-f070-4473-8b95-a91500cac864</person_id><license_plate>8QP 429</license_plate><vin>VA9W4EPX1PPKPFEWZ</vin><color>DarkMagenta</color><year>2003</year></automobile><automobile><person_id>178f358b-c008-488b-b1b6-0c5e17d11e84</person_id><license_plate>560 AUZ</license_plate><vin>YPD0G7612YL90BAMY</vin><color>Chocolate</color><year>1984</year></automobile><automobile><person_id>178f358b-c008-488b-b1b6-0c5e17d11e84</person_id><license_plate>JPC 514</license_plate><vin>W9C4D8SB90Y6UK5J9</vin><color>LightSlateGray</color><year>2014</year></automobile><automobile><person_id>89be76ee-02ad-44ed-9ecb-7632d5384225</person_id><license_plate>8S412</license_plate><vin>FVFVMT9H4FV8XHPUB</vin><color>AliceBlue</color><year>1975</year></automobile><automobile><person_id>83084d1b-ba08-4a35-842b-f60900bf5474</person_id><license_plate>755DPR</license_plate><vin>B2US75U656JH1D851</vin><color>AliceBlue</color><year>1992</year></automobile><automobile><person_id>a8957d5a-3b26-41ad-bd87-3983fe1d2bab</person_id><license_plate>JYA 237</license_plate><vin>2ZSYCY7G6N1THW10T</vin><color>Chartreuse</color><year>1978</year></automobile><automobile><person_id>a7a8eb83-b23e-4d90-98e7-1a26f52ecb21</person_id><license_plate>63E W86</license_plate><vin>GLKCNC5J7TP4W1442</vin><color>Turquoise</color><year>1986</year></automobile><automobile><person_id>a7a8eb83-b23e-4d90-98e7-1a26f52ecb21</person_id><license_plate>A 114621</license_plate><vin>6EP15ARJ3Y3FNGWP7</vin><color>LightGoldenRodYellow</color><year>2006</year></automobile><automobile><person_id>3cbcde5b-4552-4464-9d31-789ca79bb401</person_id><license_plate>171 RHL</license_plate><vin>1VGUU51H0AS9A4FGD</vin><color>Orchid</color><year>2020</year></automobile><automobile><person_id>bffb62cd-c1c8-4fc2-9033-9c69abf90165</person_id><license_plate>TWG0168</license_plate><vin>LHNT5RHCX1MRCXX0X</vin><color>DarkGreen</color><year>2004</year></automobile><automobile><person_id>183cd890-0d93-45a1-9d9a-bdd552334eb3</person_id><license_plate>78F•293</license_plate><vin>7F9YX7EMX0UU3T4YS</vin><color>HotPink</color><year>2014</year></automobile><automobile><person_id>20fd45b3-ac1e-449c-80b2-fd750692b93c</person_id><license_plate>998 UIV</license_plate><vin>NPBCRGB53J5790E1M</vin><color>LightGray</color><year>1983</year></automobile><automobile><person_id>05d57263-5952-454c-ba85-4fd2fd8cc61b</person_id><license_plate>87E D06</license_plate><vin>NHV9K20A11XTF4SM9</vin><color>SlateBlue</color><year>1972</year></automobile><automobile><person_id>1db18316-c082-4ccf-b025-aeea4db20d7e</person_id><license_plate>209-WZH</license_plate><vin>5554M0GW1LCA9BA06</vin><color>DeepPink</color><year>1977</year></automobile><automobile><person_id>d146b1a4-12b0-4749-b4d8-b9c34be0372a</person_id><license_plate>MVC 107</license_plate><vin>JA7M4HSL9A88Z9162</vin><color>LightSteelBlue</color><year>2000</year></automobile><automobile><person_id>6b931416-9a38-4139-8295-80c2ae9fd1b1</person_id><license_plate>OVH0003</license_plate><vin>FKM0BGM615DRZ9TZ1</vin><color>Beige</color><year>2018</year></automobile><automobile><person_id>6b931416-9a38-4139-8295-80c2ae9fd1b1</person_id><license_plate>IYM F34</license_plate><vin>598PRDCK17CMGX7K5</vin><color>DarkBlue</color><year>2023</year></automobile><automobile><person_id>ca48ad17-571d-4bef-8390-608950d96f70</person_id><license_plate>45W NI9</license_plate><vin>J2JN4JZ24SUYDE2PZ</vin><color>DarkSlateGray</color><year>2002</year></automobile><automobile><person_id>812dd4c1-ff89-405d-bd1b-9e6af3b25181</person_id><license_plate>098 DDX</license_plate><vin>ND34HAK364U7JGC80</vin><color>Chocolate</color><year>1984</year></automobile><automobile><person_id>71dff2fe-a729-4cde-97ca-74febd8994fb</person_id><license_plate>YQK-1545</license_plate><vin>KPJUSP1MXZHRCHXXT</vin><color>Pink</color><year>2022</year></automobile><automobile><person_id>57210503-6ba9-4da8-b133-c83a2f263264</person_id><license_plate>1-1146C</license_plate><vin>HVGCDE4H6R4L15LKV</vin><color>Magenta</color><year>1977</year></automobile><automobile><person_id>61d775ee-5e26-4249-b9fb-02bad5a34560</person_id><license_plate>EXF 242</license_plate><vin>PMEXUZHK3PRU3PCP5</vin><color>OldLace</color><year>1991</year></automobile><automobile><person_id>74f122c1-4c1d-4669-ab9a-f35208d38e81</person_id><license_plate>693 DZC</license_plate><vin>VFZR86W90DA3ZEAD1</vin><color>MediumSlateBlue</color><year>2015</year></automobile><automobile><person_id>2cadcae1-450c-4bbb-913e-401410480f4a</person_id><license_plate>552GG</license_plate><vin>5JWC8BN92PPJXA4DY</vin><color>White</color><year>2010</year></automobile><automobile><person_id>a1d6bda4-7847-45d9-9042-2935ce4674bf</person_id><license_plate>RHW6459</license_plate><vin>EZW5UUUD58XAZXC46</vin><color>YellowGreen</color><year>1984</year></automobile><automobile><person_id>dea1bda5-178d-481c-84de-f5f169b54088</person_id><license_plate>47-UE15</license_plate><vin>D2T5FVPY7N4UJXFXF</vin><color>SkyBlue</color><year>2003</year></automobile><automobile><person_id>dea1bda5-178d-481c-84de-f5f169b54088</person_id><license_plate>5TBS 38</license_plate><vin>8MV69G9X68SYRV6SL</vin><color>ForestGreen</color><year>1989</year></automobile><automobile><person_id>11e0ccc3-b036-419e-b76c-74da370e2ed2</person_id><license_plate>382 MXM</license_plate><vin>7HNNWADG6G24254NV</vin><color>Teal</color><year>2020</year></automobile><automobile><person_id>422e6a9f-73dc-49fa-931d-c7c57bf9171c</person_id><license_plate>FQG-3287</license_plate><vin>2A9DJY6G9KCK36P9T</vin><color>Aquamarine</color><year>1984</year></automobile><automobile><person_id>422e6a9f-73dc-49fa-931d-c7c57bf9171c</person_id><license_plate>CE 75108</license_plate><vin>FAB0A2YR2LUKM0T7D</vin><color>Peru</color><year>2014</year></automobile><automobile><person_id>422e6a9f-73dc-49fa-931d-c7c57bf9171c</person_id><license_plate>KWQ 3728</license_plate><vin>0M5LWERT2F5YC9PJ8</vin><color>Salmon</color><year>1971</year></automobile><automobile><person_id>5dd35f30-98d9-48bb-81b5-82ac5f732931</person_id><license_plate>R94 9CP</license_plate><vin>FUA48MP50XMSCLXE6</vin><color>AntiqueWhite</color><year>1998</year></automobile><automobile><person_id>25717ace-6aec-4f54-b8fe-cfebe292aa62</person_id><license_plate>HDC 253</license_plate><vin>SEZS2LYA874UZRZLW</vin><color>Snow</color><year>2004</year></automobile><automobile><person_id>68928c1f-2417-45cf-b241-2abe3c8cf7f2</person_id><license_plate>KFE 778</license_plate><vin>BRCECH6C16EZYT9YH</vin><color>PaleVioletRed</color><year>2019</year></automobile><automobile><person_id>68928c1f-2417-45cf-b241-2abe3c8cf7f2</person_id><license_plate>439 OVP</license_plate><vin>RKV6E7965R89TN34K</vin><color>Peru</color><year>1997</year></automobile><automobile><person_id>2ea98d36-d0bb-43ba-a40b-d68330e7d698</person_id><license_plate>1HV H58</license_plate><vin>JTFT19YA2WC22DDJ4</vin><color>CornflowerBlue</color><year>2000</year></automobile><automobile><person_id>2ea98d36-d0bb-43ba-a40b-d68330e7d698</person_id><license_plate>GSQ-110</license_plate><vin>F3J84KVJXYXPBV67W</vin><color>Crimson</color><year>2020</year></automobile><automobile><person_id>24f972fd-0e9a-4f28-bed2-ed151743def8</person_id><license_plate>8-47375A</license_plate><vin>9J89FYXD657TK67G7</vin><color>Olive</color><year>1978</year></automobile><automobile><person_id>5a9e3ae8-a248-480b-9d18-d470d20cee4c</person_id><license_plate>MWZ 722</license_plate><vin>GZC2SA2N1ZZWXDFXK</vin><color>MidnightBlue</color><year>1977</year></automobile><automobile><person_id>5a9e3ae8-a248-480b-9d18-d470d20cee4c</person_id><license_plate>LHX Z78</license_plate><vin>RT7RACEW6NX2RA9FV</vin><color>PaleGreen</color><year>2023</year></automobile><automobile><person_id>2174bd0a-0416-491f-ab51-d9a9b8fd9a61</person_id><license_plate>FRG9008</license_plate><vin>6NUFYAJR2ZUULHSUP</vin><color>SaddleBrown</color><year>2023</year></automobile><automobile><person_id>cae1a129-fea4-4fd8-84cd-7f331d741a16</person_id><license_plate>140 AFU</license_plate><vin>D1DU7GMJ5MJUPNGAK</vin><color>Ivory</color><year>1995</year></automobile><automobile><person_id>95851704-fde0-4431-afda-d9acb1fa9a32</person_id><license_plate>481 RTR</license_plate><vin>FL5M85SH7BV9E68ZW</vin><color>SeaGreen</color><year>1983</year></automobile><automobile><person_id>95851704-fde0-4431-afda-d9acb1fa9a32</person_id><license_plate>497-BNG</license_plate><vin>U13UNRNA3AHU7MX58</vin><color>WhiteSmoke</color><year>1979</year></automobile><automobile><person_id>95851704-fde0-4431-afda-d9acb1fa9a32</person_id><license_plate>LBE 799</license_plate><vin>P47Z0AZ74PRF1W3ZR</vin><color>GhostWhite</color><year>2015</year></automobile><automobile><person_id>8ed1236a-c55f-41a7-a4e0-feb8427617d2</person_id><license_plate>43GV691</license_plate><vin>VV5ZDFHV4KS44AS7U</vin><color>Azure</color><year>2000</year></automobile><automobile><person_id>8ed1236a-c55f-41a7-a4e0-feb8427617d2</person_id><license_plate>AMU 811</license_plate><vin>KX5YVDVE3ADATYCS2</vin><color>BlanchedAlmond</color><year>1990</year></automobile><automobile><person_id>7c951e8e-9a93-4230-9fe2-aff70a79b684</person_id><license_plate>XNR3743</license_plate><vin>RZHSMZX907X4NS83S</vin><color>MediumSeaGreen</color><year>2021</year></automobile><automobile><person_id>7c951e8e-9a93-4230-9fe2-aff70a79b684</person_id><license_plate>970 ZFD</license_plate><vin>LKEFMTN71SKJEPDK0</vin><color>BlueViolet</color><year>1995</year></automobile><automobile><person_id>7c951e8e-9a93-4230-9fe2-aff70a79b684</person_id><license_plate>KVW 913</license_plate><vin>R2PNEKBW8B04EY4UC</vin><color>Lavender</color><year>2016</year></automobile><automobile><person_id>0b16d489-f55d-4d8e-9dd2-9d0d361b46e6</person_id><license_plate>44C YZ5</license_plate><vin>G1ZEAEB3057WAF4MH</vin><color>DodgerBlue</color><year>1984</year></automobile><automobile><person_id>0b16d489-f55d-4d8e-9dd2-9d0d361b46e6</person_id><license_plate>33-V699</license_plate><vin>KT450UYP5ZX97N0P3</vin><color>DarkGoldenRod</color><year>1971</year></automobile><automobile><person_id>ec3ebfe7-35fa-49c2-820f-bf21fe0cf33a</person_id><license_plate>4-P3581</license_plate><vin>HRPNZP8118PSYMCES</vin><color>LightPink</color><year>1984</year></automobile><automobile><person_id>7acfa11a-376d-4ffc-83bd-3c41659266cc</person_id><license_plate>4633 XP</license_plate><vin>HZBYDVF70XXB7LV8J</vin><color>SandyBrown</color><year>1998</year></automobile><automobile><person_id>7acfa11a-376d-4ffc-83bd-3c41659266cc</person_id><license_plate>919-UKPM</license_plate><vin>51PML9CD3RV7WKNBZ</vin><color>LightSeaGreen</color><year>1974</year></automobile><automobile><person_id>7acfa11a-376d-4ffc-83bd-3c41659266cc</person_id><license_plate>CUM-2359</license_plate><vin>SDTAARZS2YX6UJ52S</vin><color>Sienna</color><year>1995</year></automobile><automobile><person_id>c14f9051-2b36-4766-a0db-6850d92d2f6d</person_id><license_plate>210 7CJ</license_plate><vin>VLWTDBF55663YUWZ9</vin><color>Ivory</color><year>1983</year></automobile><automobile><person_id>ba794e89-d793-4b1e-8bb5-8d3e2cb22f90</person_id><license_plate>83H•031</license_plate><vin>MW2N0S166DT518KA8</vin><color>Violet</color><year>2016</year></automobile><automobile><person_id>d76e24c5-96f3-4046-9677-c3c21b74bdc7</person_id><license_plate>BIT-648</license_plate><vin>RNRE5CE27KY97CDCM</vin><color>Gainsboro</color><year>1983</year></automobile><automobile><person_id>a6a2bf05-a473-4dab-82a9-1f404d5eb6b9</person_id><license_plate>PBI 961</license_plate><vin>HC6BDYPP34UBEB0WK</vin><color>LightSeaGreen</color><year>2000</year></automobile><automobile><person_id>5abefa7d-4a0a-496c-b410-89c78e77255c</person_id><license_plate>AEG-9561</license_plate><vin>2L9NPZ0P9EDSDSTKE</vin><color>OrangeRed</color><year>1970</year></automobile><automobile><person_id>5abefa7d-4a0a-496c-b410-89c78e77255c</person_id><license_plate>525 WRR</license_plate><vin>B7EWE8U17DSD5XL50</vin><color>GreenYellow</color><year>1974</year></automobile><automobile><person_id>5abefa7d-4a0a-496c-b410-89c78e77255c</person_id><license_plate>VAX-8474</license_plate><vin>V0FVR2678121EC5PL</vin><color>Lavender</color><year>2002</year></automobile><automobile><person_id>79fd6f01-fa29-4c89-b506-b3a2eb21825e</person_id><license_plate>9V 87167</license_plate><vin>9VAK7PPB2PPXD1SEH</vin><color>DarkKhaki</color><year>1994</year></automobile><automobile><person_id>aa9a1547-5f82-48fd-aff4-83b83d9314b4</person_id><license_plate>0X P8256</license_plate><vin>GC9DEPWV20R3AMCW3</vin><color>Azure</color><year>1987</year></automobile><automobile><person_id>aa9a1547-5f82-48fd-aff4-83b83d9314b4</person_id><license_plate>383T1</license_plate><vin>H9UGKSWP12Z5BV617</vin><color>LavenderBlush</color><year>2003</year></automobile><automobile><person_id>bef2f44b-7012-470a-862d-397258b7e805</person_id><license_plate>AU2 2252</license_plate><vin>BV9RK4XE4K14RDASC</vin><color>Salmon</color><year>1997</year></automobile><automobile><person_id>f8cb9cf8-a72a-4d27-973f-617ea8e98717</person_id><license_plate>96B 533</license_plate><vin>Y0YZ6EUG9ZVJRZRZL</vin><color>Moccasin</color><year>1997</year></automobile><automobile><person_id>bf860a4d-5851-48c9-bdd2-6de283894f9c</person_id><license_plate>43H C66</license_plate><vin>79FFNMNN12HA44DR5</vin><color>SkyBlue</color><year>1992</year></automobile><automobile><person_id>bf860a4d-5851-48c9-bdd2-6de283894f9c</person_id><license_plate>H52 8IX</license_plate><vin>GN835DC507V8MRZER</vin><color>Silver</color><year>2002</year></automobile><automobile><person_id>1c7178bb-d1a3-4a8c-bcf2-0f2a1d12b4e6</person_id><license_plate>750 IED</license_plate><vin>BB2LL51R1675SJ8LZ</vin><color>PaleVioletRed</color><year>1972</year></automobile><automobile><person_id>ad406b8c-a477-4efe-abb6-59185c6a6be6</person_id><license_plate>S87 8HI</license_plate><vin>7Y1ZX80D9HZDUGC1G</vin><color>LightSkyBlue</color><year>2015</year></automobile><automobile><person_id>251942fe-cc81-4570-8c22-d84e697d2a5f</person_id><license_plate>402-UJN</license_plate><vin>WMH6YKEP5U0CEPJUJ</vin><color>LightGray</color><year>1997</year></automobile><automobile><person_id>49a6f422-d650-4afc-8301-35260de4d4e8</person_id><license_plate>VOS 975</license_plate><vin>F3KEZBXZ8MSZSYF11</vin><color>Teal</color><year>2008</year></automobile><automobile><person_id>49a6f422-d650-4afc-8301-35260de4d4e8</person_id><license_plate>89AH9</license_plate><vin>L0ZU5YVR2YDF6YKH6</vin><color>YellowGreen</color><year>2007</year></automobile><automobile><person_id>b04203f5-6fc6-442d-8570-3535a36a2b4b</person_id><license_plate>07-88568</license_plate><vin>4B9DF9K4916HP0LPA</vin><color>DarkOrchid</color><year>2015</year></automobile><automobile><person_id>b04203f5-6fc6-442d-8570-3535a36a2b4b</person_id><license_plate>75X 588</license_plate><vin>1V12ZKMU8CK93M4GU</vin><color>GreenYellow</color><year>1980</year></automobile><automobile><person_id>56329179-83b8-4cc0-9491-2d7f9ee71687</person_id><license_plate>784 TSM</license_plate><vin>J2UEJ8XS7N9D49J6W</vin><color>Crimson</color><year>2007</year></automobile><automobile><person_id>56329179-83b8-4cc0-9491-2d7f9ee71687</person_id><license_plate>4FT98</license_plate><vin>CTNWXGEK8L9P26MNE</vin><color>DarkMagenta</color><year>2010</year></automobile><automobile><person_id>b6924d72-e052-4e21-8cab-399a1c8e16b9</person_id><license_plate>P80-QNY</license_plate><vin>GD7YXKKP8A1T1W13V</vin><color>MediumTurquoise</color><year>2018</year></automobile><automobile><person_id>54acec94-d9e2-4275-82d7-4e6e74bb7692</person_id><license_plate>30Z QG0</license_plate><vin>TXUTEZR386Z9M30JV</vin><color>MediumSlateBlue</color><year>1986</year></automobile><automobile><person_id>4b50c562-19c6-435b-a6ed-44a11bdf2f63</person_id><license_plate>87X P21</license_plate><vin>MTWXZABF14G24PLDG</vin><color>Ivory</color><year>2009</year></automobile><automobile><person_id>766ff9a4-d6c5-4b48-bf3b-84bfabfdb5ef</person_id><license_plate>UQH 716</license_plate><vin>8PUABMGL4F4N17C5Y</vin><color>MediumPurple</color><year>1973</year></automobile><automobile><person_id>766ff9a4-d6c5-4b48-bf3b-84bfabfdb5ef</person_id><license_plate>F48-47R</license_plate><vin>SUP42H9472V6CEHFP</vin><color>MintCream</color><year>2000</year></automobile><automobile><person_id>2242d279-5888-456e-abf5-34f625696534</person_id><license_plate>LXO 238</license_plate><vin>0C6DRKEW2D0ERNVUY</vin><color>Coral</color><year>2002</year></automobile><automobile><person_id>520b428c-a542-4677-b087-d6b6046463c9</person_id><license_plate>192 ZA5</license_plate><vin>5EUPDB2T81NLK2SWU</vin><color>White</color><year>1986</year></automobile><automobile><person_id>006b1673-af9a-4712-92f2-5b857a7d5d72</person_id><license_plate>729 OIX</license_plate><vin>LN8Z61ED8GWWZPBFC</vin><color>Indigo</color><year>2013</year></automobile><automobile><person_id>006b1673-af9a-4712-92f2-5b857a7d5d72</person_id><license_plate>LA4 9890</license_plate><vin>6K1K05PJ2XVZ1XKAU</vin><color>CornflowerBlue</color><year>1992</year></automobile><automobile><person_id>af529678-7f72-47d7-b37b-f2f0e5e674a2</person_id><license_plate>555 4BI</license_plate><vin>K8P6FAP01LNW9Y9EA</vin><color>SlateBlue</color><year>1983</year></automobile><automobile><person_id>e6f54f65-283e-45f9-bdef-e4031c83e133</person_id><license_plate>9Q 7319P</license_plate><vin>7TNKN64T8VEJGG352</vin><color>MidnightBlue</color><year>1979</year></automobile><automobile><person_id>e6f54f65-283e-45f9-bdef-e4031c83e133</person_id><license_plate>3AHM 05</license_plate><vin>EJTLS9TB39J7MM4DS</vin><color>MidnightBlue</color><year>1979</year></automobile><automobile><person_id>f500dbce-d1e1-40e9-a27a-59523224f281</person_id><license_plate>KG-3960</license_plate><vin>E6TVF4Z28BASFRZTT</vin><color>LightSalmon</color><year>1989</year></automobile><automobile><person_id>f500dbce-d1e1-40e9-a27a-59523224f281</person_id><license_plate>LII-5322</license_plate><vin>8N5ZUUXF9W7VVEJSZ</vin><color>MidnightBlue</color><year>1977</year></automobile><automobile><person_id>9970e220-97e1-4d6e-9c6f-1007dd0d9ea8</person_id><license_plate>HQV-613</license_plate><vin>M6V21FNS06CNWMAZ4</vin><color>PaleGreen</color><year>1996</year></automobile><automobile><person_id>9970e220-97e1-4d6e-9c6f-1007dd0d9ea8</person_id><license_plate>898OK</license_plate><vin>660A16XE44E8W7RMW</vin><color>Peru</color><year>2000</year></automobile><automobile><person_id>c96d9f2f-5639-4845-abf8-3f2b8be739e3</person_id><license_plate>949 EAO</license_plate><vin>TWDXMBD533X19E54K</vin><color>Tomato</color><year>1987</year></automobile><automobile><person_id>c96d9f2f-5639-4845-abf8-3f2b8be739e3</person_id><license_plate>426 IRZ</license_plate><vin>ZTAETFFP0U9GVVL2R</vin><color>SpringGreen</color><year>1990</year></automobile><automobile><person_id>028b237f-092f-4950-9dbb-adb490e65c26</person_id><license_plate>D91-JFT</license_plate><vin>V64RVAHZ985TVXUTW</vin><color>Azure</color><year>1980</year></automobile></automobiles>