"id"|"first_name"|"last_name"|"sex"|"address"|"phone_number"|"profession"|"company"|"date_of_birth"
"f0b822ed-8bf2-464d-8d20-fe201e625bc9"|"Crystal"|"Hernandez"|"F"|"553 Hart Estates Suite 718"|"001-469-599-9109"|"Public house manager"|"Fitzgerald-Francis"|"1947-12-20"
"208964e7-a472-478f-98b4-33f6f7f84ce8"|"Shelley"|"Matthews"|"F"|"117 May Rest Suite 582"|"4135058146"|"Surveyor, land/geomatics"|"Rice, Johnson and Sawyer"|"1936-07-06"
"99844bdb-5e06-4ded-aef1-b165e0759ebc"|"Chase"|"Riley"|"M"|"382 Alexandra Bridge Suite 474"|"318.896.3047x39732"|"Immigration officer"|"Cordova-Shelton"|"1964-08-24"
"c91bd874-0ddd-4f5a-9451-46e1f79a31ff"|"Leslie"|"Smith"|"F"|"285 Smith Ranch Suite 211"|"467.957.4761x91890"|"Nurse, adult"|"Berry, Evans and Thompson"|"1909-03-11"
"5d101ba9-fa4e-476c-9d58-29660b40e655"|"Sara"|"Brown"|"F"|"815 Alexis Run Suite 764"|"633-741-9941"|"Barista"|"Ball-Pierce"|"1965-09-20"
"20d4a7eb-e53b-4b34-b914-18b45ecc5637"|"Joel"|"Crane"|"M"|"592 Alexis Run Suite 764"|"(801)256-0031x032"|"Chief of Staff"|"Terry LLC"|"1931-01-08"
"8f5fd1ee-f90f-4701-a506-6406802671bc"|"Dustin"|"Pittman"|"M"|"84 Gabriel Hill Apt. 094"|"231.660.7089x841"|"Illustrator"|"Holt-Cline"|"1954-01-03"
"2fdfaa30-f72f-40c4-a09c-2ba7991840f8"|"Crystal"|"Pugh"|"F"|"229 Jonathan Stravenue"|"8582588195"|"Public relations officer"|"Robinson-Larson"|"2010-09-29"
"5dd9e59e-b272-437e-a3ff-d97831862db9"|"Crystal"|"King"|"F"|"846 Warner Circle"|"+1-767-958-2006x06355"|"Charity fundraiser"|"Madden-Williams"|"1944-01-17"
"f7b5ee4e-0813-4b62-b19a-12abf4499010"|"Alyssa"|"Green"|"F"|"631 Thomas Coves Suite 736"|"514-851-1533x767"|"Herpetologist"|"Stewart and Sons"|"2023-12-03"
"b4b3d348-16d3-45a7-b607-237fcdc6ebea"|"Lauren"|"Gomez"|"F"|"433 Robinson Highway"|"+1-512-916-7699x227"|"Estate manager/land agent"|"Dennis PLC"|"1963-08-24"
"ead651e8-b7ae-4693-a913-a861a81e099c"|"Andrea"|"Spence"|"F"|"838 Aimee Circles"|"633-460-4651"|"Pathologist"|"Mccarthy, Walker and Mckenzie"|"1976-12-22"
"9a0a1a89-76f8-481b-8e8c-70d4ca4342e5"|"Brenda"|"Ryan"|"F"|"519 Weeks Meadow Suite 683"|"(264)797-0900x63841"|"Gaffer"|"Hendrix-Adams"|"1968-11-04"
"aae42b00-c436-4155-9ba3-b9bae7df12b1"|"Abigail"|"Scott"|"F"|"733 Robin Junctions Apt. 618"|"+1-713-301-3713"|"Computer games developer"|"Ingram Inc"|"1919-01-26"
"50772abd-9646-414d-97b9-8ec34c34580f"|"Tommy"|"Burton"|"M"|"742 Yates Harbor Suite 905"|"(790)865-7615x42685"|"Financial adviser"|"Williams, Wang and Carlson"|"1916-06-29"
"1f630deb-db39-4b4e-9dae-6ef1143c9481"|"William"|"Fisher"|"M"|"34 Hernandez Parkways Suite 200"|"763-873-3109"|"Child psychotherapist"|"Wilkinson Inc"|"1996-05-13"
"d0b020dd-1913-4b7b-8d65-7ba76bfd1531"|"Robert"|"Jackson"|"M"|"436 Welch Walk"|"(699)685-1475"|"Editorial assistant"|"Johnson-Sullivan"|"1952-05-23"
"acaf3e81-6b22-45b6-948c-612810fa041f"|"Paul"|"Andrews"|"M"|"220 Hensley Park Suite 873"|"765-314-2058"|"Therapist, sports"|"Miller, Vargas and Jennings"|"1971-04-10"
"4cce6959-4500-439d-8cb0-b645d75ae839"|"Kayla"|"Mitchell"|"F"|"343 Jordan Vista Apt. 756"|"928.262.6550x74905"|"Sales executive"|"Powers PLC"|"2020-01-22"
"1641bdf5-2956-48c3-855b-97b4f03e5411"|"Sarah"|"Villanueva"|"F"|"20 Alexis Run Suite 764"|"536.942.0988x143"|"Catering manager"|"Williams-Murray"|"1921-02-01"
"7ad3d58d-7c65-46bb-a8c2-ef923c4059f1"|"Rachel"|"Bryant"|"F"|"850 Shepard Bridge"|"508-333-4056x99701"|"Environmental health practitioner"|"Martinez-Shaw"|"1915-12-28"
"74b06070-c29e-4437-8de7-0e12b9311cfa"|"Amber"|"Jones"|"F"|"272 Brian Course"|"6869408017"|"Teacher, early years/pre"|"Rush Ltd"|"1958-06-28"
"40ed65d4-129c-4110-927c-f250670032fe"|"Raymond"|"Pena"|"M"|"602 Anderson Parkways"|"(399)559-4157"|"Volunteer coordinator"|"Price PLC"|"2011-09-23"
"bf8648d2-5d0e-4ac4-8bf2-cfcd4927e714"|"Stacy"|"Allen"|"F"|"55 Hensley Park Suite 873"|"+1-327-803-2334x93283"|"Health physicist"|"Wood-Smith"|"1948-07-13"
"59c1f457-9080-4099-a304-188900c83bcf"|"Jennifer"|"Gonzales"|"F"|"697 Jessica Mountains Suite 248"|"001-657-268-9701x757"|"Operations geologist"|"Stevens-Collier"|"1938-10-29"
"760a6b80-a29c-4755-a035-1d06b7c647ff"|"Moon"|"Aguirre"|"M"|"627 Rachel Pine"|"8656814982"|"Adult nurse"|"Dougherty and Sons"|"1910-11-16"
"c50c49ad-0dbb-49cb-ad8f-024fa1995d22"|"Mark"|"Mills"|"M"|"556 Stacey Via Suite 001"|"(978)541-8935x6968"|"Programmer, multimedia"|"Rodriguez, Sutton and Walters"|"1948-07-08"
"21cf1c66-89b3-4230-abdd-9e100adb7281"|"Patricia"|"Velez"|"F"|"128 Alexis Run Suite 764"|"948.368.7393x576"|"Dentist"|"Perez, Cook and Hayes"|"1917-01-12"
"9e04e813-551b-477e-9d90-50afc0285c02"|"Erin"|"Anderson"|"F"|"386 Jacobs Ports Suite 715"|"+1-665-996-9371x9214"|"Holiday representative"|"Lewis, Clark and Bright"|"2007-02-18"
"70bf0a55-546c-445c-ac8f-aef8704cd775"|"Debbie"|"Moore"|"F"|"528 Johnson Throughway"|"8032935828"|"Geologist, wellsite"|"Sweeney LLC"|"1926-01-28"
"2848b600-132b-4734-9852-f50e650c81fa"|"Hailey"|"Crawford"|"F"|"947 Oneal Underpass"|"411-965-1710x560"|"Engineer, civil (contracting)"|"Guzman-Williams"|"2007-11-14"
"09ec302c-aea1-40bd-92f5-263532d5a201"|"Wayne"|"Pugh"|"M"|"122 Martinez Grove Apt. 125"|"538.440.5372"|"Production assistant, television"|"Byrd, Brown and Lawson"|"1936-01-01"
"867af449-17e7-4943-b9ce-7d6b15aea6ce"|"Mariah"|"Russell"|"F"|"989 Jessica Mountains Suite 248"|"001-846-484-1814x5080"|"Surgeon"|"Simmons-Clark"|"1947-04-30"
"5e17764e-c658-48fe-82ef-a2bc3d1ebda7"|"Jared"|"Perez"|"M"|"765 Douglas Springs"|"(787)217-5783"|"Planning and development surveyor"|"Beck LLC"|"1991-02-09"
"acd0de18-797f-4021-a8f4-4ba7be364035"|"Allison"|"Robbins"|"F"|"729 Thomas Wall Suite 035"|"372.461.7088"|"Records manager"|"Dyer-Wilson"|"2011-08-27"
"08eb65b2-b6db-4ece-9317-1a035215e211"|"Brianna"|"Harper"|"F"|"907 Hensley Park Suite 873"|"7175518730"|"Scientist, research (maths)"|"Pollard, Thompson and Graham"|"2012-10-06"
"ad4a5cf9-44ab-4331-a907-d6d612c4821b"|"Jessica"|"Perez"|"F"|"571 Vincent Mountain Apt. 316"|"954-323-1964"|"Printmaker"|"Moss PLC"|"1952-11-07"
"441db81f-a7a5-42ec-a7ff-b1030a0eba6e"|"Julie"|"Franklin"|"F"|"288 Jeffery Isle"|"001-507-880-7960"|"Set designer"|"Hubbard PLC"|"1936-07-04"
"ee9e03df-3ea6-4c95-a7d2-0917ad07d159"|"John"|"Mckee"|"M"|"818 Pham Ports"|"(950)511-7032x2764"|"Optician, dispensing"|"Gross PLC"|"1944-09-18"
"8ffcb705-1040-46e9-a308-4358bd5b31d3"|"Amanda"|"Murray"|"F"|"978 Jordan Vista Apt. 756"|"350-256-3155"|"Operations geologist"|"Hull, Alvarez and Mcguire"|"1932-06-20"
"e220854d-53d8-4cd5-9bce-8a56e0799e22"|"Aaron"|"Spence"|"M"|"126 Porter Overpass"|"345.912.8358x6146"|"Ophthalmologist"|"Dougherty-Mitchell"|"1952-12-04"
"4d3c745f-7055-462f-af1c-1ed8977c8784"|"Vicki"|"Taylor"|"F"|"404 Jennifer Track"|"(675)424-1903"|"Proofreader"|"Huang PLC"|"2011-03-31"
"a3dbdd17-0feb-4870-80d2-dee9d8730011"|"Brian"|"Evans"|"M"|"164 Shepard Bridge"|"+1-839-200-4275x775"|"Presenter, broadcasting"|"Wallace-Rosario"|"1925-02-14"
"0e7b0872-8273-4a41-b29e-67d6f81f3536"|"Anthony"|"Fernandez"|"M"|"651 Jeffery Spur Suite 411"|"788.824.6835"|"Cabin crew"|"Walsh-Houston"|"1987-11-12"
"3de4de69-13b8-48c8-a167-8a787f55e9ec"|"Courtney"|"Mitchell"|"F"|"388 Bailey Trail"|"001-578-266-8704x2906"|"Hotel manager"|"Mack Group"|"1922-06-04"
"4c680fde-6ccd-49b0-bf75-0e4171151b3c"|"Daniel"|"Barber"|"M"|"846 Garcia Road Suite 143"|"574-342-5947x458"|"Civil Service fast streamer"|"Ryan-Bright"|"2011-02-26"
"eaf6d201-ac6e-4f6c-bca3-aecf17d7ec88"|"Gabriel"|"Scott"|"M"|"31 Robinson Highway"|"442.763.0916x955"|"Retail manager"|"Roberts LLC"|"1945-07-18"
"7815afd8-196d-4878-a5fd-bd2303d7516c"|"Michael"|"Shields"|"M"|"768 Hood Loop Apt. 276"|"(386)378-0953x51758"|"Wellsite geologist"|"Barnes, May and Brown"|"1952-11-12"
"78555694-c5a3-486d-945d-84b424b3ebfc"|"Cindy"|"Parker"|"F"|"839 Elizabeth Creek Apt. 423"|"+1-961-340-8867"|"Physiotherapist"|"Douglas-Anderson"|"1921-07-03"
"472dacd4-6946-4cdc-8119-3a0bb64af99b"|"Kelsey"|"Romero"|"F"|"187 Wyatt Pike Suite 863"|"447.750.6122x9894"|"Purchasing manager"|"Mueller-Murphy"|"2003-05-12"
"e94492e0-385a-439e-94a5-9682d5c25936"|"William"|"Gonzalez"|"M"|"812 Monica Burgs Suite 695"|"(713)495-6942x8065"|"Civil engineer, consulting"|"Christian-Black"|"1932-09-22"
"79e4966c-0c47-48c0-8113-2f2b18fe465d"|"Breanna"|"Smith"|"F"|"713 Johnson Lake"|"5684870186"|"Engineer, aeronautical"|"Lucas, Shields and Prince"|"2004-08-19"
"2f8d868b-b788-4f4e-9ea8-0af91d22e39e"|"Amanda"|"Smith"|"F"|"53 Robinson Highway"|"449.780.5225"|"Psychologist, educational"|"Cox Group"|"1933-10-02"
"53c38ed4-63d8-41e8-8011-6a5f30588d14"|"Albert"|"Holmes"|"M"|"520 Alexis Freeway Apt. 358"|"(416)518-9579"|"Retail merchandiser"|"Lopez, Galvan and Smith"|"1910-10-30"
"5b749c7c-171f-4ced-aba7-183ced412148"|"Benjamin"|"Mills"|"M"|"514 Morales Gardens Suite 197"|"311-728-9393x73417"|"Agricultural engineer"|"Wiley, Mcpherson and Hernandez"|"1952-11-14"
"aecae420-9a51-44ab-b81d-89e729db0fd6"|"Jerry"|"Li"|"M"|"255 Montoya Walk Apt. 578"|"+1-445-892-5549x1108"|"Air traffic controller"|"Meyers, Lucas and Vazquez"|"1935-10-08"
"c842e8bf-b946-4b87-8287-387f94231606"|"Barry"|"Smith"|"M"|"67 Lynn Lake Suite 253"|"+1-398-446-0848x494"|"Health service manager"|"Robbins-Lopez"|"2018-09-22"
"d370e39d-7d2c-4b1c-a242-f5b726a441dd"|"Kelsey"|"Steele"|"F"|"367 Mills Springs"|"001-603-901-1309x943"|"Maintenance engineer"|"Johnson-Hamilton"|"1955-09-08"
"e7692ce8-d9ff-4d31-928d-042ea15394e5"|"Monica"|"Zimmerman"|"F"|"365 Evans Ports Suite 383"|"407.341.2361x790"|"Clinical cytogeneticist"|"Bridges, Orr and Salinas"|"1940-04-05"
"1bd25e7e-e197-4131-8300-6643e9fa023e"|"Charlotte"|"Booth"|"F"|"111 Bruce View Suite 976"|"001-594-832-3799x7529"|"Interior and spatial designer"|"Estrada, Duncan and Franklin"|"1932-12-23"
"becf1ac4-0580-4a21-8d09-f1b2187864f2"|"Elizabeth"|"Roberts"|"F"|"95 Amanda Curve"|"7415642679"|"Engineer, technical sales"|"Allen, Bass and Reese"|"1960-08-05"
"d445fa29-d79d-4dbb-913b-5e6723832202"|"Rebecca"|"James"|"F"|"108 Johnson Plains Suite 376"|"+1-719-648-9252x86079"|"Architect"|"Barrett-Lee"|"2020-01-10"
"d57d287f-6b38-4700-9e6c-5a382ce2707a"|"Brian"|"Glover"|"M"|"332 Lynn Lake Suite 253"|"+1-610-637-1725x70534"|"Production engineer"|"Lopez-Smith"|"1999-03-27"
"c610dfe4-55a1-4aaf-aa57-37ba1eeadd8a"|"Richard"|"Gonzalez"|"M"|"243 Thomas Wall Suite 035"|"001-666-842-1756x3558"|"Forest/woodland manager"|"Meyer-Robinson"|"1948-04-06"
"fa725a69-0c58-4c4b-9db6-fbd35391b552"|"Jessica"|"Garcia"|"F"|"95 Yates Harbor Suite 905"|"(432)821-1981x862"|"Training and development officer"|"Hughes and Sons"|"1920-04-11"
"9c9a57a9-f978-48c6-85f4-c82dc7b30849"|"Robert"|"Phillips"|"M"|"832 Barron Hollow"|"3025067222"|"Charity fundraiser"|"Porter, Wise and Lewis"|"1921-10-22"
"cc6f7955-be60-4fa1-bc2e-bf1c54f2129a"|"Micheal"|"Taylor"|"M"|"532 Anderson Parkways"|"279.390.6710x302"|"Waste management officer"|"Smith PLC"|"1966-01-15"
"9945b7ad-d8a5-4057-8266-8c8bb8edee80"|"Robert"|"Shields"|"M"|"442 Phillip Spring"|"(792)887-6105x78111"|"Toxicologist"|"Smith, Bailey and Wallace"|"1938-01-09"
"8a8df942-56f8-4244-b146-dcf8d2571133"|"Patricia"|"Roy"|"F"|"975 Collins Skyway"|"(850)670-4317x389"|"Environmental health practitioner"|"Rhodes PLC"|"2015-11-18"
"0551e356-1ca3-4c51-b17c-3712b171f39c"|"Joshua"|"Phillips"|"M"|"22 Patricia Row"|"231.787.8029x0205"|"Economist"|"Parsons, Miller and Hancock"|"1939-11-21"
"d6d800b8-8c16-4c0a-9d32-b6de08ef5e58"|"John"|"Cochran"|"M"|"934 Welch Walk"|"871.643.7231x4675"|"Conservation officer, nature"|"Lopez, Jenkins and Valencia"|"2011-09-16"
"ea5240a4-4cae-4f93-ba08-db2802e60efa"|"Timothy"|"Cochran"|"M"|"589 May Rest Suite 582"|"(655)513-7705"|"Engineer, manufacturing"|"Rodriguez-Barton"|"1911-06-03"
"614b152e-a11f-43e8-bf0b-4a4524d69c87"|"Joseph"|"Steele"|"M"|"244 Jonathan Stravenue"|"(646)330-1291"|"Plant breeder/geneticist"|"Smith Inc"|"1935-04-12"
"413e03c1-6b46-44e3-9b6b-2ace5029f712"|"Keith"|"Wilson"|"M"|"630 Montoya Walk Apt. 578"|"(239)473-7897x082"|"Electronics engineer"|"Hernandez-Flores"|"1932-01-02"
"36189a96-d03e-41b3-8b7d-c6ed4adfc0a1"|"Elizabeth"|"Casey"|"F"|"588 Jeffrey Run"|"(298)245-7121x985"|"Audiological scientist"|"Webb PLC"|"2020-11-11"
"960c80dd-7f11-4a52-acc4-987367a42c4b"|"Veronica"|"Evans"|"F"|"148 Amber Wells"|"2112274457"|"Set designer"|"Nelson-Hale"|"2020-12-24"
"b10cac0d-6fd3-4e3a-b368-3bd43372ce84"|"Mark"|"Freeman"|"M"|"451 Alexandra Bridge Suite 474"|"+1-887-210-7460x4853"|"Programmer, applications"|"Frazier-Pearson"|"1948-01-28"
"bbb68faa-efd5-4678-bdd6-e3a422161e36"|"Lindsay"|"Miller"|"F"|"368 Dakota Extensions"|"(668)304-0424"|"Waste management officer"|"Jenkins Ltd"|"1937-08-23"
"725ddcb7-aaa6-441a-b6c0-41af128fbb81"|"Robert"|"Perez"|"M"|"704 May Rest Suite 582"|"7756724377"|"Public librarian"|"Brewer LLC"|"2010-03-20"
"ac6eb52d-41bd-4e7d-97e7-e9b519ff5397"|"Laura"|"Hall"|"F"|"408 Amanda Curve"|"333-437-9677"|"Museum education officer"|"Smith-Bell"|"1910-12-08"
"e709c66d-9451-4353-8f0e-fde8b340d8f0"|"Anthony"|"Shelton"|"M"|"400 Thomas Ford"|"+1-602-297-3076x4527"|"Psychologist, clinical"|"Ponce Inc"|"1954-10-11"
"6664c93e-90b0-41f8-967b-65973429d319"|"Catherine"|"Martinez"|"F"|"305 Donald Village Apt. 289"|"(334)632-1060"|"Arts administrator"|"Roth Group"|"1992-09-04"
"ee2bdff1-516d-4462-8922-2485be8e2766"|"Jessica"|"Jones"|"F"|"568 Johnson Lake"|"(986)551-1592x22543"|"Engineer, automotive"|"Clarke-Buckley"|"1994-02-15"
"7c6d4d0a-d5a3-44c3-a42f-4323dde6db66"|"John"|"Allen"|"M"|"99 Evans Ports Suite 383"|"286.527.3720x05310"|"Retail manager"|"Davis and Sons"|"1981-04-01"
"a4a28c0b-cd63-4c9f-b9b1-dee852af3441"|"Andrew"|"Willis"|"M"|"921 Lynn Lake Suite 253"|"479-699-7683x0885"|"Television floor manager"|"Shepard PLC"|"2009-02-17"
"157ef093-ce91-484a-9fd5-0df55313ef05"|"Kristina"|"Downs"|"F"|"102 Johnson Plains Suite 376"|"(701)831-1869x553"|"Podiatrist"|"Moyer LLC"|"2017-03-02"
"9f5efe41-99ea-46b4-822e-885e32cafb3a"|"Nicole"|"Garcia"|"F"|"637 Hernandez Parkways Suite 200"|"933.903.6915"|"Scientist, research (medical)"|"Becker, Jones and Graham"|"2002-07-16"
"54c74de5-9d7c-4f42-8158-a723e0b244a1"|"Julie"|"Long"|"F"|"959 Charles Mall Apt. 745"|"(228)905-4305x457"|"Scientist, research (life sciences)"|"Lambert Ltd"|"1942-10-10"
"5caa7abe-b5dc-4224-91b8-c5733afb923f"|"Isaac"|"Holmes"|"M"|"188 Brown Canyon Apt. 503"|"001-507-821-1603"|"Operational investment banker"|"Cooper-Johnson"|"2007-12-23"
"6e346730-7734-43ab-b488-52d912b1b345"|"Donald"|"Holmes"|"M"|"60 Morales Gardens Suite 197"|"001-314-671-6535x7590"|"Land"|"Smith, Martin and Harrison"|"2015-02-12"
"4dfa9461-932f-4e42-9faa-be5d846e272a"|"Jamie"|"Brown"|"F"|"319 Hanson Port"|"001-727-338-6451x83549"|"Camera operator"|"Wilkinson-Reynolds"|"1988-12-13"
"f5340784-1519-4d0a-b1a5-ae9cae23eb51"|"Nancy"|"Joseph"|"F"|"165 David Passage Suite 979"|"+1-223-962-7203x6933"|"Chief Operating Officer"|"Koch, Jones and Bridges"|"1951-04-22"
"3f45a36a-5a6c-4f8a-8d40-ff6d1ccf1846"|"Tiffany"|"Dunn"|"F"|"910 Martinez Grove Apt. 125"|"934-625-5353x139"|"Civil Service administrator"|"Wilson Inc"|"1941-05-16"
"b8f89dc8-def3-4ef3-80c5-4f731e24f8b9"|"Samantha"|"Russell"|"F"|"96 Tim Avenue Apt. 437"|"+1-776-654-1969"|"Education officer, museum"|"Cole Ltd"|"1910-09-04"
"527949a5-7449-4383-ab48-7806651a53f2"|"Carol"|"Ruiz"|"F"|"719 Weaver Haven"|"+1-402-386-6593x33566"|"Chartered legal executive (England and Wales)"|"Howe PLC"|"1909-10-15"
"8d38eaee-1e5a-42be-a0a3-77da5659cc74"|"Melissa"|"Young"|"F"|"319 Welch Walk"|"001-297-752-5237x630"|"Pathologist"|"Kim, Gallagher and Frank"|"1926-01-27"
"f60c71b5-4332-4d1d-ab36-aeeefe330c46"|"Christopher"|"Ruiz"|"M"|"211 David Passage Suite 979"|"001-858-262-8506x02525"|"Therapist, horticultural"|"Dixon-Cummings"|"1996-09-16"
"f5e294f8-106e-4be5-949c-000cd8a9c780"|"Joshua"|"Harris"|"M"|"86 Tyler Knoll Apt. 752"|"609-703-8654x737"|"Investment banker, corporate"|"Garcia-Wood"|"1942-10-08"
"50755bac-5137-41ed-97c5-40b8de83a768"|"Colleen"|"Jones"|"F"|"676 Weaver Haven"|"542.804.4846x994"|"Development worker, community"|"Moran Group"|"1909-04-27"
"c7c84e0f-ee6a-404c-b694-27a961e2ac77"|"Anthony"|"Green"|"M"|"350 Andrew Street Apt. 107"|"484.219.7181x13227"|"Risk analyst"|"Harrison Inc"|"1956-09-07"
"a84a7917-c589-49b5-beb8-0767464e45e2"|"Amy"|"Romero"|"F"|"113 Tiffany Gateway"|"+1-827-349-4761"|"Museum/gallery curator"|"Walker-Clark"|"1966-09-04"
"61d7c55c-ae34-41e3-bb67-6c4e86e86645"|"Douglas"|"Mendoza"|"M"|"346 King Land"|"(893)506-8284"|"Statistician"|"Rodgers-Blair"|"1941-10-23"
"23c2d9ba-d31f-4e2a-be29-8f42d7607b25"|"Michael"|"Weaver"|"M"|"663 Michael Manor"|"699.437.2817x75089"|"Environmental health practitioner"|"Hoffman LLC"|"1968-08-29"
"07cf8e3b-8adb-47d1-ae96-46a8a3049b3b"|"David"|"Fernandez"|"M"|"30 Porter Overpass"|"+1-987-380-6193x182"|"Teacher, English as a foreign language"|"Garza-Henderson"|"1966-11-27"
"902e63ff-7e73-4cae-83ea-991a30960ce4"|"Stephanie"|"Haas"|"F"|"356 Cox Turnpike Apt. 083"|"518.215.3633x6089"|"Engineer, drilling"|"Fuentes, Meyers and Thomas"|"1954-08-12"
"25578e83-dbf0-41e1-ae12-aa7c8ed5fbfe"|"Danielle"|"Freeman"|"F"|"353 Stacey Via Suite 001"|"638-878-0703"|"Designer, furniture"|"Galloway LLC"|"1939-06-28"
"3d939773-edc0-405c-ab79-c7611a42910b"|"Linda"|"Dunn"|"F"|"723 Tim Avenue Apt. 437"|"(715)281-7733"|"Hydrogeologist"|"Reynolds Inc"|"1988-12-11"
"035597db-a132-4b4f-95af-312293516af5"|"Allison"|"Hernandez"|"F"|"798 Lewis Trace"|"001-317-888-5723x65494"|"Academic librarian"|"Palmer-Olson"|"1924-10-22"
"20299248-52ad-49d0-8e0e-fdad55be98f3"|"Anthony"|"Colon"|"M"|"459 Higgins Port Apt. 001"|"502.466.2092x200"|"Learning mentor"|"Sexton-Taylor"|"2023-01-20"
"674ac1bf-43d4-41b4-803b-1d86b7f45d0b"|"Wendy"|"Cole"|"F"|"736 Tim Avenue Apt. 437"|"951-734-4633"|"Site engineer"|"Ballard-Matthews"|"2000-07-12"
"6623cfd4-7f1e-40e1-a290-57d9b60a62e9"|"Reid"|"Morris"|"M"|"718 Tyler Knoll Apt. 752"|"227-223-5318"|"Education officer, environmental"|"Wilson, Shaffer and Castillo"|"1955-03-13"
"64c5e6a4-8dcd-4777-adcc-4b2e19d8301c"|"Melissa"|"Roberts"|"F"|"627 Jonathan Stravenue"|"453.375.9695x7609"|"Television camera operator"|"Williams and Sons"|"1990-05-23"
"143f4a3c-fc1c-461c-8fa0-7b7bdd2c28cf"|"Mark"|"Curry"|"M"|"525 Warner Circle"|"001-890-506-5231x486"|"Producer, television/film/video"|"Robertson-Ramirez"|"2012-10-26"
"2b58b3bb-d7cd-485f-8d10-4f451f2dfb9e"|"Daniel"|"Watson"|"M"|"740 Higgins Port Apt. 001"|"+1-970-409-5629x4221"|"Engineer, control and instrumentation"|"Campbell Ltd"|"1934-03-15"
"823d1ec8-5883-4059-916f-6df8a1cb8ece"|"Xavier"|"Gomez"|"M"|"688 Shepard Bridge"|"703-880-4641x904"|"Doctor, hospital"|"Garza, Chavez and Cummings"|"2019-05-07"
"d3c55a1f-e0fa-4d23-bc2a-1e585b66989c"|"Stephanie"|"Perez"|"F"|"820 Jennifer Track"|"6727883089"|"Geophysicist/field seismologist"|"Johnson PLC"|"1913-06-06"
"36e06f28-20e5-4159-8395-1d1877659bf7"|"Rickey"|"Stewart"|"M"|"992 Higgins Port Apt. 001"|"+1-498-599-7720x042"|"Building services engineer"|"Castillo Group"|"2006-02-25"
"4c8c6e0c-c63a-4025-90ee-4dd1c620947f"|"Harold"|"Roy"|"M"|"99 Gray Walks Apt. 075"|"484-390-3169"|"Senior tax professional/tax inspector"|"Wheeler and Sons"|"1939-01-21"
"14c7ad57-2d65-421e-a14e-c1601e0b767d"|"John"|"Pham"|"M"|"737 Marquez Lane"|"427-720-4502"|"Metallurgist"|"Adams-Bailey"|"1997-10-07"
"e6e2ba01-ced1-49ba-b763-1e1fdb0ff4fc"|"Monica"|"Taylor"|"F"|"202 Elizabeth Creek Apt. 423"|"3828278369"|"Engineer, civil (contracting)"|"Jones, Mccarthy and Kennedy"|"1981-03-15"
"f409ceac-ae06-4d99-8858-a1ca061ac01a"|"Donald"|"Morris"|"M"|"852 Jeffery Spur Suite 411"|"8929747441"|"Media planner"|"Schmidt-Cooper"|"1968-09-13"
"b839c11a-5481-4e83-9819-fe947c3f9509"|"Ashley"|"Welch"|"F"|"719 Rivers Squares"|"(877)564-9611"|"Administrator, charities/voluntary organisations"|"Lam, Hayes and Townsend"|"2020-09-08"
"77040844-f8a0-487b-b151-7ec319e5ce80"|"Ronald"|"Burke"|"M"|"972 Hensley Park Suite 873"|"786-325-5388x15941"|"Professor Emeritus"|"Castaneda PLC"|"1987-04-09"
"3c55071b-38cd-4f11-99c9-9d54549dcfbd"|"Dawn"|"Hale"|"F"|"935 Chandler Tunnel Suite 681"|"649.301.9750"|"Glass blower/designer"|"Powell, Gonzalez and Long"|"1990-05-22"
"25f83abf-e1a2-4cdd-a9d9-43f23b192055"|"Monica"|"Mejia"|"F"|"0 David Course Apt. 455"|"808-234-9160"|"Higher education lecturer"|"Trevino and Sons"|"1987-05-23"
"47c42cbe-84ba-49bb-a19e-0a937c1f6cea"|"Marco"|"Smith"|"M"|"22 Garcia Road Suite 143"|"+1-340-993-8142x81064"|"Firefighter"|"Yu, Gomez and Terry"|"1935-02-20"
"36d98893-239c-4168-9187-5fabcf899c76"|"Christopher"|"Villanueva"|"M"|"316 Patricia Trafficway Apt. 188"|"+1-779-365-5039x2992"|"Engineer, agricultural"|"Benjamin LLC"|"1962-07-31"
"8fcdb425-d2df-4ba5-bb66-85b2763c6a25"|"Michael"|"Martin"|"M"|"257 Nicole Via"|"210.666.6468x1896"|"Surveyor, hydrographic"|"Collier Group"|"1939-02-15"
"0b04ef5a-1d2b-48dc-bb0c-002c8ea2fee3"|"Erin"|"Rhodes"|"F"|"588 John Fall Apt. 476"|"3508103658"|"Tax adviser"|"Carney LLC"|"1909-10-29"
"ae730baf-351c-4b08-bfa4-3bd756c58f58"|"Eric"|"Garcia"|"M"|"145 Charles Mall Apt. 745"|"(927)571-5591x13966"|"Psychologist, counselling"|"King, Johnston and Willis"|"1980-07-25"
"efaae2a3-af3b-4c5b-9519-42527e6a8516"|"Vincent"|"Welch"|"M"|"298 Smith Ranch Suite 211"|"001-941-578-5154x55872"|"Special effects artist"|"Johnson LLC"|"2017-06-02"
"fb453447-634a-4498-9881-509ac30cbd0f"|"Bryan"|"Allen"|"M"|"709 Heather Garden Suite 383"|"8787016141"|"Television floor manager"|"Bishop-Smith"|"1953-01-14"
"92177bf5-9a3d-40b5-85ab-11aac14239d1"|"Jennifer"|"Mcdaniel"|"F"|"165 Yates Harbor Suite 905"|"9338455313"|"Horticulturist, commercial"|"Calderon, Pena and Nelson"|"1933-01-27"
"ffd7a015-ff7c-4022-966c-b16d494801ea"|"Jacqueline"|"Sanders"|"F"|"747 Mills Springs"|"284.896.1268x4700"|"Adult nurse"|"Hubbard-Smith"|"1979-10-15"
"9b28e4f9-f929-4c34-b4c6-a8bb42b22763"|"Travis"|"Patrick"|"M"|"919 Johnson Plains Suite 376"|"925-628-8254x5403"|"Toxicologist"|"Smith Ltd"|"1968-12-14"
"32c4b0b2-8c82-46ba-af8f-729a8a0e537f"|"Paul"|"Fox"|"M"|"92 William Avenue"|"+1-324-443-2893x307"|"Environmental manager"|"Adams Group"|"1951-02-06"
"d2475e6d-1ad6-4d87-9f4f-e116dd32f8eb"|"William"|"Perez"|"M"|"0 Vincent Mountain Apt. 316"|"(953)734-5131"|"Editor, magazine features"|"Harvey-Nguyen"|"1925-09-30"