"id"|"first_name"|"last_name"|"sex"|"address"|"phone_number"|"profession"|"company"|"date_of_birth"
"bc32d2f9-f7e9-4314-b92a-71144eb7741e"|"Laurie"|"Lopez"|"F"|"262 Porter Overpass"|"001-300-769-9878x9626"|"Commercial art gallery manager"|"Lawrence, Brown and Lyons"|"1993-11-02"
"b3da29a2-cf4e-4f43-8a90-03f292f4799d"|"Anne"|"Velez"|"F"|"345 King Land"|"(256)572-8678x6217"|"Psychologist, prison and probation services"|"Williams, Everett and Livingston"|"2016-03-10"
"97bab825-89c4-4075-98f4-a514a9f52d64"|"Joseph"|"Tran"|"M"|"669 Jonathan Place"|"205.326.0569"|"Manufacturing engineer"|"Kelly, Robbins and Davis"|"2022-03-30"
"ee53f8b3-8c8e-492f-bda4-1409068b025a"|"Amanda"|"Harris"|"F"|"711 Charles Mall Apt. 745"|"649-757-8432x1017"|"Telecommunications researcher"|"Robles, Jensen and Parker"|"1980-04-05"
"3ea1db63-2169-4edc-9814-c0f8ce1ede09"|"Jocelyn"|"Blair"|"F"|"614 Davenport Fords"|"(249)211-4178x3998"|"Metallurgist"|"Edwards, Perry and Vasquez"|"1969-01-01"
"6ac37341-5793-4651-ad89-4b771b3c2b2b"|"John"|"Jackson"|"M"|"604 Charles Extension Apt. 046"|"5325229534"|"Media buyer"|"Ramsey, Miller and King"|"1964-08-28"
"21ef47e7-7782-4ec7-9056-d6bf710aeaa4"|"James"|"Long"|"M"|"721 Porter Overpass"|"820.278.2041x878"|"Engineer, civil (consulting)"|"Brooks LLC"|"1937-10-24"
"eb2bb092-4177-4c51-abcf-a899134b8a10"|"Amy"|"Hubbard"|"F"|"289 Rosario Loop"|"+1-230-608-1517x87517"|"Surveyor, quantity"|"Wheeler, Smith and Holmes"|"2015-01-17"
"46dc6d78-6a4a-403c-be20-7eaa2d25ff83"|"Laura"|"Steele"|"F"|"21 Ward Parkway Apt. 076"|"206.443.5219"|"Educational psychologist"|"Barr, Lozano and Robinson"|"1991-11-13"
"e4a90f7d-5030-4ccc-9541-db8628dc0429"|"Eddie"|"Sparks"|"M"|"822 Yates Harbor Suite 905"|"703-612-7997"|"Energy manager"|"Ware LLC"|"1962-07-19"
"e4f32048-fa33-4bea-b2bc-6c708130110d"|"Joanne"|"Mccullough"|"F"|"733 Catherine Cove"|"765-358-2761x19068"|"Automotive engineer"|"Brown, Liu and Fernandez"|"1937-08-23"
"aa1c04cb-38a3-4523-8e84-bee936a53071"|"Leon"|"Weaver"|"M"|"147 Thomas Coves Suite 736"|"+1-219-576-4878"|"Archivist"|"Ramos, Bennett and Harper"|"1933-03-21"
"e78018e4-105b-43ce-9f15-65434482350e"|"Brandy"|"Nguyen"|"F"|"208 Chandler Tunnel Suite 681"|"203.636.0135"|"Legal executive"|"Rasmussen, Walker and Olson"|"2001-09-03"
"0c777376-ce72-4f26-a7bb-4e0f09db995b"|"Kimberly"|"Holmes"|"F"|"38 Mills Springs"|"974-315-8111x898"|"Arboriculturist"|"Reid, Dominguez and Black"|"1937-11-22"
"29adf99b-e648-4cf1-a434-1b9f7a4a19fc"|"Eric"|"Crane"|"M"|"167 Stacey Via Suite 001"|"(554)330-8804x8078"|"Sales promotion account executive"|"Fields-Brown"|"1977-03-03"
"b84d5036-2a8c-4f7b-86d2-3995a0cf3c1d"|"Sharon"|"Ruiz"|"F"|"648 Hart Estates Suite 718"|"+1-436-921-2356x514"|"Designer, exhibition/display"|"Hall Ltd"|"1909-04-24"
"40f553c9-3448-4036-9af2-a15b4072f6bb"|"Manuel"|"Zhang"|"M"|"423 Padilla Estate Suite 556"|"837-497-5038x1208"|"Private music teacher"|"Mitchell-Nunez"|"1936-11-10"
"3d510b0c-7306-46bb-ab3d-0640b3ce24db"|"Rebecca"|"Brown"|"F"|"533 Morales Gardens Suite 197"|"+1-565-738-9151x951"|"Designer, multimedia"|"Campbell-Scott"|"2021-10-14"
"17bbe265-9344-4439-bfb2-e1bbd5379656"|"Glover"|"Evans"|"M"|"487 Randall Burg"|"(496)535-7784x847"|"Development worker, community"|"Boyd-Jarvis"|"2013-07-14"
"7569c3f0-5bde-4416-86fe-da5fbd252ff2"|"Stacy"|"Fisher"|"F"|"52 Jordan Vista Apt. 756"|"(328)215-0979"|"Therapeutic radiographer"|"Moss, Edwards and Brennan"|"1961-01-06"
"33e2c2f5-7be2-407d-a210-c0e5998e1705"|"Peggy"|"Ryan"|"F"|"505 Mills Springs"|"+1-582-694-6242x0512"|"Media planner"|"Ferguson LLC"|"1988-03-29"
"5dd61457-fe2d-4e58-ab09-ecb22b74135a"|"Brandy"|"Anderson"|"F"|"774 Michael Circles Suite 720"|"(445)629-3904"|"Nurse, learning disability"|"Boone Ltd"|"1914-01-01"
"c85732d6-2ffc-44ca-bdaa-d71a380a9f2e"|"Thomas"|"Johnston"|"M"|"60 Johnson Plains Suite 376"|"(885)234-9302"|"Administrator, Civil Service"|"Griffin Inc"|"1910-04-13"
"9a3a0574-157c-4fb9-90b9-048c2532f199"|"Anthony"|"Scott"|"M"|"321 Donald Village Apt. 289"|"(904)817-1296x87691"|"Teacher, English as a foreign language"|"Walsh Group"|"1961-11-23"
"97078868-2c4c-4764-a4f0-54a94dd49b43"|"Lindsey"|"Jackson"|"F"|"214 Rosario Loop"|"(308)887-2855x9810"|"Research scientist (life sciences)"|"Weiss-Phillips"|"1995-08-30"
"74931999-355a-429c-811e-4bc9f4207265"|"Jennifer"|"Conway"|"F"|"980 Rosario Loop"|"001-417-982-6204x29207"|"Scientist, research (medical)"|"Perry, Pugh and Bell"|"1953-03-12"
"a8e9ea49-9ccb-4fe0-80c0-501aab9055b8"|"Paul"|"Haas"|"M"|"511 Tyler Knoll Apt. 752"|"001-637-761-2727x518"|"Garment/textile technologist"|"Jones, Goodman and Farmer"|"1919-08-20"
"ce4a7d2a-5f7a-4023-a3ae-3107f6b50b5b"|"Wayne"|"Ray"|"M"|"993 Anderson Port"|"(335)208-7773"|"Forensic psychologist"|"Weber-Jones"|"1927-01-01"
"c246e85e-4b21-49f1-beb8-d81e52b2faec"|"Tiffany"|"Evans"|"F"|"692 Nelson Estate"|"(646)547-4255x81155"|"Regulatory affairs officer"|"Hernandez-Terrell"|"1991-04-20"
"d305fc37-961f-4a6e-96e8-ba6ffdad79c5"|"Vincent"|"Phillips"|"M"|"934 Jeffery Village"|"7978521490"|"Barista"|"King, Jackson and Dillon"|"1942-06-13"
"14793d3a-fe75-4927-bb7b-3b244ae07e47"|"Michael"|"Jones"|"M"|"467 David Course Apt. 455"|"001-537-790-9746x793"|"Copy"|"Thompson-Nelson"|"1950-02-23"
"49d8dd0b-5598-4608-b30d-2967958c65db"|"Darren"|"Reyes"|"M"|"476 Chandler Tunnel Suite 681"|"(409)614-3399x1729"|"Commissioning editor"|"Murillo Inc"|"1940-05-12"
"e3dd2c42-164a-4c8f-aab1-28c0160ec98a"|"Danielle"|"Bond"|"F"|"448 Phillip Spring"|"+1-819-769-0384x4794"|"Aeronautical engineer"|"Allen-Huynh"|"1937-01-08"
"41715a0b-ccca-4196-b143-44a30314b25f"|"Jose"|"Mckee"|"M"|"718 Gray Walks Apt. 075"|"001-446-201-4054x0355"|"Accountant, chartered management"|"Ward-Ashley"|"1987-02-21"
"606b734f-7114-4f6a-8bf7-1d793a3e8c89"|"David"|"Cochran"|"M"|"227 Quinn Divide"|"911-303-8302"|"Herbalist"|"Jenkins-Rowe"|"1966-08-02"
"633bff74-8a1f-433d-82a1-7f7300bccd06"|"Carl"|"Fisher"|"M"|"689 Matthew Valleys Suite 832"|"+1-976-919-1973x06580"|"Database administrator"|"Hodge Group"|"1964-12-11"
"3b22b47f-bb4a-4043-bbd9-81ea77f29105"|"Timothy"|"Perez"|"M"|"338 Haney Prairie Suite 518"|"001-736-744-2780x086"|"Acupuncturist"|"Pierce PLC"|"1999-10-15"
"1b6e7421-6544-4a50-9f0f-5fb70668556c"|"Katherine"|"Brown"|"F"|"957 Davenport Fords"|"964.814.7079x252"|"Scientist, forensic"|"Riley, Gregory and Patterson"|"1979-02-09"
"70898475-2882-49d3-a08d-0bbe6db9881e"|"Deborah"|"Marquez"|"F"|"362 May Rest Suite 582"|"+1-428-873-4612x15779"|"Textile designer"|"Goodman Group"|"1972-04-16"
"f60f0e08-a82e-43de-a31e-638aa3c9cf8f"|"Sherry"|"Robbins"|"F"|"270 Hart Estates Suite 718"|"(627)279-0502x3811"|"Systems developer"|"Christian LLC"|"2011-05-25"
"a61a95ff-b6ca-48f5-9a83-3af67567db1b"|"Ruth"|"Jackson"|"F"|"752 Tara Inlet"|"776.535.9466x6571"|"Scientist, marine"|"Williams-Gonzalez"|"1940-07-12"
"90a179d3-4448-4269-b06f-5f4bed6383cf"|"Victoria"|"Mitchell"|"F"|"427 Michael Circles Suite 720"|"+1-653-347-9588x4846"|"Clinical embryologist"|"Pennington PLC"|"1993-06-11"
"cf903baf-1894-4900-ae25-7f57de897326"|"Rebecca"|"Cochran"|"F"|"901 Donald Village Apt. 289"|"955.711.1695x707"|"Special educational needs teacher"|"Barnes, Adams and Williams"|"1943-08-30"
"6d73ee79-5603-43e9-b3fa-dd1f2d8fa058"|"Susan"|"Wilson"|"F"|"989 Amanda Curve"|"527-549-8127x21237"|"Musician"|"Riley, Garcia and Blackwell"|"2011-11-01"
"52f814ca-ffb7-4ea5-a8fb-b8647ce246cb"|"Shane"|"Villanueva"|"M"|"862 Hernandez Parkways Suite 200"|"(382)787-0321x968"|"Firefighter"|"Roth Inc"|"1983-05-29"
"6d3671a8-3508-4e5e-a4ce-10bbe70829b8"|"Bryan"|"Phillips"|"M"|"927 Wyatt Pike Suite 863"|"001-243-262-2629x7204"|"Teacher, primary school"|"Erickson, Kennedy and Carpenter"|"1925-01-31"
"60680517-f475-441e-abdf-ff989a21db3d"|"Amanda"|"Parker"|"F"|"909 Hernandez Parkways Suite 200"|"837-508-7755"|"Chief Strategy Officer"|"Ryan-Lewis"|"1972-03-08"
"90c2e399-2f53-46af-b8fc-b17a373dbc99"|"Christina"|"Haney"|"F"|"797 Jones Cliffs Suite 657"|"7447739617"|"Haematologist"|"Clark Group"|"1982-01-28"
"6d949951-d67d-4327-9009-69c8c0487395"|"Charles"|"Bryant"|"M"|"434 Weaver Haven"|"(399)530-0502"|"Engineer, maintenance (IT)"|"Rios-Espinoza"|"2022-02-16"
"8788fc01-1791-4491-aa2d-f4a1427146d3"|"Andrew"|"Morris"|"M"|"40 Rosario Loop"|"(478)558-5689x9377"|"Art therapist"|"Watson-Gardner"|"1944-01-20"
"6f74944b-9e7a-4bac-b135-3c7b64902dab"|"Nicole"|"Solomon"|"F"|"729 Robin Junctions Apt. 618"|"4268104308"|"Commissioning editor"|"George-Hayes"|"2012-03-19"
"407bdff2-2bd0-48e2-bed1-671d9668bc80"|"Brad"|"Ramos"|"M"|"696 Jonathan Place"|"(477)836-0642x4731"|"Press photographer"|"Little Inc"|"1909-12-18"
"214f253a-8ccf-48b8-a6c5-887b18780af6"|"Wendy"|"Leach"|"F"|"960 Day Inlet"|"5042411984"|"Producer, radio"|"Gutierrez LLC"|"1931-11-23"
"93d5a2b3-25d9-4da6-a8a4-252d2b54130e"|"Joann"|"Gallagher"|"F"|"6 Stacey Via Suite 001"|"5869398407"|"Engineer, petroleum"|"Pennington-Butler"|"2022-04-07"
"385b3c32-7d2c-42ef-8f7e-4e804756831f"|"Caitlin"|"Park"|"F"|"7 Chandler Tunnel Suite 681"|"259.944.9222"|"Land/geomatics surveyor"|"Davis PLC"|"1934-11-09"
"372d94bb-4c2b-4b2a-ae6f-0b71cf418fa2"|"Ronald"|"Smith"|"M"|"74 Hood Loop Apt. 276"|"001-719-503-1908x8479"|"Financial manager"|"Ryan PLC"|"1966-05-25"
"bdaa2353-8326-4d55-94f9-93cdb2edb4b6"|"Christopher"|"Freeman"|"M"|"151 Jones Courts Apt. 083"|"347-757-3639"|"Academic librarian"|"Evans-Hughes"|"1953-05-14"
"3c59bcef-7343-4f1c-9d5d-c1c63a9d1928"|"Craig"|"Mcdowell"|"M"|"898 Tara Inlet"|"(925)733-6744"|"Sports therapist"|"Graves and Sons"|"2021-07-19"
"42a13e4a-5c44-4b63-b22f-7f31d0a83c19"|"Hunter"|"Pugh"|"M"|"742 Jeffery Spur Suite 411"|"307.995.0874x906"|"Designer, jewellery"|"Schultz LLC"|"1986-08-20"
"3c7e8582-6e82-4351-887a-8fa473fbf2a1"|"Denise"|"Zimmerman"|"F"|"890 Matthew Valleys Suite 832"|"+1-746-529-4359x8145"|"Sound technician, broadcasting/film/video"|"Chavez Inc"|"1924-05-25"
"982e9e86-9735-41d8-a7e9-74e4db880e17"|"Matthew"|"Skinner"|"M"|"958 Lynn Lake Suite 253"|"330.604.8163x6257"|"Event organiser"|"Thompson Inc"|"1956-12-04"
"c3593534-26f1-438d-9b7a-d6856406c6cd"|"Judith"|"Johnson"|"F"|"238 Parks Trace Suite 497"|"355.596.0194x1449"|"Company secretary"|"Collins, Potter and Rubio"|"2005-01-09"
"dd38b566-0209-4c59-81ae-aa115619ebcb"|"Danielle"|"Burns"|"F"|"425 Yates Harbor Suite 905"|"972.996.9369x1525"|"Sales executive"|"Hamilton LLC"|"1921-02-27"
"c43e88ab-511d-4927-b1d5-5e74ac1bbb13"|"Lee"|"Welch"|"M"|"11 Tara Inlet"|"001-232-552-9366x87271"|"Physiological scientist"|"Swanson and Sons"|"2000-09-13"
"9bd8e973-43fb-42c8-b8e6-8c369fb6410b"|"Douglas"|"Herrera"|"M"|"286 Christine Gateway"|"6074683827"|"Engineer, electronics"|"Wolfe-Chang"|"1988-03-22"
"77cd2993-b34c-45ec-9e1e-6cf89cbd6381"|"Ronald"|"Fisher"|"M"|"236 Simpson Mill Apt. 030"|"+1-639-814-2942x159"|"Hydrogeologist"|"Osborn-Parker"|"2016-04-06"
"060aea88-6c5d-47b1-a41c-156c0cfad797"|"Nichole"|"Jackson"|"F"|"786 Murphy Creek Suite 712"|"567-652-3064"|"Lobbyist"|"Mccarthy Inc"|"2011-11-07"
"086e299a-7e9a-49e6-836e-4971c192bf79"|"Joseph"|"Garcia"|"M"|"485 Jennifer Track"|"(240)450-2884"|"Fish farm manager"|"Ross Inc"|"2017-09-16"
"1335912e-f185-468a-84de-341806d0c1a8"|"Steven"|"Welch"|"M"|"906 Jacobs Ports Suite 715"|"949.590.6399x4487"|"Agricultural consultant"|"Murray-Thompson"|"1927-09-28"
"d048bd5e-3eff-4e5a-9f97-79fef178d78b"|"Brandon"|"Smith"|"M"|"429 Smith Avenue Apt. 759"|"(766)433-3712x99642"|"Solicitor"|"Davis, Trevino and Griffin"|"1954-01-20"
"8cce1b1a-5ae9-4eb4-9e4b-da2f6f729eef"|"David"|"Harrison"|"M"|"529 Robert Way"|"452-828-0836"|"Music tutor"|"Obrien, Lyons and Holland"|"1965-03-20"
"1c5cc591-ec6e-4d37-9052-73fcaecb51d1"|"Joshua"|"Scott"|"M"|"692 Jeffery Village"|"300-421-1017"|"Water quality scientist"|"Wagner-Randall"|"1945-01-26"
"349e7019-955e-4deb-be5a-6240a4aea98b"|"Katherine"|"Riley"|"F"|"223 David Course Apt. 455"|"5157050172"|"Seismic interpreter"|"Smith, Grimes and Spence"|"1925-01-06"
"a6e82863-d767-4a84-aa8f-e41adb37efb6"|"Harris"|"Smith"|"M"|"756 Johnson Plains Suite 376"|"+1-860-258-5553"|"Musician"|"Sanders and Sons"|"1924-08-23"
"bc14e294-d0ba-4248-af06-5dddd41fe97d"|"Teresa"|"Burton"|"F"|"273 Hanson Port"|"+1-478-919-5004x6218"|"Product/process development scientist"|"Nixon, Morales and Harrison"|"1940-08-29"
"526d22f6-3c83-4032-bd4e-8dc28cf27d0e"|"Steven"|"Velez"|"M"|"736 Daniel Plaza"|"+1-996-572-1448x95207"|"Engineer, chemical"|"Bell, Clark and Rivas"|"2018-03-18"
"eef00ed7-a0a9-44f5-b38f-fc24dcbf4594"|"Brenda"|"Jackson"|"F"|"216 Thornton Land Suite 697"|"260-337-3535"|"Patent attorney"|"Adams LLC"|"1981-12-21"
"04a57e49-cdea-4017-89f0-319d446157cb"|"Caleb"|"Gill"|"M"|"146 Alexandra Bridge Suite 474"|"225-453-4255x11492"|"Farm manager"|"Atkinson Ltd"|"1946-05-17"
"019dde2b-b3f1-45f2-bc2b-fcdbfdeb6bad"|"Elizabeth"|"Hanson"|"F"|"496 Christopher Ways"|"+1-347-753-6376x3776"|"Advice worker"|"Gregory-Jackson"|"1913-01-13"
"148dfc0f-3077-4881-a63c-e9b90cf20f7b"|"Janet"|"Castaneda"|"F"|"206 Hensley Park Suite 873"|"(514)288-5198"|"Designer, ceramics/pottery"|"Dean-Sanders"|"2010-10-28"
"23b1bfa2-0b46-4ad4-b214-3955cc2bcf19"|"Jamie"|"Ray"|"M"|"47 Randolph Way Suite 427"|"722.725.5096"|"Further education lecturer"|"Thomas, Navarro and Chavez"|"1994-10-14"
"5c2ff25b-6bb2-4304-95f8-6f049cb70c34"|"Cristina"|"Martin"|"F"|"174 Christopher Tunnel"|"495.552.1905"|"Holiday representative"|"Casey-Johnson"|"2017-02-26"
"baa7a5f1-64cb-425d-8f68-14b2c73db08a"|"Morgan"|"Zimmerman"|"F"|"328 Montoya Walk Apt. 578"|"(989)522-6948"|"Control and instrumentation engineer"|"Webb-Mcdowell"|"1998-05-01"
"e4455267-efc3-4eb4-8ee0-b9635b5e0021"|"Scott"|"Sanders"|"M"|"370 Randall Burg"|"9563655190"|"Sub"|"Hayes Ltd"|"2014-11-23"
"1113a3eb-9de4-4fb4-bd15-6add2762f9cf"|"Michele"|"Faulkner"|"F"|"972 Nelson Estate"|"242-749-9751x815"|"Museum education officer"|"Parker-Mclean"|"1925-04-06"
"55a998aa-6827-4302-9217-46956c7c5d68"|"Sara"|"Tyler"|"F"|"284 Michelle Isle Apt. 431"|"255-886-6586x72840"|"International aid/development worker"|"Figueroa-Wright"|"1909-06-28"
"2632d2e0-b1b6-48df-ada7-1e8c72ac9a50"|"Nathan"|"James"|"M"|"989 Hood Loop Apt. 276"|"702-776-1078x02557"|"Radio producer"|"Grant-Marshall"|"1949-05-14"
"20590481-2cfb-491b-a60f-e8385b4e8936"|"Melissa"|"Clark"|"F"|"701 Garcia Road Suite 143"|"001-815-923-0299"|"Bonds trader"|"Lee-Perez"|"1989-10-13"
"89e642ed-27b8-4d2a-8809-e1086cf3dd2b"|"Jonathan"|"Saunders"|"M"|"699 May Rest Suite 582"|"(925)822-2381x2143"|"Communications engineer"|"Buckley, Robinson and Best"|"1968-07-10"
"46fe51ac-0bce-479d-affd-5f0816f0ff31"|"Craig"|"Harris"|"M"|"355 Porter Overpass"|"330-483-1438x33869"|"Primary school teacher"|"Taylor and Sons"|"1986-05-10"
"aea5da06-4d71-4e2f-b15f-2c1b5020f48e"|"Mary"|"Howard"|"F"|"722 Chandler Tunnel Suite 681"|"335.423.8022x97339"|"Early years teacher"|"Walters PLC"|"1921-06-29"
"d53f3fcf-54fd-4a18-afea-4143e4434b48"|"Sheila"|"Fisher"|"F"|"735 Yates Harbor Suite 905"|"681.926.9652x3149"|"Science writer"|"Bond, Lowery and Leonard"|"2005-09-10"
"ab7cbf01-a762-425d-99ab-97f0266f93bf"|"Stacey"|"Smith"|"F"|"640 Amber Wells"|"974.576.0653"|"Producer, television/film/video"|"Kim LLC"|"1985-02-05"
"9a6270de-c963-45a6-9229-be6e16ea72ef"|"Lisa"|"Martin"|"F"|"529 Lynn Lake Suite 253"|"(570)833-5982"|"Designer, industrial/product"|"Garcia, Spears and Young"|"2009-04-03"
"0fa1e08c-5d92-435f-8ebb-a2fa0eb30440"|"Tara"|"Fuller"|"F"|"765 Martinez Grove Apt. 125"|"268.223.2674x0601"|"Higher education careers adviser"|"Johnson, Gonzalez and Maddox"|"1932-10-16"
"7c52ae6d-476e-4357-a573-dfbbff4718c1"|"Nicole"|"Cordova"|"F"|"880 Brown Canyon Apt. 503"|"416-829-4976"|"Pensions consultant"|"Meyer PLC"|"2009-05-14"
"133e391d-9de9-4ccf-8e74-d91521455cdf"|"James"|"Roy"|"M"|"972 Robinson Highway"|"(290)963-8712x6628"|"Fish farm manager"|"Walter-Bishop"|"2023-06-07"
"78670f50-7c95-4a9e-b599-2ffad784de3a"|"Shannon"|"Powers"|"F"|"26 Patricia Row"|"001-663-389-2164x666"|"Physiotherapist"|"Morrow-Greer"|"1911-07-19"
"a770158e-2389-4540-a547-26da8aadd1b9"|"James"|"Green"|"M"|"914 Nathan Views"|"648.906.8160"|"Fashion designer"|"Cooper-Hughes"|"2006-06-04"
"1c91ace0-e01c-4bc7-97ce-f69ac101e6c1"|"Daniel"|"Ramos"|"M"|"779 Morales Gardens Suite 197"|"281.503.3133x38222"|"Adult nurse"|"Mcneil-Johnson"|"1912-03-12"
"c58787ed-91b7-4616-9b11-9cd2bc43d98a"|"David"|"Smith"|"M"|"781 Tim Avenue Apt. 437"|"(666)489-7390x84631"|"Intelligence analyst"|"Hoffman-Wright"|"1997-01-26"
"3187a2ed-9176-4962-86dc-9289b0ed5988"|"Kenneth"|"Haas"|"M"|"639 Andrew Street Apt. 107"|"481.574.9165x331"|"Manufacturing systems engineer"|"Garcia-Mccarthy"|"1953-09-15"
"1850648c-ed96-4fbb-8802-3dcbf8308d83"|"Renee"|"Joseph"|"F"|"517 Catherine Cove"|"(827)521-3566x5269"|"Sports administrator"|"Williams-Soto"|"2009-04-03"
"93cdb3d1-b02d-4534-86c7-82f783828528"|"Sandra"|"Brown"|"F"|"688 Johnson Lake"|"001-661-707-5257x9858"|"Politician's assistant"|"Powell, Manning and Mason"|"1917-02-26"
"86bf79ee-83df-4f2a-b4a9-5aa5bba0048f"|"Jamie"|"Martin"|"F"|"762 Jacobs Ports Suite 715"|"3394351674"|"Radiation protection practitioner"|"Miller, Chambers and Lee"|"1923-02-20"
"e7326631-acd9-4b94-93be-3fc3633a72ed"|"Brandon"|"Ramirez"|"M"|"66 Brown Canyon Apt. 503"|"(770)567-2562"|"Financial trader"|"Lopez LLC"|"2022-09-10"
"273e00f6-08bd-44e8-9755-a8435f4f7c85"|"Michelle"|"Dunn"|"F"|"22 Thomas Wall Suite 035"|"545.989.7585x34882"|"Software engineer"|"Little, Allen and Rivers"|"2000-07-20"
"a48b6b6d-8aee-4cbe-a05b-681925c0df70"|"Brittany"|"Hall"|"F"|"779 Tim Avenue Apt. 437"|"652-828-3530x997"|"Diagnostic radiographer"|"Smith-Pope"|"1979-12-02"
"379eee5f-5119-4489-9dc7-b6e35081fce8"|"Angela"|"Hanson"|"F"|"564 Aimee Circles"|"3262259489"|"Warden/ranger"|"Mckay, Miranda and Hudson"|"1921-12-09"
"60573856-cec6-42a1-b020-c400e0726946"|"Joseph"|"Gates"|"M"|"94 Angela Lights"|"(560)700-9214x4488"|"Research scientist (life sciences)"|"Ibarra LLC"|"2012-12-01"
"0f82bdea-2190-41d1-8f0b-8822cae14dc8"|"Linda"|"Gillespie"|"F"|"7 Brown Canyon Apt. 503"|"+1-288-643-0761x55423"|"Commissioning editor"|"Schultz Group"|"2018-11-24"
"458a8690-b7fe-4601-98cc-bc87a4bec181"|"Kevin"|"Perez"|"M"|"740 Stacey Via Suite 001"|"(716)522-4108"|"Pharmacologist"|"Stewart Ltd"|"1978-06-27"
"cc1b2b48-8ddc-4b62-b5f3-a61b0a54e989"|"Roberto"|"Williams"|"M"|"271 Higgins Port Apt. 001"|"3066275132"|"Games developer"|"Stone, Garcia and Moore"|"1988-03-18"
"6731ee99-0275-4f69-b302-6bdccc41487c"|"Carmen"|"Floyd"|"F"|"620 Brian Course"|"+1-843-520-9684x297"|"Personnel officer"|"Smith-James"|"2007-12-17"
"66e76d97-31ab-4c09-bb02-1f3cbb6731e1"|"Louis"|"Marquez"|"M"|"351 Arnold Cliffs"|"403-692-8351x0612"|"Illustrator"|"Weaver Group"|"1924-09-23"
"15523860-a086-4cc1-9817-307a2c04f3b3"|"Marie"|"Floyd"|"F"|"821 Donald Village Apt. 289"|"001-347-498-6855"|"Administrator, education"|"Kirby, Brooks and Williams"|"1913-09-05"
"4ef2a6f0-1ea2-4b0b-88d3-bef70cc55106"|"Christian"|"Shaffer"|"M"|"614 Lynn Lake Suite 253"|"642-696-7906x991"|"Sports administrator"|"Fletcher Ltd"|"1971-08-02"
"1ff2c8e1-4c6f-4570-a218-98096692836c"|"Linda"|"Tyler"|"F"|"470 Thomas Coves Suite 736"|"(589)937-5721x635"|"Child psychotherapist"|"Santiago-Cunningham"|"2015-05-20"
"c9796a72-79a4-46a4-b5d4-e6192bafd495"|"John"|"Velez"|"M"|"786 Thomas Wall Suite 035"|"455.444.7315x1032"|"Wellsite geologist"|"Deleon, Turner and Chavez"|"1927-04-21"
"8b694e63-3855-475e-954a-019d73d9f1d9"|"Curtis"|"Hayden"|"M"|"99 Matthew Valleys Suite 832"|"001-819-215-8112x220"|"Equities trader"|"Williamson Group"|"2005-03-13"
"cf46fc92-0698-4d50-8615-b1698f1cb91f"|"Christopher"|"Schwartz"|"M"|"987 John Fall Apt. 476"|"551-900-7573x20968"|"Recruitment consultant"|"Hall, Gomez and Williams"|"1956-03-19"
"581c025e-ae86-4072-926f-69014ff34494"|"Jacqueline"|"Hall"|"F"|"26 May Rest Suite 582"|"(778)200-2358x6962"|"Microbiologist"|"Lozano, Burke and Wheeler"|"2013-01-16"
"78c3e74a-0ed0-434f-bf58-d3ad2bd8215b"|"Brett"|"Tran"|"M"|"619 Barron Hollow"|"764-593-0154x1603"|"Geologist, wellsite"|"Hunt LLC"|"1926-10-31"
"451aef7b-8f7a-418b-9769-73ec4641ff7b"|"Savannah"|"Smith"|"F"|"637 Jonathan Place"|"001-731-494-2745"|"Human resources officer"|"Rosario, Black and Roberts"|"2003-11-30"
"e6d1897a-52a2-4b7c-a33d-344eccbae7a4"|"Allen"|"Wilson"|"M"|"412 Colleen Mount"|"001-286-549-8264x060"|"Presenter, broadcasting"|"Diaz, Foster and Barton"|"1931-06-26"
"98c6fd41-4053-4a91-a128-0ea813a513f7"|"Luna"|"Parker"|"F"|"812 Charles Extension Apt. 046"|"001-881-229-4398"|"Planning and development surveyor"|"Thompson-Compton"|"1914-08-11"
"f97e97f2-36ce-47d1-ba4a-c86771bf4562"|"Arroyo"|"Ward"|"M"|"913 Rivers Squares"|"001-476-286-0672x33332"|"Brewing technologist"|"Young-Burke"|"1912-08-26"
"979bbdd1-4750-43ea-b0d2-6d1db9e15b05"|"Amy"|"Hernandez"|"F"|"385 Ortiz Brooks"|"(259)472-4830x023"|"Diagnostic radiographer"|"Parker-Good"|"2010-10-07"
"58db1776-3f1c-41e3-aaf7-6be08b96f63a"|"Eric"|"Hanson"|"M"|"74 Yvette Loop"|"001-779-566-7311x949"|"Horticultural consultant"|"Hill Group"|"1946-04-08"
"70d5c56b-1c74-436d-80be-e84769ac85d9"|"Joshua"|"Martinez"|"M"|"98 Patricia Row"|"001-627-221-2175x7375"|"Engineer, technical sales"|"Cooper, Turner and Bauer"|"2005-01-31"
"06baccd9-8d4a-4daa-92a9-f891c2e8ee4e"|"Kevin"|"Harrison"|"M"|"621 Aimee Circles"|"(715)325-3450x738"|"Operations geologist"|"Hill-Odom"|"1975-07-23"
"e35de39c-1c27-4a30-b049-c9e6c6ecea09"|"Keith"|"Adams"|"M"|"436 Mills Springs"|"450.800.1351"|"Games developer"|"Burke, Cooper and Roberts"|"1993-09-28"
"2a0f74d2-6a05-4189-8ab6-68d2b6c881e1"|"Lee"|"Padilla"|"M"|"49 Rachel Pine"|"706.261.4297"|"Structural engineer"|"Lawrence-Stewart"|"1975-04-03"
"b2cda2c7-9c3c-4a02-b423-97b692e74fce"|"Stephanie"|"Jones"|"F"|"557 Hart Estates Suite 718"|"225-755-9064x1013"|"Pensions consultant"|"Willis, Gaines and Mcdonald"|"1914-11-30"
"f23a8e6f-f9db-454a-93e9-66c9be81cce6"|"Cynthia"|"Suarez"|"F"|"409 Ortiz Brooks"|"506.884.7432"|"Police Officer"|"TTPD"|"1950-02-27"
"f15f0012-2797-48eb-a8db-26ce85c7d387"|"Matthew"|"Barnett"|"M"|"826 Jonathan Stravenue"|"001-312-616-6126"|"Manufacturing engineer"|"Brown, Gomez and Anderson"|"1916-03-12"
"169f0d05-2afc-4765-bd21-5cf81402dc82"|"Lindsay"|"Vargas"|"F"|"591 Elizabeth Creek Apt. 423"|"545.791.1709x39283"|"Surveyor, quantity"|"Miller, Trujillo and Leach"|"1950-03-26"