"id"|"first_name"|"last_name"|"sex"|"address"|"phone_number"|"profession"|"company"|"date_of_birth"
"cf612e49-45a1-4a9e-95ba-b2c456d4a7ab"|"Emily"|"Park"|"F"|"276 Nathan Views"|"+1-545-679-1863x7333"|"Software engineer"|"Lozano PLC"|"2001-12-27"
"460e73dd-aa8e-4c12-a7e7-d19287838470"|"Claudia"|"Shields"|"F"|"557 Rosario Loop"|"388-703-0317"|"Risk analyst"|"Snyder, Harris and Scott"|"2009-01-12"
"9c461d89-5520-4c8a-ab13-5ce6d9454568"|"William"|"Boone"|"M"|"423 Robinson Highway"|"921.406.9724"|"Chief of Staff"|"Knight LLC"|"1963-10-22"
"cd036fb4-cb57-4d8c-8913-1ca36bba1ea3"|"Eric"|"Barber"|"M"|"134 Martin Field"|"(513)778-1455x5278"|"Restaurant manager, fast food"|"Wright PLC"|"2007-12-25"
"1cbcaba6-7011-41c4-996d-a1c5471b2745"|"Christopher"|"Baker"|"M"|"453 Charles Extension Apt. 046"|"+1-688-924-6373"|"Research scientist (physical sciences)"|"Carroll Ltd"|"1923-04-07"
"9fdc31bf-77ca-444c-a3a8-35357e508faa"|"Laura"|"Lynch"|"F"|"629 Tim Avenue Apt. 437"|"905.584.3947x022"|"Financial adviser"|"Henderson LLC"|"1956-02-17"
"4219755e-889e-40cd-b82e-7f24439c7239"|"Megan"|"Holmes"|"F"|"51 Michael Circles Suite 720"|"(885)243-5381"|"Archivist"|"Barnes-Williams"|"1911-12-25"
"d99a07e5-7e4f-4921-99a6-a2d41a296875"|"Alyssa"|"Smith"|"F"|"695 Michael Circles Suite 720"|"772-986-1125x7253"|"Dentist"|"Garrett, Morris and Hood"|"1918-06-16"
"9abfcadc-4c67-4abe-ac80-67e5b7e4dd7a"|"Craig"|"Zhang"|"M"|"428 Alexis Run Suite 764"|"+1-367-574-0629x2066"|"Architectural technologist"|"Camacho-Hernandez"|"1937-12-27"
"2420b046-33ef-4731-88e5-6ca0005fac9d"|"Teresa"|"Morris"|"F"|"548 David Passage Suite 979"|"848-358-6761x015"|"Environmental manager"|"Hughes, Rowland and Lopez"|"1909-09-27"
"6466b093-4bbd-4ebf-b005-593c42d9c732"|"Danielle"|"Fisher"|"F"|"846 Johnson Throughway"|"+1-529-997-0397"|"Human resources officer"|"Garcia and Sons"|"1952-04-14"
"dafd3be0-9024-4026-8a4d-3bb9721d326c"|"Jacob"|"Burns"|"M"|"529 Scott Valleys Suite 598"|"+1-475-909-5720x1726"|"Water engineer"|"Woodard-Gonzales"|"1968-12-03"
"507560b0-9451-4118-b513-9f1fd5feec37"|"Tracy"|"Reyes"|"F"|"421 Patricia Row"|"(679)998-7591x36292"|"Editorial assistant"|"Snyder-Byrd"|"2014-08-15"
"8e7aa98b-ac03-4a1e-9d42-81bbb0b4ca24"|"Joshua"|"Aguirre"|"M"|"885 Higgins Port Apt. 001"|"001-499-873-8752"|"Production manager"|"Conrad, Christensen and Navarro"|"1975-08-16"
"bab525c4-d03d-42aa-9b4b-3f20abb22cb9"|"Andrea"|"Howard"|"F"|"961 William Avenue"|"498-926-1613"|"Illustrator"|"Bryant-Green"|"2000-12-25"
"c1954b04-dd33-438f-aaed-4278a4335d74"|"Kayla"|"Mcdaniel"|"F"|"451 Donald Village Apt. 289"|"(610)687-6070"|"Planning and development surveyor"|"Jackson and Sons"|"1966-08-27"
"62926a37-245e-4efb-9c83-3d4340b77021"|"Nicole"|"Castaneda"|"F"|"630 Gabriel Hill Apt. 094"|"972.270.5858"|"Occupational therapist"|"Lane-Watkins"|"2015-05-18"
"a3e024db-a360-4cd0-b4da-159d0de4a9a7"|"Angela"|"Smith"|"F"|"103 Patricia Row"|"756-952-1351x58351"|"Administrator"|"Thomas-Ramirez"|"1928-01-30"
"1e6566d9-25c5-4c43-ae99-0b5f53600ab0"|"Jonathan"|"Rhodes"|"M"|"488 Simpson Mill Apt. 030"|"+1-433-491-6572x9920"|"Chief Operating Officer"|"Stevens-Hendrix"|"2008-06-30"
"a15dfdc1-b911-466b-9999-c0eb737660d5"|"Stephanie"|"Fernandez"|"F"|"882 Johnson Lake"|"(528)272-2453x967"|"Embryologist, clinical"|"Garcia-Dean"|"1982-07-11"
"d23f007f-875f-4c9c-9fbe-c0c374bedd72"|"Robert"|"Ray"|"M"|"476 Bailey Trail"|"+1-528-203-3112x1572"|"Embryologist, clinical"|"Ferguson-Foley"|"1946-06-14"
"841bd7a1-5558-4656-90f0-75162001d20a"|"Casey"|"Rivera"|"M"|"381 Morales Gardens Suite 197"|"(825)930-2507"|"Writer"|"Alexander Group"|"1926-08-10"
"4ab748ba-b529-430f-9229-4c40a1f4da41"|"Joshua"|"Hicks"|"M"|"74 Tara Inlet"|"8237711575"|"Systems analyst"|"Scott-Olson"|"2020-08-08"
"997165b8-2053-472d-a374-47a5128292f9"|"Chris"|"Johnson"|"M"|"665 Scott Valleys Suite 598"|"001-533-295-0860"|"Glass blower/designer"|"Shannon-Griffin"|"1910-02-01"
"3436acb3-4f67-4694-ac5e-2abf53f765fe"|"Justin"|"Jones"|"M"|"161 Wilson Locks Apt. 694"|"236.650.1916"|"Equality and diversity officer"|"Alvarez, Wright and Hughes"|"1952-10-06"
"91366fad-2012-4f19-a6bf-932567186992"|"Adrian"|"Orozco"|"M"|"345 Jonathan Stravenue"|"(286)806-0560"|"Materials engineer"|"Hansen-Carr"|"1997-11-24"
"7c374922-91d2-4783-a7fd-57c8038546a5"|"Michael"|"Haney"|"M"|"915 Warner Circle"|"+1-939-479-5462x5242"|"Museum/gallery exhibitions officer"|"Schmidt-Chavez"|"1945-04-24"
"aa4020ad-baa5-48a9-b1af-e9e0d21ba3cd"|"Gomez"|"Marquez"|"M"|"376 Lewis Trace"|"+1-633-306-7685x30752"|"Architect"|"Townsend Inc"|"1934-05-02"
"79a0b970-74c7-41ed-959f-e468c6751370"|"Amanda"|"Shields"|"F"|"954 Tyler Knoll Apt. 752"|"001-468-624-5086"|"Buyer, retail"|"Smith-Morgan"|"2017-06-02"
"b8d1bdbc-3eef-4df4-9631-08ada68d71a4"|"Gregory"|"Howard"|"M"|"161 Troy Centers"|"+1-413-882-0241"|"Arts administrator"|"Dillon-Harris"|"1991-06-23"
"46c0c349-0d45-46ef-9096-10384250fd64"|"Kristy"|"Dean"|"F"|"744 Catherine Cove"|"+1-418-239-2960"|"Conservator, furniture"|"Morales-Herrera"|"1988-12-01"
"ca05029a-98d7-44fe-b586-934ceafbac9b"|"Hawkins"|"Green"|"M"|"704 Thornton Land Suite 697"|"001-393-820-6275x018"|"Marine scientist"|"Jones, Williams and Boyle"|"1979-04-27"
"09c6c5e0-6a4b-4218-8de5-d47a5aa67413"|"Maria"|"Snyder"|"F"|"723 Brian Course"|"281.449.1835"|"Risk analyst"|"Sellers-Hansen"|"1953-02-28"
"a713f5d1-a52f-46d2-b57e-aeec96305cda"|"Anne"|"Saunders"|"F"|"883 Weaver Haven"|"+1-372-891-4885x37713"|"Catering manager"|"Nguyen-Mann"|"1981-09-12"
"c06420a1-6ae7-4d60-84d2-4029e9bfb547"|"James"|"Wilson"|"M"|"172 Weaver Haven"|"001-903-224-6913"|"Seismic interpreter"|"Perez, Davenport and Bass"|"2006-12-26"
"43f30125-0e19-4c3c-ba70-b5d249f18346"|"Catherine"|"Boone"|"F"|"828 Anderson Port"|"(547)987-8908x17369"|"Teacher, secondary school"|"Mcdonald-Haynes"|"1978-03-24"
"8e8d724f-30b8-4a1a-a527-e27f56ccad96"|"Alexander"|"Romero"|"M"|"683 Amber Wells"|"976-476-1630"|"Therapeutic radiographer"|"Wong-Tyler"|"1983-05-15"
"1e2181b2-128e-480e-9fe9-5dd5f4ac9841"|"Kelly"|"Smith"|"F"|"939 Banks Curve Apt. 123"|"417-793-0925x56924"|"Copywriter, advertising"|"Henry-Hernandez"|"1928-07-07"
"bd70c2cc-b1ad-4d65-b01a-d35033134080"|"Joseph"|"Spencer"|"M"|"640 Jones Courts Apt. 083"|"+1-753-980-1499"|"Control and instrumentation engineer"|"Jenkins Group"|"1911-05-08"
"d1590071-1338-40d2-84b5-d5dce6a2b60d"|"Crystal"|"Hooper"|"F"|"524 Amanda Curve"|"+1-358-863-0957"|"Chief of Staff"|"Ray Group"|"1978-06-15"
"2083a618-d28d-4a83-9e7d-a7f65f18aa0c"|"William"|"Snyder"|"M"|"641 Christopher Ways"|"+1-873-615-8130x63301"|"Quarry manager"|"Kennedy, Price and Mccullough"|"1967-08-24"
"26438104-6b61-4d4a-98a5-1ff733f1cdc8"|"Ashley"|"Wilson"|"F"|"749 Jennifer Track"|"548.576.2223x4796"|"Sub"|"Davis-Alvarado"|"1938-02-25"
"717f7764-1a79-4a15-b72d-d19d11513587"|"Collin"|"Buchanan"|"M"|"777 Johnson Lake"|"7586542902"|"Geophysical data processor"|"Allen, Johnson and Baker"|"1997-11-12"
"be20974e-b73f-489b-a535-5f010dd62e11"|"Dennis"|"Daniels"|"M"|"798 Yates Harbor Suite 905"|"613-495-4678"|"Chiropodist"|"Crawford-Price"|"1955-07-15"
"07a180c2-369c-47fc-89c0-ab0368e33be0"|"Rebekah"|"Stone"|"F"|"797 Nathan Views"|"961.844.2315x3014"|"Paramedic"|"Harris, Larson and Savage"|"2017-12-21"
"4d66da46-6ecf-4af5-88aa-49217181c370"|"Michael"|"Vargas"|"M"|"71 Robert Way"|"369.290.3663x24200"|"Air broker"|"Mendoza, Kane and Dean"|"1979-01-19"
"03cb4577-12cc-46f4-a4d9-1b73b37e5627"|"Kathy"|"Russell"|"F"|"475 Johnson Throughway"|"2784588833"|"Engineer, maintenance (IT)"|"Stein, Johnson and Sexton"|"1911-06-14"
"fa9d1cf7-117c-4eee-98d9-e207fbcd32fc"|"Elizabeth"|"Jackson"|"F"|"546 Haney Prairie Suite 518"|"001-592-770-2572x1847"|"Mechanical engineer"|"Murray, Meadows and Wright"|"1993-01-20"
"8fc5e1b1-e30a-47af-8267-3664e20b3555"|"Cynthia"|"Christian"|"F"|"201 David Course Apt. 455"|"464.260.7567x677"|"Commercial horticulturist"|"Reese-Kaiser"|"1999-12-24"
"14962222-1e8e-45ea-947b-b591cc2e7855"|"Alison"|"Cole"|"F"|"300 Alexis Freeway Apt. 358"|"001-229-666-6431"|"Copy"|"Sosa LLC"|"1918-10-14"
"45608c9a-d43f-4ffa-92cf-986f24c53eb8"|"Anthony"|"Shields"|"M"|"747 Colleen Mount"|"(919)261-1509x3531"|"Aid worker"|"Bond PLC"|"2000-04-25"
"9f35d9b7-840b-43c6-98bc-2744e7cfe2f7"|"Christopher"|"Fisher"|"M"|"198 Alexis Run Suite 764"|"001-689-244-1366x8901"|"Cabin crew"|"Johnson, Conrad and Morales"|"2005-07-01"
"11697c76-9627-48b5-b9a5-a0f5ffce2601"|"Jennifer"|"Torres"|"F"|"123 Lewis Trace"|"968.510.8658x480"|"Theatre director"|"Green, Werner and Waters"|"1944-01-30"
"00d9b15b-08ea-4aba-882f-0c0eddb8fc9d"|"Julie"|"Mccullough"|"F"|"962 Robert Way"|"921.750.2134"|"Gaffer"|"Clay, Nunez and Harris"|"1957-12-09"
"24b80eec-8ff3-4422-a31a-4001ae396d92"|"Joseph"|"Herrera"|"M"|"609 Ross Camp Apt. 134"|"(991)217-3730"|"Engineer, drilling"|"Webb-Clements"|"1912-03-25"
"633f53c2-1e9d-40c4-aa6e-bd0076adcaaf"|"Jamie"|"Willis"|"F"|"339 Donald Village Apt. 289"|"955-572-7698"|"Conservator, furniture"|"Riley Inc"|"1999-12-09"
"421376bf-f6a7-4e5a-84ec-dfaf1f631844"|"Scott"|"Reyes"|"M"|"25 Morales Gardens Suite 197"|"+1-219-333-6840x70831"|"Freight forwarder"|"Colon-Haley"|"2006-06-01"
"7bd0e2dc-293d-4bbe-9293-a3d67a1948f2"|"Charles"|"Hall"|"M"|"776 May Rest Suite 582"|"(694)513-0964x55741"|"Electronics engineer"|"Martinez-Lane"|"2011-06-28"
"52fc696e-0271-4519-b6f9-930d98bdce2c"|"Ashley"|"Gill"|"F"|"145 Ross Camp Apt. 134"|"4012661458"|"Surveyor, mining"|"Martinez-Turner"|"2018-04-24"
"31caab27-90bb-4d76-82cb-a8f5244ccafc"|"James"|"Glover"|"M"|"78 Smith Ranch Suite 211"|"(909)619-4896"|"Engineer, mining"|"Bell Ltd"|"1990-06-10"
"02108580-130e-467d-8a5d-fc07b5217108"|"Olivia"|"Robinson"|"F"|"912 Smith Avenue Apt. 759"|"6467842769"|"Corporate investment banker"|"Brennan Ltd"|"1917-09-14"
"067614a0-ac51-4620-acd8-fe95055c5b13"|"Haynes"|"Parker"|"M"|"586 Shelton Run"|"449-211-6440x0265"|"Doctor, hospital"|"Miller, Hill and Hart"|"2013-08-24"
"5a097ced-b3e5-4c3f-b3c1-7efe1c046c78"|"Juan"|"Garcia"|"M"|"41 Day Inlet"|"991-708-3307"|"Radiation protection practitioner"|"Harris, Ochoa and Bowman"|"2000-03-04"
"cdcfb857-e0ba-4458-8f07-89267559733b"|"Stacy"|"Hubbard"|"F"|"259 Cooley Dam Apt. 601"|"001-823-845-8678"|"Accountant, chartered public finance"|"Ward, Carr and Montgomery"|"2023-12-18"
"b3efd889-2e10-491b-913f-92ac23257907"|"Dylan"|"Davis"|"M"|"382 Amber Wells"|"991-417-4626x873"|"Surveyor, minerals"|"Lindsey-Welch"|"2022-10-24"
"ec96ae05-a07e-453a-aaf7-a79f52166dda"|"Lisa"|"Craig"|"F"|"149 Shelton Run"|"729.986.8393"|"Research scientist (life sciences)"|"Wilson, Armstrong and Ware"|"1980-03-10"
"23c66e2b-fb32-49fe-b6f5-fb9a1274845e"|"Christopher"|"Peterson"|"M"|"708 Andrew Street Apt. 107"|"418.846.0963"|"Personal assistant"|"Thornton, Williams and Perkins"|"1998-06-11"
"8fbc6204-9b9f-4898-ad6a-67db9400274d"|"Tracy"|"Williams"|"F"|"991 Jordan Vista Apt. 756"|"001-814-921-0443"|"Television floor manager"|"Atkins-Norman"|"1981-10-15"
"7c6a1a48-c078-4026-ae28-062e89635677"|"Jamie"|"Gardner"|"F"|"211 Evans Ports Suite 383"|"859.971.2543"|"Air broker"|"Thompson-Owen"|"1997-07-13"
"57da24b1-42bc-4941-bcd2-233017f043d6"|"Jill"|"Baxter"|"F"|"283 Montoya Walk Apt. 578"|"+1-698-481-5494x58075"|"Engineer, civil (consulting)"|"Arnold, Owens and Salazar"|"1994-08-17"
"c1924f5e-2af8-4ed5-98ac-5ecf610b17a0"|"Nathan"|"Norman"|"M"|"498 Jordan Vista Apt. 756"|"951.660.6878x63466"|"Therapist, occupational"|"Patterson, Ward and Murphy"|"1996-10-23"
"dc2be2ea-5d6a-4929-9b76-5df25fff4c77"|"Donna"|"Hubbard"|"F"|"613 Padilla Estate Suite 556"|"908.363.3058x33464"|"Visual merchandiser"|"Cabrera, Williams and Joseph"|"1934-10-30"
"dcd285a6-cddc-46bc-a1b8-e414a20c08a2"|"Samantha"|"Snyder"|"F"|"431 Smith Avenue Apt. 759"|"685.663.7513"|"Educational psychologist"|"Jones-Vaughan"|"1920-12-13"
"8c10c6e5-eac4-49fd-87bf-3d2e87115c39"|"Julie"|"Espinoza"|"F"|"891 David Passage Suite 979"|"8918492317"|"Musician"|"Hansen LLC"|"1976-09-04"
"277e24e0-9d99-4f4f-aea5-72daf7073f9a"|"Linda"|"Gallagher"|"F"|"239 Smith Ranch Suite 211"|"001-373-436-1669x49739"|"Pilot, airline"|"Scott, Rice and Vance"|"1969-03-21"
"1fb8b304-2d3b-4ea4-ab63-f648cacf7aa7"|"Matthew"|"Morris"|"M"|"866 Daniel Plaza"|"001-992-962-4967x66188"|"Archaeologist"|"James, Martinez and Charles"|"1993-01-17"
"96138bf3-435a-4b4a-9497-6b30e3b0eb4c"|"Grace"|"Johnston"|"F"|"972 Jeffery Village"|"759-407-0453x8946"|"Recycling officer"|"Smith LLC"|"1956-08-10"
"4a8cf9c0-1016-4403-a21e-79e517eff50f"|"Elizabeth"|"Colon"|"F"|"339 Banks Curve Apt. 123"|"367-412-8092"|"Horticultural consultant"|"Barnes, Lane and Wright"|"1933-01-10"
"95530629-11da-486b-a226-2f368d026bda"|"Ashley"|"Howell"|"F"|"979 Quinn Divide"|"584-759-3696"|"Sub"|"Lee and Sons"|"1928-08-05"
"47f85824-06bc-4c16-b628-6dac73d12ba9"|"Joseph"|"Hicks"|"M"|"830 Barron Hollow"|"213-340-5476x8027"|"Exercise physiologist"|"Liu, Mendez and Mack"|"1992-12-06"
"5d2b8afd-92bb-4006-82f1-705fde65c03a"|"Tammy"|"Ramirez"|"F"|"996 Gabriel Hill Apt. 094"|"266.717.2805x8642"|"Theatre manager"|"Turner Group"|"1985-07-01"
"d2483cb8-befb-401d-a5bc-11ea196b66b7"|"Jessica"|"Gray"|"F"|"334 Thomas Coves Suite 736"|"339.631.6763x32455"|"Textile designer"|"Klein-Nelson"|"1965-10-29"
"155b3ea0-5f1a-45fa-ba50-3adf89c3dfe8"|"Ian"|"Hanson"|"M"|"730 Bruce View Suite 976"|"+1-881-851-6337x06861"|"Ergonomist"|"Hart Inc"|"2008-02-20"
"46c9878f-c2c4-4e6b-9eb0-6938cdfc66eb"|"Erin"|"Crawford"|"F"|"894 Angela Lights"|"001-937-849-1730x1973"|"Scientist, research (physical sciences)"|"Turner-Wilson"|"2001-09-27"
"61a8d986-9cd5-4616-bdff-e917df581a36"|"Joe"|"Bond"|"M"|"776 Welch Walk"|"450-415-6211x947"|"Scientist, research (medical)"|"Mcbride-Foley"|"1922-12-12"
"63af5890-b42f-4e9a-9f64-4c5d6e6c9d3f"|"Melissa"|"Jordan"|"F"|"40 Stacey Via Suite 001"|"299-208-5851x48412"|"Restaurant manager, fast food"|"Henry-Livingston"|"1938-11-27"
"b14b488c-2f73-4e63-bedc-20dd2ef3fc4b"|"Cathy"|"Hayden"|"F"|"299 Montoya Walk Apt. 578"|"754-928-0322x73650"|"Contracting civil engineer"|"Herrera-Rose"|"1963-07-17"
"5473927b-2282-4229-b67a-117bda8856db"|"Tammy"|"Lopez"|"F"|"240 Hernandez Parkways Suite 200"|"554.407.7120x46410"|"Jewellery designer"|"Logan LLC"|"1969-02-04"
"22a754c2-fcf1-4e56-8bae-bfe4863422ce"|"Travis"|"Wallace"|"M"|"698 Donald Village Apt. 289"|"+1-704-889-2736x27022"|"Software engineer"|"Cherry-Santos"|"1950-03-18"
"58e159a3-e42c-4f61-a451-30857672a9de"|"Linda"|"Buchanan"|"F"|"604 Jeffery Isle"|"6339203745"|"Aeronautical engineer"|"Wilson-Smith"|"2013-11-30"
"6746f780-c9c6-49fa-af99-d731cf8f8713"|"John"|"Foster"|"M"|"717 King Land"|"+1-567-317-1740"|"Physicist, medical"|"Gill-Greer"|"1952-03-19"
"4e859f98-b6d8-4545-b2c9-cb9b79a3e646"|"Laura"|"Burton"|"F"|"541 Amber Wells"|"+1-390-494-4744x2492"|"Environmental consultant"|"Leonard Ltd"|"1983-09-12"
"5dd4b560-d854-4cb7-af11-1db03b83295c"|"Jennifer"|"Hughes"|"F"|"391 Lynn Lake Suite 253"|"260-836-1998"|"Records manager"|"Villarreal, Brown and Watson"|"2022-09-21"
"128af9c7-b0f2-45e7-bcbe-d3a41f4cf1ec"|"Dennis"|"Hall"|"M"|"510 Moore Crossroad Apt. 549"|"+1-547-400-5195x45458"|"Training and development officer"|"Kirby Group"|"1956-08-01"
"d13391a1-c396-4e4b-bb54-a4e165cabb86"|"William"|"Ramos"|"M"|"249 Simpson Mill Apt. 030"|"(396)926-5598x47058"|"Clinical biochemist"|"Robinson PLC"|"1916-06-06"
"3bf856dc-5935-41c7-b637-15db549e0b53"|"Cody"|"Smith"|"M"|"982 Randolph Way Suite 427"|"001-398-391-9643x2914"|"Fast food restaurant manager"|"Delgado Group"|"1944-07-09"
"8c2e21be-1e73-4f58-ac05-a15bba22506d"|"Connor"|"Torres"|"M"|"236 Monica Burgs Suite 695"|"860-954-0814x5086"|"Dietitian"|"Jones PLC"|"1919-03-16"
"e44bd8ee-df26-4805-ab32-61d63a4f6609"|"Donna"|"Floyd"|"F"|"549 Morales Gardens Suite 197"|"452.619.8593"|"Therapist, sports"|"Harrell, Hayes and Kelley"|"2009-03-02"
"1f06c053-8eec-45b9-87aa-5485b79204f3"|"Mark"|"Barber"|"M"|"136 Castillo Underpass Apt. 535"|"6304224672"|"Radiographer, therapeutic"|"Gaines, Henry and Johnson"|"1976-07-19"
"b0490613-a923-43f6-8b85-eacd26f49738"|"Angela"|"Velez"|"F"|"425 Hensley Park Suite 873"|"991-784-5970"|"Scientist, product/process development"|"Gross, Carter and Williams"|"1918-03-11"
"b2f56006-cb8a-4ac5-91aa-0be6229544fb"|"Stephanie"|"Foster"|"F"|"871 Parks Trace Suite 497"|"687.671.3506"|"Engineering geologist"|"Dean LLC"|"2019-06-30"
"06b2ff92-4fe8-4e16-bbf6-b42ea6f856c6"|"Daniel"|"Hayden"|"M"|"958 Jennifer Track"|"+1-297-366-6531x18631"|"Licensed conveyancer"|"Herrera-Ortega"|"2001-01-26"
"b17447a6-e3c5-4a51-9510-937b82aaa299"|"Melendez"|"Mitchell"|"M"|"72 Patricia Row"|"830-822-0094"|"Copywriter, advertising"|"Perez Inc"|"2022-09-29"
"804fae15-fd56-425d-9d92-9c8ae9f13a58"|"Joan"|"Mccullough"|"F"|"691 Collins Skyway"|"542-479-3592x973"|"Chemist, analytical"|"Hooper Group"|"1939-03-28"
"9a816222-a7f2-4f66-a065-15a9fa01c3ca"|"Angie"|"Patton"|"F"|"821 Jordan Vista Apt. 756"|"001-776-539-8139x041"|"Radiographer, therapeutic"|"Price-Brown"|"1920-10-08"
"e223d123-30f4-4757-b3c3-fafa8c62856d"|"Troy"|"Young"|"M"|"322 Porter Overpass"|"8402297140"|"Teacher, English as a foreign language"|"Robertson-Murphy"|"1918-09-24"
"08539cdd-60df-4f8e-9ec2-597ef15f493f"|"Cody"|"Christian"|"M"|"174 Johnson Lake"|"963.696.7795"|"Accountant, chartered certified"|"Harrington-Murphy"|"1989-05-26"
"8a899304-c827-456f-9bd0-d41154de77ca"|"Anne"|"Sanders"|"F"|"498 Michael Manor"|"697.545.4618x55159"|"Pilot, airline"|"Marshall, Price and Adams"|"2004-02-26"
"16c53bcf-26ad-4a34-9f78-69837ad92bca"|"Miranda"|"Adams"|"F"|"294 Stacey Via Suite 001"|"001-328-953-9774x6866"|"Garment/textile technologist"|"Griffin Ltd"|"1968-05-12"
"9f4add2d-5f6d-4dfd-9931-08c8b3291b42"|"Adam"|"Ray"|"M"|"134 Simpson Mill Apt. 030"|"6922599741"|"Ecologist"|"Ramirez Inc"|"1965-02-22"
"cf1b8793-9b12-4d9e-a17d-c5dbc17d47ea"|"Wayne"|"Nguyen"|"M"|"845 Tara Inlet"|"+1-628-240-0346x996"|"Engineer, water"|"Howard-Martin"|"1930-04-08"
"6b2bcf94-40df-4d43-ba65-5455d419dfad"|"Jeffery"|"Green"|"M"|"961 Brian Course"|"6468628398"|"Technical author"|"Archer and Sons"|"1909-08-01"
"8c70c0b5-e5a1-41f9-bc19-348ce3a5881c"|"Ronald"|"Phillips"|"M"|"652 Heather Garden Suite 383"|"(240)591-9582"|"Midwife"|"Moran-Smith"|"1993-12-31"
"6cb02ae1-00ab-4c32-8d74-3d2936d253b2"|"John"|"Gonzalez"|"M"|"824 Lee Burgs"|"258-921-9988"|"Barrister's clerk"|"Morton Ltd"|"2014-09-10"
"0b2bfa17-7b42-4add-b276-a091084a6084"|"Jeremy"|"Taylor"|"M"|"962 Randolph Way Suite 427"|"424.559.8245x9767"|"Phytotherapist"|"Jones-Ellis"|"1981-06-29"
"b97f5997-8f79-405c-86f7-6c0a82fe3569"|"Shannon"|"Rice"|"F"|"242 Christopher Tunnel"|"825.910.5164x99889"|"Landscape architect"|"Bryan, Hess and Hill"|"1948-10-02"
"1eee0392-7ab1-497f-8d9d-a411380e52e3"|"Sara"|"May"|"F"|"101 Monica Burgs Suite 695"|"001-251-803-0792x93985"|"Oncologist"|"Andrews, Bell and Rowe"|"1931-07-13"
"c3a19697-eba4-456a-a56c-edd8028f7678"|"Robert"|"Downs"|"M"|"452 Jackson Harbors Suite 257"|"552-956-0055x16819"|"Photographer"|"Anthony-Martin"|"1982-01-04"
"cb3026d9-64de-43e5-8793-7ac24366b48c"|"Mary"|"Christian"|"F"|"304 Jeffery Village"|"895.385.4447x37920"|"Magazine journalist"|"Spears LLC"|"2022-02-17"
"2324f14d-0d7f-42cf-9d3a-4c1ff294bfa8"|"John"|"Mcdowell"|"M"|"986 Ashley Landing"|"220-951-6140"|"Nurse, adult"|"Anderson, Boyle and Smith"|"2013-12-02"
"318f6b98-9864-42a2-a8ce-bd14f70c1570"|"Olivia"|"Villanueva"|"F"|"320 May Rest Suite 582"|"001-664-230-5445"|"Recruitment consultant"|"Holmes, Klein and Reeves"|"1910-12-25"
"aeff37ca-2a1f-47a7-8f2b-dc23b46d8509"|"Patrick"|"Robbins"|"M"|"470 Catherine Cove"|"321.918.0093"|"Microbiologist"|"Johnson, Torres and Lambert"|"1956-01-27"
"2e7901df-3f24-4fa4-b2a1-5956641a3451"|"Richard"|"Rhodes"|"M"|"169 Dakota Extensions"|"307.316.1456x96187"|"Science writer"|"Bailey Inc"|"1970-06-04"
"b4fbc263-3b51-44fd-8183-88ebc8b2585f"|"Mallory"|"Perez"|"F"|"196 Tara Inlet"|"916.314.0265x092"|"Drilling engineer"|"Fischer LLC"|"1972-12-30"
"949cb313-4406-4c5b-8692-ae0f22806b2b"|"Michael"|"Hurley"|"M"|"100 David Passage Suite 979"|"(217)446-8546x7069"|"Museum/gallery curator"|"Brown, Graham and Martinez"|"1938-08-17"
"e9e09768-c2c5-41c9-88b3-e088231648b4"|"Ryan"|"Bryant"|"M"|"761 Jeffery Village"|"550.624.9379x39117"|"Race relations officer"|"Johnson, Salazar and Lopez"|"1950-01-10"
"536eaac9-abf8-445b-ade3-6f9b7eb3b088"|"Sarah"|"Spencer"|"F"|"170 May Rest Suite 582"|"001-283-536-1192"|"Legal executive"|"Cox-Black"|"2012-05-10"
"3eaa6092-b29f-475b-a4a1-b498cf51439a"|"Jesse"|"Bennett"|"M"|"153 Nelson Estate"|"001-238-629-8640x395"|"Field trials officer"|"Taylor, King and Welch"|"2014-08-28"
"f1b00c89-191d-4258-8911-46986a2a821c"|"Shelley"|"Velez"|"F"|"326 Amber Wells"|"+1-534-705-3942x951"|"Museum/gallery conservator"|"Kirk, Brown and Caldwell"|"1953-12-17"
"a8b7197f-cbe3-4775-95e9-a6a6a19f9ca0"|"Molly"|"Perez"|"F"|"756 Tara Inlet"|"(862)851-1468x4249"|"Nutritional therapist"|"Taylor-Lee"|"1948-12-21"
"df64ac87-84cb-4161-b680-aa7407947b79"|"Amy"|"Berry"|"F"|"382 Ortiz Brooks"|"790.599.2147x2158"|"Health and safety adviser"|"Lane PLC"|"1953-09-10"
"6a58c422-1987-4678-b2a0-04f367ed5af5"|"Megan"|"Perez"|"F"|"347 Johnson Throughway"|"(737)472-1204x4017"|"Adult guidance worker"|"Tucker, Petty and Rice"|"1955-04-11"
"e736f3dd-361e-4493-9289-4c5aaa05482c"|"Ryan"|"Martin"|"M"|"446 Barry Shoal Suite 612"|"436.518.9894x352"|"Systems analyst"|"Anderson-Cooper"|"1931-12-18"
"6c81f1a6-e074-4fff-ae0b-12cd8a8faf87"|"Hanson"|"Barnes"|"M"|"324 Colleen Mount"|"(554)687-6376x9432"|"Clinical psychologist"|"Le-Shields"|"2009-04-03"
"66709e83-8b12-4c80-b0ac-67215a7d5836"|"Alan"|"Booth"|"M"|"939 Michelle Isle Apt. 431"|"001-816-919-0003x8147"|"Engineer, mining"|"Braun, Phillips and Casey"|"1968-06-30"
"34ba9fff-cd63-4ca5-a335-9303ee4a077f"|"Darlene"|"Suarez"|"F"|"955 Elizabeth Creek Apt. 423"|"337-439-1442"|"Armed forces logistics/support/administrative officer"|"Collins-Gregory"|"2018-03-18"
"b85f47d4-03c5-418c-b6ec-56887d85fc87"|"Russell"|"Pugh"|"M"|"211 Johnson Throughway"|"(752)820-0098x10244"|"Recruitment consultant"|"Singh, Garcia and Wilson"|"2007-09-16"