"id"|"first_name"|"last_name"|"sex"|"address"|"phone_number"|"profession"|"company"|"date_of_birth"
"a283fc7f-0b2e-4ff9-b372-e65703d66648"|"Michelle"|"Jackson"|"F"|"488 Andrew Street Apt. 107"|"723.698.0840"|"Sports therapist"|"Castillo Inc"|"1982-09-23"
"16bc40ce-6622-47ed-bac7-d521821e32ea"|"Gregory"|"Williams"|"M"|"181 Alexis Run Suite 764"|"405-668-0624"|"Nutritional therapist"|"Parker-Burke"|"1910-12-01"
"17af15ab-eae8-4fb7-b4fc-ac9cbc6c9b34"|"James"|"Barnes"|"M"|"328 Brian Course"|"(457)844-4650"|"Production engineer"|"Reid LLC"|"1918-04-24"
"97da662f-071e-43ae-8297-78c0ea995262"|"Robert"|"Smith"|"M"|"164 Oneal Underpass"|"+1-733-202-6034x380"|"Financial planner"|"Robinson-Davis"|"1965-08-07"
"0c7502c5-8fbf-4872-8ba2-ed6199b40213"|"Judith"|"Phillips"|"F"|"253 May Rest Suite 582"|"623-317-1856x6628"|"Engineering geologist"|"Matthews-Johnson"|"1925-05-25"
"6212e6df-dd69-41e2-8c66-1799f6c18474"|"Karen"|"Harding"|"F"|"497 Lee Burgs"|"604-441-5574"|"Restaurant manager, fast food"|"Brown-Reed"|"1941-03-26"
"08b151b7-0218-4aeb-b615-0fc100d6b010"|"Garrett"|"Burke"|"M"|"692 Jeffrey Run"|"465-346-7947"|"Social research officer, government"|"Yates, Boyd and Webb"|"1998-06-14"
"fcb31c02-71fe-4cc4-b617-1678d61623fc"|"Matthew"|"Patrick"|"M"|"276 Newton Wall"|"+1-277-548-1975x2725"|"Journalist, newspaper"|"Sanchez, Love and Waters"|"1986-09-26"
"4d8da010-4744-40ec-b03d-4fa202d4c44c"|"Gary"|"Bryant"|"M"|"119 Jeffery Village"|"001-399-885-0619x988"|"Arboriculturist"|"Terrell-Nelson"|"1925-12-24"
"5ab15cd3-77b7-4cd5-9e1d-fee24a72a73b"|"Luis"|"Shelton"|"M"|"156 Welch Walk"|"001-262-469-4878x662"|"Museum education officer"|"Johnson Inc"|"2018-11-27"
"a483dcd2-115b-4420-939b-e608e0c8ed33"|"Brian"|"Gates"|"M"|"155 Davis Landing"|"4657950341"|"Health physicist"|"Myers, Hebert and Smith"|"2010-02-25"
"3c14e244-9084-46e3-8268-4e8b3069181f"|"Jason"|"Clark"|"M"|"753 Mills Springs"|"(845)708-9439x741"|"Animator"|"Snyder, Moore and Pearson"|"2012-04-09"
"ff5fca0f-c607-4fa5-9dd5-039566f16b3e"|"Amanda"|"Solomon"|"F"|"754 Jeffery Village"|"+1-600-444-1870x10846"|"Therapist, sports"|"Berg-Valenzuela"|"1952-07-03"
"18b0573c-580e-44fe-bf7c-d4b0aa7d8f21"|"Jeremy"|"Jackson"|"M"|"698 Jonathan Stravenue"|"219-451-3746x618"|"Investment banker, corporate"|"Howard Ltd"|"1984-06-13"
"5ff99711-d4cf-4107-89a3-53d8ff5bd2cc"|"Kelly"|"Ramos"|"M"|"187 Tara Inlet"|"4489197823"|"Insurance broker"|"Moore, Lynch and Petersen"|"1966-01-07"
"1657c305-3df4-4f73-b959-d1b7f574d720"|"Brittney"|"Ryan"|"F"|"507 David Course Apt. 455"|"001-831-819-0495"|"Merchandiser, retail"|"Tate, Tran and Goodwin"|"1981-10-24"
"fd27a420-9286-4c6e-83c4-c7b40489a049"|"Angie"|"Hubbard"|"F"|"626 Warner Circle"|"+1-956-422-3373x68049"|"Exercise physiologist"|"Yoder LLC"|"1955-01-16"
"7a0883e5-e493-442b-8589-1e7258c8d6a0"|"Sabrina"|"Ramirez"|"F"|"543 Jeffery Village"|"274.410.0968"|"Nature conservation officer"|"Fuentes, Ross and Frazier"|"1937-03-12"
"8306d260-2177-4984-83b8-056ac6a8a706"|"Daniel"|"Cunningham"|"M"|"631 Porter Overpass"|"+1-438-804-1009x867"|"Youth worker"|"Price-Reid"|"1952-10-26"
"36f200a7-3b1b-47e1-be29-40f893f33015"|"Marie"|"Osborne"|"F"|"263 Thomas Ford"|"(800)393-0763x788"|"Lawyer"|"Lucas Ltd"|"1976-05-25"
"f7916e96-3564-4f3f-81f6-5ff555f67448"|"Matthew"|"May"|"M"|"362 Jessica Mountains Suite 248"|"567-497-3521"|"Hospital pharmacist"|"Patrick-Anderson"|"1971-12-16"
"34a225a3-5fe3-4d06-804b-aefaa34d24c3"|"Christina"|"Lopez"|"F"|"267 Evans Ports Suite 383"|"872-631-3378x0712"|"Health promotion specialist"|"Rice LLC"|"1934-06-26"
"a8770f22-345b-4681-b7f5-c137b91796fa"|"Danielle"|"Jordan"|"F"|"15 Michelle Isle Apt. 431"|"698.459.8161x93090"|"Town planner"|"Mathews, Cervantes and Kim"|"1958-01-22"
"cb143267-5cb5-4913-9d83-4efe04305418"|"Craig"|"Wilson"|"M"|"507 Michael Circles Suite 720"|"888.335.3773x0123"|"Secretary, company"|"Richards, Clarke and Koch"|"2022-04-22"
"5a6e0db0-1ee3-4110-bd70-763303d75d72"|"Mark"|"Franklin"|"M"|"543 David Passage Suite 979"|"788.826.8948x075"|"Lawyer"|"Reese, Reyes and Diaz"|"1985-12-11"
"482d7ae2-4c26-4ad2-bf38-45d23eaefaad"|"William"|"Perez"|"M"|"363 Brian Course"|"856-851-5831"|"Chief Operating Officer"|"Gibson-Tanner"|"1974-06-19"
"41b8dc4b-8ffe-4a9c-9384-e8d64be8fb2e"|"Jon"|"Ruiz"|"M"|"741 Christopher Ways"|"001-273-464-3568"|"Health physicist"|"Ingram, Wilson and Soto"|"2016-08-14"
"30144c37-567a-4af0-b316-4a808721488e"|"Catherine"|"Mcdowell"|"F"|"523 Yates Harbor Suite 905"|"(945)759-1557x081"|"Magazine features editor"|"Oneal, Burton and Sanchez"|"1950-01-13"
"1729f889-9cb4-4475-ba82-e02501e166c4"|"Melissa"|"Richardson"|"F"|"272 Jacobs Ports Suite 715"|"001-253-308-3207x81787"|"Armed forces technical officer"|"Long and Sons"|"2024-02-24"
"e82ac2ed-a004-4f52-a614-7804000055f1"|"John"|"Moore"|"M"|"948 Collins Skyway"|"+1-978-763-5728x71068"|"Geoscientist"|"Phillips-Mendoza"|"1969-10-01"
"ffbc93d6-715c-470c-9650-f036ee6ca692"|"Jonathan"|"White"|"M"|"232 Barry Shoal Suite 612"|"3869115088"|"Research officer, government"|"Smith Inc"|"1957-08-17"
"fa47400f-3ca1-4907-9728-f58a07a214c2"|"Elizabeth"|"Freeman"|"F"|"689 Charles Mall Apt. 745"|"859.744.0536"|"Neurosurgeon"|"Wilkinson PLC"|"1971-12-21"
"9a09180f-3d2c-4dbc-8ad6-edece96c6756"|"Robert"|"Rodriguez"|"M"|"92 Christopher Ways"|"928.762.1793x215"|"Surveyor, mining"|"Stout Inc"|"1993-05-04"
"09da2b31-6ac9-41fe-b046-505208887fe0"|"Michael"|"Jackson"|"M"|"586 Gray Walks Apt. 075"|"(370)398-0000"|"Freight forwarder"|"Hernandez Ltd"|"1960-11-05"
"78387695-9ef2-4da6-8a55-5028779dcc75"|"Meghan"|"Smith"|"F"|"691 Anderson Port"|"308.222.8172x2354"|"Ergonomist"|"Beck, Parker and Wright"|"1998-12-11"
"025cee4c-b90c-4912-b309-baf1db210ffa"|"Alexander"|"Dunn"|"M"|"722 Lee Burgs"|"980.788.3713x899"|"Conference centre manager"|"Gonzales LLC"|"1976-02-11"
"c8440ded-af80-4548-a8d9-42d65cc4bc6c"|"Matthew"|"Gonzalez"|"M"|"328 Wilson Locks Apt. 694"|"552-926-8800"|"Retail manager"|"Sims, Garcia and Lopez"|"1975-01-15"
"946b2bd4-9bf9-46ba-9168-f12182632e09"|"Austin"|"Spence"|"M"|"347 Matthew Valleys Suite 832"|"001-417-207-6498x99976"|"Recycling officer"|"Jones-Jones"|"1908-10-10"
"921ef523-4dcc-429e-80e7-8c8cfac0e89d"|"Brandon"|"Ryan"|"M"|"70 Warner Circle"|"(430)974-9802x4290"|"Psychotherapist, child"|"Brown PLC"|"1969-07-20"
"96b968f1-b600-4258-87aa-1ad88ddc86a0"|"Robert"|"Reyes"|"M"|"319 Donald Village Apt. 289"|"001-743-408-6985x998"|"Armed forces training and education officer"|"Jimenez, Floyd and Barber"|"2010-10-01"
"a2d94b19-6fd7-4f01-8131-2cf944d7ace4"|"Amanda"|"Mitchell"|"F"|"859 David Passage Suite 979"|"001-459-238-2039x840"|"Restaurant manager, fast food"|"Patterson Group"|"2006-06-02"
"b7d59fd6-abea-4210-9740-734aa86457d2"|"Benjamin"|"Wilson"|"M"|"968 Jonathan Stravenue"|"(201)680-9509x91353"|"Fitness centre manager"|"Galvan-Washington"|"1910-06-29"
"6853cff9-e2fd-4432-92ab-badfd9ab7253"|"Jonathan"|"Dean"|"M"|"572 Tyler Knoll Apt. 752"|"001-730-657-1481x3609"|"Dancer"|"Martin-Howard"|"2014-03-04"
"91ff91b7-e4e2-40cf-84e4-2c841477ed35"|"Sandra"|"Burton"|"F"|"60 Jackson Harbors Suite 257"|"001-601-721-6443x7892"|"Engineer, site"|"Davidson, Phillips and Walton"|"1925-09-01"
"231dedd2-70ef-4868-8263-e4c9604d5f12"|"Paul"|"Mccullough"|"M"|"57 Angela Lights"|"703-590-7449"|"Learning disability nurse"|"Camacho PLC"|"1967-01-04"
"2654bb71-e960-4106-8c5c-8519e5f71f54"|"Albert"|"Hicks"|"M"|"278 David Course Apt. 455"|"001-617-683-7533"|"Teacher, early years/pre"|"Marshall, Moore and Rocha"|"1968-08-20"
"69d37af2-8e72-4774-9fc9-7c6dc0180482"|"Elizabeth"|"Wood"|"F"|"288 Davenport Fords"|"867.688.6976x9008"|"Senior tax professional/tax inspector"|"Munoz and Sons"|"1940-05-04"
"b2fc57de-7849-4e0b-9846-0dec90ee212b"|"Brian"|"Jackson"|"M"|"954 Jeffery Village"|"(868)758-5513"|"Health and safety inspector"|"Francis, Love and Jimenez"|"1953-01-02"
"fc4a06ab-7eb0-4dc9-b399-668cc1cda062"|"Paul"|"Suarez"|"M"|"818 Randolph Way Suite 427"|"001-939-920-8698x9931"|"Wellsite geologist"|"Garrison, Adams and Collins"|"1980-07-25"
"c1716fea-25cd-42fc-b594-d760b71f13eb"|"John"|"Simon"|"M"|"247 Danielle Estates"|"676-786-5121x4371"|"Charity officer"|"Washington Ltd"|"1926-02-03"
"89ff90b7-ce84-4ef1-9a48-c0bcacd06509"|"Daniel"|"Jackson"|"M"|"386 Evans Ports Suite 383"|"(260)620-0255"|"Production designer, theatre/television/film"|"Greer-White"|"1921-03-22"
"24b0b8f4-f022-478f-b416-ea4ae8978bc0"|"Amanda"|"Christian"|"F"|"121 Welch Walk"|"395.907.8127"|"Applications developer"|"Scott-Alexander"|"1985-06-26"
"b67c2614-39c5-4ebe-8ab8-00ac3b729b22"|"Emily"|"Rice"|"F"|"230 Lynn Lake Suite 253"|"538.373.5700"|"Community education officer"|"Cook, Rogers and Novak"|"1982-09-27"
"4f66866f-b2e7-4245-b2fe-c9a54ef45225"|"David"|"Gomez"|"M"|"602 Tim Avenue Apt. 437"|"(531)605-4357x25899"|"Outdoor activities/education manager"|"Carpenter and Sons"|"1918-02-27"
"8a0caff5-ec6f-443c-be9a-63e0469b4210"|"Christopher"|"Torres"|"M"|"301 Angela Lights"|"001-484-262-0800x46799"|"Risk analyst"|"Contreras Inc"|"1930-08-31"
"04c5e4c3-a45f-4fdd-97d8-a13e1bb6eff5"|"Andrew"|"Nguyen"|"M"|"703 Catherine Cove"|"+1-552-319-6734x5563"|"Customer service manager"|"Lawson Ltd"|"1994-03-17"
"f6c5a356-fb86-42e4-8bf7-bfb40dd16eba"|"Michael"|"Spencer"|"M"|"215 King Land"|"(346)696-0979"|"Education officer, museum"|"Bradley-Hamilton"|"1910-03-08"
"dab154fe-558a-44f4-a12d-8b09c8ff4e16"|"Jennifer"|"Saunders"|"F"|"559 Patricia Trafficway Apt. 188"|"443.374.4118"|"Armed forces training and education officer"|"Brown-Brown"|"1946-11-20"
"3961c8e4-393f-451c-9f18-5bf18c33a758"|"Melissa"|"Foster"|"F"|"873 Matthew Keys"|"+1-878-569-8047x094"|"Health promotion specialist"|"Stewart LLC"|"1967-05-07"
"9ef9677c-318e-4b56-97bd-73d2070edd04"|"David"|"Brown"|"M"|"4 Heather Garden Suite 383"|"5853342444"|"Dispensing optician"|"Hernandez and Sons"|"1983-05-12"
"bf97fe37-4971-4158-8503-6f4b4bed64c4"|"Michael"|"Smith"|"M"|"382 Tim Avenue Apt. 437"|"+1-957-754-9572x4431"|"Designer, ceramics/pottery"|"Ellis-Villarreal"|"1909-01-01"
"465b0aa3-f235-4782-8a3d-cc009c0bf783"|"Lindsay"|"Zhang"|"F"|"427 Patricia Trafficway Apt. 188"|"9944723527"|"Microbiologist"|"Murphy-Phillips"|"1965-06-13"
"5f5d0d82-db8b-49a8-add8-f925bbe8b2a1"|"Myers"|"Harris"|"M"|"980 Wyatt Pike Suite 863"|"939.813.0344"|"Glass blower/designer"|"Sharp-Williams"|"1983-02-11"
"7270a59f-0353-4ee6-9561-5f42dcd5c7cc"|"Mark"|"Smith"|"M"|"597 Johnson Plains Suite 376"|"8503642031"|"Transport planner"|"Sparks, Cervantes and Lopez"|"2005-10-06"
"885493d3-46d8-40c4-a8a5-9803ca95c52f"|"Patricia"|"Ruiz"|"F"|"243 Hernandez Parkways Suite 200"|"+1-962-548-3998x81744"|"Toxicologist"|"Zamora PLC"|"2016-08-06"
"d3a5cb57-2ed9-44b9-a5ce-44ebefc7321e"|"Jacqueline"|"Zimmerman"|"F"|"147 Bruce View Suite 976"|"+1-584-944-8791x439"|"Immunologist"|"Mcbride Group"|"1990-06-07"
"26ab1da5-6e50-4839-be3c-3ec34972ac91"|"Ryan"|"Spence"|"M"|"998 Ross Camp Apt. 134"|"310.840.2502x20180"|"Aeronautical engineer"|"Barron-Levine"|"1993-08-17"
"69a4c979-dc5b-43af-babe-65cab010d115"|"Peter"|"Buchanan"|"M"|"928 Nicole Via"|"886.242.9858"|"Pensions consultant"|"Garner PLC"|"1991-05-23"
"948d93ce-acbd-4c0d-84f4-1f632ee99af9"|"Monica"|"Ryan"|"F"|"590 Hensley Park Suite 873"|"+1-241-626-9149x10187"|"Chief Financial Officer"|"King-Guerrero"|"1922-06-09"
"b0646adc-5260-49fb-9763-28cb5ea7483e"|"Johnny"|"Green"|"M"|"506 Jeffery Village"|"001-416-698-4136"|"Video editor"|"Collins, Bender and Thomas"|"1961-11-17"
"a428bd87-3c40-4291-b21c-94662832a9fb"|"Michael"|"Holmes"|"M"|"846 Banks Curve Apt. 123"|"790.754.7690"|"Community education officer"|"Simon, Finley and Owens"|"1940-06-25"
"eb0c4c4d-986d-4ade-befa-3587e5b5202d"|"Angela"|"Hooper"|"F"|"260 Garcia Road Suite 143"|"+1-517-555-6882x848"|"Producer, radio"|"Cook Ltd"|"1910-02-12"
"daed57a0-0aa7-4450-bd93-a040c2a4f4ef"|"Anthony"|"Garner"|"M"|"506 Elizabeth Creek Apt. 423"|"+1-806-857-8384x750"|"Technical brewer"|"Mack, Alvarado and Williams"|"2019-02-28"
"dee86eb9-8f45-416d-b990-a2e48a038a10"|"Rebecca"|"Gillespie"|"F"|"283 Troy Centers"|"676.424.2427x31947"|"Training and development officer"|"Fields Ltd"|"2014-07-16"
"e33749dd-58d9-4a00-a6e7-f8b17975ce8a"|"Edward"|"Zuniga"|"M"|"26 Alexis Run Suite 764"|"850-840-7197"|"Surveyor, building"|"Cox, Jordan and Herrera"|"1943-11-19"
"21d6397f-f3c5-4a20-9007-5565bbedae6e"|"Lauren"|"Mitchell"|"F"|"957 Jennifer Track"|"656.312.2337"|"Recruitment consultant"|"Hoffman-Evans"|"1938-12-21"
"705f2329-eed6-470d-83de-0aaaed5f34b9"|"Angel"|"Castaneda"|"F"|"571 Jackson Harbors Suite 257"|"+1-352-386-7383x195"|"Education officer, community"|"Johnson Inc"|"2006-04-29"
"d0235d3c-976c-4aa5-93a4-b72b0501b65e"|"Andrea"|"Jackson"|"F"|"324 Colleen Mount"|"618-322-8653x901"|"Civil Service administrator"|"Knight, Esparza and Calhoun"|"2015-05-07"
"04669508-8cec-4aa2-be40-066f1e9cadd1"|"Victoria"|"Mills"|"F"|"601 Jackson Harbors Suite 257"|"250.755.2383x9714"|"Drilling engineer"|"Cannon Group"|"1928-06-11"
"025a5e5f-6754-4ba0-910f-2f6ab1d74c3a"|"Rodney"|"Jones"|"M"|"962 Barron Hollow"|"(783)333-3853"|"Cytogeneticist"|"Costa Inc"|"2008-05-20"
"141fdbc0-4ce4-4768-8c74-06680db3b331"|"Lisa"|"Roberts"|"F"|"5 Nelson Estate"|"(276)456-7827x752"|"Furniture designer"|"Mcdaniel, Shelton and Miller"|"1991-10-23"
"aef0b969-278a-4bbb-a108-00fd41c23f28"|"Jordan"|"Freeman"|"M"|"208 Kari Alley Suite 131"|"2332424384"|"Podiatrist"|"Barrera, Hudson and Delgado"|"1964-08-12"
"e1b55163-68df-4994-aef4-c89a8f653b77"|"Marcus"|"Lynch"|"M"|"730 Matthew Valleys Suite 832"|"6775415015"|"Fish farm manager"|"Jones-Rodriguez"|"1985-11-26"
"f59e3ef0-0b00-4778-84ff-fb3fb12b16d1"|"Marissa"|"Wilson"|"F"|"525 Cox Turnpike Apt. 083"|"(778)628-5413x8620"|"Manufacturing engineer"|"Berry-Walker"|"1993-12-12"
"ba7979a8-b320-4c7c-909c-2a6e2bf348c7"|"Diana"|"Young"|"F"|"99 Jeffrey Run"|"733.928.5095x326"|"Barista"|"King, Davis and Howard"|"1963-08-09"
"46583859-8ea4-49c1-af87-72aa00c3b243"|"Robert"|"Russell"|"M"|"955 Smith Avenue Apt. 759"|"275.212.7325x14709"|"Adult guidance worker"|"Powers, Ray and Lopez"|"1935-05-17"
"09b50a6d-fee2-448b-b036-b354cb42ac81"|"Barbara"|"Young"|"F"|"411 Robert Way"|"(745)621-5794"|"Animal technologist"|"Mayo and Sons"|"1981-11-22"
"ebd614cd-8cd7-488b-9866-df934239d8f1"|"Valerie"|"Wilson"|"F"|"549 Lewis Trace"|"894.542.7381"|"Building control surveyor"|"Phillips-Davis"|"1952-02-07"
"8d1330e4-89bb-44c7-bf71-dd5d651cb432"|"Alexandra"|"Jackson"|"F"|"263 Cooley Dam Apt. 601"|"001-361-321-0592x4995"|"Occupational hygienist"|"Cervantes, Drake and Fox"|"1987-10-10"
"e3f10d23-bb6f-44f1-959b-30cccfee7b20"|"David"|"Pena"|"M"|"229 Shepard Bridge"|"241.781.3908x4971"|"Customer service manager"|"Miller Inc"|"1919-03-18"
"01d77eb9-afc6-4059-8ced-2a435efff859"|"Ronald"|"Roy"|"M"|"643 Michael Manor"|"+1-850-696-9416"|"Trading standards officer"|"Roberts, Hughes and Barnes"|"1986-02-05"
"373282fb-0693-417d-afbf-2642abe46ae6"|"Williams"|"Moore"|"M"|"969 Brown Canyon Apt. 503"|"830-264-0706x357"|"Buyer, retail"|"Camacho, Nielsen and Miller"|"1991-02-15"
"eaf7fbdf-81bc-4674-adad-e024bafd1f62"|"Kelly"|"Downs"|"F"|"694 Brian Course"|"(278)383-4046"|"Research scientist (life sciences)"|"Molina-Shelton"|"1936-01-15"
"3bbe641e-8f57-45e5-a445-c57962ab5c29"|"Jessica"|"Garcia"|"F"|"990 Hood Loop Apt. 276"|"+1-425-526-5237"|"Location manager"|"Becker, Brewer and Crawford"|"1962-02-22"
"abc78286-893f-4f51-a21b-574000c4fc0f"|"Douglas"|"Harrison"|"M"|"908 Luna Loop"|"001-464-992-3733x857"|"Water quality scientist"|"Thomas, Rivera and Bradley"|"1928-02-23"
"2cc9e602-cccb-43fd-9017-e860176c29c2"|"Vincent"|"May"|"M"|"812 Hensley Park Suite 873"|"(214)231-7335"|"Geoscientist"|"Ford, Rosales and Lewis"|"1908-05-23"
"3056a807-daff-4919-97d4-e40a3937d7dc"|"Robert"|"Gallagher"|"M"|"598 Jacobs Ports Suite 715"|"001-216-984-2005x04879"|"Higher education careers adviser"|"Ayala LLC"|"1976-08-27"
"c762ac27-a9a2-4edb-b144-c07c2374a1c8"|"Regina"|"Morrison"|"F"|"126 Jeffrey Run"|"001-838-995-0882"|"Designer, graphic"|"Shaffer-Davis"|"1923-01-31"
"c1c8a2c4-b493-429c-83a2-3d92de8450f7"|"Thomas"|"Zuniga"|"M"|"135 Anderson Port"|"875.271.2650x282"|"Diplomatic Services operational officer"|"Brennan, Clark and Martinez"|"1914-10-21"
"c1112aba-af77-4c6e-a598-52cf4b422389"|"Joseph"|"Barnes"|"M"|"585 Robert Way"|"+1-284-357-1982"|"Hospital pharmacist"|"Torres-Walter"|"1957-11-04"
"36450efb-d355-4f13-82dc-a6623f54dde6"|"Harry"|"Conway"|"M"|"16 Jordan Vista Apt. 756"|"249.387.6493x486"|"Immunologist"|"Fischer LLC"|"1909-03-01"
"e87b14da-091c-4a74-965a-bd7f4d783706"|"John"|"Smith"|"M"|"242 Hart Estates Suite 718"|"536-384-5390x59663"|"Investment banker, operational"|"Murphy PLC"|"1911-07-04"
"6bb5a4a5-225d-41eb-a730-1ca1f6903cb8"|"Karen"|"Drake"|"F"|"694 Wilson Locks Apt. 694"|"+1-289-534-5102"|"Armed forces operational officer"|"Moore, Marquez and Lopez"|"1913-05-14"
"44170154-8358-453c-ad31-6b7b71334d1f"|"Brian"|"Gonzales"|"M"|"779 Welch Walk"|"001-405-861-3320x4356"|"Artist"|"Smith, Garcia and Logan"|"1945-12-23"
"81f938c4-8c35-460a-b60c-25e82fa6ce61"|"Donna"|"Cooke"|"F"|"922 Charles Extension Apt. 046"|"+1-321-220-5831x2150"|"Engineer, mining"|"Wheeler-Gutierrez"|"2014-12-17"
"ff11fc84-3c81-4f0d-9ca7-93fd38e686f4"|"Julie"|"Christian"|"F"|"964 Bailey Trail"|"(570)466-2572x22046"|"Web designer"|"Rose and Sons"|"1947-04-20"
"299e8db5-1000-48e4-a1a1-e28be8016a69"|"Gail"|"Drake"|"F"|"374 Warner Circle"|"200-960-2213"|"Medical illustrator"|"Guzman-Adams"|"2021-01-05"
"4364e008-7823-43a4-84ea-668b4599fa0c"|"Bradley"|"Espinoza"|"M"|"24 Rosario Loop"|"8632613584"|"Dance movement psychotherapist"|"Lambert-Erickson"|"1932-02-02"
"2f39333c-40ce-439f-b605-c531d78711ca"|"Colton"|"Moore"|"M"|"195 John Fall Apt. 476"|"424-221-9289x170"|"Runner, broadcasting/film/video"|"Romero-Hood"|"1948-11-15"
"65e7ec67-0362-4484-9a10-c8d0e452ae61"|"Heather"|"Peterson"|"F"|"888 Scott Valleys Suite 598"|"386.475.6091x3487"|"Librarian, academic"|"Rivas-Morales"|"2016-10-22"
"0418bc0c-30c9-48d4-9b5f-4440d686a131"|"Erica"|"May"|"F"|"230 Dakota Extensions"|"670.200.7739"|"Firefighter"|"Bryan-Andrade"|"2004-04-10"
"faa43d34-b504-4bde-a0d3-0cbd3b0e60d3"|"Julia"|"Jones"|"F"|"501 Donald Village Apt. 289"|"374-222-7535x77706"|"Risk manager"|"Thomas-Collins"|"1908-10-21"
"73d7e2c9-7c4a-48ca-bf50-ee1df7f3148a"|"Erin"|"Buchanan"|"F"|"706 Colleen Mount"|"001-677-328-5516"|"Clinical embryologist"|"Walker-Thomas"|"1985-02-24"
"183e25e9-fa3d-42ae-85e3-5705802dba41"|"Laura"|"Howard"|"F"|"755 Jacobs Ports Suite 715"|"(537)536-4164x5604"|"Call centre manager"|"Perez, Johnson and Ross"|"1909-02-09"
"cecac6f6-4203-47d6-b8a3-90b9c69a47da"|"Lisa"|"Johnson"|"F"|"215 Arnold Cliffs"|"(726)485-6434"|"Systems analyst"|"Robinson, Bond and Soto"|"1918-04-15"
"2f422cf5-9967-4caa-b354-45bb35283ccc"|"Christopher"|"Rivera"|"M"|"606 Gray Walks Apt. 075"|"+1-399-740-1651x60137"|"Engineer, biomedical"|"Wright, Small and Lawrence"|"1973-03-05"
"bfddf157-c3ca-4996-a3c9-4ab2cde41c98"|"Jennifer"|"Ramirez"|"F"|"930 Weaver Haven"|"505.637.1884x68647"|"Accounting technician"|"Gutierrez-Stewart"|"1941-08-06"
"6e68c6a6-817c-464e-a113-2d679be97e8b"|"William"|"Freeman"|"M"|"460 Thornton Land Suite 697"|"+1-357-606-6526x61169"|"Surgeon"|"Huerta, Banks and Wilson"|"2009-01-24"
"1b2e61ab-994b-4653-8129-abc8b26db71a"|"Stephanie"|"Moore"|"F"|"132 Jeffrey Run"|"865.279.7519"|"Engineer, manufacturing systems"|"Richardson-Dennis"|"1986-12-06"
"495834c6-c0ff-4f3d-80e2-94face59ab45"|"Amy"|"Blair"|"F"|"848 Matthew Keys"|"001-776-350-4849x32237"|"Multimedia specialist"|"Schwartz, Hall and Gonzales"|"1958-01-01"
"14c7c6b5-23b6-4470-82e0-ba001a19539c"|"Kari"|"Baxter"|"F"|"145 Rachel Pine"|"943-659-6113"|"IT technical support officer"|"Davis, Chapman and Hull"|"2012-09-25"
"a4a62b03-5a65-472c-818c-b9b3a3eb7ad9"|"Brian"|"Gardner"|"M"|"820 Jonathan Stravenue"|"001-750-845-0274x5164"|"Land"|"Anthony, Bowman and Lee"|"2010-05-27"
"7863a0e1-9d09-4f81-a8a3-8455291046c3"|"Chris"|"Johnson"|"M"|"325 Bruce View Suite 976"|"+1-514-410-7843x6399"|"Planning and development surveyor"|"Morgan-Bell"|"1963-04-28"
"32b2732a-f9c7-4ffa-b439-cb0e6bc8a40c"|"Holmes"|"Drake"|"M"|"5 Matthew Valleys Suite 832"|"3805483717"|"Politician's assistant"|"Wagner Inc"|"1966-11-22"
"8b646552-bab0-43c9-98d8-c3e38c988e92"|"Brent"|"Reyes"|"M"|"76 Julia Station"|"840.338.8951x541"|"Quality manager"|"Sanchez-Cunningham"|"1912-04-16"
"08302bcb-73dc-431e-bd52-01175bb72c92"|"Bryan"|"Roberts"|"M"|"495 Tim Avenue Apt. 437"|"(200)974-3383"|"Magazine journalist"|"Norton LLC"|"2001-05-05"
"684071fc-61a6-4242-b99e-efae714991f3"|"Heather"|"Garrison"|"F"|"765 Nelson Estate"|"+1-662-458-8011"|"Advice worker"|"Sanchez PLC"|"1916-09-01"
"a178baa0-48af-496b-9c42-3e192012528e"|"Thomas"|"Mcdowell"|"M"|"281 David Passage Suite 979"|"824.401.4994x17550"|"Technical author"|"Torres, Anderson and Sherman"|"1935-07-23"
"853ad2a5-7d9a-411e-8d94-56da4a06eca1"|"Kevin"|"Matthews"|"M"|"956 Brown Canyon Apt. 503"|"+1-629-962-7661"|"Community development worker"|"Hill Group"|"1988-12-12"
"2e1d6f94-34d2-483b-80db-34b0116f4859"|"Matthew"|"Clark"|"M"|"820 Tyler Knoll Apt. 752"|"690-482-8179x9355"|"Engineer, manufacturing"|"Vargas Inc"|"1973-09-15"
"bce5ecd1-4f0b-4052-9f98-b33fe5baaca0"|"Chelsea"|"Howard"|"F"|"960 Jeffery Isle"|"+1-778-479-4549"|"Geologist, wellsite"|"Brown LLC"|"1924-08-06"
"d0b249f3-7ecf-41a8-9aab-aaa579e51a53"|"Vanessa"|"Richardson"|"F"|"662 Yvette Loop"|"5027045363"|"Engineer, materials"|"Martinez, Powell and Horton"|"2018-07-19"
"d05f6484-8b9a-4ff2-8141-555e2e2e2460"|"Steven"|"Suarez"|"M"|"818 Luna Loop"|"(725)652-1833x5682"|"Geologist, wellsite"|"Dodson, Silva and Cooley"|"2022-12-15"
"4deb05bb-e634-4b46-affc-8b437aa2c2dc"|"Jose"|"Smith"|"M"|"371 Martin Field"|"272.406.2852x390"|"English as a second language teacher"|"Mcdowell-Nichols"|"1972-10-08"
"202b9664-029f-4d28-9ca9-10dd88ec47df"|"Kimberly"|"Matthews"|"F"|"492 Donald Village Apt. 289"|"(500)741-9100x425"|"Actor"|"Lopez-Cherry"|"1977-02-11"
"9b0d5f02-dec9-4d51-9ff0-a63e10920024"|"Kylie"|"Freeman"|"F"|"90 Morales Gardens Suite 197"|"(434)566-0270x5361"|"Medical sales representative"|"Mitchell-Watkins"|"2006-05-06"
"bacbbe8b-e084-4c83-9ccf-d773f15ddd77"|"Gavin"|"Reyes"|"M"|"331 Montoya Walk Apt. 578"|"001-618-527-7985x466"|"Leisure centre manager"|"Sullivan PLC"|"1921-06-05"