<?xml version="1.0" encoding="UTF-8" ?><automobiles><automobile><person_id>66e76d97-31ab-4c09-bb02-1f3cbb6731e1</person_id><license_plate>EN 8394</license_plate><vin>CSEE832L31ZTFAMVJ</vin><color>Lime</color><year>1978</year></automobile><automobile><person_id>66e76d97-31ab-4c09-bb02-1f3cbb6731e1</person_id><license_plate>WYZ W14</license_plate><vin>K1T1C9W82A265GGHB</vin><color>Ivory</color><year>2002</year></automobile><automobile><person_id>15523860-a086-4cc1-9817-307a2c04f3b3</person_id><license_plate>6F 3Y0CYU</license_plate><vin>0F9YVKZJ8SWLXGVYC</vin><color>SeaShell</color><year>1984</year></automobile><automobile><person_id>15523860-a086-4cc1-9817-307a2c04f3b3</person_id><license_plate>5G BP536</license_plate><vin>WJPNG0C75PX54PV3V</vin><color>LightSalmon</color><year>1994</year></automobile><automobile><person_id>15523860-a086-4cc1-9817-307a2c04f3b3</person_id><license_plate>YOM 725</license_plate><vin>ELSUHYC64RN7G6S2L</vin><color>CornflowerBlue</color><year>2006</year></automobile><automobile><person_id>4ef2a6f0-1ea2-4b0b-88d3-bef70cc55106</person_id><license_plate>7-44592</license_plate><vin>ZGB478PD1YJK8PHVA</vin><color>MediumPurple</color><year>1979</year></automobile><automobile><person_id>4ef2a6f0-1ea2-4b0b-88d3-bef70cc55106</person_id><license_plate>9C 7721H</license_plate><vin>DWT12LWRXEXWP9P1L</vin><color>HotPink</color><year>2000</year></automobile><automobile><person_id>1ff2c8e1-4c6f-4570-a218-98096692836c</person_id><license_plate>8-60507</license_plate><vin>3ME0TJ7E1K36ACF5B</vin><color>GhostWhite</color><year>2011</year></automobile><automobile><person_id>c9796a72-79a4-46a4-b5d4-e6192bafd495</person_id><license_plate>122-HQH</license_plate><vin>0UT5NGCSXAFV7H7BH</vin><color>Chocolate</color><year>2023</year></automobile><automobile><person_id>c9796a72-79a4-46a4-b5d4-e6192bafd495</person_id><license_plate>O 557088</license_plate><vin>FJHA5Z567LVD999NN</vin><color>Cyan</color><year>1986</year></automobile><automobile><person_id>8b694e63-3855-475e-954a-019d73d9f1d9</person_id><license_plate>ZBX 044</license_plate><vin>GYV4BWPCX5ZW99U5C</vin><color>Indigo</color><year>2023</year></automobile><automobile><person_id>cf46fc92-0698-4d50-8615-b1698f1cb91f</person_id><license_plate>SBX 961</license_plate><vin>6GR4XEPV3TVUL0PPP</vin><color>LightGray</color><year>1982</year></automobile><automobile><person_id>cf46fc92-0698-4d50-8615-b1698f1cb91f</person_id><license_plate>645 5UM</license_plate><vin>JXUWB5C63Z77XMRU1</vin><color>MistyRose</color><year>2011</year></automobile><automobile><person_id>581c025e-ae86-4072-926f-69014ff34494</person_id><license_plate>LKC-256</license_plate><vin>54CJVSVV1W3YYU7H5</vin><color>YellowGreen</color><year>1988</year></automobile><automobile><person_id>78c3e74a-0ed0-434f-bf58-d3ad2bd8215b</person_id><license_plate>314-VBOO</license_plate><vin>36YTBXKZ927R56451</vin><color>GreenYellow</color><year>2016</year></automobile><automobile><person_id>78c3e74a-0ed0-434f-bf58-d3ad2bd8215b</person_id><license_plate>9HWV 39</license_plate><vin>AZ9FDWW034CBN7K2F</vin><color>DarkMagenta</color><year>1988</year></automobile><automobile><person_id>78c3e74a-0ed0-434f-bf58-d3ad2bd8215b</person_id><license_plate>3NC8981</license_plate><vin>AY3AF4ET5WRXL4VNF</vin><color>GreenYellow</color><year>2001</year></automobile><automobile><person_id>451aef7b-8f7a-418b-9769-73ec4641ff7b</person_id><license_plate>ZFE 705</license_plate><vin>1WM4BKV65199EBYX4</vin><color>HotPink</color><year>1986</year></automobile><automobile><person_id>e6d1897a-52a2-4b7c-a33d-344eccbae7a4</person_id><license_plate>QNC 1565</license_plate><vin>JS354SYP5CKYYFTM8</vin><color>ForestGreen</color><year>2021</year></automobile><automobile><person_id>98c6fd41-4053-4a91-a128-0ea813a513f7</person_id><license_plate>859Z</license_plate><vin>LFL73KU2X735UL2TD</vin><color>Magenta</color><year>2005</year></automobile><automobile><person_id>f97e97f2-36ce-47d1-ba4a-c86771bf4562</person_id><license_plate>ANM 398</license_plate><vin>32PNJV8MXL9613SHV</vin><color>GhostWhite</color><year>2001</year></automobile><automobile><person_id>f97e97f2-36ce-47d1-ba4a-c86771bf4562</person_id><license_plate>17DD997</license_plate><vin>P08A8YP6173XHKA7Y</vin><color>BurlyWood</color><year>2004</year></automobile><automobile><person_id>979bbdd1-4750-43ea-b0d2-6d1db9e15b05</person_id><license_plate>9TH P90</license_plate><vin>98SCDAPX3XWWNFABC</vin><color>OliveDrab</color><year>1984</year></automobile><automobile><person_id>58db1776-3f1c-41e3-aaf7-6be08b96f63a</person_id><license_plate>9-7139C</license_plate><vin>NLDHURAK9CSK3RXST</vin><color>ForestGreen</color><year>1970</year></automobile><automobile><person_id>70d5c56b-1c74-436d-80be-e84769ac85d9</person_id><license_plate>A 427337</license_plate><vin>41J4W5F04C83RYY7P</vin><color>GoldenRod</color><year>1989</year></automobile><automobile><person_id>70d5c56b-1c74-436d-80be-e84769ac85d9</person_id><license_plate>292 IRK</license_plate><vin>JZV34XL27L3PE55HP</vin><color>Plum</color><year>1975</year></automobile><automobile><person_id>06baccd9-8d4a-4daa-92a9-f891c2e8ee4e</person_id><license_plate>4V 60937</license_plate><vin>B9UGLAL121W18035A</vin><color>DarkSlateBlue</color><year>2019</year></automobile><automobile><person_id>06baccd9-8d4a-4daa-92a9-f891c2e8ee4e</person_id><license_plate>62-ZC64</license_plate><vin>T1KUBMVV2ZJBEBT2T</vin><color>Black</color><year>1993</year></automobile><automobile><person_id>e35de39c-1c27-4a30-b049-c9e6c6ecea09</person_id><license_plate>RGD A24</license_plate><vin>YMARCHR77UMM08UHB</vin><color>LemonChiffon</color><year>2020</year></automobile><automobile><person_id>e35de39c-1c27-4a30-b049-c9e6c6ecea09</person_id><license_plate>VJM 502</license_plate><vin>FYFWYHT452LGH17ZR</vin><color>Magenta</color><year>1981</year></automobile><automobile><person_id>2a0f74d2-6a05-4189-8ab6-68d2b6c881e1</person_id><license_plate>ZKY6847</license_plate><vin>U8KTZANU45N4NV0FE</vin><color>MediumVioletRed</color><year>2019</year></automobile><automobile><person_id>2a0f74d2-6a05-4189-8ab6-68d2b6c881e1</person_id><license_plate>9DW Z97</license_plate><vin>DH32UTSK650V3C1C6</vin><color>Azure</color><year>1986</year></automobile><automobile><person_id>2a0f74d2-6a05-4189-8ab6-68d2b6c881e1</person_id><license_plate>599KJM</license_plate><vin>DXR2TUDA60VUPGXMD</vin><color>Ivory</color><year>1993</year></automobile><automobile><person_id>b2cda2c7-9c3c-4a02-b423-97b692e74fce</person_id><license_plate>MJS 644</license_plate><vin>5UA5ZAZT6SE7T91FA</vin><color>AliceBlue</color><year>1982</year></automobile><automobile><person_id>f23a8e6f-f9db-454a-93e9-66c9be81cce6</person_id><license_plate>4VI L56</license_plate><vin>AHARM2YJ245VPMAKM</vin><color>CornflowerBlue</color><year>1972</year></automobile><automobile><person_id>f23a8e6f-f9db-454a-93e9-66c9be81cce6</person_id><license_plate>6IT V14</license_plate><vin>G3DGMXF67US5MPUY8</vin><color>LightSkyBlue</color><year>2009</year></automobile><automobile><person_id>f15f0012-2797-48eb-a8db-26ce85c7d387</person_id><license_plate>0LT6732</license_plate><vin>VRTEDHEE3NLFLFP8M</vin><color>DarkMagenta</color><year>2018</year></automobile><automobile><person_id>169f0d05-2afc-4765-bd21-5cf81402dc82</person_id><license_plate>URI 589</license_plate><vin>74SW22P033CTTP02S</vin><color>Ivory</color><year>2023</year></automobile><automobile><person_id>169f0d05-2afc-4765-bd21-5cf81402dc82</person_id><license_plate>20M•370</license_plate><vin>VWYYW2XV1CWW8K1G5</vin><color>Blue</color><year>1996</year></automobile><automobile><person_id>9b85038a-e89d-423b-884d-2828ee2b1ef0</person_id><license_plate>IN 59352</license_plate><vin>HKK08SMN3LVSZRXHX</vin><color>DeepSkyBlue</color><year>2006</year></automobile><automobile><person_id>974df8b7-1889-431d-9869-490fce664619</person_id><license_plate>GGG 086</license_plate><vin>9ZCN338B1W1JSJJ96</vin><color>ForestGreen</color><year>2005</year></automobile><automobile><person_id>974df8b7-1889-431d-9869-490fce664619</person_id><license_plate>86-00449</license_plate><vin>T7DYMNGR8S9TTF0UH</vin><color>DarkSlateBlue</color><year>1987</year></automobile><automobile><person_id>5dbb6625-12be-4eff-808b-f84448cbcb23</person_id><license_plate>42-KH24</license_plate><vin>23H2UX4GX0BRGUKW9</vin><color>YellowGreen</color><year>2007</year></automobile><automobile><person_id>731ad16d-ef43-4440-bec2-92145fa3de1c</person_id><license_plate>451S</license_plate><vin>8FCGFCJM2NTHLU71X</vin><color>DarkRed</color><year>2002</year></automobile><automobile><person_id>731ad16d-ef43-4440-bec2-92145fa3de1c</person_id><license_plate>4A K5946</license_plate><vin>W0HGHD021FCC8ZKB9</vin><color>MediumSpringGreen</color><year>1972</year></automobile><automobile><person_id>d2474b5f-6184-4e90-a7e1-1b9f7815f80d</person_id><license_plate>4XD D66</license_plate><vin>XWP6PDBBX6VT5D9X8</vin><color>LightGoldenRodYellow</color><year>2019</year></automobile><automobile><person_id>3d32bfff-43f2-42b6-841f-10fb9425e85e</person_id><license_plate>7Y V8359</license_plate><vin>MK9UYLE09ZN41X8ZZ</vin><color>MidnightBlue</color><year>2005</year></automobile><automobile><person_id>84d5ed65-5305-4d5e-b8dd-0c525eb5399d</person_id><license_plate>71-KK55</license_plate><vin>WRFEMTGD3KL08T0V3</vin><color>Cornsilk</color><year>2017</year></automobile><automobile><person_id>8cedba54-376e-417a-89d6-75ecad3c4026</person_id><license_plate>92-75570</license_plate><vin>UXD4JDG36M1AY48F2</vin><color>Azure</color><year>2008</year></automobile><automobile><person_id>0e756f65-14f8-4e95-98b2-1e8b876d832f</person_id><license_plate>5RI P05</license_plate><vin>4062MWKR0W9JGE7VJ</vin><color>Lavender</color><year>1977</year></automobile><automobile><person_id>0e756f65-14f8-4e95-98b2-1e8b876d832f</person_id><license_plate>6-70528W</license_plate><vin>W7NR9EA7X36X300SZ</vin><color>NavajoWhite</color><year>1993</year></automobile><automobile><person_id>6f8c41f0-b5b3-4213-8ea9-e677c6b8816f</person_id><license_plate>ZJ-0737</license_plate><vin>FJCA2J2FXS9YPWM8T</vin><color>SlateGray</color><year>1982</year></automobile><automobile><person_id>cea317b7-8499-45cb-ac7c-8524ad137001</person_id><license_plate>029 NXZ</license_plate><vin>P3N7ACF664PEBET2S</vin><color>Maroon</color><year>1977</year></automobile><automobile><person_id>cea317b7-8499-45cb-ac7c-8524ad137001</person_id><license_plate>9DU6689</license_plate><vin>A5MT7NPL3Y9WC9UT0</vin><color>DarkRed</color><year>2006</year></automobile><automobile><person_id>d5a39fac-981f-43a2-a776-7e9397cbc2cf</person_id><license_plate>ZM 41165</license_plate><vin>20G2PUXD0MET8PXHA</vin><color>WhiteSmoke</color><year>1995</year></automobile><automobile><person_id>76114d55-53a4-4c8d-8a37-1e5af3256211</person_id><license_plate>196-SRGY</license_plate><vin>5F9XCENG2VLV2N5B4</vin><color>GhostWhite</color><year>2018</year></automobile><automobile><person_id>4ee02185-3e98-4648-ad23-26337224fd10</person_id><license_plate>913 8981</license_plate><vin>57Y3PKED0JLS5G7JL</vin><color>PowderBlue</color><year>1989</year></automobile><automobile><person_id>8c4605a2-4165-46ca-8d07-a06a7ef93113</person_id><license_plate>N38-OST</license_plate><vin>9HSC5J0B4GRD3FXN7</vin><color>Red</color><year>2005</year></automobile><automobile><person_id>2f706239-3b31-4627-a13c-a7bce4d0b2fc</person_id><license_plate>8053</license_plate><vin>96JWE6E74R894B515</vin><color>HotPink</color><year>2014</year></automobile><automobile><person_id>2f706239-3b31-4627-a13c-a7bce4d0b2fc</person_id><license_plate>499 VOS</license_plate><vin>A5FRU1Z0XR1UCTY9G</vin><color>LightGreen</color><year>2007</year></automobile><automobile><person_id>d710d35e-aef9-4bbd-8de1-d4d7ad89e6aa</person_id><license_plate>016-SVH</license_plate><vin>S76XBMYX23YYP1GK8</vin><color>Orchid</color><year>1972</year></automobile><automobile><person_id>df73f3c1-3e1d-41e2-899f-4bb93f0f94c1</person_id><license_plate>2-87672H</license_plate><vin>MSR51J7C03347K8T2</vin><color>NavajoWhite</color><year>1970</year></automobile><automobile><person_id>df73f3c1-3e1d-41e2-899f-4bb93f0f94c1</person_id><license_plate>662-946</license_plate><vin>1V9GPMFS48WEL7ZMC</vin><color>Violet</color><year>1993</year></automobile><automobile><person_id>df73f3c1-3e1d-41e2-899f-4bb93f0f94c1</person_id><license_plate>833-JCLB</license_plate><vin>BSVL8BZD4KS1J3AEY</vin><color>YellowGreen</color><year>1982</year></automobile><automobile><person_id>39146bca-74df-45e7-a901-fe665afebd32</person_id><license_plate>HQP Z49</license_plate><vin>V91KKN6K9AKUJ83FG</vin><color>LightYellow</color><year>1995</year></automobile><automobile><person_id>39146bca-74df-45e7-a901-fe665afebd32</person_id><license_plate>6912</license_plate><vin>19AVEJ1U6F6SCTPS4</vin><color>SteelBlue</color><year>2013</year></automobile><automobile><person_id>07882b3d-41a2-4025-973d-f066b4778527</person_id><license_plate>LIT-9721</license_plate><vin>W0B8HWYT2E5VR9M00</vin><color>Coral</color><year>2016</year></automobile><automobile><person_id>4980e711-5f05-4b83-baf3-7a232ee839e7</person_id><license_plate>9A NC498</license_plate><vin>6RRGV6AS0XY20VMJ3</vin><color>DarkGray</color><year>1977</year></automobile><automobile><person_id>11f098ed-f872-46a5-b751-7173425cefd0</person_id><license_plate>GWQ-0359</license_plate><vin>78RGHLG5XKVFNAPPK</vin><color>Gold</color><year>1996</year></automobile><automobile><person_id>1d547484-595e-40df-a20f-e74b7f6c6b3b</person_id><license_plate>526-CIE</license_plate><vin>03F7XF7UXPUCZ7TC5</vin><color>Indigo</color><year>2006</year></automobile><automobile><person_id>d3b325e4-7644-4a36-8d40-6a5fa67b1438</person_id><license_plate>04G 946</license_plate><vin>XYWCZ0VP7BYR3UK53</vin><color>OldLace</color><year>1999</year></automobile><automobile><person_id>d3b325e4-7644-4a36-8d40-6a5fa67b1438</person_id><license_plate>KW 2432</license_plate><vin>7E14TZ7B1LTR494YT</vin><color>Red</color><year>2010</year></automobile><automobile><person_id>2340e288-5526-4d69-9daa-443d56834e4a</person_id><license_plate>STN-5494</license_plate><vin>NT7H1U6G2HT7XZH2M</vin><color>Coral</color><year>1995</year></automobile><automobile><person_id>2340e288-5526-4d69-9daa-443d56834e4a</person_id><license_plate>YUZ-145</license_plate><vin>2W84ZBGM64RLWLW8R</vin><color>FireBrick</color><year>2021</year></automobile><automobile><person_id>aed51f16-a6af-4beb-94f0-25bc63090fc8</person_id><license_plate>782 EP0</license_plate><vin>1MMFXCXZ4ZWAD4W6J</vin><color>SkyBlue</color><year>1981</year></automobile><automobile><person_id>05887a8b-c993-4a8d-8e6f-3db257596665</person_id><license_plate>ASO-772</license_plate><vin>5SN59AVX93NMW9T5R</vin><color>YellowGreen</color><year>2022</year></automobile><automobile><person_id>05887a8b-c993-4a8d-8e6f-3db257596665</person_id><license_plate>8IS 468</license_plate><vin>WFMJUUVH4FSXHK6NJ</vin><color>Thistle</color><year>2001</year></automobile><automobile><person_id>e02108f1-75d3-45ca-a6c6-e81d8fb3163c</person_id><license_plate>715-057</license_plate><vin>26WE6GAR1CDK8L3CL</vin><color>MediumSlateBlue</color><year>1990</year></automobile><automobile><person_id>d2d79a62-7749-41d3-9e03-2c393cc14d17</person_id><license_plate>IDH-996</license_plate><vin>CBE1V93R39CXM18CX</vin><color>Khaki</color><year>2003</year></automobile><automobile><person_id>d2d79a62-7749-41d3-9e03-2c393cc14d17</person_id><license_plate>78-11192</license_plate><vin>YYYM8PSM9WLP1EGXF</vin><color>Teal</color><year>2013</year></automobile><automobile><person_id>074fa071-3a23-433d-bafc-aa38ade57982</person_id><license_plate>2ZX3546</license_plate><vin>PC6F9GDA6F67PWUA4</vin><color>LightSteelBlue</color><year>2006</year></automobile><automobile><person_id>074fa071-3a23-433d-bafc-aa38ade57982</person_id><license_plate>041 GN8</license_plate><vin>7N4AM0U533CVKSR48</vin><color>SlateGray</color><year>1996</year></automobile><automobile><person_id>074fa071-3a23-433d-bafc-aa38ade57982</person_id><license_plate>72N 2471</license_plate><vin>BWR7FSNL5ZVX9RCCK</vin><color>Fuchsia</color><year>2011</year></automobile><automobile><person_id>da738943-1bb4-42af-abb5-d49a316d1026</person_id><license_plate>2K 9Y3BZB</license_plate><vin>B3AW41W9003UUGC7G</vin><color>Aquamarine</color><year>2014</year></automobile><automobile><person_id>69fb7155-7333-407b-86d1-6fc124a19ab5</person_id><license_plate>UAY-3801</license_plate><vin>BLG6772E1HLDDDXKH</vin><color>Sienna</color><year>1984</year></automobile><automobile><person_id>69fb7155-7333-407b-86d1-6fc124a19ab5</person_id><license_plate>4YX 041</license_plate><vin>VZUSCXT318LKBURZM</vin><color>LavenderBlush</color><year>2005</year></automobile><automobile><person_id>6544a60e-c100-4746-9572-c6697d84ea79</person_id><license_plate>FBI 321</license_plate><vin>TR8DH2PX4P8YACVHZ</vin><color>LightGray</color><year>2001</year></automobile><automobile><person_id>62bc1085-ff9f-4bb2-afc3-367b1e8b317b</person_id><license_plate>699 TCX</license_plate><vin>1MX8BFZ7XW19P6KSR</vin><color>Orchid</color><year>2014</year></automobile><automobile><person_id>c62b31d8-dd3b-41ce-9648-e7fe79cd49ac</person_id><license_plate>30-2489D</license_plate><vin>LCEZ3B5D5TF314DUM</vin><color>AntiqueWhite</color><year>1975</year></automobile><automobile><person_id>561cacd7-7586-417f-8d59-2c5b8d8fcc57</person_id><license_plate>87X 4058</license_plate><vin>18RKV148XZ408T631</vin><color>Gray</color><year>2022</year></automobile><automobile><person_id>561cacd7-7586-417f-8d59-2c5b8d8fcc57</person_id><license_plate>989058</license_plate><vin>D9WE2CKK8L5G9NPU8</vin><color>Brown</color><year>1997</year></automobile><automobile><person_id>0e1584d4-fe61-448e-858c-8c8d2b48dbd4</person_id><license_plate>LQQ 995</license_plate><vin>GC9FGSD20SL8LJH4D</vin><color>Snow</color><year>1997</year></automobile><automobile><person_id>4b97872f-95f8-4960-89f6-f454d979ddea</person_id><license_plate>7JV G31</license_plate><vin>V3GH42FU2U241UY5C</vin><color>Teal</color><year>1981</year></automobile><automobile><person_id>4b97872f-95f8-4960-89f6-f454d979ddea</person_id><license_plate>EKF-6567</license_plate><vin>K28Z3JBG4E2R84FYG</vin><color>DarkGreen</color><year>1992</year></automobile><automobile><person_id>4b97872f-95f8-4960-89f6-f454d979ddea</person_id><license_plate>79-UZ61</license_plate><vin>489KVEH84KX1WH50C</vin><color>DarkKhaki</color><year>1982</year></automobile><automobile><person_id>2466ffc0-1d90-4819-ae3d-08eecb67827a</person_id><license_plate>367 RDV</license_plate><vin>A2T8JB829ZYUTHCVV</vin><color>SeaShell</color><year>2005</year></automobile><automobile><person_id>2466ffc0-1d90-4819-ae3d-08eecb67827a</person_id><license_plate>16CF540</license_plate><vin>AT7B4ZY8XRSBM36WH</vin><color>DarkSlateBlue</color><year>2011</year></automobile><automobile><person_id>683b5ff7-2229-4881-90f9-0cc35f8e0909</person_id><license_plate>33-EP81</license_plate><vin>7UASBLUB45UWSS940</vin><color>Turquoise</color><year>2017</year></automobile><automobile><person_id>683b5ff7-2229-4881-90f9-0cc35f8e0909</person_id><license_plate>8G 22140</license_plate><vin>TA3ZTJ957W8B91953</vin><color>PapayaWhip</color><year>2019</year></automobile><automobile><person_id>230ca0e3-cc67-4444-a169-cbca092f8ce5</person_id><license_plate>KRQ 897</license_plate><vin>GCNGM1YU654YMABTL</vin><color>OldLace</color><year>1985</year></automobile><automobile><person_id>230ca0e3-cc67-4444-a169-cbca092f8ce5</person_id><license_plate>85H•956</license_plate><vin>LLELCZSK8NEE5GA5P</vin><color>Beige</color><year>1984</year></automobile><automobile><person_id>7209a5eb-6ac0-4d56-8469-feaecfb0ea04</person_id><license_plate>YBD1795</license_plate><vin>MAMR2EM6XV2W706J1</vin><color>Thistle</color><year>2000</year></automobile><automobile><person_id>8838d7d9-525b-4a98-ab30-58e4c096f6f2</person_id><license_plate>UJW 399</license_plate><vin>X8S8JKEHXBJTKH36J</vin><color>MediumPurple</color><year>1975</year></automobile><automobile><person_id>8838d7d9-525b-4a98-ab30-58e4c096f6f2</person_id><license_plate>4M 1444H</license_plate><vin>UC5DXN2T6F0Z3SW5Y</vin><color>SpringGreen</color><year>2023</year></automobile><automobile><person_id>974e12ab-16da-4c15-b769-7b10d0316d56</person_id><license_plate>EFI 660</license_plate><vin>XU34G22488DW9C1YY</vin><color>FloralWhite</color><year>1995</year></automobile><automobile><person_id>5de84e76-ff6c-4423-be58-9aa9a7a08fd9</person_id><license_plate>109DYF</license_plate><vin>1L7W525K2HLW11Y2N</vin><color>SpringGreen</color><year>1990</year></automobile><automobile><person_id>5de84e76-ff6c-4423-be58-9aa9a7a08fd9</person_id><license_plate>726 TND</license_plate><vin>NT0YR8PB1ZVPXMMDU</vin><color>Green</color><year>2020</year></automobile><automobile><person_id>5de84e76-ff6c-4423-be58-9aa9a7a08fd9</person_id><license_plate>10L 6963</license_plate><vin>4XX8G7N35W8B19K77</vin><color>MidnightBlue</color><year>2013</year></automobile><automobile><person_id>f6a5b24d-79f6-4e24-a12f-80111632a965</person_id><license_plate>171 TQ4</license_plate><vin>A7YZUVW071518CSHK</vin><color>Gold</color><year>1992</year></automobile><automobile><person_id>f6a5b24d-79f6-4e24-a12f-80111632a965</person_id><license_plate>142-NKI</license_plate><vin>U13SFANT46DBMB5MW</vin><color>HoneyDew</color><year>2022</year></automobile><automobile><person_id>0c9cedc2-f07e-4fa5-8c55-c5c06a5a5d40</person_id><license_plate>ZGM-3067</license_plate><vin>3TJXNC428TTYJSH5P</vin><color>OliveDrab</color><year>1973</year></automobile><automobile><person_id>0c9cedc2-f07e-4fa5-8c55-c5c06a5a5d40</person_id><license_plate>368 DDS</license_plate><vin>MYAL7XRY8ZJ8G20EA</vin><color>SaddleBrown</color><year>1982</year></automobile><automobile><person_id>443cb1dc-735a-4fc3-bd44-4e545174398b</person_id><license_plate>2-1882S</license_plate><vin>N6WWH2CA36RGXN0TW</vin><color>Ivory</color><year>2011</year></automobile><automobile><person_id>a55e919d-28bb-47c2-a5c5-848a76b9c016</person_id><license_plate>ZJP 456</license_plate><vin>1XN2VLSK9BL31T728</vin><color>PowderBlue</color><year>1984</year></automobile><automobile><person_id>779e3e72-b3f8-4ca3-8718-3c9b460b44ab</person_id><license_plate>5E472</license_plate><vin>66PAM8UC7ZXDJRKMZ</vin><color>LimeGreen</color><year>2015</year></automobile><automobile><person_id>779e3e72-b3f8-4ca3-8718-3c9b460b44ab</person_id><license_plate>K60 9KE</license_plate><vin>TZMBUM6T7CUJ157FP</vin><color>Brown</color><year>1984</year></automobile><automobile><person_id>c79b9d8a-ba03-45ad-a907-5dff32c769ed</person_id><license_plate>640 2078</license_plate><vin>VZBDWLCB1CGUNDUX8</vin><color>Tan</color><year>2017</year></automobile><automobile><person_id>4d0ecea5-bd46-41b7-8307-55c61b3e940f</person_id><license_plate>690-LOM</license_plate><vin>JELZGXRV98ZBRUTLC</vin><color>LightYellow</color><year>1982</year></automobile><automobile><person_id>21b7e628-22a6-4f48-962c-414a964fb39c</person_id><license_plate>671 5XI</license_plate><vin>WDC8662P5KXSRJGAL</vin><color>GreenYellow</color><year>1982</year></automobile><automobile><person_id>60f0bb9c-a5af-4155-ba35-92b6387aaf02</person_id><license_plate>83-WY98</license_plate><vin>AHBLZHF07VZ3JCPC0</vin><color>Moccasin</color><year>1987</year></automobile><automobile><person_id>60f0bb9c-a5af-4155-ba35-92b6387aaf02</person_id><license_plate>TYW 206</license_plate><vin>NG7C3JLR0Y02SEM9L</vin><color>WhiteSmoke</color><year>1974</year></automobile><automobile><person_id>0b075f2d-4672-4c8b-9f12-6dc52b7bba82</person_id><license_plate>3HG20</license_plate><vin>7W7CR75R6EA9R78MC</vin><color>Azure</color><year>2017</year></automobile><automobile><person_id>0b075f2d-4672-4c8b-9f12-6dc52b7bba82</person_id><license_plate>KYS-3381</license_plate><vin>LSMNLNCX0ACEL29FF</vin><color>MediumSlateBlue</color><year>1991</year></automobile><automobile><person_id>c6bac616-9226-4bbe-9235-bac27767c0b4</person_id><license_plate>A77 5ZG</license_plate><vin>YLDC2NS136GW82BG5</vin><color>Brown</color><year>1991</year></automobile><automobile><person_id>c6bac616-9226-4bbe-9235-bac27767c0b4</person_id><license_plate>KHR 683</license_plate><vin>P69RZBW01FJNMK6W3</vin><color>LightSeaGreen</color><year>1976</year></automobile></automobiles>