"id"|"first_name"|"last_name"|"sex"|"address"|"phone_number"|"profession"|"company"|"date_of_birth"
"2c648f8c-43d5-403f-95de-f280225a63c8"|"Jason"|"Barajas"|"M"|"84 Hood Loop Apt. 276"|"(298)737-5396x41301"|"Therapist, music"|"Ford-Ramirez"|"2004-07-30"
"9dd1b83c-44e9-4e0d-b0d5-3a36f2032410"|"Ronald"|"Steele"|"M"|"369 Welch Walk"|"371-538-6217x1254"|"Diagnostic radiographer"|"Solis, Williams and White"|"1953-12-21"
"63ce978d-463a-4975-84c6-1a7598ebc70b"|"John"|"Shields"|"M"|"368 Diana Point"|"(457)373-4134"|"Biomedical engineer"|"Bass, Wood and Rich"|"1915-06-16"
"0f92000d-6c35-48d8-aa10-d6c3e6414db5"|"Jill"|"Crawford"|"F"|"81 Jackson Harbors Suite 257"|"(707)459-9891"|"Therapist, nutritional"|"Hernandez-Dennis"|"1986-12-25"
"ea6b6b3e-3277-4d04-a9f6-4cd9168ccab8"|"Jenna"|"Jones"|"F"|"515 Lewis Trace"|"781.220.2933"|"Pension scheme manager"|"House, Taylor and Cooper"|"2002-05-18"
"ac75a65f-16bb-4d02-9295-df297ef3787d"|"Pam"|"Castaneda"|"F"|"307 Jackson Harbors Suite 257"|"+1-477-936-4422x0201"|"Community development worker"|"Flores, Kelly and Roberts"|"1912-02-22"
"63f895b0-1a8c-4a28-a9a6-401c3336daea"|"Jesse"|"Bryant"|"M"|"380 Rachel Pine"|"001-986-581-8548x703"|"General practice doctor"|"Lam, Odom and Martin"|"2002-03-30"
"e2a0e187-6c56-412c-944d-d263e76a6c31"|"Amber"|"Howard"|"F"|"397 Morales Gardens Suite 197"|"6829993241"|"Engineer, technical sales"|"Cruz, Jenkins and Chan"|"1960-06-24"
"04e28e2d-e9a6-495b-a246-2b2dea911673"|"Andrew"|"Ray"|"M"|"649 Ross Camp Apt. 134"|"435-668-8212x8175"|"Geophysicist/field seismologist"|"Fox-Jordan"|"1948-12-20"
"d76973a0-c8df-41a6-b6c5-100c2b35cb2d"|"Tammy"|"Harper"|"F"|"319 Arnold Cliffs"|"001-957-766-1847x834"|"Immunologist"|"Strong and Sons"|"1988-02-15"
"eaecb069-333d-45a7-ba72-7700b2ded035"|"Jennifer"|"Robbins"|"F"|"213 Weaver Haven"|"542-901-2687x343"|"Building surveyor"|"Olson, Mitchell and Johns"|"1980-09-29"
"4ae234fc-8c87-4349-9aa7-88044477f60e"|"Peter"|"Hernandez"|"M"|"983 Cooley Dam Apt. 601"|"370.342.0088x8466"|"Control and instrumentation engineer"|"Smith-Malone"|"1946-04-21"
"b80baede-a503-4461-8a16-afb90ffe05b9"|"Jon"|"Benson"|"M"|"863 Amanda Curve"|"001-930-748-6716x6912"|"Teacher, adult education"|"Ortiz LLC"|"1970-02-24"
"23317480-2a8e-4320-b042-7c175cdbe95f"|"Thomas"|"Herrera"|"M"|"71 Matthew Keys"|"(473)800-4468"|"Actuary"|"Clark-Wells"|"1964-12-20"
"185a9fb8-3e1f-4bc8-8fb4-5ec9c64d953b"|"Jerry"|"Reyes"|"M"|"969 Parks Trace Suite 497"|"+1-757-540-1693x2273"|"Health visitor"|"Grant-Adams"|"2021-03-24"
"995013a0-208d-437d-9d96-6dbf471d209e"|"Waters"|"Barber"|"F"|"950 Hanson Port"|"753.921.5156"|"Magazine journalist"|"Buck-Davis"|"2014-09-14"
"350d1724-2a4d-491b-849c-afcf65393aba"|"Peter"|"Garcia"|"M"|"650 Cox Turnpike Apt. 083"|"232.859.1657x77307"|"Meteorologist"|"Ramos-Coleman"|"1937-03-10"
"73458435-d67e-4223-a970-d799a4f2cece"|"Scott"|"Hall"|"M"|"278 Ward Parkway Apt. 076"|"278.469.2150x0260"|"Accountant, chartered public finance"|"Coleman-Garcia"|"1999-10-27"
"7b680855-56e7-4f8f-babb-dd0d267aa5b6"|"Hannah"|"Terry"|"F"|"13 Rosario Loop"|"+1-834-552-1925x436"|"Herbalist"|"Thompson, Miller and Blackwell"|"1990-09-08"
"68eb9a81-dad2-4f8f-a1a1-370bbb0c42c7"|"Tim"|"Roberts"|"M"|"728 Matthew Valleys Suite 832"|"5052946408"|"Immunologist"|"Hanson Inc"|"1977-08-05"
"631d2cd5-10ef-4263-8441-91f79e03b9b9"|"Brandi"|"Solomon"|"F"|"204 Thomas Wall Suite 035"|"(971)249-5567"|"Conference centre manager"|"Berger Ltd"|"1919-10-10"
"8512f405-849c-460a-82e3-275eb88341c7"|"Kimberly"|"Barnes"|"F"|"69 Johnson Lake"|"215.957.5360"|"Surveyor, planning and development"|"Hicks, Parks and Perez"|"2021-06-10"
"e9888bb2-d6f4-4653-bcee-2c635152ecb2"|"Brittany"|"Walker"|"F"|"886 Alexandra Bridge Suite 474"|"511-512-3252x273"|"Sales professional, IT"|"Robertson-Chase"|"2016-07-10"
"626ebe6d-5f4e-40a2-925f-6a1686f32724"|"Adam"|"Schwartz"|"M"|"104 Charles Extension Apt. 046"|"+1-920-434-3256x895"|"Engineer, drilling"|"Osborn-Sanders"|"1967-06-22"
"24aacb86-c183-418a-af25-665edf818556"|"Tiffany"|"Howell"|"F"|"554 Jordan Vista Apt. 756"|"927.695.3132x9617"|"Psychotherapist, child"|"Brown, Kennedy and Jones"|"1914-07-28"
"98cd6a65-8f96-4158-8d1c-b1293138e549"|"Monique"|"Gonzalez"|"F"|"277 Robin Junctions Apt. 618"|"298.497.2391x37985"|"Production designer, theatre/television/film"|"Howard, Young and Cherry"|"1952-12-16"
"acb31512-becc-4581-990f-52d9a61f531f"|"Anita"|"Curry"|"F"|"627 Colleen Mount"|"001-559-307-1676"|"Engineer, agricultural"|"Fisher, Matthews and Brooks"|"1909-11-03"
"88f2b7a6-653c-4ed4-b273-e813a0c184b6"|"Jennifer"|"Marquez"|"F"|"261 Catherine Cove"|"(289)556-7428"|"Geophysical data processor"|"Page Inc"|"1977-01-18"
"b49ed720-69b9-4093-8cac-e06dd3950fbf"|"Tracy"|"White"|"F"|"299 Jeffery Village"|"4154464592"|"Pharmacist, hospital"|"Davis and Sons"|"1941-09-26"
"d8df11cd-f117-4c76-a44d-a139d71baf05"|"Courtney"|"Anderson"|"F"|"801 Brian Course"|"(353)540-3294"|"Print production planner"|"Walker, Alexander and Richardson"|"1923-01-27"
"cd44ee98-3321-452d-ab7b-1f2996d18471"|"Timothy"|"Gonzalez"|"M"|"513 Banks Curve Apt. 123"|"+1-603-766-2551x925"|"Civil Service fast streamer"|"Parker, Reid and Guerra"|"1986-07-25"
"557bdf58-5e88-4131-a620-4fd72450974a"|"Aguilar"|"Williams"|"F"|"532 Bailey Trail"|"261-270-9492x71709"|"Personal assistant"|"Medina Ltd"|"1989-05-27"
"3bcdbadf-6924-4682-a6f2-f0d7ccc5adf1"|"Sarah"|"Reyes"|"F"|"329 David Course Apt. 455"|"+1-356-811-7244"|"Market researcher"|"Williams and Sons"|"1957-11-10"
"95d41c69-41fa-4e67-bc33-074c6dd26b0c"|"Laura"|"Schwartz"|"F"|"409 Thomas Coves Suite 736"|"5343077650"|"Chief of Staff"|"Sanchez, Silva and Brown"|"1912-07-22"
"76dcb686-cac9-41ff-8a5f-5406ec6c3280"|"Nicholas"|"Blair"|"M"|"764 Parks Trace Suite 497"|"635-438-6652"|"Engineer, maintenance"|"Payne Ltd"|"1944-05-20"
"bb97cccb-6884-470f-8541-b3b37d16fa0f"|"Ashley"|"Brown"|"F"|"959 Newton Wall"|"986.950.8887"|"Theatre manager"|"Sawyer, Gallegos and Moon"|"1988-04-26"
"fdfd6593-88fc-4184-83ed-51e57ca15a1b"|"Lauren"|"Li"|"F"|"173 David Course Apt. 455"|"+1-818-653-3645x5298"|"Ship broker"|"Gates LLC"|"1911-04-16"
"3cb0bf07-71c2-4fbd-80d6-d5b29e4de558"|"Kevin"|"Good"|"M"|"585 Heather Garden Suite 383"|"270.436.7681x8177"|"Journalist, magazine"|"Stephenson PLC"|"1919-08-05"
"44a5fac4-a916-421b-8092-fa63c88d0b9d"|"Melissa"|"Burton"|"F"|"15 Patricia Row"|"490.866.8181x427"|"Community arts worker"|"Mata-Bartlett"|"1908-10-02"
"de64e572-072a-49d0-88e7-a9b70aa29851"|"Gregory"|"Harrison"|"M"|"842 John Fall Apt. 476"|"3383256876"|"Games developer"|"Brown, Garcia and Tucker"|"1957-06-19"
"048c5ebb-06e4-498f-8623-c46ff91ab3e2"|"Megan"|"Taylor"|"F"|"155 Monica Burgs Suite 695"|"611.709.2956x541"|"Race relations officer"|"Manning Inc"|"1982-06-01"
"86609eef-5140-4d00-88e2-76ca41f6ac3c"|"Kimberly"|"Herrera"|"F"|"634 Marquez Lane"|"271.430.2070x9088"|"Information officer"|"Butler-Estrada"|"2003-01-09"
"00bcce7b-bb09-4595-80e2-a796b5397b1e"|"Taylor"|"Patton"|"F"|"519 Catherine Cove"|"200.842.9540"|"Merchandiser, retail"|"Schmidt-Miller"|"1941-12-29"
"70085de1-4c54-4848-8b89-12699608bf77"|"Robert"|"Drake"|"M"|"21 Chandler Tunnel Suite 681"|"914.977.6333x4308"|"Advice worker"|"Bond-Wagner"|"1991-12-22"
"cd97dd62-1008-446c-b8b7-bf1291e4fa37"|"David"|"Robbins"|"M"|"114 Nelson Estate"|"200-378-8350"|"Exercise physiologist"|"Foley and Sons"|"2006-12-06"
"d558953d-a863-4953-8c7b-c3129a08a76c"|"Dominique"|"Sparks"|"F"|"272 Evans Ports Suite 383"|"001-702-302-5581x8762"|"Chartered legal executive (England and Wales)"|"Holland-Guerra"|"1927-11-02"
"a9cd7091-67ac-4503-a13f-841c60871c74"|"Patty"|"Little"|"F"|"247 Thomas Coves Suite 736"|"+1-984-773-9640x2908"|"Early years teacher"|"Smith and Sons"|"1972-06-18"
"ad3df607-78bd-464e-a3b2-36816c27b2b3"|"Jennifer"|"Alvarez"|"F"|"96 Christine Gateway"|"001-623-359-3884x8682"|"Technical brewer"|"Sparks-Smith"|"1936-01-27"
"a0cb9a20-afef-4419-a5c1-b97bee87a1ac"|"Paul"|"Espinoza"|"M"|"899 Hart Estates Suite 718"|"942.295.1882x7358"|"Statistician"|"Smith Group"|"1978-10-02"
"d9309626-a743-4b80-a1a5-fdc438f94b0e"|"Jeffery"|"Hernandez"|"M"|"331 Lynn Lake Suite 253"|"+1-379-518-4617x8284"|"Editorial assistant"|"Krueger LLC"|"1972-05-08"
"263f1b96-f41e-4e01-92bf-1812d45815b1"|"Gilbert"|"Moore"|"M"|"713 Jennifer Track"|"781-904-6258"|"Public relations officer"|"Griffith-Frost"|"2015-03-04"
"199b73f0-10e2-466f-bf57-0bfd11a16b47"|"Andre"|"Jackson"|"M"|"373 Brian Course"|"869.491.8845x9669"|"Personal assistant"|"Cruz Group"|"1916-03-19"
"d9c21772-e755-4391-b7a8-409b24c0abb0"|"Gary"|"Burton"|"M"|"76 Parks Trace Suite 497"|"275.205.9637x1576"|"Learning disability nurse"|"Smith-Small"|"1932-09-11"
"418f59d5-dd57-4a68-b0bf-86e58f6eb129"|"Rita"|"Howard"|"F"|"295 Gabriel Hill Apt. 094"|"+1-763-429-5945x288"|"Surveyor, land/geomatics"|"Thompson-Palmer"|"1917-07-09"
"4b5495f6-64a9-4cf9-ad82-6301c4ba5075"|"Anthony"|"Reyes"|"M"|"403 Thomas Coves Suite 736"|"960-294-6717x8215"|"Air traffic controller"|"Chavez, Butler and Wade"|"1975-07-05"
"d0b95965-4730-4cc0-8e3e-30ab6247793c"|"Melinda"|"Johnson"|"F"|"792 Garcia Road Suite 143"|"2327394740"|"Scientist, water quality"|"Ramsey, Key and Joyce"|"1957-03-01"
"5ffe3b94-b134-4860-968a-805fbed9de05"|"Christian"|"Burns"|"M"|"347 Catherine Cove"|"+1-253-331-4297x505"|"Chemist, analytical"|"Reyes, Berry and Young"|"1919-08-24"
"e22caa11-f0fa-4141-8440-bf437e76093f"|"Kimberly"|"Solomon"|"F"|"662 Matthew Valleys Suite 832"|"001-516-820-5146"|"Visual merchandiser"|"Wolfe Ltd"|"1911-07-06"
"8bb88822-0c8a-45ab-9008-b4f03a743e7f"|"Christine"|"Ramirez"|"F"|"515 Daniel Plaza"|"232.876.1146x110"|"Hotel manager"|"Hardin Group"|"1955-04-05"
"c51f9e27-6dd0-426a-9180-6deccf3f0765"|"Scott"|"Sanders"|"M"|"373 Martin Field"|"+1-579-557-4653x65020"|"Programmer, systems"|"Morrow Group"|"2021-01-05"
"3fd7e083-2972-4e17-8dcb-f72ddbf93fe2"|"Maria"|"Mitchell"|"F"|"317 Hernandez Parkways Suite 200"|"+1-914-606-0020x06360"|"Clinical embryologist"|"Mueller PLC"|"1987-10-13"
"c75b2d90-9cbc-4419-8ee1-2074ffb07afd"|"Derek"|"Allen"|"M"|"703 Hensley Park Suite 873"|"939-783-6428"|"Planning and development surveyor"|"Adams-Diaz"|"1918-08-30"
"36ebc295-d385-4166-9253-62c3e901d2e8"|"Christian"|"Glover"|"M"|"859 Matthew Valleys Suite 832"|"909-409-3211"|"Risk manager"|"Atkins-Brown"|"1916-11-20"
"8f5ae082-adfa-4177-917d-d0f03abfc5ee"|"Zachary"|"Rivera"|"M"|"726 Dakota Extensions"|"001-786-619-4429x04039"|"Immunologist"|"Carpenter Group"|"1935-08-02"
"f2a63f21-68b9-4656-8d1d-aa68d679487a"|"Miguel"|"Padilla"|"M"|"682 Collins Skyway"|"367.219.1035x549"|"Geophysical data processor"|"Ellis-Richards"|"1985-03-25"
"cd09807a-5e01-4dd8-84aa-bf867f591c5b"|"Cindy"|"Smith"|"F"|"840 Charles Extension Apt. 046"|"472-349-7212x828"|"Mudlogger"|"Rodriguez, Garcia and Martinez"|"1922-09-02"
"dafb3038-6fda-4ed5-9c41-e1e42bba2d37"|"Breanna"|"Miller"|"F"|"945 Stacey Via Suite 001"|"001-964-917-2370x082"|"Hydrologist"|"Conway Ltd"|"1974-09-27"
"23dd36a2-da61-4327-9024-1987e83ba6bb"|"William"|"Evans"|"M"|"402 Charles Extension Apt. 046"|"914.923.7902x494"|"Surveyor, commercial/residential"|"Farmer, Ramos and Mcclain"|"2023-01-23"
"7b993de7-968f-4587-af2b-20dc97761b2e"|"Michelle"|"Burke"|"F"|"504 Collins Skyway"|"547.465.9323x8581"|"Equality and diversity officer"|"Cortez, Butler and Watson"|"1995-02-11"
"e4f8fb98-c3c7-4f26-9d6a-a9e89d471fce"|"Stephen"|"Barnes"|"M"|"344 Michael Circles Suite 720"|"537-412-3630"|"Podiatrist"|"Lewis, Stark and Smith"|"1956-05-29"
"48d343e0-a9a2-401b-89d9-bc9837ecc161"|"Felicia"|"Weaver"|"F"|"137 Rosario Loop"|"514-902-7147x28287"|"Chief of Staff"|"Miller Inc"|"1957-09-10"
"b4061670-93de-4697-9cff-59b6a3bfa07c"|"Karen"|"Martin"|"F"|"299 Thomas Coves Suite 736"|"679-290-3963x3841"|"Records manager"|"Ashley, Fritz and Hays"|"2009-04-01"
"968345d9-8f98-458c-a1e0-d1ca308d9566"|"Valerie"|"Perez"|"F"|"564 Hart Estates Suite 718"|"607.211.1149x60973"|"Administrator, charities/voluntary organisations"|"Fischer-Jackson"|"1964-01-03"
"14d737dc-6b0b-4f3d-82a9-35d65f4f5dac"|"Carl"|"Pena"|"M"|"438 Lynn Lake Suite 253"|"620.882.1937"|"Professor Emeritus"|"Payne-Mitchell"|"1988-08-28"
"aee5b839-511b-4dae-b37c-e0049c3d8c31"|"Matthew"|"Allen"|"M"|"362 Colleen Mount"|"4809519587"|"Soil scientist"|"Mclaughlin, Collins and Williams"|"1985-07-09"
"697477c9-3475-45de-944f-ee894b147846"|"Kayla"|"Jackson"|"F"|"637 Colleen Mount"|"+1-861-271-4468x45330"|"Web designer"|"Thompson LLC"|"1933-04-11"
"8353b0d6-ebda-4208-ada5-8eb437bcd2c3"|"Karen"|"Davis"|"F"|"17 Michael Manor"|"(961)863-5584x7951"|"Environmental consultant"|"Moran, Howard and Norris"|"1977-03-09"
"d32533d9-2df9-4813-9338-3d137b508860"|"Kyle"|"Spence"|"M"|"308 Gray Walks Apt. 075"|"+1-710-590-0435x6273"|"Trading standards officer"|"Taylor-Proctor"|"1941-11-17"
"c3b749f8-d3d9-42cf-af83-c00edf9a5917"|"Jon"|"Cervantes"|"M"|"78 Ward Parkway Apt. 076"|"8062416302"|"Trade mark attorney"|"King, Gentry and Park"|"1980-11-15"
"f1e8d850-5d9e-42ad-a382-4ef1f25e4390"|"Emily"|"Phillips"|"F"|"327 Oneal Underpass"|"(802)420-5109x480"|"Insurance claims handler"|"Dalton, Carter and Reilly"|"1938-03-10"
"97bf22f9-911d-4d8e-b32e-0e4757b04335"|"Jose"|"Garrison"|"M"|"698 Rivers Squares"|"(908)491-1023x44028"|"Charity fundraiser"|"Mitchell PLC"|"2015-12-02"
"6e9ffbcb-e112-476d-880c-ab309799754a"|"Tracy"|"White"|"F"|"965 Tiffany Gateway"|"280-489-3926x847"|"Private music teacher"|"Walker Ltd"|"1997-10-03"
"37fef749-d397-46bc-a2d8-fbcfa47c8959"|"Jessica"|"Davis"|"F"|"685 Davenport Fords"|"8843501202"|"Animal nutritionist"|"Bridges-Keith"|"1976-12-11"
"8b9a33ce-4f9f-48d7-b3bf-bfc196a13394"|"Kristen"|"Evans"|"F"|"849 David Passage Suite 979"|"(242)394-7956"|"Teaching laboratory technician"|"Thomas Ltd"|"1960-07-22"
"573a3e6c-69f9-4f25-9979-d8cc0b6d82a6"|"Joel"|"Gates"|"M"|"892 Newton Wall"|"981.388.3493x1250"|"Orthoptist"|"Cruz-Clark"|"1933-02-25"
"70c5ce27-b8b1-4453-b773-3e855fce5a70"|"Martin"|"Ray"|"M"|"820 David Passage Suite 979"|"(783)686-0110"|"IT trainer"|"Ford, Mcdaniel and Brown"|"1966-01-12"
"46c5ccf9-6238-4a04-be1d-fdf066885d36"|"Joshua"|"Fuller"|"M"|"736 Nathan Views"|"(210)811-8885"|"Company secretary"|"Jackson and Sons"|"1970-11-20"
"832be8f3-739f-4559-9b7d-2ec7fee295d2"|"Maurice"|"Mejia"|"M"|"749 Jennifer Track"|"001-295-749-6335"|"Nutritional therapist"|"Gilbert-Hines"|"2014-04-14"
"1c0c5cf5-53df-4723-93de-a2fb7ba1d97f"|"Michelle"|"Padilla"|"F"|"189 Smith Ranch Suite 211"|"(942)226-6117x193"|"Theatre stage manager"|"Cummings LLC"|"1914-06-26"
"bdab5dd7-4189-4aab-9498-c0937f1f3e8c"|"Hudson"|"Walker"|"F"|"986 Stacey Via Suite 001"|"4376585559"|"Education officer, environmental"|"Potter-Donovan"|"2004-02-29"
"8d621a86-1558-47d3-94ef-99b3cfaa1f36"|"Deborah"|"Perez"|"F"|"193 Jessica Mountains Suite 248"|"250.286.1875"|"Environmental consultant"|"Rodgers, Allen and Lawrence"|"2003-04-17"
"958b0388-ffe8-4e5c-af80-b13ef151a5ef"|"Michelle"|"Nguyen"|"F"|"161 Barry Shoal Suite 612"|"+1-894-299-2690"|"Logistics and distribution manager"|"Lewis PLC"|"1972-01-23"
"49892f8e-fa13-4d75-9ba5-3666df7c7621"|"Ellen"|"Steele"|"F"|"739 Padilla Estate Suite 556"|"6557059761"|"Maintenance engineer"|"York, Brown and Calhoun"|"1993-04-29"
"656ca03c-f080-4545-a775-790fda061abc"|"Casey"|"Gonzalez"|"F"|"226 Wyatt Pike Suite 863"|"314-484-2102x16637"|"Dancer"|"Miller, Roberts and Hall"|"1912-09-11"
"60de9e4e-474f-4954-a35c-568ab8077ba4"|"Lisa"|"Garcia"|"F"|"646 Day Inlet"|"+1-888-654-1681x35404"|"Accounting technician"|"Barnett-Wells"|"1953-04-22"
"54104752-c0c4-4d50-88f1-7651dba38039"|"Brittany"|"Nichols"|"F"|"238 Padilla Estate Suite 556"|"001-564-757-2018x9183"|"Hydrogeologist"|"Martinez-Deleon"|"1929-10-09"
"777e2410-8de5-4125-a2f4-a942a0ff8cb0"|"Anthony"|"Hall"|"M"|"749 Newton Wall"|"001-448-377-9404x7775"|"Investment analyst"|"Mejia and Sons"|"1909-09-27"
"82745524-ec08-4f89-a73e-8a362a7652e4"|"Carrie"|"Benson"|"F"|"684 Patricia Trafficway Apt. 188"|"(371)669-6393"|"Scientist, product/process development"|"Stewart-Wright"|"1972-11-28"
"f65ffaca-46f0-4987-8c0a-9332d5cb9f03"|"Paul"|"Gonzales"|"M"|"519 Johnson Lake"|"001-223-668-0301x4537"|"Solicitor, Scotland"|"Lawrence, Baker and Ware"|"1945-01-10"
"864b2567-2e47-4750-a54c-63459c65dab7"|"Michele"|"Wilson"|"F"|"511 Christopher Tunnel"|"001-560-674-8722"|"Dancer"|"Wright-Robbins"|"2018-02-25"
"95ad6b23-7d3f-48a4-840c-1bc6cd3fbd3e"|"Bryan"|"Riley"|"M"|"947 Jacobs Ports Suite 715"|"+1-544-712-9032x639"|"Meteorologist"|"Lee PLC"|"2000-12-23"
"0452bc43-6099-4945-8a3e-fc0419e1fcc3"|"Michael"|"Rodriguez"|"M"|"289 Yvette Loop"|"246-429-7023x04960"|"Theatre manager"|"Perry Inc"|"1931-04-14"
"19e3043e-26ce-4ac4-9b52-d83486069800"|"Sara"|"White"|"F"|"460 Nelson Estate"|"486.824.3963x4861"|"Chemist, analytical"|"Dorsey Ltd"|"1965-04-08"
"c2379b6d-f6a7-4516-91b0-39b3ef1b8c1b"|"Natalie"|"Barber"|"F"|"84 Angela Lights"|"001-326-996-2090x697"|"Astronomer"|"Scott, Bray and West"|"1917-07-03"
"f4d6e7b7-12a5-4294-8999-db001c9c77a4"|"Stacy"|"Baxter"|"F"|"87 Pham Ports"|"570.420.9890x22505"|"Radiographer, diagnostic"|"Williams-Smith"|"1971-11-01"
"1fafb19e-98d1-4dbc-a8c6-78ef7774cb69"|"Justin"|"Lynn"|"M"|"271 Randall Burg"|"+1-533-514-5333"|"Surveyor, planning and development"|"Ramos Group"|"1936-12-20"
"06cfa378-13b8-40f4-b045-9080bdcf9a6c"|"Timothy"|"Ray"|"M"|"949 Brian Course"|"3897931488"|"Haematologist"|"Moore, Smith and Jacobson"|"2010-02-07"
"5715c012-035f-4f15-a579-aa44bfb30f46"|"Adam"|"Garcia"|"M"|"705 Douglas Springs"|"(335)209-6714"|"Forest/woodland manager"|"Moore Group"|"1997-12-16"
"d140d9d7-c677-4532-98a7-1c169936c523"|"Steven"|"Rojas"|"M"|"975 Evans Ports Suite 383"|"001-208-748-4282"|"Police Officer"|"TTPD"|"1997-03-10"
"30fa7db4-d97d-41e4-9159-9ea7a460fa74"|"Jonathan"|"Barnes"|"M"|"489 Johnson Throughway"|"+1-237-319-7478x90704"|"Health physicist"|"Patrick-Hardy"|"1991-07-29"
"5705d067-41f8-4d3b-99ad-effd37f45999"|"Denise"|"Long"|"F"|"116 Daniel Plaza"|"(680)580-0259x876"|"Electrical engineer"|"Brown, Avery and Pace"|"1983-08-29"
"69b1bb34-275f-4565-9584-7268d0568095"|"Chad"|"Little"|"M"|"354 Anderson Port"|"001-587-611-0058"|"Barrister"|"Harrison-Stewart"|"2013-06-02"
"4734a283-6667-4abb-87e5-e5f61d4315fa"|"Ashley"|"Fox"|"F"|"640 Amanda Curve"|"+1-506-841-8263x24956"|"Customer service manager"|"Santana, Dunn and Jackson"|"1951-06-07"
"cecb0555-7b07-4ae1-ad54-17d4903549f5"|"Lisa"|"Hanson"|"F"|"187 Troy Centers"|"+1-654-895-0390x9488"|"Production assistant, television"|"Mack Ltd"|"2013-05-03"
"6acbce6f-b4ef-4217-81b9-d58e0833a05c"|"Kristy"|"Lopez"|"F"|"92 Smith Avenue Apt. 759"|"+1-887-771-1910x5097"|"Toxicologist"|"Travis-Richard"|"2016-02-22"
"a05d6773-f141-45f2-8e25-9894a44ae228"|"Jennifer"|"Watson"|"F"|"330 Jeffery Spur Suite 411"|"001-281-617-8073x94815"|"Public relations officer"|"Dorsey-Bailey"|"1969-12-10"
"bb681b78-5780-4055-b3a6-8b3b71394d00"|"David"|"Stewart"|"M"|"171 Ashley Landing"|"001-209-771-4095x8266"|"Scientist, research (maths)"|"Miranda-Mann"|"1996-08-25"
"2750fd68-fc9f-4f6e-a810-3010c99d7259"|"Barbara"|"Williams"|"F"|"936 Donald Village Apt. 289"|"384.773.7320x339"|"Animator"|"Baxter, Thompson and Potter"|"1962-08-31"
"4b3e450b-f4ce-4a34-ab7c-74e9c7399d01"|"Matthew"|"Velez"|"M"|"343 Johnson Plains Suite 376"|"8112097489"|"Surveyor, insurance"|"Macias, Branch and White"|"1983-12-04"
"8e48d3cc-d44e-420e-a785-eb070550ff9f"|"Sharon"|"Pugh"|"F"|"960 Morales Gardens Suite 197"|"324-300-8264"|"Psychotherapist"|"Lee-Compton"|"2019-07-21"
"f4a2903d-c075-45d9-83f1-493a7a30a89e"|"Elizabeth"|"Bryant"|"F"|"226 King Land"|"(824)676-4934"|"Research scientist (medical)"|"Rollins-Frederick"|"1919-05-14"
"c2ebd340-41f5-44cb-b922-ca2ddc7c719d"|"Anna"|"Murray"|"F"|"856 Daniel Plaza"|"(528)326-7190"|"Commercial art gallery manager"|"Cochran, Johnson and Hughes"|"1981-01-30"
"4a0347b5-4b0e-4874-96c1-a7ea9a61d26d"|"Jeffrey"|"Tran"|"M"|"438 Day Inlet"|"+1-226-896-2232x744"|"Public relations account executive"|"Ritter-Gibson"|"1958-10-18"
"f046cd92-1bb8-4c8d-942d-9682977cdbb0"|"Joshua"|"Steele"|"M"|"286 Pham Ports"|"9517067010"|"Land/geomatics surveyor"|"Scott-Alexander"|"1911-03-17"
"2d6914b2-56bf-45e3-bbbc-112108a9b080"|"Paul"|"Roberts"|"M"|"428 Christopher Ways"|"526-528-0801x03257"|"Press photographer"|"Morales, Holland and Kennedy"|"1935-11-16"
"74d94b07-3d40-4ba7-8c9b-f2a6df80e841"|"Molly"|"Martin"|"F"|"928 Ward Parkway Apt. 076"|"+1-314-780-3145"|"Land/geomatics surveyor"|"Lyons, Baldwin and Bolton"|"1926-03-28"
"01ff20ca-2cf4-4379-b0aa-4668fcc9f3a3"|"Melissa"|"Hall"|"F"|"764 Daniel Plaza"|"+1-481-984-7181x644"|"Systems analyst"|"Riggs, Glover and Cobb"|"1959-05-21"
"c25dabdc-300b-48ca-9dfe-962139995852"|"Scott"|"Harper"|"M"|"728 Ross Camp Apt. 134"|"001-671-864-4155x49824"|"Air cabin crew"|"Travis-Price"|"1945-05-13"
"118bbca1-05e5-424b-a0f1-a0f0b6ee3cb7"|"Alexander"|"Barnett"|"M"|"875 Quinn Divide"|"340-297-2228x57884"|"Oceanographer"|"Edwards, King and Lowe"|"1973-11-22"
"bfd96f0e-d7e6-4f2b-9558-b3752bbbab33"|"George"|"Bailey"|"M"|"13 Lynn Lake Suite 253"|"001-240-590-2821x847"|"Curator"|"Cortez-Murphy"|"2021-10-01"
"0a0573f8-ecc9-4a23-ae28-44d1ed989919"|"Gene"|"Reyes"|"M"|"608 Phillip Spring"|"442.428.0345"|"Pharmacist, hospital"|"King PLC"|"2010-12-05"
"37da3e7d-a489-456b-b66c-fe8389609df8"|"Eddie"|"Davis"|"M"|"51 Johnson Lake"|"001-403-810-1489x3917"|"Government social research officer"|"Rojas-Sampson"|"1940-01-28"
"86d9604a-477b-49a7-9280-36e1ee3a2979"|"Erica"|"Dunn"|"F"|"927 Anderson Parkways"|"+1-645-520-4825x9682"|"Best boy"|"Hoffman, Thompson and Barton"|"1961-12-16"
"42a04b35-b959-4e1f-aaaf-da16c6b59666"|"Justin"|"Morrison"|"M"|"729 Oneal Underpass"|"971-723-1614"|"Tour manager"|"Mason-Lynch"|"1942-05-11"
"7f674add-0da4-48e8-b14d-345b6817cd85"|"Kevin"|"Smith"|"M"|"120 Elizabeth Creek Apt. 423"|"+1-759-531-9835x702"|"Psychotherapist, child"|"Crawford LLC"|"1943-08-06"
"f7a320f5-8636-4afb-b9a6-87eaee7e9fca"|"William"|"Martin"|"M"|"542 Rachel Pine"|"(352)841-5885"|"Museum/gallery curator"|"Page, Lopez and Turner"|"1978-06-06"
"2771adc9-10ef-4ceb-adec-2cd55bc788ba"|"Lauren"|"Casey"|"F"|"797 Weaver Haven"|"6865089226"|"Trade union research officer"|"Velasquez LLC"|"1999-08-11"