<?xml version="1.0" encoding="UTF-8" ?><automobiles><automobile><person_id>be4927c1-663e-4dad-8adb-7ef016e531d2</person_id><license_plate>XVL 809</license_plate><vin>89EJMRXW5BLK2BH6Y</vin><color>Blue</color><year>1971</year></automobile><automobile><person_id>218158f2-80c9-4d8c-971d-10f3334a0879</person_id><license_plate>4IW 283</license_plate><vin>KEGYGZUG0XJLEGEC5</vin><color>CornflowerBlue</color><year>2017</year></automobile><automobile><person_id>218158f2-80c9-4d8c-971d-10f3334a0879</person_id><license_plate>3-23908</license_plate><vin>TGME22VKX1N5LC8VN</vin><color>DarkSlateGray</color><year>1988</year></automobile><automobile><person_id>c21f29d1-5c4b-4db5-a4ac-ea32af9ca7c1</person_id><license_plate>64C 3908</license_plate><vin>KU1RPZB38ZCCYNLL0</vin><color>Orange</color><year>1994</year></automobile><automobile><person_id>c21f29d1-5c4b-4db5-a4ac-ea32af9ca7c1</person_id><license_plate>657-258</license_plate><vin>PKYF5FJ46N64HAT53</vin><color>DarkGreen</color><year>1990</year></automobile><automobile><person_id>c21f29d1-5c4b-4db5-a4ac-ea32af9ca7c1</person_id><license_plate>743-DTC</license_plate><vin>NCADSE371U75LZLM4</vin><color>Silver</color><year>1988</year></automobile><automobile><person_id>fe591530-a037-41a9-97e4-ee7afb7ec5d9</person_id><license_plate>H05 4BE</license_plate><vin>8N622WHM12E5EBD2S</vin><color>Moccasin</color><year>1997</year></automobile><automobile><person_id>38763cbc-6301-4409-b720-849c1919d881</person_id><license_plate>70-3699O</license_plate><vin>C3KKEK476UNT72A3G</vin><color>Red</color><year>2002</year></automobile><automobile><person_id>5fc4de1e-4f7a-4b37-9e6a-7edf0c697b4b</person_id><license_plate>44RI2</license_plate><vin>C5R0N1M96HHT271D7</vin><color>Crimson</color><year>1990</year></automobile><automobile><person_id>13b94a89-f1e7-42c8-8e05-5fcec1983b82</person_id><license_plate>02-92570</license_plate><vin>L0BXFT4Z9VRAN9YX3</vin><color>LightGoldenRodYellow</color><year>2001</year></automobile><automobile><person_id>13b94a89-f1e7-42c8-8e05-5fcec1983b82</person_id><license_plate>759-976</license_plate><vin>C7A2JG4R98Y32GL05</vin><color>MediumPurple</color><year>2018</year></automobile><automobile><person_id>0bf9831e-d6e2-485a-830b-0e95e2e68c0e</person_id><license_plate>68N V26</license_plate><vin>L8BM2D4B46CRU24T9</vin><color>LightPink</color><year>1985</year></automobile><automobile><person_id>0bf9831e-d6e2-485a-830b-0e95e2e68c0e</person_id><license_plate>9GL G91</license_plate><vin>GJJAFPKF12N7ADMA9</vin><color>LightBlue</color><year>1984</year></automobile><automobile><person_id>b2c0e1bb-2679-457b-96a7-61bf54614e97</person_id><license_plate>EWI 337</license_plate><vin>CNYYTSAJ4ZJMEUAFW</vin><color>Beige</color><year>1992</year></automobile><automobile><person_id>b2c0e1bb-2679-457b-96a7-61bf54614e97</person_id><license_plate>ZNH 043</license_plate><vin>V12V9MZ84HD7XR1L8</vin><color>ForestGreen</color><year>1976</year></automobile><automobile><person_id>055d3012-fdf1-4471-be63-060ce0a21533</person_id><license_plate>1-6699W</license_plate><vin>Y65NEKBH0TH6EUZ25</vin><color>Orange</color><year>2022</year></automobile><automobile><person_id>055d3012-fdf1-4471-be63-060ce0a21533</person_id><license_plate>0V C8769</license_plate><vin>00BXNNWU9HK4NHYE8</vin><color>Brown</color><year>2011</year></automobile><automobile><person_id>055d3012-fdf1-4471-be63-060ce0a21533</person_id><license_plate>GUR-694</license_plate><vin>HPW2KTA778ZN3NPC3</vin><color>NavajoWhite</color><year>1991</year></automobile><automobile><person_id>1f037945-502c-4576-a088-9eb7504e6e17</person_id><license_plate>927 3KI</license_plate><vin>P28CMGBY9CCRUNZK6</vin><color>Chartreuse</color><year>2008</year></automobile><automobile><person_id>1f037945-502c-4576-a088-9eb7504e6e17</person_id><license_plate>80I C63</license_plate><vin>0U525P3S7S5U2Z27U</vin><color>Yellow</color><year>2009</year></automobile><automobile><person_id>93bbe492-f4cf-48c5-830a-1824c94f936c</person_id><license_plate>1584 PI</license_plate><vin>0E7ASR972NB87RSUA</vin><color>SpringGreen</color><year>1973</year></automobile><automobile><person_id>93bbe492-f4cf-48c5-830a-1824c94f936c</person_id><license_plate>594 2808</license_plate><vin>12Z8LZTW8JP8CKMPM</vin><color>Magenta</color><year>1991</year></automobile><automobile><person_id>428d925a-9e8d-46f1-99db-e20b08d34a5b</person_id><license_plate>WHH-5635</license_plate><vin>DDN30XV1XMLY1DAJ6</vin><color>DarkSlateGray</color><year>2018</year></automobile><automobile><person_id>7603a6c6-dc4b-45e0-997c-1fb9ea936fc0</person_id><license_plate>732-UXP</license_plate><vin>C1CW5L7S48WA8YBDF</vin><color>Silver</color><year>1975</year></automobile><automobile><person_id>7603a6c6-dc4b-45e0-997c-1fb9ea936fc0</person_id><license_plate>70P 015</license_plate><vin>CX4VHPZY11J7VT0R4</vin><color>Indigo</color><year>1990</year></automobile><automobile><person_id>12dc5444-e7d1-469f-9d14-2a7273d43e78</person_id><license_plate>HNO T15</license_plate><vin>NUW1JTSK7LBW4639A</vin><color>Thistle</color><year>2007</year></automobile><automobile><person_id>12dc5444-e7d1-469f-9d14-2a7273d43e78</person_id><license_plate>20-4255X</license_plate><vin>ZFL4J7Z0747ERXUJ3</vin><color>LawnGreen</color><year>2007</year></automobile><automobile><person_id>7003350b-61c5-44b6-b17c-bd6975a87626</person_id><license_plate>992 ANU</license_plate><vin>69LWNW5A0XW45Y9GW</vin><color>SteelBlue</color><year>2007</year></automobile><automobile><person_id>2bba5b14-caa0-43c5-97cd-43566659667c</person_id><license_plate>RIG 279</license_plate><vin>PPWAXZ0C1AFS7388K</vin><color>Fuchsia</color><year>1970</year></automobile><automobile><person_id>40fe8134-4a42-49df-9b44-25bcb4102c25</person_id><license_plate>586-UNO</license_plate><vin>V2NXSREY8J6EYL86E</vin><color>Pink</color><year>1995</year></automobile><automobile><person_id>6fb52d27-acc3-4394-9373-ecaba41e85ea</person_id><license_plate>GZ 1266</license_plate><vin>LD90YJMVXEA8W8UWE</vin><color>Sienna</color><year>2009</year></automobile><automobile><person_id>b4609863-f485-49f8-8df1-58d8ef2bbc94</person_id><license_plate>XVN-6923</license_plate><vin>1AYDSAYR6K64BMTEH</vin><color>DarkSlateBlue</color><year>1988</year></automobile><automobile><person_id>77703ac5-a41c-4118-b1c2-9c0480ab11d6</person_id><license_plate>11-S328</license_plate><vin>5BFDBXDY5RUCBF1KE</vin><color>Sienna</color><year>1982</year></automobile><automobile><person_id>a20a3f59-2b85-4150-903e-a8b5d64a83dc</person_id><license_plate>HVI-389</license_plate><vin>2KHKFS2J0U7HXBBSL</vin><color>WhiteSmoke</color><year>1978</year></automobile><automobile><person_id>a20a3f59-2b85-4150-903e-a8b5d64a83dc</person_id><license_plate>329-427</license_plate><vin>Y07E50DU5PMTV4HHA</vin><color>DimGray</color><year>2014</year></automobile><automobile><person_id>5d34c7d1-aad1-49a2-a73f-4ade8ebb5986</person_id><license_plate>746 7RE</license_plate><vin>ZWKYPR1N97688Y044</vin><color>WhiteSmoke</color><year>1990</year></automobile><automobile><person_id>16b51db6-97ba-4071-acf5-2f4111693bcf</person_id><license_plate>39-EU17</license_plate><vin>W5KDFM942WN0YPXMH</vin><color>MediumAquaMarine</color><year>1978</year></automobile><automobile><person_id>16b51db6-97ba-4071-acf5-2f4111693bcf</person_id><license_plate>UN 49620</license_plate><vin>B8XTGTL487HSS2RJF</vin><color>Orange</color><year>1995</year></automobile><automobile><person_id>16b51db6-97ba-4071-acf5-2f4111693bcf</person_id><license_plate>69-M897</license_plate><vin>SS9P6ZG58LNUT4UVL</vin><color>PeachPuff</color><year>1985</year></automobile><automobile><person_id>863bef79-7ba7-443f-9ca4-6ab6e0f8e814</person_id><license_plate>958BOU</license_plate><vin>8KH594BV61V7V45X2</vin><color>RosyBrown</color><year>1995</year></automobile><automobile><person_id>569c05a1-2e78-47af-b2bc-83551334e028</person_id><license_plate>3GK9798</license_plate><vin>V5R82KAJ6JU5DVSNK</vin><color>DarkKhaki</color><year>2023</year></automobile><automobile><person_id>569c05a1-2e78-47af-b2bc-83551334e028</person_id><license_plate>28TM807</license_plate><vin>LCMYJLVP20KV1H9JH</vin><color>CornflowerBlue</color><year>1982</year></automobile><automobile><person_id>093c22b5-b186-49bb-9fa0-cbfb89f0d61d</person_id><license_plate>OVJ D78</license_plate><vin>V4LNYBNR7FXV49RL8</vin><color>LawnGreen</color><year>2024</year></automobile><automobile><person_id>093c22b5-b186-49bb-9fa0-cbfb89f0d61d</person_id><license_plate>727UXG</license_plate><vin>6D6F8GNA323B5UP7R</vin><color>Aquamarine</color><year>2003</year></automobile><automobile><person_id>fd9945c7-b916-47ec-9b75-ad6513780a3a</person_id><license_plate>KJK-1744</license_plate><vin>B0CGKSB28HD01SSZ5</vin><color>GoldenRod</color><year>1982</year></automobile><automobile><person_id>93f2fcd0-9fa4-4276-b218-6345ca866845</person_id><license_plate>95J 587</license_plate><vin>6WPYAHYBXVSRADDWM</vin><color>MediumBlue</color><year>2022</year></automobile><automobile><person_id>93f2fcd0-9fa4-4276-b218-6345ca866845</person_id><license_plate>2IC 752</license_plate><vin>6RV71JUD5K44EZZE5</vin><color>Lavender</color><year>2009</year></automobile><automobile><person_id>a5b39a9a-a6cf-4de5-8b22-02fc9604966c</person_id><license_plate>8I 32135</license_plate><vin>XKN7N3V37XYD11PGL</vin><color>Navy</color><year>2012</year></automobile><automobile><person_id>a5b39a9a-a6cf-4de5-8b22-02fc9604966c</person_id><license_plate>EU 33870</license_plate><vin>SE0TGD851V9J5DSHM</vin><color>DimGray</color><year>1981</year></automobile><automobile><person_id>7c976c3c-a687-4885-a722-d2ab8ef19b91</person_id><license_plate>1SD 366</license_plate><vin>BWLRPY8Z5LULS73DK</vin><color>MediumSeaGreen</color><year>2017</year></automobile><automobile><person_id>f9572cfa-83f5-4401-b4eb-03b1391a8a55</person_id><license_plate>953 CM4</license_plate><vin>8S8MRUHS14AD1SYYW</vin><color>Olive</color><year>2002</year></automobile><automobile><person_id>f9572cfa-83f5-4401-b4eb-03b1391a8a55</person_id><license_plate>69K GW0</license_plate><vin>UT8371S7XDPEHZYAR</vin><color>MediumPurple</color><year>2003</year></automobile><automobile><person_id>ee79975a-c5a8-4d9f-b944-920651a3076f</person_id><license_plate>WCV-5403</license_plate><vin>FB3L8RMH31X40J2PD</vin><color>Gold</color><year>2020</year></automobile><automobile><person_id>29b757f2-809a-44f7-a9e8-f8fe65ea291d</person_id><license_plate>240 DEQ</license_plate><vin>FA1RK8MF7XN2SM8A1</vin><color>Moccasin</color><year>1984</year></automobile><automobile><person_id>29b757f2-809a-44f7-a9e8-f8fe65ea291d</person_id><license_plate>953-YKK</license_plate><vin>K64A5K732D34V56LV</vin><color>LawnGreen</color><year>1977</year></automobile><automobile><person_id>29b757f2-809a-44f7-a9e8-f8fe65ea291d</person_id><license_plate>446 5779</license_plate><vin>RXXCXYD76GRZKTFRY</vin><color>MintCream</color><year>2013</year></automobile><automobile><person_id>719027cf-1293-4884-9dea-51d6d8c1f27e</person_id><license_plate>9ZQ T33</license_plate><vin>ERH75AZF9YHSTFX7X</vin><color>SandyBrown</color><year>1989</year></automobile><automobile><person_id>719027cf-1293-4884-9dea-51d6d8c1f27e</person_id><license_plate>TID 744</license_plate><vin>0SPWF4D85PCWHM7RH</vin><color>LightSlateGray</color><year>2005</year></automobile><automobile><person_id>bed0fd8e-eadc-4e37-8bbd-ae93718b4b51</person_id><license_plate>OU 5301</license_plate><vin>7TPBU0LT4UHWLJ0J9</vin><color>RoyalBlue</color><year>1992</year></automobile><automobile><person_id>bed0fd8e-eadc-4e37-8bbd-ae93718b4b51</person_id><license_plate>47V XU8</license_plate><vin>ZGY9P5L3530GK74X7</vin><color>Silver</color><year>2006</year></automobile><automobile><person_id>cab07529-4e11-4183-b308-373e4039ad0f</person_id><license_plate>1W XE569</license_plate><vin>HLP69K548WLU8AN4M</vin><color>Beige</color><year>1997</year></automobile><automobile><person_id>85e18023-1a53-486c-bbf8-3a3ee7499b0e</person_id><license_plate>918 9824</license_plate><vin>PA2AVMRC97EBPN3D2</vin><color>LightCyan</color><year>2015</year></automobile><automobile><person_id>ffd25d72-9f59-44a0-9733-59b52e8b5309</person_id><license_plate>DZI-202</license_plate><vin>4YPDEX6Z206PFV4L5</vin><color>LightPink</color><year>1972</year></automobile><automobile><person_id>ffd25d72-9f59-44a0-9733-59b52e8b5309</person_id><license_plate>LFS5182</license_plate><vin>V7S4695M869YL885Y</vin><color>IndianRed</color><year>2006</year></automobile><automobile><person_id>2f7acfbd-d19a-403b-b987-bf9037b9c53b</person_id><license_plate>HB4 K8M</license_plate><vin>SKUHFRBW3FRA8XH1Y</vin><color>LightYellow</color><year>2012</year></automobile><automobile><person_id>6d415ca4-4f0b-4794-9d32-b99657a1f5b9</person_id><license_plate>5NB4375</license_plate><vin>DZ8XKR559DS8B1CVA</vin><color>SpringGreen</color><year>2015</year></automobile><automobile><person_id>6d415ca4-4f0b-4794-9d32-b99657a1f5b9</person_id><license_plate>LXC 904</license_plate><vin>Y3PPA9AM5EW7X0K7U</vin><color>LightSkyBlue</color><year>2003</year></automobile><automobile><person_id>6d415ca4-4f0b-4794-9d32-b99657a1f5b9</person_id><license_plate>HHK 534</license_plate><vin>M5PVYZ8C37JF69506</vin><color>Wheat</color><year>2023</year></automobile><automobile><person_id>766f90fe-1989-41fc-949e-c94be67c2baf</person_id><license_plate>956-ACN</license_plate><vin>S2Z0HCG72LBNLA2KU</vin><color>Yellow</color><year>1984</year></automobile><automobile><person_id>dc315cc7-86ff-4803-9c06-10b3479e3635</person_id><license_plate>UVM-8896</license_plate><vin>BX4MLTM97MG0E4UMH</vin><color>LawnGreen</color><year>2005</year></automobile><automobile><person_id>dc315cc7-86ff-4803-9c06-10b3479e3635</person_id><license_plate>H42-67Q</license_plate><vin>03JU3T8U9JDH4DE1R</vin><color>Orange</color><year>1988</year></automobile><automobile><person_id>dc315cc7-86ff-4803-9c06-10b3479e3635</person_id><license_plate>UJM-162</license_plate><vin>RKLKHKYB0PK775SG3</vin><color>OliveDrab</color><year>1979</year></automobile><automobile><person_id>0a374a5e-d131-4245-827c-84bf7d2eea9c</person_id><license_plate>3VV0068</license_plate><vin>FPNPNSKW9L2CA1HD6</vin><color>LightPink</color><year>1976</year></automobile><automobile><person_id>0a374a5e-d131-4245-827c-84bf7d2eea9c</person_id><license_plate>FHG9815</license_plate><vin>UY2ZWDDF9CDHYFHSJ</vin><color>LightPink</color><year>2017</year></automobile><automobile><person_id>0a374a5e-d131-4245-827c-84bf7d2eea9c</person_id><license_plate>2-P5069</license_plate><vin>19S043ZY3B7B7L8EF</vin><color>Turquoise</color><year>1972</year></automobile><automobile><person_id>e11383ca-0b7c-41e6-93ca-ee9792e71c44</person_id><license_plate>DDX 609</license_plate><vin>2X657AJL61GC0J023</vin><color>Salmon</color><year>1996</year></automobile><automobile><person_id>e11383ca-0b7c-41e6-93ca-ee9792e71c44</person_id><license_plate>0R 72590</license_plate><vin>PS9WE5MR910BXML8D</vin><color>SkyBlue</color><year>1971</year></automobile><automobile><person_id>8fe5d23e-14d2-4df1-ad05-01f17be94a0d</person_id><license_plate>947 OAW</license_plate><vin>0AN321913SLDMPMY9</vin><color>Azure</color><year>1979</year></automobile><automobile><person_id>8fe5d23e-14d2-4df1-ad05-01f17be94a0d</person_id><license_plate>0RNA885</license_plate><vin>P3U02TY02XKVNKA0Z</vin><color>Green</color><year>1991</year></automobile><automobile><person_id>7d2d0a03-3a48-4d2f-8fa0-3f87bd5572a7</person_id><license_plate>GGA2266</license_plate><vin>ZZ6P320E8638WGVZE</vin><color>MediumBlue</color><year>1978</year></automobile><automobile><person_id>b98693d8-e945-4069-94a3-32018933a230</person_id><license_plate>ZWK-050</license_plate><vin>X7REC1HZXG9AWUUJY</vin><color>LightPink</color><year>2022</year></automobile><automobile><person_id>5b3c3422-3798-43e7-8f1d-c1923b9f86de</person_id><license_plate>HEQ 834</license_plate><vin>RK82LCN05S31AEM4U</vin><color>CadetBlue</color><year>1974</year></automobile><automobile><person_id>5b3c3422-3798-43e7-8f1d-c1923b9f86de</person_id><license_plate>07H Z97</license_plate><vin>W60UY9YW18B25MR3V</vin><color>Turquoise</color><year>1973</year></automobile><automobile><person_id>3a022040-5116-486d-b2fb-3b379bd0de35</person_id><license_plate>64D 903</license_plate><vin>RC0HDZVA62YB6FT1R</vin><color>DeepPink</color><year>1978</year></automobile><automobile><person_id>3a022040-5116-486d-b2fb-3b379bd0de35</person_id><license_plate>38-YS71</license_plate><vin>1JF86RWJ36XEYBPP8</vin><color>Coral</color><year>1993</year></automobile><automobile><person_id>c21221c4-d9e6-41b9-b2bd-969ae0888205</person_id><license_plate>TR-9459</license_plate><vin>R8UCXMWN2W1XYZECC</vin><color>Sienna</color><year>1970</year></automobile><automobile><person_id>165bfbc3-efbf-470c-850c-b2cb4c33b86e</person_id><license_plate>45H W28</license_plate><vin>5DZUMPXF3AVNSHWZG</vin><color>DarkSlateBlue</color><year>1990</year></automobile><automobile><person_id>165bfbc3-efbf-470c-850c-b2cb4c33b86e</person_id><license_plate>5DE55</license_plate><vin>0CJU7PATXWUESSBDY</vin><color>Teal</color><year>1974</year></automobile><automobile><person_id>25794324-4302-4664-8b1a-899fcd35d4c6</person_id><license_plate>2Z QW269</license_plate><vin>UL5JTU1E0FVY1VG54</vin><color>RoyalBlue</color><year>1973</year></automobile><automobile><person_id>25794324-4302-4664-8b1a-899fcd35d4c6</person_id><license_plate>767J</license_plate><vin>6BMLELAF2U2PLTMBC</vin><color>FloralWhite</color><year>1976</year></automobile><automobile><person_id>83a81606-c425-47ea-ba3d-6551edde6262</person_id><license_plate>74OP553</license_plate><vin>T5BYUG8Y9074H9J4W</vin><color>Ivory</color><year>2004</year></automobile><automobile><person_id>6ce38ae4-94e2-48c6-877f-f7c29c325345</person_id><license_plate>512-IRA</license_plate><vin>6F9XW7A74W5HHWK9C</vin><color>DarkOliveGreen</color><year>1995</year></automobile><automobile><person_id>6ce38ae4-94e2-48c6-877f-f7c29c325345</person_id><license_plate>KX-7615</license_plate><vin>W73W9HT097U3JW2D0</vin><color>BurlyWood</color><year>1983</year></automobile><automobile><person_id>2ca6bdb6-0f02-4985-99ad-b3e69ceb53d3</person_id><license_plate>245QNS</license_plate><vin>CXM7M80AXH6TPKE59</vin><color>OrangeRed</color><year>1981</year></automobile><automobile><person_id>2ca6bdb6-0f02-4985-99ad-b3e69ceb53d3</person_id><license_plate>MOL 279</license_plate><vin>N08H3YL33W626LF8C</vin><color>LightSeaGreen</color><year>2023</year></automobile><automobile><person_id>27ecd164-407b-40f7-90e3-48a9d177ea41</person_id><license_plate>IWZ 275</license_plate><vin>ZK5MYB5S5TWN25ADW</vin><color>LightCyan</color><year>1991</year></automobile><automobile><person_id>6ee8d25f-0e61-48e4-b4bd-816a5067dd3c</person_id><license_plate>99-H913</license_plate><vin>V0TYD4RR00J37BKAB</vin><color>ForestGreen</color><year>2022</year></automobile><automobile><person_id>6ee8d25f-0e61-48e4-b4bd-816a5067dd3c</person_id><license_plate>417 AOL</license_plate><vin>T6DRCADG2VXN3DBBK</vin><color>Peru</color><year>1970</year></automobile><automobile><person_id>a158ff13-4ec7-48b7-adec-7cc278232e46</person_id><license_plate>PQX-5383</license_plate><vin>W80LDG3F9VKLW55Y9</vin><color>Peru</color><year>2022</year></automobile><automobile><person_id>ed0c70e4-7729-48ab-baf2-bb91b6471ca3</person_id><license_plate>5H K2150</license_plate><vin>LN156ZJC5MG70GXXP</vin><color>LightSteelBlue</color><year>2011</year></automobile><automobile><person_id>4e810058-30b9-4de7-9fbc-0e50025b5a69</person_id><license_plate>1DO28</license_plate><vin>EC2GWJB11F4D3E1VL</vin><color>MintCream</color><year>2007</year></automobile><automobile><person_id>4e810058-30b9-4de7-9fbc-0e50025b5a69</person_id><license_plate>WUT-975</license_plate><vin>N34EH6GM180SBVB2J</vin><color>LawnGreen</color><year>1982</year></automobile><automobile><person_id>c033c016-0b37-4777-8d6e-5e2abc6d81db</person_id><license_plate>6LZ4615</license_plate><vin>BTRBUYL99JY6XAPGF</vin><color>DarkGreen</color><year>1973</year></automobile><automobile><person_id>4450bebb-4f16-40e8-84e0-030908623319</person_id><license_plate>ZSY 979</license_plate><vin>HT7YKEH67U7L4CNKG</vin><color>DarkSlateGray</color><year>1982</year></automobile><automobile><person_id>4450bebb-4f16-40e8-84e0-030908623319</person_id><license_plate>FEA0325</license_plate><vin>WVLDTTXU52FPMZ16N</vin><color>LawnGreen</color><year>1984</year></automobile><automobile><person_id>4450bebb-4f16-40e8-84e0-030908623319</person_id><license_plate>521M</license_plate><vin>RNV01JYC9062H1UPD</vin><color>Green</color><year>2000</year></automobile><automobile><person_id>446b44c1-ce06-4ae1-ac10-4f3aff458c99</person_id><license_plate>89N 7484</license_plate><vin>GWG4MVVT2N471F2YC</vin><color>Peru</color><year>2010</year></automobile><automobile><person_id>6c568763-c460-4cdf-9972-9ceef77e9023</person_id><license_plate>WQB-0612</license_plate><vin>1VXLTCA42HEDX3JNM</vin><color>Violet</color><year>2016</year></automobile><automobile><person_id>537ee3c1-51b9-42ce-9185-3c58e2fe1fb5</person_id><license_plate>7ING 40</license_plate><vin>VZLTSZJE250BD08BE</vin><color>Sienna</color><year>1977</year></automobile><automobile><person_id>537ee3c1-51b9-42ce-9185-3c58e2fe1fb5</person_id><license_plate>213JZX</license_plate><vin>4H067Y4N8Y4F3W6R4</vin><color>BlanchedAlmond</color><year>1993</year></automobile><automobile><person_id>a8308c32-6f24-42fd-916c-c662f8d64e1f</person_id><license_plate>NKT9365</license_plate><vin>RDNAV5P161F4BLS5Z</vin><color>DarkMagenta</color><year>1995</year></automobile><automobile><person_id>a8308c32-6f24-42fd-916c-c662f8d64e1f</person_id><license_plate>ZWK 812</license_plate><vin>D78R7NZS1K2HGP6LU</vin><color>DeepSkyBlue</color><year>2019</year></automobile><automobile><person_id>088f53ad-ac23-41a9-ab2f-eccb76f32dfd</person_id><license_plate>736 DNR</license_plate><vin>PD08LPWV0H8N434VJ</vin><color>MediumVioletRed</color><year>1975</year></automobile><automobile><person_id>088f53ad-ac23-41a9-ab2f-eccb76f32dfd</person_id><license_plate>ABS-568</license_plate><vin>SJ6V85PU5ZT4UNX6E</vin><color>Crimson</color><year>2019</year></automobile><automobile><person_id>e4746636-3f99-4d47-8729-867bcd13d912</person_id><license_plate>0C Z5225</license_plate><vin>HAUMWHKN1K52MACCX</vin><color>Thistle</color><year>2005</year></automobile><automobile><person_id>1175efbe-3271-4782-ab30-de0fc8c4326c</person_id><license_plate>1Q D1944</license_plate><vin>T4AJXSGT8UXSZ6BJR</vin><color>LemonChiffon</color><year>2019</year></automobile><automobile><person_id>1175efbe-3271-4782-ab30-de0fc8c4326c</person_id><license_plate>2MK I27</license_plate><vin>YVDCVVPM7BZ538H4B</vin><color>IndianRed</color><year>1970</year></automobile><automobile><person_id>1175efbe-3271-4782-ab30-de0fc8c4326c</person_id><license_plate>612-VTL</license_plate><vin>SRX0STAG99E0WY98B</vin><color>WhiteSmoke</color><year>1998</year></automobile><automobile><person_id>f6fafe65-e7e3-46d7-8728-bc1cd3f8fd08</person_id><license_plate>855 FVM</license_plate><vin>NFSBN4DJ0TX8WGBRD</vin><color>Gold</color><year>2010</year></automobile><automobile><person_id>fa869967-b593-4518-8c93-548b6900025b</person_id><license_plate>7VAC458</license_plate><vin>27WG9NZX12DCD3UBW</vin><color>GoldenRod</color><year>1992</year></automobile><automobile><person_id>977cb2cd-b4fd-4dd9-9f43-9d23161caa58</person_id><license_plate>JKQ-230</license_plate><vin>9GWLARGJ10ZKEWFLA</vin><color>LightSteelBlue</color><year>2019</year></automobile><automobile><person_id>977cb2cd-b4fd-4dd9-9f43-9d23161caa58</person_id><license_plate>OWQ 099</license_plate><vin>0U2825GL06L7SE8C0</vin><color>DarkTurquoise</color><year>1970</year></automobile><automobile><person_id>4351ab7b-7a2b-4aa9-906b-882dad521fb8</person_id><license_plate>7XK1455</license_plate><vin>XBF51MV0126BCWLKC</vin><color>Navy</color><year>1977</year></automobile><automobile><person_id>775ec377-1242-4e1a-b4e3-97fa25e97385</person_id><license_plate>S 777781</license_plate><vin>NCWM71CN07BXE5UZV</vin><color>DeepPink</color><year>1989</year></automobile><automobile><person_id>552ec02d-54d4-4f28-a478-9a6f191158b4</person_id><license_plate>N76 7GF</license_plate><vin>VN34GZ8L3NBRDYHMM</vin><color>Silver</color><year>2022</year></automobile></automobiles>