"id"|"first_name"|"last_name"|"sex"|"address"|"phone_number"|"profession"|"company"|"date_of_birth"
"f9a714e8-03bf-4202-b39c-728d28823f44"|"Jacob"|"Gonzalez"|"M"|"365 Douglas Springs"|"001-802-480-3857x894"|"Scientist, marine"|"Olsen-Mills"|"1946-11-13"
"bbd6b7b4-2ff5-4335-ae8c-bebec48e377b"|"Kimberly"|"Snyder"|"F"|"104 Smith Avenue Apt. 759"|"001-912-508-1119x1814"|"Local government officer"|"Wilson PLC"|"1932-12-11"
"cd7653c7-547a-409e-b7c5-3beb9defdcb8"|"Donald"|"Zimmerman"|"M"|"396 Smith Ranch Suite 211"|"428.853.5970x42134"|"Brewing technologist"|"Adkins, Miles and Cox"|"1919-01-25"
"68bb4e5e-a810-4436-b00a-ae971ea911fe"|"Christina"|"Christian"|"F"|"285 Jeffery Spur Suite 411"|"(481)650-8174x482"|"Oncologist"|"Hunt, Lucas and Allen"|"1948-05-24"
"356cebf0-01cc-495d-a800-87ab4dbc5268"|"Heidi"|"Stone"|"F"|"582 Patricia Row"|"(270)561-9209x123"|"Proofreader"|"Castro and Sons"|"1912-11-24"
"906fb389-4df7-4016-99ab-2a086ade3a47"|"Alan"|"Rice"|"M"|"706 Patricia Row"|"422-680-9217x14551"|"Translator"|"Weaver-Vazquez"|"1991-02-01"
"76598441-2ed3-4718-b1fe-eb21afb5f243"|"Roger"|"Downs"|"M"|"962 Jeffrey Run"|"(904)892-4742"|"Careers adviser"|"Morris-Davis"|"1934-02-03"
"77edeca8-1899-4c73-af17-5a4245044f13"|"Kristie"|"Ray"|"F"|"958 Weaver Haven"|"001-788-926-7678"|"Set designer"|"Chavez PLC"|"1924-04-16"
"80c252e9-dfbd-4546-9561-ef422d1122a8"|"Courtney"|"Little"|"F"|"174 Pham Ports"|"(878)291-2524x0056"|"Health physicist"|"Mcknight PLC"|"2011-03-24"
"b97c0744-72e3-442b-99e0-a9f948c043aa"|"Jasmine"|"Drake"|"F"|"489 Morales Gardens Suite 197"|"001-959-806-1828x229"|"Microbiologist"|"Mcclain-Silva"|"1925-01-27"
"0def5bca-6c27-4459-a865-3bd906c91b0d"|"Alejandro"|"Green"|"M"|"284 Nicole Via"|"(277)259-7854"|"Radiographer, therapeutic"|"Miller-Mcclure"|"1958-01-23"
"2d9d5155-9e76-4659-bc74-48ee6a4c9d42"|"Mallory"|"Harris"|"F"|"578 Jacobs Ports Suite 715"|"3904581363"|"Clinical psychologist"|"Watkins-Roberts"|"2001-05-25"
"f2ea964b-9ded-40b3-b9d9-4a87fd52d62b"|"Thomas"|"Allen"|"M"|"426 Christine Gateway"|"4313171079"|"Nurse, mental health"|"Allen, Robbins and Brooks"|"2014-02-03"
"dbedafcd-fa3d-4182-bc94-ff4d27463b22"|"Michael"|"Brown"|"M"|"534 Shelton Run"|"+1-751-978-7105"|"Toxicologist"|"Wyatt Group"|"1945-05-02"
"f6c6c1fd-5f92-46ff-9f16-cf9906d81f25"|"John"|"Christian"|"M"|"692 Heather Garden Suite 383"|"5798709568"|"Environmental health practitioner"|"Baker PLC"|"1921-12-03"
"3770512c-2054-4153-a391-7087cdaf18af"|"Mark"|"Smith"|"M"|"418 Yates Harbor Suite 905"|"624.306.1687x707"|"Geologist, engineering"|"Pearson-Lara"|"1953-02-15"
"de16e543-9aed-4516-99a4-96a855c69273"|"Marcus"|"Gardner"|"M"|"495 Charles Extension Apt. 046"|"448-687-9397x07749"|"Hydrologist"|"Turner-Wood"|"1995-11-23"
"51bf3513-e077-4bb2-be1b-d8b27478408d"|"Natalie"|"Perez"|"F"|"939 Angela Lights"|"(612)440-6155x2375"|"Information systems manager"|"Hunter-Levy"|"1924-06-07"
"92282221-5927-4d42-85db-869fe2642635"|"Michael"|"Li"|"M"|"669 Andrew Street Apt. 107"|"451.864.8960x495"|"Tour manager"|"Williams Ltd"|"1987-02-22"
"b302d3eb-9d7d-4923-9bcc-96c3d12f7798"|"Morris"|"Barnett"|"F"|"668 Porter Overpass"|"873.825.4547x574"|"Social worker"|"Moore, Smith and Chapman"|"1964-06-25"
"e275b10b-867e-42ab-87f1-95d0494f6549"|"Kevin"|"Roberts"|"M"|"471 Charles Mall Apt. 745"|"001-273-927-8565x932"|"Chartered public finance accountant"|"Cunningham Group"|"1959-07-06"
"f1f22fb4-f57e-4362-a282-1f3aaffd07d4"|"Amy"|"Cervantes"|"F"|"420 David Course Apt. 455"|"687-437-1469"|"Market researcher"|"Ball-Olson"|"1950-08-13"
"1f87bee8-3984-4fa9-ab19-8a94e513d97e"|"Danielle"|"Leach"|"F"|"102 Robinson Highway"|"(919)351-2031x8552"|"Multimedia specialist"|"Burns, Hughes and Cortez"|"2018-06-11"
"a81162da-ba13-47c8-b36c-d359124520ad"|"Rachel"|"Berry"|"F"|"241 Randolph Way Suite 427"|"+1-528-858-7175x1932"|"Engineer, materials"|"Rodriguez Group"|"2016-11-20"
"a0830387-6296-45f2-bd91-92b1e0292f4e"|"Timothy"|"Casey"|"M"|"748 Brown Canyon Apt. 503"|"4945185636"|"Colour technologist"|"Williams-Brown"|"1932-08-14"
"2af601ba-7675-4ed3-a9f5-82646f2ef458"|"Crystal"|"Howard"|"F"|"28 Elizabeth Creek Apt. 423"|"275.490.7392x27903"|"Engineer, site"|"Santiago-Terry"|"1931-08-22"
"93d09d03-ff92-4fea-ab14-cea40f82b256"|"Victoria"|"Hurley"|"F"|"168 Daniel Plaza"|"001-835-784-9516x10594"|"Emergency planning/management officer"|"Stout Ltd"|"1985-07-13"
"410e4ea4-3b39-4630-9c20-b098c916d97c"|"Clark"|"Christian"|"M"|"982 Smith Ranch Suite 211"|"(763)386-2623x9642"|"Acupuncturist"|"Reed, Collins and Lee"|"1997-07-28"
"d5f27418-59dd-46d7-9e1d-842522281bda"|"Nicole"|"Morrison"|"F"|"732 Bailey Trail"|"001-362-402-7804x585"|"Translator"|"Gonzalez-Hoffman"|"1984-06-22"
"3508b17b-2c16-42a8-91fb-9a9051c9ae5c"|"Laurie"|"Smith"|"F"|"578 Weaver Haven"|"678.950.7309x4361"|"Health physicist"|"Shields, Taylor and Ferguson"|"1981-11-21"
"6c56d779-0ddb-49d0-8f32-fe8f26a5238e"|"Samuel"|"Mckee"|"M"|"558 Robinson Highway"|"(462)867-4307x85916"|"Press sub"|"Knight-Rodriguez"|"1944-04-18"
"1a244fe8-a06a-43a7-a331-ff46cfd9719e"|"Sierra"|"Parker"|"F"|"657 Welch Walk"|"(635)549-8600x7469"|"Community development worker"|"Garza Group"|"1914-09-20"
"d5671142-759c-43a4-a05e-33692257c804"|"Stacy"|"Cooke"|"F"|"266 Jeffery Village"|"+1-471-597-7781"|"Dealer"|"Giles, Francis and Moody"|"2016-04-07"
"a31f2c7e-63db-4796-a618-005f9a8d9eb8"|"Jose"|"King"|"M"|"881 Charles Extension Apt. 046"|"(283)967-0506"|"Insurance underwriter"|"Daniel-Bowers"|"1939-06-28"
"2ff10e62-7eea-4457-bf07-290149e00d53"|"Isabel"|"James"|"F"|"619 Martinez Grove Apt. 125"|"399.344.8196"|"Community education officer"|"Sherman LLC"|"1939-11-15"
"a9d2b32a-fcae-43d5-b889-5567692d434e"|"Christopher"|"Howell"|"M"|"906 Julia Station"|"(277)383-1231"|"Photographer"|"Brown-Levy"|"1951-02-21"
"92158585-3109-4d2b-b1d5-26b91be85e21"|"Meghan"|"Harrison"|"F"|"122 Hensley Park Suite 873"|"756.397.3883x768"|"Civil Service fast streamer"|"Crawford-Oliver"|"1948-06-13"
"33733e02-ef41-4877-a17e-5bc4e4e254d8"|"Olivia"|"White"|"F"|"440 Ashley Landing"|"492.473.4657x219"|"Equities trader"|"Tyler-Ramirez"|"1997-09-16"
"02da7c93-d193-417c-babc-03a368553f30"|"Diane"|"Downs"|"F"|"86 David Passage Suite 979"|"289-963-4911"|"Minerals surveyor"|"Richards-Williams"|"1981-10-05"
"e5aa1f7e-b5da-43db-9632-f2307bc8a4c1"|"Robert"|"Cole"|"M"|"915 Jessica Mountains Suite 248"|"894.455.7434"|"Journalist, magazine"|"Taylor Group"|"2018-05-03"
"b1e9ecc8-83df-4ab2-890a-8198f5ba5724"|"Angela"|"Ryan"|"F"|"145 Hanson Port"|"775-834-6405"|"Sub"|"Morrison-Marsh"|"2014-11-15"
"f84559ae-1e40-453a-9c50-98908ad255e2"|"Breanna"|"Haney"|"F"|"248 Pham Ports"|"619-872-6997"|"Engineer, site"|"White-Carroll"|"2015-10-12"
"1aaf761d-f520-46b2-a6db-380a9fd0b861"|"Lisa"|"Davis"|"F"|"403 Collins Skyway"|"001-319-956-8604"|"Chief of Staff"|"Williams-Benson"|"2017-01-24"
"688193cf-805d-4594-a451-e3d6e0e3922a"|"Michael"|"Patrick"|"M"|"134 David Passage Suite 979"|"3532655486"|"Network engineer"|"Harris, Thomas and Williams"|"1931-04-18"
"c3ffdb96-1012-46e7-a8e5-39d72f69489c"|"Laura"|"Solomon"|"F"|"266 Davis Landing"|"+1-509-664-2019x57684"|"Personnel officer"|"Hall, Williamson and Stewart"|"1990-08-22"
"e882a129-3e2a-4e84-81af-fff7681e3bf3"|"William"|"Hicks"|"M"|"329 Barry Shoal Suite 612"|"4374480253"|"Industrial/product designer"|"Rios-Walls"|"1927-08-30"
"3119c265-9d0f-4d4e-81a7-b66c0a60b541"|"Kelly"|"Baxter"|"F"|"968 Lewis Trace"|"001-510-465-1204x3742"|"Programmer, systems"|"Mitchell-Campbell"|"2016-10-09"
"6acf49b2-cc19-4535-9f63-ffda29bcbe12"|"Emily"|"Saunders"|"F"|"914 Chandler Tunnel Suite 681"|"506-883-5139"|"Civil Service administrator"|"Brown, Kelley and Reynolds"|"1927-03-15"
"31e4bf88-2796-4fa7-97bf-679bf11815a2"|"Michael"|"Terry"|"M"|"625 Stacey Via Suite 001"|"(302)677-3527x10605"|"Therapist, art"|"Herrera-Weaver"|"2020-09-05"
"b54cbd6b-90da-45fa-bb43-d0b18b278ac9"|"Laurie"|"Wilson"|"F"|"497 Catherine Cove"|"001-422-983-1829x24982"|"Brewing technologist"|"Prince Ltd"|"1987-03-11"
"f732434c-88a9-4db5-91a3-38f8be8f948b"|"Christopher"|"Cooke"|"M"|"585 Luna Loop"|"001-240-293-6237"|"Energy manager"|"Santiago LLC"|"1967-06-06"
"c9708c0f-2b0b-480b-8e0e-348230cc534e"|"Benjamin"|"Burns"|"M"|"169 Moore Crossroad Apt. 549"|"(386)780-8049"|"Recycling officer"|"Wallace-Bishop"|"1947-10-03"
"aadcb715-53ab-4b53-ac4c-d5fa9b79844c"|"Frederick"|"Fernandez"|"M"|"329 Diana Point"|"301-285-3962"|"Research officer, government"|"Taylor-Peters"|"1921-09-13"
"2bc4a0c0-6f74-4705-8366-e1fece2081b3"|"Kristina"|"Mitchell"|"F"|"517 Smith Avenue Apt. 759"|"001-501-457-2255x7647"|"Historic buildings inspector/conservation officer"|"Gray and Sons"|"1994-01-01"
"882b8248-15c2-4635-a9e3-b3c5356e2c3a"|"William"|"Howard"|"M"|"231 Matthew Valleys Suite 832"|"001-406-865-0656x926"|"Ophthalmologist"|"Mack, Maldonado and Salazar"|"1923-06-24"
"2c24b08a-f4b4-4c9c-b3d1-dabc698269f8"|"Deanna"|"Nichols"|"F"|"967 Anderson Port"|"540.959.9470"|"Therapist, sports"|"Adams, Johnson and Eaton"|"1928-06-02"
"a25d5542-2938-4497-b9e8-bdff5ab5ea45"|"Joe"|"Little"|"M"|"515 Ashley Landing"|"(290)372-3912x388"|"Nurse, mental health"|"Brennan PLC"|"1910-09-06"
"c771778d-eeea-44cb-9588-e2cede29ecd3"|"Angela"|"Barnes"|"F"|"399 David Course Apt. 455"|"(534)933-0944"|"Chartered accountant"|"Weaver, Perez and Phillips"|"1944-08-26"
"8e759a7f-bee1-455a-97b9-f7bc84354850"|"Angel"|"Parker"|"F"|"241 Montoya Walk Apt. 578"|"802.449.4182"|"Materials engineer"|"Cooper, Kennedy and Hill"|"1994-11-12"
"701c6d4f-ad8c-4156-8e9e-8a7a1115f372"|"Michael"|"Parker"|"M"|"738 Colleen Mount"|"359.544.5325x13556"|"Engineer, petroleum"|"Mcmahon Group"|"2013-01-12"
"8d4604ea-7f88-429f-a2ee-bdcbca1e72b6"|"Monique"|"Downs"|"F"|"154 Gray Walks Apt. 075"|"810-408-4463"|"Special effects artist"|"Patterson Inc"|"1928-10-07"
"34c427f1-c7a1-489b-917d-900aaaffd61b"|"Stephen"|"Bailey"|"M"|"927 Christopher Ways"|"+1-200-716-1606x201"|"Water quality scientist"|"Dixon, Hernandez and Avery"|"1969-03-17"
"4f8eb7d6-82eb-495e-8270-fa4190de3f17"|"Crystal"|"Barnes"|"F"|"769 Jeffery Spur Suite 411"|"+1-378-726-8429x731"|"Careers information officer"|"Long Inc"|"2005-06-29"
"d8e6fcc5-81f8-4493-9b75-cdfe2f920dd9"|"Frank"|"Alvarez"|"M"|"842 Wyatt Pike Suite 863"|"4997159537"|"Engineer, control and instrumentation"|"Jennings Ltd"|"1953-09-19"
"2d5e00c0-b0a3-4904-a364-d644c9f8a837"|"Brian"|"Roberts"|"M"|"278 Cooley Dam Apt. 601"|"001-609-459-7196"|"Nurse, adult"|"Saunders-Mitchell"|"1912-06-08"
"d95a1d43-555c-40b3-9a9d-38e09547207e"|"William"|"Burns"|"M"|"423 Christopher Tunnel"|"(231)572-9081"|"Broadcast journalist"|"Rivera, Kent and Goodwin"|"1929-10-08"
"fa98377d-22f8-484c-a399-3f82f9b423c6"|"David"|"Little"|"M"|"746 Martinez Grove Apt. 125"|"+1-258-343-4230"|"Geochemist"|"Cole-Valencia"|"1930-10-31"
"62913936-6b46-4cfb-984b-b23211683002"|"Carl"|"Solomon"|"M"|"492 Johnson Throughway"|"926-545-4803"|"Lobbyist"|"Smith-Sanchez"|"2014-06-09"
"cf080699-1ad3-4cea-83b7-4f579fca26b4"|"April"|"Ramirez"|"F"|"612 Newton Wall"|"8125648985"|"Civil engineer, consulting"|"Morris, Schneider and Pruitt"|"1984-07-29"
"afb7c66e-525e-467b-8238-c856548fca8c"|"Mark"|"Burns"|"M"|"720 Newton Wall"|"280-802-1950x0321"|"Designer, textile"|"Bentley-Hale"|"1964-12-05"
"b571124d-5811-4c49-8992-47af93729186"|"Richard"|"Christian"|"M"|"151 Brown Canyon Apt. 503"|"668.550.2843"|"Human resources officer"|"Leach PLC"|"1974-07-08"
"12d26e95-4b32-4b1c-907c-6183bd2288b5"|"Ryan"|"Villanueva"|"M"|"880 Jessica Mountains Suite 248"|"001-903-552-2650x264"|"Information systems manager"|"Harris, Rodriguez and Fuller"|"1964-07-23"
"5943a7eb-5714-419f-8bbc-fd765e7e4b8a"|"Brooke"|"Osborne"|"F"|"125 Arnold Cliffs"|"679-956-4866"|"Biochemist, clinical"|"Smith, Wells and Reed"|"2013-03-25"
"d9306d5f-96a0-405e-9902-76dd7d3de8a0"|"Tiffany"|"Morgan"|"F"|"440 Mills Springs"|"850-661-3179"|"International aid/development worker"|"Summers-Barrera"|"1975-09-13"
"671d4ea0-18fe-4cc4-82cd-97fe7291349a"|"Michael"|"Green"|"M"|"535 Wyatt Pike Suite 863"|"221-923-8296"|"Broadcast engineer"|"Brown Group"|"1918-08-18"
"2f57c902-383e-4153-b4c1-f7fa6d46853f"|"Andersen"|"Phillips"|"M"|"215 Haney Prairie Suite 518"|"2627929124"|"Medical secretary"|"Salas-Garcia"|"1960-02-23"
"e853da20-ac52-4512-a4a3-41b8789d6693"|"Kyle"|"Hernandez"|"M"|"705 Charles Extension Apt. 046"|"(584)474-7018x930"|"Engineer, mining"|"Mcclure PLC"|"2002-11-24"
"a10fb9c6-0a1f-4911-96c6-a9b3606c60d5"|"Henry"|"Williams"|"M"|"310 Shepard Bridge"|"(607)705-4356"|"Scientist, research (physical sciences)"|"Kim and Sons"|"1954-02-26"
"f859e188-06e1-42d7-88ec-ca175a8030e1"|"Sandra"|"Harper"|"F"|"191 Kari Alley Suite 131"|"001-610-957-5053x6302"|"Social research officer, government"|"Kelley Ltd"|"2015-01-27"
"2cfa5b90-fa50-48b6-b6e1-224ca68156fb"|"Allison"|"Howard"|"F"|"365 Dakota Extensions"|"(540)534-5179"|"Secretary/administrator"|"Cooper-Cox"|"1914-07-04"
"cf156fca-ba3d-4b97-adb6-54ff0a31b18b"|"Jacob"|"Lee"|"M"|"820 Scott Valleys Suite 598"|"735-379-7920x5969"|"Adult nurse"|"Hamilton, Moreno and Walker"|"2001-04-29"
"4f595522-467d-4fbc-a009-c7f70ead14de"|"Sarah"|"Mejia"|"F"|"566 Barron Hollow"|"(445)743-3248x353"|"Engineer, materials"|"Zimmerman, Wheeler and Hogan"|"1978-01-03"
"2bd7a01c-8209-47e9-830d-2cba5baeacf3"|"Michael"|"Gonzalez"|"M"|"458 David Course Apt. 455"|"847.388.9876"|"Press photographer"|"Serrano and Sons"|"1971-04-02"
"edb3fb84-89e4-4f10-834d-1aaca259aa04"|"Stephen"|"Spencer"|"M"|"268 Ortiz Brooks"|"001-626-985-5545x6397"|"Surveyor, mining"|"Rodgers-Hernandez"|"2003-12-10"
"5917102d-6683-4b0c-a705-d69ad3037a4a"|"Oscar"|"Walker"|"M"|"793 Bailey Trail"|"001-469-871-6156x0827"|"Prison officer"|"Clark-Brown"|"1950-11-25"
"f14a5e66-daa1-4c6f-a772-49a3cfb52d18"|"Ashley"|"Christian"|"F"|"100 Rachel Pine"|"(545)453-2194x977"|"Claims inspector/assessor"|"Brown, Powell and Vazquez"|"2010-07-21"
"4f1942c0-1942-470d-b596-7d530d055cfc"|"Sarah"|"Barnes"|"F"|"350 Alexandra Bridge Suite 474"|"961-584-5797"|"Teacher, secondary school"|"Jordan-Sullivan"|"1988-12-22"
"09577cab-a328-4ac6-b55d-4d1f9a06ec8b"|"Michael"|"Hughes"|"M"|"440 Ashley Landing"|"6319287911"|"Nature conservation officer"|"Ward and Sons"|"1921-09-13"
"3f2df6c0-d352-4359-924d-9b050e3c094f"|"Andrew"|"Barnes"|"M"|"555 Morales Gardens Suite 197"|"+1-232-277-1700x311"|"Stage manager"|"Norman, Kelly and Hart"|"1968-04-09"
"3a7d3d69-90c5-489d-87a9-34e28faa1d20"|"Mary"|"Dean"|"F"|"489 Amanda Curve"|"733.897.0294x71646"|"Pension scheme manager"|"Hamilton Group"|"1975-03-14"
"97f97313-cdce-4dee-93db-99e6b41d9c05"|"Christian"|"Howard"|"M"|"950 Phillip Spring"|"546-492-5862x86382"|"Mechanical engineer"|"Stewart-Mcdonald"|"1986-11-15"
"22e7d7bb-092e-4d80-a7e6-77d004811529"|"Tamara"|"Park"|"F"|"656 Barry Shoal Suite 612"|"(751)650-5795"|"Set designer"|"Lewis-Berger"|"1969-07-09"
"abcdd629-2fdc-4e80-9b9d-0bec13fa6e80"|"Heather"|"Little"|"F"|"149 Heather Garden Suite 383"|"765-254-0196x381"|"Camera operator"|"Walsh Inc"|"1953-08-02"
"972b013d-5119-4aeb-8573-a36a299b9e74"|"Briana"|"Curry"|"F"|"709 Randall Burg"|"607-525-0076x78546"|"Pilot, airline"|"Sherman Group"|"1988-03-10"
"833120a8-0522-45c6-838f-ae0b2d89e29b"|"Julie"|"Jones"|"F"|"272 Michael Circles Suite 720"|"289-567-3601"|"Astronomer"|"Stewart Group"|"1913-02-03"
"fbd0aeb2-8377-4aa3-9b3e-368b7c857f2a"|"Brittany"|"Steele"|"F"|"273 Barry Shoal Suite 612"|"(700)456-9337x113"|"English as a foreign language teacher"|"Weber-Payne"|"1962-09-24"
"fc1b0bfd-f05b-4302-bbd0-1df4aaac5e09"|"Pamela"|"Zimmerman"|"F"|"101 Tim Avenue Apt. 437"|"(418)240-5673"|"Designer, blown glass/stained glass"|"Cervantes-Bowers"|"1942-04-03"
"d7bb7af2-3aec-4d5c-86f1-e7527556eb87"|"Amber"|"Taylor"|"F"|"408 Smith Ranch Suite 211"|"663-997-4705x517"|"Armed forces operational officer"|"Jones, Barton and Hodges"|"1999-04-01"
"0db1f4af-43d4-4043-ada7-72ee3ceadc96"|"Kayla"|"Alvarez"|"F"|"96 John Fall Apt. 476"|"+1-708-789-4203x3746"|"Biomedical scientist"|"Hernandez, King and House"|"1921-07-15"
"95256882-9722-471b-a64d-31e136fc20c4"|"Susan"|"Barnes"|"F"|"964 Barry Shoal Suite 612"|"(270)761-5513"|"Public house manager"|"Collins, Erickson and Lopez"|"2014-04-02"
"43ea54f5-e2ef-447d-b75b-8264e75cfc3b"|"Hill"|"Matthews"|"M"|"722 Jeffery Isle"|"001-868-701-6892x3619"|"Research officer, political party"|"Mitchell Inc"|"2006-02-28"
"b28c4599-8df8-4068-a881-c43bf7c387b5"|"Carolyn"|"Mckee"|"F"|"885 Aimee Circles"|"379.368.1911x85567"|"Statistician"|"Miller, Wells and Reed"|"2010-09-26"
"17087d50-5b94-4673-bc86-408b17f0cc2e"|"Bradley"|"Freeman"|"M"|"165 Weeks Meadow Suite 683"|"001-747-608-2928x4650"|"Chief of Staff"|"Moon Inc"|"1951-10-14"
"b2c7b17e-e6fe-4afb-8125-aabf2c5372b0"|"Zachary"|"Downs"|"M"|"871 Jennifer Track"|"719-434-1350x41171"|"Radiation protection practitioner"|"Ward, Garner and Simpson"|"1961-12-07"
"323f48a9-f6e6-4d56-b0e4-d8bdcc7853e3"|"Andrew"|"White"|"M"|"898 Robert Way"|"313.821.5348x80271"|"Air traffic controller"|"Cortez, Ramsey and Ruiz"|"1973-04-20"
"9b3d690a-2915-4541-8f9a-edacc2031942"|"Andrea"|"Boone"|"F"|"132 Colleen Mount"|"001-958-848-5952x3092"|"Programmer, systems"|"Washington Group"|"1989-06-02"
"72addd05-3319-4346-b962-c85a57bd577c"|"Andrea"|"White"|"F"|"648 Smith Ranch Suite 211"|"(340)481-3476x42358"|"Designer, textile"|"Johnson, Roman and Miller"|"2015-01-14"
"1268a72f-c42c-4ac6-b538-78bf51447a72"|"Dennis"|"Mendoza"|"M"|"95 Aimee Circles"|"001-699-744-5486"|"Designer, blown glass/stained glass"|"Fisher-Clay"|"1917-03-14"
"cd8b3491-0e1e-4f3b-b139-48e37eb2b5ba"|"Amanda"|"Reyes"|"F"|"742 Davis Landing"|"+1-687-915-7790x62108"|"Surveyor, land/geomatics"|"Pierce, Harmon and Webb"|"1995-05-09"
"64d87982-9bf4-4a34-aa8a-c23d0dc332e9"|"Justin"|"Downs"|"M"|"389 Padilla Estate Suite 556"|"001-240-339-0823x607"|"Public affairs consultant"|"Moore and Sons"|"1967-09-23"
"e43a705d-17f6-4375-af2a-80e18ebd8b6f"|"Brian"|"Faulkner"|"M"|"899 Jeffery Spur Suite 411"|"+1-614-323-0364x96935"|"Engineer, mining"|"Booker Inc"|"1909-09-15"
"984f8548-1821-445c-834b-7754e233e8e6"|"Patrick"|"Tyler"|"M"|"966 Johnson Plains Suite 376"|"996-708-9375x936"|"Estate manager/land agent"|"Martinez Inc"|"1928-09-22"
"ce3ef924-1ca3-4162-a2d9-029482d4d6e2"|"Aaron"|"Wilson"|"M"|"517 Simpson Mill Apt. 030"|"+1-963-251-8270"|"Paediatric nurse"|"Bell-Parker"|"1946-10-05"
"9b844668-5801-4894-bbdf-554a2ece4eb7"|"Samantha"|"Gates"|"F"|"467 Douglas Springs"|"(672)444-9585"|"Dramatherapist"|"Stuart-Williams"|"1908-08-03"
"3572964e-8aaa-4aab-b854-d5702970a4f6"|"Nicholas"|"Riddle"|"M"|"404 Garcia Road Suite 143"|"258-830-9419x9414"|"Television floor manager"|"Mckinney, Hodge and Hayden"|"2023-10-15"
"3469d7b6-513b-41f3-8753-19e8c95f3414"|"Robin"|"Villanueva"|"F"|"968 Murphy Creek Suite 712"|"551-960-1899x1126"|"Site engineer"|"Murray and Sons"|"1947-02-21"
"458b9e48-90a4-4ab8-ba95-df81b0d42256"|"Elizabeth"|"Hernandez"|"F"|"322 David Course Apt. 455"|"(660)451-2189"|"Civil Service administrator"|"Dillon, Taylor and Benson"|"1929-09-11"
"0b787edb-2276-4989-8f09-754cd457bf9a"|"Katrina"|"Goodwin"|"F"|"787 Jonathan Stravenue"|"503.756.9332x32637"|"Copywriter, advertising"|"Dillon Ltd"|"1986-01-23"
"2826529f-69a2-4b6f-8332-d0b1f01d5e5b"|"Robert"|"Downs"|"M"|"451 Monica Burgs Suite 695"|"809-296-4124"|"Engineer, manufacturing"|"Garrett, Roberts and Johnson"|"1933-11-16"
"9b0b4b8f-eaa1-4a4b-97ed-d269e7713450"|"Jason"|"Willis"|"M"|"810 Garcia Road Suite 143"|"001-840-353-5319x331"|"Production designer, theatre/television/film"|"Castro-Frank"|"1923-04-09"
"fad9b9a8-8c09-4f6e-85f0-88e144c03534"|"Lisa"|"Orozco"|"F"|"444 King Land"|"001-925-930-0313"|"Geologist, engineering"|"Klein-Moore"|"1966-06-11"
"5fe0c313-41f3-46e2-b04c-599b043812a1"|"Alexander"|"Buchanan"|"M"|"149 Hanson Port"|"459-218-5577x22173"|"Retail buyer"|"Hernandez-Huber"|"1937-01-22"
"ce8d19ac-5657-4b17-85a5-50c5b936e0e9"|"Amanda"|"Parker"|"F"|"485 Jeffrey Run"|"766.917.9862"|"Administrator, education"|"Dougherty-Smith"|"2004-06-28"
"a50cd272-a95f-42c5-9fe0-264444f2350e"|"Jerry"|"Little"|"M"|"979 Thornton Land Suite 697"|"(989)902-9405"|"Investment banker, corporate"|"Zamora-Day"|"1968-06-03"
"fd8b0b53-6690-42c3-9efd-64590ad1b0dc"|"Wise"|"Robinson"|"F"|"631 Ortiz Brooks"|"+1-590-936-1987"|"Learning disability nurse"|"Perkins-Simmons"|"2016-10-17"
"cf10a9ca-d8c8-4c1e-a791-1c6cdba1371f"|"Hall"|"Roberts"|"M"|"800 Montoya Walk Apt. 578"|"(839)896-5624"|"Pharmacist, hospital"|"Green, Brown and Wilkins"|"1940-09-21"
"658f451d-a19a-43a7-8bf1-e7f4c88030ed"|"John"|"Arnold"|"M"|"477 Morales Gardens Suite 197"|"(677)688-7152x05285"|"Water engineer"|"Patterson LLC"|"2009-03-01"
"b476832d-796c-416d-9259-b084268c3a85"|"Michael"|"Foster"|"M"|"16 Weaver Haven"|"838.632.1391"|"Publishing copy"|"Cobb-Curtis"|"1973-11-09"
"8c160963-ab5e-4b2d-8b51-65ba7567db46"|"Tara"|"Hale"|"F"|"412 Mills Springs"|"(798)730-3511x585"|"Theatre manager"|"Waters-Mathis"|"1961-07-11"
"a314cb2d-1904-4e07-9d46-07594edf5bab"|"Stephanie"|"Zimmerman"|"F"|"887 Monica Burgs Suite 695"|"(762)866-7244"|"Forensic scientist"|"Pratt, Jenkins and Craig"|"1926-05-05"
"bf9c8ebd-8855-4306-86be-da585e434cc9"|"Seth"|"Ramirez"|"M"|"982 Anderson Parkways"|"(349)694-9646x17827"|"Geographical information systems officer"|"Lewis-Harrison"|"1916-11-29"
"3821eefd-1338-4fd2-b48e-6eea4f4b861e"|"Shannon"|"Conway"|"F"|"128 Nelson Estate"|"(881)735-3487"|"Audiological scientist"|"Moore, French and Smith"|"1970-08-30"
"47287f0d-46ca-4462-9379-3da8bbdda864"|"Thomas"|"Gardner"|"M"|"863 Jackson Harbors Suite 257"|"+1-216-710-3952x2081"|"Politician's assistant"|"Ray-Elliott"|"1912-01-05"
"3dbc5580-970a-4d23-a996-16b12576f0c9"|"Ernest"|"Hanson"|"M"|"553 Rachel Pine"|"(515)718-5580x99158"|"Conservation officer, nature"|"Davis PLC"|"1925-07-17"
"7d4c2071-0d2f-41f2-993b-c6f5928d84a4"|"Jorge"|"Lynn"|"M"|"491 Rachel Pine"|"4418252587"|"Civil engineer, contracting"|"Pope and Sons"|"1960-04-30"
"cad166d5-7b6f-4a25-b405-7377309439ff"|"Karen"|"Browning"|"F"|"857 Rivers Squares"|"(756)801-4416x703"|"Engineer, materials"|"Garcia LLC"|"1908-09-11"
"352ce2ff-2cd3-4391-96e0-56b9407f4e6f"|"Jessica"|"Anderson"|"F"|"833 Patricia Trafficway Apt. 188"|"529-242-4478"|"Nurse, mental health"|"Perez-Williams"|"1977-02-01"