<?xml version="1.0" encoding="UTF-8" ?><automobiles><automobile><person_id>bd31cf8c-9516-4c05-b51c-e56e46c6e0eb</person_id><license_plate>039-YMF</license_plate><vin>0PK5WM9411FA8ZZZ4</vin><color>PowderBlue</color><year>1998</year></automobile><automobile><person_id>b754baad-7a14-4c8c-a2ce-568b3c8c8238</person_id><license_plate>38-5722P</license_plate><vin>TPPFC6YT9773RHV4L</vin><color>Gainsboro</color><year>1977</year></automobile><automobile><person_id>fb09f16e-c2e1-43e0-9eef-a05016470878</person_id><license_plate>306YCR</license_plate><vin>TAVXAXFK9PM098N22</vin><color>YellowGreen</color><year>1986</year></automobile><automobile><person_id>fb09f16e-c2e1-43e0-9eef-a05016470878</person_id><license_plate>63-EC29</license_plate><vin>GN2LL2732HZ2EW1XU</vin><color>LightGoldenRodYellow</color><year>1986</year></automobile><automobile><person_id>b067ad24-85ba-4a2f-b4fb-eb7050ccaa35</person_id><license_plate>LEQ 478</license_plate><vin>VS24YEKL9DTVTKBYC</vin><color>ForestGreen</color><year>2022</year></automobile><automobile><person_id>b067ad24-85ba-4a2f-b4fb-eb7050ccaa35</person_id><license_plate>JRO 707</license_plate><vin>XL4NLXA07JS54G7RA</vin><color>LightCyan</color><year>1971</year></automobile><automobile><person_id>7801f632-626f-4fe6-9353-f6accc566fa5</person_id><license_plate>70O A90</license_plate><vin>FMBFG1XB73MAHB1G8</vin><color>Maroon</color><year>1992</year></automobile><automobile><person_id>9d7ce5ff-5960-4d1c-baf3-d834b38c5201</person_id><license_plate>XUV J31</license_plate><vin>CFCYYGFF9P8DESL6D</vin><color>DarkViolet</color><year>2006</year></automobile><automobile><person_id>18a6b8d3-ea27-4a56-88a5-d8641ff7ea1b</person_id><license_plate>438-PIDA</license_plate><vin>UYLUDESH9843SJG90</vin><color>FireBrick</color><year>1972</year></automobile><automobile><person_id>a7c65d99-44a6-4f60-b100-cb963a8f08c6</person_id><license_plate>QDY-3929</license_plate><vin>LPLS2YE67TUTXKPBF</vin><color>Crimson</color><year>1975</year></automobile><automobile><person_id>a7c65d99-44a6-4f60-b100-cb963a8f08c6</person_id><license_plate>Z 637763</license_plate><vin>5Y2K6VVWX4D0TA322</vin><color>Sienna</color><year>2002</year></automobile><automobile><person_id>03a6ffb9-832b-40ac-975c-8d456cf1e259</person_id><license_plate>SWT 5208</license_plate><vin>RDRV4KB172S22L945</vin><color>Chartreuse</color><year>1985</year></automobile><automobile><person_id>03a6ffb9-832b-40ac-975c-8d456cf1e259</person_id><license_plate>ZPR 180</license_plate><vin>ZENVMTA32ZV4V56LU</vin><color>Chocolate</color><year>1995</year></automobile><automobile><person_id>03a6ffb9-832b-40ac-975c-8d456cf1e259</person_id><license_plate>CIZ-8827</license_plate><vin>GW5WJ68M3UXV3VUH4</vin><color>GreenYellow</color><year>1973</year></automobile><automobile><person_id>d473ead2-4e8f-40c4-b56f-c1aaacdf7d87</person_id><license_plate>19-V303</license_plate><vin>082DCTZ35RCKX0CM2</vin><color>OrangeRed</color><year>2006</year></automobile><automobile><person_id>21e2872b-bc85-4c2f-9b14-0c86c26434bd</person_id><license_plate>5ZO U07</license_plate><vin>VZFCWC105AKX6JJ4S</vin><color>NavajoWhite</color><year>1975</year></automobile><automobile><person_id>d345d3d0-f572-46a5-b639-ce6f5fd10318</person_id><license_plate>MPX-3074</license_plate><vin>6AKEZ6DE65S71XBXR</vin><color>MintCream</color><year>2007</year></automobile><automobile><person_id>706f368b-ee39-4e6f-a3d4-598372322d44</person_id><license_plate>3KU 339</license_plate><vin>G5PPVJPP0ZNWGYFJP</vin><color>MintCream</color><year>2007</year></automobile><automobile><person_id>706f368b-ee39-4e6f-a3d4-598372322d44</person_id><license_plate>58-HL95</license_plate><vin>7TVAVYC96CSYE30Y2</vin><color>SaddleBrown</color><year>1974</year></automobile><automobile><person_id>28604322-79ab-46c8-8943-124391331268</person_id><license_plate>365VAY</license_plate><vin>R7M90HEE7TPCE9T6U</vin><color>Cyan</color><year>2005</year></automobile><automobile><person_id>28604322-79ab-46c8-8943-124391331268</person_id><license_plate>197300</license_plate><vin>4HL6SGCC57TF69EXS</vin><color>Orchid</color><year>1997</year></automobile><automobile><person_id>1f4ef592-a787-494b-89cf-d0c18e67b171</person_id><license_plate>L59 3FB</license_plate><vin>RXX6P1LZ0SHC55WFD</vin><color>DeepPink</color><year>1987</year></automobile><automobile><person_id>e769fb8d-96ff-4399-b101-a0722fbf66b8</person_id><license_plate>920-TUU</license_plate><vin>BR568BEY6JH33MEB5</vin><color>Tomato</color><year>2011</year></automobile><automobile><person_id>12331321-5cd6-42db-8a7e-28dcc3141968</person_id><license_plate>HAR 217</license_plate><vin>XZ3RVWPWXYR23LKHE</vin><color>Chocolate</color><year>2011</year></automobile><automobile><person_id>12331321-5cd6-42db-8a7e-28dcc3141968</person_id><license_plate>3JA W98</license_plate><vin>7SS8SXS50X941AA7X</vin><color>Blue</color><year>1977</year></automobile><automobile><person_id>722631bb-efa7-4dee-81c2-836003755782</person_id><license_plate>24-6861F</license_plate><vin>HNX5HBRH9CSCBRCEE</vin><color>DarkRed</color><year>1979</year></automobile><automobile><person_id>722631bb-efa7-4dee-81c2-836003755782</person_id><license_plate>U 921269</license_plate><vin>CJJMKX8X1GJ5N93TW</vin><color>LightSteelBlue</color><year>2020</year></automobile><automobile><person_id>722631bb-efa7-4dee-81c2-836003755782</person_id><license_plate>UKT 134</license_plate><vin>YH1RA32908TF2RZMR</vin><color>Purple</color><year>1988</year></automobile><automobile><person_id>ef0d0427-80f9-409f-a959-14f5114a669a</person_id><license_plate>992 5RI</license_plate><vin>DD4F6PC44KRBMMXDZ</vin><color>AntiqueWhite</color><year>1997</year></automobile><automobile><person_id>ef0d0427-80f9-409f-a959-14f5114a669a</person_id><license_plate>F 704946</license_plate><vin>X1CLTDM78NL11U20D</vin><color>PaleVioletRed</color><year>2002</year></automobile><automobile><person_id>ef0d0427-80f9-409f-a959-14f5114a669a</person_id><license_plate>388TYO</license_plate><vin>FKXVTZGZ70VWYYDUV</vin><color>MintCream</color><year>1979</year></automobile><automobile><person_id>0c0b9b82-e731-44b2-bec2-401ae8578c21</person_id><license_plate>LAO 949</license_plate><vin>2UP3XLBS9RMCDG0WE</vin><color>LightSteelBlue</color><year>2007</year></automobile><automobile><person_id>d0bc4a44-7689-458b-8a05-744a2a019862</person_id><license_plate>IH 8836</license_plate><vin>W4JPGWLJ3CSVEXZ1H</vin><color>Linen</color><year>1985</year></automobile><automobile><person_id>1a08b3e3-aca2-408c-9f07-aa102637513b</person_id><license_plate>8Y 3G0OWM</license_plate><vin>1S43KG227827ZZPX2</vin><color>SaddleBrown</color><year>2011</year></automobile><automobile><person_id>223f8fd1-1e47-4be4-a937-ee870807014d</person_id><license_plate>JF0 K0E</license_plate><vin>LP407P8U7KXD1WADG</vin><color>Brown</color><year>1988</year></automobile><automobile><person_id>e06fb3e1-215d-4f03-9416-7ce90cb86959</person_id><license_plate>469 UF9</license_plate><vin>N3YEX2TYX6YN35HX1</vin><color>AntiqueWhite</color><year>2019</year></automobile><automobile><person_id>e06fb3e1-215d-4f03-9416-7ce90cb86959</person_id><license_plate>982 GJM</license_plate><vin>7AYWXD875SS0SCH18</vin><color>DeepSkyBlue</color><year>1970</year></automobile><automobile><person_id>122b0b78-a310-4e53-8b40-efb3f30dd3e8</person_id><license_plate>527 0LY</license_plate><vin>G37JLPHA0RJU46DCC</vin><color>DarkSeaGreen</color><year>2020</year></automobile><automobile><person_id>122b0b78-a310-4e53-8b40-efb3f30dd3e8</person_id><license_plate>XMZ-725</license_plate><vin>9VMX67RD08TSNGP2L</vin><color>MediumBlue</color><year>1991</year></automobile><automobile><person_id>e0ad2645-2fb7-4a5c-9387-0e1f5869ec88</person_id><license_plate>3TE39</license_plate><vin>8NH7C2HH0YBK5E075</vin><color>MediumSlateBlue</color><year>1999</year></automobile><automobile><person_id>9c6b048e-87cf-4b3a-a375-fa1cd92deccc</person_id><license_plate>81D P83</license_plate><vin>BNT9HJ9Y88KA62E0R</vin><color>Red</color><year>1995</year></automobile><automobile><person_id>660f1ca2-4747-483a-97a6-3d523a485c4c</person_id><license_plate>KTW 230</license_plate><vin>FUEFH9V749KJHY3EY</vin><color>DarkGray</color><year>1987</year></automobile><automobile><person_id>23528b05-df4b-45f6-89e8-735e13331679</person_id><license_plate>370 TAZ</license_plate><vin>758R12YP8U4PXN2EH</vin><color>MistyRose</color><year>2005</year></automobile><automobile><person_id>23528b05-df4b-45f6-89e8-735e13331679</person_id><license_plate>358 1UF</license_plate><vin>HFW1P5US358UR2XB6</vin><color>Coral</color><year>2003</year></automobile><automobile><person_id>3c6f40b9-e660-4976-b74d-4f2955391253</person_id><license_plate>NMZ 490</license_plate><vin>BAWANNW93K5TPT6YG</vin><color>MediumBlue</color><year>1991</year></automobile><automobile><person_id>3c6f40b9-e660-4976-b74d-4f2955391253</person_id><license_plate>678 3VD</license_plate><vin>747DVZG896E9YZ5AV</vin><color>Sienna</color><year>2005</year></automobile><automobile><person_id>354a5a0d-c69a-4c25-aad0-c85eb7bcb14e</person_id><license_plate>3266</license_plate><vin>AKM3TENPXKPNLJ7TX</vin><color>PaleGreen</color><year>1994</year></automobile><automobile><person_id>354a5a0d-c69a-4c25-aad0-c85eb7bcb14e</person_id><license_plate>H 382334</license_plate><vin>M7TW2NSP2S5WR33LK</vin><color>SaddleBrown</color><year>1983</year></automobile><automobile><person_id>4e70cd03-4438-41fc-9a93-803c73f52ad2</person_id><license_plate>07C V94</license_plate><vin>FL8JD4AW9HJ11P0J9</vin><color>Gray</color><year>2013</year></automobile><automobile><person_id>4e70cd03-4438-41fc-9a93-803c73f52ad2</person_id><license_plate>272X5</license_plate><vin>DLMNH0BJ62J78DKT3</vin><color>AliceBlue</color><year>1997</year></automobile><automobile><person_id>4e70cd03-4438-41fc-9a93-803c73f52ad2</person_id><license_plate>8K 42779</license_plate><vin>CEAD4ZMC4ATSLNCU5</vin><color>Plum</color><year>1993</year></automobile><automobile><person_id>c0945a4f-b19e-4200-8506-6657743be79d</person_id><license_plate>XSO 291</license_plate><vin>88ZUT3NY8TGSU3WSV</vin><color>Cyan</color><year>1974</year></automobile><automobile><person_id>9addc3dd-5bba-41e6-9bb3-06a595c27ca9</person_id><license_plate>3JU 801</license_plate><vin>BZDVUZGK0MU4KY7CL</vin><color>DarkTurquoise</color><year>2006</year></automobile><automobile><person_id>9addc3dd-5bba-41e6-9bb3-06a595c27ca9</person_id><license_plate>9C 0R2PND</license_plate><vin>JY6E707J29NMYBG8T</vin><color>LightGreen</color><year>1982</year></automobile><automobile><person_id>d17e3540-d71a-4204-81d7-c1d840fb8bd1</person_id><license_plate>PK-5015</license_plate><vin>JZWJYWTH11V4RDBC7</vin><color>Red</color><year>2019</year></automobile><automobile><person_id>d17e3540-d71a-4204-81d7-c1d840fb8bd1</person_id><license_plate>430-HPC</license_plate><vin>1JYSEWKX7CV58W0VW</vin><color>DodgerBlue</color><year>2006</year></automobile><automobile><person_id>57aadb37-2111-4aca-9fa7-d4fc005246c9</person_id><license_plate>LXN9690</license_plate><vin>MLE2JBZP5GEXTLVHG</vin><color>LavenderBlush</color><year>1975</year></automobile><automobile><person_id>57aadb37-2111-4aca-9fa7-d4fc005246c9</person_id><license_plate>E85 8IR</license_plate><vin>HV8P501T7D9VSJSB3</vin><color>WhiteSmoke</color><year>1994</year></automobile><automobile><person_id>05b4c49e-6507-4e83-b16d-2740c392c3fc</person_id><license_plate>OII C38</license_plate><vin>D3VJ7HKA1UUTNTY6K</vin><color>DarkSeaGreen</color><year>1992</year></automobile><automobile><person_id>05b4c49e-6507-4e83-b16d-2740c392c3fc</person_id><license_plate>080U</license_plate><vin>4DTTPRM744SAXPXAZ</vin><color>DarkBlue</color><year>2020</year></automobile><automobile><person_id>05b4c49e-6507-4e83-b16d-2740c392c3fc</person_id><license_plate>161 AUW</license_plate><vin>AFD7TERE6K9R9CL52</vin><color>IndianRed</color><year>1975</year></automobile><automobile><person_id>1e21e83b-4a0e-40e7-b19a-28b28e6dddd1</person_id><license_plate>JUF-1335</license_plate><vin>XBNJPMU64MESWJ622</vin><color>DarkSeaGreen</color><year>1994</year></automobile><automobile><person_id>a5b99ed7-bdc0-4390-ad8c-037e8ac37d32</person_id><license_plate>FQ7 Q6Z</license_plate><vin>F1087HPN19U5LG7C7</vin><color>YellowGreen</color><year>1987</year></automobile><automobile><person_id>a5b99ed7-bdc0-4390-ad8c-037e8ac37d32</person_id><license_plate>832-XTO</license_plate><vin>4BPRZAKG60JG3D96R</vin><color>DarkGray</color><year>2022</year></automobile><automobile><person_id>fac28067-dfe2-49e7-8e5f-1167c2a5a1b8</person_id><license_plate>53SF382</license_plate><vin>HS6T0FTH2X30X9FN9</vin><color>Peru</color><year>2007</year></automobile><automobile><person_id>fac28067-dfe2-49e7-8e5f-1167c2a5a1b8</person_id><license_plate>3-U3431</license_plate><vin>2HAC70RA88J7G9W3C</vin><color>LawnGreen</color><year>1977</year></automobile><automobile><person_id>fac28067-dfe2-49e7-8e5f-1167c2a5a1b8</person_id><license_plate>18-V217</license_plate><vin>WHNU35E99WNJPZ23Z</vin><color>Brown</color><year>2009</year></automobile><automobile><person_id>3752c341-8470-455a-889d-c0fc2d1f5283</person_id><license_plate>GNC 9303</license_plate><vin>DS9AG8LT0FT09XDX5</vin><color>FloralWhite</color><year>2012</year></automobile><automobile><person_id>1b04b809-64a9-47cc-ab55-2fed241f0c4e</person_id><license_plate>OAK-624</license_plate><vin>3JRKACVX34E5PM5DL</vin><color>LightBlue</color><year>1990</year></automobile><automobile><person_id>3522463e-9ae6-4f3f-89e2-0301d9c87550</person_id><license_plate>MDM8713</license_plate><vin>UB8NSX7605BD1DWDF</vin><color>MediumSpringGreen</color><year>1991</year></automobile><automobile><person_id>430c6748-96e1-43ea-abc1-4ef92a7634d3</person_id><license_plate>4OL P83</license_plate><vin>EASWX2585Y3V3ASV0</vin><color>PaleVioletRed</color><year>1973</year></automobile><automobile><person_id>5b4e41a4-a5e8-4507-937a-040fc5cbfea4</person_id><license_plate>LTE-3114</license_plate><vin>P22HEB4852PYJMXPB</vin><color>Bisque</color><year>2012</year></automobile><automobile><person_id>ef3dfaa6-09e2-40bf-a7d3-d3145ae4630b</person_id><license_plate>280-PQA</license_plate><vin>3SBJKTGUXM9VRS52G</vin><color>MediumPurple</color><year>1980</year></automobile><automobile><person_id>ef3dfaa6-09e2-40bf-a7d3-d3145ae4630b</person_id><license_plate>VCT5022</license_plate><vin>2DZ8J14T3E41PAARN</vin><color>Gainsboro</color><year>2001</year></automobile><automobile><person_id>6160c01e-db0a-4a37-85c8-3339a61a8ef1</person_id><license_plate>0RO H05</license_plate><vin>SWNR5VYE07EC2CHPJ</vin><color>Black</color><year>1975</year></automobile><automobile><person_id>6160c01e-db0a-4a37-85c8-3339a61a8ef1</person_id><license_plate>9356</license_plate><vin>DRGWTJG23V0CA8HG9</vin><color>Pink</color><year>2007</year></automobile><automobile><person_id>b8352335-16ee-426a-991f-3d511e983b35</person_id><license_plate>JPI-4050</license_plate><vin>YBM0TC5X7S41G1F1X</vin><color>PaleGreen</color><year>1988</year></automobile><automobile><person_id>b8352335-16ee-426a-991f-3d511e983b35</person_id><license_plate>GBM 922</license_plate><vin>5JSE4WHN1MBDVARML</vin><color>SkyBlue</color><year>2020</year></automobile><automobile><person_id>01d3c691-4dbe-4f20-a498-5b0b05e9676f</person_id><license_plate>04X M53</license_plate><vin>2401PM056DNTKWVU2</vin><color>PaleGreen</color><year>2020</year></automobile><automobile><person_id>01d3c691-4dbe-4f20-a498-5b0b05e9676f</person_id><license_plate>XNE-674</license_plate><vin>JC30Z37B6YYZ010VA</vin><color>Gainsboro</color><year>2024</year></automobile><automobile><person_id>84b1d7a9-f305-460c-8e6d-b8ee739c7646</person_id><license_plate>891155</license_plate><vin>CUTN5HP54AW4CXZGA</vin><color>AliceBlue</color><year>2007</year></automobile><automobile><person_id>84b1d7a9-f305-460c-8e6d-b8ee739c7646</person_id><license_plate>CLK-462</license_plate><vin>SJWA7UV01H7V4E2T5</vin><color>Tan</color><year>1992</year></automobile><automobile><person_id>6c9e0849-1223-4fd2-a55c-c60c4e81b6a0</person_id><license_plate>OZV 990</license_plate><vin>H4RPXMYD5XTMALM1J</vin><color>WhiteSmoke</color><year>2013</year></automobile><automobile><person_id>8d2bf68e-cd1d-4e71-9d92-5fe752c639be</person_id><license_plate>MNA 784</license_plate><vin>H69L1BMP6AG62TNDT</vin><color>MediumAquaMarine</color><year>2022</year></automobile><automobile><person_id>8d2bf68e-cd1d-4e71-9d92-5fe752c639be</person_id><license_plate>3AB 146</license_plate><vin>HYV3YFP53VPUGFMZD</vin><color>LightSlateGray</color><year>2010</year></automobile><automobile><person_id>8d2bf68e-cd1d-4e71-9d92-5fe752c639be</person_id><license_plate>NF 05464</license_plate><vin>SC8AEW816P8SS68MN</vin><color>LightSteelBlue</color><year>1976</year></automobile><automobile><person_id>cd526f33-b2f2-4c7e-afe9-fc6fb1df6d7e</person_id><license_plate>869-TWJ</license_plate><vin>A272H219X1KK5D15C</vin><color>MediumSlateBlue</color><year>1983</year></automobile><automobile><person_id>6749976d-a3ad-4cc2-af73-2f98ac1431ca</person_id><license_plate>UVQ-904</license_plate><vin>SFMXUMKS17VDR61G5</vin><color>LightBlue</color><year>1995</year></automobile><automobile><person_id>29656d5a-9263-4934-8f4c-5e7c3428845b</person_id><license_plate>E02 6FJ</license_plate><vin>47LTAZ3K25N081VW9</vin><color>SpringGreen</color><year>2007</year></automobile><automobile><person_id>29656d5a-9263-4934-8f4c-5e7c3428845b</person_id><license_plate>1HP 614</license_plate><vin>3N1A90T3006U3JYFC</vin><color>Bisque</color><year>1972</year></automobile><automobile><person_id>264f829b-d0b7-4afc-8f9e-8e58b8a56e93</person_id><license_plate>0-38229</license_plate><vin>JA27F4RJ6LYCGHRXP</vin><color>Fuchsia</color><year>2012</year></automobile><automobile><person_id>264f829b-d0b7-4afc-8f9e-8e58b8a56e93</person_id><license_plate>HVV8159</license_plate><vin>MN4JHKA89L3BNYFFF</vin><color>Yellow</color><year>1997</year></automobile><automobile><person_id>10663ab8-d1a1-4da3-80d3-20ed594be578</person_id><license_plate>FTB7737</license_plate><vin>NYSNNSP419GBHWZHY</vin><color>GhostWhite</color><year>1974</year></automobile><automobile><person_id>53ecd4a7-41ff-4c57-babd-b7a7d0c0383f</person_id><license_plate>182 8CZ</license_plate><vin>3UCU7XDT41YXGFYRX</vin><color>DarkGoldenRod</color><year>2007</year></automobile><automobile><person_id>633faf55-7437-47d3-aa59-9e3f873fb3ae</person_id><license_plate>L34 8GF</license_plate><vin>K6P9FTWP5URG7CC0G</vin><color>PeachPuff</color><year>1985</year></automobile><automobile><person_id>b5417900-00b6-4743-b53a-a3be6b8e6762</person_id><license_plate>974-ZMQ</license_plate><vin>V2HYCK3Z76VV39K6T</vin><color>Thistle</color><year>1975</year></automobile><automobile><person_id>1c11dae3-7ebd-48db-b871-5f7f513c244b</person_id><license_plate>GFX5397</license_plate><vin>0NDASVS28MKSBJ0TG</vin><color>SlateGray</color><year>2017</year></automobile><automobile><person_id>82a66e91-d086-4393-a3b0-6f58ccc613d6</person_id><license_plate>MYK 033</license_plate><vin>02H0BNRC7ZMRZ2V19</vin><color>DimGray</color><year>1970</year></automobile><automobile><person_id>82a66e91-d086-4393-a3b0-6f58ccc613d6</person_id><license_plate>DMF-580</license_plate><vin>VMA2HL0E5VE7E22TJ</vin><color>GreenYellow</color><year>1970</year></automobile><automobile><person_id>82a66e91-d086-4393-a3b0-6f58ccc613d6</person_id><license_plate>KQK Q48</license_plate><vin>3PJ8WAL7391CXUYP9</vin><color>Teal</color><year>2000</year></automobile><automobile><person_id>46920ea0-b240-4b69-aecf-81e4c88a1d80</person_id><license_plate>UON-2965</license_plate><vin>GTSBX7NFXR82VMJCE</vin><color>Violet</color><year>1975</year></automobile><automobile><person_id>46920ea0-b240-4b69-aecf-81e4c88a1d80</person_id><license_plate>VXR-139</license_plate><vin>L5H9ZREW94GDFNXEL</vin><color>Peru</color><year>2015</year></automobile><automobile><person_id>46920ea0-b240-4b69-aecf-81e4c88a1d80</person_id><license_plate>8Q 61187</license_plate><vin>SNMZ0T7V9NPHD0NWB</vin><color>Bisque</color><year>2018</year></automobile><automobile><person_id>5ea88036-11ec-4def-869d-641f8ee2096c</person_id><license_plate>466 INR</license_plate><vin>SKZU5USN381XZHK7W</vin><color>Peru</color><year>1981</year></automobile><automobile><person_id>5ea88036-11ec-4def-869d-641f8ee2096c</person_id><license_plate>MCM 562</license_plate><vin>13D9H07E4DFHNLLZS</vin><color>MediumOrchid</color><year>1998</year></automobile><automobile><person_id>65d7b46e-fd93-4e7d-a5fb-fdaaa7b8088f</person_id><license_plate>043 0601</license_plate><vin>7SJKA822XZX4XTBUS</vin><color>OliveDrab</color><year>1996</year></automobile><automobile><person_id>65d7b46e-fd93-4e7d-a5fb-fdaaa7b8088f</person_id><license_plate>67-X812</license_plate><vin>AY76E5E67RBS9BGMJ</vin><color>MediumVioletRed</color><year>2019</year></automobile><automobile><person_id>7b1f7775-f741-442c-a569-2c11b6b3f5eb</person_id><license_plate>4S 83904</license_plate><vin>RRBFHW6SXK1TXXYA5</vin><color>RoyalBlue</color><year>1984</year></automobile><automobile><person_id>17c5613f-6c8b-4fa1-a53c-a123d183cb08</person_id><license_plate>69R Z44</license_plate><vin>5NF90NM66HR5776C3</vin><color>BlueViolet</color><year>1998</year></automobile><automobile><person_id>cd260e9b-2ef0-4a30-a1d4-815037cd4564</person_id><license_plate>53DC473</license_plate><vin>GK4L09X217YT5JV0A</vin><color>DarkMagenta</color><year>2016</year></automobile><automobile><person_id>cd260e9b-2ef0-4a30-a1d4-815037cd4564</person_id><license_plate>ZJJ 072</license_plate><vin>BJL3GBY04XTEUJ6MM</vin><color>MediumSlateBlue</color><year>1981</year></automobile><automobile><person_id>1b20371d-b198-45a7-8b0a-63fb96a87f47</person_id><license_plate>11KN7</license_plate><vin>9WLT9WAS08XLC8MGC</vin><color>BlueViolet</color><year>1990</year></automobile><automobile><person_id>48dd47c7-6464-4968-9365-33621a618223</person_id><license_plate>90S 834</license_plate><vin>70CSX7GX3G4MP8GCC</vin><color>MediumOrchid</color><year>1978</year></automobile><automobile><person_id>5890e3d3-ddd3-4a80-ae32-878db22d9a58</person_id><license_plate>JSE 4393</license_plate><vin>S9L8JFSFX7K0S0EYS</vin><color>Orange</color><year>1995</year></automobile><automobile><person_id>ad83c1a0-bf99-4c15-b44e-45666a40342c</person_id><license_plate>833YEP</license_plate><vin>LEDAVXDJ7GPBWYS6N</vin><color>Snow</color><year>1971</year></automobile><automobile><person_id>57c1a00d-7302-477c-97ec-47fe3b21a5b1</person_id><license_plate>68Y•830</license_plate><vin>WKMK3S1Z0XLEBJCM8</vin><color>MintCream</color><year>2023</year></automobile><automobile><person_id>57c1a00d-7302-477c-97ec-47fe3b21a5b1</person_id><license_plate>2XK A40</license_plate><vin>GUU06S7VX5JAMW49X</vin><color>DarkCyan</color><year>2021</year></automobile><automobile><person_id>a6c9fa14-fbe7-4668-875b-98f0c9765d67</person_id><license_plate>3FK9605</license_plate><vin>1JL09H6N8UDRZ7JSU</vin><color>DimGray</color><year>2010</year></automobile><automobile><person_id>baaed148-3785-4f23-8393-d57e35c5b20e</person_id><license_plate>3J 64915</license_plate><vin>ZTRAX73DX6TTYECSA</vin><color>Olive</color><year>1994</year></automobile><automobile><person_id>baaed148-3785-4f23-8393-d57e35c5b20e</person_id><license_plate>TGI-896</license_plate><vin>G0CRBSZLXXBR9ERNM</vin><color>OliveDrab</color><year>1987</year></automobile><automobile><person_id>baaed148-3785-4f23-8393-d57e35c5b20e</person_id><license_plate>373-NQS</license_plate><vin>88RXBHBL0WYD7SVU6</vin><color>OldLace</color><year>1987</year></automobile><automobile><person_id>2e0b6dd4-e5fb-4545-ae5f-a882d2824e1b</person_id><license_plate>32NJ348</license_plate><vin>R21AETZY7PXRD4LPD</vin><color>LightGreen</color><year>1994</year></automobile><automobile><person_id>2e0b6dd4-e5fb-4545-ae5f-a882d2824e1b</person_id><license_plate>3QP 105</license_plate><vin>MY51EP8EX6284T4WN</vin><color>NavajoWhite</color><year>1987</year></automobile><automobile><person_id>2e0b6dd4-e5fb-4545-ae5f-a882d2824e1b</person_id><license_plate>96-N786</license_plate><vin>H204B25R4Y6PY7FCJ</vin><color>SeaShell</color><year>1997</year></automobile><automobile><person_id>4d89baf7-cbcb-4d21-b3cf-efb34b9cf20c</person_id><license_plate>F03-BMI</license_plate><vin>SZ0C7G7P605RX8PN1</vin><color>Tomato</color><year>2023</year></automobile></automobiles>