"id"|"first_name"|"last_name"|"sex"|"address"|"phone_number"|"profession"|"company"|"date_of_birth"
"6cf0381b-1da1-4ef0-bf4c-cac3048cc1d4"|"Williams"|"Anderson"|"M"|"301 Shelton Run"|"(744)843-9376x77257"|"Colour technologist"|"Delgado PLC"|"1951-03-05"
"ccdd6b72-ac8b-498f-bf12-6c6f977479a0"|"Jamie"|"Berry"|"F"|"342 Murphy Creek Suite 712"|"(509)970-6103x6249"|"Aeronautical engineer"|"Mccoy Ltd"|"1975-11-27"
"1ff0625c-f9b6-4edd-a9a1-75b926f07db5"|"Steven"|"Orozco"|"M"|"538 Anderson Parkways"|"455.701.5839x986"|"Public relations officer"|"Hobbs-Burton"|"1943-10-01"
"3b0adf60-db48-426c-a4ba-0dda1ecd78cd"|"James"|"Johnson"|"F"|"540 Cox Turnpike Apt. 083"|"(235)296-4123x60861"|"Corporate treasurer"|"Horn Ltd"|"1980-11-06"
"81d7fba2-18a5-4889-9bc3-542fe6192a6c"|"Sheryl"|"Ward"|"F"|"574 May Rest Suite 582"|"402-445-9275"|"Civil Service fast streamer"|"Campbell Ltd"|"1984-02-04"
"ca71310d-b7ce-49c5-b1e7-b42f26d9ffe9"|"Ashley"|"Perez"|"F"|"651 Haney Prairie Suite 518"|"+1-927-966-9822x179"|"Marketing executive"|"Hopkins-Wright"|"2023-02-03"
"2d4cdbc7-dce4-45ed-b8f5-8fce8187b6cf"|"Joseph"|"Boone"|"M"|"989 Jonathan Stravenue"|"695-797-2704"|"Journalist, broadcasting"|"Johnson LLC"|"1992-02-26"
"c960adf7-8586-4b1c-b15c-c175892ce698"|"Adam"|"Christian"|"M"|"177 Jonathan Stravenue"|"4758528562"|"Banker"|"Daniels-Henry"|"1959-01-27"
"0f002ab3-233d-4488-a6ae-068a1cf9651d"|"Jacob"|"Smith"|"M"|"45 Shelton Run"|"+1-328-645-7981x6352"|"Transport planner"|"Fields Group"|"1972-06-01"
"4ef9c485-0b28-4627-855b-3a12552118fe"|"Jennifer"|"Freeman"|"F"|"265 Thomas Coves Suite 736"|"(776)714-4701x0951"|"Pharmacologist"|"Jones and Sons"|"1926-10-19"
"ac02413c-4f27-44f8-82c0-0edd0a5f1732"|"William"|"Riddle"|"M"|"639 Johnson Throughway"|"867-734-1283"|"Designer, fashion/clothing"|"Day, Johnson and Elliott"|"1969-10-06"
"7ea6bfa1-7896-42ef-871c-c199eddb15a2"|"Michael"|"Patton"|"M"|"180 Matthew Keys"|"(404)911-4714"|"Industrial buyer"|"Foster-Singh"|"2017-02-16"
"93b98a76-b4d0-4ae5-920d-07b313aba969"|"Samantha"|"Jones"|"F"|"349 Quinn Divide"|"929-327-4119"|"Information officer"|"Freeman-Ramsey"|"1911-09-10"
"88b26f5c-317c-418c-842f-89c585561916"|"Rachel"|"Schwartz"|"F"|"927 Rivers Squares"|"(354)656-0498x58915"|"Air cabin crew"|"Williams and Sons"|"1919-09-25"
"ec92a1c6-ed06-48b6-be09-c55521030646"|"Pamela"|"Casey"|"F"|"54 Davis Landing"|"(808)958-8256x184"|"Counselling psychologist"|"Horne Ltd"|"2021-08-12"
"78d17bba-628f-4504-a1eb-d22177ca5cef"|"Marvin"|"Martin"|"M"|"411 Cooley Dam Apt. 601"|"233-982-9924x38654"|"Community development worker"|"Collins, Dominguez and Bailey"|"1995-04-03"
"d5d97dc7-4387-4c88-a7ce-97d8167a3a33"|"Catherine"|"Jones"|"F"|"353 Garcia Road Suite 143"|"(848)357-4673"|"Scientist, research (life sciences)"|"Rose Inc"|"1929-05-26"
"879c0396-6e98-442f-bfbd-cb364059aeda"|"Lauren"|"Scott"|"F"|"687 Shepard Bridge"|"491-307-9062x32203"|"Archaeologist"|"Hudson, Cole and Espinoza"|"1980-01-28"
"0e6fb539-5cb9-4044-999e-7175f0caff82"|"Stephanie"|"Richardson"|"F"|"354 Vincent Mountain Apt. 316"|"3412320957"|"Database administrator"|"Lloyd-Bennett"|"1912-01-02"
"6577761b-34db-457c-b61f-d1bdf59c8825"|"Stacy"|"Solomon"|"F"|"955 Tyler Knoll Apt. 752"|"001-457-269-3202x92070"|"Police Officer"|"TTPD"|"1942-03-10"
"a422b71d-f1e3-4397-9a29-6144d0c5e924"|"Christopher"|"Barber"|"M"|"604 Andrew Street Apt. 107"|"001-687-322-6649x37637"|"Museum/gallery exhibitions officer"|"Adams-Graham"|"1996-12-12"
"f032ab79-99d0-4330-a5ca-b1f91845f7d9"|"Gregory"|"Foster"|"M"|"709 Christine Gateway"|"774-791-5932x8206"|"Pathologist"|"Beck, Warner and Adkins"|"1955-06-21"
"85eec628-77b8-4a8e-b729-71edbf79228e"|"Adrienne"|"Berry"|"F"|"573 Donald Village Apt. 289"|"(201)210-1498x64041"|"Financial planner"|"Perry Ltd"|"1957-01-05"
"3c741dba-a7b1-4b2d-85e5-6142d7f254fe"|"Julia"|"Harding"|"F"|"84 Tiffany Gateway"|"(863)629-7109"|"Cabin crew"|"Maynard PLC"|"1953-02-04"
"89863e63-31a2-4807-9329-4863dd1797a9"|"April"|"Garrison"|"F"|"416 Parks Trace Suite 497"|"643-552-5516x28132"|"Intelligence analyst"|"Davis-Hughes"|"2011-03-06"
"37b112d8-a180-435d-a0b4-07eb4335600e"|"James"|"Hurley"|"M"|"197 Mills Springs"|"+1-271-969-5984x98454"|"Physiological scientist"|"Jacobson Group"|"2008-12-06"
"bab1f618-6d18-4923-b29d-119abc6bd13e"|"Francisco"|"Curry"|"M"|"122 Brown Canyon Apt. 503"|"+1-217-984-8124x8031"|"Armed forces operational officer"|"Chung-Patterson"|"1925-09-22"
"ee8e6047-9e71-4435-94bf-5604281b1aa8"|"Tabitha"|"Nichols"|"F"|"125 Wyatt Pike Suite 863"|"931-421-9406x37028"|"Biomedical engineer"|"Larsen, Adkins and Pena"|"1976-09-04"
"84d97f88-1d2e-4db8-b86e-a0a5f1357669"|"Kimberly"|"Berry"|"F"|"179 Donald Village Apt. 289"|"001-216-896-9020x63914"|"Haematologist"|"Tanner-Keller"|"1971-01-10"
"4f7748b7-b15c-4f93-8965-e8ccc70ac644"|"April"|"King"|"F"|"117 Hart Estates Suite 718"|"+1-476-704-8593x207"|"Set designer"|"Rosales and Sons"|"1957-05-17"
"a6ee8791-0111-48c4-9c5b-aba41ad06362"|"Dakota"|"Rivera"|"M"|"976 Catherine Lock"|"(378)932-2943"|"Network engineer"|"Johnson PLC"|"1987-06-02"
"baea06fd-fb25-424b-a2b7-c728d6a72cc1"|"Eric"|"Marquez"|"M"|"126 Collins Skyway"|"+1-260-894-5881x99708"|"Police Officer"|"TTPD"|"1966-09-24"
"d955f491-f99f-4153-a705-5f5a2f84e006"|"Daniel"|"Castaneda"|"M"|"995 Daniel Plaza"|"+1-500-471-5150"|"Public librarian"|"Duran-Brown"|"2008-05-14"
"cf1c0ca2-0b5a-45cb-81c9-ac767ef1ed4f"|"Jennifer"|"Jones"|"F"|"127 Matthew Valleys Suite 832"|"(823)755-2547"|"Forest/woodland manager"|"Williams, Valencia and Orozco"|"1941-12-08"
"f2e53350-1edd-4370-9c94-d922be5f8b87"|"Matthew"|"May"|"M"|"909 Brian Course"|"(945)361-8030x171"|"Cytogeneticist"|"Munoz Inc"|"2000-08-16"
"0d234218-b707-4934-9a8b-c49e2f367a3e"|"Zachary"|"Reyes"|"M"|"581 Daniel Plaza"|"(741)335-0508"|"Editorial assistant"|"Grimes, Salazar and Acosta"|"2017-11-14"
"89b445e0-0bee-4ad9-bd20-5185ddab17ea"|"Mario"|"Suarez"|"M"|"128 Marquez Lane"|"366-347-7290"|"Statistician"|"Larson-Velasquez"|"2000-03-29"
"833740c0-71aa-4018-bc81-a605a5698e17"|"Christine"|"Allen"|"F"|"330 May Rest Suite 582"|"983.755.8476"|"Farm manager"|"Nguyen, Lee and Robinson"|"2011-12-29"
"844da00d-82d3-4f96-b07f-b20b58b0d4d3"|"Jennifer"|"James"|"F"|"880 Barron Hollow"|"(848)977-7725"|"Optometrist"|"Blackburn-Henry"|"1970-10-21"
"2366bcc5-d506-42b7-acaf-f068b5fbf263"|"Cindy"|"Garcia"|"F"|"620 Shepard Bridge"|"+1-498-532-4786"|"Electrical engineer"|"Bryan, Burgess and Ryan"|"1968-01-19"
"2f13bc5d-7e9c-4ffd-b3b5-44ad7161adaf"|"Sonya"|"Gardner"|"F"|"294 Montoya Walk Apt. 578"|"727-863-2990"|"Teaching laboratory technician"|"Stein-Hahn"|"1997-01-04"
"dda35f29-0b74-4d51-a296-e6137534d0fe"|"Erica"|"Clark"|"F"|"969 Luna Loop"|"(398)296-6522x69128"|"Geochemist"|"Lopez, Nguyen and Thompson"|"1911-05-13"
"2e1e55a9-bf7e-48ef-afce-8e0b23f1b17a"|"Angela"|"Parker"|"F"|"159 Evans Ports Suite 383"|"+1-206-579-4473x95227"|"Surveyor, mining"|"Sparks Ltd"|"1951-04-27"
"aa20749e-95aa-4c6c-aa35-3b2a2da1f3b4"|"Kristin"|"Johnson"|"F"|"85 Rivers Squares"|"(919)496-6422x199"|"Print production planner"|"Taylor, Murray and Hernandez"|"2005-02-26"
"6b544d0f-60b7-4705-9aaf-bd59451edb69"|"Margaret"|"Williams"|"F"|"499 Cooley Dam Apt. 601"|"3038927071"|"Ergonomist"|"Figueroa, Hartman and Everett"|"1998-06-07"
"ca7e9ffe-14e9-462a-8c72-b28c3aa7ec78"|"Sara"|"Harper"|"F"|"190 Colleen Mount"|"(679)819-6297"|"Dramatherapist"|"Jones, Olsen and Campbell"|"1932-03-20"
"a20b3048-4a2f-4576-b82e-4c0871358cc8"|"Michael"|"Ramos"|"M"|"808 Hernandez Parkways Suite 200"|"(744)892-1915"|"Conference centre manager"|"Bradford-Martinez"|"1937-08-11"
"22b4706f-a0c1-4143-b5c4-2a58ac2d05d8"|"Alicia"|"Drake"|"F"|"323 Andrew Street Apt. 107"|"(914)406-6159x445"|"Food technologist"|"Jackson Inc"|"1952-05-17"
"d7f65879-4047-466e-abfa-658dfd711b08"|"Sharon"|"Smith"|"F"|"879 Alexis Freeway Apt. 358"|"(843)983-5191x25440"|"Therapist, nutritional"|"Holloway, Washington and Roach"|"1946-03-11"
"087c6be2-c404-4c43-b201-05e9efb0f576"|"Natasha"|"Skinner"|"F"|"13 Welch Walk"|"001-449-351-6544"|"Retail banker"|"Wong PLC"|"1956-06-02"
"24910293-9a08-4adc-b6a9-a0ef15f60d48"|"Cindy"|"Gonzalez"|"F"|"766 Cox Turnpike Apt. 083"|"(405)693-8717x9307"|"Risk manager"|"Cochran Group"|"1953-07-23"
"7d124be1-b3e3-4d87-8f46-003d751c37bb"|"Anthony"|"Curry"|"M"|"8 Barry Shoal Suite 612"|"464-880-6650x2612"|"Geographical information systems officer"|"Love Group"|"1932-04-22"
"5e1339c6-a6b7-4d42-a670-4cf7c2bfeccd"|"Shannon"|"Leach"|"F"|"967 Cox Turnpike Apt. 083"|"881-277-4144"|"Furniture designer"|"Hansen Inc"|"1941-12-02"
"051fdfab-1294-4441-899f-c260f2b44b84"|"Jeanne"|"Daniels"|"F"|"356 Weaver Haven"|"894.696.9403"|"Agricultural consultant"|"Nguyen PLC"|"1978-01-17"
"ba295b31-4cbb-401d-97e5-e3fe507b6011"|"Jessica"|"Rivera"|"F"|"897 Danielle Estates"|"230.390.3118x821"|"Statistician"|"Singh, Deleon and Yoder"|"1996-08-09"
"3d184adb-6e98-4046-ab1d-d8a8991d6f5d"|"Rebekah"|"Fisher"|"F"|"107 Mills Springs"|"390-359-5836x534"|"Film/video editor"|"Duffy PLC"|"1964-05-23"
"3ae469ef-326d-4ca5-9757-c4b022470d17"|"James"|"Smith"|"M"|"539 Robert Way"|"3292695867"|"Regulatory affairs officer"|"Nelson, Noble and Welch"|"1915-10-31"
"2f8eabb2-327e-4f26-8300-f13aef4867c6"|"Tony"|"Park"|"M"|"636 Hart Estates Suite 718"|"(634)898-8849x567"|"Health physicist"|"Guerrero PLC"|"2010-06-24"
"666b49db-7efc-471e-be3b-77fa918ce8ad"|"Charles"|"Morrison"|"M"|"363 Castillo Underpass Apt. 535"|"378-933-8608"|"Conservator, museum/gallery"|"Morris LLC"|"2000-03-20"
"23888131-5f02-4fc6-9ab8-4c88dc6d3b1d"|"Brent"|"Andrews"|"M"|"499 Catherine Cove"|"275-551-2874x5677"|"Police Officer"|"TTPD"|"1987-12-16"
"935bc1c9-a7a6-467b-95dd-3d04c8bde57a"|"Tammy"|"Gonzales"|"F"|"328 Oneal Underpass"|"6816352217"|"Proofreader"|"Rogers Ltd"|"1964-05-03"
"061ba1e3-4a3b-47dd-9195-8809c4837d56"|"Julia"|"Gonzalez"|"F"|"58 Stacey Via Suite 001"|"213-905-6459x656"|"Chief of Staff"|"King, Campbell and Moore"|"1994-08-11"
"f164de3d-7e76-44d7-b24d-ae5aa4efa006"|"Thomas"|"Reyes"|"M"|"97 Dakota Extensions"|"851-371-3538x93724"|"Secretary/administrator"|"Hernandez-Frederick"|"1957-08-05"
"bd5514c7-9410-4627-a6e4-52fe3ecec854"|"Gloria"|"Perez"|"F"|"836 Luna Loop"|"+1-915-541-2379x2728"|"Physiological scientist"|"Rodriguez-Wilkins"|"1917-12-07"
"11a32cec-7188-4c21-b82b-129ff5373886"|"Raymond"|"Strickland"|"M"|"820 Brian Course"|"(256)938-8542x0932"|"Homeopath"|"Cohen-Padilla"|"2015-07-18"
"ab60c20c-046b-4dfe-930b-e80cd7e3db6d"|"Nathan"|"Phillips"|"M"|"538 Smith Avenue Apt. 759"|"+1-939-279-1014"|"Water engineer"|"Owens, Cole and Mccormick"|"1953-01-30"
"df19a4ae-55f1-4c43-992f-021b944722d6"|"Melissa"|"Velez"|"F"|"788 Warner Circle"|"428.781.2530x251"|"Science writer"|"Scott Inc"|"2011-12-30"
"ae660631-7d56-4f24-b0cb-ff538b3248ac"|"Mark"|"Dunn"|"M"|"147 Smith Avenue Apt. 759"|"893-266-4683x71852"|"Actor"|"Palmer PLC"|"1966-06-23"
"7c3e9e7f-7210-4419-8c08-70756ca677f3"|"Derek"|"Smith"|"M"|"350 Martin Field"|"337-261-9288"|"Structural engineer"|"Pitts, Oconnor and Kirk"|"1958-02-10"
"b2b6804c-f663-4293-a16e-b5af7e73bdc3"|"Lauren"|"Reyes"|"F"|"491 Patricia Row"|"(894)960-0959x2389"|"Senior tax professional/tax inspector"|"Nichols, Barry and Rios"|"2013-09-01"
"2cdcecb7-e0ff-4be9-b2f4-737c2e6447ef"|"Madison"|"Phillips"|"F"|"379 Christopher Ways"|"609.372.1427x529"|"Engineer, structural"|"Shaw Inc"|"2003-03-17"
"526cac34-053a-4649-bae7-748a65ab7243"|"Kristen"|"Andrews"|"F"|"541 Aimee Circles"|"001-864-416-0558x5125"|"Lobbyist"|"Torres, Perez and Dickerson"|"1982-01-02"
"b19f8e5f-67fa-4d7b-9c6a-960c1b15e2b7"|"Linda"|"Reyes"|"F"|"570 Tara Inlet"|"(513)405-0123x2754"|"Mining engineer"|"Velazquez-Russell"|"1919-12-28"
"f9f43ed3-1edb-4bff-9369-86c060f91c17"|"Lisa"|"Padilla"|"F"|"322 Ashley Landing"|"4913799765"|"Scientist, product/process development"|"Hernandez-Keller"|"1927-07-15"
"1f37df5a-0eba-40bc-9cab-aef88f4b000b"|"Diana"|"Jones"|"F"|"866 Montoya Walk Apt. 578"|"334.626.1427"|"Video editor"|"Smith-Rodriguez"|"1960-04-15"
"9dd98930-ac70-4c0b-bee3-639116cda8ee"|"Amber"|"Smith"|"F"|"344 Thomas Coves Suite 736"|"482-451-0074x1254"|"Heritage manager"|"Holland Group"|"1916-04-22"
"5f087f4d-a337-41f4-aff2-687321d3ad6f"|"Crystal"|"Watkins"|"F"|"102 Luna Loop"|"001-434-511-2387x68330"|"Ship broker"|"Klein, Lucero and Baker"|"1947-04-16"
"9b22b1c7-8068-46b3-ba1b-8f9231a729dd"|"Kyle"|"Mckee"|"M"|"951 Garcia Road Suite 143"|"211.707.8073"|"Archivist"|"Williams, Rodriguez and Grimes"|"1948-09-17"
"b6ca7616-490d-4d07-aa04-547e16eacebb"|"Megan"|"Martin"|"F"|"728 David Passage Suite 979"|"980-221-4395"|"Civil Service fast streamer"|"Johnson Ltd"|"1993-07-24"
"f6d4b314-5ae0-438c-9add-29ae5a0b4534"|"Laurie"|"Leach"|"F"|"771 Matthew Keys"|"+1-549-679-2843x8148"|"Teacher, early years/pre"|"Wong-Bell"|"2004-06-22"
"65dce860-990b-44c4-a277-1bab19d41f92"|"Rachel"|"Colon"|"F"|"179 Nelson Estate"|"001-808-429-4430x360"|"Investment analyst"|"Brooks-Lewis"|"2004-10-01"
"0d992fcf-81cb-4d35-af77-0db8d07f66ea"|"Megan"|"Castaneda"|"F"|"605 Parks Trace Suite 497"|"827-700-1254x9157"|"Research officer, trade union"|"Haas-Reed"|"1982-10-06"
"32744816-a243-4f14-86c4-015592ba13bd"|"Cory"|"Hooper"|"M"|"760 Johnson Throughway"|"(233)965-4706"|"Engineer, structural"|"Thomas-Zamora"|"1944-11-21"
"963638c6-b7c0-4c43-a905-5d3531bb1bbf"|"Antonio"|"Anderson"|"M"|"17 Johnson Throughway"|"001-631-836-7128x1634"|"Psychiatric nurse"|"Smith Inc"|"1989-06-18"
"61c110c7-1962-4c71-8739-6c1c116dfd67"|"Shane"|"Davis"|"M"|"582 Jonathan Place"|"202.814.4340x975"|"Administrator, local government"|"Brown, Garcia and Harris"|"2015-06-14"
"157de373-a6a5-45ad-8c84-93c2680ec217"|"Ricky"|"Jones"|"M"|"523 Jeffery Isle"|"9697580016"|"Editor, film/video"|"Hall-Miller"|"2007-10-12"
"7a7bc4f9-ddd8-4109-aa13-acf5c33f5282"|"Shannon"|"Mejia"|"F"|"827 John Fall Apt. 476"|"(664)343-5514"|"Health physicist"|"Anderson, Flores and Rhodes"|"1915-05-03"
"fd87093d-efd3-4314-b88e-3cf86175cf89"|"Krista"|"Velez"|"F"|"213 Jeffery Spur Suite 411"|"+1-647-586-5347x5271"|"Radiographer, therapeutic"|"Malone Inc"|"1965-04-21"
"c23778de-2065-40b1-82b2-fb4ab27b9f80"|"Luis"|"Weaver"|"M"|"998 Martin Field"|"001-404-703-7411"|"Call centre manager"|"Reed-Hooper"|"1917-09-23"
"fdd325b0-cad9-4b54-ace4-6993be2599f8"|"Brandi"|"Rojas"|"F"|"513 Yates Harbor Suite 905"|"+1-446-506-0989x895"|"Psychotherapist, dance movement"|"Barry, Johnson and Santos"|"2010-07-28"
"7239ad16-38d8-4faa-bb28-49f33abade2b"|"David"|"Johnson"|"M"|"834 Porter Overpass"|"+1-923-674-4256x665"|"Surveyor, planning and development"|"Fisher, Cunningham and Bell"|"1959-08-15"
"eaf8db2f-ad86-41d5-96e6-67f403fa9ecf"|"Tara"|"Watkins"|"F"|"662 Yates Harbor Suite 905"|"810.517.5079x69717"|"Engineer, maintenance (IT)"|"Keith-Sherman"|"2010-04-28"
"a8e0cb90-f4d2-428e-a5c3-bf8a8ffd0dee"|"Dakota"|"Conway"|"M"|"881 Davenport Fords"|"2636661884"|"Education officer, museum"|"Flowers-Ruiz"|"1971-12-19"
"602f8755-6115-46db-9f6e-89321368c501"|"Brandi"|"Cordova"|"F"|"654 Newton Wall"|"8463822080"|"Site engineer"|"Walker-Nunez"|"2013-01-09"
"b6ba17b2-afe7-4363-b294-43184ac32a91"|"Kelsey"|"Little"|"F"|"318 Murphy Creek Suite 712"|"+1-332-767-2411x8572"|"Administrator, arts"|"Hall and Sons"|"1957-11-28"
"e38d1a31-6c61-410f-9222-5741143e06a8"|"Henry"|"Browning"|"M"|"102 Scott Valleys Suite 598"|"279.594.3458"|"Probation officer"|"Smith, Patterson and Brown"|"1975-09-23"
"29635764-6aad-4946-a559-a96bbfb6235b"|"Dana"|"Velez"|"F"|"605 Monica Burgs Suite 695"|"(353)343-7643"|"Technical sales engineer"|"Stephenson, Madden and Schroeder"|"1948-10-24"
"7c14e784-45c3-4dac-9054-ec21a47d270a"|"Amy"|"Holmes"|"F"|"899 Anderson Port"|"+1-441-307-3537x976"|"Management consultant"|"Hughes, Lawson and Ray"|"1941-03-22"
"31531676-e13b-4665-9d0d-9a8785e3f1d8"|"Shawn"|"Morris"|"M"|"79 William Avenue"|"882-568-4337x17479"|"Health service manager"|"Strong-Arnold"|"1916-07-01"
"2db62338-2efd-4350-b6dc-a5690aa10bb1"|"John"|"Allen"|"M"|"838 Stacey Via Suite 001"|"766.415.1622x8386"|"Doctor, hospital"|"Lee, Wiley and Fields"|"1954-10-02"
"16e5bd84-d462-4470-82d2-eb22c6524ec9"|"Michael"|"Young"|"M"|"259 Nathan Views"|"227-499-2141x4579"|"Radiographer, diagnostic"|"Martinez, Vasquez and Reed"|"2001-01-04"
"14aa3de7-6a11-49dd-b276-12b202ab8650"|"Sarah"|"Brown"|"F"|"41 Aimee Circles"|"(999)551-7020"|"Lobbyist"|"Murray-Crane"|"1965-12-11"
"74e549a3-c26b-442f-af76-2943375a51bf"|"Michael"|"Gonzalez"|"M"|"387 Shelton Run"|"(335)635-6905x644"|"Patent examiner"|"Vaughn Ltd"|"2007-01-08"
"b9e767c1-5c10-442f-9750-7595298b6776"|"Ashley"|"Foster"|"F"|"111 Rachel Pine"|"001-742-216-5719x13783"|"Comptroller"|"Maxwell-Francis"|"1923-08-18"
"609487c0-36ea-4d61-84c0-6e14ba7623eb"|"Larry"|"Flynn"|"M"|"689 Anderson Port"|"265.909.3857x6886"|"Radio producer"|"Reid Inc"|"2016-08-25"
"37efa0d6-d3be-4c5f-8a68-e270a0905470"|"Michelle"|"Riddle"|"F"|"344 Mills Springs"|"+1-426-488-8710x33646"|"Teacher, primary school"|"Mahoney-Hansen"|"1977-02-23"
"b526e8d8-42e7-416f-92e0-1c7d5a09c535"|"Karen"|"Adams"|"F"|"476 Catherine Cove"|"001-574-902-0782x5465"|"Meteorologist"|"Scott Ltd"|"1918-06-23"
"19e83872-ed6a-4e9b-a6c4-4e8e8315a06d"|"Michael"|"Pena"|"M"|"367 Heather Garden Suite 383"|"+1-835-705-9072x7961"|"Health service manager"|"Holloway, Adkins and Nelson"|"2015-02-21"
"411f5679-131f-4dea-9641-338a03ee3d4f"|"Eric"|"Barnett"|"M"|"373 Michael Circles Suite 720"|"+1-299-705-3667x66800"|"Leisure centre manager"|"Bush, Moon and Zuniga"|"1983-12-05"
"00d83dbe-65c9-476d-9781-b6a7ecc162dc"|"Terry"|"Floyd"|"M"|"378 Johnson Throughway"|"(649)963-5371"|"Manufacturing systems engineer"|"Rich-Thompson"|"2018-02-24"
"ac4a63e9-83f1-4a7a-beca-38101f2780d7"|"Jeffrey"|"Orozco"|"M"|"249 Jordan Vista Apt. 756"|"664-419-4325x25230"|"Claims inspector/assessor"|"Edwards, Chapman and Bullock"|"1959-01-09"
"b2e5fe67-7de9-4602-b8ee-6d766191c01b"|"Michael"|"Baker"|"M"|"470 Jeffery Village"|"(688)226-5470"|"Haematologist"|"Lamb-Hernandez"|"1981-12-11"
"1013166f-4ebb-4b30-9c1b-ecc88fe25605"|"Sherri"|"Tyler"|"F"|"529 Thomas Wall Suite 035"|"7826004643"|"Primary school teacher"|"Greer-Garrett"|"1977-03-07"
"8dd353b0-6fb9-4c7f-9e9c-f29cd748ba29"|"Troy"|"Little"|"M"|"724 Moore Crossroad Apt. 549"|"357-524-9627"|"Police Officer"|"TTPD"|"1926-12-03"
"3ce9a67c-dfda-46d7-bb07-f7017610b212"|"Joan"|"Ruiz"|"F"|"105 May Rest Suite 582"|"(929)861-3250x63409"|"Pharmacist, hospital"|"Rodriguez Group"|"1948-11-07"
"5a1f75f8-8d15-4f17-908c-13410f42ea10"|"Christopher"|"Smith"|"M"|"994 Pham Ports"|"(640)345-2964x9330"|"Conservation officer, nature"|"Flores and Sons"|"1950-01-21"
"576774c4-95ab-4a00-8180-63d9eaa6977e"|"Tiffany"|"Solomon"|"F"|"666 Nicole Via"|"(676)642-0352x4785"|"Fitness centre manager"|"Johnson-Garcia"|"1910-08-05"
"19c55440-5127-4bc8-b58f-007ff62fc6d1"|"Erin"|"Ryan"|"F"|"909 Patricia Row"|"001-763-835-6028x570"|"Risk analyst"|"Brown-Smith"|"1941-10-23"
"127dd42b-b2fe-4828-9b8c-5db9f538f289"|"Christine"|"Gill"|"F"|"803 Cox Turnpike Apt. 083"|"001-327-998-0972"|"Equities trader"|"Smith-Scott"|"1925-11-23"
"c78e4b75-bc72-400e-af49-293697e3e188"|"Kyle"|"King"|"M"|"440 Matthew Valleys Suite 832"|"799-661-1364x96203"|"Scientist, audiological"|"Steele, Hart and Reese"|"1914-10-11"
"f92b1fd2-66fb-42f2-8838-b6311f51fc51"|"Alicia"|"Blair"|"F"|"721 Pham Ports"|"(219)403-5848x28750"|"Herpetologist"|"Snyder-Wilson"|"2015-04-06"
"d47edeb4-9754-4ee9-955b-783c66ad7a58"|"Kimberly"|"Christian"|"F"|"971 Shelton Run"|"212.833.1132"|"IT consultant"|"Pittman-Williams"|"1991-08-06"
"430238c1-6328-4d61-9aca-377adf03305e"|"Maria"|"Barnett"|"F"|"936 Warner Circle"|"(558)242-3802x05496"|"Tour manager"|"Mcconnell-Cruz"|"2001-10-28"
"c7771be5-61cb-44fc-9398-503e5c8a9652"|"Meredith"|"Freeman"|"F"|"966 Michelle Isle Apt. 431"|"845.592.3460x16133"|"Civil engineer, contracting"|"Leonard-Ramos"|"2008-04-04"
"7284dcab-2090-4c6d-84a8-4b57c9754ba0"|"Brandon"|"Gallagher"|"M"|"943 Castillo Underpass Apt. 535"|"747-460-1630"|"Logistics and distribution manager"|"Parker-Clark"|"1911-09-14"
"4edd34c4-e8d3-4fb3-bb78-2b4002bf7531"|"Ashley"|"Christian"|"F"|"271 Randolph Way Suite 427"|"+1-465-617-7603x000"|"Engineer, agricultural"|"Miller and Sons"|"1948-04-14"
"d87b6a43-2260-4d87-9a72-b449293251ff"|"Eric"|"Perez"|"M"|"923 Shepard Bridge"|"001-252-503-7104"|"Warden/ranger"|"Wright-Jones"|"1911-10-14"
"25862c1f-6519-4080-9f5d-b0fa7ab2b7ea"|"Angie"|"Reyes"|"F"|"827 Diana Point"|"4658459172"|"Learning mentor"|"Lester Inc"|"1988-04-30"
"df20358c-ccb3-4d8d-8a28-f9cbf781f8e8"|"David"|"Reyes"|"M"|"991 Hensley Park Suite 873"|"(406)415-1247x13516"|"Chief Executive Officer"|"Perez, Ramirez and Schmidt"|"1930-02-25"
"ecd40f7f-4a09-480e-9811-604097ef68a3"|"Gary"|"Williams"|"M"|"637 May Rest Suite 582"|"801-388-4842x806"|"Art therapist"|"Pena, Rodriguez and Haney"|"1985-01-14"
"6523161a-d6c7-425f-bce8-bcbc894d1ca6"|"Sean"|"Terry"|"M"|"580 Jackson Harbors Suite 257"|"001-688-952-2649"|"Phytotherapist"|"Hall, Kaufman and Rivers"|"1992-08-04"
"8f0e9b50-fb7c-4226-84fe-8d45a1c10ff5"|"Michael"|"Crane"|"M"|"561 Wyatt Pike Suite 863"|"(965)252-0424"|"Medical laboratory scientific officer"|"Howell, Hendricks and Evans"|"1926-09-21"
"a3dbcd87-aef1-4793-ba6a-e9729f6df2a0"|"Kyle"|"Bond"|"M"|"476 Matthew Valleys Suite 832"|"(429)734-8666"|"Ranger/warden"|"Lawson-Montes"|"1951-06-28"
"d6715d28-1857-4d16-940c-4f11cde69989"|"Abigail"|"Wood"|"F"|"6 Gray Walks Apt. 075"|"443-616-3099x0022"|"Television/film/video producer"|"Freeman-Peterson"|"1951-09-08"
"99be62fb-488c-4f66-8e33-b1c140252a8b"|"Ryan"|"Sparks"|"M"|"357 Oneal Underpass"|"+1-781-588-4343x61688"|"Adult nurse"|"Bowman-Williams"|"1957-12-24"
"eb4f5fbe-4641-4ee7-b7da-87bb6c8ec356"|"Cody"|"Crawford"|"M"|"72 Daniel Plaza"|"+1-349-603-6426x034"|"Medical illustrator"|"Edwards, Estrada and Wheeler"|"1936-12-08"
"6d93db54-9026-46be-bafd-003ea4d4d051"|"Patrick"|"Ray"|"M"|"529 Pham Ports"|"+1-952-736-4387"|"Optician, dispensing"|"Cooke, Ramos and Nguyen"|"2011-07-04"