"id"|"first_name"|"last_name"|"sex"|"address"|"phone_number"|"profession"|"company"|"date_of_birth"
"517073e1-4972-42e4-b004-c538aef64458"|"Marcus"|"Brown"|"M"|"836 Ward Parkway Apt. 076"|"746.754.3074"|"Chief Technology Officer"|"Miles Ltd"|"1944-09-11"
"6a846b15-2d5b-414c-b48f-f57fb0c21137"|"Hannah"|"Terry"|"F"|"905 Yates Harbor Suite 905"|"+1-661-277-0310"|"Physicist, medical"|"Mann-Jennings"|"1954-03-15"
"03000a96-935a-4c29-afb9-47f565d7557b"|"Donald"|"Fernandez"|"M"|"62 Heather Garden Suite 383"|"935.805.6347x0487"|"Sports therapist"|"Thomas, Beasley and Gilbert"|"1939-11-13"
"bfd1de08-27d7-43e6-97e6-1009a0a509ea"|"Gregory"|"Martin"|"M"|"80 Gray Walks Apt. 075"|"(959)990-6275x11855"|"Actor"|"Sandoval, Hansen and Kelley"|"1965-12-28"
"b2d01083-37ae-4b35-b7a7-9203342e4b9b"|"Elizabeth"|"Buchanan"|"F"|"820 Hood Loop Apt. 276"|"001-952-938-3883x47155"|"Administrator, sports"|"Payne-Smith"|"1944-01-26"
"31d6249c-2317-4c2f-b2a6-fb4a25d1bc27"|"Krista"|"Baxter"|"F"|"402 Ross Camp Apt. 134"|"(262)409-5443"|"Jewellery designer"|"Smith-Smith"|"1950-06-01"
"19743a6d-9647-4e40-ad31-3bf33b9b4841"|"Lori"|"Curtis"|"F"|"903 Christopher Tunnel"|"648-891-1551x42866"|"Editor, commissioning"|"Floyd, Campbell and Hartman"|"2000-07-28"
"38a6a2d9-aac5-456d-8bd2-ec4b4f0938dd"|"Bobby"|"Marquez"|"M"|"806 Jonathan Stravenue"|"+1-791-544-2451"|"Hotel manager"|"Lawson-Ritter"|"1978-11-30"
"d550322a-6a7b-4726-bb23-12c9df260e7b"|"Maurice"|"Pham"|"M"|"621 Jeffery Village"|"968.508.9260"|"Librarian, public"|"Robinson, Owen and Buck"|"1958-05-10"
"4cf97ff4-e82d-4ebf-9e6f-7154fef24bb7"|"Molly"|"Aguirre"|"F"|"615 Martin Field"|"001-515-472-5884x229"|"Research scientist (maths)"|"Torres, Warner and Kim"|"1925-07-08"
"ab51f2f0-7668-4349-a28c-ba6604e4f3ee"|"Gary"|"Fisher"|"M"|"200 Smith Avenue Apt. 759"|"(911)415-2202x20663"|"Hydrologist"|"Reyes-Singh"|"1941-09-09"
"a45883e4-ba0f-40bc-965b-a593116e69f5"|"Frederick"|"Benson"|"M"|"61 Robin Junctions Apt. 618"|"(624)409-9797x0456"|"Analytical chemist"|"Malone, Morris and Hardy"|"1975-08-31"
"c335e64f-eb43-4e12-b0fe-eb2a743b4b41"|"Rachel"|"Rivera"|"F"|"468 Jordan Vista Apt. 756"|"(690)910-0641x42408"|"Midwife"|"Anderson, Cantu and Garcia"|"2013-03-09"
"d058f81f-4c71-44c4-b096-fd74d8afdf46"|"Garrett"|"Hernandez"|"M"|"335 Hanson Port"|"(218)538-5405"|"Biomedical scientist"|"Brown, Salas and Barnes"|"1994-01-27"
"c9372d27-e8f1-4c30-be1b-f7c9a97c2139"|"Michael"|"Lopez"|"M"|"707 Oneal Underpass"|"+1-201-703-2490x30996"|"Sports administrator"|"Cannon-Kidd"|"1953-12-25"
"3cad704b-50bf-4e11-9bf2-4c615435c2d5"|"John"|"Moore"|"M"|"499 Lewis Trace"|"(258)487-5829x1995"|"Management consultant"|"Benson, Cox and West"|"1916-01-27"
"1f2bcd13-8b29-4d49-8c71-572bb1dfc7b9"|"Edward"|"Williams"|"M"|"316 Castillo Underpass Apt. 535"|"(671)719-2176x081"|"Water quality scientist"|"Peterson, Taylor and Faulkner"|"1925-01-03"
"483c2572-5d9e-469f-a2aa-f98287d2ef2f"|"Carol"|"Fernandez"|"F"|"724 Bruce View Suite 976"|"293.586.3308x0895"|"Administrator"|"Roberts LLC"|"1952-06-01"
"b8e7a339-f53b-4658-9a05-29c6f8349036"|"Jeremy"|"Snyder"|"M"|"755 Christine Gateway"|"+1-872-410-6522x3507"|"Primary school teacher"|"Richardson, Scott and Gonzalez"|"1983-02-23"
"805435d2-fca0-46a3-b663-24936a36d167"|"Melissa"|"Mejia"|"F"|"642 Martin Field"|"341-475-2853x131"|"Tour manager"|"Barnes-Carter"|"2009-05-03"
"b9e236f9-d0af-4825-8ccc-09f3959eb812"|"Joseph"|"Aguirre"|"M"|"562 Brown Canyon Apt. 503"|"(975)853-3687x864"|"Psychologist, clinical"|"Washington-White"|"1992-04-22"
"f17e6ebb-81f8-470d-b52b-f7835e5bb172"|"Linda"|"Cunningham"|"F"|"425 Weeks Meadow Suite 683"|"799.997.0327"|"Financial adviser"|"Stephens, Walker and Carter"|"2000-03-09"
"1abab7c5-cc42-47ac-abfd-d539723ef4e6"|"Richard"|"Sanders"|"M"|"902 Brown Canyon Apt. 503"|"001-260-409-1594x479"|"Geoscientist"|"Gibson-Malone"|"1961-01-18"
"74ca8c99-97ee-422d-af0c-1b0b74c8f658"|"Daniel"|"Gray"|"M"|"18 Bailey Trail"|"+1-767-923-8729"|"Facilities manager"|"Haynes-Bradshaw"|"2009-03-22"
"a40170de-3e8c-4acf-9bf1-beaa2b33e0ba"|"Kenneth"|"Alvarez"|"M"|"912 King Land"|"+1-743-610-8150x7975"|"Curator"|"Hernandez-Flynn"|"2020-12-19"
"bb9b1161-ae23-414b-ab5f-e34973a56919"|"Johnson"|"Rivera"|"F"|"350 Jones Cliffs Suite 657"|"555-635-2681x4296"|"Special effects artist"|"Cannon Group"|"1936-03-14"
"53f3120e-0ecd-412c-8ef8-9b4d534f40d9"|"Jeanne"|"Daniels"|"F"|"636 Kari Alley Suite 131"|"001-442-654-2379"|"Therapist, sports"|"Malone, Bowen and Leach"|"2021-04-29"
"03db2fc1-57eb-4ad5-81cf-d7a97460ffbf"|"Donna"|"Howard"|"F"|"667 Jeffery Village"|"001-764-508-0488x2998"|"Chief Operating Officer"|"Lopez and Sons"|"2004-11-15"
"bb44cb8e-da26-4812-ba58-b287871cdd0b"|"Thomas"|"Roberts"|"M"|"101 Tim Avenue Apt. 437"|"001-610-348-1316x7315"|"Designer, blown glass/stained glass"|"Schwartz, Hardy and Davenport"|"1958-02-16"
"d090e9db-1244-4bcc-9b2c-18dfb9ab6855"|"Jessica"|"Ray"|"F"|"15 Tiffany Gateway"|"(966)482-1125x5905"|"Pathologist"|"Collins, Matthews and Smith"|"1989-03-04"
"3f1a9a24-7111-4f5a-85d8-ba24dd42fd99"|"Ashley"|"Burke"|"F"|"801 Kari Alley Suite 131"|"939-906-4508x087"|"Education administrator"|"Alexander, Butler and Sanders"|"1926-06-27"
"5aea9a58-e55a-42f5-b3cb-f5b356de5e77"|"Ruth"|"Gonzalez"|"F"|"897 Thomas Ford"|"001-671-211-1927"|"Dealer"|"Hall-Weber"|"1954-06-30"
"ac41f10b-4492-4d37-b4fb-02eefa0d9778"|"Shannon"|"Green"|"F"|"328 Pham Ports"|"+1-735-433-4048x9095"|"Energy engineer"|"Hendrix-Krueger"|"1957-08-05"
"3c1b99a2-cbf5-4a4b-b932-ea5292a4e0f2"|"Susan"|"Barnes"|"F"|"868 May Rest Suite 582"|"001-639-966-3252x5524"|"Telecommunications researcher"|"Robbins-Bolton"|"1971-06-22"
"e92c3dc0-7921-4e9e-85e2-1adc2d55e29d"|"Leonard"|"Fox"|"M"|"729 Amber Wells"|"(925)373-9364"|"Dispensing optician"|"Valdez, Davis and Christian"|"1940-10-01"
"d48e269c-6685-4acf-a2f3-76b08b619a41"|"Thomas"|"Mitchell"|"M"|"615 Elizabeth Creek Apt. 423"|"001-944-941-7856"|"Prison officer"|"Pearson, Duncan and Lewis"|"2015-12-26"
"402470ae-674e-4a43-9442-e1f8096f227b"|"Aaron"|"Herrera"|"M"|"637 Kari Alley Suite 131"|"001-758-844-3478"|"Insurance account manager"|"Thompson-Webb"|"2005-10-20"
"6d427a34-ff3a-48ec-9ef9-12148ef4fbdb"|"Samantha"|"Green"|"F"|"360 Thomas Coves Suite 736"|"+1-203-818-4935x73626"|"Photographer"|"Howell, Jones and Blevins"|"1908-07-01"
"814beeff-b673-43f2-a6b9-9aaeaac0211b"|"Jennifer"|"Suarez"|"F"|"602 Ortiz Brooks"|"401-725-5350"|"Garment/textile technologist"|"Graham Group"|"1982-06-14"
"04b6d048-ca7b-49de-9121-d59de90eee90"|"Stefanie"|"Gardner"|"F"|"751 Tim Avenue Apt. 437"|"5178885286"|"Press photographer"|"Miller, Mitchell and Johnson"|"2020-05-17"
"d1719e31-8eff-4f76-a32a-87750b684709"|"Kayla"|"Gates"|"F"|"709 Simpson Mill Apt. 030"|"+1-545-687-0782x1004"|"Sports administrator"|"Shelton-Garrett"|"1957-05-10"
"002f6ac8-d141-401c-91f4-e14d7b519d28"|"Katherine"|"Faulkner"|"F"|"489 Cooley Dam Apt. 601"|"919.893.1432"|"Naval architect"|"Johnson Inc"|"2018-02-21"
"90887f54-d85b-4e2e-b9ef-74b2fcce3974"|"Brittany"|"Ray"|"F"|"6 Jackson Harbors Suite 257"|"568-547-9551"|"Museum/gallery exhibitions officer"|"Evans LLC"|"1975-01-18"
"ff70ba3e-c3f0-4799-9b15-3a7d0031998a"|"James"|"Aguirre"|"M"|"90 Alexis Freeway Apt. 358"|"(668)442-5984"|"Academic librarian"|"Hart, Walker and Smith"|"1933-06-24"
"b2cacea4-4129-481f-975d-e1b82248cb19"|"Zachary"|"Shaffer"|"M"|"946 Tiffany Gateway"|"001-295-430-5379x83557"|"Hospital doctor"|"Delgado Ltd"|"2012-04-10"
"42a3951e-df10-4e6c-ad2d-a8fe872b8805"|"Jesse"|"Hayden"|"M"|"913 Ward Parkway Apt. 076"|"001-308-625-4654x7011"|"Accommodation manager"|"Figueroa-Clark"|"2004-07-12"
"107453da-2134-4d33-b595-cc52141e4647"|"Veronica"|"Hubbard"|"F"|"419 Kari Alley Suite 131"|"416.836.4004"|"Patent examiner"|"Schmidt-Palmer"|"1941-06-08"
"4e45a983-7f7a-4acb-8524-d0b9a4af49d2"|"Duke"|"Ramos"|"F"|"619 Morales Gardens Suite 197"|"+1-874-448-0997x520"|"Education officer, environmental"|"Jones-Cook"|"1992-04-29"
"aed561fe-9bba-4a45-aa60-4e0e068260b3"|"Julia"|"Burns"|"F"|"112 Thomas Coves Suite 736"|"4712101799"|"Artist"|"Perez-Bradley"|"2003-09-16"
"9522394d-8213-47ba-a1b7-ae2973db8168"|"Michelle"|"Hanson"|"F"|"858 Oneal Underpass"|"3768030574"|"Energy manager"|"Moore-Fisher"|"1974-10-29"
"4ef2ad6c-09da-445a-a06d-383fed13907a"|"Jillian"|"Patton"|"F"|"336 Robinson Highway"|"001-214-829-3937x24746"|"Advertising account executive"|"Hill, Sanchez and Torres"|"1959-07-29"
"1da263e6-f25a-40e7-b1f3-0dea8a27c682"|"Justin"|"Aguirre"|"M"|"206 Tiffany Gateway"|"+1-959-349-6126"|"Academic librarian"|"Scott Group"|"1968-08-10"
"3cc4fdde-ef7b-4d04-998b-f7294916b841"|"Joseph"|"Barnes"|"M"|"133 Martinez Grove Apt. 125"|"001-652-830-0176x6897"|"Database administrator"|"Davis Inc"|"1955-11-26"
"2f932a92-ae62-4cb6-ab5d-1d528acd8474"|"Brian"|"Berry"|"M"|"296 Nicole Via"|"(383)640-7839"|"Scientist, biomedical"|"Young Group"|"2011-02-17"
"33811538-2a3f-4a1a-a55b-6e1dee7b4336"|"Dawn"|"Skinner"|"F"|"575 Patricia Row"|"001-987-986-4939"|"Race relations officer"|"Smith-King"|"1980-10-26"
"1e542c08-7404-45b7-939c-a0a089962ce3"|"Stephen"|"Velez"|"M"|"650 Davis Landing"|"(812)808-7574x656"|"Geographical information systems officer"|"King and Sons"|"1992-07-06"
"29a632e9-e4e0-482d-8483-f4b23a8d3fd5"|"James"|"Lynch"|"M"|"796 Arnold Cliffs"|"226-223-4117"|"Pharmacist, hospital"|"Brown-Fisher"|"1972-04-03"
"32c9e7a6-2b49-4c31-aac7-9759ca5679df"|"Tracy"|"Fisher"|"F"|"21 Weaver Haven"|"(224)810-8394x111"|"Facilities manager"|"Jones, Sanchez and Price"|"1993-07-24"
"cd4ab345-b57e-4952-a5e1-03656fdd8de5"|"Matthew"|"Murray"|"M"|"73 Dakota Extensions"|"657-251-4295"|"Public librarian"|"Davis, Miller and Morton"|"1943-05-29"
"55d2a921-f59b-4618-898c-4da0b87cf1a0"|"Jay"|"Torres"|"M"|"393 Matthew Keys"|"836-538-4486x806"|"Location manager"|"Macdonald-Taylor"|"1921-09-10"
"ba61a315-66e8-4021-83f3-a30cf2c0e5e8"|"Mariah"|"Park"|"F"|"36 Quinn Divide"|"001-495-944-6196"|"Product/process development scientist"|"Shaw LLC"|"1980-07-20"
"95b0589c-5737-4a88-b9cf-4857aab90436"|"Joseph"|"Patton"|"M"|"485 Shelton Run"|"(865)336-6824x17037"|"Tourism officer"|"Sutton-Sanders"|"1951-08-16"
"ee61b6a1-9284-44af-90d6-fd220817976a"|"Susan"|"Park"|"F"|"297 Gabriel Hill Apt. 094"|"+1-320-534-1421"|"Exhibitions officer, museum/gallery"|"Mitchell Ltd"|"2023-09-09"
"a1d9def7-943b-412f-a00e-26176777c9d4"|"Gabriel"|"Casey"|"M"|"495 Simpson Mill Apt. 030"|"777-480-4236"|"Network engineer"|"Jensen Inc"|"1959-09-05"
"84d68079-833b-4a12-b223-d8e72c4e7de7"|"Patricia"|"Barnes"|"F"|"341 Michelle Isle Apt. 431"|"535-233-0877"|"Engineer, electrical"|"Luna, Lyons and Walker"|"1927-05-02"
"5c8bea2f-82f4-434b-b170-9994036a2100"|"Christie"|"Baker"|"F"|"229 Nathan Views"|"+1-280-927-8952x61828"|"Surveyor, mining"|"Hernandez and Sons"|"1927-05-02"
"e56b9fe9-0274-43fa-bc7b-b81174a5b7eb"|"Nathan"|"Gardner"|"M"|"338 Monica Burgs Suite 695"|"6192079483"|"Pensions consultant"|"Davis, Humphrey and Mitchell"|"1924-08-19"
"a86401d7-1a85-4b4d-8dcc-bbc0ae0d7441"|"William"|"Ruiz"|"M"|"168 Haney Prairie Suite 518"|"202.915.5206x07318"|"Mental health nurse"|"Gray-Little"|"1959-10-22"
"c43143d2-02b8-4766-aeef-eaa372af935a"|"Brian"|"Nguyen"|"M"|"106 Bailey Trail"|"581.907.3896"|"Surveyor, rural practice"|"Morgan-Gordon"|"1992-03-20"
"8772ae5a-717c-4793-99dd-dc02056a239e"|"Edwin"|"Riley"|"M"|"691 Bruce View Suite 976"|"581-707-2689x947"|"Merchandiser, retail"|"Ramos, Mayer and Lawrence"|"1917-01-25"
"9d4ab415-99f2-42aa-947c-42cb84b41181"|"Maureen"|"Wilson"|"F"|"398 Andrew Street Apt. 107"|"433.551.8888"|"Special educational needs teacher"|"Brown LLC"|"1940-02-23"
"6edfb27b-8878-43d1-92bc-c8576a2a2649"|"Sarah"|"Cordova"|"F"|"184 Montoya Walk Apt. 578"|"+1-547-608-7399x2681"|"Therapist, drama"|"Clark-Peck"|"1982-07-16"
"9bdd92d7-c68d-4d45-8f2b-253ab3ecca61"|"Jose"|"Wilson"|"M"|"234 Collins Skyway"|"001-475-264-1298x27621"|"Secretary/administrator"|"Reilly-White"|"1912-12-01"
"4ae00670-3208-4d95-97fe-a578a0b11688"|"Michael"|"Rodriguez"|"M"|"488 Brown Canyon Apt. 503"|"222-600-1330"|"Call centre manager"|"Lewis-Clements"|"2008-12-29"
"bd09d565-db45-4c69-b6e4-3bd1054e9268"|"Natasha"|"Hernandez"|"F"|"90 Jeffery Spur Suite 411"|"(618)776-5246x3346"|"Acupuncturist"|"Smith LLC"|"1926-04-22"
"e1256e22-469c-4f5a-9a71-bd4c45898af9"|"Antonio"|"Mitchell"|"M"|"130 Hanson Port"|"(881)546-6086"|"Surveyor, hydrographic"|"Romero, Kaufman and Griffith"|"1960-03-13"
"d427beae-ebd8-4ca1-8f02-869f8385a916"|"Lucas"|"Little"|"M"|"232 Heather Garden Suite 383"|"001-637-603-3355x1268"|"Engineer, site"|"Douglas-Mann"|"1929-04-25"
"408c9b79-9cfa-4f23-ab44-87969f922860"|"Amanda"|"Zuniga"|"F"|"186 Martinez Grove Apt. 125"|"(433)413-0468"|"Naval architect"|"Carey, Stein and Moore"|"1946-04-23"
"1c8232ae-9c2a-4671-b3c3-4bdc4ad7403e"|"Karen"|"Jones"|"F"|"882 Anderson Parkways"|"+1-441-856-9452x9760"|"Animator"|"Graham LLC"|"1946-01-24"
"a517f5f4-eaab-49b2-b89f-3f17c97acb47"|"Tyler"|"Tyler"|"M"|"92 Anderson Parkways"|"+1-561-478-2817x971"|"Exhibition designer"|"Taylor-Dominguez"|"2010-02-16"
"a4cac6ee-ad7b-48a9-9595-83c245be09c5"|"Cathy"|"Tran"|"F"|"299 Anderson Port"|"329-837-9492"|"Designer, graphic"|"Gray, Soto and Waters"|"2011-04-05"
"089ad62e-f45f-47eb-aac2-20df508b6853"|"Rebecca"|"Drake"|"F"|"31 Simpson Mill Apt. 030"|"896.556.5832"|"Consulting civil engineer"|"Johnson-Miller"|"1987-05-12"
"58ed3d40-bc0c-4813-851b-af4cdc9a8994"|"Michael"|"Taylor"|"M"|"49 Michelle Isle Apt. 431"|"832-935-3217x43027"|"Training and development officer"|"Lee-Perez"|"2016-11-10"
"b4c95f6a-4f59-4289-b42f-aad075700ea3"|"Larry"|"Johnson"|"M"|"458 Cox Turnpike Apt. 083"|"001-566-224-5694x36046"|"Medical physicist"|"Allen Inc"|"1997-05-25"
"80481253-96d8-44a9-ad40-dec15315af57"|"Andrew"|"Torres"|"M"|"778 Alexis Run Suite 764"|"205-651-9500x2921"|"Scientist, clinical (histocompatibility and immunogenetics)"|"Smith-Bailey"|"1932-03-11"
"d0e3ace4-4a1e-44ec-92a1-f0931b8409fa"|"Wayne"|"Brown"|"M"|"570 Anderson Port"|"001-543-310-0629x806"|"Sport and exercise psychologist"|"Martinez Group"|"1924-09-16"
"9ab99988-a7bf-4f37-94bf-e97cec891d69"|"Richard"|"Moore"|"M"|"938 David Passage Suite 979"|"(631)424-4736x368"|"Trade mark attorney"|"Wilkins, Lynn and Foster"|"2018-09-24"
"404c4ac3-528f-4abc-b448-ccf07c340453"|"Mark"|"Anderson"|"M"|"912 Quinn Divide"|"315.696.1655x4204"|"Ecologist"|"Moore PLC"|"1998-10-03"
"1f83dbb7-9117-4955-8d44-a7a6cf6e4c66"|"Mark"|"Davis"|"M"|"149 Johnson Throughway"|"001-704-316-3489x503"|"Higher education lecturer"|"Powers, Torres and Wilkinson"|"1948-11-03"
"0f7f1fe2-84b8-4c4a-bb97-1fa223d2732a"|"Jade"|"Benson"|"F"|"849 Michael Manor"|"983.323.3362"|"Microbiologist"|"Johnson and Sons"|"1995-09-25"
"3e2fe4f8-d1f5-45a1-a889-575252f50c60"|"Nicholas"|"Gonzalez"|"M"|"810 Troy Centers"|"979.342.5191x5221"|"Printmaker"|"Ward, Hernandez and Morales"|"1940-05-08"
"56590333-abe3-4a22-aa1e-a7d90d5512e0"|"Jane"|"Barnes"|"F"|"581 Thornton Land Suite 697"|"001-918-791-6502"|"Psychotherapist, dance movement"|"Shaffer, Donaldson and Parrish"|"1942-07-11"
"28a03d1b-6a70-47e8-bfc0-03ecdbb4166a"|"Alyssa"|"Roberts"|"F"|"302 John Fall Apt. 476"|"8078561678"|"Lighting technician, broadcasting/film/video"|"Holloway Inc"|"1920-05-14"
"c72a1a81-523a-4f07-a6b1-61290b4afd3f"|"Jillian"|"Morris"|"F"|"894 Thornton Land Suite 697"|"(878)740-5559x990"|"Logistics and distribution manager"|"Hill-Trevino"|"1917-08-02"
"50208ff6-9680-4b52-88ea-73548c42d7c6"|"Toni"|"Wilson"|"F"|"513 Heather Garden Suite 383"|"772-598-6598"|"Advertising art director"|"Frazier LLC"|"1941-03-06"
"8f6da57f-dd7d-42c7-a41c-e4af69e6a60c"|"Nicole"|"Espinoza"|"F"|"52 Ortiz Brooks"|"001-893-517-3538x648"|"Field trials officer"|"Matthews Ltd"|"2010-06-06"
"4ae1f76f-625a-4d56-9a9b-bcead5babb41"|"Howard"|"Torres"|"M"|"127 Jackson Harbors Suite 257"|"201.236.3990"|"Chief Technology Officer"|"Jones-Lee"|"1997-02-13"
"25bea0d9-3b39-4c43-8d31-78cd57e3c551"|"Jennifer"|"Blair"|"F"|"161 Ortiz Brooks"|"244-568-8945"|"Counsellor"|"Hawkins, Soto and Bradford"|"2005-03-03"
"95c31433-7b5b-4e3c-8c3b-8adaaa46b916"|"Frank"|"Foster"|"M"|"751 Brian Course"|"001-873-942-1966x1847"|"Financial risk analyst"|"Johnson-Logan"|"1975-02-23"
"08775cba-3d0d-4ca3-bca0-2d355fc125dc"|"Hannah"|"Martin"|"F"|"303 Porter Overpass"|"(571)935-6531x645"|"Cartographer"|"Diaz PLC"|"1981-11-10"
"f072e9b9-af48-4d9e-9952-62ab1624cfa6"|"Rebecca"|"Jackson"|"F"|"588 Murphy Creek Suite 712"|"001-875-380-6884"|"Public librarian"|"Wise Inc"|"1966-06-12"
"37e89cb2-6569-41eb-8be2-a26d0a23ec03"|"Chad"|"Stewart"|"M"|"13 Nelson Estate"|"(614)616-8135x9131"|"Engineer, agricultural"|"Vance-Lewis"|"1973-01-07"
"e378107e-79ab-4c98-a330-1e0e89dd0536"|"Larry"|"Colon"|"M"|"452 Porter Overpass"|"617-876-6419"|"Programmer, multimedia"|"Wise, Santos and Farmer"|"2017-09-15"
"73374349-1c22-4d53-a1dc-6522c6d356de"|"Shelley"|"Hanson"|"F"|"949 Tara Inlet"|"001-583-321-4293"|"Charity officer"|"Garrett-Ross"|"1973-04-06"
"7263dc8b-5c57-46cc-bdef-8104d59fe1c6"|"Samantha"|"May"|"F"|"781 Shelton Run"|"882.411.2404x894"|"Psychiatric nurse"|"Le-Vasquez"|"1938-07-10"
"4c4e86cb-8969-4087-982a-e6e9c94360e8"|"Megan"|"Mccullough"|"F"|"100 Matthew Keys"|"776.450.7629x2432"|"Engineer, drilling"|"Tucker PLC"|"2017-01-31"
"cc6e75fe-a5fc-4254-ada2-c912386d508a"|"Jerry"|"Aguirre"|"M"|"718 Welch Walk"|"001-624-337-8278x9031"|"Commissioning editor"|"Doyle, Pierce and Tate"|"1913-08-29"
"6e8afa10-910c-4728-a626-34bfe889b4e8"|"Christina"|"Velez"|"F"|"890 Morales Gardens Suite 197"|"881-656-3394x201"|"Senior tax professional/tax inspector"|"Harrington, Curtis and Abbott"|"1936-11-15"
"d0d3f2fb-f27f-449a-8f19-f4585ed62a97"|"David"|"Watson"|"M"|"840 Daniel Plaza"|"001-769-345-1514x1171"|"Production assistant, radio"|"Gregory-Martin"|"2000-02-05"
"d12e7a9e-b6bf-4e6b-bfd4-29b655bd7f9b"|"Amanda"|"Glover"|"F"|"932 Robin Junctions Apt. 618"|"253.627.1567x01295"|"Exercise physiologist"|"Lawson-Hunter"|"2019-04-19"
"44d52797-2ace-4801-a5f4-e1beddde3f59"|"Michaela"|"Ruiz"|"F"|"699 Hart Estates Suite 718"|"001-556-916-0653x96527"|"Historic buildings inspector/conservation officer"|"Lynch-Paul"|"2011-04-02"
"618e211d-0e13-4065-9437-fef07dda6035"|"Robert"|"Cooke"|"M"|"304 Troy Centers"|"470-936-0541x4941"|"Librarian, public"|"Taylor Group"|"1921-04-23"
"f4689ba2-5810-4fe2-8354-fde8c7eab18c"|"Adrienne"|"May"|"F"|"737 Martin Field"|"(700)469-3423x36055"|"Building services engineer"|"Hughes-Fleming"|"1931-05-05"
"ba61be00-2f79-4e07-b4e4-2ee92b490009"|"Anthony"|"Steele"|"M"|"452 Jessica Mountains Suite 248"|"(582)934-4508x67265"|"Engineer, energy"|"Luna-Romero"|"1942-11-02"
"01446fc1-2c53-48c4-947f-4205dc93b401"|"Julie"|"Gallagher"|"F"|"217 Chandler Tunnel Suite 681"|"2844742267"|"Teacher, English as a foreign language"|"Gonzales-Green"|"2020-08-19"
"faf0ec81-e2c8-4676-b46b-9e3d2f72f2da"|"Joshua"|"Lee"|"M"|"556 Luna Loop"|"340.414.5961"|"Archaeologist"|"Lyons, Torres and Miller"|"1936-06-25"
"87617334-5bda-4d0a-8fd1-0be775be5d59"|"Robert"|"Barber"|"M"|"290 Julia Station"|"8383442028"|"Civil engineer, contracting"|"Harris and Sons"|"1918-10-17"
"a5d03586-80ff-4050-9ecc-44b832fbdd6d"|"Leonard"|"Martin"|"M"|"290 Pham Ports"|"+1-852-935-7144x572"|"Product manager"|"Garcia, White and Mckinney"|"1943-04-07"
"5968bed6-be95-44b7-80b3-80367be8f14a"|"Kevin"|"Wilson"|"M"|"22 Randall Burg"|"(689)503-1581x614"|"Administrator, Civil Service"|"Wallace LLC"|"1956-06-12"
"5c0594ab-c594-42ac-91fd-36f7da882581"|"Antonio"|"Colon"|"M"|"318 Kari Alley Suite 131"|"633-218-3630"|"Electronics engineer"|"Perry-James"|"1992-09-15"
"f1bf7299-7ae5-42e1-8b68-b9571dad4b3f"|"John"|"Howell"|"M"|"921 Jonathan Place"|"+1-541-284-0674x5599"|"Proofreader"|"Perez and Sons"|"1967-06-05"
"0f958480-7e9e-4066-b880-36397a4bcccc"|"Marcus"|"Rhodes"|"M"|"256 Colleen Mount"|"(514)958-2123x1647"|"Sports development officer"|"Hall-Jensen"|"1992-08-06"
"9c558c93-4e53-48f7-bd37-05fa8849feec"|"Marc"|"Parker"|"M"|"658 Jessica Mountains Suite 248"|"(533)882-2975x31973"|"Forensic scientist"|"Vaughan LLC"|"1917-10-23"
"1c5531a6-b80c-4fbb-b8af-f18320087616"|"Ryan"|"Phillips"|"M"|"192 Tiffany Gateway"|"204-679-3511"|"Tax adviser"|"Hutchinson PLC"|"2021-03-06"
"4203baaf-5a37-4ac5-9e67-b08c29593308"|"Charles"|"Freeman"|"M"|"629 Yvette Loop"|"252.440.0382"|"Petroleum engineer"|"Gray, Eaton and Yates"|"1993-07-21"
"718421a0-9f1b-4d91-b7e0-8cb3b8ebc432"|"Rebecca"|"Lee"|"F"|"851 Bruce View Suite 976"|"896.771.7679x557"|"Pharmacist, hospital"|"Carr-Little"|"1924-01-27"
"e5e19c92-05f7-445f-a7ac-3958dc8c013e"|"James"|"Curtis"|"M"|"884 Catherine Lock"|"8827497146"|"Engineer, control and instrumentation"|"Hendrix-Mullins"|"1951-11-18"
"1ac6b78c-faac-455f-88d2-0ea04811f51e"|"Nicole"|"Smith"|"F"|"347 Tyler Knoll Apt. 752"|"931-805-1101x90202"|"Diagnostic radiographer"|"Romero Inc"|"2006-11-17"
"ba61e377-d436-4ea0-a2e9-aa4453e7a6ca"|"Kathryn"|"Mejia"|"F"|"619 Rosario Loop"|"001-843-313-6000x8719"|"Research officer, trade union"|"Gonzalez and Sons"|"1987-04-07"
"24b18bdc-9098-48a8-b689-aeed4ab2e02e"|"John"|"May"|"M"|"620 Martinez Grove Apt. 125"|"+1-614-845-1577x6631"|"Dispensing optician"|"Kaufman, Miller and Williams"|"1994-01-04"
"35333118-2834-4419-b2d8-556879d9650d"|"Bradley"|"Roberts"|"M"|"124 Matthew Keys"|"769.774.8020"|"Commercial horticulturist"|"Peterson-Garcia"|"1911-06-16"
"4d79e984-2572-4272-8f02-d6186c795828"|"Cassie"|"Burton"|"F"|"183 Welch Walk"|"+1-914-943-1368x45096"|"Scientific laboratory technician"|"Myers, Stewart and Williamson"|"2007-03-18"
"e701b072-dcb2-4ce8-a304-9661839e1d23"|"Michael"|"Ray"|"M"|"821 Padilla Estate Suite 556"|"+1-905-513-8324"|"Theatre manager"|"Velasquez-Hart"|"1967-03-27"
"8a846c29-998b-417e-88d2-4de0c9446233"|"Shelly"|"Hall"|"F"|"209 Brian Course"|"995-377-9065"|"Chemical engineer"|"Sullivan Group"|"1918-08-09"
"f42c6252-5c07-41a8-bbb3-f4678e17388c"|"Michael"|"Brown"|"M"|"325 Alexandra Bridge Suite 474"|"724.778.1911x0689"|"Clinical research associate"|"Garcia and Sons"|"2000-07-05"
"fc3ba13d-8ab1-491e-bd46-1c0d9912395d"|"Mark"|"Ward"|"M"|"654 Castillo Underpass Apt. 535"|"001-784-988-3787"|"Water engineer"|"Espinoza-James"|"1978-12-13"
"0eccac2b-fa52-473c-a2f1-98f7af46deed"|"Kimberly"|"Dunn"|"F"|"89 Hood Loop Apt. 276"|"+1-657-610-4038x6502"|"Chief Strategy Officer"|"Blake, Brown and Newton"|"1950-03-26"