"id"|"first_name"|"last_name"|"sex"|"address"|"phone_number"|"profession"|"company"|"date_of_birth"
"ba91b54f-d65a-40c6-8cad-8f9c7d790a6b"|"John"|"Gates"|"M"|"286 Hart Estates Suite 718"|"627-776-6807x05919"|"Scientist, research (medical)"|"Martinez Group"|"1955-06-26"
"48b56c20-a5a2-4988-8a19-e49fb1165b90"|"Stephanie"|"Ramirez"|"F"|"849 Jeffrey Run"|"(564)906-3025"|"Copy"|"Lam Inc"|"1989-01-02"
"bbb2a829-ca89-400d-9378-585180a8771e"|"Melissa"|"Reyes"|"F"|"748 Robin Junctions Apt. 618"|"373-955-9300x4793"|"Retail manager"|"Smith, Cole and Jimenez"|"1988-06-23"
"f0fabda3-7399-47c5-a5c8-1849cf3c33c7"|"Kathleen"|"Casey"|"F"|"19 Davis Landing"|"(524)380-3710x61775"|"Police officer"|"Grimes LLC"|"2010-09-23"
"edaf18cc-3214-4579-b937-71630709a55b"|"Caitlin"|"Barnes"|"F"|"497 David Course Apt. 455"|"001-319-486-6135"|"Chief of Staff"|"Doyle, Johnson and Moore"|"1999-03-29"
"4f1c5292-ac42-4793-b3e5-1d520cdf7996"|"Christopher"|"Gray"|"M"|"365 Lewis Trace"|"001-871-770-9862x253"|"Chartered accountant"|"Robertson-Williams"|"1990-04-22"
"be87996c-d2ab-4362-8424-1a8c39777de5"|"Sarah"|"Wilson"|"F"|"437 Jeffery Village"|"001-884-927-9531"|"Nurse, adult"|"Lawson and Sons"|"2005-02-24"
"4793e33e-1dde-4838-b076-0b4143cf96c6"|"Michelle"|"Holmes"|"F"|"611 Morales Gardens Suite 197"|"695.330.7358x1405"|"Financial manager"|"Andrews, Burns and Lynch"|"2004-09-14"
"e99a7497-e8ca-424c-9afc-c0eb345bad50"|"Philip"|"Shields"|"M"|"914 Nathan Views"|"+1-923-341-5952x6198"|"Financial trader"|"Shaw-Fowler"|"1935-01-05"
"f31de54f-b373-47df-b168-15b4afcda865"|"Meredith"|"Zhang"|"F"|"462 Bailey Trail"|"245-943-9339x1938"|"Sports coach"|"Ray Inc"|"1971-04-14"
"e580a91b-0fb0-472d-89b5-b0711f928a3c"|"Patricia"|"Torres"|"F"|"755 Jackson Harbors Suite 257"|"363.397.1900x44687"|"Forensic scientist"|"Garcia-Rodriguez"|"2014-09-18"
"3eb28d92-fe43-45d7-a819-00e0047c264a"|"Paul"|"Hicks"|"M"|"155 Padilla Estate Suite 556"|"393.308.6664x86762"|"Financial planner"|"Mills, Good and Mccarthy"|"1952-04-26"
"1f6ac43f-e8eb-4db1-89f7-794466d32c16"|"Abigail"|"Ray"|"F"|"611 Shepard Bridge"|"474.836.1352x78162"|"Early years teacher"|"Hill-Barnes"|"1980-01-02"
"af0b46dd-3f40-4f12-b17e-70e27ccdc0ed"|"Julie"|"Holmes"|"F"|"212 Amber Wells"|"(315)878-2551"|"Agricultural consultant"|"Johnson, Padilla and Brown"|"1915-01-19"
"bf792ef0-e2e8-452b-9e82-2b3abb832c22"|"Amanda"|"Lee"|"F"|"418 Ross Camp Apt. 134"|"9649535068"|"Further education lecturer"|"Jenkins-Castillo"|"1970-05-27"
"8106ab43-1aea-4a30-b746-acd82982f21d"|"Bryan"|"Blair"|"M"|"997 Thomas Wall Suite 035"|"947-943-0579x17785"|"Futures trader"|"Abbott-Torres"|"1936-01-24"
"8fec6b8d-c633-4835-88be-5d2f6114bb78"|"Joseph"|"Wilson"|"M"|"451 Pham Ports"|"(294)237-0775"|"Clinical research associate"|"Guzman Inc"|"1992-01-09"
"15646ade-a94d-4023-8bc6-163d60248230"|"Lauren"|"Freeman"|"F"|"682 Amber Wells"|"001-575-987-3358x007"|"Sales promotion account executive"|"Woodard-Walker"|"1926-01-19"
"d737f23a-a479-49ba-96b7-2d8d7557a164"|"Michele"|"Rojas"|"F"|"571 Weaver Haven"|"(521)885-6155"|"Data scientist"|"Miranda-Sanchez"|"2021-10-19"
"7bbc583d-f0b4-462e-ad39-48ab1311edc5"|"Kimberly"|"Howard"|"F"|"600 Matthew Keys"|"8976417254"|"Graphic designer"|"Wright, Noble and Marshall"|"2009-03-11"
"8cf232b7-a645-4795-b43a-f3c0fab246f7"|"Victoria"|"Evans"|"F"|"480 Thomas Ford"|"+1-538-542-8328x233"|"Museum education officer"|"King-Brown"|"1929-07-03"
"d839c16c-4157-470e-bd94-afb7ec26099d"|"Todd"|"Ruiz"|"M"|"848 Hart Estates Suite 718"|"7824780078"|"Scientist, research (maths)"|"Edwards LLC"|"2010-02-28"
"2f47b311-dd8c-4f1a-9a15-746fb1183fd1"|"Elizabeth"|"Glover"|"F"|"461 Jeffery Spur Suite 411"|"541-461-6826x4526"|"Human resources officer"|"Delgado, Carrillo and Garcia"|"1957-03-21"
"3d67b160-99a3-44d3-ba86-0e58774358a4"|"Zachary"|"Smith"|"M"|"537 Anderson Port"|"5668328525"|"Fitness centre manager"|"Williams, Rogers and Brooks"|"1975-06-17"
"a002bb60-70d3-408f-8883-7ca262f497b3"|"Richard"|"Fisher"|"M"|"10 Monica Burgs Suite 695"|"(896)439-1040"|"Designer, industrial/product"|"Holland, Johnson and Guerrero"|"2021-05-31"
"49c4049e-35cc-41f3-ad6a-0f5be5c28601"|"Desiree"|"Mckee"|"F"|"24 Ward Parkway Apt. 076"|"513.368.9166x70038"|"Oncologist"|"Elliott-Johnston"|"1951-04-05"
"0559801a-802c-4be4-9d51-d01898114d0c"|"Brady"|"Patrick"|"M"|"732 Tyler Knoll Apt. 752"|"+1-494-990-2097"|"Runner, broadcasting/film/video"|"Morgan Ltd"|"1962-03-11"
"72421705-efb4-4eb5-9b1f-689f125a0adb"|"Christine"|"Taylor"|"F"|"960 Matthew Valleys Suite 832"|"628.948.3050x0958"|"Museum/gallery conservator"|"Solis and Sons"|"1975-04-01"
"9fb8d752-1b72-491c-8cbc-7704006fea98"|"Kimberly"|"Conway"|"F"|"649 Aimee Circles"|"(742)430-3874x8003"|"Engineer, control and instrumentation"|"Schwartz Group"|"1987-06-13"
"873f0f62-96ee-418a-bde7-92169a1b1841"|"Sarah"|"Richardson"|"F"|"562 Nicole Via"|"8468384638"|"IT trainer"|"Williams Inc"|"1940-10-22"
"d41ce76e-833c-4746-9515-6c3dcfcd6031"|"Denise"|"Wilson"|"F"|"723 Pham Ports"|"(295)826-2268x9744"|"Private music teacher"|"Thomas LLC"|"1939-11-19"
"48b92d46-1feb-43da-a2b9-762ff6d576e9"|"Carlos"|"Jackson"|"M"|"159 Jonathan Stravenue"|"(553)333-7923x546"|"Operations geologist"|"Harris PLC"|"1928-09-06"
"276578a3-2765-45ef-bafd-340996cf185c"|"Kendra"|"Watson"|"F"|"679 Smith Ranch Suite 211"|"+1-532-562-6468"|"Horticulturist, commercial"|"Cisneros Ltd"|"2015-01-31"
"ec41f5ba-9c36-477a-b474-2286de3848bf"|"Alexander"|"Anderson"|"M"|"796 Aimee Circles"|"841-367-7288x7523"|"Psychotherapist, dance movement"|"Payne LLC"|"1976-09-03"
"d8ec18d3-b2bf-4b10-849d-0902c5eb1712"|"Matthew"|"Sparks"|"M"|"775 Jeffery Spur Suite 411"|"450-762-7832"|"Proofreader"|"Guerrero-Martin"|"1975-01-08"
"513e17e1-31d1-41cd-a2ad-f1afe2477eae"|"Ashley"|"Smith"|"F"|"228 Tim Avenue Apt. 437"|"384.925.6351x5497"|"Designer, exhibition/display"|"Butler-Baker"|"1919-04-16"
"f559ee94-81c7-4454-8ae0-97d658aa7068"|"Matthew"|"Robinson"|"M"|"766 Simpson Mill Apt. 030"|"(482)398-2516x95309"|"Brewing technologist"|"Erickson-Warren"|"2014-07-02"
"6a764b12-2aa8-45a7-b67e-5778ec07e6ed"|"Steven"|"Lopez"|"M"|"173 Elizabeth Creek Apt. 423"|"456.681.1534x106"|"Technical author"|"Campbell, Rowe and Gomez"|"1993-11-06"
"5925eb0b-bdfa-4019-a67f-a3d85a8bb67d"|"James"|"Riley"|"M"|"204 May Rest Suite 582"|"001-566-773-8017x782"|"Passenger transport manager"|"Wilkerson-Yoder"|"1927-03-15"
"7b547cc2-ed2d-49f7-a3b4-ea3c7b8d957d"|"Joe"|"Tran"|"M"|"782 Robin Junctions Apt. 618"|"001-376-278-8433"|"Corporate investment banker"|"Holt, Martinez and Price"|"1982-08-29"
"6a9dd710-fc9d-4d70-aac4-5470f77eb92d"|"Cindy"|"Shelton"|"F"|"258 Thomas Ford"|"(625)350-3774"|"Water quality scientist"|"Mendez LLC"|"1933-03-17"
"eab955d4-44a4-40a2-9f57-d12e8eabd03f"|"Bianca"|"Shields"|"F"|"710 Elizabeth Creek Apt. 423"|"(551)364-3895"|"Orthoptist"|"Mills, Brandt and Davis"|"1997-07-16"
"bec032df-be79-4118-91bb-58d92bbc2fb6"|"Robin"|"Hernandez"|"F"|"399 Montoya Walk Apt. 578"|"215.982.0778x85240"|"Marketing executive"|"Stephens-Johnson"|"2008-03-09"
"702a1e10-454c-498d-8a8c-7cda366c07b4"|"Jonathan"|"Torres"|"M"|"959 Daniel Plaza"|"200-808-7656x989"|"Radio broadcast assistant"|"Moore-Murphy"|"1992-04-28"
"d6e90a08-5cac-41ea-8cb8-c446c7110a39"|"Autumn"|"Williams"|"F"|"508 Christine Gateway"|"+1-394-519-9191x542"|"Radio producer"|"Montgomery-Perez"|"1934-05-01"
"5b0f5852-86f2-41e5-bf80-10509fd57e98"|"David"|"Welch"|"M"|"204 Catherine Lock"|"867.311.6154x675"|"Engineer, aeronautical"|"Martinez PLC"|"1920-09-16"
"5164e7e4-d3dc-4968-bc79-77524993968e"|"Donna"|"Spencer"|"F"|"889 Stacey Via Suite 001"|"(503)592-7769x32715"|"Medical physicist"|"Foley, Rodriguez and Davis"|"1917-07-30"
"7d7fb334-e4c8-4eae-8a6f-ff6021ac8020"|"Amanda"|"Williams"|"F"|"511 Jeffery Isle"|"001-330-424-1099x393"|"Advertising account planner"|"Martinez, Butler and Mcmahon"|"1960-09-26"
"be121e64-0285-4eaa-88a8-4f0a35c6b570"|"Julia"|"Barber"|"F"|"546 Yates Harbor Suite 905"|"+1-702-216-3402"|"Geneticist, molecular"|"Martin-Johnson"|"1981-06-16"
"a43bf1dd-536b-4426-9a92-7aabc3cf03a2"|"Robert"|"Burke"|"M"|"243 Randall Burg"|"340.972.4612"|"Engineering geologist"|"Peterson-Aguilar"|"2019-01-30"
"07f4cb72-145a-4679-8549-f58e7620806e"|"Sara"|"Harrison"|"F"|"589 Robinson Highway"|"562-394-6660x053"|"Physiotherapist"|"Conway-Simmons"|"1997-05-09"
"1fcb988f-b136-423e-8055-829d219cfccd"|"Jimmy"|"Smith"|"M"|"765 Jeffery Isle"|"950-272-5119"|"Event organiser"|"Morris, Jackson and Ruiz"|"1913-06-09"
"56f832f3-df7a-483d-9c33-0da366162da5"|"Julie"|"Johnson"|"F"|"327 Cox Turnpike Apt. 083"|"(915)657-2990"|"Leisure centre manager"|"Park, Walker and Ochoa"|"1986-11-07"
"9bcb0021-1aba-4c86-858f-c62f7f625b52"|"Anthony"|"Zuniga"|"M"|"143 Newton Wall"|"689-813-6026x662"|"Research scientist (life sciences)"|"Brown, Byrd and Thompson"|"1981-09-17"
"8700c3cc-9d27-40a9-a7b2-c94cb6ff1fb0"|"Gina"|"Patrick"|"F"|"512 Montoya Walk Apt. 578"|"447.394.7878"|"Exercise physiologist"|"White-Mathews"|"1915-11-08"
"f47ca0c0-d149-4ba2-bb27-c4aea08969b1"|"Patricia"|"Jones"|"F"|"605 Tyler Knoll Apt. 752"|"001-515-587-7636"|"Chief Marketing Officer"|"Wright, Thomas and Taylor"|"1945-07-20"
"b9903a67-ed84-4f6e-912b-7cbf65f93450"|"Leah"|"Lynn"|"F"|"887 Michael Circles Suite 720"|"460-970-2686x18129"|"Barrister"|"Miles-Williams"|"1959-10-31"
"446f0f3b-eea1-48c1-a33e-6f387e267b13"|"Rebecca"|"Daniels"|"F"|"355 Amanda Curve"|"531.703.9309x99025"|"Homeopath"|"Carlson LLC"|"1990-01-20"
"98f4c8df-9a1a-464f-83e9-e03875a71549"|"Alicia"|"Zhang"|"F"|"609 Quinn Divide"|"221-838-3657x908"|"Doctor, hospital"|"Miller, Buchanan and Lee"|"1991-03-31"
"ecc3191b-c2c5-4a3c-a945-0615dfa241d0"|"Vincent"|"Watkins"|"M"|"225 Andrew Street Apt. 107"|"7808133028"|"Education administrator"|"Bailey, Ramirez and Marshall"|"2017-11-29"
"290e26ca-8b2d-4364-8be4-7dda4adedcc2"|"Rebecca"|"Snyder"|"F"|"906 Bailey Trail"|"417-576-4827x2837"|"Trading standards officer"|"Reeves, Payne and Williams"|"1928-05-20"
"a933b2ae-0718-4dd2-bd97-3f92dce75e50"|"Colin"|"Simon"|"M"|"572 Donald Village Apt. 289"|"903-762-8766x22450"|"Dietitian"|"Rice-Smith"|"1919-01-21"
"fddd1cc0-a727-4e0b-9d5f-0abb1b724d9e"|"Anna"|"Young"|"F"|"161 Christine Gateway"|"9116139310"|"Primary school teacher"|"Taylor, Matthews and Santiago"|"2020-05-10"
"fc6bcd12-bf3d-4085-9514-36f199bf00af"|"Nancy"|"Castaneda"|"F"|"164 Martinez Grove Apt. 125"|"(518)892-6213x4806"|"Broadcast engineer"|"Flores-Gregory"|"1918-03-01"
"26c08f12-d42a-44d3-b0f1-07e24326f2a6"|"Caitlin"|"Weiss"|"F"|"340 Michael Circles Suite 720"|"+1-235-363-1127x315"|"Accountant, chartered public finance"|"Freeman, Santos and Scott"|"1964-04-17"
"0aab9384-6216-4a48-b9e5-8cc72f8d22ee"|"Melissa"|"Goodwin"|"F"|"526 Collins Skyway"|"+1-927-425-4961x585"|"Chief Strategy Officer"|"Carlson-Hunter"|"1943-03-24"
"4010197b-d088-4a75-b9fa-db1e08c5f68f"|"Ricardo"|"Barnes"|"M"|"663 Brown Canyon Apt. 503"|"+1-701-331-0591"|"Magazine journalist"|"Ellis-King"|"2005-08-27"
"2064dc8e-fa9d-4b0d-bfe6-ec1b53d5bc75"|"Tammy"|"Norman"|"F"|"91 Rosario Loop"|"5376513016"|"Geneticist, molecular"|"Nichols-Robinson"|"1937-08-03"
"b26c125b-d4c7-4020-8f50-780c68f01306"|"Christine"|"Crawford"|"F"|"307 Phillip Spring"|"+1-533-398-4285x29927"|"Sound technician, broadcasting/film/video"|"Robertson-Davis"|"1922-04-18"
"ad4fe2e2-f51b-405b-bcb2-328327364085"|"Linda"|"Williams"|"F"|"675 Christopher Tunnel"|"001-303-551-0118"|"Civil Service fast streamer"|"Moon-Stewart"|"1982-08-15"
"a9b8e956-5a1a-4bf3-8f59-ac668175d3f5"|"Dawn"|"Baxter"|"F"|"932 Jeffrey Run"|"+1-396-204-5175"|"Press sub"|"Campbell-Brady"|"1996-03-07"
"2be932d0-35f1-46fe-b097-59a45ec225ee"|"Diane"|"Green"|"F"|"664 Weeks Meadow Suite 683"|"(250)325-1628"|"Engineer, communications"|"Jones-Curtis"|"1965-01-25"
"009cdce7-b356-4157-97da-ba77c2744abb"|"Jennifer"|"Haney"|"F"|"250 Jordan Vista Apt. 756"|"970.387.0867"|"Mechanical engineer"|"Galvan Ltd"|"1972-02-26"
"d827cef0-d4ec-4eac-a858-bba6fd59515b"|"Erika"|"Welch"|"F"|"75 Arnold Cliffs"|"749-309-7326"|"Herbalist"|"Welch-Rogers"|"1984-05-05"
"44f13fe4-bac9-4ee3-bc84-5e7b20e05cd1"|"Autumn"|"Casey"|"F"|"468 Parks Trace Suite 497"|"656-995-1985x039"|"Therapist, drama"|"Wright Group"|"1974-01-10"
"363dbe12-12ce-4e41-acd6-7a7c6589ccb1"|"Anthony"|"Tran"|"M"|"321 Martin Field"|"(933)452-0984x719"|"Immunologist"|"Flores Group"|"1915-05-16"
"6b53ac0c-50ac-4a5b-af76-ac1b4b1db4a0"|"James"|"Smith"|"M"|"861 Parks Trace Suite 497"|"001-998-742-1133x632"|"Environmental health practitioner"|"Howe, Lester and Carroll"|"1999-12-13"
"1829e630-f65c-4cc0-b686-bcb76a2a4a04"|"Robert"|"Perez"|"M"|"601 Smith Avenue Apt. 759"|"(635)383-5857"|"Race relations officer"|"Young, Bates and Russell"|"2001-10-17"
"f8f8e7de-7317-401c-adb1-08e70e1e7166"|"Beverly"|"Lynn"|"F"|"760 Dakota Extensions"|"726-590-0595x1205"|"Surveyor, building"|"Harvey PLC"|"2022-01-24"
"e007b0fb-8674-4ff2-a855-e4600c442794"|"Kelly"|"Vargas"|"F"|"404 Charles Extension Apt. 046"|"415-827-5940"|"Professor Emeritus"|"Holland, Lopez and Scott"|"2012-06-22"
"719a92ad-9139-43f3-8058-d96eb8d4b5a2"|"Richard"|"Fuller"|"M"|"310 Shelton Run"|"3753216002"|"Software engineer"|"Wilson, Perry and Bates"|"1932-01-20"
"d3eb9893-a6c3-4b65-abd6-b021814a078e"|"Robert"|"Dean"|"M"|"980 Michael Circles Suite 720"|"(488)999-2603"|"Artist"|"Lawrence-Walsh"|"2011-03-28"
"b461ce0f-25d8-4714-82d2-2bbbafba6450"|"Michael"|"Rivera"|"M"|"622 Christopher Ways"|"283.327.0398x4858"|"Engineer, petroleum"|"Hardy-Hughes"|"1974-07-22"
"ce106ae9-43d4-44d9-bc66-f3eba4bcd646"|"Betty"|"Green"|"F"|"297 Charles Mall Apt. 745"|"(421)857-9391x15423"|"Textile designer"|"Chavez, Watson and Morris"|"1963-07-17"
"6a7272ff-9b8f-40ed-b204-ce18f52622f8"|"Eric"|"Anderson"|"M"|"855 Padilla Estate Suite 556"|"234-702-7661x88406"|"Social researcher"|"Davis, Richards and Turner"|"1998-12-15"
"e9f10fd7-a9e4-43fc-9b26-908bb7a748d7"|"Richard"|"Mendoza"|"M"|"927 Welch Walk"|"420.631.5291"|"Police Officer"|"TTPD"|"1968-04-07"
"a1f75b26-ec4c-4d22-aa8a-2275a0e2a559"|"Ford"|"Harper"|"M"|"747 Bailey Trail"|"+1-604-205-3403x6805"|"Corporate investment banker"|"Reid LLC"|"1940-10-08"
"7929f684-6d33-4ec1-93e7-1511a839933a"|"Joseph"|"Davis"|"M"|"767 Barron Hollow"|"(849)707-3720x1441"|"Psychotherapist"|"Sanchez-Woods"|"1986-07-17"
"60031867-4f8a-4d37-a6d7-a7d059f657e5"|"Carrie"|"Terry"|"F"|"39 Lee Burgs"|"(354)820-3774x17948"|"Geochemist"|"Chapman-Smith"|"1965-03-30"
"6f826493-e4bd-4547-9737-17b7d8db8c46"|"Brooke"|"Mendoza"|"F"|"397 William Avenue"|"(686)798-6329x28458"|"Automotive engineer"|"Melendez Inc"|"1967-03-30"
"c980aa61-89fb-4c6f-874a-f1d4ca3b9fdb"|"Cameron"|"Ramirez"|"M"|"9 Ortiz Brooks"|"595.969.3402x5568"|"Retail banker"|"Marshall, Carson and Benjamin"|"1981-11-02"
"4b7db7a6-a2f4-47cb-b98e-8e30f4e410a1"|"Charles"|"Marquez"|"M"|"171 Rachel Pine"|"4826233022"|"Cartographer"|"Robertson LLC"|"1943-08-11"
"8904de5c-bd52-434c-95a8-74c321a833e4"|"Heidi"|"Howard"|"F"|"404 Andrew Street Apt. 107"|"478-286-5933x259"|"Psychiatric nurse"|"Williamson Group"|"2018-12-14"
"261bf959-9854-4ad7-bd52-70e0379dcff6"|"Stephen"|"Smith"|"M"|"74 Rachel Pine"|"001-291-433-4241"|"Chief Executive Officer"|"Johnson, Kelly and Greene"|"1918-01-29"
"6a696eda-6a33-4486-8939-b32eeb355625"|"Julie"|"Simon"|"F"|"805 Christopher Tunnel"|"325.482.7884"|"Mental health nurse"|"Hanna, Wright and Vega"|"1970-09-10"
"7ea46755-60ae-4197-9b4e-4409f6c224c2"|"Mary"|"Howard"|"F"|"187 Brian Course"|"+1-542-463-7290x0323"|"Medical laboratory scientific officer"|"Smith, Jones and Anderson"|"1980-07-27"
"1cd5213b-5d8a-49a3-bbec-4cfdb9d4ceeb"|"Brooke"|"Glover"|"F"|"344 Banks Curve Apt. 123"|"001-982-782-0663"|"Fast food restaurant manager"|"Gomez, Anderson and Moreno"|"1931-05-27"
"f71035e2-af0e-4226-8427-9c67743370db"|"Scott"|"Fuller"|"M"|"25 Lewis Trace"|"796.594.4745x0934"|"Psychologist, prison and probation services"|"Snow Inc"|"1985-09-14"
"dea7cf7b-04fc-49e3-b20b-02cefe32a111"|"Sophia"|"Gillespie"|"F"|"330 Julia Station"|"+1-504-715-9376x458"|"Software engineer"|"Lane, Freeman and Barnes"|"1983-12-02"
"22091006-96c2-42c2-b42d-faa6e6d07993"|"Jason"|"Moore"|"M"|"251 Martin Field"|"(699)919-1148x997"|"Geochemist"|"Russo, Johnson and Copeland"|"2017-02-06"
"1892b265-0bd9-40aa-ac31-0c9bef6a475e"|"Tara"|"Burke"|"F"|"154 Amanda Curve"|"382-877-2920x1474"|"Midwife"|"Bell, Gutierrez and Davis"|"1931-06-20"
"f3e09435-5e51-4fb2-a94c-2e856a0694c3"|"Andrea"|"Spencer"|"F"|"779 Christine Gateway"|"(299)203-5247x51677"|"Industrial buyer"|"Reed, Solis and Ochoa"|"1957-05-26"
"6a243205-c195-40b0-828b-11eb165f9e86"|"Todd"|"Moore"|"M"|"221 Nathan Views"|"+1-770-654-9004"|"Occupational psychologist"|"Lee-Hansen"|"1966-06-05"
"05641d26-4f3e-4676-b601-1e24df77e518"|"Raymond"|"Suarez"|"M"|"706 Padilla Estate Suite 556"|"+1-304-814-9721x345"|"Physiological scientist"|"Edwards, Patterson and King"|"1976-11-07"
"93214d27-e352-4b8e-832e-039f954f8368"|"Jessica"|"Romero"|"F"|"118 Jeffery Isle"|"001-350-778-4285"|"Stage manager"|"Cox-Lee"|"1918-03-06"
"f64cd29b-a9e4-48ca-979e-0079d7e38184"|"Willie"|"Harrison"|"M"|"575 Monica Burgs Suite 695"|"480-299-5050"|"Investment banker, corporate"|"Owen, Harris and Avila"|"1946-08-25"
"75638e96-4e30-42d4-b4eb-8934112342dc"|"Jennifer"|"Riley"|"F"|"715 Evans Ports Suite 383"|"001-412-770-1875x074"|"Theatre manager"|"Miles-Clark"|"1959-02-04"
"2df8ba6a-f673-4606-9465-fdc540cc8319"|"Kristin"|"Phillips"|"F"|"282 Jeffrey Run"|"314-646-3194x878"|"Chartered public finance accountant"|"Bailey, Clark and Duran"|"1946-06-17"
"5fe7a0cc-7aa2-48fb-a855-794c547d4747"|"Matthew"|"Tran"|"M"|"260 Ross Camp Apt. 134"|"001-767-419-4944"|"Senior tax professional/tax inspector"|"Gibbs Group"|"1963-02-25"
"eb565702-8b45-4b79-ad6e-bd10dbeb6921"|"Laura"|"Aguilar"|"F"|"68 Padilla Estate Suite 556"|"+1-735-711-3447"|"Arts development officer"|"Wheeler, Velez and Campbell"|"1995-07-26"
"8630d9cf-a05b-48d1-b89d-a800ae0510b7"|"Amanda"|"Spence"|"F"|"675 David Passage Suite 979"|"952.919.0010x00586"|"Administrator, local government"|"Davis PLC"|"1937-09-27"
"92fee8ff-0836-4ddb-a344-639866e69ff0"|"Daniel"|"Roberts"|"M"|"108 Bruce View Suite 976"|"(408)884-2739"|"Midwife"|"Valencia, Vaughan and Blair"|"1985-04-29"
"12fd23fd-7b1b-4d96-813e-0f1b1e7faec0"|"Ariel"|"Smith"|"F"|"311 Robinson Highway"|"267-814-8149"|"Adult nurse"|"Smith, Olsen and Beasley"|"1917-07-08"
"2c66ddbc-6691-40fe-b40d-c3a07bdc50b8"|"Angela"|"White"|"F"|"359 Bruce View Suite 976"|"+1-205-468-1333x696"|"Fish farm manager"|"Smith, Garza and Dawson"|"1982-08-15"
"3b7f3e1c-23e2-491b-93db-28060336b99a"|"John"|"Ramirez"|"M"|"261 Jeffery Spur Suite 411"|"216-494-2083x115"|"Software engineer"|"Snyder, Smith and Campos"|"1990-10-04"
"9c0e9e48-d7d1-4aed-9a7d-051341a7cc77"|"Sandra"|"Daniels"|"F"|"77 Elizabeth Creek Apt. 423"|"2979900726"|"Programmer, applications"|"Gilmore, Alvarez and Klein"|"1967-01-16"
"40ca761f-85c9-402f-be28-ab12d1ceb852"|"Jennifer"|"White"|"F"|"384 Andrew Street Apt. 107"|"001-688-904-9404x865"|"Merchant navy officer"|"Lee, Garcia and Owens"|"1982-06-13"
"0479d790-76be-4317-a96f-48b6e442d4f0"|"Dennis"|"Franklin"|"M"|"522 Jacobs Ports Suite 715"|"330.373.9875"|"Surveyor, insurance"|"Collier Inc"|"1985-12-09"
"9cb23748-3f6d-4d6d-829e-694d6eb79fb0"|"James"|"Welch"|"M"|"776 Bailey Trail"|"001-291-700-0544x4695"|"Chartered public finance accountant"|"Wilkins-Carter"|"1909-09-15"
"1968ac58-4ba5-48cd-9c40-b78fe628241a"|"Donald"|"Ray"|"M"|"935 Amanda Curve"|"(349)447-4382x18777"|"Barrister"|"Martin LLC"|"1931-03-20"
"189daa85-c4b8-4f04-8897-b24e82a24c57"|"Michelle"|"Roy"|"F"|"435 Robinson Highway"|"(667)291-2491x036"|"Education officer, environmental"|"Henson, Horn and Gonzalez"|"1963-09-18"
"907baa50-1ed4-4fc5-9e12-03e22e3d1ef4"|"Sandra"|"Gallagher"|"F"|"292 Smith Ranch Suite 211"|"(769)376-6066x6408"|"Equities trader"|"Rodriguez, Riley and Coffey"|"1947-03-24"
"fdf06528-e7ba-4a9a-85cb-3ccc63fe835a"|"Daniel"|"Booth"|"M"|"859 Anderson Port"|"+1-225-951-2852x26665"|"Engineering geologist"|"Bailey Group"|"1965-06-05"
"fcffac6d-82ec-4f4c-b5b3-21615319cf5d"|"Jacob"|"Mitchell"|"M"|"500 Randolph Way Suite 427"|"229-507-1493"|"Travel agency manager"|"Washington-Mcdaniel"|"2010-04-29"
"6a140c82-92cd-4caf-916d-1839f4493ff4"|"Christopher"|"Wilson"|"M"|"120 Jordan Vista Apt. 756"|"246-414-3598"|"Telecommunications researcher"|"Garza, Tanner and Dougherty"|"2001-03-13"
"f7a4d85a-88d8-4058-8a7a-ee12d28e8c13"|"Joshua"|"Williams"|"M"|"72 Montoya Walk Apt. 578"|"+1-503-577-8643x62326"|"Seismic interpreter"|"Lawrence Inc"|"1929-10-08"
"354b83f7-b844-44d5-9326-44e28d08af5f"|"David"|"Harding"|"M"|"416 Arnold Cliffs"|"001-941-460-2064"|"Manufacturing engineer"|"Fisher LLC"|"2005-07-24"
"36091c67-f5fc-4ab8-8f2f-2f0be09b47e0"|"Juan"|"Bond"|"M"|"425 Porter Overpass"|"+1-390-463-7929x15016"|"Clinical cytogeneticist"|"Carson PLC"|"1991-03-06"
"bac458d8-2963-4595-867a-3ad6dc5a8507"|"Bobby"|"Anderson"|"M"|"377 Yates Harbor Suite 905"|"7089854718"|"Government social research officer"|"Jackson, Clark and Johnson"|"1963-02-15"
"48fe3dfc-d124-4452-a7d3-ca4f4252204b"|"Maria"|"Harris"|"F"|"760 Mills Springs"|"828-915-3780x7148"|"Psychologist, counselling"|"Jones and Sons"|"1937-10-24"
"15e697e6-8d7e-42f4-a5a4-270f81ac4bf4"|"Kevin"|"King"|"M"|"645 Christopher Tunnel"|"(489)494-8209x2963"|"Editor, film/video"|"Leach Inc"|"1956-12-18"
"c7e96853-a06b-424f-8303-2e510ccca4fa"|"Bethany"|"Rice"|"F"|"952 Moore Crossroad Apt. 549"|"+1-901-876-8842x1504"|"Teacher, adult education"|"Perez Ltd"|"1991-06-15"
"2376fc5d-64a8-4374-8fab-6dee30b2f937"|"Cole"|"Smith"|"M"|"742 Thomas Wall Suite 035"|"(275)739-7442x5847"|"Management consultant"|"Reynolds Inc"|"2010-05-26"
"320c30b4-f77b-4870-8df1-0f96ab8a580d"|"Michelle"|"Peterson"|"F"|"474 Troy Centers"|"+1-965-425-3015x332"|"Nutritional therapist"|"Browning Group"|"1941-12-26"
"401a7e37-9ebe-4d6d-bbd2-52f156c405ae"|"Marvin"|"Welch"|"M"|"975 Michelle Isle Apt. 431"|"(416)777-0605x678"|"Human resources officer"|"Conley LLC"|"2018-04-18"
"70d9563d-4052-4e91-b870-4dd3124d2f59"|"Cheryl"|"Davis"|"F"|"797 King Land"|"925-860-1066x2809"|"Site engineer"|"Jones LLC"|"1967-11-01"
"8def108f-97f5-4157-9686-4774b842c5eb"|"Cheryl"|"Pena"|"F"|"983 Colleen Mount"|"(264)563-6148x0290"|"Fine artist"|"Bauer Group"|"1917-06-19"